scenario_id,tier,seed,controller,time_s,alpha_rad,q_radps,theta_rad,measured_alpha_rad,measured_q_radps,measured_theta_rad,alpha_ref_rad,q_ref_radps,theta_ref_rad,alpha_min_rad,alpha_max_rad,q_min_radps,q_max_radps,alpha_error_rad,q_error_rad,theta_error_rad,solver_status,solve_time_s,solver_failure,objective_value,max_predicted_alpha_violation_rad,max_predicted_q_violation_radps,predicted_alpha_constraint_active,predicted_q_constraint_active,control_dt_s,horizon_steps,planning_alpha_buffer_rad,pitching_moment_nm,cm,flap_effectiveness,delta_flap_raw_rad,delta_flap_delayed_rad,delta_flap_lagged_rad,delta_flap_rad,delta_flap_rate_radps,flap_saturated,flap_rate_saturated,altitude_m,velocity_mps,mach,density_kgm3,dynamic_pressure_pa,density_scale,cm_alpha_scale,cm_delta_scale,cm_q_scale,actuator_lag_s,actuator_delay_s,sensor_noise_alpha_rad,sensor_noise_q_radps,sensor_noise_theta_rad,initial_alpha_error_rad,initial_q_error_radps,initial_theta_error_rad,external_disturbance_moment_nm,corridor_violation
11,stress,10066,nominal_nmpc_2s,0.0,0.11517306187467644,0.03162843780441337,0.08753836929985465,0.11394731535911634,0.03499968809754799,0.08830288759318138,0.12,-1.5202636718752993e-05,0.08,0.04999999999999999,0.19,-0.08,0.08,-0.00482693812532356,0.031643640441132125,0.007538369299854644,Solve_Succeeded,0.03277900000102818,False,73.95146475463949,0.0,0.0,False,False,2.0,10,0.0,-3341.9228755678887,-0.024930681528730007,0.4015798869488264,0.3499999880317826,0.0,0.0,0.0,0.0,False,False,82000.0,6200.0,21.012104371718653,4.273296713995522e-06,82.13276284299393,0.8553067223387508,0.9882873711081437,1.2051754055603177,1.2398431906970213,0.2359434754068803,1.5,0.005618080174128979,0.0024591399973336293,0.0066085331808780545,-0.0048269381253235565,0.031643640441132125,0.007538369299854642,-3289.503656277946,False
11,stress,10066,nominal_nmpc_2s,0.5,0.11813530967125764,0.03156157570593375,0.10333587461082944,0.11451431030327577,0.030635119703292794,0.10014150003323365,0.12002304098079561,-3.0341796874999716e-05,0.07999239868164063,0.0500230409807956,0.19002304098079562,-0.08,0.08,-0.0018877313095379683,0.03159191750280875,0.02334347592918881,held,0.0,False,73.95146475463949,0.0,0.0,False,False,2.0,10,0.0,-3344.2442468378495,-0.026032147700505607,0.40159248685423254,0.3499999880317826,0.0,0.0,0.0,0.0,False,False,81998.8598022461,6199.7501458924335,21.01125760388222,4.274065112841966e-06,82.14091066733968,0.8553067223387508,0.9882873711081437,1.2051754055603177,1.2398431906970213,0.2359434754068803,1.5,0.005618080174128979,0.0024591399973336293,0.0066085331808780545,-0.0048269381253235565,0.031643640441132125,0.007538369299854642,-3289.503656277946,False
11,stress,10066,nominal_nmpc_2s,1.0,0.12075732409769023,0.03149466988890564,0.11909993772100477,0.11905825801127516,0.029257789364524736,0.11329134929072414,0.12009173525377229,-6.052490234374763e-05,0.079969658203125,0.05009173525377228,0.1900917352537723,-0.08,0.08,0.0006655888439179442,0.03155519479124939,0.03913027951787977,held,0.0,False,73.95146475463949,0.0,0.0,False,False,2.0,10,0.0,-3346.310923993665,-0.027006031419052504,0.40162486243193063,0.3499999880317826,0.0,0.0,0.0,0.0,False,False,81995.44873046875,6199.108143368448,21.00908182581111,4.276364717767983e-06,82.16808536998715,0.8553067223387508,0.9882873711081437,1.2051754055603177,1.2398431906970213,0.2359434754068803,1.5,0.005618080174128979,0.0024591399973336293,0.0066085331808780545,-0.0048269381253235565,0.031643640441132125,0.007538369299854642,-3289.503656277946,False
11,stress,10066,nominal_nmpc_2s,1.5,0.1230745262938562,0.03142772516153483,0.13483053799656092,0.1181091145228412,0.03244779012358014,0.1395736702856523,0.12020543981481481,-9.05175781250045e-05,0.07993187377929688,0.0502054398148148,0.1902054398148148,-0.08,0.08,0.0028690864790413967,0.031518242739659835,0.05489866421726404,held,0.0,False,73.95146475463949,0.0,0.0,False,False,2.0,10,0.0,-3373.8282765343038,-0.04006461008917886,0.4016744554206741,0.3499999880317826,0.3499999880317826,0.30795326334803996,0.09,0.18,False,True,81989.78106689453,6198.124722339112,21.005748963664374,4.280188360603651e-06,82.21546325877365,0.8553067223387508,0.9882873711081437,1.2051754055603177,1.2398431906970213,0.2359434754068803,1.5,0.005618080174128979,0.0024591399973336293,0.0066085331808780545,-0.0048269381253235565,0.031643640441132125,0.007538369299854642,-3289.503656277946,False
11,stress,10066,nominal_nmpc_2s,2.0,0.12511852606849305,0.031360232255722396,0.1505275286861324,0.142020889883472,0.03402915814347702,0.15515489790322748,0.12036351165980795,-0.00012031982421875642,0.079879140625,0.050363511659807944,0.19036351165980797,-0.08,0.08,0.0047550144086851015,0.03148055207994115,0.0706483880611324,Solve_Succeeded,0.02839316602330655,False,78.14091156844395,0.0,0.0,False,False,2.0,10,0.0,-3401.1978780070517,-0.05302463492184173,0.4017399997587981,0.34999996541937867,0.3499999880317826,0.3449487676972553,0.18,0.18,False,True,81981.87109375,6196.824988604601,21.00134410223131,4.285530475235061e-06,82.28355636440169,0.8553067223387508,0.9882873711081437,1.2051754055603177,1.2398431906970213,0.2359434754068803,1.5,0.005618080174128979,0.0024591399973336293,0.0066085331808780545,-0.0048269381253235565,0.031643640441132125,0.007538369299854642,-3289.503656277946,False
11,stress,10066,nominal_nmpc_2s,2.5,0.1269175228757008,0.03129219390040292,0.16619063640125312,0.13370532808362934,0.03278776517730913,0.17202239543082892,0.12056530778463648,-0.00014993164062498954,0.07981155395507812,0.05056530778463647,0.19056530778463648,-0.08,0.08,0.006352215091064317,0.03144212554102791,0.086379082446175,held,0.0,False,78.14091156844395,0.0,0.0,False,False,2.0,10,0.0,-3428.46544067216,-0.06589799670007007,0.4018206300465545,0.34999996541937867,0.3499999880317826,0.3493931672375387,0.27,0.18000000000000005,False,True,81971.73309326172,6195.226102903411,20.995925400097143,4.292387070555759e-06,82.37268164015691,0.8553067223387508,0.9882873711081437,1.2051754055603177,1.2398431906970213,0.2359434754068803,1.5,0.005618080174128979,0.0024591399973336293,0.0066085331808780545,-0.0048269381253235565,0.031643640441132125,0.007538369299854642,-3289.503656277946,False
11,stress,10066,nominal_nmpc_2s,3.0,0.12849677982842395,0.031223611934526257,0.1818195888934405,0.12207102016712201,0.02937076042481998,0.1791881383550427,0.12081018518518519,-0.00017935302734374547,0.07972920898437501,0.05081018518518518,0.1908101851851852,-0.08,0.08,0.007686594643238759,0.031402964961870006,0.10209037990906548,held,0.0,False,78.14091156844395,0.0,0.0,False,False,2.0,10,0.0,-3452.7895327911388,-0.077329261776701,0.40191568368588926,0.34999996541937867,0.3499999880317826,0.3499270885239528,0.3499270885239528,0.1598541770479056,False,False,81959.38134765625,6193.341204448907,20.98953738670099,4.300755706284053e-06,82.48306533321075,0.8553067223387508,0.9882873711081437,1.2051754055603177,1.2398431906970213,0.2359434754068803,1.5,0.005618080174128979,0.0024591399973336293,0.0066085331808780545,-0.0048269381253235565,0.031643640441132125,0.007538369299854642,-3289.503656277946,False
11,stress,10066,nominal_nmpc_2s,3.5,0.1298789430637212,0.03115454504726084,0.1974141290444762,0.12571686121369785,0.030761423770813284,0.19174134791386224,0.12109750085733882,-0.00020858398437501036,0.07963220092773438,0.051097500857338815,0.19109750085733884,-0.08,0.08,0.00878144220638237,0.03136312903163585,0.11778192811674182,held,0.0,False,78.14091156844395,0.0,0.0,False,False,2.0,10,0.0,-3454.171025664213,-0.07785908184765998,0.40202462079258067,0.34999996541937867,0.34999996541937867,0.3499912104626285,0.3499912104626285,0.00012824387735133058,False,False,81944.83013916016,6191.180999058791,20.98221634458463,4.3106354715457004e-06,82.61488530312515,0.8553067223387508,0.9882873711081437,1.2051754055603177,1.2398431906970213,0.2359434754068803,1.5,0.005618080174128979,0.0024591399973336293,0.0066085331808780545,-0.0048269381253235565,0.031643640441132125,0.007538369299854642,-3289.503656277946,False
11,stress,10066,nominal_nmpc_2s,4.0,0.13108442398838918,0.031085451928939054,0.21297412907951424,0.13403061408070202,0.03179197315529047,0.2096184816079145,0.12142661179698216,-0.00023762451171874255,0.079520625,0.05142661179698216,0.19142661179698217,-0.08,0.08,0.009657812191407017,0.03132307644065779,0.13345350407951423,Solve_Succeeded,0.028620875033084303,False,62.33615558412219,0.0,0.0,False,False,2.0,10,0.0,-3455.445593311242,-0.07831630595876178,0.40214698367832524,0.31023983244654174,0.34999996541937867,0.34999891365575386,0.34999891365575386,1.5406386250749193e-05,False,False,81928.09375,6188.754562618874,20.973993032370615,4.322026966129036e-06,82.76829245210243,0.8553067223387508,0.9882873711081437,1.2051754055603177,1.2398431906970213,0.2359434754068803,1.5,0.005618080174128979,0.0024591399973336293,0.0066085331808780545,-0.0048269381253235565,0.031643640441132125,0.007538369299854642,-3289.503656277946,False
11,stress,10066,nominal_nmpc_2s,4.5,0.13213161491672035,0.031016334572631633,0.2284995763932078,0.1313271938418509,0.032079396733797026,0.22933293780299224,0.121796875,-0.00026647460937499756,0.07939457641601563,0.05179687499999999,0.191796875,-0.08,0.08,0.010334739916720348,0.03128280918200663,0.14910499997719218,held,0.0,False,62.33615558412219,0.0,0.0,False,False,2.0,10,0.0,-3456.6421863296555,-0.0787144849888316,0.40228237351219553,0.31023983244654174,0.34999996541937867,0.3499998390673299,0.3499998390673299,1.8508231520719676e-06,False,False,81909.18646240234,6186.0698038826085,20.964894253212666,4.334932284327449e-06,82.94342306973411,0.8553067223387508,0.9882873711081437,1.2051754055603177,1.2398431906970213,0.2359434754068803,1.5,0.005618080174128979,0.0024591399973336293,0.0066085331808780545,-0.0048269381253235565,0.031643640441132125,0.007538369299854642,-3289.503656277946,False
11,stress,10066,nominal_nmpc_2s,5.0,0.13303699312073866,0.030947194407954383,0.24399045923460716,0.12583407549666775,0.035390338467064734,0.25248092187588433,0.1222076474622771,-0.0002951342773437615,0.079254150390625,0.05220764746227709,0.1922076474622771,-0.08,0.08,0.010829345658461567,0.031242328685298144,0.16473630884398216,held,0.0,False,62.33615558412219,0.0,0.0,False,False,2.0,10,0.0,-3457.775666943169,-0.07906053971721384,0.4024304356602051,0.31023983244654174,0.34999996541937867,0.3499999502402644,0.3499999502402644,2.2234586904978926e-07,False,False,81888.12255859375,6183.133755185188,20.95494384003998,4.349355001290422e-06,83.14040658109886,0.8553067223387508,0.9882873711081437,1.2051754055603177,1.2398431906970213,0.2359434754068803,1.5,0.005618080174128979,0.0024591399973336293,0.0066085331808780545,-0.0048269381253235565,0.031643640441132125,0.007538369299854642,-3289.503656277946,False
11,stress,10066,nominal_nmpc_2s,5.5,0.13381532011285194,0.030878032581157094,0.25944676649559195,0.12774586039400881,0.027090218759115756,0.2613419705619605,0.12265828617969822,-0.0003236035156249928,0.07909944213867187,0.05265828617969821,0.1926582861796982,-0.08,0.08,0.011157033933153718,0.031201636096782087,0.18034732435692008,held,0.0,False,62.33615558412219,0.0,0.0,False,False,2.0,10,0.0,-3448.7158060815846,-0.0746073842448517,0.40259084988176863,0.31023983244654174,0.31023983244654174,0.31501635468491973,0.31501635468491973,-0.06996719111068939,False,False,81864.91632080078,6179.952766846162,20.944163314397265,4.365300161811383e-06,83.35937071984648,0.8553067223387508,0.9882873711081437,1.2051754055603177,1.2398431906970213,0.2359434754068803,1.5,0.005618080174128979,0.0024591399973336293,0.0066085331808780545,-0.0048269381253235565,0.031643640441132125,0.007538369299854642,-3289.503656277946,False
11,stress,10066,nominal_nmpc_2s,6.0,0.13447986915143306,0.030809052855181575,0.2748685382943579,0.13801350958127237,0.032999420383552656,0.29170388108678413,0.12314814814814815,-0.0003518823242187469,0.07893054687500001,0.05314814814814814,0.19314814814814815,-0.08,0.08,0.011331721003284917,0.03116093517940032,0.19593799141935792,Solve_Succeeded,0.029807250015437603,False,77.32965801985135,0.0,0.0,False,False,2.0,10,0.0,-3448.501364305017,-0.07429204424432075,0.4027633234553852,0.3173599989389975,0.31023983244654174,0.3108136527961716,0.3108136527961716,-0.008405403777496212,False,False,81839.58203125,6176.532643486048,20.932572348428415,4.38277427148668e-06,83.60044514836785,0.8553067223387508,0.9882873711081437,1.2051754055603177,1.2398431906970213,0.2359434754068803,1.5,0.005618080174128979,0.0024591399973336293,0.0066085331808780545,-0.0048269381253235565,0.031643640441132125,0.007538369299854642,-3289.503656277946,False
11,stress,10066,nominal_nmpc_2s,6.5,0.13504253555636872,0.030740078228577935,0.2902558214385681,0.140209194181703,0.033626806792961504,0.2962277792084623,0.12367659036351165,-0.0003799707031250099,0.07874755981445312,0.05367659036351165,0.19367659036351165,-0.08,0.08,0.011365945192857066,0.031120048931702945,0.21150826162411496,held,0.0,False,77.32965801985135,0.0,0.0,False,False,2.0,10,0.0,-3449.323370506371,-0.07444165731125532,0.40294758617496185,0.3173599989389975,0.31023983244654174,0.31030876749535274,0.31030876749535274,-0.0010097706016377606,False,False,81812.13397216797,6172.878743248417,20.920189101145034,4.401785290185866e-06,83.86376408769084,0.8553067223387508,0.9882873711081437,1.2051754055603177,1.2398431906970213,0.2359434754068803,1.5,0.005618080174128979,0.0024591399973336293,0.0066085331808780545,-0.0048269381253235565,0.031643640441132125,0.007538369299854642,-3289.503656277946,False
11,stress,10066,nominal_nmpc_2s,7.0,0.13551392941035947,0.030671087889687646,0.30560861328176675,0.14505144452141633,0.03022802425430073,0.30910846235174577,0.12424296982167352,-0.00040786865234375413,0.078550576171875,0.05424296982167351,0.19424296982167352,-0.08,0.08,0.011270959588685958,0.0310789565420314,0.22705803710989175,held,0.0,False,77.32965801985135,0.0,0.0,False,False,2.0,10,0.0,-3450.248218972517,-0.07461823120236007,0.4031433865961587,0.3173599989389975,0.31023983244654174,0.310248113855449,0.310248113855449,-0.00012130727980752543,False,False,81782.58642578125,6168.996052234287,20.907030470688255,4.422342627779328e-06,84.14946828782605,0.8553067223387508,0.9882873711081437,1.2051754055603177,1.2398431906970213,0.2359434754068803,1.5,0.005618080174128979,0.0024591399973336293,0.0066085331808780545,-0.0048269381253235565,0.031643640441132125,0.007538369299854642,-3289.503656277946,False
11,stress,10066,nominal_nmpc_2s,7.5,0.13590355023816986,0.03060207970782117,0.3209269054411868,0.14095620096100928,0.026655450670028752,0.30980025753979057,0.12484664351851851,-0.0004355761718749934,0.07833969116210937,0.054846643518518506,0.19484664351851852,-0.08,0.08,0.011056906719651344,0.031037655879696164,0.24258721427907742,held,0.0,False,77.32965801985135,0.0,0.0,False,False,2.0,10,0.0,-3453.013531192187,-0.07562488670653283,0.40335048914940924,0.3173599989389975,0.3173599989389975,0.316505623269524,0.316505623269524,0.012515018828149982,False,False,81750.9536743164,6164.88924175046,20.893112288346153,4.444457142074316e-06,84.45770654339105,0.8553067223387508,0.9882873711081437,1.2051754055603177,1.2398431906970213,0.2359434754068803,1.5,0.005618080174128979,0.0024591399973336293,0.0066085331808780545,-0.0048269381253235565,0.031643640441132125,0.007538369299854642,-3289.503656277946,False
11,stress,10066,nominal_nmpc_2s,8.0,0.13621989865375062,0.030533016807766208,0.336210679781936,0.12907968205813594,0.028595211040341902,0.33976016178001295,0.1254869684499314,-0.00046309326171874166,0.078115,0.055486968449931395,0.1954869684499314,-0.08,0.08,0.010732930203819213,0.03099611006948495,0.258095679781936,Solve_Succeeded,0.03062579099787399,False,99.50049142463827,0.0,0.0,False,False,2.0,10,0.0,-3454.1557531471535,-0.07585594921795193,0.4035686718725181,-0.043494367128681474,0.3173599989389975,0.3172573597967711,0.3172573597967711,0.0015034730544942754,False,False,81717.25,6160.562713271744,20.878449470932924,4.468141138915901e-06,84.788636886918,0.8553067223387508,0.9882873711081437,1.2051754055603177,1.2398431906970213,0.2359434754068803,1.5,0.005618080174128979,0.0024591399973336293,0.0066085331808780545,-0.0048269381253235565,0.031643640441132125,0.007538369299854642,-3289.503656277946,False
11,stress,10066,nominal_nmpc_2s,8.5,0.13647058904007456,0.03046393159244371,0.3514599170504751,0.13799086721658446,0.03342108387352341,0.34703065928961946,0.12616330161179698,-0.0004904199218749988,0.07787659790039063,0.05616330161179697,0.196163301611797,-0.08,0.08,0.010307287428277578,0.030954351514318707,0.27358331915008444,held,0.0,False,99.50049142463827,0.0,0.0,False,False,2.0,10,0.0,-3455.0982141464365,-0.07597313822243369,0.4037977245977856,-0.043494367128681474,0.3173599989389975,0.317347668539276,0.317347668539276,0.0001806174850097486,False,False,81681.4896850586,6156.020634389981,20.86305614262193,4.493408374414039e-06,85.14242754852872,0.8553067223387508,0.9882873711081437,1.2051754055603177,1.2398431906970213,0.2359434754068803,1.5,0.005618080174128979,0.0024591399973336293,0.0066085331808780545,-0.0048269381253235565,0.031643640441132125,0.007538369299854642,-3289.503656277946,False
11,stress,10066,nominal_nmpc_2s,9.0,0.1366624511026133,0.030394828004356125,0.3666746070791139,0.13320939396753026,0.029310516390623223,0.35872174691895675,0.126875,-0.0005175561523437511,0.077624580078125,0.05687499999999998,0.196875,-0.08,0.08,0.00978745110261331,0.030912384156699876,0.2890500270009889,held,0.0,False,99.50049142463827,0.0,0.0,False,False,2.0,10,0.0,-3456.0173127291982,-0.0760581870887975,0.4040374474800409,-0.043494367128681474,0.3173599989389975,0.31735851764488304,0.31735851764488304,2.1698211214116192e-05,False,False,81643.68701171875,6151.266968002932,20.84694573386822,4.52027405926263e-06,85.51925774319534,0.8553067223387508,0.9882873711081437,1.2051754055603177,1.2398431906970213,0.2359434754068803,1.5,0.005618080174128979,0.0024591399973336293,0.0066085331808780545,-0.0048269381253235565,0.031643640441132125,0.007538369299854642,-3289.503656277946,False
11,stress,10066,nominal_nmpc_2s,9.5,0.1368016041426303,0.030325706463619106,0.3818547407903593,0.13106112988685756,0.027902040803544664,0.3803920752835347,0.12762142061042525,-0.0005445019531249984,0.07735904174804688,0.057621420610425245,0.19762142061042526,-0.08,0.08,0.009180183532205038,0.030870208416744104,0.30449569904231244,held,0.0,False,99.50049142463827,0.0,0.0,False,False,2.0,10,0.0,-3429.93145712118,-0.06384432601568138,0.40428764978530923,-0.043494367128681474,-0.043494367128681474,-0.00014384593943334023,0.22735851764488305,-0.18,False,True,81603.85626220703,6146.305496334782,20.830131062815237,4.548754865121015e-06,85.91931832895368,0.8553067223387508,0.9882873711081437,1.2051754055603177,1.2398431906970213,0.2359434754068803,1.5,0.005618080174128979,0.0024591399973336293,0.0066085331808780545,-0.0048269381253235565,0.031643640441132125,0.007538369299854642,-3289.503656277946,False
11,stress,10066,nominal_nmpc_2s,10.0,0.1368936603368905,0.03025710702643967,0.39700044422547814,0.13350744253805294,0.033022640518296564,0.39575149977963286,0.12840192043895748,-0.0005712573242187546,0.077080078125,0.05840192043895748,0.1984019204389575,-0.08,0.08,0.008491739897933004,0.030828364350658426,0.31992036610047814,Solve_Succeeded,0.029506334045436233,False,96.77617038397469,0.0,0.0,False,False,2.0,10,0.0,-3403.5539377768137,-0.051597683685451826,0.40454814888211915,-0.06462214959086338,-0.043494367128681474,-0.03828651715248219,0.13735851764488305,-0.18,False,True,81562.01171875,6141.139840938384,20.81262440308339,4.578868933032497e-06,86.34281236747952,0.8553067223387508,0.9882873711081437,1.2051754055603177,1.2398431906970213,0.2359434754068803,1.5,0.005618080174128979,0.0024591399973336293,0.0066085331808780545,-0.0048269381253235565,0.031643640441132125,0.007538369299854642,-3289.503656277946,False
11,stress,10066,nominal_nmpc_2s,10.5,0.13694377416859108,0.030189035486391482,0.4121119798878947,0.13264621456891876,0.032177782308769,0.41895001045408514,0.12921585648148148,-0.000597822265625006,0.07678778442382812,0.05921585648148148,0.1992158564814815,-0.08,0.08,0.007727917687109592,0.030786857752016488,0.3353241954640666,held,0.0,False,96.77617038397469,0.0,0.0,False,False,2.0,10,0.0,-3376.864073113061,-0.039319253692754484,0.40481876939269756,-0.06462214959086338,-0.043494367128681474,-0.042868729866877904,0.04735851764488305,-0.18,False,True,81518.16766357422,6135.773479526905,20.794437540813334,4.610635883858731e-06,86.78995561023376,0.8553067223387508,0.9882873711081437,1.2051754055603177,1.2398431906970213,0.2359434754068803,1.5,0.005618080174128979,0.0024591399973336293,0.0066085331808780545,-0.0048269381253235565,0.031643640441132125,0.007538369299854642,-3289.503656277946,False
11,stress,10066,nominal_nmpc_2s,11.0,0.13695656604395312,0.03012149805483453,0.4271896132819264,0.12922935681458678,0.038884973510060254,0.4301576050937332,0.13006258573388202,-0.0006241967773437523,0.076482255859375,0.06006258573388201,0.20006258573388203,-0.08,0.08,0.006893980310071102,0.03074569483217828,0.3507073574225514,held,0.0,False,96.77617038397469,0.0,0.0,False,False,2.0,10,0.0,-3349.840450294526,-0.027009851359191667,0.4050993424719997,-0.06462214959086338,-0.043494367128681474,-0.04341920713268583,-0.042641482355116944,-0.18,False,True,81472.33837890625,6130.2097602705635,20.7755818231183,4.644076830712626e-06,87.26097692761167,0.8553067223387508,0.9882873711081437,1.2051754055603177,1.2398431906970213,0.2359434754068803,1.5,0.005618080174128979,0.0024591399973336293,0.0066085331808780545,-0.0048269381253235565,0.031643640441132125,0.007538369299854642,-3289.503656277946,False
11,stress,10066,nominal_nmpc_2s,11.5,0.13693617812600847,0.03005450137509706,0.4422336131252586,0.1393237445103566,0.030318151041111057,0.4485494618766693,0.1309414651920439,-0.0006503808593749938,0.07616358764648437,0.06094146519204388,0.2009414651920439,-0.08,0.08,0.0059947129339645855,0.030704882234472052,0.3660700254787742,held,0.0,False,96.77617038397469,0.0,0.0,False,False,2.0,10,0.0,-3344.147821353183,-0.024323519886796867,0.40538970519014955,-0.06462214959086338,-0.06462214959086338,-0.06207496583512201,-0.06207496583512201,-0.03886696696001013,False,False,81424.53814697266,6124.451914042717,20.75606819958672,4.679214393376284e-06,87.75611869440415,0.8553067223387508,0.9882873711081437,1.2051754055603177,1.2398431906970213,0.2359434754068803,1.5,0.005618080174128979,0.0024591399973336293,0.0066085331808780545,-0.0048269381253235565,0.031643640441132125,0.007538369299854642,-3289.503656277946,False
11,stress,10066,nominal_nmpc_2s,12.0,0.13688621979133322,0.02998761879939164,0.4572441431341172,0.13883113002744524,0.02895402939508347,0.45960428701243256,0.13185185185185186,-0.0006763745117187442,0.075831875,0.06185185185185185,0.20185185185185187,-0.08,0.08,0.005034367939481366,0.030663993311110384,0.3814122681341172,Solve_Succeeded,0.030201375018805265,False,148.18626693373741,0.0,0.0,False,False,2.0,10,0.0,-3343.684290914584,-0.023975256469601004,0.40568969999943083,-0.3500000012589606,-0.06462214959086338,-0.06431614748298092,-0.06431614748298092,-0.004482363295717828,False,False,81374.78125,6118.5030649893715,20.735907258102767,4.716072714694298e-06,88.27563714186606,0.8553067223387508,0.9882873711081437,1.2051754055603177,1.2398431906970213,0.2359434754068803,1.5,0.005618080174128979,0.0024591399973336293,0.0066085331808780545,-0.0048269381253235565,0.031643640441132125,0.007538369299854642,-3289.503656277946,False
11,stress,10066,nominal_nmpc_2s,12.5,0.13680980007303514,0.029920745722015446,0.47222123421103035,0.1372786129176862,0.0288773613799775,0.47882175732270277,0.13279310270919067,-0.0007021777343750035,0.07548721313476563,0.06279310270919067,0.20279310270919068,-0.08,0.08,0.004016697363844468,0.03062292345639045,0.3967340210762647,held,0.0,False,148.18626693373741,0.0,0.0,False,False,2.0,10,0.0,-3343.8157463514563,-0.023886182522086907,0.4059991742710676,-0.3500000012589606,-0.06462214959086338,-0.06458538848565554,-0.06458538848565554,-0.0005384820053492279,False,False,81323.08197021484,6112.36623971472,20.715109255976643,4.754677478935898e-06,88.81980268444892,0.8553067223387508,0.9882873711081437,1.2051754055603177,1.2398431906970213,0.2359434754068803,1.5,0.005618080174128979,0.0024591399973336293,0.0066085331808780545,-0.0048269381253235565,0.031643640441132125,0.007538369299854642,-3289.503656277946,False
11,stress,10066,nominal_nmpc_2s,13.0,0.1367096769655404,0.02985387022232457,0.4871648881267144,0.13557567766898804,0.03302885043838576,0.4947850959000019,0.13376457475994513,-0.000727790527343744,0.075129697265625,0.06376457475994513,0.20376457475994514,-0.08,0.08,0.002945102205595268,0.030581660749668314,0.41203519086108936,held,0.0,False,148.18626693373741,0.0,0.0,False,False,2.0,10,0.0,-3344.0124331149755,-0.0238200614368822,0.40631797989012214,-0.3500000012589606,-0.06462214959086338,-0.06461773335051309,-0.06461773335051309,-6.468972971510056e-05,False,False,81269.45458984375,6106.044375314271,20.693684147169208,4.7950559321234015e-06,89.38890022758719,0.8553067223387508,0.9882873711081437,1.2051754055603177,1.2398431906970213,0.2359434754068803,1.5,0.005618080174128979,0.0024591399973336293,0.0066085331808780545,-0.0048269381253235565,0.031643640441132125,0.007538369299854642,-3289.503656277946,False
11,stress,10066,nominal_nmpc_2s,13.5,0.13658831808526295,0.029786990977030362,0.5020751033407177,0.1378877056901611,0.033649062624778014,0.5028685310300316,0.134765625,-0.0007532128906250074,0.07475942260742188,0.064765625,0.204765625,-0.08,0.08,0.0018226930852629497,0.03054020386765537,0.42731568073329584,held,0.0,False,148.18626693373741,0.0,0.0,False,False,2.0,10,0.0,-3315.763960478413,-0.01139982571161266,0.4066459728991729,-0.3500000012589606,-0.3500000012589606,-0.3157160296627131,-0.1546177333505131,-0.18000000000000002,False,True,81213.91339111328,6099.540326440656,20.671641606238378,4.837236904327215e-06,89.98322946163964,0.8553067223387508,0.9882873711081437,1.2051754055603177,1.2398431906970213,0.2359434754068803,1.5,0.005618080174128979,0.0024591399973336293,0.0066085331808780545,-0.0048269381253235565,0.031643640441132125,0.007538369299854642,-3289.503656277946,False
11,stress,10066,nominal_nmpc_2s,14.0,0.13644807085000185,0.02972067687184002,0.5169520202031276,0.14071699557747097,0.02937208311624341,0.5107103302345831,0.13579561042524005,-0.0007784448242187519,0.074376484375,0.06579561042524004,0.20579561042524006,-0.08,0.08,0.0006524604247618027,0.03049912169605877,0.4425755358281276,Solve_Succeeded,0.02883274998748675,False,174.34379350885433,0.0,0.0,False,False,2.0,10,0.0,-3287.071657093359,0.001048528833473443,0.4069830131832363,-0.35000000459867514,-0.3500000012589606,-0.3458813476473446,-0.2446177333505131,-0.18,False,True,81156.47265625,6092.856871551574,20.64899104951369,4.881250833931251e-06,90.6031051461113,0.8553067223387508,0.9882873711081437,1.2051754055603177,1.2398431906970213,0.2359434754068803,1.5,0.005618080174128979,0.0024591399973336293,0.0066085331808780545,-0.0048269381253235565,0.031643640441132125,0.007538369299854642,-3289.503656277946,False
11,stress,10066,nominal_nmpc_2s,14.5,0.13629117249920042,0.029654936766241303,0.5317959235002709,0.1350713762832955,0.029805584724074158,0.5338516812735861,0.13685388803155007,-0.0008034863281249915,0.07398097778320313,0.06685388803155007,0.20685388803155008,-0.08,0.08,-0.0005627155323496558,0.030458423094366294,0.4578149457170678,held,0.0,False,174.34379350885433,0.0,0.0,False,False,2.0,10,0.0,-3257.909728782554,0.013524967085863614,0.4073289641897978,-0.35000000459867514,-0.3500000012589606,-0.34950521297211185,-0.3346177333505131,-0.18,False,True,81097.14666748047,6085.996718461531,20.625741653911437,4.927129793875515e-06,91.24885738751085,0.8553067223387508,0.9882873711081437,1.2051754055603177,1.2398431906970213,0.2359434754068803,1.5,0.005618080174128979,0.0024591399973336293,0.0066085331808780545,-0.0048269381253235565,0.031643640441132125,0.007538369299854642,-3289.503656277946,False
11,stress,10066,nominal_nmpc_2s,15.0,0.13611963154806986,0.02958978003735988,0.5466071025774845,0.14076605206737283,0.03139514829097068,0.5550684257348022,0.13793981481481482,-0.000828337402343754,0.073572998046875,0.06793981481481481,0.20793981481481483,-0.08,0.08,-0.0018201832667449624,0.030418117439703633,0.47303410453060946,held,0.0,False,174.34379350885433,0.0,0.0,False,False,2.0,10,0.0,-3252.4270624056326,0.015755998047303973,0.407683692678915,-0.35000000459867514,-0.3500000012589606,-0.349940560608717,-0.349940560608717,-0.030645654516407772,False,False,81035.94970703125,6078.962509297259,20.60190237372883,4.9749075198859e-06,91.9208319136007,0.8553067223387508,0.9882873711081437,1.2051754055603177,1.2398431906970213,0.2359434754068803,1.5,0.005618080174128979,0.0024591399973336293,0.0066085331808780545,-0.0048269381253235565,0.031643640441132125,0.007538369299854642,-3289.503656277946,False
11,stress,10066,nominal_nmpc_2s,15.5,0.13593513529470863,0.02952473308686126,0.561385730724589,0.14048759243514627,0.02723696887646244,0.5545636402956086,0.13905274777091908,-0.0008529980468749976,0.07315264038085938,0.06905274777091908,0.2090527477709191,-0.08,0.08,-0.003117612476210452,0.030377731133736256,0.4882330903437296,held,0.0,False,174.34379350885433,0.0,0.0,False,False,2.0,10,0.0,-3251.8173839419514,0.015894296082282523,0.4080470684992265,-0.35000000459867514,-0.35000000459867514,-0.349992863383917,-0.349992863383917,-0.00010460555040003872,False,False,80972.8960571289,6071.756824939426,20.577481955697145,5.024619440703896e-06,92.61939034631274,0.8553067223387508,0.9882873711081437,1.2051754055603177,1.2398431906970213,0.2359434754068803,1.5,0.005618080174128979,0.0024591399973336293,0.0066085331808780545,-0.0048269381253235565,0.031643640441132125,0.007538369299854642,-3289.503656277946,False
11,stress,10066,nominal_nmpc_2s,16.0,0.1357390617177893,0.029459698444686117,0.5761318384640985,0.13526998023505457,0.032297446777132,0.5752380042405808,0.1401920438957476,-0.0008774682617187501,0.07272,0.0701920438957476,0.2101920438957476,-0.08,0.08,-0.004452982177958309,0.030337166706404867,0.5034118384640985,Solve_Succeeded,0.030101124953944236,False,175.5437952415066,0.0,0.0,False,False,2.0,10,0.0,-3251.1932149625327,0.016031957246136277,0.40841896438639796,-0.3500000046067973,-0.35000000459867514,-0.3499991466995291,-0.3499991466995291,-1.2566631224175673e-05,False,False,80908.0,6064.382189019411,20.552488952527018,5.0763027103322486e-06,93.34491047523115,0.8553067223387508,0.9882873711081437,1.2051754055603177,1.2398431906970213,0.2359434754068803,1.5,0.005618080174128979,0.0024591399973336293,0.0066085331808780545,-0.0048269381253235565,0.031643640441132125,0.007538369299854642,-3289.503656277946,False
11,stress,10066,nominal_nmpc_2s,16.5,0.13553262267386995,0.029394676391728842,0.5908454320211279,0.13443427074794578,0.0274826581186848,0.5935420655360698,0.14135706018518518,-0.0009017480468750116,0.07227517211914063,0.07135706018518517,0.21135706018518519,-0.08,0.08,-0.005824437511315228,0.030296424438603854,0.5185702599019874,held,0.0,False,175.5437952415066,0.0,0.0,False,False,2.0,10,0.0,-3250.5418758480673,0.016174073845028995,0.4087992557810987,-0.3500000046067973,-0.35000000459867514,-0.34999990153624533,-0.34999990153624533,-1.5096734324870908e-06,False,False,80841.2758178711,6056.841071528806,20.526931735141215,5.129996242314988e-06,94.0977865332242,0.8553067223387508,0.9882873711081437,1.2051754055603177,1.2398431906970213,0.2359434754068803,1.5,0.005618080174128979,0.0024591399973336293,0.0066085331808780545,-0.0048269381253235565,0.031643640441132125,0.007538369299854642,-3289.503656277946,False
11,stress,10066,nominal_nmpc_2s,17.0,0.13531690397987833,0.029329667463460708,0.6055265178248027,0.1269749805036014,0.024143920746927616,0.6014759754041374,0.1425471536351166,-0.0009258374023437543,0.071818251953125,0.0725471536351166,0.21254715363511661,-0.08,0.08,-0.0072302496552382745,0.030255504865804462,0.5337082658716777,held,0.0,False,175.5437952415066,0.0,0.0,False,False,2.0,10,0.0,-3249.86205347298,0.016320886824625777,0.4091878206640562,-0.3500000046067973,-0.35000000459867514,-0.3499999922174244,-0.3499999922174244,-1.8136235813148716e-07,False,False,80772.73779296875,6049.1358920902585,20.500818503759668,5.185740746073451e-06,94.8784294755685,0.8553067223387508,0.9882873711081437,1.2051754055603177,1.2398431906970213,0.2359434754068803,1.5,0.005618080174128979,0.0024591399973336293,0.0066085331808780545,-0.0048269381253235565,0.031643640441132125,0.007538369299854642,-3289.503656277946,False
11,stress,10066,nominal_nmpc_2s,17.5,0.13509287860783717,0.02926467222249884,0.6201751025786981,0.13327160855512707,0.028438515549161308,0.6216824843245788,0.1437616812414266,-0.0009497363281249921,0.07134933471679687,0.0737616812414266,0.2137616812414266,-0.08,0.08,-0.008668802633589434,0.030214408550623833,0.5488257678619013,held,0.0,False,175.5437952415066,0.0,0.0,False,False,2.0,10,0.0,-3249.153722195967,0.016472090228406774,0.4095845394061104,-0.3500000046067973,-0.3500000046067973,-0.35000000311841856,-0.35,-1.55651511679622e-08,False,False,80702.40020751953,6041.269022930859,20.47415729797645,5.243578765322356e-06,95.68726726369748,0.8553067223387508,0.9882873711081437,1.2051754055603177,1.2398431906970213,0.2359434754068803,1.5,0.005618080174128979,0.0024591399973336293,0.0066085331808780545,-0.0048269381253235565,0.031643640441132125,0.007538369299854642,-3289.503656277946,False
11,stress,10066,nominal_nmpc_2s,18.0,0.13486141844606686,0.029199691232766722,0.6347911932679595,0.14153884354439117,0.03340993011825812,0.6444433027769817,0.145,-0.0009734448242187527,0.070868515625,0.07499999999999998,0.215,-0.08,0.08,-0.01013858155393313,0.030173136056985475,0.5639226776429596,Solve_Succeeded,0.03409283299697563,False,198.565634060316,0.0,0.0,False,False,2.0,10,0.0,-3248.4169263769545,0.01662734653365614,0.40998929463149714,-0.350000004799674,-0.3500000046067973,-0.35000000442799317,-0.35,0.0,False,False,80630.27734375,6033.242791593229,20.44695600594777,5.303554718592988e-06,96.52474515454574,0.8553067223387508,0.9882873711081437,1.2051754055603177,1.2398431906970213,0.2359434754068803,1.5,0.005618080174128979,0.0024591399973336293,0.0066085331808780545,-0.0048269381253235565,0.031643640441132125,0.007538369299854642,-3289.503656277946,False
11,stress,10066,nominal_nmpc_2s,18.5,0.13462330482891127,0.02913472505801389,0.6493747971595921,0.13841790203159368,0.030519437451144854,0.6564082711737367,0.14626146690672154,-0.0009969628906250083,0.07037588989257812,0.07626146690672153,0.21626146690672154,-0.08,0.08,-0.011638162077810266,0.030131687948638897,0.578998907267014,held,0.0,False,198.565634060316,0.0,0.0,False,False,2.0,10,0.0,-3247.651644338147,0.016786343133476468,0.41040197109284127,-0.350000004799674,-0.3500000046067973,-0.35000000458531694,-0.35,0.0,False,False,80556.38348388672,6025.059483414375,20.419222372792923,5.365714941892784e-06,97.39132599631404,0.8553067223387508,0.9882873711081437,1.2051754055603177,1.2398431906970213,0.2359434754068803,1.5,0.005618080174128979,0.0024591399973336293,0.0066085331808780545,-0.0048269381253235565,0.031643640441132125,0.007538369299854642,-3289.503656277946,False
11,stress,10066,nominal_nmpc_2s,19.0,0.13437923796958345,0.029069774263064868,0.6639259218026922,0.13521744217704146,0.02948467996320043,0.6668591092762923,0.147545438957476,-0.0010202905273437451,0.069871552734375,0.07754543895747598,0.217545438957476,-0.08,0.08,-0.013166200987892535,0.030090064790408613,0.5940543690683172,held,0.0,False,198.565634060316,0.0,0.0,False,False,2.0,10,0.0,-3246.8577753121995,0.01694879700578688,0.41082245555655417,-0.350000004799674,-0.3500000046067973,-0.3500000046042168,-0.35,0.0,False,False,80480.73291015625,6016.721343798232,20.39096400829609,5.430107733533718e-06,98.2874905313752,0.8553067223387508,0.9882873711081437,1.2051754055603177,1.2398431906970213,0.2359434754068803,1.5,0.005618080174128979,0.0024591399973336293,0.0066085331808780545,-0.0048269381253235565,0.031643640441132125,0.007538369299854642,-3289.503656277946,False
11,stress,10066,nominal_nmpc_2s,19.5,0.1341298454110875,0.02900483941533671,0.6784445750293688,0.1281052716904308,0.026451499281162656,0.6804188403397233,0.14885127314814814,-0.001043427734374991,0.06935559936523437,0.07885127314814813,0.21885127314814815,-0.08,0.08,-0.014721427737060644,0.0300482671497117,0.6090889756641344,held,0.0,False,198.565634060316,0.0,0.0,False,False,2.0,10,0.0,-3246.0351426719208,0.017114452614928888,0.41125063669750794,-0.350000004799674,-0.350000004799674,-0.3500000047761931,-0.35,0.0,False,False,80403.33990478516,6008.230580304267,20.362188393984678,5.496783401164069e-06,99.21373770693717,0.8553067223387508,0.9882873711081437,1.2051754055603177,1.2398431906970213,0.2359434754068803,1.5,0.005618080174128979,0.0024591399973336293,0.0066085331808780545,-0.0048269381253235565,0.031643640441132125,0.007538369299854642,-3289.503656277946,False
11,stress,10066,nominal_nmpc_2s,20.0,0.133875689597548,0.028939921086298684,0.6929307649564104,0.13290427383267597,0.028613232068765735,0.692548455201168,0.1501783264746228,-0.0010663745117187456,0.068828125,0.08017832647462278,0.2201783264746228,-0.08,0.08,-0.016302636877074783,0.03000629559801743,0.6241026399564104,Solve_Succeeded,0.03012474998831749,False,2456.722718501614,0.013065220031026281,0.0,False,False,2.0,10,0.0,-3245.183499074369,0.017283079068254777,0.4116864050020053,-0.3500000098932208,-0.350000004799674,-0.35000000479685317,-0.35,0.0,False,False,80324.21875,5999.589364571574,20.332902889650182,5.56579431104096e-06,100.17058499400478,0.8553067223387508,0.9882873711081437,1.2051754055603177,1.2398431906970213,0.2359434754068803,1.5,0.005618080174128979,0.0024591399973336293,0.0066085331808780545,-0.0048269381253235565,0.031643640441132125,0.007538369299854642,-3289.503656277946,False
11,stress,10066,nominal_nmpc_2s,20.5,0.1336172746575338,0.028875019852835093,0.707384499987655,0.13294688066973873,0.02907762396648984,0.7105308644110103,0.15152595593278462,-0.0010891308593749954,0.06828922485351563,0.08152595593278461,0.22152595593278462,-0.08,0.08,-0.017908681275250804,0.029964150712210088,0.6390952751341393,held,0.0,False,2456.722718501614,0.013065220031026281,0.0,False,False,2.0,10,0.0,-3244.302530982094,0.01745446756805975,0.4121296526781913,-0.3500000098932208,-0.350000004799674,-0.35000000479933513,-0.35,0.0,False,False,80243.38372802734,5990.799834095381,20.303114739368862,5.637194939583318e-06,101.15856871510874,0.8553067223387508,0.9882873711081437,1.2051754055603177,1.2398431906970213,0.2359434754068803,1.5,0.005618080174128979,0.0024591399973336293,0.0066085331808780545,-0.0048269381253235565,0.031643640441132125,0.007538369299854642,-3289.503656277946,False
11,stress,10066,nominal_nmpc_2s,21.0,0.13335505248141613,0.028810136298523085,0.7218057888170217,0.129385368438331,0.02834597710978871,0.7245481379685096,0.1528935185185185,-0.0011116967773437542,0.06773899414062501,0.0828935185185185,0.22289351851851852,-0.08,0.08,-0.01953846603710238,0.02992183307586684,0.6540667946763967,held,0.0,False,2456.722718501614,0.013065220031026281,0.0,False,False,2.0,10,0.0,-3243.391862626377,0.017628429128162544,0.41258027357316207,-0.3500000098932208,-0.350000004799674,-0.35000000479963334,-0.35,0.0,False,False,80160.84912109375,5981.864093870782,20.27283107707244,5.71104192724773e-06,102.17824438121949,0.8553067223387508,0.9882873711081437,1.2051754055603177,1.2398431906970213,0.2359434754068803,1.5,0.005618080174128979,0.0024591399973336293,0.0066085331808780545,-0.0048269381253235565,0.031643640441132125,0.007538369299854642,-3289.503656277946,False
11,stress,10066,nominal_nmpc_2s,21.5,0.13308942816626093,0.028745271014836007,0.7361946404321611,0.13849027627010568,0.024770234659168538,0.7343428479182077,0.15428037122770918,-0.001134072265625008,0.06717752807617187,0.08428037122770918,0.2242803712277092,-0.08,0.08,-0.021190943061448253,0.029879343280461015,0.6690171123559893,held,0.0,False,2456.722718501614,0.013065220031026281,0.0,False,False,2.0,10,0.0,-3242.451059470176,0.017804792527627303,0.4130381630961138,-0.3500000098932208,-0.3500000098932208,-0.35000000928131025,-0.35,0.0,False,False,80076.62921142578,5972.78421791668,20.242058931712783,5.787394134771973e-06,103.23018703821127,0.8553067223387508,0.9882873711081437,1.2051754055603177,1.2398431906970213,0.2359434754068803,1.5,0.005618080174128979,0.0024591399973336293,0.0066085331808780545,-0.0048269381253235565,0.031643640441132125,0.007538369299854642,-3289.503656277946,False
11,stress,10066,nominal_nmpc_2s,22.0,0.13282076489410394,0.028680424602281825,0.7505510641186907,0.14036566366964565,0.029411857914433143,0.7485412912806199,0.15568587105624143,-0.001156257324218743,0.066604921875,0.08568587105624142,0.22568587105624144,-0.08,0.08,-0.022865106162137494,0.029836681926500568,0.6839461422436907,Solve_Succeeded,0.030842000036500394,False,3854.6097498126974,0.015929728764268708,0.0,False,False,2.0,10,0.0,-3241.4631794417082,0.017989563122375162,0.4135553796234184,-0.3500000099365467,-0.3500000098932208,-0.3500000098197098,-0.35,0.0,False,False,79990.73828125,5963.562250691366,20.210805232059418,5.866312701833237e-06,104.31499162319668,0.8553067223387508,0.9882873711081437,1.2051754055603177,1.2398431906970213,0.2359434754068803,1.5,0.005618080174128979,0.0024591399973336293,0.0066085331808780545,-0.0048269381253235565,0.031643640441132125,0.007538369299854642,-3289.503656277946,False
11,stress,10066,nominal_nmpc_2s,22.5,0.1325493883819272,0.02861559800052017,0.7648750695472444,0.1255849843842885,0.030426464725193232,0.7777817729493085,0.157109375,-0.0011782519531250008,0.06602127075195313,0.08710937499999999,0.227109375,-0.08,0.08,-0.024559986618072793,0.02979384995364517,0.6988537987952912,held,0.0,False,3854.6097498126974,0.015929728764268708,0.0,False,False,2.0,10,0.0,-3240.303028087302,0.018228586460205188,0.41452118455903586,-0.3500000099365467,-0.3500000098932208,-0.3500000098843896,-0.35,0.0,False,False,79903.19061279297,5954.200208409866,20.179076811164045,5.947861108171019e-06,105.4332733310248,0.8553067223387508,0.9882873711081437,1.2051754055603177,1.2398431906970213,0.2359434754068803,1.5,0.005618080174128979,0.0024591399973336293,0.0066085331808780545,-0.0048269381253235565,0.031643640441132125,0.007538369299854642,-3289.503656277946,False
11,stress,10066,nominal_nmpc_2s,23.0,0.1322755914667715,0.028550794653375223,0.779166667484305,0.12386049059945534,0.029302875980542053,0.7740367707032355,0.15855024005486967,-0.0012000561523437536,0.065426669921875,0.08855024005486967,0.22855024005486968,-0.08,0.08,-0.026274648588098165,0.029750850805718976,0.71373999756243,held,0.0,False,3854.6097498126974,0.015929728764268708,0.0,False,False,2.0,10,0.0,-3239.1043127389207,0.018470816894029293,0.41550436793117296,-0.3500000099365467,-0.3500000098932208,-0.35000000989215985,-0.35,0.0,False,False,79814.00048828125,5944.700080271976,20.146880410522424,6.0321052372265395e-06,106.58566799119568,0.8553067223387508,0.9882873711081437,1.2051754055603177,1.2398431906970213,0.2359434754068803,1.5,0.005618080174128979,0.0024591399973336293,0.0066085331808780545,-0.0048269381253235565,0.031643640441132125,0.007538369299854642,-3289.503656277946,False
11,stress,10066,nominal_nmpc_2s,23.5,0.13199963746801888,0.028486015330770723,0.7934258697497716,0.13364337402029816,0.024266426079867107,0.7827056978815352,0.16000782321673526,-0.0012216699218750016,0.06482121459960938,0.09000782321673526,0.23000782321673527,-0.08,0.08,-0.028008185748716385,0.029707685252645725,0.7286046551501622,held,0.0,False,3854.6097498126974,0.015929728764268708,0.0,False,False,2.0,10,0.0,-3237.8661312930003,0.01871613442616661,0.4165048071705042,-0.3500000099365467,-0.3500000099365467,-0.35000000993121433,-0.35,0.0,False,False,79723.1821899414,5935.063829608949,20.11422268396056,6.119113442353364e-06,107.77283245542368,0.8553067223387508,0.9882873711081437,1.2051754055603177,1.2398431906970213,0.2359434754068803,1.5,0.005618080174128979,0.0024591399973336293,0.0066085331808780545,-0.0048269381253235565,0.031643640441132125,0.007538369299854642,-3289.503656277946,False
11,stress,10066,nominal_nmpc_2s,24.0,0.1317217626451263,0.0284212608209037,0.8076526885530547,0.13691217304138664,0.03233341607808606,0.7980960417915623,0.16148148148148148,-0.0012430932617187584,0.064205,0.09148148148148147,0.23148148148148148,-0.08,0.08,-0.02975971883635517,0.029664354082622458,0.7434476885530548,Solve_Succeeded,0.03198504098691046,False,1310.537634321221,0.009293420093284627,0.0,False,False,2.0,10,0.0,-3236.587523858299,0.018964429410030216,0.41752238101690514,-0.35000000992103963,-0.3500000099365467,-0.3500000099359061,-0.35,0.0,False,False,79630.75,5925.293394955936,20.08111020126924,6.208956615655911e-06,108.99544499605263,0.8553067223387508,0.9882873711081437,1.2051754055603177,1.2398431906970213,0.2359434754068803,1.5,0.005618080174128979,0.0024591399973336293,0.0066085331808780545,-0.0048269381253235565,0.031643640441132125,0.007538369299854642,-3289.503656277946,False
11,stress,10066,nominal_nmpc_2s,24.5,0.13144217902526986,0.028356531931378836,0.821847136502498,0.12806998312335607,0.029152021733835746,0.8206889778640876,0.16297057184499314,-0.0012643261718749965,0.06357812133789062,0.09297057184499313,0.23297057184499315,-0.08,0.08,-0.03152839281972328,0.029620858103253832,0.7582690151646073,held,0.0,False,1310.537634321221,0.009293420093284627,0.0,False,False,2.0,10,0.0,-3235.2674737805364,0.019215601482556115,0.4185569694413684,-0.35000000992103963,-0.3500000099365467,-0.35000000993646974,-0.35,0.0,False,False,79536.7182006836,5915.390691056471,20.047549451608308,6.301708259515469e-06,110.25420571551285,0.8553067223387508,0.9882873711081437,1.2051754055603177,1.2398431906970213,0.2359434754068803,1.5,0.005618080174128979,0.0024591399973336293,0.0066085331808780545,-0.0048269381253235565,0.031643640441132125,0.007538369299854642,-3289.503656277946,False
11,stress,10066,nominal_nmpc_2s,25.0,0.13116107693697773,0.028291829490324542,0.8360092266153626,0.13354325899004985,0.028190257019311923,0.8240235287681066,0.164474451303155,-0.0012853686523437435,0.062940673828125,0.09447445130315499,0.234474451303155,-0.08,0.08,-0.03331337436617726,0.029577198142668286,0.7730685527872376,held,0.0,False,1310.537634321221,0.009293420093284627,0.0,False,False,2.0,10,0.0,-3233.904908413988,0.019469558607053433,0.41960845357147647,-0.35000000992103963,-0.3500000099365467,-0.3500000099365374,-0.35,0.0,False,False,79441.10107421875,5905.35760980471,20.01354684669993,6.397444560864943e-06,111.54983696697954,0.8553067223387508,0.9882873711081437,1.2051754055603177,1.2398431906970213,0.2359434754068803,1.5,0.005618080174128979,0.0024591399973336293,0.0066085331808780545,-0.0048269381253235565,0.031643640441132125,0.007538369299854642,-3289.503656277946,False
11,stress,10066,nominal_nmpc_2s,25.5,0.13087862728037047,0.028227154347495627,0.8501389723283665,0.1304367296221167,0.030616888000773577,0.8443627154696014,0.16599247685185187,-0.0013062207031249995,0.062292752685546876,0.09599247685185186,0.23599247685185187,-0.08,0.08,-0.03511384957148139,0.029533375050620626,0.7878462196428196,held,0.0,False,1310.537634321221,0.009293420093284627,0.0,False,False,2.0,10,0.0,-3232.4986996626258,0.019726216214997674,0.42067671562017306,-0.35000000992103963,-0.35000000992103963,-0.3500000099229014,-0.35,0.0,False,False,79343.91290283203,5895.1960211304795,19.97910872382809,6.496244468276619e-06,112.8830837863859,0.8553067223387508,0.9882873711081437,1.2051754055603177,1.2398431906970213,0.2359434754068803,1.5,0.005618080174128979,0.0024591399973336293,0.0066085331808780545,-0.0048269381253235565,0.031643640441132125,0.007538369299854642,-3289.503656277946,False
11,stress,10066,nominal_nmpc_2s,26.0,0.1305949835614399,0.0281625073753669,0.8642363875087721,0.12827326227555835,0.03203956665751815,0.8739919510744775,0.16752400548696844,-0.0013268823242187505,0.061634453125,0.09752400548696843,0.23752400548696845,-0.08,0.08,-0.03692902192552855,0.02948938969958565,0.802601934383772,Solve_Succeeded,0.03674708300968632,False,4701.282764252103,0.016940407714422567,0.0,False,False,2.0,10,0.0,-3231.047664310925,0.019985496436480753,0.4217616388175952,-0.3500000098739279,-0.35000000992103963,-0.3500000099212633,-0.35,0.0,False,False,79245.16796875,5884.907773831726,19.944241348659794,6.598189771929311e-06,114.25471433592546,0.8553067223387508,0.9882873711081437,1.2051754055603177,1.2398431906970213,0.2359434754068803,1.5,0.005618080174128979,0.0024591399973336293,0.0066085331808780545,-0.0048269381253235565,0.031643640441132125,0.007538369299854642,-3289.503656277946,False
11,stress,10066,nominal_nmpc_2s,26.5,0.13031028371494227,0.028097889470221807,0.8783014864660192,0.13605102429426016,0.027287535859167503,0.865128952634709,0.16906839420438957,-0.0013473535156250036,0.060965870361328126,0.09906839420438956,0.23906839420438958,-0.08,0.08,-0.0387581104894473,0.02944524298584681,0.8173356161046911,held,0.0,False,4701.282764252103,0.016940407714422567,0.0,False,False,2.0,10,0.0,-3229.550564162191,0.020247327410101625,0.42286310734575583,-0.3500000098739279,-0.35000000992103963,-0.3500000099210665,-0.35,0.0,False,False,79144.88055419922,5874.494696358492,19.908950917901986,6.703365186523357e-06,115.6655203591589,0.8553067223387508,0.9882873711081437,1.2051754055603177,1.2398431906970213,0.2359434754068803,1.5,0.005618080174128979,0.0024591399973336293,0.0066085331808780545,-0.0048269381253235565,0.031643640441132125,0.007538369299854642,-3289.503656277946,False
11,stress,10066,nominal_nmpc_2s,27.0,0.13002465173792346,0.02803330155323969,0.8923342839639029,0.1289471034843177,0.029181440540501567,0.8924101465997196,0.170625,-0.0013676342773437516,0.060287099609375,0.10062499999999999,0.240625,-0.08,0.08,-0.040600348262076535,0.029400935830583442,0.832047184354528,held,0.0,False,4701.282764252103,0.016940407714422567,0.0,False,False,2.0,10,0.0,-3228.006106000303,0.020511642664038664,0.4239810062758817,-0.3500000098739279,-0.35000000992103963,-0.35000000992104285,-0.35,0.0,False,False,79043.06494140625,5863.958597552136,19.87324356180684,6.811858437214606e-06,117.11631764783412,0.8553067223387508,0.9882873711081437,1.2051754055603177,1.2398431906970213,0.2359434754068803,1.5,0.005618080174128979,0.0024591399973336293,0.0066085331808780545,-0.0048269381253235565,0.031643640441132125,0.007538369299854642,-3289.503656277946,False
11,stress,10066,nominal_nmpc_2s,27.5,0.12973819915360196,0.027968744571585137,0.9063347952332941,0.13123474276819894,0.03015403338436793,0.9137295894299075,0.1721931798696845,-0.0013877246093749948,0.059598236083984374,0.10219317986968449,0.2421931798696845,-0.08,0.08,-0.04245498071608253,0.029356469180960132,0.8467365591493097,held,0.0,False,4701.282764252103,0.016940407714422567,0.0,False,False,2.0,10,0.0,-3226.4129413889705,0.02077838056090392,0.4251152215082343,-0.3500000098739279,-0.3500000098739279,-0.35000000987958796,-0.35,0.0,False,False,78939.73541259766,5853.301267343199,19.837125346536833,6.923760348640835e-06,118.60794652051487,0.8553067223387508,0.9882873711081437,1.2051754055603177,1.2398431906970213,0.2359434754068803,1.5,0.005618080174128979,0.0024591399973336293,0.0066085331808780545,-0.0048269381253235565,0.031643640441132125,0.007538369299854642,-3289.503656277946,False
11,stress,10066,nominal_nmpc_2s,28.0,0.12945102632328243,0.02790421949950249,0.9203030359854067,0.12005431234217358,0.02653002328305847,0.9262104518281801,0.17377229080932782,-0.001407624511718747,0.058899375000000004,0.10377229080932782,0.24377229080932783,-0.08,0.08,-0.0443212644860454,0.029311844011221236,0.8614036609854068,Solve_Succeeded,0.03964020899729803,False,70638.8267844696,0.0477054251364689,0.0,False,False,2.0,10,0.0,-3224.769666321056,0.021047483799748544,0.42626563971425235,-0.35000000999027414,-0.3500000098739279,-0.35000000987460783,-0.35,0.0,False,False,78834.90625,5842.524477410941,19.800602276399946,7.0391649371158585e-06,120.14127231309348,0.8553067223387508,0.9882873711081437,1.2051754055603177,1.2398431906970213,0.2359434754068803,1.5,0.005618080174128979,0.0024591399973336293,0.0066085331808780545,-0.0048269381253235565,0.031643640441132125,0.007538369299854642,-3289.503656277946,False
11,stress,10066,nominal_nmpc_2s,28.5,0.12916322362213278,0.027839727339418398,0.9342390224256143,0.12983744539351375,0.026004364041630125,0.925751827885078,0.17536168981481481,-0.001427333984375001,0.05819061157226563,0.10536168981481481,0.24536168981481482,-0.08,0.08,-0.04619846619268203,0.0292670613237934,0.8760484108533486,held,0.0,False,70638.8267844696,0.0477054251364689,0.0,False,False,2.0,10,0.0,-3223.0748207290817,0.02131889896927797,0.42743214828087306,-0.35000000999027414,-0.3500000098739279,-0.3500000098740096,-0.35,0.0,False,False,78728.59173583984,5831.629981807371,19.763680295964555,7.1581695060696274e-06,121.7171858812651,0.8553067223387508,0.9882873711081437,1.2051754055603177,1.2398431906970213,0.2359434754068803,1.5,0.005618080174128979,0.0024591399973336293,0.0066085331808780545,-0.0048269381253235565,0.031643640441132125,0.007538369299854642,-3289.503656277946,False
11,stress,10066,nominal_nmpc_2s,29.0,0.12887487249301038,0.02777526912305512,0.9481427712678197,0.12429640656660852,0.02655021837094916,0.9406827327758082,0.17696073388203018,-0.0014468530273437502,0.057472041015625,0.10696073388203017,0.2469607338820302,-0.08,0.08,-0.048085861389019796,0.02922212215039887,0.8906707302521947,held,0.0,False,70638.8267844696,0.0477054251364689,0.0,False,False,2.0,10,0.0,-3221.3268878668077,0.02159257614695327,0.428614635256898,-0.35000000999027414,-0.3500000098739279,-0.3500000098739377,-0.35,0.0,False,False,78620.80615234375,5820.619517548277,19.726365292062432,7.280874744814154e-06,123.33660411501509,0.8553067223387508,0.9882873711081437,1.2051754055603177,1.2398431906970213,0.2359434754068803,1.5,0.005618080174128979,0.0024591399973336293,0.0066085331808780545,-0.0048269381253235565,0.031643640441132125,0.007538369299854642,-3289.503656277946,False
11,stress,10066,nominal_nmpc_2s,29.5,0.12858604639104562,0.027710845912556986,0.9620142997493852,0.12103116019924443,0.029469616535220795,0.9596667254691355,0.17856878000685872,-0.0014661816406250014,0.05674375854492188,0.10856878000685871,0.24856878000685872,-0.08,0.08,-0.049982733615813096,0.029177027553181988,0.9052705412044634,held,0.0,False,70638.8267844696,0.0477054251364689,0.0,False,False,2.0,10,0.0,-3219.5242935706465,0.021868468539208753,0.429812989301285,-0.35000000999027414,-0.35000000999027414,-0.3500000099762982,-0.35,0.0,False,False,78511.56378173828,5809.494805173575,19.68866309568782,7.407384830717834e-06,125.00047046517113,0.8553067223387508,0.9882873711081437,1.2051754055603177,1.2398431906970213,0.2359434754068803,1.5,0.005618080174128979,0.0024591399973336293,0.0066085331808780545,-0.0048269381253235565,0.031643640441132125,0.007538369299854642,-3289.503656277946,False
11,stress,10066,nominal_nmpc_2s,30.0,0.12829681163036946,0.027646458801632426,0.9758536256466299,0.13021810400480482,0.027654991587779395,0.975118696682465,0.1801851851851852,-0.0014853198242187476,0.056005859375,0.11018518518518519,0.2501851851851852,-0.08,0.08,-0.05188837355481574,0.029131778625851174,0.9198477662716299,Solve_Succeeded,0.040548958000727,False,74276.75436512953,0.04833218992388921,0.0,False,False,2.0,10,0.0,-3217.6654054086875,0.022146532158511194,0.4310270996332512,-0.35000000999176545,-0.35000000999027414,-0.35000000998859515,-0.35,0.0,False,False,78400.87890625,5798.257549279098,19.65057948379968,7.537807534872744e-06,126.70975548205408,0.8553067223387508,0.9882873711081437,1.2051754055603177,1.2398431906970213,0.2359434754068803,1.5,0.005618080174128979,0.0024591399973336293,0.0066085331808780545,-0.0048269381253235565,0.031643640441132125,0.007538369299854642,-3289.503656277946,False
11,stress,10066,nominal_nmpc_2s,30.5,0.12800722814318594,0.02758210891671366,0.9896607672909016,0.123832627731974,0.03093563201190432,0.9935399863291354,0.18180930641289436,-0.0015042675781250028,0.05525843872070313,0.11180930641289435,0.25180930641289434,-0.08,0.08,-0.053802078269708425,0.029086376494838664,0.9344023285701984,held,0.0,False,74276.75436512953,0.04833218992388921,0.0,False,False,2.0,10,0.0,-3215.748531724225,0.022426725533431665,0.43225685598409136,-0.35000000999176545,-0.35000000999027414,-0.3500000099900724,-0.35,0.0,False,False,78288.76580810547,5786.909439021749,19.61212018103368,7.672254331341806e-06,128.46545736625305,0.8553067223387508,0.9882873711081437,1.2051754055603177,1.2398431906970213,0.2359434754068803,1.5,0.005618080174128979,0.0024591399973336293,0.0066085331808780545,-0.0048269381253235565,0.031643640441132125,0.007538369299854642,-3289.503656277946,False
11,stress,10066,nominal_nmpc_2s,31.0,0.127717350160329,0.02751779741813614,1.0034357435852344,0.12071381651946775,0.02899214804585516,1.006584569500314,0.1834405006858711,-0.001523024902343753,0.054501591796875,0.11344050068587108,0.2534405006858711,-0.08,0.08,-0.05572315052554208,0.029040822320479893,0.9489341517883594,held,0.0,False,74276.75436512953,0.04833218992388921,0.0,False,False,2.0,10,0.0,-3213.7719205798926,0.022709009448297856,0.43350214855061187,-0.35000000999176545,-0.35000000999027414,-0.3500000099902499,-0.35,0.0,False,False,78175.23876953125,5775.452148599784,19.573290861329905,7.81084051007467e-06,130.26860253153586,0.8553067223387508,0.9882873711081437,1.2051754055603177,1.2398431906970213,0.2359434754068803,1.5,0.005618080174128979,0.0024591399973336293,0.0066085331808780545,-0.0048269381253235565,0.031643640441132125,0.007538369299854642,-3289.503656277946,False
11,stress,10066,nominal_nmpc_2s,31.5,0.12742722682149243,0.02745352550133963,1.0171785740216006,0.12493781212355226,0.025244352234919838,1.0085899178533837,0.185078125,-0.0015415917968750054,0.053735413818359376,0.115078125,0.25507812500000004,-0.08,0.08,-0.057650898178507576,0.028995117298214634,0.9634431602032413,held,0.0,False,74276.75436512953,0.04833218992388921,0.0,False,False,2.0,10,0.0,-3211.7337586078165,0.02299334670935257,0.43476286795009866,-0.35000000999176545,-0.35000000999176545,-0.35000000999158337,-0.35,0.0,False,False,78060.3120727539,5763.887337709867,19.534097149481823,7.953685293583734e-06,132.120246179899,0.8553067223387508,0.9882873711081437,1.2051754055603177,1.2398431906970213,0.2359434754068803,1.5,0.005618080174128979,0.0024591399973336293,0.0066085331808780545,-0.0048269381253235565,0.031643640441132125,0.007538369299854642,-3289.503656277946,False
11,stress,10066,nominal_nmpc_2s,32.0,0.12713690272246883,0.0273892943980928,1.0308892786987698,0.12885417383837303,0.02605096008145632,1.0424935803973485,0.186721536351166,-0.0015599682617187527,0.05295999999999999,0.116721536351166,0.256721536351166,-0.08,0.08,-0.059584633628697176,0.028949262659811553,0.9779292786987698,Solve_Succeeded,0.03948333399603143,False,143345.94130300317,0.06100101326831968,0.0,False,False,2.0,10,0.0,-3209.6321697705675,0.02327970193466326,0.4360389051767378,-0.3500000099833877,-0.35000000999176545,-0.3500000099917436,-0.35,0.0,False,False,77944.0,5752.216651982374,19.494544622611564,8.100911957473274e-06,134.02147288874193,0.8553067223387508,0.9882873711081437,1.2051754055603177,1.2398431906970213,0.2359434754068803,1.5,0.005618080174128979,0.0024591399973336293,0.0066085331808780545,-0.0048269381253235565,0.031643640441132125,0.007538369299854642,-3289.503656277946,False
11,stress,10066,nominal_nmpc_2s,32.5,0.12684641840597116,0.027325105377743016,1.0445678783407857,0.12399823312683102,0.030069034656867992,1.034114592865131,0.18837009173525376,-0.0015781542968749881,0.05217544555664062,0.11837009173525376,0.25837009173525377,-0.08,0.08,-0.0615236733292826,0.028903259674618004,0.992392432784145,held,0.0,False,143345.94130300317,0.06100101326831968,0.0,False,False,2.0,10,0.0,-3207.465214037152,0.023568041365313874,0.43733015155941524,-0.3500000099833877,-0.35000000999176545,-0.35000000999176284,-0.35,0.0,False,False,77826.3168334961,5740.441723396339,19.45463881157619,8.252647954917411e-06,135.97339721014788,0.8553067223387508,0.9882873711081437,1.2051754055603177,1.2398431906970213,0.2359434754068803,1.5,0.005618080174128979,0.0024591399973336293,0.0066085331808780545,-0.0048269381253235565,0.031643640441132125,0.007538369299854642,-3289.503656277946,False
11,stress,10066,nominal_nmpc_2s,33.0,0.12655581080192546,0.027260959748493005,1.0582143943160751,0.11741654510465052,0.02612643312904495,1.0520085847075489,0.19002314814814816,-0.0015961499023437464,0.051381845703125005,0.12002314814814816,0.2600231481481482,-0.08,0.08,-0.0634673373462227,0.02885710965083675,1.0068325486129501,held,0.0,False,143345.94130300317,0.06100101326831968,0.0,False,False,2.0,10,0.0,-3205.2308859777822,0.023858332695667585,0.4386364987208295,-0.3500000099833877,-0.35000000999176545,-0.3500000099917651,-0.35,0.0,False,False,77707.27685546875,5728.564170675286,19.414385202309198,8.409025045183887e-06,137.9771642822269,0.8553067223387508,0.9882873711081437,1.2051754055603177,1.2398431906970213,0.2359434754068803,1.5,0.005618080174128979,0.0024591399973336293,0.0066085331808780545,-0.0048269381253235565,0.031643640441132125,0.007538369299854642,-3289.503656277946,False
11,stress,10066,nominal_nmpc_2s,33.5,0.12626511362251164,0.027196858858705972,1.0718288486572018,0.12426409976125345,0.02459332828354556,1.0729874246766762,0.1916800625857339,-0.0016139550781249998,0.05057929565429688,0.12168006258573388,0.2616800625857339,-0.08,0.08,-0.06541494896322225,0.02881081393683097,1.0212495530029049,held,0.0,False,143345.94130300317,0.06100101326831968,0.0,False,False,2.0,10,0.0,-3202.927113280745,0.024150544920717935,0.43995783853785236,-0.3500000099833877,-0.3500000099833877,-0.3500000099843941,-0.35,0.0,False,False,77586.89434814453,5716.5855996651535,19.373789237101303,8.57017942630346e-06,140.0339504524786,0.8553067223387508,0.9882873711081437,1.2051754055603177,1.2398431906970213,0.2359434754068803,1.5,0.005618080174128979,0.0024591399973336293,0.0066085331808780545,-0.0048269381253235565,0.031643640441132125,0.007538369299854642,-3289.503656277946,False
11,stress,10066,nominal_nmpc_2s,34.0,0.12597435771667964,0.027132804098240714,1.0854112640812814,0.12447194815599262,0.02818476830484942,1.0738168179450065,0.19334019204389574,-0.001631569824218762,0.049767890625000005,0.12334019204389574,0.26334019204389575,-0.08,0.08,-0.0673658343272161,0.028764373922459476,1.0356433734562813,Solve_Succeeded,0.037640375026967376,False,125966.09966708624,0.05665795509611171,0.0,False,False,2.0,10,0.0,-3200.551755194291,0.02444464819875278,0.4412940631030815,-0.3500000099805221,-0.3500000099833877,-0.3500000099835086,-0.35,0.0,False,False,77465.18359375,5704.507603695355,19.33285631582411,8.736251871986042e-06,142.14496391310487,0.8553067223387508,0.9882873711081437,1.2051754055603177,1.2398431906970213,0.2359434754068803,1.5,0.005618080174128979,0.0024591399973336293,0.0066085331808780545,-0.0048269381253235565,0.031643640441132125,0.007538369299854642,-3289.503656277946,False
11,stress,10066,nominal_nmpc_2s,34.5,0.12568357138837682,0.027068796899818157,1.0989616640110702,0.1249905429779128,0.028859450191234124,1.0960045724898604,0.19500289351851852,-0.0016489941406250055,0.048947725830078115,0.1250028935185185,0.2650028935185185,-0.08,0.08,-0.06931932213014169,0.028717791040443162,1.050013938180992,held,0.0,False,125966.09966708624,0.05665795509611171,0.0,False,False,2.0,10,0.0,-3198.1026008961467,0.02474061372773989,0.4426450646875293,-0.3500000099805221,-0.3500000099833877,-0.35000000998340225,-0.35,0.0,False,False,77342.15887451172,5692.331763924001,19.291591797100075,8.907387872886836e-06,144.31144534819524,0.8553067223387508,0.9882873711081437,1.2051754055603177,1.2398431906970213,0.2359434754068803,1.5,0.005618080174128979,0.0024591399973336293,0.0066085331808780545,-0.0048269381253235565,0.031643640441132125,0.007538369299854642,-3289.503656277946,False
11,stress,10066,nominal_nmpc_2s,35.0,0.125392780682282,0.027004838740420756,1.1124800725967467,0.11843188598972203,0.025446517117210524,1.112782460885559,0.19666752400548698,-0.0016662280273437372,0.048118896484375,0.12666752400548698,0.266667524005487,-0.08,0.08,-0.07127474332320499,0.028671066767764493,1.0643611761123717,held,0.0,False,125966.09966708624,0.05665795509611171,0.0,False,False,2.0,10,0.0,-3195.5773677929274,0.02503841363400778,0.44401073570439814,-0.3500000099805221,-0.3500000099833877,-0.3500000099833894,-0.35,0.0,False,False,77217.83447265625,5680.059649668205,19.25000099942194,9.083737782327672e-06,146.53466859269082,0.8553067223387508,0.9882873711081437,1.2051754055603177,1.2398431906970213,0.2359434754068803,1.5,0.005618080174128979,0.0024591399973336293,0.0066085331808780545,-0.0048269381253235565,0.031643640441132125,0.007538369299854642,-3289.503656277946,True
11,stress,10066,nominal_nmpc_2s,35.5,0.1251020096404465,0.026940931142726148,1.125966514738401,0.11583699100577287,0.024873078294425678,1.1254113926238503,0.19833344050068585,-0.0016832714843749985,0.04728149780273438,0.12833344050068585,0.26833344050068586,-0.08,0.08,-0.07323143086023937,0.028624202627101147,1.0786850169356668,held,0.0,False,125966.09966708624,0.05665795509611171,0.0,False,False,2.0,10,0.0,-3192.973699751511,0.025338020871944786,0.44539096867389644,-0.3500000099805221,-0.3500000099805221,-0.35000000998086656,-0.35,0.0,False,False,77092.22467041016,5667.692818720325,19.20808920222448,9.265456966580193e-06,148.81594130301312,0.8553067223387508,0.9882873711081437,1.2051754055603177,1.2398431906970213,0.2359434754068803,1.5,0.005618080174128979,0.0024591399973336293,0.0066085331808780545,-0.0048269381253235565,0.031643640441132125,0.007538369299854642,-3289.503656277946,True
11,stress,10066,nominal_nmpc_2s,36.0,0.12481128053288948,0.026877075676576375,1.1394210161092495,0.12716973205016358,0.027121217057022938,1.1395406030292579,0.2,-0.001700124511718755,0.046435625,0.13,0.27,-0.08,0.08,-0.07518871946711053,0.02857720018829513,1.0929853911092495,Solve_Succeeded,0.037316625006496906,False,196360.7653449476,0.06615595586140875,0.0,False,False,2.0,10,0.0,-3190.289165264157,0.02563940913357075,0.44678565618904953,-0.35000000998495906,-0.3500000099805221,-0.35000000998056346,-0.35,0.0,False,False,76965.34375,5655.232817650954,19.165861646911356,9.452705959819669e-06,151.15660563923407,0.8553067223387508,0.9882873711081437,1.2051754055603177,1.2398431906970213,0.2359434754068803,1.5,0.005618080174128979,0.0024591399973336293,0.0066085331808780545,-0.0048269381253235565,0.031643640441132125,0.007538369299854642,-3289.503656277946,True
11,stress,10066,nominal_nmpc_2s,36.5,0.12452061406487756,0.026813273960483962,1.152843603179594,0.126086723571528,0.027741624599370768,1.1519754700424751,0.2016665594993141,-0.0017167871093750064,0.04558137329101562,0.1316665594993141,0.2716665594993141,-0.08,0.08,-0.07714594543443655,0.028530061069858968,1.1072622298885784,held,0.0,False,196360.7653449476,0.06615595586140875,0.0,False,False,2.0,10,0.0,-3187.5212555489925,0.025942552766955916,0.4481946908824673,-0.35000000998495906,-0.3500000099805221,-0.35000000998052705,-0.35,0.0,False,False,76837.20599365234,5642.681182099389,19.123323537839543,9.645650623859447e-06,153.5580389586383,0.8553067223387508,0.9882873711081437,1.2051754055603177,1.2398431906970213,0.2359434754068803,1.5,0.005618080174128979,0.0024591399973336293,0.0066085331808780545,-0.0048269381253235565,0.031643640441132125,0.007538369299854642,-3289.503656277946,True
11,stress,10066,nominal_nmpc_2s,37.0,0.12423002956333537,0.02674952766317618,1.1662343032415428,0.11542754845618632,0.02420456771327525,1.1577763087502715,0.20333247599451304,-0.001733259277343746,0.044718837890624995,0.13333247599451303,0.27333247599451305,-0.08,0.08,-0.07910244643117767,0.028482786940519925,1.1215154653509178,held,0.0,False,196360.7653449476,0.06615595586140875,0.0,False,False,2.0,10,0.0,-3184.6673825873117,0.026247426702567172,0.44961796539402865,-0.35000000998495906,-0.3500000099805221,-0.3500000099805227,-0.35,0.0,False,False,76707.82568359375,5630.039437052273,19.080480043263627,9.84446231277763e-06,156.02165452051236,0.8553067223387508,0.9882873711081437,1.2051754055603177,1.2398431906970213,0.2359434754068803,1.5,0.005618080174128979,0.0024591399973336293,0.0066085331808780545,-0.0048269381253235565,0.031643640441132125,0.007538369299854642,-3289.503656277946,True
11,stress,10066,nominal_nmpc_2s,37.5,0.12393954514457907,0.026685838505178673,1.1795931444345145,0.1275925861966045,0.03198727816346293,1.1778499468230395,0.2049971064814815,-0.0017495410156249946,0.04384811401367188,0.1349971064814815,0.2749971064814815,-0.08,0.08,-0.08105756133690244,0.028435379520803668,1.1357450304208425,held,0.0,False,196360.7653449476,0.06615595586140875,0.0,False,False,2.0,10,0.0,-3181.724877098974,0.02655400638671809,0.45105537233944787,-0.35000000998495906,-0.35000000998495906,-0.3500000099844261,-0.35,0.0,False,False,76577.21710205078,5617.309097111061,19.037336296242305,1.004931804254946e-05,158.54890220198294,0.8553067223387508,0.9882873711081437,1.2051754055603177,1.2398431906970213,0.2359434754068803,1.5,0.005618080174128979,0.0024591399973336293,0.0066085331808780545,-0.0048269381253235565,0.031643640441132125,0.007538369299854642,-3289.503656277946,True
11,stress,10066,nominal_nmpc_2s,38.0,0.12364917786533754,0.02662220826043973,1.1929201557715432,0.11513386703258849,0.0249733370728132,1.1852998943830808,0.20665980795610428,-0.0017656323242187522,0.042969296875,0.13665980795610427,0.2766598079561043,-0.08,0.08,-0.08301063009076674,0.028387840584658482,1.1499508588965432,Solve_Succeeded,0.03587225003866479,False,351057.8949465704,0.08023791522828803,0.0,False,False,2.0,10,0.0,-3178.6909864570885,0.026862267721384083,0.45250680427969014,-0.35000000998693737,-0.35000000998495906,-0.35000000998489506,-0.35,0.0,False,False,76445.39453125,5604.4916667489015,18.99389739550893,1.0260400665799266e-05,161.14126922468972,0.8553067223387508,0.9882873711081437,1.2051754055603177,1.2398431906970213,0.2359434754068803,1.5,0.005618080174128979,0.0024591399973336293,0.0066085331808780545,-0.0048269381253235565,0.031643640441132125,0.007538369299854642,-3289.503656277946,True
11,stress,10066,nominal_nmpc_2s,38.5,0.12335894385882135,0.02655863875799635,1.2062153671664062,0.10949340771773328,0.024680912955848625,1.2108548496297429,0.20831993741426613,-0.0017815332031249978,0.042082481689453125,0.13831993741426613,0.27831993741426614,-0.08,0.08,-0.08496099355544479,0.028340171961121347,1.164132885476953,held,0.0,False,351057.8949465704,0.08023791522828803,0.0,False,False,2.0,10,0.0,-3175.562872543049,0.02717218700972126,0.4539721536912043,-0.35000000998693737,-0.35000000998495906,-0.35000000998495134,-0.35,0.0,False,False,76312.37225341797,5591.588640557487,18.950168406308123,1.0477899051788308e-05,163.8002808920783,0.8553067223387508,0.9882873711081437,1.2051754055603177,1.2398431906970213,0.2359434754068803,1.5,0.005618080174128979,0.0024591399973336293,0.0066085331808780545,-0.0048269381253235565,0.031643640441132125,0.007538369299854642,-3289.503656277946,True
11,stress,10066,nominal_nmpc_2s,39.0,0.12306885845741722,0.026495131883683312,1.2194788094615958,0.11949927139985322,0.028853350440945565,1.209915988877502,0.20997685185185183,-0.0017972436523437524,0.041187763671875,0.13997685185185182,0.27997685185185184,-0.08,0.08,-0.08690799339443461,0.028292375536027065,1.1782910457897209,held,0.0,False,351057.8949465704,0.08023791522828803,0.0,False,False,2.0,10,0.0,-3172.337609542918,0.027483740906695576,0.4554513129369436,-0.35000000998693737,-0.35000000998495906,-0.3500000099849581,-0.35,0.0,False,False,76178.16455078125,5578.601503484431,18.90615436120024,1.0702008271754652e-05,166.52750133705533,0.8553067223387508,0.9882873711081437,1.2051754055603177,1.2398431906970213,0.2359434754068803,1.5,0.005618080174128979,0.0024591399973336293,0.0066085331808780545,-0.0048269381253235565,0.031643640441132125,0.007538369299854642,-3289.503656277946,True
11,stress,10066,nominal_nmpc_2s,39.5,0.12277893630342186,0.02643168958188642,1.2327105144571566,0.12244392263704658,0.025859803062336203,1.2190153084302464,0.21162990826474626,-0.001812763671875002,0.04028523803710937,0.14162990826474625,0.28162990826474626,-0.08,0.08,-0.0888509719613244,0.02824445325376142,1.1924252764200474,held,0.0,False,351057.8949465704,0.08023791522828803,0.0,False,False,2.0,10,0.0,-3169.01218168609,0.027796906374291084,0.4569441742381477,-0.35000000998693737,-0.35000000998693737,-0.3500000099866996,-0.35,0.0,False,False,76042.7857055664,5565.531731061606,18.861860260835236,1.0932929789723156e-05,169.32453427973962,0.8553067223387508,0.9882873711081437,1.2051754055603177,1.2398431906970213,0.2359434754068803,1.5,0.005618080174128979,0.0024591399973336293,0.0066085331808780545,-0.0048269381253235565,0.031643640441132125,0.007538369299854642,-3289.503656277946,True
11,stress,10066,nominal_nmpc_2s,40.0,0.12248919144908207,0.026368313857341008,1.2459105149404108,0.12448834555261115,0.024325031069211644,1.2409998954711938,0.21327846364883404,-0.0018280932617187468,0.039375,0.14327846364883404,0.283278463648834,-0.08,0.08,-0.09078927219975197,0.028196407119059755,1.206535514940411,Solve_Succeeded,0.035108833049889654,False,428974.12088889483,0.08692726707377335,0.0,False,False,2.0,10,0.0,-3165.5834809271078,0.02811166064082056,0.45845062964685884,-0.3500000099961761,-0.35000000998693737,-0.3500000099869088,-0.35,0.0,False,False,75906.25,5552.380789624953,18.817291074697604,1.1170871658904013e-05,172.19302379501207,0.8553067223387508,0.9882873711081437,1.2051754055603177,1.2398431906970213,0.2359434754068803,1.5,0.005618080174128979,0.0024591399973336293,0.0066085331808780545,-0.0048269381253235565,0.031643640441132125,0.007538369299854642,-3289.503656277946,True
11,stress,10066,nominal_nmpc_2s,40.5,0.12219963744707692,0.026305006776976916,1.2590788447165937,0.11236843994156108,0.02539736753949675,1.266815046952955,0.214921875,-0.0018432324218749935,0.038457144775390625,0.144921875,0.284921875,-0.08,0.08,-0.0927222375529231,0.02814823919885191,1.2206216999412032,held,0.0,False,428974.12088889483,0.08692726707377335,0.0,False,False,2.0,10,0.0,-3162.048304571486,0.028427981163911743,0.4599705710191495,-0.3500000099961761,-0.35000000998693737,-0.3500000099869339,-0.35,0.0,False,False,75768.5717163086,5539.150136526166,18.77245174182378,1.1416048723798796e-05,175.13465508953914,0.8553067223387508,0.9882873711081437,1.2051754055603177,1.2398431906970213,0.2359434754068803,1.5,0.005618080174128979,0.0024591399973336293,0.0066085331808780545,-0.0048269381253235565,0.031643640441132125,0.007538369299854642,-3289.503656277946,True
11,stress,10066,nominal_nmpc_2s,41.0,0.12191028743245974,0.026241770471810963,1.272215538640425,0.11788626696640649,0.0270490968183514,1.2724450606478044,0.21655949931412896,-0.001858181152343763,0.03753176757812501,0.14655949931412895,0.28655949931412894,-0.08,0.08,-0.09464921188166922,0.028099951624154726,1.2346837710623,held,0.0,False,428974.12088889483,0.08692726707377335,0.0,False,False,2.0,10,0.0,-3158.403352846372,0.02874584559678627,0.46150388998903746,-0.3500000099961761,-0.35000000998693737,-0.350000009986937,-0.35,0.0,False,False,75629.76513671875,5525.841220336646,18.727347171493353,1.1668682828134141e-05,178.15115528792785,0.8553067223387508,0.9882873711081437,1.2051754055603177,1.2398431906970213,0.2359434754068803,1.5,0.005618080174128979,0.0024591399973336293,0.0066085331808780545,-0.0048269381253235565,0.031643640441132125,0.007538369299854642,-3289.503656277946,True
11,stress,10066,nominal_nmpc_2s,41.5,0.12162115419697239,0.02617860713888807,1.2853206326486368,0.12530871890920117,0.028057203574043923,1.2958404471586207,0.21819069358710566,-0.0018729394531250138,0.03659896362304686,0.14819069358710565,0.2881906935871057,-0.08,0.08,-0.09656953939013327,0.028051546592013085,1.24872166902559,held,0.0,False,428974.12088889483,0.08692726707377335,0.0,False,False,2.0,10,0.0,-3154.6452264168684,0.029065231757488038,0.4630504779430665,-0.3500000099961761,-0.3500000099961761,-0.35000000999506614,-0.35,0.0,False,False,75489.84454345703,5512.455481044132,18.68198224389546,1.1929003028742476e-05,181.2442942276278,0.8553067223387508,0.9882873711081437,1.2051754055603177,1.2398431906970213,0.2359434754068803,1.5,0.005618080174128979,0.0024591399973336293,0.0066085331808780545,-0.0048269381253235565,0.031643640441132125,0.007538369299854642,-3289.503656277946,True
11,stress,10066,nominal_nmpc_2s,42.0,0.12133225025654956,0.026115519043272094,1.298394163793486,0.12398430197836759,0.026067473323319365,1.3013872439157264,0.21981481481481485,-0.0018875073242187387,0.03565882812499999,0.14981481481481485,0.28981481481481486,-0.08,0.08,-0.09848256455826529,0.028003026367490833,1.2627353356684858,Solve_Succeeded,0.03397374995984137,False,408437.8505225502,0.08254926566641081,0.0,False,False,2.0,10,0.0,-3150.7704238488504,0.029386117600753603,0.46461022599553314,-0.35000000998919567,-0.3500000099961761,-0.35000000999604275,-0.35,0.0,False,False,75348.82421875,5498.99435024233,18.63636181077146,1.2197245815510393e-05,184.41588526218143,0.8553067223387508,0.9882873711081437,1.2051754055603177,1.2398431906970213,0.2359434754068803,1.5,0.005618080174128979,0.0024591399973336293,0.0066085331808780545,-0.0048269381253235565,0.031643640441132125,0.007538369299854642,-3289.503656277946,True
11,stress,10066,nominal_nmpc_2s,42.5,0.1210435879127463,0.026052508520087427,1.3114361702772734,0.11957709602589571,0.02674656325254314,1.317638316364151,0.2214312199931413,-0.0019018847656249865,0.034711456298828124,0.1514312199931413,0.2914312199931413,-0.08,0.08,-0.100387632080395,0.027954393285712413,1.2767247139784452,held,0.0,False,408437.8505225502,0.08254926566641081,0.0,False,False,2.0,10,0.0,-3146.7753390191356,0.029708481192248653,0.46618302496434094,-0.35000000998919567,-0.3500000099961761,-0.35000000999616004,-0.35,0.0,False,False,75206.71844482422,5485.459251313897,18.590490696035044,1.24736553375143e-05,187.66778607238135,0.8553067223387508,0.9882873711081437,1.2051754055603177,1.2398431906970213,0.2359434754068803,1.5,0.005618080174128979,0.0024591399973336293,0.0066085331808780545,-0.0048269381253235565,0.031643640441132125,0.007538369299854642,-3289.503656277946,True
11,stress,10066,nominal_nmpc_2s,43.0,0.12075517930874606,0.0259895779766124,1.3244466914878985,0.11805767273539583,0.025967113003755125,1.3239880062940292,0.22303926611796981,-0.0019160717773437363,0.033756943359375007,0.1530392661179698,0.2930392661179698,-0.08,0.08,-0.10228408680922375,0.027905649753956135,1.2906897481285236,held,0.0,False,408437.8505225502,0.08254926566641081,0.0,False,False,2.0,10,0.0,-3142.656258473883,0.030032300684923262,0.46776876534746137,-0.35000000998919567,-0.3500000099961761,-0.35000000999617414,-0.35,0.0,False,False,75063.54150390625,5471.851599607084,18.544373696370922,1.2758483635463487e-05,191.0018994848737,0.8553067223387508,0.9882873711081437,1.2051754055603177,1.2398431906970213,0.2359434754068803,1.5,0.005618080174128979,0.0024591399973336293,0.0066085331808780545,-0.0048269381253235565,0.031643640441132125,0.007538369299854642,-3289.503656277946,True
11,stress,10066,nominal_nmpc_2s,43.5,0.12046703648053853,0.025926729894425547,1.337425768035472,0.12113072214848744,0.02575632965409743,1.3463403874876918,0.2246383101851852,-0.001930068359375016,0.03279538452148439,0.1546383101851852,0.2946383101851852,-0.08,0.08,-0.10417127370464668,0.027856798253800562,1.3046303835139876,held,0.0,False,408437.8505225502,0.08254926566641081,0.0,False,False,2.0,10,0.0,-3138.4093587361617,0.030357554297264167,0.469367337299987,-0.35000000998919567,-0.35000000998919567,-0.350000009990034,-0.35,0.0,False,False,74919.30767822266,5458.172802606335,18.49801558181297,1.3051990880569183e-05,194.42017429769845,0.8553067223387508,0.9882873711081437,1.2051754055603177,1.2398431906970213,0.2359434754068803,1.5,0.005618080174128979,0.0024591399973336293,0.0066085331808780545,-0.0048269381253235565,0.031643640441132125,0.007538369299854642,-3289.503656277946,True
11,stress,10066,nominal_nmpc_2s,44.0,0.1201791714037957,0.025863966831605727,1.3503734417900166,0.12054724437880539,0.02861263691269953,1.352428155457122,0.22622770919067217,-0.0019438745117187697,0.03182687499999999,0.15622770919067216,0.2962277091906722,-0.08,0.08,-0.10604853778687647,0.027807841343324497,1.3185465667900167,Solve_Succeeded,0.03458020795369521,False,356053.0457173614,0.07408529145207454,0.0,False,False,2.0,10,0.0,-3134.0307035636592,0.03068422029324533,0.47097863061175976,-0.35000000998809294,-0.35000000998919567,-0.35000000998929637,-0.35,0.0,False,False,74774.03125,5444.424260097118,18.451421096302866,1.3354445619958525e-05,197.9246061122413,0.8553067223387508,0.9882873711081437,1.2051754055603177,1.2398431906970213,0.2359434754068803,1.5,0.005618080174128979,0.0024591399973336293,0.0066085331808780545,-0.0048269381253235565,0.031643640441132125,0.007538369299854642,-3289.503656277946,True
11,stress,10066,nominal_nmpc_2s,44.5,0.11989159603692004,0.025801291424987067,1.363289755920281,0.1239360576031494,0.023578031422138976,1.37025678621616,0.2278068201303155,-0.001957490234374991,0.030851510009765618,0.1578068201303155,0.2978068201303155,-0.08,0.08,-0.10791522409339546,0.027758781659362058,1.3324382459105153,held,0.0,False,356053.0457173614,0.07408529145207454,0.0,False,False,2.0,10,0.0,-3129.516241157577,0.031012276963798137,0.472602534685558,-0.35000000998809294,-0.35000000998919567,-0.35000000998920777,-0.35,0.0,False,False,74627.72650146484,5430.607364325257,18.40459495823004,1.3666125028750463e-05,201.5172381710222,0.8553067223387508,0.9882873711081437,1.2051754055603177,1.2398431906970213,0.2359434754068803,1.5,0.005618080174128979,0.0024591399973336293,0.0066085331808780545,-0.0048269381253235565,0.031643640441132125,0.007538369299854642,-3289.503656277946,True
11,stress,10066,nominal_nmpc_2s,45.0,0.11960432236068948,0.02573870639246974,1.3761747549336942,0.1265492937570696,0.023604179697265706,1.3723614504187664,0.22937500000000002,-0.001970915527343728,0.029869384765625,0.15937500000000002,0.29937500000000006,-0.08,0.08,-0.10977067763931055,0.02770962191981347,1.3463053701680692,held,0.0,False,356053.0457173614,0.07408529145207454,0.0,False,False,2.0,10,0.0,-3124.8618013238306,0.03134170260964166,0.47423893851582877,-0.35000000998809294,-0.35000000998919567,-0.3500000099891971,-0.35,0.0,False,False,74480.40771484375,5416.723500150996,18.35754186095386,1.3987315168909629e-05,205.2001622007177,0.8553067223387508,0.9882873711081437,1.2051754055603177,1.2398431906970213,0.2359434754068803,1.5,0.005618080174128979,0.0024591399973336293,0.0066085331808780545,-0.0048269381253235565,0.031643640441132125,0.007538369299854642,-3289.503656277946,True
11,stress,10066,nominal_nmpc_2s,45.5,0.11931736241488078,0.025676214535387504,1.389028484717492,0.11583358686154,0.030232515026970226,1.389309468614593,0.23093160579561045,-0.0019841503906249877,0.02888059448242189,0.16093160579561044,0.30093160579561046,-0.08,0.08,-0.11161424338072967,0.027660364926012492,1.36014789023507,held,0.0,False,356053.0457173614,0.07408529145207454,0.0,False,False,2.0,10,0.0,-3120.063092587758,0.03167247552532901,0.47588773066795076,-0.35000000998809294,-0.35000000998809294,-0.3500000099882256,-0.35,0.0,False,False,74332.08917236328,5402.774045198055,18.310266473308733,1.4318311254992392e-05,208.9755192597693,0.8553067223387508,0.9882873711081437,1.2051754055603177,1.2398431906970213,0.2359434754068803,1.5,0.005618080174128979,0.0024591399973336293,0.0066085331808780545,-0.0048269381253235565,0.031643640441132125,0.007538369299854642,-3289.503656277946,True
11,stress,10066,nominal_nmpc_2s,46.0,0.11903072833221272,0.025613818740932912,1.401850992581039,0.1254560764428162,0.0278903138158634,1.4056787421067432,0.23247599451303155,-0.0019971948242187704,0.027885234375000012,0.16247599451303155,0.30247599451303153,-0.08,0.08,-0.11344526618081884,0.027611013565151683,1.373965758206039,Solve_Succeeded,0.034494124993216246,False,433102.90831843496,0.07953195813929806,0.0,False,False,2.0,10,0.0,-3115.1156992636193,0.032004573984381474,0.4775487992580159,-0.35000000998999803,-0.35000000998809294,-0.3500000099881089,-0.35,0.0,False,False,74182.78515625,5388.760369997873,18.26277344009299,1.4659417926897555e-05,212.8455005898989,0.8553067223387508,0.9882873711081437,1.2051754055603177,1.2398431906970213,0.2359434754068803,1.5,0.005618080174128979,0.0024591399973336293,0.0066085331808780545,-0.0048269381253235565,0.031643640441132125,0.007538369299854642,-3289.503656277946,True
11,stress,10066,nominal_nmpc_2s,46.5,0.11874443236991605,0.025551521984641126,1.4146423272993793,0.12182706633489422,0.02461540121765377,1.4188403890054309,0.23400752314814816,-0.0020100488281250273,0.02688339965820312,0.16400752314814815,0.30400752314814816,-0.08,0.08,-0.1152630907782321,0.027561570812766154,1.3877589276411761,held,0.0,False,433102.90831843496,0.07953195813929806,0.0,False,False,2.0,10,0.0,-3110.0150784802936,0.03233797622539464,0.4792220319331153,-0.35000000998999803,-0.35000000998809294,-0.35000000998809483,-0.35,0.0,False,False,74032.50994873047,5374.683838129254,18.215067382542145,1.5010949529731511e-05,216.81234847080256,0.8553067223387508,0.9882873711081437,1.2051754055603177,1.2398431906970213,0.2359434754068803,1.5,0.005618080174128979,0.0024591399973336293,0.0066085331808780545,-0.0048269381253235565,0.031643640441132125,0.007538369299854642,-3289.503656277946,True
11,stress,10066,nominal_nmpc_2s,47.0,0.11845848693920534,0.025489327332933173,1.4274025391580438,0.11843961528335968,0.018452807437634302,1.4355864629793669,0.235525548696845,-0.0020227124023437446,0.025875185546874985,0.165525548696845,0.305525548696845,-0.08,0.08,-0.11706706175763966,0.027512039735276918,1.4015273536111688,held,0.0,False,433102.90831843496,0.07953195813929806,0.0,False,False,2.0,10,0.0,-3104.7565571646674,0.03267266043901289,0.48090731585211915,-0.35000000998999803,-0.35000000998809294,-0.35000000998809316,-0.35,0.0,False,False,73881.27783203125,5360.54580635363,18.16715289878729,1.5373230400895472e-05,220.87835707726254,0.8553067223387508,0.9882873711081437,1.2051754055603177,1.2398431906970213,0.2359434754068803,1.5,0.005618080174128979,0.0024591399973336293,0.0066085331808780545,-0.0048269381253235565,0.031643640441132125,0.007538369299854642,-3289.503656277946,True
11,stress,10066,nominal_nmpc_2s,47.5,0.11817290463289946,0.025427237945719505,1.440131679999144,0.11286846504344157,0.025884219700534204,1.4472346727343102,0.23702942815500688,-0.0020351855468749847,0.024860687255859375,0.16702942815500688,0.3070294281550069,-0.08,0.08,-0.11885652352210742,0.02746242349259449,1.4152709927432845,held,0.0,False,433102.90831843496,0.07953195813929806,0.0,False,False,2.0,10,0.0,-3099.3353289843503,0.033008604755679245,0.48260453766693817,-0.35000000998999803,-0.35000000998999803,-0.3500000099897692,-0.35,0.0,False,False,73729.1030883789,5346.3476247460985,18.119034564299216,1.574659516449855e-05,225.04587333785997,0.8553067223387508,0.9882873711081437,1.2051754055603177,1.2398431906970213,0.2359434754068803,1.5,0.005618080174128979,0.0024591399973336293,0.0066085331808780545,-0.0048269381253235565,0.031643640441132125,0.007538369299854642,-3289.503656277946,True
11,stress,10066,nominal_nmpc_2s,48.0,0.11788769825141263,0.02536525707906465,1.4528298032687825,0.12005287728233711,0.02202545584661056,1.4493660630132694,0.23851851851851852,-0.0020474682617187406,0.02384,0.1685185185185185,0.3085185185185185,-0.08,0.08,-0.12063082026710589,0.02741272534078339,1.4289898032687824,Solve_Succeeded,0.03451670799404383,False,861996.3571992959,0.10737460540956009,0.0,False,False,2.0,10,0.0,-3093.746451251464,0.033345787234077225,0.48431358350425724,-0.350000009997398,-0.35000000998999803,-0.35000000998997055,-0.35,0.0,False,False,73576.0,5332.090636822434,18.070716932318835,1.6131389033197904e-05,229.31729779444095,0.8553067223387508,0.9882873711081437,1.2051754055603177,1.2398431906970213,0.2359434754068803,1.5,0.005618080174128979,0.0024591399973336293,0.0066085331808780545,-0.0048269381253235565,0.031643640441132125,0.007538369299854642,-3289.503656277946,True
11,stress,10066,nominal_nmpc_2s,48.5,0.11760288082731445,0.025303388087913756,1.4654969640658126,0.12033776502346046,0.023538731401462898,1.4766230481707456,0.23999217678326476,-0.0020595605468750125,0.022813218994140634,0.16999217678326475,0.30999217678326474,-0.08,0.08,-0.12238929595595031,0.027362948634788768,1.442683745071672,held,0.0,False,861996.3571992959,0.10737460540956009,0.0,False,False,2.0,10,0.0,-3087.9848417894,0.03368418585018931,0.48603433894772885,-0.350000009997398,-0.35000000998999803,-0.35000000998999475,-0.35,0.0,False,False,73421.9828491211,5317.776179662232,18.022204534274533,1.6527968117562692e-05,233.6950854614345,0.8553067223387508,0.9882873711081437,1.2051754055603177,1.2398431906970213,0.2359434754068803,1.5,0.005618080174128979,0.0024591399973336293,0.0066085331808780545,-0.0048269381253235565,0.031643640441132125,0.007538369299854642,-3289.503656277946,True
11,stress,10066,nominal_nmpc_2s,49.0,0.1173184656486379,0.025241634428881735,1.4781332191919754,0.12297890119297433,0.02839057882134568,1.4811220108385277,0.24144975994513035,-0.0020714624023437656,0.021780439453124988,0.17144975994513034,0.31144975994513036,-0.08,0.08,-0.12413129429649244,0.0273130968312255,1.4563527797388505,held,0.0,False,861996.3571992959,0.10737460540956009,0.0,False,False,2.0,10,0.0,-3081.993610811554,0.03403225168964275,0.4878384306542634,-0.350000009997398,-0.35000000998999803,-0.35000000998999764,-0.35,0.0,False,False,73267.06591796875,5303.405584028344,17.973501880186948,1.6936699743054067e-05,238.18174668406832,0.8553067223387508,0.9882873711081437,1.2051754055603177,1.2398431906970213,0.2359434754068803,1.5,0.005618080174128979,0.0024591399973336293,0.0066085331808780545,-0.0048269381253235565,0.031643640441132125,0.007538369299854642,-3289.503656277946,True
11,stress,10066,nominal_nmpc_2s,49.5,0.11703446653020798,0.025180000696400983,1.4907386274617715,0.11061049781789288,0.024083682939874097,1.4879420236695333,0.24289062500000003,-0.002083173828124986,0.02074175659179687,0.17289062500000002,0.31289062500000003,-0.08,0.08,-0.12585615846979203,0.02726317452452597,1.4699968708699747,held,0.0,False,861996.3571992959,0.10737460540956009,0.0,False,False,2.0,10,0.0,-3075.7722686654884,0.034388695756993035,0.4897150181989939,-0.350000009997398,-0.350000009997398,-0.350000009996509,-0.35,0.0,False,False,73111.26348876953,5288.980174482759,17.92461345906169,1.735796277470923e-05,242.77984799449288,0.8553067223387508,0.9882873711081437,1.2051754055603177,1.2398431906970213,0.2359434754068803,1.5,0.005618080174128979,0.0024591399973336293,0.0066085331808780545,-0.0048269381253235565,0.031643640441132125,0.007538369299854642,-3289.503656277946,True
11,stress,10066,nominal_nmpc_2s,50.0,0.11675089802555627,0.025118491494711518,1.5033132499893693,0.11432812873099528,0.023747256922854183,1.5080473690607716,0.2443141289437586,-0.002094694824218736,0.019697265625,0.17431412894375858,0.3143141289437586,-0.08,0.08,-0.12756323091820232,0.027213186318930254,1.4836159843643693,Solve_Succeeded,0.03209629200864583,False,830569.1880103858,0.10072773941267917,0.0,False,False,2.0,10,0.0,-3069.357517437464,0.03474640836058317,0.4916039796605237,-0.3500000099973042,-0.350000009997398,-0.3500000099972912,-0.35,0.0,False,False,72954.58984375,5274.501269499071,17.875543739270487,1.7792147949611602e-05,247.492012964761,0.8553067223387508,0.9882873711081437,1.2051754055603177,1.2398431906970213,0.2359434754068803,1.5,0.005618080174128979,0.0024591399973336293,0.0066085331808780545,-0.0048269381253235565,0.031643640441132125,0.007538369299854642,-3289.503656277946,True
11,stress,10066,nominal_nmpc_2s,50.5,0.11646777517528947,0.02505711069402957,1.5158571500075493,0.09727144609576849,0.02240471349221278,1.5100088534785263,0.2457196287722908,-0.002106025390624995,0.018647061767578132,0.1757196287722908,0.3157196287722908,-0.08,0.08,-0.12925185359700134,0.027163136084654566,1.4972100882399713,held,0.0,False,830569.1880103858,0.10072773941267917,0.0,False,False,2.0,10,0.0,-3062.743505428485,0.03510536615549059,0.49350519329425013,-0.3500000099973042,-0.350000009997398,-0.3500000099973852,-0.35,0.0,False,False,72797.05926513672,5259.970181571663,17.82629716892124,1.8239658217223808e-05,252.3209230555675,0.8553067223387508,0.9882873711081437,1.2051754055603177,1.2398431906970213,0.2359434754068803,1.5,0.005618080174128979,0.0024591399973336293,0.0066085331808780545,-0.0048269381253235565,0.031643640441132125,0.007538369299854642,-3289.503656277946,True
11,stress,10066,nominal_nmpc_2s,51.0,0.1161851133139897,0.024995862281628357,1.5283703927134622,0.11834131210318956,0.029538940432367513,1.5307077111556708,0.24710648148148148,-0.00211716552734377,0.017591240234375007,0.17710648148148148,0.31710648148148146,-0.08,0.08,-0.13092136816749178,0.027113027808972127,1.5107791524790872,held,0.0,False,830569.1880103858,0.10072773941267917,0.0,False,False,2.0,10,0.0,-3055.9242191295293,0.03546554567113337,0.495418536625849,-0.3500000099973042,-0.350000009997398,-0.35000000999739644,-0.35,0.0,False,False,72638.68603515625,5245.388217321746,17.776878176217384,1.8700909087653182e-05,257.2693184595923,0.8553067223387508,0.9882873711081437,1.2051754055603177,1.2398431906970213,0.2359434754068803,1.5,0.005618080174128979,0.0024591399973336293,0.0066085331808780545,-0.0048269381253235565,0.031643640441132125,0.007538369299854642,-3289.503656277946,True
11,stress,10066,nominal_nmpc_2s,51.5,0.11590292809579661,0.024934750365073168,1.5408530453279667,0.11507552596064705,0.025897592230703613,1.5390248381317153,0.2484740440672154,-0.0021281152343750123,0.016529896240234362,0.1784740440672154,0.3184740440672154,-0.08,0.08,-0.1325711159714188,0.02706286559944818,1.5243231490877325,held,0.0,False,830569.1880103858,0.10072773941267917,0.0,False,False,2.0,10,0.0,-3048.8934797522024,0.03582692330020708,0.4973438864335049,-0.3500000099973042,-0.3500000099973042,-0.3500000099973153,-0.35,0.0,False,False,72479.48443603516,5230.756677600381,17.72729116980702,1.9176328987912966e-05,262.33999893824335,0.8553067223387508,0.9882873711081437,1.2051754055603177,1.2398431906970213,0.2359434754068803,1.5,0.005618080174128979,0.0024591399973336293,0.0066085331808780545,-0.0048269381253235565,0.031643640441132125,0.007538369299854642,-3289.503656277946,True
11,stress,10066,nominal_nmpc_2s,52.0,0.11562123551887306,0.024873779175525763,1.5533051771566018,0.11744882558084294,0.024088415373101166,1.5587799544823209,0.24982167352537724,-0.0021388745117187358,0.015463124999999994,0.17982167352537723,0.31982167352537727,-0.08,0.08,-0.13420043800650416,0.0270126536872445,1.5378420521566019,Solve_Succeeded,0.031908500008285046,False,851673.1371125331,0.09943561598626088,0.0,False,False,2.0,10,0.0,-3041.644939737066,0.036189475288122934,0.4992811187306089,-0.35000000999316727,-0.3500000099973042,-0.3500000099973055,-0.35,0.0,False,False,72319.46875,5216.076857588573,17.677540539122155,1.966635962623454e-05,267.5358246505348,0.8553067223387508,0.9882873711081437,1.2051754055603177,1.2398431906970213,0.2359434754068803,1.5,0.005618080174128979,0.0024591399973336293,0.0066085331808780545,-0.0048269381253235565,0.031643640441132125,0.007538369299854642,-3289.503656277946,True
11,stress,10066,nominal_nmpc_2s,52.5,0.11534005194890386,0.02481295307111849,1.565726859652228,0.11175394297131398,0.021268391994960122,1.5687345760849294,0.25114872685185186,-0.002149443359375003,0.014391021728515627,0.18114872685185185,0.32114872685185186,-0.08,0.08,-0.135808674902948,0.02696239643049349,1.5513358379237123,held,0.0,False,851673.1371125331,0.09943561598626088,0.0,False,False,2.0,10,0.0,-3034.1720792430947,0.036553177722891114,0.5012301087489158,-0.35000000999316727,-0.3500000099973042,-0.35000000999730435,-0.35,0.0,False,False,72158.65325927734,5201.350046894582,17.627630654708497,2.0171456364477855e-05,272.85971697278234,0.8553067223387508,0.9882873711081437,1.2051754055603177,1.2398431906970213,0.2359434754068803,1.5,0.005618080174128979,0.0024591399973336293,0.0066085331808780545,-0.0048269381253235565,0.031643640441132125,0.007538369299854642,-3289.503656277946,True
11,stress,10066,nominal_nmpc_2s,53.0,0.11505939414176108,0.024752276540398518,1.5781181664793744,0.12121545859943077,0.024636901863858966,1.5633072351732291,0.252454561042524,-0.0021598217773437373,0.013313681640624991,0.182454561042524,0.322454561042524,-0.08,0.08,-0.13739516690076292,0.026912098317742255,1.5648044848387495,held,0.0,False,851673.1371125331,0.09943561598626088,0.0,False,False,2.0,10,0.0,-3026.4682026219543,0.03691800652539917,0.5031907309221533,-0.35000000999316727,-0.3500000099973042,-0.3500000099973042,-0.35,0.0,False,False,71997.05224609375,5186.577529648537,17.577565868546092,2.0692088598677864e-05,278.3146593077339,0.8553067223387508,0.9882873711081437,1.2051754055603177,1.2398431906970213,0.2359434754068803,1.5,0.005618080174128979,0.0024591399973336293,0.0066085331808780545,-0.0048269381253235565,0.031643640441132125,0.007538369299854642,-3289.503656277946,True
11,stress,10066,nominal_nmpc_2s,53.5,0.11477927926545632,0.024691754205842492,1.590479173580325,0.12525750964207932,0.023054120526996808,1.6001008606731195,0.25373853309327843,-0.0021700097656250084,0.01223119995117189,0.18373853309327842,0.32373853309327844,-0.08,0.08,-0.1389592538278221,0.0268617639714675,1.578247973629153,held,0.0,False,851673.1371125331,0.09943561598626088,0.0,False,False,2.0,10,0.0,-3018.5264348810183,0.03728393744004037,0.5051628588700733,-0.35000000999316727,-0.35000000999316727,-0.35000000999366426,-0.35,0.0,False,False,71834.67999267578,5171.76058459446,17.527350514361206,2.1228740147755924e-05,283.90369788170153,0.8553067223387508,0.9882873711081437,1.2051754055603177,1.2398431906970213,0.2359434754068803,1.5,0.005618080174128979,0.0024591399973336293,0.0066085331808780545,-0.0048269381253235565,0.031643640441132125,0.007538369299854642,-3289.503656277946,True
11,stress,10066,nominal_nmpc_2s,54.0,0.11449972492148731,0.024631390827441778,1.602809959242979,0.11742751263354613,0.028634071956412183,1.6107688949931185,0.255,-0.0021800073242187745,0.011143671874999983,0.185,0.325,-0.08,0.08,-0.1405002750785127,0.026811398151660552,1.591666287367979,Solve_Succeeded,0.030816207989118993,False,612708.5462733259,0.07934622895594393,0.0,False,False,2.0,10,0.0,-3010.33971813928,0.037650946025651874,0.507146365382941,-0.35000000999715947,-0.35000000999316727,-0.350000009993227,-0.35,0.0,False,False,71671.55078125,5156.900485179787,17.47698890792972,2.1781909650413836e-05,289.6299425281927,0.8553067223387508,0.9882873711081437,1.2051754055603177,1.2398431906970213,0.2359434754068803,1.5,0.005618080174128979,0.0024591399973336293,0.0066085331808780545,-0.0048269381253235565,0.031643640441132125,0.007538369299854642,-3289.503656277946,True
11,stress,10066,nominal_nmpc_2s,54.5,0.11422074916567566,0.024571191306358497,1.6151106041705234,0.11068694712034402,0.030317716128882184,1.6237656275871202,0.2562383187585734,-0.0021898144531249802,0.010051192626953115,0.18623831875857338,0.3262383187585734,-0.08,0.08,-0.14201756959289774,0.026761005759483477,1.6050594115435703,held,0.0,False,612708.5462733259,0.07934622895594393,0.0,False,False,2.0,10,0.0,-3001.900808080587,0.03801900764672632,0.5091411224064528,-0.35000000999715947,-0.35000000999316727,-0.35000000999317443,-0.35,0.0,False,False,71507.67889404297,5141.998499642501,17.426485347372413,2.235211097021766e-05,295.4965674564813,0.8553067223387508,0.9882873711081437,1.2051754055603177,1.2398431906970213,0.2359434754068803,1.5,0.005618080174128979,0.0024591399973336293,0.0066085331808780545,-0.0048269381253235565,0.031643640441132125,0.007538369299854642,-3289.503656277946,True
11,stress,10066,nominal_nmpc_2s,55.0,0.11394237052858212,0.02451116068865233,1.6273811915529497,0.11755571048752092,0.023820006027766683,1.6214644378893615,0.2574528463648834,-0.0021994311523437365,0.008953857421875003,0.1874528463648834,0.3274528463648834,-0.08,0.08,-0.14351047583630128,0.026710591840996067,1.6184273341310746,held,0.0,False,612708.5462733259,0.07934622895594393,0.0,False,False,2.0,10,0.0,-2993.2022704088754,0.038388097464864476,0.5111470010270767,-0.35000000999715947,-0.35000000999316727,-0.3500000099931681,-0.35,0.0,False,False,71343.07861328125,5127.055891095932,17.375844113442373,2.2939873608866042e-05,301.50681200349067,0.8553067223387508,0.9882873711081437,1.2051754055603177,1.2398431906970213,0.2359434754068803,1.5,0.005618080174128979,0.0024591399973336293,0.0066085331808780545,-0.0048269381253235565,0.031643640441132125,0.007538369299854642,-3289.503656277946,True
11,stress,10066,nominal_nmpc_2s,55.5,0.1136646080355769,0.0244513041690781,1.6396218071404518,0.11427113467873075,0.02352096886620078,1.6564638309560786,0.25864293981481484,-0.002208857421874988,0.007851761474609378,0.18864293981481484,0.32864293981481485,-0.08,0.08,-0.14497833177923794,0.026660161590953087,1.6317700456658424,held,0.0,False,612708.5462733259,0.07934622895594393,0.0,False,False,2.0,10,0.0,-2984.236477310359,0.038758190430439765,0.5131638714578081,-0.35000000999715947,-0.35000000999715947,-0.35000000999667996,-0.35,0.0,False,False,71177.7642211914,5112.073917611333,17.325069469804838,2.354574312762564e-05,307.6639813673073,0.8553067223387508,0.9882873711081437,1.2051754055603177,1.2398431906970213,0.2359434754068803,1.5,0.005618080174128979,0.0024591399973336293,0.0066085331808780545,-0.0048269381253235565,0.031643640441132125,0.007538369299854642,-3289.503656277946,True
11,stress,10066,nominal_nmpc_2s,56.0,0.1133874812266345,0.024391627094953943,1.6518325393187419,0.11427238719667669,0.02808579759852023,1.6593472543681385,0.2598079561042524,-0.002218093261718762,0.006745000000000015,0.18980795610425238,0.3298079561042524,-0.08,0.08,-0.1464204748776179,0.026609720356672705,1.6450875393187419,Solve_Succeeded,0.03007191704818979,False,692612.5187544835,0.08203548013407641,0.0,False,False,2.0,10,0.0,-2974.9956039279164,0.03912926127444863,0.5151916030243355,-0.3500000099974058,-0.35000000999715947,-0.35000000999710185,-0.35,0.0,False,False,71011.75,5097.053832298304,17.27416566330976,2.4170281576901522e-05,313.9714473205616,0.8553067223387508,0.9882873711081437,1.2051754055603177,1.2398431906970213,0.2359434754068803,1.5,0.005618080174128979,0.0024591399973336293,0.0066085331808780545,-0.0048269381253235565,0.031643640441132125,0.007538369299854642,-3289.503656277946,True
11,stress,10066,nominal_nmpc_2s,56.5,0.11311101017591504,0.02433213497009984,1.664013479186316,0.11435161767450512,0.022737761048524416,1.6677361566029805,0.260947252229081,-0.0022271386718750175,0.005633668212890616,0.190947252229081,0.330947252229081,-0.08,0.08,-0.14783624205316595,0.026559273641974857,1.6583798109734254,held,0.0,False,692612.5187544835,0.08203548013407641,0.0,False,False,2.0,10,0.0,-2965.471624853207,0.03950128450052369,0.5172300641516114,-0.3500000099974058,-0.35000000999715947,-0.35000000999715253,-0.35,0.0,False,False,70845.0502319336,5081.996883383135,17.223136924257314,2.481406793389683e-05,320.432648901862,0.8553067223387508,0.9882873711081437,1.2051754055603177,1.2398431906970213,0.2359434754068803,1.5,0.005618080174128979,0.0024591399973336293,0.0066085331808780545,-0.0048269381253235565,0.031643640441132125,0.007538369299854642,-3289.503656277946,True
11,stress,10066,nominal_nmpc_2s,57.0,0.11283521551118762,0.024272833458846125,1.6761647206337074,0.11365122039543464,0.027322013729308064,1.666575944022964,0.2620601851851852,-0.00223599365234374,0.004517861328124997,0.1920601851851852,0.3320601851851852,-0.08,0.08,-0.14922496967399757,0.026508827111189865,1.6716468593055824,held,0.0,False,692612.5187544835,0.08203548013407641,0.0,False,False,2.0,10,0.0,-2955.656310642362,0.03987423437708833,0.5192791223508177,-0.3500000099974058,-0.35000000999715947,-0.35000000999715863,-0.35,0.0,False,False,70677.67919921875,5066.904314285146,17.171987466656617,2.547769854829969e-05,327.05109308338933,0.8553067223387508,0.9882873711081437,1.2051754055603177,1.2398431906970213,0.2359434754068803,1.5,0.005618080174128979,0.0024591399973336293,0.0066085331808780545,-0.0048269381253235565,0.031643640441132125,0.007538369299854642,-3289.503656277946,True
11,stress,10066,nominal_nmpc_2s,57.5,0.1125601184331451,0.02421372839011152,1.6882863604247622,0.1071164830167662,0.022964819219280935,1.6827518061039732,0.26314611196844995,-0.0022446582031249857,0.003397674560546876,0.19314611196844994,0.33314611196844995,-0.08,0.08,-0.15058599353530483,0.026458386593236505,1.6848886858642154,held,0.0,False,692612.5187544835,0.08203548013407641,0.0,False,False,2.0,10,0.0,-2945.541224361385,0.04024808492963462,0.5213386442067272,-0.3500000099974058,-0.3500000099974058,-0.3500000099973761,-0.35,0.0,False,False,70509.65118408203,5051.777363691093,17.120721488477898,2.616178759591993e-05,333.830355412705,0.8553067223387508,0.9882873711081437,1.2051754055603177,1.2398431906970213,0.2359434754068803,1.5,0.005618080174128979,0.0024591399973336293,0.0066085331808780545,-0.0048269381253235565,0.031643640441132125,0.007538369299854642,-3289.503656277946,True
11,stress,10066,nominal_nmpc_2s,58.0,0.11228574073465454,0.02415482576155004,1.70037849827997,0.10670221785804171,0.02709531014992811,1.693669248169453,0.26420438957475995,-0.00225313232421874,0.0022732031250000118,0.19420438957475994,0.33420438957475995,-0.08,0.08,-0.15191864884010542,0.02640795808576878,1.6981052951549698,Solve_Succeeded,0.032231500023044646,False,817396.3283134018,0.08750217171671823,0.0,False,False,2.0,10,0.0,-2935.1177181677567,0.040622809933107476,0.5234084953654483,-0.35000000999762215,-0.3500000099974058,-0.3500000099974023,-0.35,0.0,False,False,70340.98046875,5036.617265627709,17.06934317189833,2.686696754017876e-05,340.774080626734,0.8553067223387508,0.9882873711081437,1.2051754055603177,1.2398431906970213,0.2359434754068803,1.5,0.005618080174128979,0.0024591399973336293,0.0066085331808780545,-0.0048269381253235565,0.031643640441132125,0.007538369299854642,-3289.503656277946,True
11,stress,10066,nominal_nmpc_2s,58.5,0.11201210481998221,0.0240961317437661,1.7124412369618847,0.10937880678847425,0.027355325586095894,1.7207405641975655,0.265234375,-0.0022614160156250174,0.001144542236328136,0.19523437500000002,0.33523437500000003,-0.08,0.08,-0.15322227018001783,0.026357547759391118,1.7112966947255566,held,0.0,False,817396.3283134018,0.08750217171671823,0.0,False,False,2.0,10,0.0,-2924.3769299350342,0.04099838290438086,0.5254885405225552,-0.35000000999762215,-0.3500000099974058,-0.3500000099974054,-0.35,0.0,False,False,70171.68133544922,5021.425249532426,17.01785668354173,2.7593889601338115e-05,347.88598323584006,0.8553067223387508,0.9882873711081437,1.2051754055603177,1.2398431906970213,0.2359434754068803,1.5,0.005618080174128979,0.0024591399973336293,0.0066085331808780545,-0.0048269381253235565,0.031643640441132125,0.007538369299854642,-3289.503656277946,True
11,stress,10066,nominal_nmpc_2s,59.0,0.11173923372402812,0.024037652684596896,1.7244746823626724,0.10597689720078377,0.022578002735008398,1.7266178037137447,0.26623542524005483,-0.002269509277343776,1.1787109374994387e-05,0.19623542524005483,0.33623542524005484,-0.08,0.08,-0.15449619151602673,0.026307161961940672,1.7244628952532974,held,0.0,False,817396.3283134018,0.08750217171671823,0.0,False,False,2.0,10,0.0,-2913.309779927595,0.041374777094812076,0.5275786434115908,-0.35000000999762215,-0.3500000099974058,-0.35000000999740577,-0.35,0.0,False,False,70001.76806640625,5006.2025403223815,16.966266174712413,2.8343224233335306e-05,355.1698480758261,0.8553067223387508,0.9882873711081437,1.2051754055603177,1.2398431906970213,0.2359434754068803,1.5,0.005618080174128979,0.0024591399973336293,0.0066085331808780545,-0.0048269381253235565,0.031643640441132125,0.007538369299854642,-3289.503656277946,True
11,stress,10066,nominal_nmpc_2s,59.5,0.11146715113160055,0.023979395113461074,1.7364789435938142,0.11873125847120863,0.023089184472090553,1.7300804600313446,0.2672068972908094,-0.0022774121093750016,-0.0011249670410156398,0.19720689729080937,0.3372068972908094,-0.08,0.08,-0.15573974615920883,0.026256807222836076,1.7376039106348298,held,0.0,False,817396.3283134018,0.08750217171671823,0.0,False,False,2.0,10,0.0,-2901.906967533032,0.04175196548286362,0.5296786667929451,-0.35000000999762215,-0.35000000999762215,-0.3500000099975962,-0.35,0.0,False,False,69831.25494384766,4990.950358461709,16.914575781623235,2.9115661608067795e-05,362.6295308256172,0.8553067223387508,0.9882873711081437,1.2051754055603177,1.2398431906970213,0.2359434754068803,1.5,0.005618080174128979,0.0024591399973336293,0.0066085331808780545,-0.0048269381253235565,0.031643640441132125,0.007538369299854642,-3289.503656277946,True
11,stress,10066,nominal_nmpc_2s,60.0,0.11119588139675758,0.02392136574577252,1.7484541330780003,0.10814701032660082,0.02603901057009915,1.7515332481814467,0.26814814814814814,-0.0022851245117187363,-0.002265625000000007,0.19814814814814813,0.33814814814814814,-0.08,0.08,-0.15695226675139057,0.026206490257491256,1.7507197580780003,Solve_Succeeded,0.02906833396991715,False,901564.1935876319,0.09197744986128474,0.0,False,False,2.0,10,0.0,-2890.158968060035,0.04212992076678092,0.5317884724430973,-0.3500000099942616,-0.35000000999762215,-0.35000000999761904,-0.35,0.0,False,False,69660.15625,4975.6699200272205,16.86278962561822,2.9911912106952547e-05,370.26895848833743,0.8553067223387508,0.9882873711081437,1.2051754055603177,1.2398431906970213,0.2359434754068803,1.5,0.005618080174128979,0.0024591399973336293,0.0066085331808780545,-0.0048269381253235565,0.031643640441132125,0.007538369299854642,-3289.503656277946,True
11,stress,10066,nominal_nmpc_2s,60.5,0.11092544956223911,0.023863571487417946,1.7604003666432484,0.10964391728027105,0.025268246077519377,1.7691322737805526,0.2690585348079561,-0.00229264648437498,-0.003410091552734376,0.1990585348079561,0.3390585348079561,-0.08,0.08,-0.158133085245717,0.026156217971792926,1.7638104581959828,held,0.0,False,901564.1935876319,0.09197744986128474,0.0,False,False,2.0,10,0.0,-2878.056029610003,0.04250861535731871,0.533907921144225,-0.3500000099942616,-0.35000000999762215,-0.35000000999762176,-0.35,0.0,False,False,69488.48626708984,4960.362436772506,16.81091181338977,3.073270681955818e-05,378.0921298333793,0.8553067223387508,0.9882873711081437,1.2051754055603177,1.2398431906970213,0.2359434754068803,1.5,0.005618080174128979,0.0024591399973336293,0.0066085331808780545,-0.0048269381253235565,0.031643640441132125,0.007538369299854642,-3289.503656277946,True
11,stress,10066,nominal_nmpc_2s,61.0,0.11065588137900986,0.023806019439296788,1.7723177636192744,0.11372263369477861,0.023722154860547056,1.773076919021858,0.26993741426611795,-0.0022999780273437603,-0.004558271484374987,0.19993741426611794,0.33993741426611795,-0.08,0.08,-0.15928153288710808,0.026105997466640548,1.7768760351036494,held,0.0,False,901564.1935876319,0.09197744986128474,0.0,False,False,2.0,10,0.0,-2865.588170030965,0.04288802137050618,0.5360368726741661,-0.3500000099942616,-0.35000000999762215,-0.3500000099976221,-0.35,0.0,False,False,69316.25927734375,4945.029116190508,16.758946437190744,3.157879804908768e-05,386.1031157970451,0.8553067223387508,0.9882873711081437,1.2051754055603177,1.2398431906970213,0.2359434754068803,1.5,0.005618080174128979,0.0024591399973336293,0.0066085331808780545,-0.0048269381253235565,0.031643640441132125,0.007538369299854642,-3289.503656277946,True
11,stress,10066,nominal_nmpc_2s,61.5,0.11038720332593083,0.023748716901921745,1.78420644693615,0.10973006506476346,0.022321859436282086,1.7914406187112288,0.27078414351851854,-0.002307119140625022,-0.0057100695800781365,0.20078414351851853,0.34078414351851855,-0.08,0.08,-0.1603969401925877,0.026055836042546767,1.7899165165162283,held,0.0,False,901564.1935876319,0.09197744986128474,0.0,False,False,2.0,10,0.0,-2852.745173962801,0.043268110620446054,0.5381751857967413,-0.3500000099942616,-0.3500000099942616,-0.35000000999466535,-0.35,0.0,False,False,69143.48956298828,4929.67116157462,16.706897575041523,3.245095982445955e-05,394.30605983921447,0.8553067223387508,0.9882873711081437,1.2051754055603177,1.2398431906970213,0.2359434754068803,1.5,0.005618080174128979,0.0024591399973336293,0.0066085331808780545,-0.0048269381253235565,0.031643640441132125,0.007538369299854642,-3289.503656277946,True
11,stress,10066,nominal_nmpc_2s,62.0,0.11011944262957414,0.023691671380078144,1.7960665432252743,0.11470137745749412,0.019599887663111323,1.8035428855686748,0.27159807956104254,-0.002314069824218737,-0.006865390625000009,0.20159807956104253,0.34159807956104254,-0.08,0.08,-0.1614786369314684,0.02600574120429688,1.8029319338502743,Solve_Succeeded,0.03191041696118191,False,1370553.7152888274,0.11812790201782829,0.0,False,False,2.0,10,0.0,-2839.5165899831204,0.04364885461214002,0.5403227182524204,-0.3500000099960035,-0.3500000099942616,-0.35000000999431014,-0.35,0.0,False,False,68970.19140625,4914.289772078365,16.654769290932272,3.334998841871213e-05,402.7051782534696,0.8553067223387508,0.9882873711081437,1.2051754055603177,1.2398431906970213,0.2359434754068803,1.5,0.005618080174128979,0.0024591399973336293,0.0066085331808780545,-0.0048269381253235565,0.031643640441132125,0.007538369299854642,-3289.503656277946,True
11,stress,10066,nominal_nmpc_2s,62.5,0.1098526272841937,0.023634890587540078,1.8078981829226897,0.11128548832880139,0.022682614345867942,1.7974448779346897,0.27237857938957477,-0.0023208300781249885,-0.008024139404296873,0.20237857938957476,0.3423785793895748,-0.08,0.08,-0.16252595210538107,0.025955720665665066,1.8159223223269865,held,0.0,False,1370553.7152888274,0.11812790201782829,0.0,False,False,2.0,10,0.0,-2825.891727863575,0.04403022453433675,0.5424793267493396,-0.3500000099960035,-0.3500000099942616,-0.35000000999426745,-0.35,0.0,False,False,68796.37908935547,4898.886142773685,16.602565635020465,3.427670287342397e-05,411.3047604279989,0.8553067223387508,0.9882873711081437,1.2051754055603177,1.2398431906970213,0.2359434754068803,1.5,0.005618080174128979,0.0024591399973336293,0.0066085331808780545,-0.0048269381253235565,0.031643640441132125,0.007538369299854642,-3289.503656277946,True
11,stress,10066,nominal_nmpc_2s,63.0,0.10958678607186177,0.02357838245184112,1.8197015003747692,0.09777248398245995,0.022974352044049604,1.8267789085947963,0.27312500000000006,-0.002327399902343749,-0.009186220703124998,0.20312500000000006,0.34312500000000007,-0.08,0.08,-0.16353821392813828,0.025905782354184868,1.8288877210778942,held,0.0,False,1370553.7152888274,0.11812790201782829,0.0,False,False,2.0,10,0.0,-2811.8596559467524,0.04441219125239804,0.54464486695466,-0.3500000099960035,-0.3500000099942616,-0.35000000999426234,-0.35,0.0,False,False,68622.06689453125,4883.461464707889,16.550290643823907,3.523194552881675e-05,420.1091690545624,0.8553067223387508,0.9882873711081437,1.2051754055603177,1.2398431906970213,0.2359434754068803,1.5,0.005618080174128979,0.0024591399973336293,0.0066085331808780545,-0.0048269381253235565,0.031643640441132125,0.007538369299854642,-3289.503656277946,True
11,stress,10066,nominal_nmpc_2s,63.5,0.10932194858277938,0.023522155119097155,1.8314766339463024,0.11309904003685575,0.023372823039328822,1.8206025062812807,0.273836698388203,-0.0023337792968750326,-0.010351539306640622,0.203836698388203,0.343836698388203,-0.08,0.08,-0.16451474980542363,0.025855934415972188,1.8418281732529431,held,0.0,False,1370553.7152888274,0.11812790201782829,0.0,False,False,2.0,10,0.0,-2797.4091986542585,0.044794725301179006,0.5468191934862616,-0.3500000099960035,-0.3500000099960035,-0.35000000999579434,-0.35,0.0,False,False,68447.2691040039,4868.0169249593155,16.497948340409362,3.621658255917221e-05,429.12284028270085,0.8553067223387508,0.9882873711081437,1.2051754055603177,1.2398431906970213,0.2359434754068803,1.5,0.005618080174128979,0.0024591399973336293,0.0066085331808780545,-0.0048269381253235565,0.031643640441132125,0.007538369299854642,-3289.503656277946,True
11,stress,10066,nominal_nmpc_2s,64.0,0.1090581452357667,0.02346621695887873,1.8432237261310056,0.11140737992177585,0.01786678993459313,1.8364827413319336,0.2745130315500686,-0.0023399682617187556,-0.01152000000000003,0.2045130315500686,0.3445130315500686,-0.08,0.08,-0.1654548863143019,0.025806185220597487,1.8547437261310056,Solve_Succeeded,0.03106995898997411,False,1542012.4985317213,0.12500316176812493,0.0,False,False,2.0,10,0.0,-2782.5289341369244,0.0451777968779211,0.5490021599047784,-0.3500000099987116,-0.3500000099960035,-0.35000000999597836,-0.35,0.0,False,False,68272.0,4852.553706691728,16.445542734576904,3.723150451316663e-05,438.3502838163395,0.8553067223387508,0.9882873711081437,1.2051754055603177,1.2398431906970213,0.2359434754068803,1.5,0.005618080174128979,0.0024591399973336293,0.0066085331808780545,-0.0048269381253235565,0.031643640441132125,0.007538369299854642,-3289.503656277946,True
11,stress,10066,nominal_nmpc_2s,64.5,0.10879540729893712,0.02341057656913003,1.8549429236644788,0.10828574752050335,0.027814410691869917,1.864556407459585,0.27515335648148154,-0.0023459667968749737,-0.012691507568359378,0.20515335648148153,0.34515335648148154,-0.08,0.08,-0.16635794918254443,0.025756543366005004,1.8676344312328381,held,0.0,False,1542012.4985317213,0.12500316176812493,0.0,False,False,2.0,10,0.0,-2767.2071920786016,0.04556137583515431,0.5511936187059596,-0.3500000099987116,-0.3500000099960035,-0.3500000099960005,-0.35,0.0,False,False,68096.2738647461,4837.072989207493,16.39307782304016,3.8277626858687096e-05,447.79608294982444,0.8553067223387508,0.9882873711081437,1.2051754055603177,1.2398431906970213,0.2359434754068803,1.5,0.005618080174128979,0.0024591399973336293,0.0066085331808780545,-0.0048269381253235565,0.031643640441132125,0.007538369299854642,-3289.503656277946,True
11,stress,10066,nominal_nmpc_2s,65.0,0.10853376691055742,0.023355242781131418,1.8666343776396344,0.10863804451548106,0.02373202588450683,1.8690113119851905,0.2757570301783265,-0.0023517749023437423,-0.013865966796875004,0.20575703017832647,0.3457570301783265,-0.08,0.08,-0.16722326326776904,0.02570701768347516,1.8805003444365094,held,0.0,False,1542012.4985317213,0.12500316176812493,0.0,False,False,2.0,10,0.0,-2751.432051665318,0.045945431673608705,0.5533934213133627,-0.3500000099987116,-0.3500000099960035,-0.35000000999600317,-0.35,0.0,False,False,67920.10498046875,4821.575947999591,16.340557589602536,3.935589053166237e-05,457.46489454040494,0.8553067223387508,0.9882873711081437,1.2051754055603177,1.2398431906970213,0.2359434754068803,1.5,0.005618080174128979,0.0024591399973336293,0.0066085331808780545,-0.0048269381253235565,0.031643640441132125,0.007538369299854642,-3289.503656277946,True
11,stress,10066,nominal_nmpc_2s,65.5,0.10827325710009447,0.023300224664502194,1.8782982436246156,0.09432308582818034,0.027750541311768098,1.8815546533047147,0.2763234096364884,-0.0023573925781249783,-0.01504328247070312,0.20632340963648838,0.3463234096364884,-0.08,0.08,-0.1680501525363939,0.025657617242627172,1.8933415260953188,held,0.0,False,1542012.4985317213,0.12500316176812493,0.0,False,False,2.0,10,0.0,-2735.1913397320786,0.046329933535133525,0.5556014180713704,-0.3500000099987116,-0.3500000099987116,-0.35000000999838626,-0.35,0.0,False,False,67743.50762939453,4806.063754802459,16.287986005329568,4.046726248840151e-05,467.36144891407804,0.8553067223387508,0.9882873711081437,1.2051754055603177,1.2398431906970213,0.2359434754068803,1.5,0.005618080174128979,0.0024591399973336293,0.0066085331808780545,-0.0048269381253235565,0.031643640441132125,0.007538369299854642,-3289.503656277946,True
11,stress,10066,nominal_nmpc_2s,66.0,0.10801391180944707,0.02324553153224003,1.8899346817832279,0.11227846670277793,0.019297201544929705,1.893354861473097,0.2768518518518519,-0.0023628198242187787,-0.016223359374999982,0.2068518518518519,0.3468518518518519,-0.08,0.08,-0.16883794004240482,0.02560835135645881,1.906158041158228,Solve_Succeeded,0.02955279196612537,False,1400687.1238447488,0.11813934254868472,0.0,False,False,2.0,10,0.0,-2718.4726290999724,0.04671485019562414,0.55781745823853,-0.35000000999656994,-0.3500000099987116,-0.35000000999867253,-0.35,0.0,False,False,67566.49609375,4790.537577641742,16.23536702871751,4.161273626089529e-05,477.4905497016668,0.8553067223387508,0.9882873711081437,1.2051754055603177,1.2398431906970213,0.2359434754068803,1.5,0.005618080174128979,0.0024591399973336293,0.0066085331808780545,-0.0048269381253235565,0.031643640441132125,0.007538369299854642,-3289.503656277946,True
11,stress,10066,nominal_nmpc_2s,66.5,0.10775576591436024,0.02319117294579322,1.9015438569978953,0.10504875226462408,0.021581553206610656,1.9122266480133432,0.2773417138203018,-0.0023680566406250325,-0.0174061022949219,0.2073417138203018,0.3473417138203018,-0.08,0.08,-0.16958594790594156,0.025559229586418254,1.9189499592928172,held,0.0,False,1400687.1238447488,0.11813934254868472,0.0,False,False,2.0,10,0.0,-2701.2632371166737,0.04710015005795715,0.5600413899812113,-0.35000000999656994,-0.3500000099987116,-0.3500000099987069,-0.35,0.0,False,False,67389.08465576172,4774.998580882961,16.182704605858262,4.2793332514495994e-05,487.85707360193965,0.8553067223387508,0.9882873711081437,1.2051754055603177,1.2398431906970213,0.2359434754068803,1.5,0.005618080174128979,0.0024591399973336293,0.0066085331808780545,-0.0048269381253235565,0.031643640441132125,0.007538369299854642,-3289.503656277946,True
11,stress,10066,nominal_nmpc_2s,67.0,0.10749885524601747,0.023137158720161713,1.9131259389951627,0.09086830567879275,0.02189443858052312,1.9147827501683738,0.27779235253772294,-0.002373103027343726,-0.018591416015625015,0.20779235253772294,0.34779235253772295,-0.08,0.08,-0.17029349729170545,0.02551026174750544,1.9317173550107878,held,0.0,False,1400687.1238447488,0.11813934254868472,0.0,False,False,2.0,10,0.0,-2683.5502244138897,0.047485801144934434,0.562273060367581,-0.35000000999656994,-0.3500000099987116,-0.35000000999871106,-0.35,0.0,False,False,67211.28759765625,4759.44792527913,16.13000267060079,4.4010099607346826e-05,498.46597006850124,0.8553067223387508,0.9882873711081437,1.2051754055603177,1.2398431906970213,0.2359434754068803,1.5,0.005618080174128979,0.0024591399973336293,0.0066085331808780545,-0.0048269381253235565,0.031643640441132125,0.007538369299854642,-3289.503656277946,True
11,stress,10066,nominal_nmpc_2s,67.5,0.10724321661280492,0.02308349892902251,1.9246811024737536,0.10428984211285372,0.021004971913047895,1.9206468162019943,0.278203125,-0.00237795898437497,-0.019779205322265625,0.208203125,0.348203125,-0.08,0.08,-0.17095990838719508,0.02546145791339748,1.9444603077960192,held,0.0,False,1400687.1238447488,0.11813934254868472,0.0,False,False,2.0,10,0.0,-2665.3203938956995,0.04787177109223781,0.5645123153618897,-0.35000000999656994,-0.35000000999656994,-0.3500000099968272,-0.35,0.0,False,False,67033.11920166016,4743.886768017366,16.077265144709028,4.5264114150890264e-05,509.32226091714347,0.8553067223387508,0.9882873711081437,1.2051754055603177,1.2398431906970213,0.2359434754068803,1.5,0.005618080174128979,0.0024591399973336293,0.0066085331808780545,-0.0048269381253235565,0.031643640441132125,0.007538369299854642,-3289.503656277946,True
11,stress,10066,nominal_nmpc_2s,68.0,0.10698888782224011,0.02303020390987484,1.9362095272351956,0.10967602712670274,0.02126216885953279,1.9284247686679754,0.27857338820301786,-0.002382624511718723,-0.020969374999999985,0.20857338820301785,0.34857338820301786,-0.08,0.08,-0.17158450038077774,0.025412828421593564,1.9571789022351955,Solve_Succeeded,0.03230154101038352,False,1235141.0103487559,0.1098793943402148,0.0,False,False,2.0,10,0.0,-2646.560289972137,0.048258027141395765,0.5667589998190704,-0.35000000999874975,-0.35000000999656994,-0.35000000999660086,-0.35,0.0,False,False,66854.59375,4728.316262764509,16.02449593801654,4.655648157074027e-05,520.4310398503013,0.8553067223387508,0.9882873711081437,1.2051754055603177,1.2398431906970213,0.2359434754068803,1.5,0.005618080174128979,0.0024591399973336293,0.0066085331808780545,-0.0048269381253235565,0.031643640441132125,0.007538369299854642,-3289.503656277946,True
11,stress,10066,nominal_nmpc_2s,68.5,0.10673590770305619,0.022977284269200177,1.9477113983170222,0.11290630908316406,0.015886493965893693,1.9389317649351294,0.2789024991426612,-0.00238709960937504,-0.022161829833984348,0.20890249914266118,0.3489024991426612,-0.08,0.08,-0.172166591439605,0.025364383878575217,1.9698732281510065,held,0.0,False,1235141.0103487559,0.1098793943402148,0.0,False,False,2.0,10,0.0,-2627.2561980528576,0.048644536132765245,0.5690129574796432,-0.35000000999874975,-0.35000000999656994,-0.35000000999657366,-0.35,0.0,False,False,66675.72552490234,4712.737559711781,15.97169894857784,4.788833666715245e-05,531.797471895164,0.8553067223387508,0.9882873711081437,1.2051754055603177,1.2398431906970213,0.2359434754068803,1.5,0.005618080174128979,0.0024591399973336293,0.0066085331808780545,-0.0048269381253235565,0.031643640441132125,0.007538369299854642,-3289.503656277946,True
11,stress,10066,nominal_nmpc_2s,69.0,0.10648431612743124,0.022924750887631858,1.9591869061285574,0.10542235967960818,0.02191236563671452,1.9602163217499122,0.27918981481481486,-0.0023913842773437832,-0.023356474609375025,0.20918981481481486,0.34918981481481487,-0.08,0.08,-0.1727054986873836,0.02531613516497564,1.9825433807379325,held,0.0,False,1235141.0103487559,0.1098793943402148,0.0,False,False,2.0,10,0.0,-2607.394144316062,0.049031264498530736,0.5712740309649265,-0.35000000999874975,-0.35000000999656994,-0.3500000099965704,-0.35,0.0,False,False,66496.52880859375,4697.151805618527,15.918878062816649,4.926084417428172e-05,543.4267927519905,0.8553067223387508,0.9882873711081437,1.2051754055603177,1.2398431906970213,0.2359434754068803,1.5,0.005618080174128979,0.0024591399973336293,0.0066085331808780545,-0.0048269381253235565,0.031643640441132125,0.007538369299854642,-3289.503656277946,True
11,stress,10066,nominal_nmpc_2s,69.5,0.1062341540333509,0.022872614925128796,1.970636246589286,0.10754725362720916,0.021747751201008973,1.9918956590956554,0.27943469221536354,-0.0023954785156249797,-0.02455321411132813,0.20943469221536354,0.34943469221536355,-0.08,0.08,-0.17320053818201264,0.025268093440753776,1.995189460700614,held,0.0,False,1235141.0103487559,0.1098793943402148,0.0,False,False,2.0,10,0.0,-2586.959895768333,0.04941817825572434,0.5735420617725491,-0.35000000999874975,-0.35000000999874975,-0.35000000999848796,-0.35,0.0,False,False,66317.01788330078,4681.560143855039,15.866037155671014,5.067519931736323e-05,555.3243080490911,0.8553067223387508,0.9882873711081437,1.2051754055603177,1.2398431906970213,0.2359434754068803,1.5,0.005618080174128979,0.0024591399973336293,0.0066085331808780545,-0.0048269381253235565,0.031643640441132125,0.007538369299854642,-3289.503656277946,True
11,stress,10066,nominal_nmpc_2s,70.0,0.10598546344709071,0.022820887826147464,1.98205962126981,0.10889754758854965,0.02406179653660865,1.974849055051723,0.27963648834019206,-0.0023993823242187406,-0.025751953125000004,0.20963648834019205,0.34963648834019206,-0.08,0.08,-0.17365102489310136,0.025220270150366205,2.00781157439481,Solve_Succeeded,0.029950459022074938,False,1006433.1737333717,0.10089023305421022,0.0,False,False,2.0,10,0.0,-2565.9389606113796,0.04980524299927049,0.5758168902722643,-0.3500000099964252,-0.35000000999874975,-0.3500000099987183,-0.35,0.0,False,False,66137.20703125,4665.963714444511,15.813180090735505,5.213262836690286e-05,567.495392500931,0.8553067223387508,0.9882873711081437,1.2051754055603177,1.2398431906970213,0.2359434754068803,1.5,0.005618080174128979,0.0024591399973336293,0.0066085331808780545,-0.0048269381253235565,0.031643640441132125,0.007538369299854642,-3289.503656277946,True
11,stress,10066,nominal_nmpc_2s,70.5,0.10573828750580365,0.022769581324805957,1.9934572375353903,0.0984075716537535,0.02272436373116275,1.9963812946871158,0.2797945601851852,-0.0024030957031249828,-0.02695259643554687,0.20979456018518522,0.34979456018518523,-0.08,0.08,-0.17405627267938156,0.02517267702793094,2.020409833970937,held,0.0,False,1006433.1737333717,0.10089023305421022,0.0,False,False,2.0,10,0.0,-2544.316588932135,0.05019242389505947,0.5780983557020595,-0.3500000099964252,-0.35000000999874975,-0.350000009998746,-0.35,0.0,False,False,65957.11053466797,4650.3636541041415,15.760310720400511,5.363438918890684e-05,579.9454889657356,0.8553067223387508,0.9882873711081437,1.2051754055603177,1.2398431906970213,0.2359434754068803,1.5,0.005618080174128979,0.0024591399973336293,0.0066085331808780545,-0.0048269381253235565,0.031643640441132125,0.007538369299854642,-3289.503656277946,True
11,stress,10066,nominal_nmpc_2s,71.0,0.10549267048019643,0.022718707450033664,2.0048293086920648,0.10258571227138956,0.022986051018694265,2.0021943932233306,0.27990826474622776,-0.0024066186523437755,-0.028155048828124987,0.20990826474622776,0.34990826474622777,-0.08,0.08,-0.17441559426603132,0.02512532610237744,2.03298435752019,held,0.0,False,1006433.1737333717,0.10089023305421022,0.0,False,False,2.0,10,0.0,-2522.077773732987,0.050579685673054584,0.5803862961645628,-0.3500000099964252,-0.35000000999874975,-0.3500000099987493,-0.35,0.0,False,False,65776.74267578125,4634.761096285395,15.707432885988693,5.518177179012722e-05,592.6801073989762,0.8553067223387508,0.9882873711081437,1.2051754055603177,1.2398431906970213,0.2359434754068803,1.5,0.005618080174128979,0.0024591399973336293,0.0066085331808780545,-0.0048269381253235565,0.031643640441132125,0.007538369299854642,-3289.503656277946,True
11,stress,10066,nominal_nmpc_2s,71.5,0.10524865779727693,0.022668278530699738,2.0161760541353377,0.10272122771312847,0.021919566170688996,2.0295027994473176,0.2799769590192044,-0.0024099511718750355,-0.029359215087890647,0.20997695901920438,0.3499769590192044,-0.08,0.08,-0.17472830122192745,0.025078229702574773,2.0455352692232283,held,0.0,False,1006433.1737333717,0.10089023305421022,0.0,False,False,2.0,10,0.0,-2499.2072523193483,0.05096699262043766,0.5826805486237413,-0.3500000099964252,-0.3500000099964252,-0.35000000999670444,-0.35,0.0,False,False,65596.1177368164,4619.157171213474,15.654550417888743,5.677609885723903e-05,605.7048236990452,0.8553067223387508,0.9882873711081437,1.2051754055603177,1.2398431906970213,0.2359434754068803,1.5,0.005618080174128979,0.0024591399973336293,0.0066085331808780545,-0.0048269381253235565,0.031643640441132125,0.007538369299854642,-3289.503656277946,True
11,stress,10066,nominal_nmpc_2s,72.0,0.10500629606315354,0.022618307200713176,2.0274976995014264,0.10463307705098841,0.021213284250116586,2.0216213606076483,0.28,-0.002413093261718735,-0.030565000000000023,0.21000000000000002,0.35000000000000003,-0.08,0.08,-0.1749937039368465,0.02503140046243191,2.0580626995014266,Solve_Succeeded,0.030595541989896446,False,1206773.845704734,0.10939316949288819,0.0,False,False,2.0,10,0.0,-2475.689508062042,0.05135430857479902,0.5849809489018909,-0.35000000999891157,-0.3500000099964252,-0.35000000999645875,-0.35,0.0,False,False,65415.25,4603.553005925993,15.60166713568647,5.8418726288811247e-05,619.0252784414625,0.8553067223387508,0.9882873711081437,1.2051754055603177,1.2398431906970213,0.2359434754068803,1.5,0.005618080174128979,0.0024591399973336293,0.0066085331808780545,-0.0048269381253235565,0.031643640441132125,0.007538369299854642,-3289.503656277946,True
11,stress,10066,nominal_nmpc_2s,72.5,0.10476563308586577,0.022568806404087004,2.0387944768210478,0.0974228265925023,0.02459370583342441,2.038685854396712,0.2799884221215252,-0.0024160449218749713,-0.03177230834960938,0.2099884221215252,0.3499884221215252,-0.08,0.08,-0.1752227890356594,0.024984851325961975,2.0705667851706573,held,0.0,False,1206773.845704734,0.10939316949288819,0.0,False,False,2.0,10,0.0,-2451.508772552459,0.0517415969173773,0.5872873316769143,-0.35000000999891157,-0.3500000099964252,-0.3500000099964293,-0.35,0.0,False,False,65234.153747558594,4587.949724310893,15.548786848293275,6.0111043718865036e-05,632.6471754978468,0.8553067223387508,0.9882873711081437,1.2051754055603177,1.2398431906970213,0.2359434754068803,1.5,0.005618080174128979,0.0024591399973336293,0.0066085331808780545,-0.0048269381253235565,0.031643640441132125,0.007538369299854642,-3289.503656277946,True
11,stress,10066,nominal_nmpc_2s,73.0,0.10452671789822407,0.02251978939995869,2.050066624675726,0.10823133959198189,0.022948396102514364,2.052642446176304,0.27995386457550714,-0.0024188061523437304,-0.032981044921874994,0.20995386457550713,0.34995386457550715,-0.08,0.08,-0.17542714667728307,0.02493859555230242,2.083047669597601,held,0.0,False,1206773.845704734,0.10939316949288819,0.0,False,False,2.0,10,0.0,-2426.6490281685933,0.05212882056635599,0.5895995304798856,-0.35000000999891157,-0.3500000099964252,-0.3500000099964257,-0.35,0.0,False,False,65052.84326171875,4572.348447143617,15.49591335407216,6.185447503075988e-05,646.5762805359731,0.8553067223387508,0.9882873711081437,1.2051754055603177,1.2398431906970213,0.2359434754068803,1.5,0.005618080174128979,0.0024591399973336293,0.0066085331808780545,-0.0048269381253235565,0.031643640441132125,0.007538369299854642,-3289.503656277946,True
11,stress,10066,nominal_nmpc_2s,73.5,0.104289600780635,0.02247126976755854,2.0613143883565996,0.10805183131989887,0.0256798995503485,2.0593163859117802,0.2798965914960556,-0.002421376953125026,-0.03419111450195311,0.2098965914960556,0.3498965914960556,-0.08,0.08,-0.17560699071542063,0.024892646720683566,2.0955055028585527,held,0.0,False,1206773.845704734,0.10939316949288819,0.0,False,False,2.0,10,0.0,-2401.094011070534,0.05251594197022323,0.5919173776928992,-0.35000000999891157,-0.35000000999891157,-0.3500000099986129,-0.35,0.0,False,False,64871.33282470703,4556.750292123559,15.44305044096124,6.365047886007498e-05,660.8184193971339,0.8553067223387508,0.9882873711081437,1.2051754055603177,1.2398431906970213,0.2359434754068803,1.5,0.005618080174128979,0.0024591399973336293,0.0066085331808780545,-0.0048269381253235565,0.031643640441132125,0.007538369299854642,-3289.503656277946,True
11,stress,10066,nominal_nmpc_2s,74.0,0.10405433328388673,0.02242326141111747,2.0725380200256955,0.1003536560027951,0.024209579825465174,2.07473846220557,0.27981686701728026,-0.0024237573242187754,-0.03540242187500002,0.20981686701728025,0.34981686701728026,-0.08,0.08,-0.1757625337333935,0.024847018735336245,2.1079404419006957,Solve_Succeeded,0.031101291999220848,False,977597.5749119476,0.10946321101448515,0.0,False,False,2.0,10,0.0,-2374.8272146441573,0.05290292310120252,0.5942407045472012,-0.35000000999680475,-0.35000000999891157,-0.3500000099988757,-0.35,0.0,False,False,64689.63671875,4541.156373909807,15.390201886594888,6.550054908509462e-05,675.3794763470775,0.8553067223387508,0.9882873711081437,1.2051754055603177,1.2398431906970213,0.2359434754068803,1.5,0.005618080174128979,0.0024591399973336293,0.0066085331808780545,-0.0048269381253235565,0.031643640441132125,0.007538369299854642,-3289.503656277946,True
11,stress,10066,nominal_nmpc_2s,74.5,0.10382096825186808,0.022375778564705177,2.0837377788796405,0.10572742289283074,0.02439363873648889,2.0892207075997957,0.27971495527329077,-0.002425947265624978,-0.03661487182617189,0.20971495527329076,0.3497149552732908,-0.08,0.08,-0.17589398702142267,0.024801725830330155,2.1203526507058124,held,0.0,False,977597.5749119476,0.10946321101448515,0.0,False,False,2.0,10,0.0,-2347.831893412085,0.053289725448761566,0.5965693411216009,-0.35000000999680475,-0.35000000999891157,-0.35000000999890724,-0.35,0.0,False,False,64507.76922607422,4525.567804156212,15.337371458422572,6.74062153034342e-05,690.2653921967718,0.8553067223387508,0.9882873711081437,1.2051754055603177,1.2398431906970213,0.2359434754068803,1.5,0.005618080174128979,0.0024591399973336293,0.0066085331808780545,-0.0048269381253235565,0.031643640441132125,0.007538369299854642,-3289.503656277946,True
11,stress,10066,nominal_nmpc_2s,75.0,0.10358955984419281,0.02232883579698933,2.094913931315771,0.10610796811173999,0.02380063386367829,2.101339749144554,0.2795911203981969,-0.0024279467773437313,-0.037828369140625,0.20959112039819688,0.3495911203981969,-0.08,0.08,-0.17600156055400407,0.024756782574333062,2.132742300456396,held,0.0,False,977597.5749119476,0.10946321101448515,0.0,False,False,2.0,10,0.0,-2320.0910674311854,0.053676310013207995,0.598903116341161,-0.35000000999680475,-0.35000000999891157,-0.35000000999891107,-0.35,0.0,False,False,64325.74462890625,4509.985691545775,15.284562913825413,6.936904329327864e-05,705.4821622892589,0.8553067223387508,0.9882873711081437,1.2051754055603177,1.2398431906970213,0.2359434754068803,1.5,0.005618080174128979,0.0024591399973336293,0.0066085331808780545,-0.0048269381253235565,0.031643640441132125,0.007538369299854642,-3289.503656277946,True
11,stress,10066,nominal_nmpc_2s,75.5,0.1033601635586993,0.02228244801590604,2.1060667511006037,0.10181292542555635,0.020323234164077036,2.093345813959341,0.2794456265261082,-0.0024297558593749935,-0.03904281860351562,0.2094456265261082,0.3494456265261082,-0.08,0.08,-0.1760854629674089,0.024712203875281034,2.145109569704119,held,0.0,False,977597.5749119476,0.10946321101448515,0.0,False,False,2.0,10,0.0,-2291.5875271961067,0.054062637299380295,0.6012418579761649,-0.35000000999680475,-0.35000000999680475,-0.35000000999705777,-0.35,0.0,False,False,64143.577209472656,4494.411141824394,15.231780000230545,7.139063545763159e-05,721.0358343488762,0.8553067223387508,0.9882873711081437,1.2051754055603177,1.2398431906970213,0.2359434754068803,1.5,0.005618080174128979,0.0024591399973336293,0.0066085331808780545,-0.0048269381253235565,0.031643640441132125,0.007538369299854642,-3289.503656277946,True
11,stress,10066,nominal_nmpc_2s,76.0,0.10313283625379413,0.022236630473231458,2.117196519540611,0.10049186089990084,0.019918144246810748,2.11125028153602,0.2792787377911345,-0.0024313745117187785,-0.04025812499999999,0.20927873779113448,0.3492787377911345,-0.08,0.08,-0.17614590153734036,0.024668004984950236,2.1574546445406106,Solve_Succeeded,0.029932082979939878,False,1241001.8361776972,0.11229467434346967,0.0,False,False,2.0,10,0.0,-2262.3038390684997,0.05444866731044309,0.6035853926413581,-0.35000000999752534,-0.35000000999680475,-0.35000000999683517,-0.35,0.0,False,False,63961.28125,4478.845257833978,15.179026455223338,7.347263124990466e-05,736.9325061891485,0.8553067223387508,0.9882873711081437,1.2051754055603177,1.2398431906970213,0.2359434754068803,1.5,0.005618080174128979,0.0024591399973336293,0.0066085331808780545,-0.0048269381253235565,0.031643640441132125,0.007538369299854642,-3289.503656277946,True
11,stress,10066,nominal_nmpc_2s,76.5,0.10290763617060647,0.022191398769043975,2.1283035256552605,0.10053818923634686,0.019221906156814683,2.138954671132354,0.27909071832738547,-0.002432802734375031,-0.0414741931152344,0.20909071832738546,0.3490907183273855,-0.08,0.08,-0.176183082156779,0.024624201503419006,2.169777718770495,held,0.0,False,1241001.8361776972,0.11229467434346967,0.0,False,False,2.0,10,0.0,-2232.222351251745,0.05483435954179619,0.6059335457954627,-0.35000000999752534,-0.35000000999680475,-0.3500000099968084,-0.35,0.0,False,False,63778.871032714844,4463.289139544943,15.126306006657531,7.561670757910231e-05,753.1783232756824,0.8553067223387508,0.9882873711081437,1.2051754055603177,1.2398431906970213,0.2359434754068803,1.5,0.005618080174128979,0.0024591399973336293,0.0066085331808780545,-0.0048269381253235565,0.031643640441132125,0.007538369299854642,-3289.503656277946,True
11,stress,10066,nominal_nmpc_2s,77.0,0.10268462295491859,0.022146768856066094,2.1393880663522538,0.09791462984579519,0.023722330099674623,2.142870901971187,0.27888183226897073,-0.0024340405273437365,-0.04269092773437502,0.20888183226897072,0.34888183226897074,-0.08,0.08,-0.17619720931405214,0.02458080938340983,2.1820789940866288,held,0.0,False,1241001.8361776972,0.11229467434346967,0.0,False,False,2.0,10,0.0,-2201.32520033109,0.05521967297510773,0.6082861417409636,-0.35000000999752534,-0.35000000999680475,-0.3500000099968052,-0.35,0.0,False,False,63596.36083984375,4447.743884088104,15.073622372763316,7.782457919278308e-05,769.7794761404259,0.8553067223387508,0.9882873711081437,1.2051754055603177,1.2398431906970213,0.2359434754068803,1.5,0.005618080174128979,0.0024591399973336293,0.0066085331808780545,-0.0048269381253235565,0.031643640441132125,0.007538369299854642,-3289.503656277946,True
11,stress,10066,nominal_nmpc_2s,77.5,0.10246385767883605,0.022102757043874634,2.1504504466049004,0.10580370904266041,0.023355649167324265,2.1465982697524857,0.27865234375000003,-0.002435087890624979,-0.043908233642578134,0.20865234375000002,0.34865234375000004,-0.08,0.08,-0.176188486071164,0.024537844934499613,2.1943586802474786,held,0.0,False,1241001.8361776972,0.11229467434346967,0.0,False,False,2.0,10,0.0,-2169.594318399188,0.055604566072481584,0.610643003624165,-0.35000000999752534,-0.35000000999752534,-0.35000000999743885,-0.35,0.0,False,False,63413.76495361328,4432.210585785984,15.020979262253448,8.00979990359042e-05,786.742197643709,0.8553067223387508,0.9882873711081437,1.2051754055603177,1.2398431906970213,0.2359434754068803,1.5,0.005618080174128979,0.0024591399973336293,0.0066085331808780545,-0.0048269381253235565,0.031643640441132125,0.007538369299854642,-3289.503656277946,True
11,stress,10066,nominal_nmpc_2s,78.0,0.10224540286215955,0.02205938000296756,2.1614909796315662,0.09619220196274453,0.02444249560230054,2.1647839411300076,0.27840251690458306,-0.0024359448242187165,-0.045126015625,0.20840251690458306,0.34840251690458307,-0.08,0.08,-0.1761571140424235,0.024495324827186277,2.2066169952565664,Solve_Succeeded,0.0324724999954924,False,899671.0339519961,0.11221031494183853,0.0,False,False,2.0,10,0.0,-2137.011440787034,0.05598899677076992,0.6130039534355131,-0.3500000099989743,-0.35000000999752534,-0.35000000999751496,-0.35,0.0,False,False,63231.09765625,4416.690336183554,14.968380374427417,8.243875858358061e-05,804.0727600805459,0.8553067223387508,0.9882873711081437,1.2051754055603177,1.2398431906970213,0.2359434754068803,1.5,0.005618080174128979,0.0024591399973336293,0.0066085331808780545,-0.0048269381253235565,0.031643640441132125,0.007538369299854642,-3289.503656277946,True
11,stress,10066,nominal_nmpc_2s,78.5,0.10202932249341876,0.022016654768675297,2.1725099870771127,0.11318987707985007,0.023556015281861725,2.1702081309965493,0.27813261586682947,-0.0024366113281250323,-0.04634417846679685,0.20813261586682946,0.3481326158668295,-0.08,0.08,-0.1761032933734107,0.02445326609680033,2.2188541655439096,held,0.0,False,899671.0339519961,0.11221031494183853,0.0,False,False,2.0,10,0.0,-2103.5581144203006,0.05637292247604236,0.6153688120101857,-0.3500000099989743,-0.35000000999752534,-0.3500000099975241,-0.35,0.0,False,False,63048.37322998047,4401.184224078418,14.91582939927376,8.484868814571105e-05,821.7774721277245,0.8553067223387508,0.9882873711081437,1.2051754055603177,1.2398431906970213,0.2359434754068803,1.5,0.005618080174128979,0.0024591399973336293,0.0066085331808780545,-0.0048269381253235565,0.031643640441132125,0.007538369299854642,-3289.503656277946,True
11,stress,10066,nominal_nmpc_2s,79.0,0.10181568205052655,0.021974598744904,2.183507799196251,0.10858886242671396,0.02625805081429071,2.185116355740155,0.277842904770849,-0.002437087402343774,-0.047562626953125034,0.207842904770849,0.347842904770849,-0.08,0.08,-0.17602722272032245,0.024411686147247775,2.231070426149376,held,0.0,False,899671.0339519961,0.11221031494183853,0.0,False,False,2.0,10,0.0,-2069.215706821041,0.05675630005822374,0.6177373990289489,-0.3500000099989743,-0.35000000999752534,-0.3500000099975252,-0.35,0.0,False,False,62865.60595703125,4385.6933355504425,14.863330017570455,8.732965714134524e-05,839.8626756282633,0.8553067223387508,0.9882873711081437,1.2051754055603177,1.2398431906970213,0.2359434754068803,1.5,0.005618080174128979,0.0024591399973336293,0.0066085331808780545,-0.0048269381253235565,0.031643640441132125,0.007538369299854642,-3289.503656277946,True
11,stress,10066,nominal_nmpc_2s,79.5,0.10160454852101065,0.021933229707697868,2.1944847550387223,0.08598269950684298,0.023497762843366996,2.183604077434199,0.27753364775075134,-0.002437373046874969,-0.048781265869140625,0.20753364775075134,0.34753364775075135,-0.08,0.08,-0.1759290992297407,0.024370602754572836,2.2432660209078628,held,0.0,False,899671.0339519961,0.11221031494183853,0.0,False,False,2.0,10,0.0,-2033.9654157745174,0.05713908584591232,0.6201095330192727,-0.3500000099989743,-0.3500000099989743,-0.3500000099988002,-0.35,0.0,False,False,62682.810119628906,4370.218753990877,14.810885900983639,8.98835743405936e-05,858.334742209982,0.8553067223387508,0.9882873711081437,1.2051754055603177,1.2398431906970213,0.2359434754068803,1.5,0.005618080174128979,0.0024591399973336293,0.0066085331808780545,-0.0048269381253235565,0.031643640441132125,0.007538369299854642,-3289.503656277946,True
11,stress,10066,nominal_nmpc_2s,80.0,0.10139599042177778,0.02189256580860717,2.205441202636212,0.1051433233615586,0.01886392915105036,2.1994576928723686,0.27720510894064615,-0.002437468261718756,-0.05,0.20720510894064614,0.34720510894064616,-0.08,0.08,-0.17580911851886838,0.024330034070325926,2.2554412026362116,Solve_Succeeded,0.031138958991505206,False,1179184.085585954,0.11029786081143929,0.0,False,False,2.0,10,0.0,-1997.7882796808863,0.0575212356213916,0.6224850313567132,-0.35000000999928,-0.3500000099989743,-0.35000000999895337,-0.35,0.0,False,False,62500.0,4354.761560130941,14.758500712164466,9.251238807179377e-05,877.2000697349055,0.8553067223387508,0.9882873711081437,1.2051754055603177,1.2398431906970213,0.2359434754068803,1.5,0.005618080174128979,0.0024591399973336293,0.0066085331808780545,-0.0048269381253235565,0.031643640441132125,0.007538369299854642,-3289.503656277946,True
11,stress,10066,nominal_nmpc_2s,80.5,0.10119007781836357,0.021852625577848298,2.216377499190894,0.10833703052826327,0.020080394618706334,2.2138068717208843,0.27685755247464316,-0.0024373730468749966,-0.05121873413085938,0.20685755247464316,0.34685755247464317,-0.08,0.08,-0.17566747465627958,0.024289998624723294,2.267596233321753,held,0.0,False,1179184.085585954,0.11029786081143929,0.0,False,False,2.0,10,0.0,-1960.6651886111724,0.05790270461584876,0.6248637102665509,-0.35000000999928,-0.3500000099989743,-0.3500000099989718,-0.35,0.0,False,False,62317.189880371094,4339.322832069908,14.706178104844305,9.521808639157457e-05,896.465078576407,0.8553067223387508,0.9882873711081437,1.2051754055603177,1.2398431906970213,0.2359434754068803,1.5,0.005618080174128979,0.0024591399973336293,0.0066085331808780545,-0.0048269381253235565,0.031643640441132125,0.007538369299854642,-3289.503656277946,True
11,stress,10066,nominal_nmpc_2s,81.0,0.1009868823436202,0.0218134279272417,2.227294011265502,0.0965930220111454,0.025183688620980034,2.226561163689714,0.27649124248685203,-0.002437087402343746,-0.052437373046875,0.20649124248685202,0.34649124248685204,-0.08,0.08,-0.17550436014323184,0.024250515329585446,2.279731384312377,held,0.0,False,1179184.085585954,0.11029786081143929,0.0,False,False,2.0,10,0.0,-1922.5768960866747,0.058283447504813096,0.6272453848256894,-0.35000000999928,-0.3500000099989743,-0.350000009998974,-0.35,0.0,False,False,62134.39404296875,4323.90364530272,14.653921723928308,9.800269721537944e-05,916.1362077211044,0.8553067223387508,0.9882873711081437,1.2051754055603177,1.2398431906970213,0.2359434754068803,1.5,0.005618080174128979,0.0024591399973336293,0.0066085331808780545,-0.0048269381253235565,0.031643640441132125,0.007538369299854642,-3289.503656277946,True
11,stress,10066,nominal_nmpc_2s,81.5,0.10078647721579138,0.021774992152913262,2.2381911149748075,0.09971769883192245,0.024877880071127192,2.2450553558110893,0.27610644311138244,-0.0024366113281250046,-0.05365582153320313,0.20610644311138243,0.34610644311138244,-0.08,0.08,-0.17531996589559107,0.024211603481038266,2.2918469365080107,held,0.0,False,1179184.085585954,0.11029786081143929,0.0,False,False,2.0,10,0.0,-1883.504031600704,0.058663418403829354,0.6296298689648132,-0.35000000999928,-0.35000000999928,-0.35000000999924324,-0.35,0.0,False,False,61951.62677001953,4308.505072747086,14.601735205587266,0.00010086828840592718,936.2199106925834,0.8553067223387508,0.9882873711081437,1.2051754055603177,1.2398431906970213,0.2359434754068803,1.5,0.005618080174128979,0.0024591399973336293,0.0066085331808780545,-0.0048269381253235565,0.031643640441132125,0.007538369299854642,-3289.503656277946,True
11,stress,10066,nominal_nmpc_2s,82.0,0.10058893725592316,0.021737337937744242,2.2490691961783895,0.10082128968309842,0.021967424073836714,2.257830178594724,0.27570341848234414,-0.0024359448242187443,-0.054873984375000004,0.20570341848234414,0.34570341848234415,-0.08,0.08,-0.17511448122642098,0.024173282761962987,2.3039431805533894,Solve_Succeeded,0.03234333300497383,False,925430.9559770823,0.10488212879924572,0.0,False,False,2.0,10,0.0,-1843.4271139010687,0.059042570864379466,0.6320169754707983,-0.35000000999922404,-0.35000000999928,-0.35000000999927555,-0.35,0.0,False,False,61768.90234375,4293.128184770147,14.549622177347963,0.00010381696781701378,956.7226512942332,0.8553067223387508,0.9882873711081437,1.2051754055603177,1.2398431906970213,0.2359434754068803,1.5,0.005618080174128979,0.0024591399973336293,0.0066085331808780545,-0.0048269381253235565,0.031643640441132125,0.007538369299854642,-3289.503656277946,True
11,stress,10066,nominal_nmpc_2s,82.5,0.10039433890455689,0.021700485353554563,2.259928650674559,0.0894393863896853,0.022480071168947457,2.268001654974874,0.2752824327338468,-0.0024350878906250206,-0.05609176635742187,0.20528243273384678,0.3452824327338468,-0.08,0.08,-0.17488809382928988,0.024135573244179583,2.316020417031981,held,0.0,False,925430.9559770823,0.10488212879924572,0.0,False,False,2.0,10,0.0,-1802.3265650513192,0.05942085787006858,0.6344065159893799,-0.35000000999922404,-0.35000000999928,-0.35000000999927944,-0.35,0.0,False,False,61586.23504638672,4277.774049214653,14.497586258181908,0.00010685088328997794,977.6508991685658,0.8553067223387508,0.9882873711081437,1.2051754055603177,1.2398431906970213,0.2359434754068803,1.5,0.005618080174128979,0.0024591399973336293,0.0066085331808780545,-0.0048269381253235565,0.031643640441132125,0.007538369299854642,-3289.503656277946,True
11,stress,10066,nominal_nmpc_2s,83.0,0.10020276023764907,0.02166445486300386,2.2707698843953072,0.10629190571384824,0.023884177074987616,2.2717578221341244,0.27484375,-0.0024340405273437504,-0.057309072265625025,0.20484375,0.34484375,-0.08,0.08,-0.17464098976235093,0.02409849539034761,2.3280789566609323,held,0.0,False,925430.9559770823,0.10488212879924572,0.0,False,False,2.0,10,0.0,-1760.1827252881722,0.05979823183309016,0.6367983010280722,-0.35000000999922404,-0.35000000999928,-0.35000000999927994,-0.35,0.0,False,False,61403.63916015625,4262.443731424724,14.445631058592618,0.0001099722226000783,999.011125170604,0.8553067223387508,0.9882873711081437,1.2051754055603177,1.2398431906970213,0.2359434754068803,1.5,0.005618080174128979,0.0024591399973336293,0.0066085331808780545,-0.0048269381253235565,0.031643640441132125,0.007538369299854642,-3289.503656277946,True
11,stress,10066,nominal_nmpc_2s,83.5,0.1000142809816613,0.021629267321194353,2.281593313602129,0.1046396243387081,0.0214088101904261,2.2721445826332407,0.27438763441491365,-0.002432802734374989,-0.05852580688476562,0.20438763441491364,0.34438763441491366,-0.08,0.08,-0.17437335343325233,0.024062070055569342,2.3401191204868947,held,0.0,False,925430.9559770823,0.10488212879924572,0.0,False,False,2.0,10,0.0,-1716.9758686920293,0.06017464459098658,0.6391921399593407,-0.35000000999922404,-0.35000000999922404,-0.35000000999923075,-0.35,0.0,False,False,61221.128967285156,4247.138294271152,14.393760180701383,0.00011318321334994785,1020.8097965530129,0.8553067223387508,0.9882873711081437,1.2051754055603177,1.2398431906970213,0.2359434754068803,1.5,0.005618080174128979,0.0024591399973336293,0.0066085331808780545,-0.0048269381253235565,0.031643640441132125,0.007538369299854642,-3289.503656277946,True
11,stress,10066,nominal_nmpc_2s,84.0,0.09982898252776151,0.021594943976959304,2.2923993650825696,0.099317928337381,0.02053346387748092,2.2916171326754826,0.27391435011269727,-0.002431374511718737,-0.059741875000000014,0.20391435011269726,0.3439143501126973,-0.08,0.08,-0.17408536758493576,0.02402631848867804,2.3521412400825694,Solve_Succeeded,0.03185016696806997,False,966253.6543790582,0.10459642177531626,0.0,False,False,2.0,10,0.0,-1672.6862196867348,0.060550047403721025,0.6415878410240256,-0.35000000999931796,-0.35000000999922404,-0.35000000999922487,-0.35,0.0,False,False,61038.71875,4231.858798176278,14.341977218331582,0.00011648612280722231,1043.0533719609105,0.8553067223387508,0.9882873711081437,1.2051754055603177,1.2398431906970213,0.2359434754068803,1.5,0.005618080174128979,0.0024591399973336293,0.0066085331808780545,-0.0048269381253235565,0.031643640441132125,0.007538369299854642,-3289.503656277946,True
11,stress,10066,nominal_nmpc_2s,84.5,0.09964694794507625,0.021561506473820432,2.30318847634733,0.09583847689049128,0.019426057989607056,2.295119008148715,0.2734241612274606,-0.0024297558593749935,-0.06095718139648436,0.2034241612274606,0.3434241612274606,-0.08,0.08,-0.17377721328238435,0.023991262333195425,2.3641456577438142,held,0.0,False,966253.6543790582,0.10459642177531626,0.0,False,False,2.0,10,0.0,-1627.2939703840036,0.060924390951077614,0.6439852113350127,-0.35000000999931796,-0.35000000999922404,-0.35000000999922415,-0.35,0.0,False,False,60856.422790527344,4216.606301138476,14.290285757091644,0.0001198832576833614,1065.7482962344436,0.8553067223387508,0.9882873711081437,1.2051754055603177,1.2398431906970213,0.2359434754068803,1.5,0.005618080174128979,0.0024591399973336293,0.0066085331808780545,-0.0048269381253235565,0.031643640441132125,0.007538369299854642,-3289.503656277946,True
11,stress,10066,nominal_nmpc_2s,85.0,0.0994682619929321,0.021528976850597428,2.31396109582777,0.09910724308374128,0.022222735905111313,2.3233131810037375,0.27291733189331335,-0.002427946777343787,-0.06217163085937501,0.20291733189331335,0.34291733189331336,-0.08,0.08,-0.17344906990038125,0.023956923627941214,2.3761327266871453,held,0.0,False,966253.6543790582,0.10459642177531626,0.0,False,False,2.0,10,0.0,-1580.7792987871521,0.061297625330407016,0.6463840568811571,-0.35000000999931796,-0.35000000999922404,-0.35000000999922404,-0.35,0.0,False,False,60674.25537109375,4201.381858756196,14.238689374456536,0.0001233769638506089,1088.9009950174025,0.8553067223387508,0.9882873711081437,1.2051754055603177,1.2398431906970213,0.2359434754068803,1.5,0.005618080174128979,0.0024591399973336293,0.0066085331808780545,-0.0048269381253235565,0.031643640441132125,0.007538369299854642,-3289.503656277946,True
11,stress,10066,nominal_nmpc_2s,85.5,0.09929301113202259,0.021497377541652367,2.32471768307362,0.09997560045053173,0.02408198605522079,2.325724847051095,0.27239412624436515,-0.002425947265624978,-0.06338512817382815,0.20239412624436515,0.34239412624436516,-0.08,0.08,-0.17310111511234255,0.023923324807277345,2.3881028112474483,held,0.0,False,966253.6543790582,0.10459642177531626,0.0,False,False,2.0,10,0.0,-1533.1223878677706,0.06166970005473467,0.6487841825314473,-0.35000000999931796,-0.35000000999931796,-0.3500000099993067,-0.35,0.0,False,False,60492.23077392578,4186.186524251644,14.187191639848015,0.0001269696259939716,1112.517869170422,0.8553067223387508,0.9882873711081437,1.2051754055603177,1.2398431906970213,0.2359434754068803,1.5,0.005618080174128979,0.0024591399973336293,0.0066085331808780545,-0.0048269381253235565,0.031643640441132125,0.007538369299854642,-3289.503656277946,True
11,stress,10066,nominal_nmpc_2s,86.0,0.09912128353443544,0.021466731376751584,2.33545870895072,0.09868818761189997,0.023810818459051718,2.3555290263352986,0.2718548084147258,-0.002423757324218734,-0.06459757812499999,0.2018548084147258,0.3418548084147258,-0.08,0.08,-0.17273352488029037,0.023890488700970318,2.40005628707572,Solve_Succeeded,0.03374400001484901,False,711023.4813644015,0.10316662080282583,0.0,False,False,2.0,10,0.0,-1484.3034455280706,0.062040564051249816,0.651185392039422,-0.3500000099992489,-0.35000000999931796,-0.35000000999931663,-0.35,0.0,False,False,60310.36328125,4171.021348494046,14.13579611471348,0.0001306636671950245,1136.605288987479,0.8553067223387508,0.9882873711081437,1.2051754055603177,1.2398431906970213,0.2359434754068803,1.5,0.005618080174128979,0.0024591399973336293,0.0066085331808780545,-0.0048269381253235565,0.031643640441132125,0.007538369299854642,-3289.503656277946,True
11,stress,10066,nominal_nmpc_2s,86.5,0.09895316909247359,0.021437061580527276,2.346184655838591,0.09560323705836683,0.025123980076787244,2.351034603241833,0.2712996425385049,-0.0024213769531249985,-0.06580888549804688,0.2012996425385049,0.3412996425385049,-0.08,0.08,-0.17234647344603132,0.023858438533652274,2.411993541336638,held,0.0,False,711023.4813644015,0.10316662080282583,0.0,False,False,2.0,10,0.0,-1434.3027254604824,0.0624101656601935,0.6535874880478271,-0.3500000099992489,-0.35000000999931796,-0.3500000099993178,-0.35,0.0,False,False,60128.66717529297,4155.887380022547,14.084506352603574,0.00013446154844428898,1161.169588214685,0.8553067223387508,0.9882873711081437,1.2051754055603177,1.2398431906970213,0.2359434754068803,1.5,0.005618080174128979,0.0024591399973336293,0.0066085331808780545,-0.0048269381253235565,0.031643640441132125,0.007538369299854642,-3289.503656277946,True
11,stress,10066,nominal_nmpc_2s,87.0,0.09878875942620158,0.02140839177152094,2.3568960178276335,0.10476396390129827,0.02394287700545917,2.359994058591933,0.2707288927498122,-0.0024188061523437443,-0.06701895507812498,0.2007288927498122,0.3407288927498122,-0.08,0.08,-0.17194013332361063,0.023827197923864684,2.4239149729057585,held,0.0,False,711023.4813644015,0.10316662080282583,0.0,False,False,2.0,10,0.0,-1383.1005489149265,0.06277845263416404,0.6559902720935179,-0.3500000099992489,-0.35000000999931796,-0.35000000999931796,-0.35,0.0,False,False,59947.15673828125,4140.785665068743,14.033325899248526,0.0001383657680788667,1186.2170578706168,0.8553067223387508,0.9882873711081437,1.2051754055603177,1.2398431906970213,0.2359434754068803,1.5,0.005618080174128979,0.0024591399973336293,0.0066085331808780545,-0.0048269381253235565,0.031643640441132125,0.007538369299854642,-3289.503656277946,True
11,stress,10066,nominal_nmpc_2s,87.5,0.09862814788964795,0.021380745960790457,2.3675933009157357,0.10113228812709626,0.01910744075447059,2.361101390680239,0.27014282318275734,-0.0024160449218750546,-0.06822769165039062,0.20014282318275733,0.34014282318275735,-0.08,0.08,-0.17151467529310938,0.023796790882665512,2.4358209925661263,held,0.0,False,711023.4813644015,0.10316662080282583,0.0,False,False,2.0,10,0.0,-1330.6773273829672,0.06314537213785897,0.6583935446126042,-0.3500000099992489,-0.3500000099992489,-0.3500000099992572,-0.35,0.0,False,False,59765.846252441406,4125.717247578832,13.982258292633263,0.00014237886114195334,1211.753939867659,0.8553067223387508,0.9882873711081437,1.2051754055603177,1.2398431906970213,0.2359434754068803,1.5,0.005618080174128979,0.0024591399973336293,0.0066085331808780545,-0.0048269381253235565,0.031643640441132125,0.007538369299854642,-3289.503656277946,True
11,stress,10066,nominal_nmpc_2s,88.0,0.09847142957559248,0.021354148550062572,2.3782770232040744,0.09346340026454741,0.021669439104295828,2.3836267117254843,0.26954169797145006,-0.002413093261718763,-0.06943500000000004,0.19954169797145005,0.33954169797145006,-0.08,0.08,-0.1710702683958576,0.023767241811781335,2.4477120232040743,Solve_Succeeded,0.03361600002972409,False,798239.7643388348,0.10607829770690264,0.0,False,False,2.0,10,0.0,-1277.0135862065897,0.0635108707482727,0.6607971049458362,-0.35000000999935416,-0.3500000099992489,-0.3500000099992499,-0.35,0.0,False,False,59584.75,4110.6831692354335,13.931307063071314,0.00014650339866080503,1237.7864204341802,0.8553067223387508,0.9882873711081437,1.2051754055603177,1.2398431906970213,0.2359434754068803,1.5,0.005618080174128979,0.0024591399973336293,0.0066085331808780545,-0.0048269381253235565,0.031643640441132125,0.007538369299854642,-3289.503656277946,True
11,stress,10066,nominal_nmpc_2s,88.5,0.09831870131886597,0.02132862432941222,2.3889477150918723,0.092129495896114,0.018415433556378598,2.3957136601339633,0.26892578125000005,-0.00240995117187498,-0.07064078491210939,0.19892578125000004,0.33892578125000006,-0.08,0.08,-0.17060707993113408,0.0237385755012872,2.459588500003982,held,0.0,False,798239.7643388348,0.10607829770690264,0.0,False,False,2.0,10,0.0,-1222.0899891180038,0.06387489445536941,0.6632007513442304,-0.35000000999935416,-0.3500000099992489,-0.350000009999249,-0.35,0.0,False,False,59403.882263183594,4095.6844694790416,13.880475733277544,0.00015074198683967738,1264.320623337587,0.8553067223387508,0.9882873711081437,1.2051754055603177,1.2398431906970213,0.2359434754068803,1.5,0.005618080174128979,0.0024591399973336293,0.0066085331808780545,-0.0048269381253235565,0.031643640441132125,0.007538369299854642,-3289.503656277946,True
11,stress,10066,nominal_nmpc_2s,89.0,0.09817006169808909,0.021304198474450177,2.399605919469873,0.09863898688328203,0.021095887419647037,2.39409765763946,0.2682953371525169,-0.0024066186523437616,-0.07184495117187502,0.1982953371525169,0.3382953371525169,-0.08,0.08,-0.17012527545442782,0.02371081712679394,2.471450870641748,held,0.0,False,798239.7643388348,0.10607829770690264,0.0,False,False,2.0,10,0.0,-1165.8873637152578,0.0642373886632509,0.6656042809749362,-0.35000000999935416,-0.3500000099992489,-0.3500000099992489,-0.35,0.0,False,False,59223.25732421875,4080.722185529149,13.829767818439732,0.000155097266164212,1291.3626029086454,0.8553067223387508,0.9882873711081437,1.2051754055603177,1.2398431906970213,0.2359434754068803,1.5,0.005618080174128979,0.0024591399973336293,0.0066085331808780545,-0.0048269381253235565,0.031643640441132125,0.007538369299854642,-3289.503656277946,True
11,stress,10066,nominal_nmpc_2s,89.5,0.09802561103577545,0.02128089654300029,2.4102521919122815,0.08976865150900666,0.02485729726013723,2.4153984047626866,0.2676506298131105,-0.0024030957031249967,-0.07304740356445315,0.1976506298131105,0.3376506298131105,-0.08,0.08,-0.16962501877733505,0.023683992246125288,2.4832995954767347,held,0.0,False,798239.7643388348,0.10607829770690264,0.0,False,False,2.0,10,0.0,-1108.3867278768244,0.06459829819183954,0.6680074899273395,-0.35000000999935416,-0.35000000999935416,-0.3500000099993415,-0.35,0.0,False,False,59042.88946533203,4065.797352405041,13.779186826289047,0.00015957191041370724,1318.9183368677627,0.8553067223387508,0.9882873711081437,1.2051754055603177,1.2398431906970213,0.2359434754068803,1.5,0.005618080174128979,0.0024591399973336293,0.0066085331808780545,-0.0048269381253235565,0.031643640441132125,0.007538369299854642,-3289.503656277946,True
11,stress,10066,nominal_nmpc_2s,90.0,0.09788545139672326,0.021258744471247596,2.420887100866913,0.09558294867506285,0.023126905147908362,2.4218299759632775,0.26699192336589034,-0.0023993823242187684,-0.07424804687500001,0.19699192336589033,0.33699192336589034,-0.08,0.08,-0.16910647196916706,0.023658126795466364,2.4951351477419133,Solve_Succeeded,0.03421241696923971,False,645664.9143722402,0.10140897469082748,0.0,False,False,2.0,10,0.0,-1049.569317116564,0.06495756727909639,0.6704101732194035,-0.35000000999934655,-0.35000000999935416,-0.35000000999935266,-0.35,0.0,False,False,58862.79296875,4050.911002946254,13.728736257169384,0.00016416862557767518,1346.9937189542582,0.8553067223387508,0.9882873711081437,1.2051754055603177,1.2398431906970213,0.2359434754068803,1.5,0.005618080174128979,0.0024591399973336293,0.0066085331808780545,-0.0048269381253235565,0.031643640441132125,0.007538369299854642,-3289.503656277946,True
11,stress,10066,nominal_nmpc_2s,90.5,0.09774968658461865,0.02123776856933851,2.4315112278432762,0.09267325884555735,0.022067486783196217,2.42960625599546,0.2663194819449662,-0.002395478515624966,-0.07544678588867192,0.19631948194496618,0.3363194819449662,-0.08,0.08,-0.16856979536034755,0.023633247084963477,2.506958013731948,held,0.0,False,645664.9143722402,0.10140897469082748,0.0,False,False,2.0,10,0.0,-989.4166128786528,0.06531513958379521,0.6728121248042477,-0.35000000999934655,-0.35000000999935416,-0.350000009999354,-0.35,0.0,False,False,58682.98211669921,4036.0641678327297,13.678419604105663,0.00016889014867305484,1375.5945513599743,0.8553067223387508,0.9882873711081437,1.2051754055603177,1.2398431906970213,0.2359434754068803,1.5,0.005618080174128979,0.0024591399973336293,0.0066085331808780545,-0.0048269381253235565,0.031643640441132125,0.007538369299854642,-3289.503656277946,True
11,stress,10066,nominal_nmpc_2s,91.0,0.097618422136773,0.021217995516414387,2.442125167598317,0.10107570837315745,0.02013525469592426,2.445467970485535,0.26563356968444785,-0.0023913842773437277,-0.07664352539062498,0.19563356968444784,0.33563356968444785,-0.08,0.08,-0.16801514754767483,0.023609379793758115,2.518768692988942,held,0.0,False,645664.9143722402,0.10140897469082748,0.0,False,False,2.0,10,0.0,-927.9103717700832,0.06567095818887259,0.6752131375769588,-0.35000000999934655,-0.35000000999935416,-0.35000000999935416,-0.35,0.0,False,False,58503.47119140625,4021.257875604648,13.628240352871046,0.0001737392464584361,1404.7265369689605,0.8553067223387508,0.9882873711081437,1.2051754055603177,1.2398431906970213,0.2359434754068803,1.5,0.005618080174128979,0.0024591399973336293,0.0066085331808780545,-0.0048269381253235565,0.031643640441132125,0.007538369299854642,-3289.503656277946,True
11,stress,10066,nominal_nmpc_2s,91.5,0.097491765316916,0.021199452355059677,2.452729528319531,0.09573523436491793,0.023552689567768088,2.4530791599447506,0.2649344507184448,-0.0023870996093749985,-0.07783817016601564,0.19493445071844479,0.3349344507184448,-0.08,0.08,-0.1674426854015288,0.023586551964434675,2.5305676984855467,held,0.0,False,645664.9143722402,0.10140897469082748,0.0,False,False,2.0,10,0.0,-865.0326557262974,0.06602496560537521,0.6776130033816398,-0.35000000999934655,-0.35000000999934655,-0.35000000999934744,-0.35,0.0,False,False,58324.274475097656,4006.4931526819596,13.57820198205314,0.00017871871404163042,1434.395271405315,0.8553067223387508,0.9882873711081437,1.2051754055603177,1.2398431906970213,0.2359434754068803,1.5,0.005618080174128979,0.0024591399973336293,0.0066085331808780545,-0.0048269381253235565,0.031643640441132125,0.007538369299854642,-3289.503656277946,True
11,stress,10066,nominal_nmpc_2s,92.0,0.097369825105965,0.02118216648514615,2.4633249318051518,0.09276424102301213,0.02131820179555374,2.4581728517123804,0.2642223891810669,-0.002382624511718723,-0.07903062499999998,0.19422238918106688,0.3342223891810669,-0.08,0.08,-0.1668525640751019,0.023564790996864874,2.542355556805152,Solve_Succeeded,0.03425895801046863,False,691410.5032684188,0.10145814815805475,0.0,False,False,2.0,10,0.0,-800.7658631034619,0.06637710377702495,0.6800115130186897,-0.3500000099994338,-0.35000000999934655,-0.35000000999934666,-0.35,0.0,False,False,58145.40625,3991.771023383624,13.528307963119177,0.00018383137337691372,1464.6062348916114,0.8553067223387508,0.9882873711081437,1.2051754055603177,1.2398431906970213,0.2359434754068803,1.5,0.005618080174128979,0.0024591399973336293,0.0066085331808780545,-0.0048269381253235565,0.031643640441132125,0.007538369299854642,-3289.503656277946,True
11,stress,10066,nominal_nmpc_2s,92.5,0.09725271219069137,0.021166165657054658,2.4739120136411032,0.09753257066519186,0.024810291732519807,2.4763850780801593,0.26349764920642377,-0.0023779589843750393,-0.08022079467773437,0.19349764920642376,0.3334976492064238,-0.08,0.08,-0.1662449370157324,0.023544124641429697,2.5541328083188377,held,0.0,False,691410.5032684188,0.10145814815805475,0.0,False,False,2.0,10,0.0,-735.092760688503,0.06672731408542242,0.6824084562523166,-0.3500000099994338,-0.35000000999934655,-0.35000000999934655,-0.35,0.0,False,False,57966.880798339844,3977.092509946549,13.478561760480225,0.00018908007164827802,1495.3647839207938,0.8553067223387508,0.9882873711081437,1.2051754055603177,1.2398431906970213,0.2359434754068803,1.5,0.005618080174128979,0.0024591399973336293,0.0066085331808780545,-0.0048269381253235565,0.031643640441132125,0.007538369299854642,-3289.503656277946,True
11,stress,10066,nominal_nmpc_2s,93.0,0.09714053895020362,0.021151477964256163,2.4844914233744038,0.08970166510954079,0.022209986742170406,2.4827629364293275,0.26276049492862513,-0.0023731030273437537,-0.08140858398437502,0.19276049492862513,0.33276049492862514,-0.08,0.08,-0.1656199559784215,0.023524580991599917,2.565900007358779,held,0.0,False,691410.5032684188,0.10145814815805475,0.0,False,False,2.0,10,0.0,-667.996516615784,0.06707553735591018,0.6848036218182828,-0.3500000099994338,-0.35000000999934655,-0.35000000999934655,-0.35,0.0,False,False,57788.71240234375,3962.4586325442483,13.428966831554407,0.0001944676795350277,1526.6761427447627,0.8553067223387508,0.9882873711081437,1.2051754055603177,1.2398431906970213,0.2359434754068803,1.5,0.005618080174128979,0.0024591399973336293,0.0066085331808780545,-0.0048269381253235565,0.031643640441132125,0.007538369299854642,-3289.503656277946,True
11,stress,10066,nominal_nmpc_2s,93.5,0.0970334194401669,0.021138131835233984,2.4950638246826955,0.09754565665689016,0.022688419730207715,2.495620017327486,0.2620111904817807,-0.0023680566406250325,-0.08259389770507812,0.19201119048178067,0.3320111904817807,-0.08,0.08,-0.16497777104161376,0.023506188475859016,2.5776577223877735,held,0.0,False,691410.5032684188,0.10145814815805475,0.0,False,False,2.0,10,0.0,-599.4607341768437,0.06742171386411654,0.6871967974318803,-0.3500000099994338,-0.3500000099994338,-0.3500000099994233,-0.35,0.0,False,False,57610.91534423828,3947.870409305223,13.379526626829191,0.00019999708935608123,1558.545394683304,0.8553067223387508,0.9882873711081437,1.2051754055603177,1.2398431906970213,0.2359434754068803,1.5,0.005618080174128979,0.0024591399973336293,0.0066085331808780545,-0.0048269381253235565,0.031643640441132125,0.007538369299854642,-3289.503656277946,True
11,stress,10066,nominal_nmpc_2s,94.0,0.09693146937467863,0.02112615602472946,2.5056298955395677,0.08968065074325661,0.02153576952503533,2.492659605165834,0.26125000000000004,-0.002362819824218737,-0.08377664062500005,0.19125000000000003,0.33125000000000004,-0.08,0.08,-0.16431853062532142,0.0234889758489482,2.5894065361645677,Solve_Succeeded,0.034203290997538716,False,631338.2920202437,0.10156934925674342,0.0,False,False,2.0,10,0.0,-529.4694865070755,0.0677657833431998,0.6895877697961353,-0.35000000999944797,-0.3500000099994338,-0.35000000999943254,-0.35,0.0,False,False,57433.50390625,3933.3288563310607,13.330244589922744,0.0002056712130893656,1590.9774732574324,0.8553067223387508,0.9882873711081437,1.2051754055603177,1.2398431906970213,0.2359434754068803,1.5,0.005618080174128979,0.0024591399973336293,0.0066085331808780545,-0.0048269381253235565,0.031643640441132125,0.007538369299854642,-3289.503656277946,True
11,stress,10066,nominal_nmpc_2s,94.5,0.09683480610571973,0.021115579604293583,2.5161903283753264,0.0988766310869422,0.021525804775170007,2.522795753326085,0.26047718761739297,-0.0023573925781249505,-0.08495671752929686,0.19047718761739296,0.330477187617393,-0.08,0.08,-0.16364238151167323,0.023472972182418533,2.6011470459046233,held,0.0,False,631338.2920202437,0.10156934925674342,0.0,False,False,2.0,10,0.0,-458.00735213059534,0.06810768499181503,0.691976324610243,-0.35000000999944797,-0.3500000099994338,-0.35000000999943365,-0.35,0.0,False,False,57256.49237060547,3918.834987714277,13.281124157644383,0.00021149298026272876,1623.9771531516317,0.8553067223387508,0.9882873711081437,1.2051754055603177,1.2398431906970213,0.2359434754068803,1.5,0.005618080174128979,0.0024591399973336293,0.0066085331808780545,-0.0048269381253235565,0.031643640441132125,0.007538369299854642,-3289.503656277946,True
11,stress,10066,nominal_nmpc_2s,95.0,0.09674354860010133,0.021106431952127518,2.5267458302328647,0.10210247057043388,0.022890840920927105,2.5275956789753393,0.25969301746806916,-0.0023517749023438117,-0.086134033203125,0.18969301746806916,0.32969301746806917,-0.08,0.08,-0.16294946886796785,0.02345820685447133,2.6128798634359898,held,0.0,False,631338.2920202437,0.10156934925674342,0.0,False,False,2.0,10,0.0,-385.0594513418191,0.0684473574828224,0.6943622465782294,-0.35000000999944797,-0.3500000099994338,-0.3500000099994338,-0.35,0.0,False,False,57079.89501953125,3904.3898155558845,13.232168760054128,0.00021746533571285044,1657.5490410099496,0.8553067223387508,0.9882873711081437,1.2051754055603177,1.2398431906970213,0.2359434754068803,1.5,0.005618080174128979,0.0024591399973336293,0.0066085331808780545,-0.0048269381253235565,0.031643640441132125,0.007538369299854642,-3289.503656277946,True
11,stress,10066,nominal_nmpc_2s,95.5,0.09665781741382698,0.0210987427421954,2.5372971229182695,0.10955313547210747,0.01813136197938469,2.53897844770987,0.25889775368613827,-0.0023459667968750153,-0.08730849243164067,0.18889775368613826,0.32889775368613827,-0.08,0.08,-0.16223993627231129,0.023444709539070414,2.62460561534991,held,0.0,False,631338.2920202437,0.10156934925674342,0.0,False,False,2.0,10,0.0,-310.6114833995143,0.06878473897275854,0.6967453194178412,-0.35000000999944797,-0.35000000999944797,-0.35000000999944625,-0.35,0.0,False,False,56903.726135253906,3889.99434998271,13.183381820521381,0.00022359123720868266,1691.697566071277,0.8553067223387508,0.9882873711081437,1.2051754055603177,1.2398431906970213,0.2359434754068803,1.5,0.005618080174128979,0.0024591399973336293,0.0066085331808780545,-0.0048269381253235565,0.031643640441132125,0.007538369299854642,-3289.503656277946,True
11,stress,10066,nominal_nmpc_2s,96.0,0.09657773466379134,0.02109254193259322,2.5478449431458,0.1026216227354048,0.020368463837656198,2.548240370248494,0.25809166040571,-0.0023399682617187,-0.08848000000000002,0.18809166040571001,0.32809166040571003,-0.08,0.08,-0.1615139257419187,0.02343251019431192,2.6363249431458002,Solve_Succeeded,0.03366529196500778,False,563637.6540458424,0.08552346413494612,0.0,False,False,2.0,10,0.0,-234.64976450611994,0.06911976711209,0.6991253258696613,-0.3500000099995363,-0.35000000999944797,-0.35000000999944775,-0.35,0.0,False,False,56728.0,3875.649599164461,13.134766755782778,0.00022987365293603688,1726.4269706496805,0.8553067223387508,0.9882873711081437,1.2051754055603177,1.2398431906970213,0.2359434754068803,1.5,0.005618080174128979,0.0024591399973336293,0.0066085331808780545,-0.0048269381253235565,0.031643640441132125,0.007538369299854642,-3289.503656277946,True
11,stress,10066,nominal_nmpc_2s,96.5,0.09650342399673661,0.021087859753158255,2.5583900426768604,0.08764616204818831,0.020398314488947175,2.554993659462327,0.2572750017608941,-0.002333779296874977,-0.08964846069335937,0.18727500176089407,0.3272750017608941,-0.08,0.08,-0.16077157776415746,0.023421639050033232,2.64803850337022,held,0.0,False,563637.6540458424,0.08552346413494612,0.0,False,False,2.0,10,0.0,-157.161266542229,0.06945237905626922,0.7015020477064505,-0.3500000099995363,-0.35000000999944797,-0.35000000999944797,-0.35,0.0,False,False,56552.730895996094,3861.356569330537,13.086326975999148,0.00023631555884001047,1761.7413004660305,0.8553067223387508,0.9882873711081437,1.2051754055603177,1.2398431906970213,0.2359434754068803,1.5,0.005618080174128979,0.0024591399973336293,0.0066085331808780545,-0.0048269381253235565,0.031643640441132125,0.007538369299854642,-3289.503656277946,True
11,stress,10066,nominal_nmpc_2s,97.0,0.09643501055538926,0.021084726692303997,2.5689331884525837,0.09169603508026743,0.018131123197225613,2.5597313271738633,0.25644804188580017,-0.002327399902343763,-0.090813779296875,0.18644804188580016,0.3264480418858002,-0.08,0.08,-0.1600130313304109,0.02341212659464776,2.6597469677494585,held,0.0,False,563637.6540458424,0.08552346413494612,0.0,False,False,2.0,10,0.0,-78.13365652303037,0.06978251147761164,0.703875265742714,-0.3500000099995363,-0.35000000999944797,-0.35000000999944797,-0.35,0.0,False,False,56377.93310546875,3847.116264786609,13.038065884811717,0.00024291993582205114,1797.6443948377052,0.8553067223387508,0.9882873711081437,1.2051754055603177,1.2398431906970213,0.2359434754068803,1.5,0.005618080174128979,0.0024591399973336293,0.0066085331808780545,-0.0048269381253235565,0.031643640441132125,0.007538369299854642,-3289.503656277946,True
11,stress,10066,nominal_nmpc_2s,97.5,0.09637262094170046,0.021083173483066337,2.579475162719635,0.1067538704221258,0.017604879296763045,2.567865728960595,0.25561104491453795,-0.00232083007812503,-0.09197586059570313,0.18561104491453795,0.32561104491453796,-0.08,0.08,-0.1592384239728375,0.023404003561191367,2.6714510233153383,held,0.0,False,563637.6540458424,0.08552346413494612,0.0,False,False,2.0,10,0.0,2.4446632595650044,0.0701101005780136,0.7062447598444915,-0.3500000099995363,-0.3500000099995363,-0.3500000099995257,-0.35,0.0,False,False,56203.62091064453,3832.929687930953,12.989986879397451,0.0002496897667885643,1834.1398767335409,0.8553067223387508,0.9882873711081437,1.2051754055603177,1.2398431906970213,0.2359434754068803,1.5,0.005618080174128979,0.0024591399973336293,0.0066085331808780545,-0.0048269381253235565,0.031643640441132125,0.007538369299854642,-3289.503656277946,True
11,stress,10066,nominal_nmpc_2s,98.0,0.09631638317711538,0.021083231088347358,2.5900167631488387,0.10310978742747916,0.019714071689346142,2.5866592069659227,0.2547642749812171,-0.0023140698242187507,-0.09313460937500002,0.1847642749812171,0.3247642749812171,-0.08,0.08,-0.15844789180410174,0.02339730091256611,2.6831513725238385,Solve_Succeeded,0.033700832980684936,False,529586.3507347105,0.08276786426163192,0.0,False,False,2.0,10,0.0,84.58451444865432,0.07043508210252873,0.708610308939371,-0.3500000099995747,-0.3500000099995363,-0.350000009999535,-0.35,0.0,False,False,56029.80859375,3818.7978392705595,12.942093350523658,0.0002566280335481046,1871.2311427017696,0.8553067223387508,0.9882873711081437,1.2051754055603177,1.2398431906970213,0.2359434754068803,1.5,0.005618080174128979,0.0024591399973336293,0.0066085331808780545,-0.0048269381253235565,0.031643640441132125,0.007538369299854642,-3289.503656277946,True
11,stress,10066,nominal_nmpc_2s,98.5,0.09626642665979766,0.021084930685343995,2.6005588029462214,0.09288832835030253,0.024778999456123014,2.601844903176229,0.2539079962199474,-0.0023071191406249802,-0.09428993041992188,0.1839079962199474,0.3239079962199474,-0.08,0.08,-0.15764156956014974,0.023392049825968975,2.6948487333661433,held,0.0,False,529586.3507347105,0.08276786426163192,0.0,False,False,2.0,10,0.0,168.29590123056778,0.07075739135382104,0.7109716910267249,-0.3500000099995747,-0.3500000099995363,-0.3500000099995361,-0.35,0.0,False,False,55856.51043701172,3804.721717437004,12.89438868260177,0.000263737713554323,1908.9213526790404,0.8553067223387508,0.9882873711081437,1.2051754055603177,1.2398431906970213,0.2359434754068803,1.5,0.005618080174128979,0.0024591399973336293,0.0066085331808780545,-0.0048269381253235565,0.031643640441132125,0.007538369299854642,-3289.503656277946,True
11,stress,10066,nominal_nmpc_2s,99.0,0.0962228821187374,0.02108830364914963,2.611102110956066,0.09589257856473361,0.02086201350864398,2.6161841937154775,0.2530424727648385,-0.0022999780273437465,-0.095441728515625,0.18304247276483848,0.3230424727648385,-0.08,0.08,-0.15681959064610107,0.023388281676493376,2.7065438394716907,held,0.0,False,529586.3507347105,0.08276786426163192,0.0,False,False,2.0,10,0.0,253.58796838572425,0.07107696320751197,0.7133286831881679,-0.3500000099995747,-0.3500000099995363,-0.3500000099995363,-0.35,0.0,False,False,55683.74072265625,3790.7023192021034,12.846876253740414,0.00027102177649201,1947.2134196892248,0.8553067223387508,0.9882873711081437,1.2051754055603177,1.2398431906970213,0.2359434754068803,1.5,0.005618080174128979,0.0024591399973336293,0.0066085331808780545,-0.0048269381253235565,0.031643640441132125,0.007538369299854642,-3289.503656277946,True
11,stress,10066,nominal_nmpc_2s,99.5,0.09618588156467317,0.021093381535517607,2.6216475317555528,0.09184363941922839,0.02394803971362183,2.622236583635604,0.25216796875,-0.002292646484374994,-0.09658990844726563,0.18216796875000002,0.32216796875000003,-0.08,0.08,-0.15598208718532686,0.0233860280198926,2.7182374402028184,held,0.0,False,529586.3507347105,0.08276786426163192,0.0,False,False,2.0,10,0.0,340.46895883141633,0.07139373212843782,0.7156810615982359,-0.3500000099995747,-0.3500000099995747,-0.3500000099995701,-0.35,0.0,False,False,55511.513732910156,3776.7406394933505,12.7995594357977,0.00027848318070374287,1986.1099994410968,0.8553067223387508,0.9882873711081437,1.2051754055603177,1.2398431906970213,0.2359434754068803,1.5,0.005618080174128979,0.0024591399973336293,0.0066085331808780545,-0.0048269381253235565,0.031643640441132125,0.007538369299854642,-3289.503656277946,True
11,stress,10066,nominal_nmpc_2s,100.0,0.09615555823776051,0.021100196062776713,2.6321959257405734,0.09457635639458385,0.019845207052550277,2.636653636423676,0.25128474830954173,-0.00228512451171875,-0.097734375,0.18128474830954172,0.32128474830954173,-0.08,0.08,-0.15512919007178122,0.023385320574495463,2.7299303007405733,Solve_Succeeded,0.034183749987278134,False,498566.1231796915,0.08670839191495787,0.0,False,False,2.0,10,0.0,428.94617070925005,0.07170763218783333,0.7180286015352851,-0.35000000999957037,-0.3500000099995747,-0.35000000999957415,-0.35,0.0,False,False,55339.84375,3762.837671409129,12.752441594432808,0.0002861248694548309,2025.6134798344704,0.8553067223387508,0.9882873711081437,1.2051754055603177,1.2398431906970213,0.2359434754068803,1.5,0.005618080174128979,0.0024591399973336293,0.0066085331808780545,-0.0048269381253235565,0.031643640441132125,0.007538369299854642,-3289.503656277946,True
11,stress,10066,nominal_nmpc_2s,100.5,0.09613204655192224,0.021108779092889628,2.642748169202287,0.0967240693905655,0.01772952177517608,2.641479120639391,0.2503930755775733,-0.0022774121093749877,-0.09887503295898438,0.18039307557757328,0.3203930755775733,-0.08,0.08,-0.15426102902565103,0.023386191202264615,2.7416232021612714,held,0.0,False,498566.1231796915,0.08670839191495787,0.0,False,False,2.0,10,0.0,519.0259140735334,0.07201859708145672,0.7203710773926116,-0.35000000999957037,-0.3500000099995747,-0.35000000999957465,-0.35,0.0,False,False,55168.745056152344,3748.9944062337245,12.705526089156843,0.0002939497670344757,2065.7259703849463,0.8553067223387508,0.9882873711081437,1.2051754055603177,1.2398431906970213,0.2359434754068803,1.5,0.005618080174128979,0.0024591399973336293,0.0066085331808780545,-0.0048269381253235565,0.031643640441132125,0.007538369299854642,-3289.503656277946,True
11,stress,10066,nominal_nmpc_2s,101.0,0.09611548203581849,0.02111916261164661,2.6533051543939887,0.08861487204468739,0.014881739468119026,2.6513587132474488,0.2494932146882044,-0.002269509277343762,-0.10001178710937499,0.1794932146882044,0.3194932146882044,-0.08,0.08,-0.1533777326523859,0.02338867188899037,2.7533169415033636,held,0.0,False,498566.1231796915,0.08670839191495787,0.0,False,False,2.0,10,0.0,610.7134672400284,0.07232656014867,0.7227082626897876,-0.35000000999957037,-0.3500000099995747,-0.3500000099995747,-0.35,0.0,False,False,54998.23193359375,3735.2118334521238,12.658816273383003,0.0003019607746912653,2106.449291577742,0.8553067223387508,0.9882873711081437,1.2051754055603177,1.2398431906970213,0.2359434754068803,1.5,0.005618080174128979,0.0024591399973336293,0.0066085331808780545,-0.0048269381253235565,0.031643640441132125,0.007538369299854642,-3289.503656277946,True
11,stress,10066,nominal_nmpc_2s,101.5,0.09610600127037748,0.021131378707987734,2.663867789587858,0.09075090766474801,0.02175636799649618,2.670450155284548,0.24858542977554474,-0.0022614160156250174,-0.10114454223632814,0.17858542977554473,0.3185854297755447,-0.08,0.08,-0.15247942850516727,0.02339279472361275,2.765012331824186,held,0.0,False,498566.1231796915,0.08670839191495787,0.0,False,False,2.0,10,0.0,704.0130328582168,0.07263145439248801,0.7250399300842185,-0.35000000999957037,-0.35000000999957037,-0.35000000999957087,-0.35,0.0,False,False,54828.31866455078,3721.4909407646123,12.612315494476045,0.0003101607664013823,2147.784964161691,0.8553067223387508,0.9882873711081437,1.2051754055603177,1.2398431906970213,0.2359434754068803,1.5,0.005618080174128979,0.0024591399973336293,0.0066085331808780545,-0.0048269381253235565,0.031643640441132125,0.007538369299854642,-3289.503656277946,True
11,stress,10066,nominal_nmpc_2s,102.0,0.09610374182283148,0.02114545955244842,2.6744369991211476,0.10409544924602379,0.018647102708620897,2.6747077372965546,0.24766998497370402,-0.0022531323242187262,-0.102273203125,0.177669984973704,0.317669984973704,-0.08,0.08,-0.15156624315087253,0.023398591876667145,2.776710202246148,Solve_Succeeded,0.03443312499439344,False,450108.5106331884,0.07646582214620785,0.0,False,False,2.0,10,0.0,798.9276937735326,0.07293321250060794,0.7273658513829152,-0.3500000099996339,-0.35000000999957037,-0.3500000099995704,-0.35,0.0,False,False,54659.01953125,3707.8327141011764,12.566027093801093,0.0003185525844681624,2189.734198394931,0.8553067223387508,0.9882873711081437,1.2051754055603177,1.2398431906970213,0.2359434754068803,1.5,0.005618080174128979,0.0024591399973336293,0.0066085331808780545,-0.0048269381253235565,0.031643640441132125,0.007538369299854642,-3289.503656277946,True
11,stress,10066,nominal_nmpc_2s,102.5,0.09610884217720576,0.021161437374724167,2.685013723431377,0.08887007118564827,0.02131910013268259,2.6912322890970923,0.2467471444167919,-0.0022446582031250273,-0.10339767456054687,0.1767471444167919,0.3167471444167919,-0.08,0.08,-0.15063830223958613,0.023406095577849194,2.788411397991924,held,0.0,False,450108.5106331884,0.07646582214620785,0.0,False,False,2.0,10,0.0,895.4593687494498,0.07323176686743119,0.7296857975544854,-0.3500000099996339,-0.35000000999957037,-0.35000000999957037,-0.35,0.0,False,False,54490.34881591797,3694.2381376357025,12.519954406771761,0.0003271390349519129,2232.2978832542126,0.8553067223387508,0.9882873711081437,1.2051754055603177,1.2398431906970213,0.2359434754068803,1.5,0.005618080174128979,0.0024591399973336293,0.0066085331808780545,-0.0048269381253235565,0.031643640441132125,0.007538369299854642,-3289.503656277946,True
11,stress,10066,nominal_nmpc_2s,103.0,0.09612144166121252,0.021179344440351987,2.6955989190800853,0.08835496127528669,0.024421376460683035,2.6987960585872717,0.24581717223891814,-0.0022359936523437263,-0.10451786132812503,0.17581717223891813,0.31581717223891814,-0.08,0.08,-0.14969573057770563,0.023415338092695713,2.8001167804082105,held,0.0,False,450108.5106331884,0.07646582214620785,0.0,False,False,2.0,10,0.0,993.6087681227455,0.0735270496170866,0.7319995387413384,-0.3500000099996339,-0.35000000999957037,-0.35000000999957037,-0.35,0.0,False,False,54322.32080078125,3680.708193799991,12.474100762897656,0.0003359228829292094,2275.4765756202987,0.8553067223387508,0.9882873711081437,1.2051754055603177,1.2398431906970213,0.2359434754068803,1.5,0.005618080174128979,0.0024591399973336293,0.0066085331808780545,-0.0048269381253235565,0.031643640441132125,0.007538369299854642,-3289.503656277946,True
11,stress,10066,nominal_nmpc_2s,103.5,0.09614168036950552,0.021199213026507333,2.706193558764703,0.08898637999908421,0.02156554741809944,2.6951647087023987,0.24488033257419237,-0.0022271386718749897,-0.1056336682128906,0.17488033257419236,0.31488033257419235,-0.08,0.08,-0.14873865220468685,0.023426351698382322,2.8118272269775932,held,0.0,False,450108.5106331884,0.07646582214620785,0.0,False,False,2.0,10,0.0,1093.3753494686944,0.07381899262746447,0.7343068442721085,-0.3500000099996339,-0.3500000099996339,-0.35000000999962627,-0.35,0.0,False,False,54154.949768066406,3667.243863297581,12.428469485831211,0.00034490684758120305,2319.270489452339,0.8553067223387508,0.9882873711081437,1.2051754055603177,1.2398431906970213,0.2359434754068803,1.5,0.005618080174128979,0.0024591399973336293,0.0066085331808780545,-0.0048269381253235565,0.031643640441132125,0.007538369299854642,-3289.503656277946,True
11,stress,10066,nominal_nmpc_2s,104.0,0.09616969908325601,0.021221075396916988,2.716798631318103,0.09327136097183188,0.023617783532691318,2.710086751927805,0.2439368895567243,-0.00221809326171879,-0.10674500000000002,0.1739368895567243,0.3139368895567243,-0.08,0.08,-0.14776719047346829,0.023439168658635778,2.823543631318103,Solve_Succeeded,0.03732008399674669,False,267252.0031261792,0.08066552858489241,0.0,False,False,2.0,10,0.0,1194.7572733561337,0.07410752755526828,0.7366074826742901,-0.35000000999840275,-0.3500000099996339,-0.350000009999633,-0.35,0.0,False,False,53988.25,3653.846125117388,12.383063893413926,0.00035409359711080816,2363.67948496453,0.8553067223387508,0.9882873711081437,1.2051754055603177,1.2398431906970213,0.2359434754068803,1.5,0.005618080174128979,0.0024591399973336293,0.0066085331808780545,-0.0048269381253235565,0.031643640441132125,0.007538369299854642,-3289.503656277946,True
11,stress,10066,nominal_nmpc_2s,104.5,0.09620563918601496,0.02124496377588993,2.7274151416953876,0.0979145677255156,0.02130528470924186,2.732875247830493,0.24298710732062362,-0.002208857421874988,-0.10785176147460938,0.1729871073206236,0.3129871073206236,-0.08,0.08,-0.14678146813460866,0.02345382119776492,2.835266903169997,held,0.0,False,267252.0031261792,0.08066552858489241,0.0,False,False,2.0,10,0.0,1297.7513592758341,0.07439258586209041,0.7389012216870896,-0.35000000999840275,-0.3500000099996339,-0.35000000999963377,-0.35,0.0,False,False,53822.235778808594,3640.5159565471645,12.337887297721966,0.00036348574348900526,2408.7030578188637,0.8553067223387508,0.9882873711081437,1.2051754055603177,1.2398431906970213,0.2359434754068803,1.5,0.005618080174128979,0.0024591399973336293,0.0066085331808780545,-0.0048269381253235565,0.031643640441132125,0.007538369299854642,-3289.503656277946,True
11,stress,10066,nominal_nmpc_2s,105.0,0.09624964257583164,0.021270910321469858,2.738044110947467,0.09763026416174607,0.021978038575767904,2.733840369114355,0.24203125000000003,-0.002199431152343778,-0.10895385742187501,0.17203125000000002,0.31203125000000004,-0.08,0.08,-0.1457816074241684,0.023470341473813636,2.846997968369342,held,0.0,False,267252.0031261792,0.08066552858489241,0.0,False,False,2.0,10,0.0,1402.3530418286573,0.07467409884151639,0.7411878282744888,-0.35000000999840275,-0.3500000099996339,-0.3500000099996339,-0.35,0.0,False,False,53656.92138671875,3627.2543331867764,12.292943005111177,0.0003730858370308702,2454.3403283481452,0.8553067223387508,0.9882873711081437,1.2051754055603177,1.2398431906970213,0.2359434754068803,1.5,0.005618080174128979,0.0024591399973336293,0.0066085331808780545,-0.0048269381253235565,0.031643640441132125,0.007538369299854642,-3289.503656277946,True
11,stress,10066,nominal_nmpc_2s,105.5,0.09630185157360398,0.021298947097714804,2.7486865761810013,0.09831616207107856,0.02068490992244452,2.7489690858776363,0.2410695817289632,-0.002189814453124994,-0.11005119262695316,0.1710695817289632,0.3110695817289632,-0.08,0.08,-0.1447677301553592,0.023488761550839798,2.8587377688079543,held,0.0,False,267252.0031261792,0.08066552858489241,0.0,False,False,2.0,10,0.0,1508.5563272630607,0.07495199764726058,0.7434670686385235,-0.35000000999840275,-0.35000000999840275,-0.35000000999855063,-0.35,0.0,False,False,53492.32110595703,3614.062228961312,12.248234316261492,0.0003828963608023293,2500.5900308238242,0.8553067223387508,0.9882873711081437,1.2051754055603177,1.2398431906970213,0.2359434754068803,1.5,0.005618080174128979,0.0024591399973336293,0.0066085331808780545,-0.0048269381253235565,0.031643640441132125,0.007538369299854642,-3289.503656277946,True
11,stress,10066,nominal_nmpc_2s,106.0,0.09636240882764162,0.021329106046111105,2.7593435905042605,0.0890553617236119,0.02228247074537307,2.743407687963162,0.24010236664162288,-0.0021800073242187468,-0.111143671875,0.17010236664162287,0.3101023666416229,-0.08,0.08,-0.14373995781398125,0.023509113370329852,2.8704872623792603,Solve_Succeeded,0.03667866700561717,False,276394.225616459,0.08104700491801096,0.0,False,False,2.0,10,0.0,1616.3537504548385,0.07522621332233481,0.7457387082327718,-0.35000000999947994,-0.35000000999840275,-0.3500000099984205,-0.35,0.0,False,False,53328.44921875,3600.9406161340166,12.20376452622078,0.00039291972485908967,2547.4505027837495,0.8553067223387508,0.9882873711081437,1.2051754055603177,1.2398431906970213,0.2359434754068803,1.5,0.005618080174128979,0.0024591399973336293,0.0066085331808780545,-0.0048269381253235565,0.031643640441132125,0.007538369299854642,-3289.503656277946,True
11,stress,10066,nominal_nmpc_2s,106.5,0.09643145721442853,0.021361418956130772,2.770016222958481,0.08860369344962885,0.017153755803068597,2.7783054837777144,0.23912986887208867,-0.0021700097656249806,-0.11223119995117191,0.16912986887208867,0.3091298688720887,-0.08,0.08,-0.14269841165766015,0.023531428721755752,2.882247422909653,held,0.0,False,276394.225616459,0.08104700491801096,0.0,False,False,2.0,10,0.0,1725.7363324245216,0.07549667682924992,0.7480025117760563,-0.35000000999947994,-0.35000000999840275,-0.35000000999840486,-0.35,0.0,False,False,53165.32000732422,3587.890465319055,12.159536924448094,0.0004031582603196014,2594.9196744351134,0.8553067223387508,0.9882873711081437,1.2051754055603177,1.2398431906970213,0.2359434754068803,1.5,0.005618080174128979,0.0024591399973336293,0.0066085331808780545,-0.0048269381253235565,0.031643640441132125,0.007538369299854642,-3289.503656277946,True
11,stress,10066,nominal_nmpc_2s,107.0,0.096509139735578,0.021395917434943283,2.7807055584342857,0.0914399202854272,0.020365217929457616,2.7645570847840277,0.23815235255447037,-0.0021598217773437234,-0.11331368164062498,0.16815235255447036,0.3081523525544704,-0.08,0.08,-0.14164321281889236,0.023555739212287007,2.8940192400749107,held,0.0,False,276394.225616459,0.08104700491801096,0.0,False,False,2.0,10,0.0,1836.6935384909093,0.07576331908124778,0.7502582432663564,-0.35000000999947994,-0.35000000999840275,-0.350000009998403,-0.35,0.0,False,False,53002.94775390625,3574.912745494116,12.115554794856395,0.00041361421327439204,2642.9950581484018,0.8553067223387508,0.9882873711081437,1.2051754055603177,1.2398431906970213,0.2359434754068803,1.5,0.005618080174128979,0.0024591399973336293,0.0066085331808780545,-0.0048269381253235565,0.031643640441132125,0.007538369299854642,-3289.503656277946,True
11,stress,10066,nominal_nmpc_2s,107.5,0.09659559941097948,0.02143263287629479,2.791412697572754,0.09761053911461177,0.017840818897021687,2.8059311813641727,0.23717008182287758,-0.0021494433593750306,-0.11439102172851563,0.16717008182287757,0.3071700818228776,-0.08,0.08,-0.1405744824118981,0.02358207623566982,2.90580371930127,held,0.0,False,276394.225616459,0.08104700491801096,0.0,False,False,2.0,10,0.0,1949.2132371617454,0.07602607097456074,0.7525056659949317,-0.35000000999947994,-0.35000000999947994,-0.35000000999935055,-0.35,0.0,False,False,52841.346740722656,3562.008424012848,12.071821415854684,0.00042428973853458825,2691.6737380583845,0.8553067223387508,0.9882873711081437,1.2051754055603177,1.2398431906970213,0.2359434754068803,1.5,0.005618080174128979,0.0024591399973336293,0.0066085331808780545,-0.0048269381253235565,0.031643640441132125,0.007538369299854642,-3289.503656277946,True
11,stress,10066,nominal_nmpc_2s,108.0,0.09669097916814329,0.021471596428569717,2.8021387566507254,0.09179853690752776,0.02147054698904262,2.795343581800678,0.23618332081142,-0.0021388745117187358,-0.11546312500000001,0.16618332081141998,0.30618332081141997,-0.08,0.08,-0.1394923416432767,0.023610470940288453,2.9176018816507256,Solve_Succeeded,0.037785666005220264,False,246050.50710119997,0.07438478390389222,0.0,False,False,2.0,10,0.0,2063.2816598651225,0.07628486342169201,0.7547445425606546,-0.3500000099995178,-0.35000000999947994,-0.3500000099994644,-0.35,0.0,False,False,52680.53125,3549.1784666171407,12.028340060389635,0.00043518689322294483,2740.9523597886114,0.8553067223387508,0.9882873711081437,1.2051754055603177,1.2398431906970213,0.2359434754068803,1.5,0.005618080174128979,0.0024591399973336293,0.0066085331808780545,-0.0048269381253235565,0.031643640441132125,0.007538369299854642,-3289.503656277946,True
11,stress,10066,nominal_nmpc_2s,108.5,0.0967954217277562,0.021512838962051826,2.812884867449934,0.09328063650632368,0.01702229826190471,2.819472328883454,0.2351923336542074,-0.0021281152343750054,-0.11652989624023437,0.16519233365420738,0.3051923336542074,-0.08,0.08,-0.1383969119264512,0.023640954196426832,2.9294147636901684,held,0.0,False,246050.50710119997,0.07438478390389222,0.0,False,False,2.0,10,0.0,2178.8833616274396,0.07653962738571028,0.7569746348845532,-0.3500000099995178,-0.35000000999947994,-0.35000000999947806,-0.35,0.0,False,False,52520.515563964844,3536.423837449245,11.98511399598667,0.0004463076302112205,2790.8271203161003,0.8553067223387508,0.9882873711081437,1.2051754055603177,1.2398431906970213,0.2359434754068803,1.5,0.005618080174128979,0.0024591399973336293,0.0066085331808780545,-0.0048269381253235565,0.031643640441132125,0.007538369299854642,-3289.503656277946,True
11,stress,10066,nominal_nmpc_2s,109.0,0.09690906948546818,0.021556391035403973,2.8236521771095773,0.09437462975406133,0.02223520749046019,2.8324017552750558,0.23419738448534938,-0.002117165527343756,-0.11759124023437502,0.16419738448534937,0.3041973844853494,-0.08,0.08,-0.1372883149998812,0.02367355656274773,2.9412434173439523,held,0.0,False,246050.50710119997,0.07438478390389222,0.0,False,False,2.0,10,0.0,2296.001182805905,0.07679029391554815,0.7591957042245618,-0.3500000099995178,-0.35000000999947994,-0.3500000099994797,-0.35,0.0,False,False,52361.31396484375,3523.7454990637425,11.942146484790516,0.00045765379140828654,2841.293757993236,0.8553067223387508,0.9882873711081437,1.2051754055603177,1.2398431906970213,0.2359434754068803,1.5,0.005618080174128979,0.0024591399973336293,0.0066085331808780545,-0.0048269381253235565,0.031643640441132125,0.007538369299854642,-3289.503656277946,True
11,stress,10066,nominal_nmpc_2s,109.5,0.09703206438993815,0.021602282861387854,2.8344418479619335,0.09005154725579999,0.016471168992557295,2.827739858137704,0.23319873743895572,-0.002106025390624988,-0.11864706176757812,0.16319873743895572,0.30319873743895576,-0.08,0.08,-0.13616667304901758,0.023708308252012842,2.953088909729512,held,0.0,False,246050.50710119997,0.07438478390389222,0.0,False,False,2.0,10,0.0,2414.6162119855726,0.07703679418229328,0.7614075111904817,-0.3500000099995178,-0.3500000099995178,-0.35000000999951325,-0.35,0.0,False,False,52202.94073486328,3511.1444124393643,11.899440783605273,0.00046922710090391317,2892.3475427441613,0.8553067223387508,0.9882873711081437,1.2051754055603177,1.2398431906970213,0.2359434754068803,1.5,0.005618080174128979,0.0024591399973336293,0.0066085331808780545,-0.0048269381253235565,0.031643640441132125,0.007538369299854642,-3289.503656277946,True
11,stress,10066,nominal_nmpc_2s,110.0,0.09716454781717405,0.021650544271847337,2.845255057350657,0.09617623764914765,0.019763465624208824,2.848451155750953,0.23219665664913602,-0.0020946948242187846,-0.11969726562500001,0.16219665664913602,0.30219665664913603,-0.08,0.08,-0.13503210883196198,0.02374523909606612,2.964952322975657,Solve_Succeeded,0.036679084005299956,False,235037.57918715506,0.06602041899998837,0.0,False,False,2.0,10,0.0,2534.707750152468,0.07727905951645839,0.7636098157591469,-0.35000000999959757,-0.3500000099995178,-0.35000000999951725,-0.35,0.0,False,False,52045.41015625,3498.6215369906577,11.857000143933941,0.00048102915797375637,2943.9832664531177,0.8553067223387508,0.9882873711081437,1.2051754055603177,1.2398431906970213,0.2359434754068803,1.5,0.005618080174128979,0.0024591399973336293,0.0066085331808780545,-0.0048269381253235565,0.031643640441132125,0.007538369299854642,-3289.503656277946,True
11,stress,10066,nominal_nmpc_2s,110.5,0.09730666044121096,0.021701204681981154,2.8560929974313836,0.09777380116547649,0.018558011761836798,2.8521025516150162,0.23119140625,-0.002083173828124979,-0.12074175659179691,0.16119140625,0.30119140625,-0.08,0.08,-0.13388474580878906,0.023784378510106133,2.9768347540231805,held,0.0,False,235037.57918715506,0.06602041899998837,0.0,False,False,2.0,10,0.0,2656.2532762561086,0.07751702144621393,0.7658023772898002,-0.35000000999959757,-0.3500000099995178,-0.35000000999951775,-0.35,0.0,False,False,51888.73651123047,3486.17783057951,11.81482781201748,0.0004930614299516801,2996.1952335625415,0.8553067223387508,0.9882873711081437,1.2051754055603177,1.2398431906970213,0.2359434754068803,1.5,0.005618080174128979,0.0024591399973336293,0.0066085331808780545,-0.0048269381253235565,0.031643640441132125,0.007538369299854642,-3289.503656277946,True
11,stress,10066,nominal_nmpc_2s,111.0,0.09745854210117881,0.02175429305393297,2.8669568749543046,0.09743251885694518,0.0223214199766226,2.8673439832488192,0.23018325037565746,-0.002071462402343738,-0.12178043945312499,0.16018325037565745,0.30018325037565746,-0.08,0.08,-0.13272470827447863,0.023825755456276708,2.9887373144074294,held,0.0,False,235037.57918715506,0.06602041899998837,0.0,False,False,2.0,10,0.0,2779.2284142756025,0.0777506117365654,0.7679849545396729,-0.35000000999959757,-0.3500000099995178,-0.3500000099995178,-0.35,0.0,False,False,51732.93408203125,3473.81424952653,11.772927028873381,0.000505325244976142,3048.9772518987256,0.8553067223387508,0.9882873711081437,1.2051754055603177,1.2398431906970213,0.2359434754068803,1.5,0.005618080174128979,0.0024591399973336293,0.0066085331808780545,-0.0048269381253235565,0.031643640441132125,0.007538369299854642,-3289.503656277946,True
11,stress,10066,nominal_nmpc_2s,111.5,0.09762033166482,0.0218098378597292,2.8778479110283697,0.0986228437540323,0.020404790031466537,2.8788983588390074,0.2291724531602179,-0.0020595605468750056,-0.12281321899414065,0.15917245316021789,0.2991724531602179,-0.08,0.08,-0.1315521214953979,0.023869398406604205,3.00066113002251,held,0.0,False,235037.57918715506,0.06602041899998837,0.0,False,False,2.0,10,0.0,2903.6069019048473,0.07797976242945472,0.7701573056797725,-0.35000000999959757,-0.35000000999959757,-0.35000000999958797,-0.35,0.0,False,False,51578.017150878906,3461.5317486222852,11.731301030333748,0.0005178217846180265,3102.322623743174,0.8553067223387508,0.9882873711081437,1.2051754055603177,1.2398431906970213,0.2359434754068803,1.5,0.005618080174128979,0.0024591399973336293,0.0066085331808780545,-0.0048269381253235565,0.031643640441132125,0.007538369299854642,-3289.503656277946,True
11,stress,10066,nominal_nmpc_2s,112.0,0.0977921668885256,0.021867867043597184,2.8887673408668038,0.09383296392453187,0.01992423025790025,2.8841011579529736,0.22815927873779118,-0.0020474682617187268,-0.12383999999999999,0.15815927873779118,0.2981592787377912,-0.08,0.08,-0.13036711184926558,0.02391533530531591,3.0126073408668037,Solve_Succeeded,0.03737991699017584,False,199334.4580218977,0.0643263148132593,0.0,False,False,2.0,10,0.0,3029.3605609728174,0.07820440588476313,0.7723191883108756,-0.35000000999881986,-0.35000000999959757,-0.3500000099995964,-0.35,0.0,False,False,51424.0,3449.3312811384008,11.68995304708292,0.0005305520763979433,3156.224137167813,0.8553067223387508,0.9882873711081437,1.2051754055603177,1.2398431906970213,0.2359434754068803,1.5,0.005618080174128979,0.0024591399973336293,0.0066085331808780545,-0.0048269381253235565,0.031643640441132125,0.007538369299854642,-3289.503656277946,True
11,stress,10066,nominal_nmpc_2s,112.5,0.09797418427396794,0.02192840798369866,2.8997164135136373,0.09669649705515135,0.024241662255333186,2.9059231840708497,0.22714399124248688,-0.0020351855468749985,-0.12486068725585937,0.15714399124248687,0.2971439912424869,-0.08,0.08,-0.12916980696851893,0.02396359353057366,3.0245771007694966,held,0.0,False,199334.4580218977,0.0643263148132593,0.0,False,False,2.0,10,0.0,3156.459269715431,0.07842447482219,0.7744703594797258,-0.35000000999881986,-0.35000000999959757,-0.3500000099995974,-0.35,0.0,False,False,51270.896911621094,3437.213798838527,11.64888630469463,0.0005435169862016782,3210.674057652362,0.8553067223387508,0.9882873711081437,1.2051754055603177,1.2398431906970213,0.2359434754068803,1.5,0.005618080174128979,0.0024591399973336293,0.0066085331808780545,-0.0048269381253235565,0.031643640441132125,0.007538369299854642,-3289.503656277946,True
11,stress,10066,nominal_nmpc_2s,113.0,0.09816651892141603,0.02199148745331584,2.9106963915509647,0.10164277460402585,0.02308270583522038,2.9149457915860135,0.22612685480841474,-0.0020227124023437376,-0.125875185546875,0.15612685480841473,0.2961268548084147,-0.08,0.08,-0.1279603358869987,0.024014199855659578,3.0365715770978396,held,0.0,False,199334.4580218977,0.0643263148132593,0.0,False,False,2.0,10,0.0,3284.8709370155802,0.07863990236398039,0.776610575695435,-0.35000000999881986,-0.35000000999959757,-0.35000000999959757,-0.35,0.0,False,False,51118.72216796875,3425.180251989168,11.60810402366871,0.000556717210603156,3265.664120002218,0.8553067223387508,0.9882873711081437,1.2051754055603177,1.2398431906970213,0.2359434754068803,1.5,0.005618080174128979,0.0024591399973336293,0.0066085331808780545,-0.0048269381253235565,0.031643640441132125,0.007538369299854642,-3289.503656277946,True
11,stress,10066,nominal_nmpc_2s,113.5,0.09836930437983005,0.02205713158152964,2.921708550786669,0.09947384114076617,0.020203623053618537,2.920112215743151,0.22510813356968448,-0.0020100488281249995,-0.1268833996582031,0.15510813356968448,0.29510813356968446,-0.08,0.08,-0.12673882918985444,0.02406718040965464,3.048591950444872,held,0.0,False,199334.4580218977,0.0643263148132593,0.0,False,False,2.0,10,0.0,3414.56147872772,0.07885062207847086,0.7787395929460911,-0.35000000999881986,-0.35000000999881986,-0.3500000099989133,-0.35,0.0,False,False,50967.49005126953,3413.231589370381,11.567609419467352,0.000570153269104972,3321.1855205852726,0.8553067223387508,0.9882873711081437,1.2051754055603177,1.2398431906970213,0.2359434754068803,1.5,0.005618080174128979,0.0024591399973336293,0.0066085331808780545,-0.0048269381253235565,0.031643640441132125,0.007538369299854642,-3289.503656277946,True
11,stress,10066,nominal_nmpc_2s,114.0,0.0985826724938396,0.02212536581343204,2.9327541799223673,0.09257888744841068,0.022428616261633862,2.920956216338092,0.22408809166040572,-0.0019971948242187842,-0.127885234375,0.1540880916604057,0.2940880916604057,-0.08,0.08,-0.1255054191665661,0.024122560637650826,3.060639414297367,Solve_Succeeded,0.03747820801800117,False,126619.97031608461,0.06150920421199503,0.0,False,False,2.0,10,0.0,3545.494796202821,0.0790565680244218,0.7808571667155672,-0.3500000099993393,-0.35000000999881986,-0.3500000099988311,-0.35,0.0,False,False,50817.21484375,3401.3687582863445,11.527405702550928,0.0005838254963072365,3377.2289099060295,0.8553067223387508,0.9882873711081437,1.2051754055603177,1.2398431906970213,0.2359434754068803,1.5,0.005618080174128979,0.0024591399973336293,0.0066085331808780545,-0.0048269381253235565,0.031643640441132125,0.007538369299854642,-3289.503656277946,True
11,stress,10066,nominal_nmpc_2s,114.5,0.09880675324772083,0.022196214869916738,2.9438345802013584,0.101465444364104,0.020909878194529222,2.935544451283771,0.22306699321468826,-0.0019841503906249947,-0.1288805944824219,0.15306699321468825,0.29306699321468827,-0.08,0.08,-0.12426023996696743,0.024180365260541733,3.0727151746837804,held,0.0,False,126619.97031608461,0.06150920421199503,0.0,False,False,2.0,10,0.0,3677.6327571287275,0.07925767479610042,0.7829630520005345,-0.3500000099993393,-0.35000000999881986,-0.3500000099988212,-0.35,0.0,False,False,50667.91082763672,3389.5927045758044,11.487496078413374,0.0005977340340161997,3433.7843855354745,0.8553067223387508,0.9882873711081437,1.2051754055603177,1.2398431906970213,0.2359434754068803,1.5,0.005618080174128979,0.0024591399973336293,0.0066085331808780545,-0.0048269381253235565,0.031643640441132125,0.007538369299854642,-3289.503656277946,True
11,stress,10066,nominal_nmpc_2s,115.0,0.0990416746064962,0.022269702707094646,2.954951065036369,0.09736285208780235,0.02232029958422002,2.963536780263318,0.22204510236664166,-0.0019709155273437418,-0.12986938476562498,0.15204510236664165,0.29204510236664166,-0.08,0.08,-0.12300342776014546,0.024240618234438387,3.084820449801994,held,0.0,False,126619.97031608461,0.06150920421199503,0.0,False,False,2.0,10,0.0,3810.9351787995256,0.07945387756907753,0.7850570033276781,-0.3500000099993393,-0.35000000999881986,-0.35000000999882,-0.35,0.0,False,False,50519.59228515625,3377.9043726223863,11.447883747617162,0.0006118788233048258,3490.8414854149187,0.8553067223387508,0.9882873711081437,1.2051754055603177,1.2398431906970213,0.2359434754068803,1.5,0.005618080174128979,0.0024591399973336293,0.0066085331808780545,-0.0048269381253235565,0.031643640441132125,0.007538369299854642,-3289.503656277946,True
11,stress,10066,nominal_nmpc_2s,115.5,0.09928756235429102,0.022345852475383007,2.9661049596169273,0.09909274174320043,0.021159286546329103,2.970796863887626,0.22102268325037566,-0.0019574902343750256,-0.13085151000976564,0.15102268325037566,0.29102268325037567,-0.08,0.08,-0.12173512089608464,0.024303342709758032,3.096956469626693,held,0.0,False,126619.97031608461,0.06150920421199503,0.0,False,False,2.0,10,0.0,3945.3598139262203,0.07964511214669807,0.7871387747711145,-0.3500000099993393,-0.3500000099993393,-0.3500000099992769,-0.35,0.0,False,False,50372.273498535156,3366.304705364795,11.408571905827854,0.0006262595965382217,3548.389181552138,0.8553067223387508,0.9882873711081437,1.2051754055603177,1.2398431906970213,0.2359434754068803,1.5,0.005618080174128979,0.0024591399973336293,0.0066085331808780545,-0.0048269381253235565,0.031643640441132125,0.007538369299854642,-3289.503656277946,True
11,stress,10066,nominal_nmpc_2s,116.0,0.0995445399300901,0.022424686478319116,2.9772976004962097,0.09723306980498811,0.021525997218064554,2.98221983440888,0.22000000000000003,-0.001943874511718735,-0.131826875,0.15000000000000002,0.29000000000000004,-0.08,0.08,-0.12045546006990993,0.02436856099003785,3.10912447549621,Solve_Succeeded,0.03728708397829905,False,103150.14766845218,0.05276693019501191,0.0,False,False,2.0,10,0.0,4080.8623390988405,0.0798313150071826,0.7892081199700104,-0.35000000999938186,-0.3500000099993393,-0.3500000099993318,-0.35,0.0,False,False,50225.96875,3354.794644306886,11.369563743848234,0.0006408758693775517,3606.415874127869,0.8553067223387508,0.9882873711081437,1.2051754055603177,1.2398431906970213,0.2359434754068803,1.5,0.005618080174128979,0.0024591399973336293,0.0066085331808780545,-0.0048269381253235565,0.031643640441132125,0.007538369299854642,-3289.503656277946,True
11,stress,10066,nominal_nmpc_2s,116.5,0.09981272826104769,0.022506226131151847,2.9885303351572405,0.1047402769178912,0.02174426041831369,2.9921767894460993,0.21897731674962437,-0.0019300683593749812,-0.13279538452148437,0.14897731674962436,0.28897731674962435,-0.08,0.08,-0.11916458848857668,0.024436294490526828,3.1213257196787247,held,0.0,False,103150.14766845218,0.05276693019501191,0.0,False,False,2.0,10,0.0,4217.396346007788,0.08001242335131516,0.7912647921464034,-0.35000000999938186,-0.3500000099993393,-0.3500000099993384,-0.35,0.0,False,False,50080.692321777344,3343.3751295276165,11.330862447652041,0.0006557269327767816,3664.90938603057,0.8553067223387508,0.9882873711081437,1.2051754055603177,1.2398431906970213,0.2359434754068803,1.5,0.005618080174128979,0.0024591399973336293,0.0066085331808780545,-0.0048269381253235565,0.031643640441132125,0.007538369299854642,-3289.503656277946,True
11,stress,10066,nominal_nmpc_2s,117.0,0.1000922455935139,0.022590491919266327,2.9998045215583424,0.10413171098080475,0.024639053226381408,3.0046756485990045,0.2179548976333584,-0.001916071777343764,-0.133756943359375,0.1479548976333584,0.2879548976333584,-0.08,0.08,-0.1178626520398445,0.02450656369661009,3.1335614649177175,held,0.0,False,103150.14766845218,0.05276693019501191,0.0,False,False,2.0,10,0.0,4354.913335529644,0.0801883751506695,0.7933085441232226,-0.35000000999938186,-0.3500000099993393,-0.35000000999933917,-0.35,0.0,False,False,49936.45849609375,3332.047099690892,11.292471198417331,0.0006708118449873485,3723.856957837247,0.8553067223387508,0.9882873711081437,1.2051754055603177,1.2398431906970213,0.2359434754068803,1.5,0.005618080174128979,0.0024591399973336293,0.0066085331808780545,-0.0048269381253235565,0.031643640441132125,0.007538369299854642,-3289.503656277946,True
11,stress,10066,nominal_nmpc_2s,117.5,0.10038320732195016,0.022677503356499186,3.011121527657773,0.10240646861729735,0.027450138548030373,3.01517609434524,0.2169330067853118,-0.0019018847656250282,-0.13471145629882814,0.1469330067853118,0.2869330067853118,-0.08,0.08,-0.11654979946336164,0.024579388122124214,3.1458329839566015,held,0.0,False,103150.14766845218,0.05276693019501191,0.0,False,False,2.0,10,0.0,4493.362714779414,0.08035910919632452,0.7953391283425101,-0.35000000999938186,-0.35000000999938186,-0.35000000999937675,-0.35,0.0,False,False,49793.28155517578,3320.8114920552794,11.2543931725594,0.0006861294235865642,3783.24524325779,0.8553067223387508,0.9882873711081437,1.2051754055603177,1.2398431906970213,0.2359434754068803,1.5,0.005618080174128979,0.0024591399973336293,0.0066085331808780545,-0.0048269381253235565,0.031643640441132125,0.007538369299854642,-3289.503656277946,True
11,stress,10066,nominal_nmpc_2s,118.0,0.10068572581591612,0.022767278943403794,3.022482730917505,0.10377778878818357,0.024952277436596785,3.015445317923781,0.2159119083395943,-0.001887507324218718,-0.13565882812500002,0.1459119083395943,0.28591190833959435,-0.08,0.08,-0.1152261825236782,0.024654786267622512,3.158141559042505,Solve_Succeeded,0.036186333978548646,False,43743.96016038941,0.042134119551410734,0.0,False,False,2.0,10,0.0,4632.691797227755,0.08052456514801531,0.797356296883841,-0.35000000999858033,-0.35000000999938186,-0.35000000999938125,-0.35,0.0,False,False,49651.17578125,3309.669242483622,11.216631541763368,0.0007016782375462884,3843.060305060135,0.8553067223387508,0.9882873711081437,1.2051754055603177,1.2398431906970213,0.2359434754068803,1.5,0.005618080174128979,0.0024591399973336293,0.0066085331808780545,-0.0048269381253235565,0.031643640441132125,0.007538369299854642,-3289.503656277946,True
11,stress,10066,nominal_nmpc_2s,118.5,0.10099991024531997,0.022859836125526913,3.0338895177861405,0.10357122319565416,0.0277363948567554,3.0326100678283523,0.2148918664303156,-0.0018729394531249999,-0.13659896362304685,0.1448918664303156,0.2848918664303156,-0.08,0.08,-0.11389195618499563,0.024732775578651913,3.1704884814091874,held,0.0,False,43743.96016038941,0.042134119551410734,0.0,False,False,2.0,10,0.0,4772.845805977778,0.0806846835836662,0.7993598014829447,-0.35000000999858033,-0.35000000999938186,-0.3500000099993818,-0.35,0.0,False,False,49510.15545654297,3298.6212854525365,11.179189473016363,0.0007174565993591149,3903.28761149309,0.8553067223387508,0.9882873711081437,1.2051754055603177,1.2398431906970213,0.2359434754068803,1.5,0.005618080174128979,0.0024591399973336293,0.0066085331808780545,-0.0048269381253235565,0.031643640441132125,0.007538369299854642,-3289.503656277946,True
11,stress,10066,nominal_nmpc_2s,119.0,0.10132586640413392,0.022955191251760012,3.045343283160984,0.10123911978228078,0.026987562603894212,3.046376806519498,0.2138731451915853,-0.001858181152343763,-0.13753176757812502,0.14387314519158528,0.2838731451915853,-0.08,0.08,-0.11254727878745137,0.024813372404103775,3.182875050739109,held,0.0,False,43743.96016038941,0.042134119551410734,0.0,False,False,2.0,10,0.0,4913.7678802918,0.08083940604924753,0.8013493935505227,-0.35000000999858033,-0.35000000999938186,-0.35000000999938186,-0.35,0.0,False,False,49370.23486328125,3287.6685540618005,11.14207012863934,0.0007334625572400356,3963.912033223535,0.8553067223387508,0.9882873711081437,1.2051754055603177,1.2398431906970213,0.2359434754068803,1.5,0.005618080174128979,0.0024591399973336293,0.0066085331808780545,-0.0048269381253235565,0.031643640441132125,0.007538369299854642,-3289.503656277946,True
11,stress,10066,nominal_nmpc_2s,119.5,0.10166369653278545,0.02305335953283029,3.0568454298293215,0.10050316906991157,0.021135181831310426,3.0602628710038515,0.21285600875751315,-0.0018432324218750074,-0.13845714477539062,0.14285600875751314,0.28285600875751316,-0.08,0.08,-0.1111923122247277,0.024896591954705297,3.195302574604712,held,0.0,False,43743.96016038941,0.042134119551410734,0.0,False,False,2.0,10,0.0,5055.399085453613,0.08098867510889723,0.8033248241912663,-0.35000000999858033,-0.35000000999858033,-0.35000000999867664,-0.35,0.0,False,False,49231.42828369141,3276.811980043634,11.105276666318533,0.0007496938874222161,4024.91784080412,0.8553067223387508,0.9882873711081437,1.2051754055603177,1.2398431906970213,0.2359434754068803,1.5,0.005618080174128979,0.0024591399973336293,0.0066085331808780545,-0.0048269381253235565,0.031643640441132125,0.007538369299854642,-3289.503656277946,True
11,stress,10066,nominal_nmpc_2s,120.0,0.10201349913944471,0.023154354999998142,3.0683973678889993,0.1047790483300691,0.01954316787566961,3.0766893644379616,0.21184072126220888,-0.0018280932617187884,-0.13937500000000003,0.14184072126220887,0.2818407212622089,-0.08,0.08,-0.10982722212276416,0.02498244826171693,3.2077723678889996,Solve_Succeeded,0.036792124970816076,False,70133.23600467044,0.03815144518086169,0.0,False,False,2.0,10,0.0,5197.6784260469485,0.08113243439524526,0.8052858442230727,-0.35000000999947434,-0.35000000999858033,-0.3500000099985919,-0.35,0.0,False,False,49093.75,3266.0524937718724,11.068812239136545,0.0007661480865662236,4086.2887026873855,0.8553067223387508,0.9882873711081437,1.2051754055603177,1.2398431906970213,0.2359434754068803,1.5,0.005618080174128979,0.0024591399973336293,0.0066085331808780545,-0.0048269381253235565,0.031643640441132125,0.007538369299854642,-3289.503656277946,True
11,stress,10066,nominal_nmpc_2s,120.5,0.10237536882043724,0.023258190464029417,3.0800005141484172,0.09538373841284895,0.023139200232113903,3.0764777944452035,0.21082754683978214,-0.001812763671874995,-0.1402852380371094,0.14082754683978213,0.28082754683978217,-0.08,0.08,-0.1084521780193449,0.025070954135904412,3.220285752185527,held,0.0,False,70133.23600467044,0.03815144518086169,0.0,False,False,2.0,10,0.0,5340.542862724964,0.08127062865987612,0.807232204196456,-0.35000000999947434,-0.35000000999858033,-0.3500000099985817,-0.35,0.0,False,False,48957.214294433594,3255.391024271041,11.032679995603099,0.0007828223643026686,4148.007683801581,0.8553067223387508,0.9882873711081437,1.2051754055603177,1.2398431906970213,0.2359434754068803,1.5,0.005618080174128979,0.0024591399973336293,0.0066085331808780545,-0.0048269381253235565,0.031643640441132125,0.007538369299854642,-3289.503656277946,True
11,stress,10066,nominal_nmpc_2s,121.0,0.10274939608002,0.023364877474512227,3.0916562915060943,0.10492951867210794,0.02452549965805764,3.1004002587521455,0.20981674962434263,-0.0017972436523437385,-0.14118776367187502,0.13981674962434262,0.27981674962434266,-0.08,0.08,-0.10706735354432263,0.025162121126855966,3.2328440551779694,held,0.0,False,70133.23600467044,0.03815144518086169,0.0,False,False,2.0,10,0.0,5483.927332540286,0.08140320382386462,0.8091636544141589,-0.35000000999947434,-0.35000000999858033,-0.3500000099985805,-0.35,0.0,False,False,48821.83544921875,3244.8284992253148,10.996883079685405,0.0007997136359289077,4210.057244703196,0.8553067223387508,0.9882873711081437,1.2051754055603177,1.2398431906970213,0.2359434754068803,1.5,0.005618080174128979,0.0024591399973336293,0.0066085331808780545,-0.0048269381253235565,0.031643640441132125,0.007538369299854642,-3289.503656277946,True
11,stress,10066,nominal_nmpc_2s,121.5,0.1031356671497674,0.02347442627958948,3.1033661283099967,0.08939717433192854,0.022540063449125895,3.110778973006424,0.20880859375,-0.001781533203124963,-0.14208248168945314,0.13880859375,0.27880859375,-0.08,0.08,-0.1056729266002326,0.025255959482714443,3.2454486099994497,held,0.0,False,70133.23600467044,0.03815144518086169,0.0,False,False,2.0,10,0.0,5627.764772898321,0.08153010702831497,0.8110799449509581,-0.35000000999947434,-0.35000000999947434,-0.350000009999367,-0.35,0.0,False,False,48687.62774658203,3234.365844987393,10.961424630838241,0.000816818515281023,4272.419241320566,0.8553067223387508,0.9882873711081437,1.2051754055603177,1.2398431906970213,0.2359434754068803,1.5,0.005618080174128979,0.0024591399973336293,0.0066085331808780545,-0.0048269381253235565,0.031643640441132125,0.007538369299854642,-3289.503656277946,True
11,stress,10066,nominal_nmpc_2s,122.0,0.10353426380782216,0.023586845786179526,3.1151314576968514,0.11305874175195682,0.022631810891642987,3.115655414979872,0.20780334335086403,-0.0017656323242187244,-0.14296929687499998,0.13780334335086403,0.27780334335086404,-0.08,0.08,-0.10426907954304188,0.02535247811039825,3.2581007545718514,Solve_Succeeded,0.0348229170194827,False,21987.992030746183,0.024744601598907207,0.0,False,False,2.0,10,0.0,5771.986149190148,0.08165128668483419,0.8129808256736674,-0.35000000999651737,-0.35000000999947434,-0.35000000999946146,-0.35,0.0,False,False,48554.60546875,3224.003986587259,10.926307784033632,0.0008341333078028947,4335.074925302339,0.8553067223387508,0.9882873711081437,1.2051754055603177,1.2398431906970213,0.2359434754068803,1.5,0.005618080174128979,0.0024591399973336293,0.0066085331808780545,-0.0048269381253235565,0.031643640441132125,0.007538369299854642,-3289.503656277946,True
11,stress,10066,nominal_nmpc_2s,122.5,0.10394526319827407,0.023702143520758397,3.126953716911711,0.09965269408300367,0.02176923608825758,3.1266616616919265,0.20680126256104436,-0.0017495410156250224,-0.14384811401367187,0.13680126256104436,0.27680126256104437,-0.08,0.08,-0.10285599936277029,0.02545168453638342,3.2708018309253832,held,0.0,False,21987.992030746183,0.024744601598907207,0.0,False,False,2.0,10,0.0,5916.520486154703,0.08176669252586714,0.8148660462613366,-0.35000000999651737,-0.35000000999947434,-0.3500000099994728,-0.35,0.0,False,False,48422.78289794922,3213.743847740855,10.89153566979025,0.000851654003834763,4398.00494498431,0.8553067223387508,0.9882873711081437,1.2051754055603177,1.2398431906970213,0.2359434754068803,1.5,0.005618080174128979,0.0024591399973336293,0.0066085331808780545,-0.0048269381253235565,0.031643640441132125,0.007538369299854642,-3289.503656277946,True
11,stress,10066,nominal_nmpc_2s,123.0,0.10436873765093696,0.023820325590778048,3.138834346608069,0.10893057911143325,0.020344621795180838,3.1398963338901313,0.20580261551465062,-0.001733259277343746,-0.144718837890625,0.13580261551465062,0.27580261551465063,-0.08,0.08,-0.10143387786371366,0.025553584868121794,3.283553184498694,held,0.0,False,21987.992030746183,0.024744601598907207,0.0,False,False,2.0,10,0.0,6061.294903011836,0.08187627565481904,0.8167353562256445,-0.35000000999651737,-0.35000000999947434,-0.35000000999947417,-0.35,0.0,False,False,48292.17431640625,3203.5863508586476,10.857111414202452,0.0008693762721441469,4461.189346987089,0.8553067223387508,0.9882873711081437,1.2051754055603177,1.2398431906970213,0.2359434754068803,1.5,0.005618080174128979,0.0024591399973336293,0.0066085331808780545,-0.0048269381253235565,0.031643640441132125,0.007538369299854642,-3289.503656277946,True
11,stress,10066,nominal_nmpc_2s,123.5,0.1048047545018019,0.0239413966467959,3.1507747901288585,0.10407939693449623,0.026162846696208254,3.1451304856769684,0.20480766634579267,-0.0017167871093750064,-0.14558137329101561,0.13480766634579266,0.2748076663457927,-0.08,0.08,-0.10000291184399077,0.025658183756170905,3.2963561634198744,held,0.0,False,21987.992030746183,0.024744601598907207,0.0,False,False,2.0,10,0.0,6206.234652401046,0.0819799885958905,0.8185885049314899,-0.35000000999651737,-0.35000000999651737,-0.3500000099968726,-0.35,0.0,False,False,48162.79400634766,3193.5324170541107,10.82303813896902,0.0008872954537225083,4524.60757845686,0.8553067223387508,0.9882873711081437,1.2051754055603177,1.2398431906970213,0.2359434754068803,1.5,0.005618080174128979,0.0024591399973336293,0.0066085331808780545,-0.0048269381253235565,0.031643640441132125,0.007538369299854642,-3289.503656277946,True
11,stress,10066,nominal_nmpc_2s,124.0,0.10525337591445122,0.02406535984539153,3.1627764927687143,0.09904823261649053,0.02222484933671792,3.162708327559037,0.20381667918858004,-0.001700124511718748,-0.146435625,0.13381667918858003,0.27381667918858005,-0.08,0.08,-0.09856330327412882,0.025765484357110277,3.3092121177687144,Solve_Succeeded,0.0348515419755131,False,32365.999048756108,0.03476844657208951,0.0,False,False,2.0,10,0.0,6351.263163152154,0.08207778534354712,0.8204252416177731,-0.350000009996535,-0.35000000999651737,-0.35000000999656006,-0.35,0.0,False,False,48034.65624999999,3183.5829661521066,10.789318961421568,0.0009054065558714836,4588.238489960617,0.8553067223387508,0.9882873711081437,1.2051754055603177,1.2398431906970213,0.2359434754068803,1.5,0.005618080174128979,0.0024591399973336293,0.0066085331808780545,-0.0048269381253235565,0.031643640441132125,0.007538369299854642,-3289.503656277946,True
11,stress,10066,nominal_nmpc_2s,124.5,0.10571465870272431,0.024192216812946955,3.174840901017907,0.11269777461337985,0.02369932170739127,3.175857054858668,0.2028299181771225,-0.0016832714843749708,-0.14728149780273436,0.1328299181771225,0.27282991817712254,-0.08,0.08,-0.0971152594743982,0.025875488297321926,3.3221223988206416,held,0.0,False,32365.999048756108,0.03476844657208951,0.0,False,False,2.0,10,0.0,6496.3020869058255,0.08216962141154585,0.8222453154183749,-0.350000009996535,-0.35000000999651737,-0.3500000099965225,-0.35,0.0,False,False,47907.77532958985,3173.738916697176,10.755956994552639,0.0009237042466028576,4652.06033904647,0.8553067223387508,0.9882873711081437,1.2051754055603177,1.2398431906970213,0.2359434754068803,1.5,0.005618080174128979,0.0024591399973336293,0.0066085331808780545,-0.0048269381253235565,0.031643640441132125,0.007538369299854642,-3289.503656277946,True
11,stress,10066,nominal_nmpc_2s,125.0,0.10618865415493246,0.024321967610367205,3.186969461788403,0.11843402802642196,0.023777869693431413,3.180906165856215,0.2018476474455297,-0.0016662280273437857,-0.14811889648437498,0.13184764744552968,0.2718476474455297,-0.08,0.08,-0.09565899329059722,0.02598819563771099,3.335088358272778,held,0.0,False,32365.999048756108,0.03476844657208951,0.0,False,False,2.0,10,0.0,6641.271348594326,0.08225545388143762,0.8240484753833285,-0.350000009996535,-0.35000000999651737,-0.350000009996518,-0.35,0.0,False,False,47782.16552734375,3164.0011859617425,10.722955347043506,0.0009421828493769073,4716.050794479467,0.8553067223387508,0.9882873711081437,1.2051754055603177,1.2398431906970213,0.2359434754068803,1.5,0.005618080174128979,0.0024591399973336293,0.0066085331808780545,-0.0048269381253235565,0.031643640441132125,0.007538369299854642,-3289.503656277946,True
11,stress,10066,nominal_nmpc_2s,125.5,0.1066754078599248,0.024454610698818064,3.1991636216225374,0.10768548244333154,0.027951495237665283,3.1916368930530608,0.20087013112791136,-0.0016489941406250264,-0.14894772583007815,0.13087013112791135,0.27087013112791136,-0.08,0.08,-0.09419472326798656,0.02610360483944309,3.3481113474526154,held,0.0,False,32365.999048756108,0.03476844657208951,0.0,False,False,2.0,10,0.0,6786.089200782168,0.08233524145046542,0.8258344705001837,-0.350000009996535,-0.350000009996535,-0.35000000999653297,-0.35,0.0,False,False,47657.84112548828,3154.3706899542217,10.69031712329166,0.0009608363382038705,4780.186941161704,0.8553067223387508,0.9882873711081437,1.2051754055603177,1.2398431906970213,0.2359434754068803,1.5,0.005618080174128979,0.0024591399973336293,0.0066085331808780545,-0.0048269381253235565,0.031643640441132125,0.007538369299854642,-3289.503656277946,True
11,stress,10066,nominal_nmpc_2s,126.0,0.10717495953531304,0.02459014290655787,3.211424825884829,0.10678546102177712,0.02815195493107779,3.2044422008076,0.19989763335837718,-0.0016315698242187482,-0.149767890625,0.12989763335837717,0.2698976333583772,-0.08,0.08,-0.09272267382306414,0.026221712730776617,3.361192716509829,Solve_Succeeded,0.03177383303409442,False,8294.199215350538,0.023112172336600054,0.0,False,False,2.0,10,0.0,6930.672281859515,0.08240894447877636,0.8276030497155658,-0.35000000995605324,-0.350000009996535,-0.3500000099965348,-0.35,0.0,False,False,47534.81640625,3144.848343427045,10.658045423437997,0.0009796583331337164,4844.445285745788,0.8553067223387508,0.9882873711081437,1.2051754055603177,1.2398431906970213,0.2359434754068803,1.5,0.005618080174128979,0.0024591399973336293,0.0066085331808780545,-0.0048269381253235565,0.031643640441132125,0.007538369299854642,-3289.503656277946,True
11,stress,10066,nominal_nmpc_2s,126.5,0.10768734285816645,0.02472855939694002,3.2237545179375036,0.10372525123011508,0.021629391358793347,3.209142813970311,0.19893041827103683,-0.0016139550781250067,-0.1505792956542969,0.12893041827103682,0.2689304182710368,-0.08,0.08,-0.09124307541287038,0.026342514475065026,3.3743338135918006,held,0.0,False,8294.199215350538,0.023112172336600054,0.0,False,False,2.0,10,0.0,7074.935678070129,0.08247652503586383,0.8293539619569262,-0.35000000995605324,-0.350000009996535,-0.350000009996535,-0.35,0.0,False,False,47413.10565185547,3135.4350598845976,10.626143343393725,0.0009986420961594356,4908.801762949193,0.8553067223387508,0.9882873711081437,1.2051754055603177,1.2398431906970213,0.2359434754068803,1.5,0.005618080174128979,0.0024591399973336293,0.0066085331808780545,-0.0048269381253235565,0.031643640441132125,0.007538369299854642,-3289.503656277946,True
11,stress,10066,nominal_nmpc_2s,127.0,0.10821258529849252,0.02486985363766246,3.236154138300328,0.11049531443191157,0.026826832613438836,3.2358926888969757,0.19796875000000003,-0.0015961499023437464,-0.15138184570312502,0.12796875000000002,0.26796875000000003,-0.08,0.08,-0.0897561647015075,0.026466003540006205,3.387535984003453,held,0.0,False,8294.199215350538,0.023112172336600054,0.0,False,False,2.0,10,0.0,7218.792989347214,0.08253794694615713,0.8310869561544854,-0.35000000995605324,-0.350000009996535,-0.350000009996535,-0.35,0.0,False,False,47292.72314453125,3126.131751591069,10.594613974866968,0.0010177805275592455,4973.23174257661,0.8553067223387508,0.9882873711081437,1.2051754055603177,1.2398431906970213,0.2359434754068803,1.5,0.005618080174128979,0.0024591399973336293,0.0066085331808780545,-0.0048269381253235565,0.031643640441132125,0.007538369299854642,-3289.503656277946,True
11,stress,10066,nominal_nmpc_2s,127.5,0.10875070795582199,0.025014017371339854,3.2486251237954034,0.11374787246390884,0.023076763200230638,3.2495537485773007,0.19701289267937644,-0.0015781542968750228,-0.15217544555664064,0.12701289267937643,0.26701289267937645,-0.08,0.08,-0.08826218472355445,0.026592171668214877,3.400800569352044,held,0.0,False,8294.199215350538,0.023112172336600054,0.0,False,False,2.0,10,0.0,7362.156398920533,0.08259317583367433,0.832801781263368,-0.35000000995605324,-0.35000000995605324,-0.35000000996091646,-0.35,0.0,False,False,47173.683166503906,3116.9393295782206,10.563460405389087,0.0010370661627031458,5037.710037256481,0.8553067223387508,0.9882873711081437,1.2051754055603177,1.2398431906970213,0.2359434754068803,1.5,0.005618080174128979,0.0024591399973336293,0.0066085331808780545,-0.0048269381253235565,0.031643640441132125,0.007538369299854642,-3289.503656277946,True
11,stress,10066,nominal_nmpc_2s,128.0,0.10930172539921897,0.025161040587473402,3.2611689066775877,0.11816849416228137,0.023058667455222004,3.261893439157958,0.19606311044327573,-0.0015599682617187804,-0.15296000000000004,0.12606311044327573,0.26606311044327574,-0.08,0.08,-0.08676138504405677,0.026721008849192183,3.414128906677588,Solve_Succeeded,0.03254870796808973,False,3459.2801845182707,0.008243018564350973,0.0,False,False,2.0,10,0.0,7504.936746648693,0.08264217916565382,0.8344981862859295,-0.3500000099943873,-0.35000000995605324,-0.3500000099566375,-0.35,0.0,False,False,47055.99999999999,3107.8587036530726,10.532685718340742,0.001056491169349238,5102.21091089722,0.8553067223387508,0.9882873711081437,1.2051754055603177,1.2398431906970213,0.2359434754068803,1.5,0.005618080174128979,0.0024591399973336293,0.0066085331808780545,-0.0048269381253235565,0.031643640441132125,0.007538369299854642,-3289.503656277946,True
11,stress,10066,nominal_nmpc_2s,128.5,0.10986564551103928,0.025310911495892235,3.2737869137512754,0.1097173052555482,0.027130059748060053,3.279690069614061,0.1951196674258077,-0.0015415917968749637,-0.15373541381835942,0.12511966742580768,0.2651196674258077,-0.08,0.08,-0.08525402191476841,0.0268525032927672,3.4275223275696347,held,0.0,False,3459.2801845182707,0.008243018564350973,0.0,False,False,2.0,10,0.0,7647.043606020205,0.08268492629508015,0.8361759202942732,-0.3500000099943873,-0.35000000995605324,-0.3500000099561234,-0.35,0.0,False,False,46939.687927246094,3098.8907824055045,10.502292992977637,0.001076047345455115,5166.708087867533,0.8553067223387508,0.9882873711081437,1.2051754055603177,1.2398431906970213,0.2359434754068803,1.5,0.005618080174128979,0.0024591399973336293,0.0066085331808780545,-0.0048269381253235565,0.031643640441132125,0.007538369299854642,-3289.503656277946,True
11,stress,10066,nominal_nmpc_2s,129.0,0.1104424693347608,0.025463616501739242,3.286480565474281,0.11372564176782415,0.023636486722142424,3.286476148372431,0.19418282776108192,-0.0015230249023436837,-0.154501591796875,0.12418282776108192,0.26418282776108193,-0.08,0.08,-0.08374035842632112,0.026986641404082926,3.4409821572711556,held,0.0,False,3459.2801845182707,0.008243018564350973,0.0,False,False,2.0,10,0.0,7788.385364757793,0.08272138850202006,0.8378347324529601,-0.3500000099943873,-0.35000000995605324,-0.3500000099560617,-0.35,0.0,False,False,46824.76123046875,3090.036473215777,10.472285304456019,0.0010957261175294864,5231.174762904775,0.8553067223387508,0.9882873711081437,1.2051754055603177,1.2398431906970213,0.2359434754068803,1.5,0.005618080174128979,0.0024591399973336293,0.0066085331808780545,-0.0048269381253235565,0.031643640441132125,0.007538369299854642,-3289.503656277946,True
11,stress,10066,nominal_nmpc_2s,129.5,0.11103219092721024,0.02561914018207278,3.29925127504962,0.10729116446327111,0.02319311021716516,3.304042652638027,0.19325285558320815,-0.001504267578124996,-0.1552584387207031,0.12325285558320814,0.26325285558320816,-0.08,0.08,-0.08222066465599791,0.027123407760197775,3.454509713770323,held,0.0,False,3459.2801845182707,0.008243018564350973,0.0,False,False,2.0,10,0.0,7928.869308949645,0.0827515390336839,0.8394743720419061,-0.3500000099943873,-0.3500000099943873,-0.3500000099897831,-0.35,0.0,False,False,46711.23419189453,3081.2966822619824,10.442665723857933,0.001115518539548904,5295.5836117540575,0.8553067223387508,0.9882873711081437,1.2051754055603177,1.2398431906970213,0.2359434754068803,1.5,0.005618080174128979,0.0024591399973336293,0.0066085331808780545,-0.0048269381253235565,0.031643640441132125,0.007538369299854642,-3289.503656277946,True
11,stress,10066,nominal_nmpc_2s,130.0,0.1116347972155103,0.025777465264154174,3.3121004475060127,0.11645178754723208,0.026947505698232697,3.3161784280857707,0.19233001502629604,-0.0014853198242187893,-0.156005859375,0.12233001502629604,0.26233001502629605,-0.08,0.08,-0.08069521781078574,0.027262785088372963,3.4681063068810127,Solve_Succeeded,0.02997462498024106,False,2100.0003417467196,0.005878227479063955,0.0,False,False,2.0,10,0.0,8068.401710621876,0.08277535314312928,0.8410945884794722,-0.3500000085790011,-0.3500000099943873,-0.3500000099938342,-0.35,0.0,False,False,46599.12109375,3072.6723145274013,10.413437318216143,0.0011354152924641682,5359.90680254018,0.8553067223387508,0.9882873711081437,1.2051754055603177,1.2398431906970213,0.2359434754068803,1.5,0.005618080174128979,0.0024591399973336293,0.0066085331808780545,-0.0048269381253235565,0.031643640441132125,0.007538369299854642,-3289.503656277946,True
11,stress,10066,nominal_nmpc_2s,130.5,0.11225026785907033,0.02593857260548919,3.3250294787679677,0.1111924823962085,0.02627394756406838,3.3146460554133426,0.1914145702244553,-0.0014661816406250083,-0.1567437585449219,0.12141457022445529,0.2614145702244553,-0.08,0.08,-0.07916430236538496,0.0274047542461142,3.48177323731289,held,0.0,False,2100.0003417467196,0.005878227479063955,0.0,False,False,2.0,10,0.0,8206.887918656956,0.08279280812652329,0.8426951313457428,-0.3500000085790011,-0.3500000099943873,-0.35000000999432085,-0.35,0.0,False,False,46488.43621826172,3064.164273807798,10.384603150538863,0.0011554066843205667,5424.116007873747,0.8553067223387508,0.9882873711081437,1.2051754055603177,1.2398431906970213,0.2359434754068803,1.5,0.005618080174128979,0.0024591399973336293,0.0066085331808780545,-0.0048269381253235565,0.031643640441132125,0.007538369299854642,-3289.503656277946,True
11,stress,10066,nominal_nmpc_2s,131.0,0.11287857511694147,0.026102441175689675,3.3380397547163434,0.11490592395913488,0.02216778865452478,3.3265872377332393,0.19050678531179568,-0.001446853027343764,-0.157472041015625,0.12050678531179568,0.2605067853117957,-0.08,0.08,-0.07762821019485422,0.02754929420303344,3.4955117957319684,held,0.0,False,2100.0003417467196,0.005878227479063955,0.0,False,False,2.0,10,0.0,8344.232452951726,0.08280388335888139,0.844275750405994,-0.3500000085790011,-0.3500000099943873,-0.3500000099943793,-0.35,0.0,False,False,46379.19384765625,3055.7734627186314,10.356166279834195,0.0011754826510155284,5488.182417691421,0.8553067223387508,0.9882873711081437,1.2051754055603177,1.2398431906970213,0.2359434754068803,1.5,0.005618080174128979,0.0024591399973336293,0.0066085331808780545,-0.0048269381253235565,0.031643640441132125,0.007538369299854642,-3289.503656277946,True
11,stress,10066,nominal_nmpc_2s,131.5,0.1135196837208549,0.026269048040219446,3.3511326502403103,0.1069829058191337,0.031143305532490707,3.3533130576683154,0.18960692442242677,-0.001427333984375001,-0.15819061157226566,0.11960692442242676,0.2596069244224268,-0.08,0.08,-0.07608724070157187,0.027696382024594447,3.509323261812576,held,0.0,False,2100.0003417467196,0.005878227479063955,0.0,False,False,2.0,10,0.0,8480.339101700516,0.08280856032820122,0.8458361956343506,-0.3500000085790011,-0.3500000085790011,-0.3500000087490354,-0.35,0.0,False,False,46271.408264160156,3047.5007827021896,10.328129761134306,0.0011956327577167755,5552.076752830086,0.8553067223387508,0.9882873711081437,1.2051754055603177,1.2398431906970213,0.2359434754068803,1.5,0.005618080174128979,0.0024591399973336293,0.0066085331808780545,-0.0048269381253235565,0.031643640441132125,0.007538369299854642,-3289.503656277946,True
11,stress,10066,nominal_nmpc_2s,132.0,0.11417355075425825,0.026438368346086167,3.3643095282816726,0.10884318131230725,0.024124221377549018,3.359118242479228,0.18871525169045833,-0.0014076245117187192,-0.158899375,0.11871525169045832,0.25871525169045834,-0.08,0.08,-0.07454170093620008,0.027845992857804886,3.5232089032816725,Solve_Succeeded,0.031069999968167394,False,3068.0264235050818,0.009872070378151077,0.0,False,False,2.0,10,0.0,8615.111021678202,0.0828068226679119,0.8473762172376315,-0.3500000099729536,-0.3500000085790011,-0.3500000085994279,-0.35,0.0,False,False,46165.09375,3039.3471340346637,10.300496645519406,0.001215846200963269,5615.769279333324,0.8553067223387508,0.9882873711081437,1.2051754055603177,1.2398431906970213,0.2359434754068803,1.5,0.005618080174128979,0.0024591399973336293,0.0066085331808780545,-0.0048269381253235565,0.031643640441132125,0.007538369299854642,-3289.503656277946,True
11,stress,10066,nominal_nmpc_2s,132.5,0.11484012553766117,0.02661037530953844,3.377571738872537,0.11531352707516214,0.025932410277992705,3.3849658170033816,0.18783203125000003,-0.001387724609374974,-0.15959823608398438,0.11783203125000002,0.25783203125000004,-0.08,0.08,-0.07299190571233886,0.027998099918913413,3.5371699749565213,held,0.0,False,3068.0264235050818,0.009872070378151077,0.0,False,False,2.0,10,0.0,8748.45084138889,0.0827986561875595,0.8488955656793845,-0.3500000099729536,-0.3500000085790011,-0.350000008581455,-0.35,0.0,False,False,46060.264587402344,3031.31341583313,10.273269980141405,0.0012361118114705173,5679.229823487924,0.8553067223387508,0.9882873711081437,1.2051754055603177,1.2398431906970213,0.2359434754068803,1.5,0.005618080174128979,0.0024591399973336293,0.0066085331808780545,-0.0048269381253235565,0.031643640441132125,0.007538369299854642,-3289.503656277946,True
11,stress,10066,nominal_nmpc_2s,133.0,0.11551934952059584,0.026785040205824576,3.3909206181673466,0.12209649988038232,0.030547747542897262,3.3956440520468534,0.1869575272351615,-0.0013676342773437655,-0.16028709960937498,0.11695752723516151,0.2569575272351615,-0.08,0.08,-0.07143817771456568,0.02815267448316834,3.5512077177767214,held,0.0,False,3068.0264235050818,0.009872070378151077,0.0,False,False,2.0,10,0.0,8880.260766937105,0.08278404890165231,0.850393991704108,-0.3500000099729536,-0.3500000085790011,-0.3500000085792959,-0.35,0.0,False,False,45956.93505859375,3023.4005260624763,10.246452808247394,0.0012564180576608965,5742.427787587346,0.8553067223387508,0.9882873711081437,1.2051754055603177,1.2398431906970213,0.2359434754068803,1.5,0.005618080174128979,0.0024591399973336293,0.0066085331808780545,-0.0048269381253235565,0.031643640441132125,0.007538369299854642,-3289.503656277946,True
11,stress,10066,nominal_nmpc_2s,133.5,0.1162111561804927,0.026962332361066717,3.4043574874703224,0.11899886442312498,0.022450762045169416,3.4057481179226707,0.1860920037800526,-0.0013473535156250382,-0.16096587036132814,0.1160920037800526,0.2560920037800526,-0.08,0.08,-0.06988084759955991,0.028309685876691755,3.5653233578316508,held,0.0,False,3068.0264235050818,0.009872070378151077,0.0,False,False,2.0,10,0.0,9010.44269046872,0.08276299105659056,0.8518712463616613,-0.3500000099729536,-0.3500000099729536,-0.35000000980552864,-0.35,0.0,False,False,45855.11944580078,3015.6093615422524,10.22004816920285,0.0012767530499386364,5805.332166418015,0.8553067223387508,0.9882873711081437,1.2051754055603177,1.2398431906970213,0.2359434754068803,1.5,0.005618080174128979,0.0024591399973336293,0.0066085331808780545,-0.0048269381253235565,0.031643640441132125,0.007538369299854642,-3289.503656277946,False
11,stress,10066,nominal_nmpc_2s,134.0,0.11691547092876478,0.027142219146300776,3.4178836522593827,0.1137642905954346,0.02851548350085071,3.427233292146181,0.18523572501878288,-0.0013268823242187366,-0.16163445312500002,0.11523572501878288,0.2552357250187829,-0.08,0.08,-0.0683202540900181,0.028469101470519512,3.5795181053843828,Solve_Succeeded,0.028628583007957786,False,1841.70775182548,0.0014714344233482807,0.0,False,False,2.0,10,0.0,9138.898301020954,0.0827354751556074,0.8533270810318607,-0.3500000087149861,-0.3500000099729536,-0.35000000995284025,-0.35,0.0,False,False,45754.83203125,3007.9408179534475,10.194059098514616,0.0012971045457280984,5867.911564463705,0.8553067223387508,0.9882873711081437,1.2051754055603177,1.2398431906970213,0.2359434754068803,1.5,0.005618080174128979,0.0024591399973336293,0.0066085331808780545,-0.0048269381253235565,0.031643640441132125,0.007538369299854642,-3289.503656277946,False
11,stress,10066,nominal_nmpc_2s,134.5,0.1176322110243867,0.027324665973729543,3.431500401207638,0.10570510675789951,0.025422552695819927,3.437252510153358,0.1843889550854621,-0.0013062207031249717,-0.16229275268554688,0.1143889550854621,0.2543889550854621,-0.08,0.08,-0.0667567440610754,0.028630886676854515,3.593793153893185,held,0.0,False,1841.70775182548,0.0014714344233482807,0.0,False,False,2.0,10,0.0,9265.529197611819,0.08270149598165072,0.8547612474492646,-0.3500000087149861,-0.3500000099729536,-0.3500000099705373,-0.35,0.0,False,False,45656.087097167976,3000.3957898452063,10.168488627853662,0.0013174599552926963,5930.134213822234,0.8553067223387508,0.9882873711081437,1.2051754055603177,1.2398431906970213,0.2359434754068803,1.5,0.005618080174128979,0.0024591399973336293,0.0066085331808780545,-0.0048269381253235565,0.031643640441132125,0.007538369299854642,-3289.503656277946,False
11,stress,10066,nominal_nmpc_2s,135.0,0.11836128549524623,0.027509636295232825,3.445209005203576,0.11574796208517645,0.028690378311839123,3.450452676285984,0.1835519581141999,-0.0012853686523437435,-0.162940673828125,0.11355195811419988,0.2535519581141999,-0.08,0.08,-0.06519067261895366,0.02879500494757657,3.608149679031701,held,0.0,False,1841.70775182548,0.0014714344233482807,0.0,False,False,2.0,10,0.0,9390.237004391789,0.08266105061813717,0.856173497728144,-0.3500000087149861,-0.3500000099729536,-0.35000000997266334,-0.35,0.0,False,False,45558.89892578125,2992.97517064147,10.143339785077583,0.0013378063483506042,5991.967992827981,0.8553067223387508,0.9882873711081437,1.2051754055603177,1.2398431906970213,0.2359434754068803,1.5,0.005618080174128979,0.0024591399973336293,0.0066085331808780545,-0.0048269381253235565,0.031643640441132125,0.007538369299854642,-3289.503656277946,False
11,stress,10066,nominal_nmpc_2s,135.5,0.11910259506753725,0.027697091603174954,3.459010716371077,0.11396519692216979,0.024680752657864773,3.4548771133202054,0.18272499823910593,-0.0012643261718749965,-0.16357812133789063,0.11272499823910592,0.25272499823910594,-0.08,0.08,-0.06362240317156868,0.02896141777504995,3.6225888377089674,held,0.0,False,1841.70775182548,0.0014714344233482807,0.0,False,False,2.0,10,0.0,9512.923487672331,0.08261413846751306,0.8575635843876396,-0.3500000087149861,-0.3500000087149861,-0.3500000088660753,-0.35,0.0,False,False,45463.281799316406,2985.6798526475577,10.118615594252912,0.001358130461501911,6053.380445372719,0.8553067223387508,0.9882873711081437,1.2051754055603177,1.2398431906970213,0.2359434754068803,1.5,0.005618080174128979,0.0024591399973336293,0.0066085331808780545,-0.0048269381253235565,0.031643640441132125,0.007538369299854642,-3289.503656277946,False
11,stress,10066,nominal_nmpc_2s,136.0,0.11985603210345304,0.027886991433546268,3.472906767090415,0.12205266544558852,0.03135036382346517,3.471771447394861,0.18190833959429,-0.0012430932617187862,-0.164205,0.11190833959429,0.25190833959429004,-0.08,0.08,-0.06205230749083697,0.029130084695265054,3.6371117670904147,Solve_Succeeded,0.028657208022195846,False,1831.9392483222855,0.0,0.0,False,False,2.0,10,0.0,9633.490674639841,0.08256076126755896,0.8589312603771045,-0.3500000010452147,-0.3500000087149861,-0.35000000873313697,-0.35,0.0,False,False,45369.25,2978.5107270566778,10.094319075677182,0.0013784187064805322,6114.338800916938,0.8553067223387508,0.9882873711081437,1.2051754055603177,1.2398431906970213,0.2359434754068803,1.5,0.005618080174128979,0.0024591399973336293,0.0066085331808780545,-0.0048269381253235565,0.031643640441132125,0.007538369299854642,-3289.503656277946,False
11,stress,10066,nominal_nmpc_2s,136.5,0.12062148054742847,0.028079293371471338,3.4868983690214255,0.1206113149156428,0.03196612960712822,3.4936821870832127,0.1811022463138618,-0.0012216699218750016,-0.1648212145996094,0.11110224631386179,0.2511022463138618,-0.08,0.08,-0.060480765766433325,0.02930096329334634,3.651719583621035,held,0.0,False,1831.9392483222855,0.0,0.0,False,False,2.0,10,0.0,9751.840973555067,0.0825009231053786,0.8602762791016343,-0.3500000010452147,-0.3500000087149861,-0.35000000871716663,-0.35,0.0,False,False,45276.817810058594,2971.468683956373,10.07045324590077,0.001398657179242394,6174.809995182226,0.8553067223387508,0.9882873711081437,1.2051754055603177,1.2398431906970213,0.2359434754068803,1.5,0.005618080174128979,0.0024591399973336293,0.0066085331808780545,-0.0048269381253235565,0.031643640441132125,0.007538369299854642,-3289.503656277946,False
11,stress,10066,nominal_nmpc_2s,137.0,0.1213988158811681,0.02827395305911268,3.5009867121300244,0.12322359624877018,0.026667652878033826,3.5020959221966987,0.18030698253193092,-0.0012000561523436981,-0.165426669921875,0.11030698253193091,0.25030698253193095,-0.08,0.08,-0.05890816665076282,0.02947400921145638,3.6664133820518994,held,0.0,False,1831.9392483222855,0.0,0.0,False,False,2.0,10,0.0,9867.87729523377,0.08243463042901568,0.86159839444778,-0.3500000010452147,-0.3500000087149861,-0.35000000871524806,-0.35,0.0,False,False,45185.99951171875,2964.5546123349086,10.047021117748553,0.0014188316698999152,6234.760691515401,0.8553067223387508,0.9882873711081437,1.2051754055603177,1.2398431906970213,0.2359434754068803,1.5,0.005618080174128979,0.0024591399973336293,0.0066085331808780545,-0.0048269381253235565,0.031643640441132125,0.007538369299854642,-3289.503656277946,False
11,stress,10066,nominal_nmpc_2s,137.5,0.12218790508768533,0.028470924205994657,3.515172963719286,0.12493463892273655,0.026433253204526327,3.531133953878496,0.1795228123826071,-0.0011782519531250424,-0.1660212707519531,0.10952281238260708,0.2495228123826071,-0.08,0.08,-0.05733490729492176,0.0296491761591197,3.681194234471239,held,0.0,False,1831.9392483222855,0.0,0.0,False,False,2.0,10,0.0,9981.503175596727,0.08236189205664476,0.862897360809448,-0.3500000010452147,-0.3500000010452147,-0.3500000019666427,-0.35,0.0,False,False,45096.80938720703,2957.7694000875917,10.024025700341314,0.0014389276735108458,6294.157302913504,0.8553067223387508,0.9882873711081437,1.2051754055603177,1.2398431906970213,0.2359434754068803,1.5,0.005618080174128979,0.0024591399973336293,0.0066085331808780545,-0.0048269381253235565,0.031643640441132125,0.007538369299854642,-3289.503656277946,False
11,stress,10066,nominal_nmpc_2s,138.0,0.12298860662456476,0.02867015860176796,3.5294582674662913,0.12389684931212912,0.02585611730791774,3.5403131513902655,0.17875000000000002,-0.0011562573242187568,-0.16660492187500003,0.10875000000000001,0.24875000000000003,-0.08,0.08,-0.05576139337543526,0.029826415925986716,3.696063189341291,Solve_Succeeded,0.028002000006381422,False,1885.928917404052,0.0,0.0,False,False,2.0,10,0.0,10092.622899073509,0.08228271918328783,0.8641729331139841,-0.3500000092526575,-0.3500000010452147,-0.3500000011559091,-0.35,0.0,False,False,45009.26171875,2951.1139340230284,10.001469999116953,0.0014589304017277496,6352.966014698601,0.8553067223387508,0.9882873711081437,1.2051754055603177,1.2398431906970213,0.2359434754068803,1.5,0.005618080174128979,0.0024591399973336293,0.0066085331808780545,-0.0048269381253235565,0.031643640441132125,0.007538369299854642,-3289.503656277946,False
11,stress,10066,nominal_nmpc_2s,138.5,0.12380077040664672,0.02887160613143084,3.5438437424659783,0.12202363786558745,0.030035958112252976,3.554098352680379,0.1779888095182194,-0.0011340722656249524,-0.16717752807617187,0.1079888095182194,0.24798880951821942,-0.08,0.08,-0.05418803911157269,0.030005678397055792,3.71102127054215,held,0.0,False,1885.928917404052,0.0,0.0,False,False,2.0,10,0.0,10201.14162263879,0.08219712538501,0.8654248668484424,-0.3500000092526575,-0.3500000010452147,-0.3500000010585128,-0.35,0.0,False,False,44923.37078857422,2944.589099869325,9.979357015851507,0.0014788247953123684,6411.152807830286,0.8553067223387508,0.9882873711081437,1.2051754055603177,1.2398431906970213,0.2359434754068803,1.5,0.005618080174128979,0.0024591399973336293,0.0066085331808780545,-0.0048269381253235565,0.031643640441132125,0.007538369299854642,-3289.503656277946,False
11,stress,10066,nominal_nmpc_2s,139.0,0.1246242377983184,0.029075214793018736,3.5583304822832167,0.1302658846079216,0.030042191743256765,3.569044385195371,0.17723950507137493,-0.0011116967773437958,-0.167738994140625,0.10723950507137492,0.24723950507137493,-0.08,0.08,-0.05261526727305653,0.030186911570362532,3.7260694764238416,held,0.0,False,1885.928917404052,0.0,0.0,False,False,2.0,10,0.0,10306.965500256096,0.0821051266205525,0.8666529180860374,-0.3500000092526575,-0.3500000010452147,-0.3500000010468123,-0.35,0.0,False,False,44839.15087890625,2938.19578228022,9.957689748679924,0.001498595537517039,6468.683482843121,0.8553067223387508,0.9882873711081437,1.2051754055603177,1.2398431906970213,0.2359434754068803,1.5,0.005618080174128979,0.0024591399973336293,0.0066085331808780545,-0.0048269381253235565,0.031643640441132125,0.007538369299854642,-3289.503656277946,False
11,stress,10066,nominal_nmpc_2s,139.5,0.12545884161558163,0.02928093071776954,3.5729195540143492,0.1286948780873245,0.03299472760811363,3.579419537396436,0.1765023507935763,-0.0010891308593750093,-0.16828922485351566,0.10650235079357628,0.2465023507935763,-0.08,0.08,-0.05104350917799466,0.030370061577144548,3.7412087788678647,held,0.0,False,1885.928917404052,0.0,0.0,False,False,2.0,10,0.0,10410.0018075006,0.08200674123036593,0.867856843512781,-0.3500000092526575,-0.3500000092526575,-0.35000000826686056,-0.35,0.0,False,False,44756.616271972656,2931.934864841167,9.93647119211668,0.001518227068333172,6525.523684395543,0.8553067223387508,0.9882873711081437,1.2051754055603177,1.2398431906970213,0.2359434754068803,1.5,0.005618080174128979,0.0024591399973336293,0.0066085331808780545,-0.0048269381253235565,0.031643640441132125,0.007538369299854642,-3289.503656277946,False
11,stress,10066,nominal_nmpc_2s,140.0,0.12630440613805172,0.029488698192767136,3.5876119973594367,0.12395972824798986,0.032820448771480784,3.582120886710875,0.17577761081893314,-0.0010663745117187595,-0.168828125,0.10577761081893314,0.24577761081893315,-0.08,0.08,-0.04947320468088143,0.030555072704485896,3.756440122359437,Solve_Succeeded,0.028799124993383884,False,1912.3945103196245,0.0,0.0,False,False,2.0,10,0.0,10510.159066129283,0.08190198993300914,0.8690364004543025,0.009999979884344912,-0.3500000092526575,-0.35000000913423024,-0.35,0.0,False,False,44675.78125,2925.80723007535,9.91570433707618,0.0015377035996045419,6581.638926416099,0.8553067223387508,0.9882873711081437,1.2051754055603177,1.2398431906970213,0.2359434754068803,1.5,0.005618080174128979,0.0024591399973336293,0.0066085331808780545,-0.0048269381253235565,0.031643640441132125,0.007538369299854642,-3289.503656277946,False
11,stress,10066,nominal_nmpc_2s,140.5,0.12716074713102593,0.029698459686061263,3.602408823706445,0.11591404874305687,0.03029689321358355,3.599049528296573,0.1750655492815552,-0.001043427734374991,-0.16935559936523442,0.1050655492815552,0.24506554928155522,-0.08,0.08,-0.04790480215052928,0.030741887420436254,3.771764423071679,held,0.0,False,1912.3945103196245,0.0,0.0,False,False,2.0,10,0.0,10607.34716836486,0.08179089581888528,0.8701913469028518,0.009999979884344912,-0.3500000092526575,-0.35000000923843044,-0.35,0.0,False,False,44596.660095214844,2919.813759449646,9.895392170892935,0.0015570091310008125,6636.994617832123,0.8553067223387508,0.9882873711081437,1.2051754055603177,1.2398431906970213,0.2359434754068803,1.5,0.005618080174128979,0.0024591399973336293,0.0066085331808780545,-0.0048269381253235565,0.031643640441132125,0.007538369299854642,-3289.503656277946,False
11,stress,10066,nominal_nmpc_2s,141.0,0.12802767187774358,0.029910155874257025,3.6173110152286094,0.12089020769393155,0.033388617735164376,3.6158838546948155,0.17436643031555224,-0.0010202905273437035,-0.169871552734375,0.10436643031555223,0.24436643031555225,-0.08,0.08,-0.04633875843780866,0.03093044640160073,3.7871825679629842,held,0.0,False,1912.3945103196245,0.0,0.0,False,False,2.0,10,0.0,10701.477500657966,0.08167348434128976,0.8713214415444862,0.009999979884344912,-0.3500000092526575,-0.3500000092509484,-0.35,0.0,False,False,44519.26708984375,2913.9553333805284,9.875537677341596,0.0015761274668443053,6691.556088865383,0.8553067223387508,0.9882873711081437,1.2051754055603177,1.2398431906970213,0.2359434754068803,1.5,0.005618080174128979,0.0024591399973336293,0.0066085331808780545,-0.0048269381253235565,0.031643640441132125,0.007538369299854642,-3289.503656277946,False
11,stress,10066,nominal_nmpc_2s,141.5,0.12890497922194283,0.030123725672562815,3.632319523996212,0.1327310660271315,0.029262471739312967,3.63616673107399,0.17368051805503382,-0.0009969628906250083,-0.17037588989257813,0.10368051805503381,0.24368051805503382,-0.08,0.08,-0.04477553883309099,0.031120688563187823,3.8026954138887903,held,0.0,False,1912.3945103196245,0.0,0.0,False,False,2.0,10,0.0,6217.1572886714675,0.05505382559581111,0.8724264437864387,0.009999979884344912,0.009999979884344912,-0.03324807996400997,-0.26,0.17999999999999994,False,True,44443.61651611328,2908.2328312399127,9.856143836656756,0.0015950422337805156,6745.288617878386,0.8553067223387508,0.9882873711081437,1.2051754055603177,1.2398431906970213,0.2359434754068803,1.5,0.005618080174128979,0.0024591399973336293,0.0066085331808780545,-0.0048269381253235565,0.031643640441132125,0.007538369299854642,-3289.503656277946,False
11,stress,10066,nominal_nmpc_2s,142.0,0.12977039996637169,0.030247608775370735,3.647412395714376,0.1339766372861758,0.027163683136243674,3.651166435774011,0.17300807663410972,-0.0009734448242187388,-0.170868515625,0.10300807663410971,0.24300807663410973,-0.08,0.08,-0.043237676667738034,0.031221053599589474,3.818280911339376,Solve_Succeeded,0.027452874986920506,False,1955.766391823889,0.0,0.0,False,False,2.0,10,0.0,1647.7251716799565,0.028369525457775106,0.87350611378467,-0.3499999996686156,0.009999979884344912,0.004804438947970148,-0.17,0.18,False,True,44369.72265625,2902.64713136095,9.837213625552586,0.0016137368992803953,6798.157458754714,0.8553067223387508,0.9882873711081437,1.2051754055603177,1.2398431906970213,0.2359434754068803,1.5,0.005618080174128979,0.0024591399973336293,0.0066085331808780545,-0.0048269381253235565,0.031643640441132125,0.007538369299854642,-3289.503656277946,False
11,stress,10066,nominal_nmpc_2s,142.5,0.13058230066709867,0.03028012550259842,3.662544365257034,0.13287006611588012,0.027384775449725198,3.664611477002485,0.17234937018688956,-0.000949736328125006,-0.17134933471679686,0.10234937018688955,0.24234937018688957,-0.08,0.08,-0.041767069519790895,0.031229861830723425,3.8338936999738307,held,0.0,False,1955.766391823889,0.0,0.0,False,False,2.0,10,0.0,-3002.6832228432363,0.0016355786921993798,0.8745602124716015,-0.3499999996686156,0.009999979884344912,0.009375821350616542,-0.08000000000000002,0.18,False,True,44297.59979248047,2897.199111043762,9.818750017242264,0.0016321947909597211,6850.127868795669,0.8553067223387508,0.9882873711081437,1.2051754055603177,1.2398431906970213,0.2359434754068803,1.5,0.005618080174128979,0.0024591399973336293,0.0066085331808780545,-0.0048269381253235565,0.031643640441132125,0.007538369299854642,-3289.503656277946,False
11,stress,10066,nominal_nmpc_2s,143.0,0.13130260906744684,0.030219677441560417,3.677669348093584,0.13887175964066348,0.032945734285455844,3.668462854896327,0.1717046628474831,-0.0009258374023437543,-0.171818251953125,0.10170466284748308,0.2417046628474831,-0.08,0.08,-0.04040205378003625,0.03114551484390417,3.849487600046709,held,0.0,False,1955.766391823889,0.0,0.0,False,False,2.0,10,0.0,-7726.024705864161,-0.02511193400769703,0.8755885015840311,-0.3499999996686156,0.009999979884344912,0.009924997533133226,0.009924997533133223,0.17984999506626648,False,False,44227.26220703125,2891.8896465611238,9.800755981457243,0.0016503991166983306,6901.165137115407,0.8553067223387508,0.9882873711081437,1.2051754055603177,1.2398431906970213,0.2359434754068803,1.5,0.005618080174128979,0.0024591399973336293,0.0066085331808780545,-0.0048269381253235565,0.031643640441132125,0.007538369299854642,-3289.503656277946,False
11,stress,10066,nominal_nmpc_2s,143.5,0.13189650048085455,0.030064825700009578,3.692740500477796,0.13314515716671493,0.03486139700339247,3.6963875437064226,0.17107421875,-0.0009017480468749839,-0.17227517211914062,0.10107421875,0.24107421875,-0.08,0.08,-0.039177718269145456,0.030966573746884562,3.8650156725969365,held,0.0,False,1955.766391823889,0.0,0.0,False,False,2.0,10,0.0,-3050.9607674406016,0.0013404930366026115,0.8765907436912289,-0.3499999996686156,-0.3499999996686156,-0.3067609488639495,-0.08007500246686677,-0.18,False,True,44158.724182128906,2886.719613164095,9.783234484466332,0.0016683329855391835,6951.234613515641,0.8553067223387508,0.9882873711081437,1.2051754055603177,1.2398431906970213,0.2359434754068803,1.5,0.005618080174128979,0.0024591399973336293,0.0066085331808780545,-0.0048269381253235565,0.031643640441132125,0.007538369299854642,-3289.503656277946,False
11,stress,10066,nominal_nmpc_2s,144.0,0.13237776187848196,0.030003538520888832,3.7077576132704397,0.12523905775124236,0.03173324203179373,3.70288579869941,0.17045830202855,-0.0008774682617187501,-0.17271999999999998,0.10045830202855,0.24045830202855,-0.08,0.08,-0.03808054015006804,0.030881006782607582,3.8804776132704397,Solve_Succeeded,0.027528083010111004,False,2009.7253743154226,0.0,0.0,False,False,2.0,10,0.0,1707.8597611571458,0.027885870610247585,0.8775667022232162,0.2799248630213828,-0.3499999996686156,-0.3448055410202197,-0.17007500246686677,-0.18,False,True,44092.0,2881.6898850875914,9.766188489094581,0.00168597942934455,7000.301737820661,0.8553067223387508,0.9882873711081437,1.2051754055603177,1.2398431906970213,0.2359434754068803,1.5,0.005618080174128979,0.0024591399973336293,0.0066085331808780545,-0.0048269381253235565,0.031643640441132125,0.007538369299854642,-3289.503656277946,False
11,stress,10066,nominal_nmpc_2s,144.5,0.1328028253497603,0.030037460648645587,3.722767882438385,0.1358017223786854,0.033174251660916754,3.71461041582425,0.1698571768172427,-0.0008529980468749976,-0.17315264038085937,0.09985717681724268,0.2398571768172427,-0.08,0.08,-0.0370543514674824,0.030890458695520585,3.8959205228192446,held,0.0,False,2009.7253743154226,0.0,0.0,False,False,2.0,10,0.0,6545.149672799704,0.05450454687303362,0.8785161414992242,0.2799248630213828,-0.3499999996686156,-0.3493759711539336,-0.26007500246686677,-0.18,False,True,44027.103942871094,2876.8013355559106,9.749620954742001,0.001703321425183835,7048.332069652774,0.8553067223387508,0.9882873711081437,1.2051754055603177,1.2398431906970213,0.2359434754068803,1.5,0.005618080174128979,0.0024591399973336293,0.0066085331808780545,-0.0048269381253235565,0.031643640441132125,0.007538369299854642,-3289.503656277946,False
11,stress,10066,nominal_nmpc_2s,145.0,0.13322299831814907,0.03016813330675439,3.737819300257968,0.1317255022185634,0.03199999228562129,3.74251226151416,0.16927110725018785,-0.0008283374023437817,-0.17357299804687498,0.09927110725018784,0.23927110725018785,-0.08,0.08,-0.036048108932038775,0.03099647070909817,3.911392298304843,held,0.0,False,2009.7253743154226,0.0,0.0,False,False,2.0,10,0.0,11447.617573677773,0.0811339199750428,0.8794388267563331,0.2799248630213828,-0.3499999996686156,-0.34992503293704746,-0.34992503293704746,-0.1797000609403614,False,False,43964.05029296875,2872.054836788207,9.733534837402127,0.0017203419184247378,7095.291318627571,0.8553067223387508,0.9882873711081437,1.2051754055603177,1.2398431906970213,0.2359434754068803,1.5,0.005618080174128979,0.0024591399973336293,0.0066085331808780545,-0.0048269381253235565,0.031643640441132125,0.007538369299854642,-3289.503656277946,False
11,stress,10066,nominal_nmpc_2s,145.5,0.1336849097203921,0.030396833956108555,3.7529605635064454,0.12983252621751562,0.029886290289755868,3.74957853369423,0.16870035746149514,-0.0008034863281249915,-0.17398097778320315,0.09870035746149514,0.23870035746149515,-0.08,0.08,-0.035015447741103045,0.031200320284233547,3.9269415412896485,held,0.0,False,2009.7253743154226,0.0,0.0,False,False,2.0,10,0.0,6650.79125369418,0.054374018386877485,0.8803345241782927,0.2799248630213828,0.2799248630213828,0.20425878852699386,-0.2599250329370475,0.17999999999999994,False,True,43902.85333251953,2867.45126000391,9.717933089680376,0.0017370238464967033,7141.145374947973,0.8553067223387508,0.9882873711081437,1.2051754055603177,1.2398431906970213,0.2359434754068803,1.5,0.005618080174128979,0.0024591399973336293,0.0066085331808780545,-0.0048269381253235565,0.031643640441132125,0.007538369299854642,-3289.503656277946,False
11,stress,10066,nominal_nmpc_2s,146.0,0.1341838576496494,0.03052957199924945,3.7681921882259535,0.13351202911444887,0.0281758915724336,3.7768086249981017,0.16814519158527425,-0.0007784448242186826,-0.17437648437499997,0.09814519158527424,0.23814519158527425,-0.08,0.08,-0.03396133393562484,0.031308016823468135,3.9425686726009532,Solve_Succeeded,0.027390750008635223,False,2064.0164139366184,0.0,0.0,False,False,2.0,10,0.0,1778.0025894892897,0.027547079034234007,0.8812030009245224,0.020716375482412626,0.2799248630213828,0.2708348324186497,-0.1699250329370475,0.18,False,True,43843.52734375,2862.991475428098,9.702818660812255,0.0017533501632927366,7185.860340375176,0.8553067223387508,0.9882873711081437,1.2051754055603177,1.2398431906970213,0.2359434754068803,1.5,0.005618080174128979,0.0024591399973336293,0.0066085331808780545,-0.0048269381253235565,0.031643640441132125,0.007538369299854642,-3289.503656277946,False
11,stress,10066,nominal_nmpc_2s,146.5,0.13467018603191586,0.03056485618470266,3.783465817997574,0.13463177976103768,0.0257734356387347,3.7890193865267534,0.16760587375563488,-0.0007532128906250213,-0.17475942260742183,0.09760587375563487,0.23760587375563488,-0.08,0.08,-0.03293568772371902,0.03131806907532768,3.958225240604996,held,0.0,False,2064.0164139366184,0.0,0.0,False,False,2.0,10,0.0,-3165.376848654907,0.000670692132971204,0.8820440251592905,0.020716375482412626,0.2799248630213828,0.2788328458008416,-0.0799250329370475,0.18,False,True,43786.08660888672,2858.67635229682,9.68819449668141,0.0017693038641729553,7229.402559554316,0.8553067223387508,0.9882873711081437,1.2051754055603177,1.2398431906970213,0.2359434754068803,1.5,0.005618080174128979,0.0024591399973336293,0.0066085331808780545,-0.0048269381253235565,0.031643640441132125,0.007538369299854642,-3289.503656277946,False
11,stress,10066,nominal_nmpc_2s,147.0,0.13509873073843298,0.030501300623024353,3.7987323772871306,0.14051509316362124,0.02861899494150852,3.8003826284597455,0.16708266810668673,-0.0007277905273437857,-0.175129697265625,0.09708266810668673,0.23708266810668674,-0.08,0.08,-0.03198393736825375,0.03122909115036814,3.9738620745527555,held,0.0,False,2064.0164139366184,0.0,0.0,False,False,2.0,10,0.0,-8174.047171018939,-0.026238907939946977,0.8828573660810748,0.020716375482412626,0.2799248630213828,0.2797936751671197,0.010074967062952495,0.18,False,True,43730.54541015625,2854.506758862366,9.674063539837478,0.0017848680115304058,7271.73865167178,0.8553067223387508,0.9882873711081437,1.2051754055603177,1.2398431906970213,0.2359434754068803,1.5,0.005618080174128979,0.0024591399973336293,0.0066085331808780545,-0.0048269381253235565,0.031643640441132125,0.007538369299854642,-3289.503656277946,False
11,stress,10066,nominal_nmpc_2s,147.5,0.13542840124579664,0.03033762350998073,3.8139421237941686,0.13681371793579705,0.029774738793416702,3.818676101135856,0.16657583877253945,-0.0007021777343750313,-0.17548721313476562,0.09657583877253945,0.23657583877253946,-0.08,0.08,-0.031147437526742816,0.03103980124435576,3.9894293369289344,held,0.0,False,2064.0164139366184,0.0,0.0,False,False,2.0,10,0.0,-10550.176366077954,-0.0387838651753244,0.8836427939521009,0.020716375482412626,0.020716375482412626,0.05184023909426272,0.05184023909426272,0.08353054406262045,False,False,43676.918029785156,2850.4835623984977,9.660428729513812,0.0018000257608769678,7312.835542420651,0.8553067223387508,0.9882873711081437,1.2051754055603177,1.2398431906970213,0.2359434754068803,1.5,0.005618080174128979,0.0024591399973336293,0.0066085331808780545,-0.0048269381253235565,0.031643640441132125,0.007538369299854642,-3289.503656277946,False
11,stress,10066,nominal_nmpc_2s,148.0,0.1356347874921284,0.0301264924170342,3.8290581624527924,0.14572690276170097,0.030311977429980024,3.8164930762980487,0.1660856498873028,-0.0006763745117187581,-0.17583187500000003,0.09608564988730278,0.2360856498873028,-0.08,0.08,-0.03045086239517439,0.030802866928752958,4.0048900374527925,Solve_Succeeded,0.02875112503534183,False,2087.8152728397995,0.0,0.0,False,False,2.0,10,0.0,-9063.502246809996,-0.03067553847450056,0.8844000801280599,0.35000000858668384,0.020716375482412626,0.024455394251358932,0.024455394251358932,-0.054769689685807574,False,False,43625.21875,2846.6076292056214,9.647293001645018,0.0018147603874044487,7352.660496250032,0.8553067223387508,0.9882873711081437,1.2051754055603177,1.2398431906970213,0.2359434754068803,1.5,0.005618080174128979,0.0024591399973336293,0.0066085331808780545,-0.0048269381253235565,0.031643640441132125,0.007538369299854642,-3289.503656277946,False
11,stress,10066,nominal_nmpc_2s,148.5,0.1357268882387931,0.029945161851742348,3.8440760803102836,0.13853585906598342,0.029365583695701306,3.838943783949286,0.16561236558508644,-0.000650380859374966,-0.17616358764648438,0.09561236558508643,0.23561236558508644,-0.08,0.08,-0.02988547734629335,0.030595542711117314,4.020239667956768,held,0.0,False,2087.8152728397995,0.0,0.0,False,False,2.0,10,0.0,-8912.17200787863,-0.02971588411385072,0.8851289970880061,0.35000000858668384,0.020716375482412626,0.021165556905673004,0.021165556905673004,-0.006579674691371856,False,False,43575.461853027344,2842.879824615921,9.634659288884347,0.0018290553129733252,7391.1811488734575,0.8553067223387508,0.9882873711081437,1.2051754055603177,1.2398431906970213,0.2359434754068803,1.5,0.005618080174128979,0.0024591399973336293,0.0066085331808780545,-0.0048269381253235565,0.031643640441132125,0.007538369299854642,-3289.503656277946,False
11,stress,10066,nominal_nmpc_2s,149.0,0.13572427744189594,0.029766913156725954,3.8590040988335006,0.13291426714873797,0.028125132135312376,3.862879205716335,0.16515625,-0.0006241967773437107,-0.176482255859375,0.09515625,0.23515625,-0.08,0.08,-0.029431972558104064,0.030391109934069665,4.035486354692876,held,0.0,False,2087.8152728397995,0.0,0.0,False,False,2.0,10,0.0,-8916.77495523516,-0.029591339296853425,0.8858293184644305,0.35000000858668384,0.020716375482412626,0.020770337220363217,0.020770337220363217,-0.0007904393706195736,False,False,43527.66162109375,2839.3010129984405,9.622530520620925,0.001842894133479024,7428.365540010892,0.8553067223387508,0.9882873711081437,1.2051754055603177,1.2398431906970213,0.2359434754068803,1.5,0.005618080174128979,0.0024591399973336293,0.0066085331808780545,-0.0048269381253235565,0.031643640441132125,0.007538369299854642,-3289.503656277946,False
11,stress,10066,nominal_nmpc_2s,149.5,0.1356375271836349,0.02958862187263797,3.8738429783061274,0.13184282831336502,0.032825554266049925,3.869913774705134,0.16471756726615328,-0.0005978222656249921,-0.1767877844238281,0.09471756726615327,0.23471756726615328,-0.08,0.08,-0.029080040082518382,0.030186444138262963,4.050630762729956,held,0.0,False,2087.8152728397995,0.0,0.0,False,False,2.0,10,0.0,-14082.427929968344,-0.05648289339346679,0.8865008190735161,0.35000000858668384,0.35000000858668384,0.31044849480662706,0.11077033722036321,0.18,False,True,43481.83233642579,2835.872057764125,9.61090962299683,0.0018562606465430385,7464.182146338067,0.8553067223387508,0.9882873711081437,1.2051754055603177,1.2398431906970213,0.2359434754068803,1.5,0.005618080174128979,0.0024591399973336293,0.0066085331808780545,-0.0048269381253235565,0.031643640441132125,0.007538369299854642,-3289.503656277946,False
11,stress,10066,nominal_nmpc_2s,150.0,0.13545049731575678,0.0293070730302774,3.8885668928119643,0.13966879250757885,0.027480267061179696,3.8943120410817604,0.16429658151765592,-0.0005712573242187546,-0.17708007812499998,0.09429658151765591,0.23429658151765592,-0.08,0.08,-0.02884608420189913,0.029878330354496156,4.065646970936965,Solve_Succeeded,0.029301999951712787,False,2163.9804189941533,0.0,0.0,False,False,2.0,10,0.0,-19295.99263667519,-0.0833826958253915,0.8871432749455687,0.17037758837919662,0.35000000858668384,0.34524854667925003,0.2007703372203632,0.17999999999999997,False,True,43437.98828125,2832.59382137081,9.599799518924007,0.001869138879473889,7498.599914616416,0.8553067223387508,0.9882873711081437,1.2051754055603177,1.2398431906970213,0.2359434754068803,1.5,0.005618080174128979,0.0024591399973336293,0.0066085331808780545,-0.0048269381253235565,0.031643640441132125,0.007538369299854642,-3289.503656277946,False
11,stress,10066,nominal_nmpc_2s,150.5,0.13512451588533836,0.02892133179242285,3.903123977939117,0.13575423951820317,0.031073800687448527,3.9048074239134873,0.1638935568886176,-0.0005445019531249984,-0.17735904174804684,0.09389355688861759,0.2338935568886176,-0.08,0.08,-0.028769041003279233,0.02946583374554785,4.080483019687164,held,0.0,False,2163.9804189941533,0.0,0.0,False,False,2.0,10,0.0,-24551.7396391494,-0.11027635347977734,0.8877564633556255,0.17037758837919662,0.35000000858668384,0.34942919882240175,0.29077033722036316,0.17999999999999994,False,True,43396.14373779297,2829.467165328174,9.589203128101051,0.00188151311744043,7531.5882949759025,0.8553067223387508,0.9882873711081437,1.2051754055603177,1.2398431906970213,0.2359434754068803,1.5,0.005618080174128979,0.0024591399973336293,0.0066085331808780545,-0.0048269381253235565,0.031643640441132125,0.007538369299854642,-3289.503656277946,False
11,stress,10066,nominal_nmpc_2s,151.0,0.13462452392170435,0.028430576018847104,3.917461930186894,0.13600082333418936,0.028282242660902134,3.923972697199919,0.16350875751314803,-0.0005175561523437788,-0.17762458007812498,0.09350875751314802,0.23350875751314804,-0.08,0.08,-0.02888423359144368,0.028948132171190882,4.095086510265019,held,0.0,False,2163.9804189941533,0.0,0.0,False,False,2.0,10,0.0,-28054.12369723907,-0.12790598575462192,0.8883401628542431,0.17037758837919662,0.35000000858668384,0.3499314352100374,0.3499314352100374,0.11832219597934845,False,False,43356.31298828125,2826.4929502026407,9.579123367029817,0.0018933679317979825,7563.117274322619,0.8553067223387508,0.9882873711081437,1.2051754055603177,1.2398431906970213,0.2359434754068803,1.5,0.005618080174128979,0.0024591399973336293,0.0066085331808780545,-0.0048269381253235565,0.031643640441132125,0.007538369299854642,-3289.503656277946,False
11,stress,10066,nominal_nmpc_2s,151.5,0.13392738194142542,0.027869888940891683,3.9315370119166047,0.13154706263357227,0.02726882672681082,3.9266782044151824,0.1631424475253569,-0.0004904199218750405,-0.17787659790039062,0.09314244752535689,0.2331424475253569,-0.08,0.08,-0.02921506558393147,0.028360308862766723,4.109413609816995,held,0.0,False,2163.9804189941533,0.0,0.0,False,False,2.0,10,0.0,-22874.406970951695,-0.10075324985859588,0.8888941532984604,0.17037758837919662,0.17037758837919662,0.19194802101280486,0.25993143521003736,-0.18000000000000005,False,True,43318.510314941406,2823.6720356222395,9.569563149031898,0.0019046882085054706,7593.157409841837,0.8553067223387508,0.9882873711081437,1.2051754055603177,1.2398431906970213,0.2359434754068803,1.5,0.005618080174128979,0.0024591399973336293,0.0066085331808780545,-0.0048269381253235565,0.031643640441132125,0.007538369299854642,-3289.503656277946,False
11,stress,10066,nominal_nmpc_2s,152.0,0.133062376606108,0.02741290256870575,3.9453576669556027,0.12471667728669701,0.028652839731430797,3.9497216487330107,0.1627948910593539,-0.0004630932617187278,-0.17811500000000002,0.0927948910593539,0.23279489105935391,-0.08,0.08,-0.0297325144532459,0.027875995830424476,4.123472666955603,Solve_Succeeded,0.02959916600957513,False,2232.188130703563,0.0,0.0,False,False,2.0,10,0.0,-17811.309187364797,-0.07442690309574786,0.8894182158829406,0.2359098128583256,0.17037758837919662,0.17296892001710565,0.17296892001710565,-0.17392503038586343,False,False,43282.75,2821.0052802814257,9.56052538426496,0.0019154591765699468,7621.679862566908,0.8553067223387508,0.9882873711081437,1.2051754055603177,1.2398431906970213,0.2359434754068803,1.5,0.005618080174128979,0.0024591399973336293,0.0066085331808780545,-0.0048269381253235565,0.031643640441132125,0.007538369299854642,-3289.503656277946,False
11,stress,10066,nominal_nmpc_2s,152.5,0.13209552508513708,0.027057245306851278,3.9589751559646653,0.1286360356249912,0.026713446058143523,3.9719879492540455,0.16246635224924869,-0.0004355761718750073,-0.17833969116210935,0.09246635224924868,0.2324663522492487,-0.08,0.08,-0.030370827164111602,0.027492821478726285,4.137314847126775,held,0.0,False,2232.188130703563,0.0,0.0,False,False,2.0,10,0.0,-17675.188841119583,-0.07346922071915372,0.8899121331712881,0.2359098128583256,0.17037758837919662,0.17068889412682292,0.17068889412682292,-0.004560051780565455,False,False,43249.046325683594,2818.4935419458525,9.55201297973891,0.0019256664364529603,7648.656430983161,0.8553067223387508,0.9882873711081437,1.2051754055603177,1.2398431906970213,0.2359434754068803,1.5,0.005618080174128979,0.0024591399973336293,0.0066085331808780545,-0.0048269381253235565,0.031643640441132125,0.007538369299854642,-3289.503656277946,False
11,stress,10066,nominal_nmpc_2s,153.0,0.13106165283650725,0.026704353018515033,3.972415504105204,0.12888640624995762,0.024541835088856684,3.973829594600264,0.162157095229151,-0.000407868652343768,-0.17855057617187503,0.092157095229151,0.232157095229151,-0.08,0.08,-0.031095442392643752,0.0271122216708588,4.150966080277079,held,0.0,False,2232.188130703563,0.0,0.0,False,False,2.0,10,0.0,-17648.85938140315,-0.07309199607150921,0.8903756891275432,0.2359098128583256,0.17037758837919662,0.1704149866292266,0.1704149866292266,-0.0005478149951926303,False,False,43217.41357421875,2816.1376774571086,9.544028839331956,0.0019352959883716238,7674.059584635468,0.8553067223387508,0.9882873711081437,1.2051754055603177,1.2398431906970213,0.2359434754068803,1.5,0.005618080174128979,0.0024591399973336293,0.0066085331808780545,-0.0048269381253235565,0.031643640441132125,0.007538369299854642,-3289.503656277946,False
11,stress,10066,nominal_nmpc_2s,153.5,0.12996852013846819,0.02635202523560769,3.985679544119803,0.13053091820511917,0.023625090539564967,3.981048632906252,0.16186738413317056,-0.0003799707031249544,-0.17874755981445312,0.09186738413317055,0.23186738413317057,-0.08,0.08,-0.031898863994702376,0.026731995938732645,4.164427103934257,held,0.0,False,2232.188130703563,0.0,0.0,False,False,2.0,10,0.0,-21045.191781350375,-0.0901005399345926,0.8908086691478525,0.2359098128583256,0.2359098128583256,0.22804168994166302,0.22804168994166302,0.11525340662487282,False,False,43187.86602783203,2813.938542737408,9.536575863806503,0.0019443342604256748,7697.862497706882,0.8553067223387508,0.9882873711081437,1.2051754055603177,1.2398431906970213,0.2359434754068803,1.5,0.005618080174128979,0.0024591399973336293,0.0066085331808780545,-0.0048269381253235565,0.031643640441132125,0.007538369299854642,-3289.503656277946,False
11,stress,10066,nominal_nmpc_2s,154.0,0.12880606444704273,0.0259318122356208,3.998750445279701,0.12837750263164982,0.026894914135441008,3.9977743485818507,0.161597483095417,-0.000351882324218733,-0.17893054687499999,0.09159748309541699,0.231597483095417,-0.08,0.08,-0.03279141864837426,0.026283694559839532,4.177680992154701,Solve_Succeeded,0.029525124991778284,False,2273.5087565579893,0.0,0.0,False,False,2.0,10,0.0,-21442.786652031275,-0.09185350092667383,0.8912108600923155,0.0655705706666903,0.2359098128583256,0.2349645876887044,0.2349645876887044,0.013845795494082769,False,False,43160.41796875,2811.8969927942394,9.529656950824899,0.0019527681364806004,7720.039082535301,0.8553067223387508,0.9882873711081437,1.2051754055603177,1.2398431906970213,0.2359434754068803,1.5,0.005618080174128979,0.0024591399973336293,0.0066085331808780545,-0.0048269381253235565,0.031643640441132125,0.007538369299854642,-3289.503656277946,False
11,stress,10066,nominal_nmpc_2s,154.5,0.12756382519323334,0.025503697610024554,4.011609260380129,0.1280177714018388,0.022779627422182452,4.006610663090453,0.16134765625,-0.0003236035156249928,-0.17909944213867185,0.09134765624999999,0.23134765625,-0.08,0.08,-0.03378383105676666,0.025827301125649547,4.190708702518801,held,0.0,False,2273.5087565579893,0.0,0.0,False,False,2.0,10,0.0,-21470.43162841664,-0.09174945091834838,0.8915820503170069,0.0655705706666903,0.2359098128583256,0.23579625964738207,0.23579625964738207,0.0016633439173553421,False,False,43135.08367919922,2810.013881724981,9.523274994965092,0.0019605849837356403,7740.564023033743,0.8553067223387508,0.9882873711081437,1.2051754055603177,1.2398431906970213,0.2359434754068803,1.5,0.005618080174128979,0.0024591399973336293,0.0066085331808780545,-0.0048269381253235565,0.031643640441132125,0.007538369299854642,-3289.503656277946,False
11,stress,10066,nominal_nmpc_2s,155.0,0.12624815506963227,0.025075076866892684,4.024253887799946,0.13157678597582162,0.02191335518964855,4.01223295143974,0.1611181677310293,-0.00029513427734373376,-0.17925415039062498,0.09111816773102929,0.2311181677310293,-0.08,0.08,-0.034870012661397026,0.025370211144236418,4.203508038190571,held,0.0,False,2273.5087565579893,0.0,0.0,False,False,2.0,10,0.0,-21445.50776642065,-0.09140110574129279,0.8919220297061744,0.0655705706666903,0.2359098128583256,0.23589617131329485,0.23589617131329485,0.0001998233318255549,False,False,43111.87744140625,2808.2900627214676,9.517432887736097,0.0019677726799047003,7759.412807979211,0.8553067223387508,0.9882873711081437,1.2051754055603177,1.2398431906970213,0.2359434754068803,1.5,0.005618080174128979,0.0024591399973336293,0.0066085331808780545,-0.0048269381253235565,0.031643640441132125,0.007538369299854642,-3289.503656277946,False
11,stress,10066,nominal_nmpc_2s,155.5,0.1248667161435919,0.02464699678093927,4.036684336555444,0.11180500434393134,0.024519301201070716,4.039181830404692,0.1609092816726146,-0.00026647460937501144,-0.17939457641601558,0.09090928167261458,0.2309092816726146,-0.08,0.08,-0.036042565529022685,0.02491347139031428,4.21607891297146,held,0.0,False,2273.5087565579893,0.0,0.0,False,False,2.0,10,0.0,-16011.37931131895,-0.06390333965673684,0.8922305897046117,0.0655705706666903,0.0655705706666903,0.08603238175775396,0.14589617131329485,-0.18,False,True,43090.81353759766,2806.7263880745245,9.512133517593359,0.0019743196399373483,7776.561764133869,0.8553067223387508,0.9882873711081437,1.2051754055603177,1.2398431906970213,0.2359434754068803,1.5,0.005618080174128979,0.0024591399973336293,0.0066085331808780545,-0.0048269381253235565,0.031643640441132125,0.007538369299854642,-3289.503656277946,False
11,stress,10066,nominal_nmpc_2s,156.0,0.12345269461103475,0.024327625360077383,4.048927920715117,0.1283457215549608,0.02201229942230451,4.043767527976001,0.1607212622088655,-0.0002376245117187703,-0.179520625,0.0907212622088655,0.23072126220886552,-0.08,0.08,-0.03726856759783076,0.024565249871796153,4.228448545715118,Solve_Succeeded,0.028712583996821195,False,2323.566616274587,0.0,0.0,False,False,2.0,10,0.0,-11274.77293877519,-0.04003144996864558,0.892507523350207,-0.214103838498899,0.0655705706666903,0.06802871971496563,0.06802871971496563,-0.15573490319665845,False,False,43071.90625,2805.323709178458,9.50737976995398,0.0019802148422066674,7791.988089161444,0.8553067223387508,0.9882873711081437,1.2051754055603177,1.2398431906970213,0.2359434754068803,1.5,0.005618080174128979,0.0024591399973336293,0.0066085331808780545,-0.0048269381253235565,0.031643640441132125,0.007538369299854642,-3289.503656277946,False
11,stress,10066,nominal_nmpc_2s,156.5,0.12205758733032894,0.024102979817169985,4.061035501511963,0.1273043980005786,0.02108553188043707,4.0571404426721465,0.16055437347389181,-0.00020858398437501036,-0.17963220092773435,0.09055437347389181,0.23055437347389182,-0.08,0.08,-0.038496786143562875,0.024311563801544995,4.240667702439698,held,0.0,False,2323.566616274587,0.0,0.0,False,False,2.0,10,0.0,-11074.388338593364,-0.03895848305275881,0.8927526253066658,-0.214103838498899,0.0655705706666903,0.06586587672325808,0.06586587672325808,-0.004325685983415095,False,False,43055.169860839844,2804.0828765355113,9.503174527211813,0.001985447854090354,7805.669884300375,0.8553067223387508,0.9882873711081437,1.2051754055603177,1.2398431906970213,0.2359434754068803,1.5,0.005618080174128979,0.0024591399973336293,0.0066085331808780545,-0.0048269381253235565,0.031643640441132125,0.007538369299854642,-3289.503656277946,False
11,stress,10066,nominal_nmpc_2s,157.0,0.12070239956083374,0.02388231893131937,4.073031757602671,0.12002438147139007,0.022142326831014338,4.0797584023909,0.16040887960180317,-0.0001793530273437871,-0.179729208984375,0.09040887960180316,0.23040887960180317,-0.08,0.08,-0.039706480040969425,0.024061671958663156,4.252760966587045,held,0.0,False,2323.566616274587,0.0,0.0,False,False,2.0,10,0.0,-10988.609587441762,-0.038470484143256184,0.8929656918964083,-0.214103838498899,0.0655705706666903,0.06560604681778325,0.06560604681778325,-0.0005196598109496742,False,False,43040.61865234375,2803.004739760278,9.499520668752426,0.0019900088568715556,7817.586186754735,0.8553067223387508,0.9882873711081437,1.2051754055603177,1.2398431906970213,0.2359434754068803,1.5,0.005618080174128979,0.0024591399973336293,0.0066085331808780545,-0.0048269381253235565,0.031643640441132125,0.007538369299854642,-3289.503656277946,False
11,stress,10066,nominal_nmpc_2s,157.5,0.11938430733986669,0.023663351983136165,4.084918108512726,0.1267456458542193,0.024369022403413532,4.0736998341532695,0.16028504472670924,-0.00014993164062498954,-0.17981155395507814,0.09028504472670923,0.23028504472670924,-0.08,0.08,-0.04090073738684255,0.023813283623761155,4.264729662467804,held,0.0,False,2323.566616274587,0.0,0.0,False,False,2.0,10,0.0,-5483.069784450294,-0.010946509290313164,0.8931465211336418,-0.214103838498899,-0.214103838498899,-0.1805013100949157,-0.02439395318221675,-0.18,False,True,43028.26690673828,2802.0901475840824,9.496421070967946,0.0019938886698859714,7827.717001762212,0.8553067223387508,0.9882873711081437,1.2051754055603177,1.2398431906970213,0.2359434754068803,1.5,0.005618080174128979,0.0024591399973336293,0.0066085331808780545,-0.0048269381253235565,0.031643640441132125,0.007538369299854642,-3289.503656277946,False
11,stress,10066,nominal_nmpc_2s,158.0,0.11812637984874451,0.023554464029451536,4.096722498731493,0.1238623933329761,0.022452617116948802,4.096736854686872,0.16018313298271974,-0.00012031982421872867,-0.179879140625,0.09018313298271974,0.23018313298271975,-0.08,0.08,-0.042056753133975236,0.023674783853670264,4.276601639356493,Solve_Succeeded,0.029267833975609392,False,2378.097521284356,0.0,0.0,False,False,2.0,10,0.0,34.07161220599073,0.016567948055737775,0.8932949127576065,-0.35000000965199213,-0.214103838498899,-0.21006704904520443,-0.11439395318221675,-0.18,False,True,43018.12890625,2801.339947859319,9.493878607271759,0.0019970787738422795,7836.043334297654,0.8553067223387508,0.9882873711081437,1.2051754055603177,1.2398431906970213,0.2359434754068803,1.5,0.005618080174128979,0.0024591399973336293,0.0066085331808780545,-0.0048269381253235565,0.031643640441132125,0.007538369299854642,-3289.503656277946,False
11,stress,10066,nominal_nmpc_2s,158.5,0.11697452151509105,0.023555858453562107,4.108500020950738,0.1101027956829144,0.022263862326496707,4.112227455053756,0.16010340850394442,-9.05175781250045e-05,-0.17993187377929687,0.09010340850394441,0.23010340850394442,-0.08,0.08,-0.043128886988853365,0.02364637603168711,4.288431894730035,held,0.0,False,2378.097521284356,0.0,0.0,False,False,2.0,10,0.0,5555.589206514003,0.04405602290227949,0.8934106682659959,-0.35000000965199213,-0.214103838498899,-0.21361888484012825,-0.20439395318221676,-0.18000000000000002,False,True,43010.21893310547,2800.754987563758,9.491896148113106,0.001999571333243643,7842.547220369578,0.8553067223387508,0.9882873711081437,1.2051754055603177,1.2398431906970213,0.2359434754068803,1.5,0.005618080174128979,0.0024591399973336293,0.0066085331808780545,-0.0048269381253235565,0.031643640441132125,0.007538369299854642,-3289.503656277946,False
11,stress,10066,nominal_nmpc_2s,159.0,0.11596991702562971,0.02366759700167128,4.120305833908593,0.11713906907394937,0.02177734297158731,4.115826075587767,0.16004613542449286,-6.052490234376151e-05,-0.179969658203125,0.09004613542449286,0.23004613542449287,-0.08,0.08,-0.04407621839886315,0.02372812190401504,4.300275492111718,held,0.0,False,2378.097521284356,0.0,0.0,False,False,2.0,10,0.0,6207.813314696263,0.04727653026653954,0.8934935909485493,-0.35000000965199213,-0.214103838498899,-0.2140455793169791,-0.2140455793169791,-0.019303252269524673,False,False,43004.55126953125,2800.3361128048127,9.490476560991553,0.002001359217838939,7847.211757865643,0.8553067223387508,0.9882873711081437,1.2051754055603177,1.2398431906970213,0.2359434754068803,1.5,0.005618080174128979,0.0024591399973336293,0.0066085331808780545,-0.0048269381253235565,0.031643640441132125,0.007538369299854642,-3289.503656277946,False
11,stress,10066,nominal_nmpc_2s,159.5,0.11512599269089221,0.023792281318905085,4.132170760720123,0.127500277576531,0.025479138326538225,4.138763794490152,0.16001157787847484,-3.0341796874999716e-05,-0.17999239868164063,0.09001157787847483,0.23001157787847484,-0.08,0.08,-0.04488558518758262,0.023822623115780085,4.312163159401764,held,0.0,False,2378.097521284356,0.0,0.0,False,False,2.0,10,0.0,11716.826263005847,0.07467301708481061,0.8935434859208204,-0.35000000965199213,-0.35000000965199213,-0.3336673276596937,-0.30404557931697906,-0.17999999999999994,False,True,43001.140197753906,2800.0841688237724,9.48962271047132,0.0020024360230336538,7850.021136902209,0.8553067223387508,0.9882873711081437,1.2051754055603177,1.2398431906970213,0.2359434754068803,1.5,0.005618080174128979,0.0024591399973336293,0.0066085331808780545,-0.0048269381253235565,0.031643640441132125,0.007538369299854642,-3289.503656277946,False
11,stress,10066,nominal_nmpc_2s,160.0,0.11445555837442976,0.024027042927264475,4.144125557879418,0.12170590462804069,0.027713256986365998,4.134806687823397,0.16,-1.5202636718725238e-05,-0.18,0.09,0.23,-0.08,0.08,-0.04554444162557024,0.0240422455639832,4.324125557879418,Solve_Succeeded,0.028045791026670486,False,2417.1990735035806,0.0,0.0,False,False,2.0,10,0.0,14425.647913856505,0.08814183860137008,0.8935601601581166,0.05595436805827379,-0.35000000965199213,-0.34803790734753454,-0.34803790734753454,-0.08798465606111094,False,False,43000.0,2800.0,9.489337458195521,0.0020027960891917467,7850.960669631647,0.8553067223387508,0.9882873711081437,1.2051754055603177,1.2398431906970213,0.2359434754068803,1.5,0.005618080174128979,0.0024591399973336293,0.0066085331808780545,-0.0048269381253235565,0.031643640441132125,0.007538369299854642,-3289.503656277946,False
