scenario_id,tier,seed,controller,time_s,alpha_rad,q_radps,theta_rad,measured_alpha_rad,measured_q_radps,measured_theta_rad,alpha_ref_rad,q_ref_radps,theta_ref_rad,alpha_min_rad,alpha_max_rad,q_min_radps,q_max_radps,alpha_error_rad,q_error_rad,theta_error_rad,solver_status,solve_time_s,solver_failure,pitching_moment_nm,cm,flap_effectiveness,delta_flap_raw_rad,delta_flap_delayed_rad,delta_flap_lagged_rad,delta_flap_rad,delta_flap_rate_radps,flap_saturated,flap_rate_saturated,altitude_m,velocity_mps,mach,density_kgm3,dynamic_pressure_pa,density_scale,cm_alpha_scale,cm_delta_scale,cm_q_scale,actuator_lag_s,actuator_delay_s,sensor_noise_alpha_rad,sensor_noise_q_radps,sensor_noise_theta_rad,initial_alpha_error_rad,initial_q_error_radps,initial_theta_error_rad,external_disturbance_moment_nm,corridor_violation
12,stress,10067,gain_scheduled_lqr,0.0,0.11226151317947218,0.024939447292168314,0.05365018887590382,0.1209534378037607,0.023558523952787992,0.05694209354015277,0.12,-1.5202636718752993e-05,0.08,0.04999999999999999,0.19,-0.08,0.08,-0.007738486820527815,0.024954649928887067,-0.02634981112409618,not_applicable,0.0,False,1663.8026789566086,-0.027366243808562684,0.4015798869488264,13.38087886874364,0.0,0.0,0.0,0.0,False,False,82000.0,6200.0,21.012104371718653,5.357580310962838e-06,102.97269357670574,1.0723277043759831,1.0812466313241433,0.9873133160902805,0.966772287404146,0.4038597981810853,1.0,0.004263687269015818,0.00123702779198544,0.004575311190917361,-0.007738486820527819,0.024954649928887067,-0.02634981112409618,1735.942860410549,False
12,stress,10067,gain_scheduled_lqr,0.5,0.11238407711314041,0.02497272204540226,0.06612823131909679,0.11116545955969169,0.02607487608152721,0.06520867728028719,0.12002304098079561,-3.0341796874999716e-05,0.07999239868164063,0.0500230409807956,0.19002304098079562,-0.08,0.08,-0.007638963867655196,0.02500306384227726,-0.013864167362543839,not_applicable,0.0,False,1663.6664150241802,-0.027415215603909106,0.40159248685423254,14.870353304321814,0.0,0.0,0.0,0.0,False,False,81998.8598022461,6199.7501458924335,21.01125760388222,5.358543679248778e-06,102.98290878669783,1.0723277043759831,1.0812466313241433,0.9873133160902805,0.966772287404146,0.4038597981810853,1.0,0.004263687269015818,0.00123702779198544,0.004575311190917361,-0.007738486820527819,0.024954649928887067,-0.02634981112409618,1735.942860410549,False
12,stress,10067,gain_scheduled_lqr,1.0,0.11250962837276199,0.02500599404086558,0.07862291045212591,0.10786452937630042,0.026964239865053957,0.0753439473066807,0.12009173525377229,-6.052490234374763e-05,0.079969658203125,0.05009173525377228,0.1900917352537723,-0.08,0.08,-0.007582106881010298,0.025066518943209326,-0.0013467477509990916,not_applicable,0.0,False,1637.159848112555,-0.037457043181703564,0.40162486243193063,15.445451515474026,13.38087886874364,9.501118742685668,0.09,0.18,False,True,81995.44873046875,6199.108143368448,21.00908182581111,5.3614267737070375e-06,103.01697865396999,1.0723277043759831,1.0812466313241433,0.9873133160902805,0.966772287404146,0.4038597981810853,1.0,0.004263687269015818,0.00123702779198544,0.004575311190917361,-0.007738486820527819,0.024954649928887067,-0.02634981112409618,1735.942860410549,False
12,stress,10067,gain_scheduled_lqr,1.5,0.11263772732630574,0.025038735876527496,0.09113409304523261,0.10793904160989602,0.022981707872055095,0.09639222739705036,0.12020543981481481,-9.05175781250045e-05,0.07993187377929688,0.0502054398148148,0.1902054398148148,-0.08,0.08,-0.007567712488509071,0.0251292534546525,0.011202219265935731,not_applicable,0.0,False,1610.5978069042872,-0.0475015832886236,0.4016744554206741,13.283958111797524,14.870353304321814,13.313554056377932,0.18,0.18,False,True,81989.78106689453,6198.124722339112,21.005748963664374,5.3662206073543565e-06,103.07637795645844,1.0723277043759831,1.0812466313241433,0.9873133160902805,0.966772287404146,0.4038597981810853,1.0,0.004263687269015818,0.00123702779198544,0.004575311190917361,-0.007738486820527819,0.024954649928887067,-0.02634981112409618,1735.942860410549,False
12,stress,10067,gain_scheduled_lqr,2.0,0.11276785730436395,0.025070946448170976,0.10366151374203068,0.11406662478004512,0.024039951559213686,0.09881714320216041,0.12036351165980795,-0.00012031982421875642,0.079879140625,0.050363511659807944,0.19036351165980797,-0.08,0.08,-0.007595654355444001,0.025191266272389733,0.023782373117030686,not_applicable,0.0,False,1583.957055898028,-0.057549872571578876,0.4017399997587981,13.917637690532654,15.445451515474026,14.82731194214853,0.27,0.18000000000000005,False,True,81981.87109375,6196.824988604601,21.00134410223131,5.3729182017606645e-06,103.16174864481486,1.0723277043759831,1.0812466313241433,0.9873133160902805,0.966772287404146,0.4038597981810853,1.0,0.004263687269015818,0.00123702779198544,0.004575311190917361,-0.007738486820527819,0.024954649928887067,-0.02634981112409618,1735.942860410549,False
12,stress,10067,gain_scheduled_lqr,2.5,0.11289955482181913,0.02510262418627428,0.11620490651774791,0.11173960614476847,0.02627239365613328,0.11865861452813353,0.12056530778463648,-0.00014993164062498954,0.07981155395507812,0.05056530778463647,0.19056530778463648,-0.08,0.08,-0.0076657529628173515,0.02525255582689927,0.03639335256266979,not_applicable,0.0,False,1560.1511161235387,-0.06649204106417587,0.4018206300465545,15.307385013663405,13.283958111797524,13.731450590440438,0.35,0.15999999999999992,True,True,81971.73309326172,6195.226102903411,20.995925400097143,5.3815145531373665e-06,103.27348809436712,1.0723277043759831,1.0812466313241433,0.9873133160902805,0.966772287404146,0.4038597981810853,1.0,0.004263687269015818,0.00123702779198544,0.004575311190917361,-0.007738486820527819,0.024954649928887067,-0.02634981112409618,1735.942860410549,False
12,stress,10067,gain_scheduled_lqr,3.0,0.11303241797773224,0.025133825791108677,0.12876401913035485,0.11100518655047721,0.025175947135582577,0.12475560403486642,0.12081018518518519,-0.00017935302734374547,0.07972920898437501,0.05081018518518518,0.1908101851851852,-0.08,0.08,-0.007777767207452949,0.025313178818452423,0.04903481014597984,not_applicable,0.0,False,1559.7605148775592,-0.06655060206920355,0.40191568368588926,14.726319607430336,13.917637690532654,13.863653098488292,0.35,0.0,True,True,81959.38134765625,6193.341204448907,20.98953738670099,5.392006602018664e-06,103.41187995904147,1.0723277043759831,1.0812466313241433,0.9873133160902805,0.966772287404146,0.4038597981810853,1.0,0.004263687269015818,0.00123702779198544,0.004575311190917361,-0.007738486820527819,0.024954649928887067,-0.02634981112409618,1735.942860410549,False
12,stress,10067,gain_scheduled_lqr,3.5,0.11316621281503167,0.025165019572009787,0.14133873059037336,0.11032500496056473,0.024870447239389467,0.13532063546372008,0.12109750085733882,-0.00020858398437501036,0.07963220092773438,0.051097500857338815,0.19109750085733884,-0.08,0.08,-0.007931288042307152,0.025373603556384797,0.06170652966263898,not_applicable,0.0,False,1559.3208133170726,-0.06661024076510275,0.40202462079258067,14.619151133533434,15.307385013663405,14.888777717972397,0.35,0.0,True,True,81944.83013916016,6191.180999058791,20.98221634458463,5.4043932064099246e-06,103.57714722753984,1.0723277043759831,1.0812466313241433,0.9873133160902805,0.966772287404146,0.4038597981810853,1.0,0.004263687269015818,0.00123702779198544,0.004575311190917361,-0.007738486820527819,0.024954649928887067,-0.02634981112409618,1735.942860410549,False
12,stress,10067,gain_scheduled_lqr,4.0,0.11330083834333299,0.025196204547691847,0.1539290367404568,0.1081736813313739,0.02460482413054876,0.15648387448830478,0.12142661179698216,-0.00023762451171874255,0.079520625,0.05142661179698216,0.19142661179698217,-0.08,0.08,-0.008125773453649177,0.02543382905941059,0.0744084117404568,not_applicable,0.0,False,1558.8317285488995,-0.06667089060229493,0.40214698367832524,14.585468785438106,14.726319607430336,14.77342402453317,0.35,0.0,True,True,81928.09375,6188.754562618874,20.973993032370615,5.4186751182865886e-06,103.76947909118736,1.0723277043759831,1.0812466313241433,0.9873133160902805,0.966772287404146,0.4038597981810853,1.0,0.004263687269015818,0.00123702779198544,0.004575311190917361,-0.007738486820527819,0.024954649928887067,-0.02634981112409618,1735.942860410549,False
12,stress,10067,gain_scheduled_lqr,4.5,0.11343620362598666,0.02522737973109664,0.16653493293118188,0.11364769561950662,0.02767819525951238,0.17491563417716446,0.121796875,-0.00026647460937499756,0.07939457641601563,0.05179687499999999,0.191796875,-0.08,0.08,-0.008360671374013334,0.025493854340471637,0.08714035651516625,not_applicable,0.0,False,1558.292985771655,-0.0667324921895069,0.40228237351219553,16.44857062702999,14.619151133533434,14.663882261952105,0.35,0.0,True,True,81909.18646240234,6186.0698038826085,20.964894253212666,5.434854963336916e-06,103.98904642097219,1.0723277043759831,1.0812466313241433,0.9873133160902805,0.966772287404146,0.4038597981810853,1.0,0.004263687269015818,0.00123702779198544,0.004575311190917361,-0.007738486820527819,0.024954649928887067,-0.02634981112409618,1735.942860410549,False
12,stress,10067,gain_scheduled_lqr,5.0,0.11357222673013131,0.02525854412956787,0.1791564140182051,0.11798142873923875,0.02555075196494185,0.18022247944762115,0.1222076474622771,-0.0002951342773437615,0.079254150390625,0.05220764746227709,0.1922076474622771,-0.08,0.08,-0.00863542073214578,0.025553678406911633,0.09990226362758009,not_applicable,0.0,False,1557.704305163179,-0.06679499210864479,0.4024304356602051,15.272901263883133,14.585468785438106,14.608204622337073,0.35,0.0,True,True,81888.12255859375,6183.133755185188,20.95494384003998,5.452937223849824e-06,104.23601148160459,1.0723277043759831,1.0812466313241433,0.9873133160902805,0.966772287404146,0.4038597981810853,1.0,0.004263687269015818,0.00123702779198544,0.004575311190917361,-0.007738486820527819,0.024954649928887067,-0.02634981112409618,1735.942860410549,False
12,stress,10067,gain_scheduled_lqr,5.5,0.11370883378613454,0.02528969674476183,0.19179347435944039,0.10924910303655637,0.025274306079066857,0.1922776045789148,0.12265828617969822,-0.0003236035156249928,0.07909944213867187,0.05265828617969821,0.1926582861796982,-0.08,0.08,-0.008949452393563678,0.025613300260386822,0.11269403222076851,not_applicable,0.0,False,1557.0653933935328,-0.0668583420256894,0.40259084988176863,15.190398930276245,16.44857062702999,15.91496003893634,0.35,0.0,True,True,81864.91632080078,6179.952766846162,20.944163314397265,5.472928224657807e-06,104.51053441719179,1.0723277043759831,1.0812466313241433,0.9873133160902805,0.966772287404146,0.4038597981810853,1.0,0.004263687269015818,0.00123702779198544,0.004575311190917361,-0.007738486820527819,0.024954649928887067,-0.02634981112409618,1735.942860410549,False
12,stress,10067,gain_scheduled_lqr,6.0,0.11384595814492435,0.025320836572387012,0.2044461078121495,0.11533641330325473,0.025623209751868506,0.2036219078496442,0.12314814814814815,-0.0003518823242187469,0.07893054687500001,0.05314814814814814,0.19314814814814815,-0.08,0.08,-0.009302190003223798,0.02567271889660576,0.1255155609371495,not_applicable,0.0,False,1556.3759378814664,-0.06692249799302126,0.4027633234553852,15.460368077649736,15.272901263883133,15.459064972446093,0.35,0.0,True,True,81839.58203125,6176.532643486048,20.932572348428415,5.49483612205266e-06,104.81277778997062,1.0723277043759831,1.0812466313241433,0.9873133160902805,0.966772287404146,0.4038597981810853,1.0,0.004263687269015818,0.00123702779198544,0.004575311190917361,-0.007738486820527819,0.024954649928887067,-0.02634981112409618,1735.942860410549,False
12,stress,10067,gain_scheduled_lqr,6.5,0.11398353962294659,0.02535196260182777,0.21711430772987342,0.11671660161608775,0.02319050194000803,0.22038490634368146,0.12367659036351165,-0.0003799707031250099,0.07874755981445312,0.05367659036351165,0.19367659036351165,-0.08,0.08,-0.009693050740565062,0.02573193330495278,0.1383667479154203,not_applicable,0.0,False,1555.6356027643649,-0.06698741988413746,0.40294758617496185,14.164877998164002,15.190398930276245,15.268298133150822,0.35,0.0,True,True,81812.13397216797,6172.878743248417,20.920189101145034,5.51867089559893e-06,105.14290987749924,1.0723277043759831,1.0812466313241433,0.9873133160902805,0.966772287404146,0.4038597981810853,1.0,0.004263687269015818,0.00123702779198544,0.004575311190917361,-0.007738486820527819,0.024954649928887067,-0.02634981112409618,1735.942860410549,False
12,stress,10067,gain_scheduled_lqr,7.0,0.11412152382557425,0.02538307381568636,0.229798066959155,0.11608024919192662,0.027469470764524998,0.23985170693169372,0.12424296982167352,-0.00040786865234375413,0.078550576171875,0.05424296982167351,0.19424296982167352,-0.08,0.08,-0.010121445996099265,0.025790942468030115,0.15124749078728,not_applicable,0.0,False,1554.8440259808829,-0.06705307092487414,0.4031433865961587,16.723494074026476,15.460368077649736,15.404677766169394,0.35,0.0,True,True,81782.58642578125,6168.996052234287,20.907030470688255,5.5444443427775076e-06,105.50110714294786,1.0723277043759831,1.0812466313241433,0.9873133160902805,0.966772287404146,0.4038597981810853,1.0,0.004263687269015818,0.00123702779198544,0.004575311190917361,-0.007738486820527819,0.024954649928887067,-0.02634981112409618,1735.942860410549,False
12,stress,10067,gain_scheduled_lqr,7.5,0.11425986154076316,0.025414169189265784,0.24249737783601824,0.11709435100191941,0.025745046635683777,0.23779598673552793,0.12484664351851851,-0.0004355761718749934,0.07833969116210937,0.054846643518518506,0.19484664351851852,-0.08,0.08,-0.010586781977755352,0.025849745361140777,0.16415768667390887,not_applicable,0.0,False,1554.0008170978049,-0.06711941729794488,0.40335048914940924,15.743643336668164,14.164877998164002,14.524355559495135,0.35,0.0,True,True,81750.9536743164,6164.88924175046,20.893112288346153,5.5721700763979455e-06,105.88755613528953,1.0723277043759831,1.0812466313241433,0.9873133160902805,0.966772287404146,0.4038597981810853,1.0,0.004263687269015818,0.00123702779198544,0.004575311190917361,-0.007738486820527819,0.024954649928887067,-0.02634981112409618,1735.942860410549,False
12,stress,10067,gain_scheduled_lqr,8.0,0.11439850819561259,0.025445247690008388,0.2552122321821777,0.11617633619767745,0.026806236050445357,0.2501724089398575,0.1254869684499314,-0.00046309326171874166,0.078115,0.055486968449931395,0.1954869684499314,-0.08,0.08,-0.01108846025431881,0.02590834095172713,0.1770972321821777,not_applicable,0.0,False,1553.1055556458132,-0.06718642780502103,0.4035686718725181,16.42694843546361,16.723494074026476,16.08585808583386,0.35,0.0,True,True,81717.25,6160.562713271744,20.878449470932924,5.601863524725044e-06,106.30245498539124,1.0723277043759831,1.0812466313241433,0.9873133160902805,0.966772287404146,0.4038597981810853,1.0,0.004263687269015818,0.00123702779198544,0.004575311190917361,-0.007738486820527819,0.024954649928887067,-0.02634981112409618,1735.942860410549,False
12,stress,10067,gain_scheduled_lqr,8.5,0.11453742336925968,0.025476308276900513,0.2679426213009589,0.11649236286369295,0.024803299484627103,0.26443860753822396,0.12616330161179698,-0.0004904199218749988,0.07787659790039063,0.05616330161179697,0.196163301611797,-0.08,0.08,-0.011625878242537302,0.02596672819877551,0.19006602340056827,not_applicable,0.0,False,1552.1577898088142,-0.06725407357514662,0.4037977245977856,15.365502475928121,15.743643336668164,15.842867845864147,0.35,0.0,True,True,81681.4896850586,6156.020634389981,20.86305614262193,5.633541934270987e-06,106.74601460919182,1.0723277043759831,1.0812466313241433,0.9873133160902805,0.966772287404146,0.4038597981810853,1.0,0.004263687269015818,0.00123702779198544,0.004575311190917361,-0.007738486820527819,0.024954649928887067,-0.02634981112409618,1735.942860410549,False
12,stress,10067,gain_scheduled_lqr,9.0,0.11467657035622522,0.025507349899850304,0.28068853597291454,0.1120648650893741,0.02426720109451378,0.2831119759753592,0.126875,-0.0005175561523437511,0.077624580078125,0.05687499999999998,0.196875,-0.08,0.08,-0.012198429643774766,0.026024906052194055,0.20306395589478954,not_applicable,0.0,False,1551.1570353613986,-0.06732232781122516,0.4040374474800409,15.165101823927046,16.42694843546361,16.257595390408717,0.35,0.0,True,True,81643.68701171875,6151.266968002932,20.84694573386822,5.667224375210307e-06,107.21845969471795,1.0723277043759831,1.0812466313241433,0.9873133160902805,0.966772287404146,0.4038597981810853,1.0,0.004263687269015818,0.00123702779198544,0.004575311190917361,-0.007738486820527819,0.024954649928887067,-0.02634981112409618,1735.942860410549,False
12,stress,10067,gain_scheduled_lqr,9.5,0.1148159157749441,0.025538371499043762,0.29344996645112376,0.11153761544886603,0.024580720726692196,0.28910910423537894,0.12762142061042525,-0.0005445019531249984,0.07735904174804688,0.057621420610425245,0.19762142061042526,-0.08,0.08,-0.012805504835481152,0.02608287345216876,0.2160909247030769,not_applicable,0.0,False,1550.1027747812022,-0.06739116556829355,0.40428764978530923,15.38995812737798,15.365502475928121,15.62416310295356,0.35,0.0,True,True,81603.85626220703,6146.305496334782,20.830131062815237,5.702931749380581e-06,107.72002952730912,1.0723277043759831,1.0812466313241433,0.9873133160902805,0.966772287404146,0.4038597981810853,1.0,0.004263687269015818,0.00123702779198544,0.004575311190917361,-0.007738486820527819,0.024954649928887067,-0.02634981112409618,1735.942860410549,False
12,stress,10067,gain_scheduled_lqr,10.0,0.11495542921676416,0.025569372004282546,0.3062269024561656,0.11388275838206365,0.026918975324605576,0.3078559382432432,0.12840192043895748,-0.0005712573242187546,0.077080078125,0.05840192043895748,0.1984019204389575,-0.08,0.08,-0.013446491222193324,0.0261406293285013,0.22914682433116557,not_applicable,0.0,False,1548.9944564842888,-0.06746056355867489,0.40454814888211915,16.833868945043953,15.165101823927046,15.298205760017865,0.35,0.0,True,True,81562.01171875,6141.139840938384,20.81262440308339,5.740686800837024e-06,108.25097869243153,1.0723277043759831,1.0812466313241433,0.9873133160902805,0.966772287404146,0.4038597981810853,1.0,0.004263687269015818,0.00123702779198544,0.004575311190917361,-0.007738486820527819,0.024954649928887067,-0.02634981112409618,1735.942860410549,False
12,stress,10067,gain_scheduled_lqr,10.5,0.11509508293119003,0.025600350334306073,0.31901933317075665,0.11694062996665626,0.02619314384431656,0.3252134421311363,0.12921585648148148,-0.000597822265625006,0.07678778442382812,0.05921585648148148,0.1992158564814815,-0.08,0.08,-0.014120773550291454,0.02619817259993108,0.24223154874692854,not_applicable,0.0,False,1547.8314941461679,-0.06753049998009099,0.40481876939269756,16.517493612881914,15.38995812737798,15.363354704699464,0.35,0.0,True,True,81518.16766357422,6135.773479526905,20.794437540813334,5.7805141289344505e-06,108.81157768517507,1.0723277043759831,1.0812466313241433,0.9873133160902805,0.966772287404146,0.4038597981810853,1.0,0.004263687269015818,0.00123702779198544,0.004575311190917361,-0.007738486820527819,0.024954649928887067,-0.02634981112409618,1735.942860410549,False
12,stress,10067,gain_scheduled_lqr,11.0,0.11523485154358955,0.025631305396099657,0.3318272472340471,0.1134636172277627,0.025973793325075555,0.33713942637284866,0.13006258573388202,-0.0006241967773437523,0.076482255859375,0.06006258573388201,0.20006258573388203,-0.08,0.08,-0.014827734190292471,0.02625550217344341,0.2553449913746721,not_applicable,0.0,False,1546.6132660811104,-0.06760095436354754,0.4050993424719997,16.46592035284326,16.833868945043953,16.40749616561346,0.35,0.0,True,True,81472.33837890625,6130.2097602705635,20.7755818231183,5.822440203914831e-06,109.40211344829275,1.0723277043759831,1.0812466313241433,0.9873133160902805,0.966772287404146,0.4038597981810853,1.0,0.004263687269015818,0.00123702779198544,0.004575311190917361,-0.007738486820527819,0.024954649928887067,-0.02634981112409618,1735.942860410549,False
12,stress,10067,gain_scheduled_lqr,11.5,0.11537471180197477,0.025662236084189913,0.3446506327355672,0.1157397233095064,0.026939341362922174,0.34618157026874535,0.1309414651920439,-0.0006503808593749938,0.07616358764648437,0.06094146519204388,0.2009414651920439,-0.08,0.08,-0.015566753390069119,0.026312616943564907,0.26848704508908283,not_applicable,0.0,False,1545.339114659512,-0.06767190743835867,0.40538970519014955,17.077892376501488,16.517493612881914,16.485600064329045,0.35,0.0,True,True,81424.53814697266,6124.451914042717,20.75606819958672,5.866493384983556e-06,110.02288985546679,1.0723277043759831,1.0812466313241433,0.9873133160902805,0.966772287404146,0.4038597981810853,1.0,0.004263687269015818,0.00123702779198544,0.004575311190917361,-0.007738486820527819,0.024954649928887067,-0.02634981112409618,1735.942860410549,False
12,stress,10067,gain_scheduled_lqr,12.0,0.11551464234982331,0.025693141279928212,0.3574894772088184,0.11301350815279543,0.026433487818016577,0.34869886273987155,0.13185185185185186,-0.0006763745117187442,0.075831875,0.06185185185185185,0.20185185185185187,-0.08,0.08,-0.01633720950202855,0.026369515791646956,0.2816576022088184,not_applicable,0.0,False,1544.008345748125,-0.06774334101210919,0.40568969999943083,16.817338597094338,16.46592035284326,16.47162644738786,0.35,0.0,True,True,81374.78125,6118.5030649893715,20.735907258102767,5.912703940862298e-06,110.67422815270884,1.0723277043759831,1.0812466313241433,0.9873133160902805,0.966772287404146,0.4038597981810853,1.0,0.004263687269015818,0.00123702779198544,0.004575311190917361,-0.007738486820527819,0.024954649928887067,-0.02634981112409618,1735.942860410549,False
12,stress,10067,gain_scheduled_lqr,12.5,0.11565462352222192,0.02572401985076266,0.37034376762450383,0.12379829235748527,0.02666615994868566,0.3652311580016562,0.13279310270919067,-0.0007021777343750035,0.07548721313476563,0.06279310270919067,0.20279310270919068,-0.08,0.08,-0.017138479186968758,0.026426197585137663,0.2948565544897382,not_applicable,0.0,False,1542.6202281616897,-0.06781523786369147,0.4059991742710676,17.044364543680242,17.077892376501488,16.902106734867964,0.35,0.0,True,True,81323.08197021484,6112.36623971472,20.715109255976643,5.961104072810256e-06,111.35646736799619,1.0723277043759831,1.0812466313241433,0.9873133160902805,0.966772287404146,0.4038597981810853,1.0,0.004263687269015818,0.00123702779198544,0.004575311190917361,-0.007738486820527819,0.024954649928887067,-0.02634981112409618,1735.942860410549,False
12,stress,10067,gain_scheduled_lqr,13.0,0.11579463716289744,0.0257548706494989,0.3832134903833916,0.11990238900525563,0.025976709526594005,0.38778963467614697,0.13376457475994513,-0.000727790527343744,0.075129697265625,0.06376457475994513,0.20376457475994514,-0.08,0.08,-0.017969937597047694,0.026482661176842646,0.30808379311776657,not_applicable,0.0,False,1541.173993117176,-0.0678875816478292,0.40631797989012214,16.77431061856908,16.817338597094338,16.841916955819528,0.35,0.0,True,True,81269.45458984375,6106.044375314271,20.693684147169208,6.011727940110647e-06,112.06996469715408,1.0723277043759831,1.0812466313241433,0.9873133160902805,0.966772287404146,0.4038597981810853,1.0,0.004263687269015818,0.00123702779198544,0.004575311190917361,-0.007738486820527819,0.024954649928887067,-0.02634981112409618,1735.942860410549,False
12,stress,10067,gain_scheduled_lqr,13.5,0.11593466645995432,0.025785692513549792,0.39609863130880574,0.1194667966311264,0.02739938659559714,0.3970757114105153,0.134765625,-0.0007532128906250074,0.07475942260742188,0.064765625,0.204765625,-0.08,0.08,-0.018830958540045684,0.0265389054041748,0.3213392087013839,not_applicable,0.0,False,1539.6688336838934,-0.06796035680972232,0.4066459728991729,17.649242164595485,17.044364543680242,16.98566525444048,0.35,0.0,True,True,81213.91339111328,6099.540326440656,20.671641606238378,6.064611688022718e-06,112.8150958723801,1.0723277043759831,1.0812466313241433,0.9873133160902805,0.966772287404146,0.4038597981810853,1.0,0.004263687269015818,0.00123702779198544,0.004575311190917361,-0.007738486820527819,0.024954649928887067,-0.02634981112409618,1735.942860410549,False
12,stress,10067,gain_scheduled_lqr,14.0,0.1160746957983646,0.025816484264173878,0.40899917563873955,0.11700088209102044,0.02444730767969121,0.40233226433042607,0.13579561042524005,-0.0007784448242187519,0.074376484375,0.06579561042524004,0.20579561042524006,-0.08,0.08,-0.019720914626875446,0.02659492908839263,0.33462269126373956,not_applicable,0.0,False,1538.1039042242176,-0.06803354850863301,0.4069830131832363,16.001593609510184,16.77431061856908,16.835592489270923,0.35,0.0,True,True,81156.47265625,6092.856871551574,20.64899104951369,6.119793478204146e-06,113.59225551858329,1.0723277043759831,1.0812466313241433,0.9873133160902805,0.966772287404146,0.4038597981810853,1.0,0.004263687269015818,0.00123702779198544,0.004575311190917361,-0.007738486820527819,0.024954649928887067,-0.02634981112409618,1735.942860410549,False
12,stress,10067,gain_scheduled_lqr,14.5,0.1162147106274602,0.025847244705702543,0.4219151080175849,0.11712154088179816,0.0266519964827963,0.42214230043225104,0.13685388803155007,-0.0008034863281249915,0.07398097778320313,0.06685388803155007,0.20685388803155008,-0.08,0.08,-0.02063917740408988,0.026650731033827535,0.3479341302343818,not_applicable,0.0,False,1536.47831982083,-0.06810714254938702,0.4073289641897978,17.374042500559113,17.649242164595485,17.413326004089903,0.35,0.0,True,True,81097.14666748047,6085.996718461531,20.625741653911437,6.177313521612276e-06,114.40185750174341,1.0723277043759831,1.0812466313241433,0.9873133160902805,0.966772287404146,0.4038597981810853,1.0,0.004263687269015818,0.00123702779198544,0.004575311190917361,-0.007738486820527819,0.024954649928887067,-0.02634981112409618,1735.942860410549,False
12,stress,10067,gain_scheduled_lqr,15.0,0.11635469734185912,0.025877972624755555,0.4348464124874726,0.11592428817324603,0.025574477574369512,0.4355544937723845,0.13793981481481482,-0.000828337402343754,0.073572998046875,0.06793981481481481,0.20793981481481483,-0.08,0.08,-0.021585117472955703,0.02670631002709931,0.3612734144405976,not_applicable,0.0,False,1534.7911556872355,-0.06818112532089474,0.407683692678915,16.83777800304499,16.001593609510184,16.410922705669098,0.35,0.0,True,True,81035.94970703125,6078.962509297259,20.60190237372883,6.2372141138967945e-06,115.24433527274783,1.0723277043759831,1.0812466313241433,0.9873133160902805,0.966772287404146,0.4038597981810853,1.0,0.004263687269015818,0.00123702779198544,0.004575311190917361,-0.007738486820527819,0.024954649928887067,-0.02634981112409618,1735.942860410549,False
12,stress,10067,gain_scheduled_lqr,15.5,0.11649464317442093,0.025908666789444677,0.4477930724792173,0.11176813038721692,0.02595309670289321,0.44654364410877484,0.13905274777091908,-0.0008529980468749976,0.07315264038085938,0.06905274777091908,0.2090527477709191,-0.08,0.08,-0.022558104596498152,0.026761664836319674,0.3746404320983579,not_applicable,0.0,False,1533.0414465589986,-0.06825548374090745,0.4080470684992265,17.12364226969723,17.374042500559113,17.09478776598709,0.35,0.0,True,True,80972.8960571289,6071.756824939426,20.577481955697145,6.299539673299762e-06,116.1201422095556,1.0723277043759831,1.0812466313241433,0.9873133160902805,0.966772287404146,0.4038597981810853,1.0,0.004263687269015818,0.00123702779198544,0.004575311190917361,-0.007738486820527819,0.024954649928887067,-0.02634981112409618,1735.942860410549,False
12,stress,10067,gain_scheduled_lqr,16.0,0.11663453609997246,0.025939325948565007,0.4607550708028613,0.12040636860446495,0.025712125718976617,0.44971104482482177,0.1401920438957476,-0.0008774682617187501,0.07272,0.0701920438957476,0.2101920438957476,-0.08,0.08,-0.023557507795775146,0.026816794210283757,0.3880350708028613,not_applicable,0.0,False,1531.2281860636324,-0.06833020520631974,0.40841896438639796,17.015893548829247,16.83777800304499,16.91229749014681,0.35,0.0,True,True,80908.0,6064.382189019411,20.552488952527018,6.364336781083122e-06,117.0297519600721,1.0723277043759831,1.0812466313241433,0.9873133160902805,0.966772287404146,0.4038597981810853,1.0,0.004263687269015818,0.00123702779198544,0.004575311190917361,-0.007738486820527819,0.024954649928887067,-0.02634981112409618,1735.942860410549,False
12,stress,10067,gain_scheduled_lqr,16.5,0.11677436474867608,0.02596994883077361,0.47373238963781095,0.12253303915474825,0.025134210538050532,0.47408683625091513,0.14135706018518518,-0.0009017480468750116,0.07227517211914063,0.07135706018518517,0.21135706018518519,-0.08,0.08,-0.024582695436509094,0.02687169687764862,0.4014572175186703,not_applicable,0.0,False,1529.3503260675006,-0.06840527754841022,0.4087992557810987,16.817202523751615,17.12364226969723,17.062363256816724,0.35,0.0,True,True,80841.2758178711,6056.841071528806,20.526931735141215,6.4316542245067524e-06,117.9736587877184,1.0723277043759831,1.0812466313241433,0.9873133160902805,0.966772287404146,0.4038597981810853,1.0,0.004263687269015818,0.00123702779198544,0.004575311190917361,-0.007738486820527819,0.024954649928887067,-0.02634981112409618,1735.942860410549,False
12,stress,10067,gain_scheduled_lqr,17.0,0.11691411832803005,0.026000534143754986,0.48672501052255857,0.11961024552085096,0.02660952538632954,0.4845772124243541,0.1425471536351166,-0.0009258374023437543,0.071818251953125,0.0725471536351166,0.21254715363511661,-0.08,0.08,-0.025633035307086563,0.02692637154609874,0.4149067585694336,not_applicable,0.0,False,1527.406775998379,-0.06848068899248413,0.4091878206640562,17.7280047169107,17.015893548829247,17.0293673514014,0.35,0.0,True,True,80772.73779296875,6049.1358920902585,20.500818503759668,6.501543042384202e-06,118.9523779213789,1.0723277043759831,1.0812466313241433,0.9873133160902805,0.966772287404146,0.4038597981810853,1.0,0.004263687269015818,0.00123702779198544,0.004575311190917361,-0.007738486820527819,0.024954649928887067,-0.02634981112409618,1735.942860410549,False
12,stress,10067,gain_scheduled_lqr,17.5,0.11705378655259518,0.02603108057337294,0.4997329143439845,0.12091601172874451,0.02511716465051529,0.4962634629621901,0.1437616812414266,-0.0009497363281249921,0.07134933471679687,0.0737616812414266,0.2137616812414266,-0.08,0.08,-0.02670789468883142,0.026980816901497933,0.4283835796271876,not_applicable,0.0,False,1525.3964021425795,-0.0685564281214434,0.4095845394061104,16.945535926579364,16.817202523751615,16.878719308003387,0.35,0.0,True,True,80702.40020751953,6041.269022930859,20.47415729797645,6.574056573246255e-06,119.96644591114665,1.0723277043759831,1.0812466313241433,0.9873133160902805,0.966772287404146,0.4038597981810853,1.0,0.004263687269015818,0.00123702779198544,0.004575311190917361,-0.007738486820527819,0.024954649928887067,-0.02634981112409618,1735.942860410549,False
12,stress,10067,gain_scheduled_lqr,18.0,0.11719335958063677,0.026061586782808285,0.5127560813262309,0.11631959203462462,0.026943839070721246,0.5176922741582634,0.145,-0.0009734448242187527,0.070868515625,0.07499999999999998,0.215,-0.08,0.08,-0.02780664041936322,0.027035031607027037,0.44188756570123083,not_applicable,0.0,False,1523.318026915722,-0.06863248384286277,0.40998929463149714,18.10966574238108,17.7280047169107,17.481756043901765,0.35,0.0,True,True,80630.27734375,6033.242791593229,20.44695600594777,6.649250506146254e-06,121.01642099108444,1.0723277043759831,1.0812466313241433,0.9873133160902805,0.966772287404146,0.4038597981810853,1.0,0.004263687269015818,0.00123702779198544,0.004575311190917361,-0.007738486820527819,0.024954649928887067,-0.02634981112409618,1735.942860410549,False
12,stress,10067,gain_scheduled_lqr,18.5,0.11733282795695435,0.02609205141168193,0.525794491019141,0.12505746274791602,0.022700765757802464,0.5216116132253721,0.14626146690672154,-0.0009969628906250083,0.07037588989257812,0.07626146690672153,0.21626146690672154,-0.08,0.08,-0.028928638949767188,0.027089014302306938,0.45541860112656285,not_applicable,0.0,False,1521.1704281063996,-0.06870884535919929,0.41040197109284127,15.714902430532973,16.945535926579364,17.101011919627712,0.35,0.0,True,True,80556.38348388672,6025.059483414375,20.419222372792923,6.7271829341439014e-06,122.10288345003559,1.0723277043759831,1.0812466313241433,0.9873133160902805,0.966772287404146,0.4038597981810853,1.0,0.004263687269015818,0.00123702779198544,0.004575311190917361,-0.007738486820527819,0.024954649928887067,-0.02634981112409618,1735.942860410549,False
12,stress,10067,gain_scheduled_lqr,19.0,0.1174721825612478,0.026122473075162772,0.5388481222862561,0.11627295956037358,0.024175117808331613,0.5402238962788312,0.147545438957476,-0.0010202905273437451,0.069871552734375,0.07754543895747598,0.217545438957476,-0.08,0.08,-0.030073256396228182,0.027142763602506517,0.4689765695518811,not_applicable,0.0,False,1518.952338092093,-0.06878550214080187,0.41082245555655417,16.66444296741493,18.10966574238108,17.81720850389164,0.35,0.0,True,True,80480.73291015625,6016.721343798232,20.39096400829609,6.807914410508161e-06,123.22643601138762,1.0723277043759831,1.0812466313241433,0.9873133160902805,0.966772287404146,0.4038597981810853,1.0,0.004263687269015818,0.00123702779198544,0.004575311190917361,-0.007738486820527819,0.024954649928887067,-0.02634981112409618,1735.942860410549,False
12,stress,10067,gain_scheduled_lqr,19.5,0.1176114145614358,0.026152850363059865,0.5519169532923628,0.11739532071434315,0.023221558967209063,0.549784093288237,0.14885127314814814,-0.001043427734374991,0.06935559936523437,0.07885127314814813,0.21885127314814815,-0.08,0.08,-0.03123985858671234,0.027196278097434856,0.4825613539271284,not_applicable,0.0,False,1516.6624430267818,-0.06886244390142687,0.41125063669750794,16.18001617416155,15.714902430532973,16.324462038402906,0.35,0.0,True,True,80403.33990478516,6008.230580304267,20.362188393984678,6.891508007682618e-06,124.38770422256123,1.0723277043759831,1.0812466313241433,0.9873133160902805,0.966772287404146,0.4038597981810853,1.0,0.004263687269015818,0.00123702779198544,0.004575311190917361,-0.007738486820527819,0.024954649928887067,-0.02634981112409618,1735.942860410549,False
12,stress,10067,gain_scheduled_lqr,20.0,0.11775051537140302,0.026183181838898294,0.5650009614905815,0.11407673160348182,0.026083923261341405,0.5618486148249967,0.1501783264746228,-0.0010663745117187456,0.068828125,0.08017832647462278,0.2201783264746228,-0.08,0.08,-0.03242781110321977,0.02724955635061704,0.4961728364905815,not_applicable,0.0,False,1514.2993819997905,-0.06893966057599527,0.4116864050020053,17.891860152892402,16.66444296741493,16.565866150081792,0.35,0.0,True,True,80324.21875,5999.589364571574,20.332902889650182,6.978029379060166e-06,125.5873368549039,1.0723277043759831,1.0812466313241433,0.9873133160902805,0.966772287404146,0.4038597981810853,1.0,0.004263687269015818,0.00123702779198544,0.004575311190917361,-0.007738486820527819,0.024954649928887067,-0.02634981112409618,1735.942860410549,False
12,stress,10067,gain_scheduled_lqr,20.5,0.11788947661270713,0.026213466038978204,0.5781001236089898,0.1157014364578832,0.02573610384053928,0.5818486951131902,0.15152595593278462,-0.0010891308593749954,0.06828922485351563,0.08152595593278461,0.22152595593278462,-0.08,0.08,-0.03363647932007749,0.0273025968983532,0.5098108987554741,not_applicable,0.0,False,1511.8617461654549,-0.06901714230035699,0.4121296526781913,17.803666389917836,16.18001617416155,16.29189263354066,0.35,0.0,True,True,80243.38372802734,5990.799834095381,20.303114739368862,7.067546823616746e-06,126.82600631457481,1.0723277043759831,1.0812466313241433,0.9873133160902805,0.966772287404146,0.4038597981810853,1.0,0.004263687269015818,0.00123702779198544,0.004575311190917361,-0.007738486820527819,0.024954649928887067,-0.02634981112409618,1735.942860410549,False
12,stress,10067,gain_scheduled_lqr,21.0,0.1180282900798248,0.026243701471416366,0.5912144156367697,0.11700742016129609,0.02823989748169988,0.5994903860033727,0.1528935185185185,-0.0011116967773437542,0.06773899414062501,0.0828935185185185,0.22289351851851852,-0.08,0.08,-0.03486522843869372,0.02735539824876012,0.5234754214961447,not_applicable,0.0,False,1509.3480778432481,-0.06909487939285347,0.41258027357316207,19.336159148946003,17.891860152892402,17.427952643867055,0.35,0.0,True,True,80160.84912109375,5981.864093870782,20.27283107707244,7.160131353457372e-06,128.1044090649457,1.0723277043759831,1.0812466313241433,0.9873133160902805,0.966772287404146,0.4038597981810853,1.0,0.004263687269015818,0.00123702779198544,0.004575311190917361,-0.007738486820527819,0.024954649928887067,-0.02634981112409618,1735.942860410549,False
12,stress,10067,gain_scheduled_lqr,21.5,0.11816694770855973,0.026273886615169745,0.6043438128098724,0.11706699522842173,0.025079120801153768,0.6019214757014221,0.15428037122770918,-0.001134072265625008,0.06717752807617187,0.08428037122770918,0.2242803712277092,-0.08,0.08,-0.03611342351914945,0.027407958880794753,0.5371662847337005,not_applicable,0.0,False,1506.7568695880414,-0.06917286233749041,0.4130381630961138,17.55453804753744,17.803666389917836,17.69472891091975,0.35,0.0,True,True,80076.62921142578,5972.78421791668,20.242058931712783,7.255856764330599e-06,129.4232660609748,1.0723277043759831,1.0812466313241433,0.9873133160902805,0.966772287404146,0.4038597981810853,1.0,0.004263687269015818,0.00123702779198544,0.004575311190917361,-0.007738486820527819,0.024954649928887067,-0.02634981112409618,1735.942860410549,False
12,stress,10067,gain_scheduled_lqr,22.0,0.11830544154727479,0.026304019919040435,0.6174882895961892,0.11618815457821843,0.025307704736609524,0.6137464933196018,0.15568587105624143,-0.001156257324218743,0.066604921875,0.08568587105624142,0.22568587105624144,-0.08,0.08,-0.03738042950896664,0.02746027724325918,0.5508833677211892,not_applicable,0.0,False,1504.069665698135,-0.0692561287411434,0.4135553796234184,17.757431872564595,19.336159148946003,18.86022960428239,0.35,0.0,True,True,79990.73828125,5963.562250691366,20.210805232059418,7.354799709170369e-06,130.78332319595572,1.0723277043759831,1.0812466313241433,0.9873133160902805,0.966772287404146,0.4038597981810853,1.0,0.004263687269015818,0.00123702779198544,0.004575311190917361,-0.007738486820527819,0.024954649928887067,-0.02634981112409618,1735.942860410549,False
12,stress,10067,gain_scheduled_lqr,22.5,0.11844376364916993,0.026334099462711494,0.6306478195957332,0.12159180983098415,0.02652440495835733,0.6270054819389929,0.157109375,-0.0011782519531250008,0.06602127075195313,0.08710937499999999,0.227109375,-0.08,0.08,-0.03866561135083006,0.027512351415836495,0.56462654884378,not_applicable,0.0,False,1501.1568279508217,-0.06938234282978537,0.41452118455903586,18.531747939810796,17.55453804753744,17.933120806448947,0.35,0.0,True,True,79903.19061279297,5954.200208409866,20.179076811164045,7.457039774727903e-06,132.18535176100895,1.0723277043759831,1.0812466313241433,0.9873133160902805,0.966772287404146,0.4038597981810853,1.0,0.004263687269015818,0.00123702779198544,0.004575311190917361,-0.007738486820527819,0.024954649928887067,-0.02634981112409618,1735.942860410549,False
12,stress,10067,gain_scheduled_lqr,23.0,0.11858190536091903,0.026364120733103836,0.6438223748001682,0.11048065984890133,0.026763835642525973,0.6518863317861028,0.15855024005486967,-0.0012000561523437536,0.065426669921875,0.08855024005486967,0.22855024005486968,-0.08,0.08,-0.03996833469395064,0.02756417688544759,0.5783957048782933,not_applicable,0.0,False,1498.1546345238269,-0.06950978240266288,0.41550436793117296,18.804323422560397,17.757431872564595,17.80837254148182,0.35,0.0,True,True,79814.00048828125,5944.700080271976,20.146880410522424,7.562659561358648e-06,133.63014891763268,1.0723277043759831,1.0812466313241433,0.9873133160902805,0.966772287404146,0.4038597981810853,1.0,0.004263687269015818,0.00123702779198544,0.004575311190917361,-0.007738486820527819,0.024954649928887067,-0.02634981112409618,1735.942860410549,False
12,stress,10067,gain_scheduled_lqr,23.5,0.11871985745081551,0.026394081942708376,0.6570119256260104,0.11927398917344742,0.027525341030050932,0.6518631619729993,0.16000782321673526,-0.0012216699218750016,0.06482121459960938,0.09000782321673526,0.23000782321673527,-0.08,0.08,-0.041287965765919754,0.027615751864583378,0.5921907110264011,not_applicable,0.0,False,1495.0611037458052,-0.06963843560038104,0.4165048071705042,19.25428351910245,18.531747939810796,18.322006632521646,0.35,0.0,True,True,79723.1821899414,5935.063829608949,20.11422268396056,7.671744766032825e-06,135.11853818360427,1.0723277043759831,1.0812466313241433,0.9873133160902805,0.966772287404146,0.4038597981810853,1.0,0.004263687269015818,0.00123702779198544,0.004575311190917361,-0.007738486820527819,0.024954649928887067,-0.02634981112409618,1735.942860410549,False
12,stress,10067,gain_scheduled_lqr,24.0,0.11885761079287338,0.02642398126437685,0.6702164415861122,0.11686835996057023,0.027700730043823486,0.6697134520178417,0.16148148148148148,-0.0012430932617187584,0.064205,0.09148148148148147,0.23148148148148148,-0.08,0.08,-0.042623870688608095,0.027667074526095608,0.6060114415861122,not_applicable,0.0,False,1491.8741883421503,-0.06976829070489424,0.41752238101690514,19.455431524381552,18.804323422560397,18.664476595720664,0.35,0.0,True,True,79630.75,5925.293394955936,20.08111020126924,7.78438426864066e-06,136.6513699324873,1.0723277043759831,1.0812466313241433,0.9873133160902805,0.966772287404146,0.4038597981810853,1.0,0.004263687269015818,0.00123702779198544,0.004575311190917361,-0.007738486820527819,0.024954649928887067,-0.02634981112409618,1735.942860410549,False
12,stress,10067,gain_scheduled_lqr,24.5,0.1189951563367302,0.026453816830010066,0.6834358912695145,0.11643666228832758,0.02656974483628848,0.6861704244726707,0.16297057184499314,-0.0012643261718749965,0.06357812133789062,0.09297057184499313,0.23297057184499315,-0.08,0.08,-0.043975415508262936,0.027718143001885062,0.6198577699316239,not_applicable,0.0,False,1488.5917739778965,-0.06989933612211564,0.4185569694413684,18.90200198087568,19.25428351910245,19.08327013456649,0.35,0.0,True,True,79536.7182006836,5915.390691056471,20.047549451608308,7.900670221667025e-06,138.22952190698197,1.0723277043759831,1.0812466313241433,0.9873133160902805,0.966772287404146,0.4038597981810853,1.0,0.004263687269015818,0.00123702779198544,0.004575311190917361,-0.007738486820527819,0.024954649928887067,-0.02634981112409618,1735.942860410549,False
12,stress,10067,gain_scheduled_lqr,25.0,0.11913248508005687,0.026483586729217006,0.6966702423206365,0.1170357407905654,0.02480741424317059,0.6995266569756913,0.164474451303155,-0.0012853686523437435,0.062940673828125,0.09447445130315499,0.234474451303155,-0.08,0.08,-0.04534196622309812,0.02776895538156075,0.6337295684925115,not_applicable,0.0,False,1485.21167775528,-0.07003156036576107,0.41960845357147647,17.97229301798249,19.455431524381552,19.34752404425066,0.35,0.0,True,True,79441.10107421875,5905.35760980471,20.01354684669993,8.020698143312273e-06,139.853899746319,1.0723277043759831,1.0812466313241433,0.9873133160902805,0.966772287404146,0.4038597981810853,1.0,0.004263687269015818,0.00123702779198544,0.004575311190917361,-0.007738486820527819,0.024954649928887067,-0.02634981112409618,1735.942860410549,False
12,stress,10067,gain_scheduled_lqr,25.5,0.11926958804319933,0.026513289007943853,0.7099194614177861,0.12627931490086877,0.025949252817133336,0.7018036752602764,0.16599247685185187,-0.0013062207031249995,0.062292752685546876,0.09599247685185186,0.23599247685185187,-0.08,0.08,-0.04672288880865254,0.027819509711068852,0.6476267087322392,not_applicable,0.0,False,1481.7316466656473,-0.07016495204230223,0.42067671562017306,18.650587035515443,18.90200198087568,19.031180247394406,0.35,0.0,True,True,79343.91290283203,5895.1960211304795,19.97910872382809,8.144567014139832e-06,141.52543752788966,1.0723277043759831,1.0812466313241433,0.9873133160902805,0.966772287404146,0.4038597981810853,1.0,0.004263687269015818,0.00123702779198544,0.004575311190917361,-0.007738486820527819,0.024954649928887067,-0.02634981112409618,1735.942860410549,False
12,stress,10067,gain_scheduled_lqr,26.0,0.11940645624580506,0.02654292166707207,0.7231835142509786,0.11792016492003544,0.027250075379464223,0.7211259908830251,0.16752400548696844,-0.0013268823242187505,0.061634453125,0.09752400548696843,0.23752400548696845,-0.08,0.08,-0.048117549241163377,0.02786980399129082,0.6615490611259786,not_applicable,0.0,False,1478.1493559954054,-0.07029949983691676,0.4217616388175952,19.50338689103654,17.97229301798249,18.279315336244466,0.35,0.0,True,True,79245.16796875,5884.907773831726,19.944241348659794,8.272379377333801e-06,143.24509832327996,1.0723277043759831,1.0812466313241433,0.9873133160902805,0.966772287404146,0.4038597981810853,1.0,0.004263687269015818,0.00123702779198544,0.004575311190917361,-0.007738486820527819,0.024954649928887067,-0.02634981112409618,1735.942860410549,False
12,stress,10067,gain_scheduled_lqr,26.5,0.11954308068521294,0.026572482660984574,0.736462365499046,0.12020337164910269,0.025211506216019215,0.7306133945945307,0.16906839420438957,-0.0013473535156250036,0.060965870361328126,0.09906839420438956,0.23906839420438958,-0.08,0.08,-0.049525313519176634,0.027919836176609578,0.6754964951377178,not_applicable,0.0,False,1474.462407685723,-0.07043519250033377,0.42286310734575583,18.39675665586249,18.650587035515443,18.5429375194489,0.35,0.0,True,True,79144.88055419922,5874.494696358492,19.908950917901986,8.40424144265235e-06,145.01387476885378,1.0723277043759831,1.0812466313241433,0.9873133160902805,0.966772287404146,0.4038597981810853,1.0,0.004263687269015818,0.00123702779198544,0.004575311190917361,-0.007738486820527819,0.024954649928887067,-0.02634981112409618,1735.942860410549,False
12,stress,10067,gain_scheduled_lqr,27.0,0.1196794523164072,0.02660196989609913,0.7497559788060204,0.12134813593161323,0.024454990207608794,0.7505204113343666,0.170625,-0.0013676342773437516,0.060287099609375,0.10062499999999999,0.240625,-0.08,0.08,-0.0509455476835928,0.02796960417344288,0.6894688791966455,not_applicable,0.0,False,1470.6683286456741,-0.07057201883648431,0.4239810062758817,18.073570609654517,19.50338689103654,19.2249064405717,0.35,0.0,True,True,79043.06494140625,5863.958597552136,19.87324356180684,8.540263194166137e-06,146.83278965102144,1.0723277043759831,1.0812466313241433,0.9873133160902805,0.966772287404146,0.4038597981810853,1.0,0.004263687269015818,0.00123702779198544,0.004575311190917361,-0.007738486820527819,0.024954649928887067,-0.02634981112409618,1735.942860410549,False
12,stress,10067,gain_scheduled_lqr,27.5,0.1198155620333571,0.026631381229367968,0.7630643167567771,0.1231077162594577,0.024936420841063723,0.7682379685301335,0.1721931798696845,-0.0013877246093749948,0.059598236083984374,0.10219317986968449,0.2421931798696845,-0.08,0.08,-0.0523776178363274,0.028019105838742963,0.7034660806727927,not_applicable,0.0,False,1466.764569018525,-0.07070996769087509,0.4251152215082343,18.448267627434852,18.39675665586249,18.6368770952324,0.35,0.0,True,True,78939.73541259766,5853.301267343199,19.837125346536833,8.680558501873831e-06,148.70289650631304,1.0723277043759831,1.0812466313241433,0.9873133160902805,0.966772287404146,0.4038597981810853,1.0,0.004263687269015818,0.00123702779198544,0.004575311190917361,-0.007738486820527819,0.024954649928887067,-0.02634981112409618,1735.942860410549,False
12,stress,10067,gain_scheduled_lqr,28.0,0.11995140065158144,0.026660714466742792,0.7763873408519174,0.11903618267451131,0.027321486677136145,0.7720491167379611,0.17377229080932782,-0.001407624511718747,0.058899375000000004,0.10377229080932782,0.24377229080932783,-0.08,0.08,-0.05382089015774638,0.02806833897846154,0.7174879658519174,not_applicable,0.0,False,1462.7485004008965,-0.07084902793961141,0.42626563971425235,19.846839728336974,18.073570609654517,18.236900243151165,0.35,0.0,True,True,78834.90625,5842.524477410941,19.800602276399946,8.82524523728904e-06,150.62528023635122,1.0723277043759831,1.0812466313241433,0.9873133160902805,0.966772287404146,0.4038597981810853,1.0,0.004263687269015818,0.00123702779198544,0.004575311190917361,-0.007738486820527819,0.024954649928887067,-0.02634981112409618,1735.942860410549,False
12,stress,10067,gain_scheduled_lqr,28.5,0.12008695889179408,0.02668996736160411,0.7897250114818759,0.1217897951776575,0.026975137091398524,0.7892358931407267,0.17536168981481481,-0.001427333984375001,0.05819061157226563,0.10536168981481481,0.24536168981481482,-0.08,0.08,-0.05527473092302074,0.02811730134597911,0.7315343999096102,not_applicable,0.0,False,1458.6174140145029,-0.07098918847900419,0.42743214828087306,19.74502826665216,18.448267627434852,18.386982060355354,0.35,0.0,True,True,78728.59173583984,5831.629981807371,19.763680295964555,8.974445393096896e-06,152.6010577378206,1.0723277043759831,1.0812466313241433,0.9873133160902805,0.966772287404146,0.4038597981810853,1.0,0.004263687269015818,0.00123702779198544,0.004575311190917361,-0.007738486820527819,0.024954649928887067,-0.02634981112409618,1735.942860410549,False
12,stress,10067,gain_scheduled_lqr,29.0,0.12022222736450032,0.02671913761315407,0.8030772879002332,0.12193478594768206,0.025094752951040047,0.7975332417730501,0.17696073388203018,-0.0014468530273437502,0.057472041015625,0.10696073388203017,0.2469607338820302,-0.08,0.08,-0.05673850651752986,0.02816599064049782,0.7456052468846083,not_applicable,0.0,False,1454.3685188302238,-0.07113043821570061,0.428614635256898,18.72324081187121,19.846839728336974,19.423556801593996,0.35,0.0,True,True,78620.80615234375,5820.619517548277,19.726365292062432,9.12828520698031e-06,154.63137854749849,1.0723277043759831,1.0812466313241433,0.9873133160902805,0.966772287404146,0.4038597981810853,1.0,0.004263687269015818,0.00123702779198544,0.004575311190917361,-0.007738486820527819,0.024954649928887067,-0.02634981112409618,1735.942860410549,False
12,stress,10067,gain_scheduled_lqr,29.5,0.12035719655542798,0.026748222864771753,0.8164441281962155,0.12020923949836693,0.02762244356698099,0.8144411813869373,0.17856878000685872,-0.0014661816406250014,0.05674375854492188,0.10856878000685871,0.24856878000685872,-0.08,0.08,-0.05821158345143074,0.028214404505396754,0.7597003696512936,not_applicable,0.0,False,1449.9989396442534,-0.07127276605728539,0.429812989301285,20.265346631047308,19.74502826665216,19.651818232839545,0.35,0.0,True,True,78511.56378173828,5809.494805173575,19.68866309568782,9.28689528971946e-06,156.7174255024114,1.0723277043759831,1.0812466313241433,0.9873133160902805,0.966772287404146,0.4038597981810853,1.0,0.004263687269015818,0.00123702779198544,0.004575311190917361,-0.007738486820527819,0.024954649928887067,-0.02634981112409618,1735.942860410549,False
12,stress,10067,gain_scheduled_lqr,30.0,0.12049185681168798,0.026777220702330014,0.8298254892663619,0.11930221705936583,0.02787815374660061,0.8285234866805185,0.1801851851851852,-0.0014853198242187476,0.056005859375,0.11018518518518519,0.2501851851851852,-0.08,0.08,-0.05969332837349722,0.028262540526548762,0.7738196298913619,not_applicable,0.0,False,1445.5057151061064,-0.07141616090330385,0.4310270996332512,20.493596733593073,18.72324081187121,18.992480051473486,0.35,0.0,True,True,78400.87890625,5798.257549279098,19.65057948379968,9.45041075767056e-06,158.8604154151604,1.0723277043759831,1.0812466313241433,0.9873133160902805,0.966772287404146,0.4038597981810853,1.0,0.004263687269015818,0.00123702779198544,0.004575311190917361,-0.007738486820527819,0.024954649928887067,-0.02634981112409618,1735.942860410549,False
12,stress,10067,gain_scheduled_lqr,30.5,0.12062619832857004,0.026806128652472914,0.843221326785341,0.11676963671741727,0.0280484223531874,0.8408344096048872,0.18180930641289436,-0.0015042675781250028,0.05525843872070313,0.11180930641289435,0.25180930641289434,-0.08,0.08,-0.061183108084324325,0.028310396230597917,0.7879628880646379,not_applicable,0.0,False,1440.8857956982702,-0.07156061163666394,0.43225685598409136,20.664663936691223,20.265346631047308,19.8962814112165,0.35,0.0,True,True,78288.76580810547,5786.909439021749,19.61212018103368,9.618971369732808e-06,161.06159976444698,1.0723277043759831,1.0812466313241433,0.9873133160902805,0.966772287404146,0.4038597981810853,1.0,0.004263687269015818,0.00123702779198544,0.004575311190917361,-0.007738486820527819,0.024954649928887067,-0.02634981112409618,1735.942860410549,False
12,stress,10067,gain_scheduled_lqr,31.0,0.12076021113688855,0.026834944180852745,0.8566315951758957,0.12350903062947101,0.027262895488037214,0.8605535490235855,0.1834405006858711,-0.001523024902343753,0.054501591796875,0.11344050068587108,0.2534405006858711,-0.08,0.08,-0.06268028954898254,0.0283579690831965,0.8021300033790207,not_applicable,0.0,False,1436.1360416673372,-0.07170610711537675,0.43350214855061187,20.322741677189388,20.493596733593073,20.320406303190673,0.35,0.0,True,True,78175.23876953125,5775.452148599784,19.573290861329905,9.792721668914945e-06,163.32226540081334,1.0723277043759831,1.0812466313241433,0.9873133160902805,0.966772287404146,0.4038597981810853,1.0,0.004263687269015818,0.00123702779198544,0.004575311190917361,-0.007738486820527819,0.024954649928887067,-0.02634981112409618,1735.942860410549,False
12,stress,10067,gain_scheduled_lqr,31.5,0.12089388509080179,0.02686366469032571,0.8700562475778959,0.12346804287617827,0.026543922523057407,0.8712614787076608,0.185078125,-0.0015415917968750054,0.053735413818359376,0.115078125,0.25507812500000004,-0.08,0.08,-0.06418423990919822,0.028405256487200714,0.8163208337595366,not_applicable,0.0,False,1431.253220906457,-0.07185263616460134,0.43476286795009866,19.976810850612974,20.664663936691223,20.564847097106313,0.35,0.0,True,True,78060.3120727539,5763.887337709867,19.534097149481823,9.971811128616037e-06,165.64373526760252,1.0723277043759831,1.0812466313241433,0.9873133160902805,0.966772287404146,0.4038597981810853,1.0,0.004263687269015818,0.00123702779198544,0.004575311190917361,-0.007738486820527819,0.024954649928887067,-0.02634981112409618,1735.942860410549,False
12,stress,10067,gain_scheduled_lqr,32.0,0.12102720985603548,0.026892287519105277,0.8834952358164792,0.11595300915506614,0.02788236208710719,0.8782855701409144,0.186721536351166,-0.0015599682617187527,0.05295999999999999,0.116721536351166,0.256721536351166,-0.08,0.08,-0.06569432649513053,0.02845225578082403,0.8305352358164791,not_applicable,0.0,False,1426.2340067890054,-0.07200018756896057,0.4360389051767378,20.791687423570544,20.322741677189388,20.392939678659257,0.35,0.0,True,True,77944.0,5752.216651982374,19.494544622611564,1.0156394303737018e-05,168.02736913711908,1.0723277043759831,1.0812466313241433,0.9873133160902805,0.966772287404146,0.4038597981810853,1.0,0.004263687269015818,0.00123702779198544,0.004575311190917361,-0.007738486820527819,0.024954649928887067,-0.02634981112409618,1735.942860410549,False
12,stress,10067,gain_scheduled_lqr,32.5,0.12116017489844824,0.02692080993887224,0.8969485103692565,0.1206170910762564,0.028394216172401218,0.8986489707105321,0.18837009173525376,-0.0015781542968749881,0.05217544555664062,0.11837009173525376,0.25837009173525377,-0.08,0.08,-0.06720991683680552,0.02849896423574723,0.8447730648126158,not_applicable,0.0,False,1421.074975953374,-0.07214875006509965,0.43733015155941524,21.19539149659982,19.976810850612974,20.09746660500654,0.35,0.0,True,True,77826.3168334961,5740.441723396339,19.45463881157619,1.0346630986743033e-05,170.47456436196836,1.0723277043759831,1.0812466313241433,0.9873133160902805,0.966772287404146,0.4038597981810853,1.0,0.004263687269015818,0.00123702779198544,0.004575311190917361,-0.007738486820527819,0.024954649928887067,-0.02634981112409618,1735.942860410549,False
12,stress,10067,gain_scheduled_lqr,33.0,0.12129276947288264,0.02694922915284049,0.9104160203325625,0.11857995202421555,0.0273734570108828,0.9094622711134269,0.19002314814814816,-0.0015961499023437464,0.051381845703125005,0.12002314814814816,0.2600231481481482,-0.08,0.08,-0.06873037867526552,0.028545379055184235,0.8590341746294375,not_applicable,0.0,False,1415.7726060388654,-0.07229831233446096,0.4386364987208295,20.677328094458133,20.791687423570544,20.590399430684258,0.35,0.0,True,True,77707.27685546875,5728.564170675286,19.414385202309198,1.0542686368798165e-05,172.98675664151847,1.0723277043759831,1.0812466313241433,0.9873133160902805,0.966772287404146,0.4038597981810853,1.0,0.004263687269015818,0.00123702779198544,0.004575311190917361,-0.007738486820527819,0.024954649928887067,-0.02634981112409618,1735.942860410549,False
12,stress,10067,gain_scheduled_lqr,33.5,0.1214249826122508,0.026977542293777537,0.9238977133867272,0.11875782267315087,0.02858661815710569,0.927692772482797,0.1916800625857339,-0.0016139550781249998,0.05057929565429688,0.12168006258573388,0.2616800625857339,-0.08,0.08,-0.07025507997348308,0.028591497371902537,0.8733184177324304,not_applicable,0.0,False,1410.3232733726736,-0.07244886299625124,0.43995783853785236,21.472685025301345,21.19539149659982,21.019975209153746,0.35,0.0,True,True,77586.89434814453,5716.5855996651535,19.373789237101303,1.0744731206097645e-05,175.5654208034315,1.0723277043759831,1.0812466313241433,0.9873133160902805,0.966772287404146,0.4038597981810853,1.0,0.004263687269015818,0.00123702779198544,0.004575311190917361,-0.007738486820527819,0.024954649928887067,-0.02634981112409618,1735.942860410549,False
12,stress,10067,gain_scheduled_lqr,34.0,0.12155680311680853,0.02700574642197884,0.9373935357603461,0.1277563453867556,0.027143450105040257,0.9349178692306166,0.19334019204389574,-0.001631569824218762,0.049767890625000005,0.12334019204389574,0.26334019204389575,-0.08,0.08,-0.07178338892708722,0.028637316246197603,0.8876256451353461,not_applicable,0.0,False,1404.7232506080186,-0.07260039060057953,0.4412940631030815,20.69417612856895,20.677328094458133,20.77667796720903,0.35,0.0,True,True,77465.18359375,5704.507603695355,19.33285631582411,1.095294199152437e-05,178.21207160017767,1.0723277043759831,1.0812466313241433,0.9873133160902805,0.966772287404146,0.4038597981810853,1.0,0.004263687269015818,0.00123702779198544,0.004575311190917361,-0.007738486820527819,0.024954649928887067,-0.02634981112409618,1735.942860410549,True
12,stress,10067,gain_scheduled_lqr,34.5,0.12168821954357624,0.027033838523194895,0.9509034321935261,0.11547572604925306,0.02754068663028432,0.9471252174762919,0.19500289351851852,-0.0016489941406250055,0.048947725830078115,0.1250028935185185,0.2650028935185185,-0.08,0.08,-0.07331467397494228,0.0286828326638199,0.901955706363448,not_applicable,0.0,False,1398.9687043135332,-0.07275288362174663,0.4426450646875293,20.995424462074542,21.472685025301345,21.270879115694825,0.35,0.0,True,True,77342.15887451172,5692.331763924001,19.291591797100075,1.1167501131759153e-05,180.92826452043337,1.0723277043759831,1.0812466313241433,0.9873133160902805,0.966772287404146,0.4038597981810853,1.0,0.004263687269015818,0.00123702779198544,0.004575311190917361,-0.007738486820527819,0.024954649928887067,-0.02634981112409618,1735.942860410549,True
12,stress,10067,gain_scheduled_lqr,35.0,0.12181922019586877,0.027061815506510153,0.9644273459000827,0.12579317333397325,0.02779242101362156,0.9671360407328486,0.19666752400548698,-0.0016662280273437372,0.048118896484375,0.12666752400548698,0.266667524005487,-0.08,0.08,-0.07484830380961821,0.02872804353385389,0.9163084494157078,not_applicable,0.0,False,1393.0556925140615,-0.07290633045166774,0.44401073570439814,21.247497636602173,20.69417612856895,20.861390051957496,0.35,0.0,True,True,77217.83447265625,5680.059649668205,19.25000099942194,1.1388597129976631e-05,183.7155966152477,1.0723277043759831,1.0812466313241433,0.9873133160902805,0.966772287404146,0.4038597981810853,1.0,0.004263687269015818,0.00123702779198544,0.004575311190917361,-0.007738486820527819,0.024954649928887067,-0.02634981112409618,1735.942860410549,True
12,stress,10067,gain_scheduled_lqr,35.5,0.12194979311289963,0.027089674202172846,0.9779652185286641,0.12439101517866277,0.025558776505912727,0.9787405620689396,0.19833344050068585,-0.0016832714843749985,0.04728149780273438,0.12833344050068585,0.26833344050068586,-0.08,0.08,-0.07638364738778622,0.028772945686547844,0.9306837207259298,not_applicable,0.0,False,1386.9801621830945,-0.0730607193934126,0.44539096867389644,20.038669454719894,20.995424462074542,20.95656144231382,0.35,0.0,True,True,77092.22467041016,5667.692818720325,19.20808920222448,1.1616424774260486e-05,186.5757073388328,1.0723277043759831,1.0812466313241433,0.9873133160902805,0.966772287404146,0.4038597981810853,1.0,0.004263687269015818,0.00123702779198544,0.004575311190917361,-0.007738486820527819,0.024954649928887067,-0.02634981112409618,1735.942860410549,True
12,stress,10067,gain_scheduled_lqr,36.0,0.12207992605942859,0.027117411359374642,0.9915169901227783,0.12364023035312881,0.026631019873533522,0.9868735682766355,0.2,-0.001700124511718755,0.046435625,0.13,0.27,-0.08,0.08,-0.07792007394057142,0.028817535871093397,0.9450813651227783,not_applicable,0.0,False,1380.7379466871193,-0.07321603865484821,0.44678565618904953,20.70505203765876,21.247497636602173,21.163141245897247,0.35,0.0,True,True,76965.34375,5655.232817650954,19.165861646911356,1.185118533187443e-05,189.5102794038241,1.0723277043759831,1.0812466313241433,0.9873133160902805,0.966772287404146,0.4038597981810853,1.0,0.004263687269015818,0.00123702779198544,0.004575311190917361,-0.007738486820527819,0.024954649928887067,-0.02634981112409618,1735.942860410549,True
12,stress,10067,gain_scheduled_lqr,36.5,0.12220960651542392,0.027145023643979287,1.0050825990796963,0.12792027339992806,0.026481559450386744,1.0001239025737705,0.2016665594993141,-0.0017167871093750064,0.04558137329101562,0.1316665594993141,0.2716665594993141,-0.08,0.08,-0.07945695298389019,0.028861810753354294,0.9595012257886807,not_applicable,0.0,False,1374.3247631822442,-0.07337227634237038,0.4481946908824673,20.695915026214184,20.038669454719894,20.364707890691214,0.35,0.0,True,True,76837.20599365234,5642.681182099389,19.123323537839543,1.2093086749526829e-05,192.52103965082333,1.0723277043759831,1.0812466313241433,0.9873133160902805,0.966772287404146,0.4038597981810853,1.0,0.004263687269015818,0.00123702779198544,0.004575311190917361,-0.007738486820527819,0.024954649928887067,-0.02634981112409618,1735.942860410549,True
12,stress,10067,gain_scheduled_lqr,37.0,0.12233882166571364,0.027172507636199206,1.0186619821082086,0.11639607787376004,0.02811649268189999,1.0208030031399393,0.20333247599451304,-0.001733259277343746,0.044718837890624995,0.13333247599451303,0.27333247599451305,-0.08,0.08,-0.0809936543287994,0.028905766913542952,0.9739431442175835,not_applicable,0.0,False,1367.736209963529,-0.07352942045471267,0.44961796539402865,21.745403792952988,20.70505203765876,20.606369905977086,0.35,0.0,True,True,76707.82568359375,5630.039437052273,19.080480043263627,1.2342343859768868e-05,195.60975993201743,1.0723277043759831,1.0812466313241433,0.9873133160902805,0.966772287404146,0.4038597981810853,1.0,0.004263687269015818,0.00123702779198544,0.004575311190917361,-0.007738486820527819,0.024954649928887067,-0.02634981112409618,1735.942860410549,True
12,stress,10067,gain_scheduled_lqr,37.5,0.12246755838960172,0.02719985982821915,1.0322550741852035,0.11975696321879814,0.02566468933928652,1.0307503343859719,0.2049971064814815,-0.0017495410156249946,0.04384811401367188,0.1349971064814815,0.2749971064814815,-0.08,0.08,-0.08252954809187979,0.028949400843844144,0.9884069601715316,not_applicable,0.0,False,1360.9677637675186,-0.07368745887682047,0.45105537233944787,20.402915179704042,20.695915026214184,20.669951590599318,0.35,0.0,True,True,76577.21710205078,5617.309097111061,19.037336296242305,1.2599178593668563e-05,198.77825800864957,1.0723277043759831,1.0812466313241433,0.9873133160902805,0.966772287404146,0.4038597981810853,1.0,0.004263687269015818,0.00123702779198544,0.004575311190917361,-0.007738486820527819,0.024954649928887067,-0.02634981112409618,1735.942860410549,True
12,stress,10067,gain_scheduled_lqr,38.0,0.1225958032504279,0.02722707662176595,1.045861808511047,0.11819896847467988,0.02731899780095027,1.0520411860010213,0.20665980795610428,-0.0017656323242187522,0.042969296875,0.13665980795610427,0.2766598079561043,-0.08,0.08,-0.08406400470567638,0.028992708945984703,1.002892511636047,not_applicable,0.0,False,1354.0147770285914,-0.07384637937378097,0.45250680427969014,21.464932729096347,21.745403792952988,21.43357849260448,0.35,0.0,True,True,76445.39453125,5604.4916667489015,18.99389739550893,1.2863820199903335e-05,202.0283984620742,1.0723277043759831,1.0812466313241433,0.9873133160902805,0.966772287404146,0.4038597981810853,1.0,0.004263687269015818,0.00123702779198544,0.004575311190917361,-0.007738486820527819,0.024954649928887067,-0.02634981112409618,1735.942860410549,True
12,stress,10067,gain_scheduled_lqr,38.5,0.12272354248505109,0.027254154325623482,1.059482116463732,0.1163392694914487,0.027434412947281765,1.0561889568785792,0.20831993741426613,-0.0017815332031249978,0.042082481689453125,0.13831993741426613,0.27831993741426614,-0.08,0.08,-0.08559639492921504,0.02903568752874848,1.0173996347742789,not_applicable,0.0,False,1346.8724750897834,-0.07400616958479883,0.4539721536912043,21.564544594295665,20.402915179704042,20.701754027585892,0.35,0.0,True,True,76312.37225341797,5591.588640557487,18.950168406308123,1.3136505470417016e-05,205.36209361812655,1.0723277043759831,1.0812466313241433,0.9873133160902805,0.966772287404146,0.4038597981810853,1.0,0.004263687269015818,0.00123702779198544,0.004575311190917361,-0.007738486820527819,0.024954649928887067,-0.02634981112409618,1735.942860410549,True
12,stress,10067,gain_scheduled_lqr,39.0,0.12285076199323812,0.027281089153091877,1.0731159275517719,0.11744336815359374,0.02761181837305575,1.0692394585065865,0.20997685185185183,-0.0017972436523437524,0.041187763671875,0.13997685185185182,0.27997685185185184,-0.08,0.08,-0.08712608985861371,0.02907833280543563,1.031928163879897,not_applicable,0.0,False,1339.5359533688834,-0.07416681701720956,0.4554513129369436,21.74158728610282,21.464932729096347,21.24365053050374,0.35,0.0,True,True,76178.16455078125,5578.601503484431,18.90615436120024,1.3417478972786872e-05,208.7813044844843,1.0723277043759831,1.0812466313241433,0.9873133160902805,0.966772287404146,0.4038597981810853,1.0,0.004263687269015818,0.00123702779198544,0.004575311190917361,-0.007738486820527819,0.024954649928887067,-0.02634981112409618,1735.942860410549,True
12,stress,10067,gain_scheduled_lqr,39.5,0.12297744732694123,0.027307877219390157,1.0867631693658084,0.12102440694849086,0.028029539188890982,1.089104382700149,0.21162990826474626,-0.001812763671875002,0.04028523803710937,0.14162990826474625,0.28162990826474626,-0.08,0.08,-0.08865246093780503,0.02912064089126516,1.046477931328699,not_applicable,0.0,False,1332.0001744806711,-0.07432830904052225,0.4569441742381477,22.088226973904362,21.564544594295665,21.471501976871124,0.35,0.0,True,True,76042.7857055664,5565.531731061606,18.861860260835236,1.3706993289448714e-05,212.28804170068582,1.0723277043759831,1.0812466313241433,0.9873133160902805,0.966772287404146,0.4038597981810853,1.0,0.004263687269015818,0.00123702779198544,0.004575311190917361,-0.007738486820527819,0.024954649928887067,-0.02634981112409618,1735.942860410549,True
12,stress,10067,gain_scheduled_lqr,40.0,0.1231035836794488,0.027334514539001365,1.1004237675289081,0.12268818194906227,0.026707918855135817,1.0943637495399148,0.21327846364883404,-0.0018280932617187468,0.039375,0.14327846364883404,0.283278463648834,-0.08,0.08,-0.09017487996938524,0.029162607800720112,1.0610487675289082,not_applicable,0.0,False,1324.2599653162804,-0.0744906328804846,0.45845062964685884,21.370054087413365,21.74158728610282,21.663276569469783,0.35,0.0,True,True,75906.25,5552.380789624953,18.817291074697604,1.400530926392855e-05,215.8843665004346,1.0723277043759831,1.0812466313241433,0.9873133160902805,0.966772287404146,0.4038597981810853,1.0,0.004263687269015818,0.00123702779198544,0.004575311190917361,-0.007738486820527819,0.024954649928887067,-0.02634981112409618,1735.942860410549,True
12,stress,10067,gain_scheduled_lqr,40.5,0.12322915587439509,0.027360997022959382,1.1140976456455158,0.11572919925480389,0.02720786526851777,1.112281506279148,0.214921875,-0.0018432324218749935,0.038457144775390625,0.144921875,0.284921875,-0.08,0.08,-0.09169271912560492,0.029204229444834376,1.0756405008701253,not_applicable,0.0,False,1316.310014080797,-0.07465377561316373,0.4599705710191495,21.75573586760945,22.088226973904362,21.965013420381453,0.35,0.0,True,True,75768.5717163086,5539.150136526166,18.77245174182378,1.4312696254229951e-05,219.57239168578025,1.0723277043759831,1.0812466313241433,0.9873133160902805,0.966772287404146,0.4038597981810853,1.0,0.004263687269015818,0.00123702779198544,0.004575311190917361,-0.007738486820527819,0.024954649928887067,-0.02634981112409618,1735.942860410549,True
12,stress,10067,gain_scheduled_lqr,41.0,0.12335414835461583,0.02738732047607656,1.1277847252490365,0.1237844917612022,0.02774483440244227,1.1336479841882898,0.21655949931412896,-0.001858181152343763,0.03753176757812501,0.14655949931412895,0.28655949931412894,-0.08,0.08,-0.09320535095951313,0.029245501628420323,1.0902529576709115,not_applicable,0.0,False,1308.1448672902936,-0.07481772415903595,0.46150388998903746,22.17695585639366,21.370054087413365,21.54256140321215,0.35,0.0,True,True,75629.76513671875,5525.841220336646,18.727347171493353,1.4629432393527716e-05,223.35428261274848,1.0723277043759831,1.0812466313241433,0.9873133160902805,0.966772287404146,0.4038597981810853,1.0,0.004263687269015818,0.00123702779198544,0.004575311190917361,-0.007738486820527819,0.024954649928887067,-0.02634981112409618,1735.942860410549,True
12,stress,10067,gain_scheduled_lqr,41.5,0.12347854517083764,0.027413480594111393,1.1414849257480166,0.11550306720457168,0.026007567074602857,1.135909142874709,0.21819069358710566,-0.0018729394531250138,0.03659896362304686,0.14819069358710565,0.2881906935871057,-0.08,0.08,-0.09471214841626802,0.029286420047236406,1.1048859621249698,not_applicable,0.0,False,1299.7589267296626,-0.0749824652770806,0.4630504779430665,21.207736702813918,21.75573586760945,21.69392634112204,0.35,0.0,True,True,75489.84454345703,5512.455481044132,18.68198224389546,1.4955804858317573e-05,227.23225818793725,1.0723277043759831,1.0812466313241433,0.9873133160902805,0.966772287404146,0.4038597981810853,1.0,0.004263687269015818,0.00123702779198544,0.004575311190917361,-0.007738486820527819,0.024954649928887067,-0.02634981112409618,1735.942860410549,True
12,stress,10067,gain_scheduled_lqr,42.0,0.12360232997018988,0.027439472960875427,1.1551981643708935,0.12202756586517448,0.025729425106732946,1.1528066480849388,0.21981481481481485,-0.0018875073242187387,0.03565882812499999,0.14981481481481485,0.28981481481481486,-0.08,0.08,-0.09621248484462497,0.029326980285094166,1.1195393362458934,not_applicable,0.0,False,1291.1464463727064,-0.07514798555887227,0.46461022599553314,21.141241085609064,22.17695585639366,22.03690237624166,0.35,0.0,True,True,75348.82421875,5498.99435024233,18.63636181077146,1.5292110144173064e-05,231.20859187557934,1.0723277043759831,1.0812466313241433,0.9873133160902805,0.966772287404146,0.4038597981810853,1.0,0.004263687269015818,0.00123702779198544,0.004575311190917361,-0.007738486820527819,0.024954649928887067,-0.02634981112409618,1735.942860410549,True
12,stress,10067,gain_scheduled_lqr,42.5,0.12372548598452847,0.027465293045278692,1.1689243561092835,0.13069457189623143,0.027126986590424475,1.1680169493072285,0.2214312199931413,-0.0019018847656249865,0.034711456298828124,0.1514312199931413,0.2914312199931413,-0.08,0.08,-0.09770573400861284,0.02936717781090368,1.1342128998104553,not_applicable,0.0,False,1282.3015292661107,-0.0753142714226663,0.46618302496434094,22.025322739605826,21.207736702813918,21.448151697166452,0.35,0.0,True,True,75206.71844482422,5485.459251313897,18.590490696035044,1.563865434925967e-05,235.28561271451878,1.0723277043759831,1.0812466313241433,0.9873133160902805,0.966772287404146,0.4038597981810853,1.0,0.004263687269015818,0.00123702779198544,0.004575311190917361,-0.007738486820527819,0.024954649928887067,-0.02634981112409618,1735.942860410549,True
12,stress,10067,gain_scheduled_lqr,43.0,0.12384799601856207,0.027490936198312877,1.1826634136597765,0.12036972993763712,0.027339549215062882,1.1731577325982072,0.22303926611796981,-0.0019160717773437363,0.033756943359375007,0.1530392661179698,0.2930392661179698,-0.08,0.08,-0.09919127009940774,0.029407007975656613,1.1489064703004015,not_applicable,0.0,False,1273.2181243790506,-0.07548130910747379,0.46776876534746137,22.185730091021895,21.141241085609064,21.230229227917555,0.35,0.0,True,True,75063.54150390625,5471.851599607084,18.544373696370922,1.5995753465756738e-05,239.46570634452195,1.0723277043759831,1.0812466313241433,0.9873133160902805,0.966772287404146,0.4038597981810853,1.0,0.004263687269015818,0.00123702779198544,0.004575311190917361,-0.007738486820527819,0.024954649928887067,-0.02634981112409618,1735.942860410549,True
12,stress,10067,gain_scheduled_lqr,43.5,0.12396984243777158,0.02751639764997164,1.196415247364207,0.12654430411934975,0.028473139945402896,1.1865183928394691,0.2246383101851852,-0.001930068359375016,0.03279538452148439,0.1546383101851852,0.2946383101851852,-0.08,0.08,-0.10066846774741363,0.029446466009346656,1.1636198628427226,not_applicable,0.0,False,1263.8900234203554,-0.075649084667121,0.469367337299987,22.91011232265631,22.025322739605826,21.79478690310399,0.35,0.0,True,True,74919.30767822266,5458.172802606335,18.49801558181297,1.63637336793359e-05,243.75131604128623,1.0723277043759831,1.0812466313241433,0.9873133160902805,0.966772287404146,0.4038597981810853,1.0,0.004263687269015818,0.00123702779198544,0.004575311190917361,-0.007738486820527819,0.024954649928887067,-0.02634981112409618,1735.942860410549,True
12,stress,10067,gain_scheduled_lqr,44.0,0.12409100715611439,0.027541672506107357,1.2101797651483686,0.12116045738809318,0.027741941368219596,1.2148783051831815,0.22622770919067217,-0.0019438745117187697,0.03182687499999999,0.15622770919067216,0.2962277091906722,-0.08,0.08,-0.10213670203455778,0.029485547017826127,1.1783528901483686,not_applicable,0.0,False,1254.310857625295,-0.07581758396429025,0.47097863061175976,22.640247988417315,22.185730091021895,22.072376864607083,0.35,0.0,True,True,74774.03125,5444.424260097118,18.451421096302866,1.6742931676845102e-05,248.14494375948686,1.0723277043759831,1.0812466313241433,0.9873133160902805,0.966772287404146,0.4038597981810853,1.0,0.004263687269015818,0.00123702779198544,0.004575311190917361,-0.007738486820527819,0.024954649928887067,-0.02634981112409618,1735.942860410549,True
12,stress,10067,gain_scheduled_lqr,44.5,0.12421147162350576,0.027566755745223732,1.223956872459142,0.12377776186321908,0.024544715894581494,1.2250275090857305,0.2278068201303155,-0.001957490234374991,0.030851510009765618,0.1578068201303155,0.2978068201303155,-0.08,0.08,-0.10359534850680974,0.029524245979598723,1.1931053624493764,not_applicable,0.0,False,1244.474094514232,-0.0759867926645379,0.472602534685558,20.87118867729697,22.91011232265631,22.66721253571358,0.35,0.0,True,True,74627.72650146484,5430.607364325257,18.40459495823004,1.713369496234486e-05,252.64915118314173,1.0723277043759831,1.0812466313241433,0.9873133160902805,0.966772287404146,0.4038597981810853,1.0,0.004263687269015818,0.00123702779198544,0.004575311190917361,-0.007738486820527819,0.024954649928887067,-0.02634981112409618,1735.942860410549,True
12,stress,10067,gain_scheduled_lqr,45.0,0.12433121681307001,0.027591642215203698,1.2377464722000022,0.13463966558813895,0.027613785792191946,1.2382256199795447,0.22937500000000002,-0.001970915527343728,0.029869384765625,0.15937500000000002,0.29937500000000006,-0.08,0.08,-0.10504378318693001,0.029562557742547426,1.2078770874343772,not_applicable,0.0,False,1234.3730346255568,-0.0761566962302866,0.47423893851582877,22.701581001083184,22.640247988417315,22.648066307112483,0.35,0.0,True,True,74480.40771484375,5416.723500150996,18.35754186095386,1.7536382181642395e-05,257.2665607825373,1.0723277043759831,1.0812466313241433,0.9873133160902805,0.966772287404146,0.4038597981810853,1.0,0.004263687269015818,0.00123702779198544,0.004575311190917361,-0.007738486820527819,0.024954649928887067,-0.02634981112409618,1735.942860410549,True
12,stress,10067,gain_scheduled_lqr,45.5,0.12445022320815453,0.02761632662997212,1.2515484646648731,0.12505846213276775,0.028216194685320398,1.2549135734762433,0.23093160579561045,-0.0019841503906249877,0.02888059448242189,0.16093160579561044,0.30093160579561046,-0.08,0.08,-0.10648138258745592,0.029600477020597107,1.2226678701824512,not_applicable,0.0,False,1224.0008082255094,-0.07632727991478871,0.47588773066795076,23.139627755476027,20.87118867729697,21.386390933043113,0.35,0.0,True,True,74332.08917236328,5402.774045198055,18.310266473308733,1.795136345546663e-05,261.999856876905,1.0723277043759831,1.0812466313241433,0.9873133160902805,0.966772287404146,0.4038597981810853,1.0,0.004263687269015818,0.00123702779198544,0.004575311190917361,-0.007738486820527819,0.024954649928887067,-0.02634981112409618,1735.942860410549,True
12,stress,10067,gain_scheduled_lqr,46.0,0.12456847078910072,0.02764080356609282,1.2653627474702982,0.12789243723043922,0.027924636694644872,1.2677907771471955,0.23247599451303155,-0.0019971948242187704,0.027885234375000012,0.16247599451303155,0.30247599451303153,-0.08,0.08,-0.10790752372393084,0.02963799839031159,1.2374775130952982,not_applicable,0.0,False,1213.350371997672,-0.07649852875605777,0.4775487992580159,23.046171404359214,22.701581001083184,22.32024416706636,0.35,0.0,True,True,74182.78515625,5388.760369997873,18.26277344009299,1.837902072142522e-05,266.85178670199554,1.0723277043759831,1.0812466313241433,0.9873133160902805,0.966772287404146,0.4038597981810853,1.0,0.004263687269015818,0.00123702779198544,0.004575311190917361,-0.007738486820527819,0.024954649928887067,-0.02634981112409618,1735.942860410549,True
12,stress,10067,gain_scheduled_lqr,46.5,0.12468593901976553,0.027665067459299555,1.2791892154858924,0.12652037035617478,0.02627519338603252,1.28307395904363,0.23400752314814816,-0.0020100488281250273,0.02688339965820312,0.16400752314814815,0.30400752314814816,-0.08,0.08,-0.10932158412838262,0.029675116287424582,1.2523058158276892,not_applicable,0.0,False,1202.414505715135,-0.07667042757076567,0.4792220319331153,22.187566065138576,23.139627755476027,22.902049057885097,0.35,0.0,True,True,74032.50994873047,5374.683838129254,18.215067382542145,1.8819748084881216e-05,271.82516148163796,1.0723277043759831,1.0812466313241433,0.9873133160902805,0.966772287404146,0.4038597981810853,1.0,0.004263687269015818,0.00123702779198544,0.004575311190917361,-0.007738486820527819,0.024954649928887067,-0.02634981112409618,1735.942860410549,True
12,stress,10067,gain_scheduled_lqr,47.0,0.12480260683378869,0.027689112600960568,1.293027760763043,0.12480327448404585,0.027287387322285528,1.2955767716078892,0.235525548696845,-0.0020227124023437446,0.025875185546874985,0.165525548696845,0.305525548696845,-0.08,0.08,-0.11072294186305631,0.029711825003304312,1.2671525752161679,not_applicable,0.0,False,1191.1858088985175,-0.07684296094810307,0.48090731585211915,22.838891649838096,23.046171404359214,23.004383406828623,0.35,0.0,True,True,73881.27783203125,5360.54580635363,18.16715289878729,1.9273952178884255e-05,276.92285750233094,1.0723277043759831,1.0812466313241433,0.9873133160902805,0.966772287404146,0.4038597981810853,1.0,0.004263687269015818,0.00123702779198544,0.004575311190917361,-0.007738486820527819,0.024954649928887067,-0.02634981112409618,1735.942860410549,True
12,stress,10067,gain_scheduled_lqr,47.5,0.12491845262060017,0.027712933134476484,1.3068782724618253,0.11954046959636946,0.02818788417434588,1.3117626778465694,0.23702942815500688,-0.0020351855468749847,0.024860687255859375,0.16702942815500688,0.3070294281550069,-0.08,0.08,-0.11211097553440671,0.02974811868135147,1.2820175852059659,not_applicable,0.0,False,1179.6566974632838,-0.07701611324360083,0.48260453766693817,23.444238863702765,22.187566065138576,22.424400684422388,0.35,0.0,True,True,73729.1030883789,5346.3476247460985,18.119034564299216,1.9742052533286476e-05,282.1478171898406,1.0723277043759831,1.0812466313241433,0.9873133160902805,0.966772287404146,0.4038597981810853,1.0,0.004263687269015818,0.00123702779198544,0.004575311190917361,-0.007738486820527819,0.024954649928887067,-0.02634981112409618,1735.942860410549,True
12,stress,10067,gain_scheduled_lqr,48.0,0.12503345421116363,0.027736523051611308,1.320740636776103,0.12358333031923051,0.028635440955391403,1.3148089531022056,0.23851851851851852,-0.0020474682617187406,0.02384,0.1685185185185185,0.3085185185185185,-0.08,0.08,-0.11348506430735489,0.02978399131333005,1.296900636776103,not_applicable,0.0,False,1167.8194003599754,-0.07718986857291033,0.48431358350425724,23.726436003868425,22.838891649838096,22.718710790568267,0.35,0.0,True,True,73576.0,5332.090636822434,18.070716932318835,2.022448195316996e-05,287.503050186743,1.0723277043759831,1.0812466313241433,0.9873133160902805,0.966772287404146,0.4038597981810853,1.0,0.004263687269015818,0.00123702779198544,0.004575311190917361,-0.007738486820527819,0.024954649928887067,-0.02634981112409618,1735.942860410549,True
12,stress,10067,gain_scheduled_lqr,48.5,0.12514758886345154,0.027759876188756406,1.3346147368567736,0.1301642059194862,0.029072671291549227,1.3287128162736916,0.23999217678326476,-0.0020595605468750125,0.022813218994140634,0.16999217678326475,0.30999217678326474,-0.08,0.08,-0.11484458791981322,0.029819436735631418,1.311801517862633,not_applicable,0.0,False,1155.6659562112382,-0.07736421080554104,0.48603433894772885,24.0540401868173,23.444238863702765,23.2338733924886,0.35,0.0,True,True,73421.9828491211,5317.776179662232,18.022204534274533,2.072168690670708e-05,292.99163442978073,1.0723277043759831,1.0812466313241433,0.9873133160902805,0.966772287404146,0.4038597981810853,1.0,0.004263687269015818,0.00123702779198544,0.004575311190917361,-0.007738486820527819,0.024954649928887067,-0.02634981112409618,1735.942860410549,True
12,stress,10067,gain_scheduled_lqr,49.0,0.12526083324764808,0.027782986223127415,1.3485004527331326,0.11878533419262156,0.026159574808216766,1.3441339945815007,0.24144975994513035,-0.0020714624023437656,0.021780439453124988,0.17144975994513034,0.31144975994513036,-0.08,0.08,-0.11618892669748226,0.02985444862547118,1.3267200132800077,not_applicable,0.0,False,1143.135145164139,-0.07754606504263478,0.4878384306542634,22.473854888152665,23.726436003868425,23.58361842081098,0.35,0.0,True,True,73267.06591796875,5303.405584028344,17.973501880186948,2.123412792256927e-05,298.61671722583776,1.0723277043759831,1.0812466313241433,0.9873133160902805,0.966772287404146,0.4038597981810853,1.0,0.004263687269015818,0.00123702779198544,0.004575311190917361,-0.007738486820527819,0.024954649928887067,-0.02634981112409618,1735.942860410549,True
12,stress,10067,gain_scheduled_lqr,49.5,0.12537316317521446,0.027805845607603647,1.3623976609669937,0.12358987406062988,0.02767187593511976,1.3655438650862963,0.24289062500000003,-0.002083173828124986,0.02074175659179687,0.17289062500000002,0.31289062500000003,-0.08,0.08,-0.11751746182478556,0.029889019435728633,1.3416559043751968,not_applicable,0.0,False,1130.2236285980307,-0.07773437683840863,0.4897150181989939,23.452545106509767,24.0540401868173,23.91764229934786,0.35,0.0,True,True,73111.26348876953,5288.980174482759,17.92461345906169,2.1762279996994726e-05,304.38151632529224,1.0723277043759831,1.0812466313241433,0.9873133160902805,0.966772287404146,0.4038597981810853,1.0,0.004263687269015818,0.00123702779198544,0.004575311190917361,-0.007738486820527819,0.024954649928887067,-0.02634981112409618,1735.942860410549,True
12,stress,10067,gain_scheduled_lqr,50.0,0.12548455338772757,0.027828446728365683,1.3763062343299295,0.12694285139926625,0.027843144123909716,1.3767353152683601,0.2443141289437586,-0.002094694824218736,0.019697265625,0.17431412894375858,0.3143141289437586,-0.08,0.08,-0.11882957555603102,0.02992314155258442,1.3566089687049294,not_applicable,0.0,False,1116.9662204408041,-0.0779233230507674,0.4916039796605237,23.615200798089987,22.473854888152665,22.8924782748081,0.35,0.0,True,True,72954.58984375,5274.501269499071,17.875543739270487,2.230663301061777e-05,310.2893209914261,1.0723277043759831,1.0812466313241433,0.9873133160902805,0.966772287404146,0.4038597981810853,1.0,0.004263687269015818,0.00123702779198544,0.004575311190917361,-0.007738486820527819,0.024954649928887067,-0.02634981112409618,1735.942860410549,True
12,stress,10067,gain_scheduled_lqr,50.5,0.12559497782070497,0.027850782667944614,1.3902260419606849,0.13018066378491802,0.02627525172311998,1.3956040452885965,0.2457196287722908,-0.002106025390624995,0.018647061767578132,0.1757196287722908,0.3157196287722908,-0.08,0.08,-0.12012465095158584,0.02995680805856961,1.3715789801931066,not_applicable,0.0,False,1103.3539808038527,-0.07811288568087205,0.49350519329425013,22.81907646425057,23.452545106509767,23.290154804431815,0.35,0.0,True,True,72797.05926513672,5259.970181571663,17.82629716892124,2.2867692155156117e-05,316.3434930645198,1.0723277043759831,1.0812466313241433,0.9873133160902805,0.966772287404146,0.4038597981810853,1.0,0.004263687269015818,0.00123702779198544,0.004575311190917361,-0.007738486820527819,0.024954649928887067,-0.02634981112409618,1735.942860410549,True
12,stress,10067,gain_scheduled_lqr,51.0,0.1257044098063083,0.027872846330141574,1.4041569494945816,0.12406100362783605,0.02800002563557623,1.4068636172849522,0.24710648148148148,-0.00211716552734377,0.017591240234375007,0.17710648148148148,0.31710648148148146,-0.08,0.08,-0.1214020716751732,0.029990011857485344,1.3865657092602066,not_applicable,0.0,False,1089.3777564354139,-0.07830304646051918,0.495418536625849,23.87220296576556,23.615200798089987,23.520954336575738,0.35,0.0,True,True,72638.68603515625,5245.388217321746,17.776878176217384,2.3445978370043435e-05,322.5474680191805,1.0723277043759831,1.0812466313241433,0.9873133160902805,0.966772287404146,0.4038597981810853,1.0,0.004263687269015818,0.00123702779198544,0.004575311190917361,-0.007738486820527819,0.024954649928887067,-0.02634981112409618,1735.942860410549,True
12,stress,10067,gain_scheduled_lqr,51.5,0.1258128220505389,0.027894630435765205,1.418098818973088,0.1284577224859367,0.029237487342312123,1.4183759465223325,0.2484740440672154,-0.0021281152343750123,0.016529896240234362,0.1784740440672154,0.3184740440672154,-0.08,0.08,-0.12266122201667651,0.030022745670140218,1.4015689227328538,not_applicable,0.0,False,1075.0281772724377,-0.0784937868427508,0.4973438864335049,24.646160081048308,22.81907646425057,23.02258460516727,0.35,0.0,True,True,72479.48443603516,5230.756677600381,17.72729116980702,2.4042028789086347e-05,328.9047560133961,1.0723277043759831,1.0812466313241433,0.9873133160902805,0.966772287404146,0.4038597981810853,1.0,0.004263687269015818,0.00123702779198544,0.004575311190917361,-0.007738486820527819,0.024954649928887067,-0.02634981112409618,1735.942860410549,True
12,stress,10067,gain_scheduled_lqr,52.0,0.12592018661077445,0.0279161275183004,1.4320515087512398,0.1270241451177835,0.029387799281639756,1.430898089679367,0.24982167352537724,-0.0021388745117187358,0.015463124999999994,0.17982167352537723,0.31982167352537727,-0.08,0.08,-0.12390148691460279,0.030055002030019137,1.4165883837512399,not_applicable,0.0,False,1060.2956530204183,-0.07868508799267106,0.4992811187306089,24.803464449013042,23.87220296576556,23.625857754053357,0.35,0.0,True,True,72319.46875,5216.076857588573,17.677540539122155,2.4656397197215323e-05,335.4189429277279,1.0723277043759831,1.0812466313241433,0.9873133160902805,0.966772287404146,0.4038597981810853,1.0,0.004263687269015818,0.00123702779198544,0.004575311190917361,-0.007738486820527819,0.024954649928887067,-0.02634981112409618,1735.942860410549,True
12,stress,10067,gain_scheduled_lqr,52.5,0.12602647487357801,0.02793732991950888,1.4460148734028766,0.1301432390874435,0.029503697008029437,1.4507528140507095,0.25114872685185186,-0.002149443359375003,0.014391021728515627,0.18114872685185185,0.32114872685185186,-0.08,0.08,-0.12512225197827384,0.030086773278883882,1.431623851674361,not_applicable,0.0,False,1045.1703697674247,-0.07887693077844288,0.5012301087489158,24.97531959610914,24.646160081048308,24.350325381128417,0.35,0.0,True,True,72158.65325927734,5201.350046894582,17.627630654708497,2.528965449738855e-05,342.09369139299207,1.0723277043759831,1.0812466313241433,0.9873133160902805,0.966772287404146,0.4038597981810853,1.0,0.004263687269015818,0.00123702779198544,0.004575311190917361,-0.007738486820527819,0.024954649928887067,-0.02634981112409618,1735.942860410549,True
12,stress,10067,gain_scheduled_lqr,53.0,0.12613165753271946,0.027958229784962332,1.4599887636236644,0.12191334690433724,0.02741100729974009,1.459206483900792,0.252454561042524,-0.0021598217773437373,0.013313681640624991,0.182454561042524,0.322454561042524,-0.08,0.08,-0.12632290350980455,0.03011805156230607,1.4466750819830394,not_applicable,0.0,False,1029.6422866389198,-0.07906929576243948,0.5031907309221533,23.830337864866735,24.803464449013042,24.672077646667457,0.35,0.0,True,True,71997.05224609375,5186.577529648537,17.577565868546092,2.5942389187696203e-05,348.93274180469365,1.0723277043759831,1.0812466313241433,0.9873133160902805,0.966772287404146,0.4038597981810853,1.0,0.004263687269015818,0.00123702779198544,0.004575311190917361,-0.007738486820527819,0.024954649928887067,-0.02634981112409618,1735.942860410549,True
12,stress,10067,gain_scheduled_lqr,53.5,0.1262357045673551,0.027978819059508938,1.4739730261318662,0.12394239101116732,0.02799410905013212,1.479118472830661,0.25373853309327843,-0.0021700097656250084,0.01223119995117189,0.18373853309327842,0.32373853309327844,-0.08,0.08,-0.12750282852592332,0.030148828825133946,1.4617418261806943,not_applicable,0.0,False,1013.701132500237,-0.0792621631925299,0.5051628588700733,24.26981117081126,24.97531959610914,24.88739517533435,0.35,0.0,True,True,71834.67999267578,5171.76058459446,17.527350514361206,2.661520784870139e-05,355.93991332241944,1.0723277043759831,1.0812466313241433,0.9873133160902805,0.966772287404146,0.4038597981810853,1.0,0.004263687269015818,0.00123702779198544,0.004575311190917361,-0.007738486820527819,0.024954649928887067,-0.02634981112409618,1735.942860410549,True
12,stress,10067,gain_scheduled_lqr,54.0,0.12633858522031813,0.02799908948267422,1.48796750356683,0.12288096069185077,0.027510423300116285,1.490310415966538,0.255,-0.0021800073242187745,0.011143671874999983,0.185,0.325,-0.08,0.08,-0.12866141477968188,0.030179096806892996,1.47682383169183,not_applicable,0.0,False,997.3364027139751,-0.07945551299347833,0.507146365382941,24.057551421488636,23.830337864866735,24.13682960164571,0.35,0.0,True,True,71671.55078125,5156.900485179787,17.47698890792972,2.7308735641039993e-05,363.1191048523034,1.0723277043759831,1.0812466313241433,0.9873133160902805,0.966772287404146,0.4038597981810853,1.0,0.004263687269015818,0.00123702779198544,0.004575311190917361,-0.007738486820527819,0.024954649928887067,-0.02634981112409618,1735.942860410549,True
12,stress,10067,gain_scheduled_lqr,54.5,0.12644026797647695,0.02801903258399738,1.5019720343851612,0.12257215195067288,0.027279783922994367,1.507203489256824,0.2562383187585734,-0.0021898144531249802,0.010051192626953115,0.18623831875857338,0.3262383187585734,-0.08,0.08,-0.12979805078209644,0.03020884703712236,1.4919208417582082,not_applicable,0.0,False,980.5373559598871,-0.07964932475844116,0.5091411224064528,24.01708392938677,24.26981117081126,24.23125342026213,0.35,0.0,True,True,71507.67889404297,5141.998499642501,17.426485347372413,2.802361681328831e-05,370.4742960106105,1.0723277043759831,1.0812466313241433,0.9873133160902805,0.966772287404146,0.4038597981810853,1.0,0.004263687269015818,0.00123702779198544,0.004575311190917361,-0.007738486820527819,0.024954649928887067,-0.02634981112409618,1735.942860410549,True
12,stress,10067,gain_scheduled_lqr,55.0,0.1265407205411246,0.02803863967830432,1.515986452754547,0.13122044753405604,0.028344863514593054,1.515302733456844,0.2574528463648834,-0.0021994311523437365,0.008953857421875003,0.1874528463648834,0.3274528463648834,-0.08,0.08,-0.1309121258237588,0.030238070830648056,1.507032595332672,not_applicable,0.0,False,963.2930111252209,-0.07984357774054582,0.5111470010270767,24.674944674029213,24.057551421488636,24.107915982386963,0.35,0.0,True,True,71343.07861328125,5127.055891095932,17.375844113442373,2.8760515220091856e-05,378.0095480663991,1.0723277043759831,1.0812466313241433,0.9873133160902805,0.966772287404146,0.4038597981810853,1.0,0.004263687269015818,0.00123702779198544,0.004575311190917361,-0.007738486820527819,0.024954649928887067,-0.02634981112409618,1735.942860410549,True
12,stress,10067,gain_scheduled_lqr,55.5,0.12663990981836626,0.028057901860918846,1.5300105884452018,0.12630733585804468,0.02554903998437838,1.5256630479102617,0.25864293981481484,-0.002208857421874988,0.007851761474609378,0.18864293981481484,0.32864293981481485,-0.08,0.08,-0.13200302999644858,0.030266759282793834,1.5221588269705923,not_applicable,0.0,False,945.5921442738146,-0.08003825084453875,0.5131638714578081,23.135769494413935,24.01708392938677,24.043420508684363,0.35,0.0,True,True,71177.7642211914,5112.073917611333,17.325069469804838,2.952011485053361e-05,385.7290048611519,1.0723277043759831,1.0812466313241433,0.9873133160902805,0.966772287404146,0.4038597981810853,1.0,0.004263687269015818,0.00123702779198544,0.004575311190917361,-0.007738486820527819,0.024954649928887067,-0.02634981112409618,1735.942860410549,True
12,stress,10067,gain_scheduled_lqr,56.0,0.12673780188947575,0.0280768100028136,1.5440442667189034,0.128566117920147,0.02717243752923011,1.5442365536131382,0.2598079561042524,-0.002218093261718762,0.006745000000000015,0.18980795610425238,0.3298079561042524,-0.08,0.08,-0.13307015421477664,0.030294903264532363,1.5372992667189034,not_applicable,0.0,False,927.42328570267,-0.08023332261849024,0.5151916030243355,24.16373412277153,24.674944674029213,24.49183545531636,0.35,0.0,True,True,71011.75,5097.053832298304,17.27416566330976,3.0303120366701294e-05,393.63689370316666,1.0723277043759831,1.0812466313241433,0.9873133160902805,0.966772287404146,0.4038597981810853,1.0,0.004263687269015818,0.00123702779198544,0.004575311190917361,-0.007738486820527819,0.024954649928887067,-0.02634981112409618,1735.942860410549,True
12,stress,10067,gain_scheduled_lqr,56.5,0.12683436199119688,0.028095354745702482,1.55808730821559,0.13038744318536655,0.028578439923680803,1.5594844451015253,0.260947252229081,-0.0022271386718750175,0.005633668212890616,0.190947252229081,0.330947252229081,-0.08,0.08,-0.1341128902378841,0.0303224934175775,1.5524536400026994,not_applicable,0.0,False,908.7747170950697,-0.08042877124554679,0.5172300641516114,25.05140759649362,23.135769494413935,23.52895821505196,0.35,0.0,True,True,70845.0502319336,5081.996883383135,17.223136924257314,3.1110257652396494e-05,401.737526234431,1.0723277043759831,1.0812466313241433,0.9873133160902805,0.966772287404146,0.4038597981810853,1.0,0.004263687269015818,0.00123702779198544,0.004575311190917361,-0.007738486820527819,0.024954649928887067,-0.02634981112409618,1735.942860410549,True
12,stress,10067,gain_scheduled_lqr,57.0,0.1269295544939674,0.028113526497076533,1.572139528837489,0.1326569408462684,0.02817423790133951,1.5628280902823966,0.2620601851851852,-0.00223599365234374,0.004517861328124997,0.1920601851851852,0.3320601851851852,-0.08,0.08,-0.1351306306912178,0.030349520149420273,1.5676216675093642,not_applicable,0.0,False,889.6344687797487,-0.08062457453572146,0.5192791223508177,24.84625187636691,24.16373412277153,23.979682067603058,0.35,0.0,True,True,70677.67919921875,5066.904314285146,17.171987466656617,3.1942274371907776e-05,410.03529926760825,1.0723277043759831,1.0812466313241433,0.9873133160902805,0.966772287404146,0.4038597981810853,1.0,0.004263687269015818,0.00123702779198544,0.004575311190917361,-0.007738486820527819,0.024954649928887067,-0.02634981112409618,1735.942860410549,True
12,stress,10067,gain_scheduled_lqr,57.5,0.1270233428800479,0.028131315425185415,1.5862007396307505,0.12339552190197779,0.02906918288807909,1.5778603998458076,0.26314611196844995,-0.0022446582031249857,0.003397674560546876,0.19314611196844994,0.33314611196844995,-0.08,0.08,-0.13612276908840204,0.0303759736283104,1.5828030650702036,not_applicable,0.0,False,869.9903171059773,-0.0808207099177152,0.5213386442067272,25.441727932075892,25.05140759649362,24.74066283795756,0.35,0.0,True,True,70509.65118408203,5051.777363691093,17.120721488477898,3.279994053875083e-05,418.53469559069543,1.0723277043759831,1.0812466313241433,0.9873133160902805,0.966772287404146,0.4038597981810853,1.0,0.004263687269015818,0.00123702779198544,0.004575311190917361,-0.007738486820527819,0.024954649928887067,-0.02634981112409618,1735.942860410549,True
12,stress,10067,gain_scheduled_lqr,58.0,0.12711568972154016,0.02814871145396681,1.6002707466645574,0.136941821239679,0.028789954506175164,1.5963246233580273,0.26420438957475995,-0.00225313232421874,0.0022732031250000118,0.19420438957475994,0.33420438957475995,-0.08,0.08,-0.13708869985321978,0.03040184377818555,1.5979975435395573,not_applicable,0.0,False,849.8297819449143,-0.08101715443076267,0.5234084953654483,25.378451936745254,24.84625187636691,24.815636537495088,0.35,0.0,True,True,70340.98046875,5036.617265627709,17.06934317189833,3.368404909425398e-05,427.24028473679397,1.0723277043759831,1.0812466313241433,0.9873133160902805,0.966772287404146,0.4038597981810853,1.0,0.004263687269015818,0.00123702779198544,0.004575311190917361,-0.007738486820527819,0.024954649928887067,-0.02634981112409618,1735.942860410549,True
12,stress,10067,gain_scheduled_lqr,58.5,0.12720655665828234,0.028165704257926284,1.6143493509076894,0.12938919451629938,0.028158572687453212,1.6150869671395667,0.265234375,-0.0022614160156250174,0.001144542236328136,0.19523437500000002,0.33523437500000003,-0.08,0.08,-0.13802781834171768,0.0304271202735513,1.6132048086713613,not_applicable,0.0,False,829.1401243279189,-0.08121388471649732,0.5254885405225552,25.117795161542755,25.441727932075892,25.26019393481083,0.35,0.0,True,True,70171.68133544922,5021.425249532426,17.01785668354173,3.4595416495847424e-05,436.15672371638584,1.0723277043759831,1.0812466313241433,0.9873133160902805,0.966772287404146,0.4038597981810853,1.0,0.004263687269015818,0.00123702779198544,0.004575311190917361,-0.007738486820527819,0.024954649928887067,-0.02634981112409618,1735.942860410549,True
12,stress,10067,gain_scheduled_lqr,59.0,0.12729590437561122,0.028182283256970395,1.6284363481025141,0.12392603741873813,0.0280322967695084,1.6243895702270392,0.26623542524005483,-0.002269509277343776,1.1787109374994387e-05,0.19623542524005483,0.33623542524005484,-0.08,0.08,-0.1389395208644436,0.03045179253431417,1.6284245609931391,not_applicable,0.0,False,807.9083442330013,-0.08141087701083127,0.5275786434115908,25.100752423107117,25.378451936745254,25.344163256233827,0.35,0.0,True,True,70001.76806640625,5006.2025403223815,16.966266174712413,3.5534883314887254e-05,445.2887577093956,1.0723277043759831,1.0812466313241433,0.9873133160902805,0.966772287404146,0.4038597981810853,1.0,0.004263687269015818,0.00123702779198544,0.004575311190917361,-0.007738486820527819,0.024954649928887067,-0.02634981112409618,1735.942860410549,True
12,stress,10067,gain_scheduled_lqr,59.5,0.12738369258198376,0.028198437611195986,1.6425315286363842,0.1243849877038572,0.027351170794261567,1.6406523776735538,0.2672068972908094,-0.0022774121093750016,-0.0011249670410156398,0.19720689729080937,0.3372068972908094,-0.08,0.08,-0.13982320470882562,0.030475849720570988,1.6436564956773998,not_applicable,0.0,False,786.1211785310273,-0.08160810713584685,0.5296786667929451,24.79845777188278,25.117795161542755,25.183430155791573,0.35,0.0,True,True,69831.25494384766,4990.950358461709,16.914575781623235,3.6503314843820156e-05,454.6412207142268,1.0723277043759831,1.0812466313241433,0.9873133160902805,0.966772287404146,0.4038597981810853,1.0,0.004263687269015818,0.00123702779198544,0.004575311190917361,-0.007738486820527819,0.024954649928887067,-0.02634981112409618,1735.942860410549,True
12,stress,10067,gain_scheduled_lqr,60.0,0.12746987998645282,0.028214156215638928,1.6566346774104184,0.13470669677741015,0.027652221115039597,1.6623876899808554,0.26814814814814814,-0.0022851245117187363,-0.002265625000000007,0.19814814814814813,0.33814814814814814,-0.08,0.08,-0.14067826816169532,0.030499280727357664,1.6589003024104183,not_applicable,0.0,False,763.7650991036702,-0.08180555049169728,0.5317884724430973,25.082910746574484,25.100752423107117,25.124724672891944,0.35,0.0,True,True,69660.15625,4975.6699200272205,16.86278962561822,3.750160171246836e-05,464.21903615090554,1.0723277043759831,1.0812466313241433,0.9873133160902805,0.966772287404146,0.4038597981810853,1.0,0.004263687269015818,0.00123702779198544,0.004575311190917361,-0.007738486820527819,0.024954649928887067,-0.02634981112409618,1735.942860410549,True
12,stress,10067,gain_scheduled_lqr,60.5,0.12755442427599367,0.02822942769498573,1.6707455737056482,0.1296993530050701,0.028165337196973735,1.6718661593309365,0.2690585348079561,-0.00229264648437498,-0.003410091552734376,0.1990585348079561,0.3390585348079561,-0.08,0.08,-0.14150411053196243,0.03052207417936071,1.6741556652583827,not_applicable,0.0,False,740.8263111456749,-0.08200318204851467,0.533907921144225,25.432275997694447,24.79845777188278,24.893058233138337,0.35,0.0,True,True,69488.48626708984,4960.362436772506,16.81091181338977,3.853066051318214e-05,474.0272174153177,1.0723277043759831,1.0812466313241433,0.9873133160902805,0.966772287404146,0.4038597981810853,1.0,0.004263687269015818,0.00123702779198544,0.004575311190917361,-0.007738486820527819,0.024954649928887067,-0.02634981112409618,1735.942860410549,True
12,stress,10067,gain_scheduled_lqr,61.0,0.12763728209268044,0.028244240398251748,1.684863991046512,0.13067137494703324,0.028277858812599824,1.6783922716208008,0.26993741426611795,-0.0022999780273437603,-0.004558271484374987,0.19993741426611794,0.33993741426611795,-0.08,0.08,-0.1423001321734375,0.030544218425595508,1.689422262530887,not_applicable,0.0,False,717.2907516642985,-0.08220097633832438,0.5360368726741661,25.537423030190627,25.082910746574484,25.02786337497156,0.35,0.0,True,True,69316.25927734375,4945.029116190508,16.758946437190744,3.959143443458092e-05,484.07086838150724,1.0723277043759831,1.0812466313241433,0.9873133160902805,0.966772287404146,0.4038597981810853,1.0,0.004263687269015818,0.00123702779198544,0.004575311190917361,-0.007738486820527819,0.024954649928887067,-0.02634981112409618,1735.942860410549,True
12,stress,10067,gain_scheduled_lqr,61.5,0.1277184090107128,0.028258582393429932,1.6989896970616798,0.1309190890662119,0.02980760403030167,1.7067782238172153,0.27078414351851854,-0.002307119140625022,-0.0057100695800781365,0.20078414351851853,0.34078414351851855,-0.08,0.08,-0.14306573450780574,0.030565701534054954,1.7046997666417578,not_applicable,0.0,False,693.1440881894009,-0.08239890744696596,0.5381751857967413,26.55779228721248,25.432275997694447,25.315017334529962,0.35,0.0,True,True,69143.48956298828,4929.67116157462,16.706897575041523,4.0684893903567296e-05,494.3551838488423,1.0723277043759831,1.0812466313241433,0.9873133160902805,0.966772287404146,0.4038597981810853,1.0,0.004263687269015818,0.00123702779198544,0.004575311190917361,-0.007738486820527819,0.024954649928887067,-0.02634981112409618,1735.942860410549,True
12,stress,10067,gain_scheduled_lqr,62.0,0.12779775951329614,0.02827244146211437,1.713122453342198,0.13062191363095532,0.030183704293421404,1.718065887746973,0.27159807956104254,-0.002314069824218737,-0.006865390625000009,0.20159807956104253,0.34159807956104254,-0.08,0.08,-0.1438003200477464,0.030586511286333107,1.719987843967198,not_applicable,0.0,False,668.3717177079961,-0.08259694900602038,0.5403227182524204,26.83644819542924,25.537423030190627,25.472936925929716,0.35,0.0,True,True,68970.19140625,4914.289772078365,16.654769290932272,4.1812037235268375e-05,504.88544993083053,1.0723277043759831,1.0812466313241433,0.9873133160902805,0.966772287404146,0.4038597981810853,1.0,0.004263687269015818,0.00123702779198544,0.004575311190917361,-0.007738486820527819,0.024954649928887067,-0.02634981112409618,1735.942860410549,True
12,stress,10067,gain_scheduled_lqr,62.5,0.12787528696937916,0.028285805094103146,1.7272620152969387,0.12393876684349363,0.02661110247673689,1.721753306483633,0.27237857938957477,-0.0023208300781249885,-0.008024139404296873,0.20237857938957476,0.3423785793895748,-0.08,0.08,-0.1445032924201956,0.030606635172228135,1.7352861547012355,not_applicable,0.0,False,642.9587658376333,-0.08279507418474544,0.5424793267493396,24.819863489291144,26.55779228721248,26.243240558994028,0.35,0.0,True,True,68796.37908935547,4898.886142773685,16.602565635020465,4.297389129051993e-05,515.6670443822223,1.0723277043759831,1.0812466313241433,0.9873133160902805,0.966772287404146,0.4038597981810853,1.0,0.004263687269015818,0.00123702779198544,0.004575311190917361,-0.007738486820527819,0.024954649928887067,-0.02634981112409618,1735.942860410549,True
12,stress,10067,gain_scheduled_lqr,63.0,0.12795094361025536,0.028298660481985278,1.7414081320053474,0.13101038572775556,0.02882388971832189,1.7419151565985584,0.27312500000000006,-0.002327399902343749,-0.009186220703124998,0.20312500000000006,0.34312500000000007,-0.08,0.08,-0.1451740563897447,0.030626060384329027,1.7505943527084724,not_applicable,0.0,False,616.8900862533565,-0.08299325568202079,0.54464486695466,26.190733356703625,26.83644819542924,26.664448780675514,0.35,0.0,True,True,68622.06689453125,4883.461464707889,16.550290643823907,4.417151214047469e-05,526.7054368609988,1.0723277043759831,1.0812466313241433,0.9873133160902805,0.966772287404146,0.4038597981810853,1.0,0.004263687269015818,0.00123702779198544,0.004575311190917361,-0.007738486820527819,0.024954649928887067,-0.02634981112409618,1735.942860410549,True
12,stress,10067,gain_scheduled_lqr,63.5,0.12802468050603621,0.028310994515716857,1.7555605460674812,0.12842146871671753,0.026959315382333055,1.7545546126703577,0.273836698388203,-0.0023337792968750326,-0.010351539306640622,0.203836698388203,0.343836698388203,-0.08,0.08,-0.1458120178821668,0.03064477381259189,1.765912085374122,not_applicable,0.0,False,590.1502603835577,-0.08319146571830471,0.5468191934862616,25.19354084862242,24.819863489291144,25.354697451456595,0.35,0.0,True,True,68447.2691040039,4868.0169249593155,16.497948340409362,4.5405985737873214e-05,538.0061891217081,1.0723277043759831,1.0812466313241433,0.9873133160902805,0.966772287404146,0.4038597981810853,1.0,0.004263687269015818,0.00123702779198544,0.004575311190917361,-0.007738486820527819,0.024954649928887067,-0.02634981112409618,1735.942860410549,True
12,stress,10067,gain_scheduled_lqr,64.0,0.12809644754200553,0.0283227937771918,1.769718993451334,0.13194616486324806,0.029581932241748102,1.771334010241443,0.2745130315500686,-0.0023399682617187556,-0.01152000000000003,0.2045130315500686,0.3445130315500686,-0.08,0.08,-0.1464165840080631,0.030662762038910555,1.781238993451334,not_applicable,0.0,False,562.7235973903694,-0.08338967602760615,0.5490021599047784,26.783109621451985,26.190733356703625,25.948326351831398,0.35,0.0,True,True,68272.0,4852.553706691728,16.445542734576904,4.66784285944799e-05,549.574955136582,1.0723277043759831,1.0812466313241433,0.9873133160902805,0.966772287404146,0.4038597981810853,1.0,0.004263687269015818,0.00123702779198544,0.004575311190917361,-0.007738486820527819,0.024954649928887067,-0.02634981112409618,1735.942860410549,True
12,stress,10067,gain_scheduled_lqr,64.5,0.1281661933948663,0.0283340445348129,1.7838832033374465,0.12575099327553066,0.02626797365810892,1.7898874753323193,0.27515335648148154,-0.0023459667968749737,-0.012691507568359378,0.20515335648148153,0.34515335648148154,-0.08,0.08,-0.14698716308661525,0.030680011331687875,1.796574710905806,not_applicable,0.0,False,534.5941344508574,-0.08358785784947508,0.5511936187059596,24.98492265417902,25.19354084862242,25.412389455489134,0.35,0.0,True,True,68096.2738647461,4837.072989207493,16.39307782304016,4.798998846413809e-05,561.4174811407152,1.0723277043759831,1.0812466313241433,0.9873133160902805,0.966772287404146,0.4038597981810853,1.0,0.004263687269015818,0.00123702779198544,0.004575311190917361,-0.007738486820527819,0.024954649928887067,-0.02634981112409618,1735.942860410549,True
12,stress,10067,gain_scheduled_lqr,65.0,0.1282338655088928,0.028344732738069253,1.7980528979608037,0.13240251289221985,0.027127680758941442,1.7963118483229883,0.2757570301783265,-0.0023517749023437423,-0.013865966796875004,0.20575703017832647,0.3457570301783265,-0.08,0.08,-0.1475231646694337,0.030696507640412995,1.8119188647576787,not_applicable,0.0,False,505.74563735559946,-0.08378598192101547,0.5533934213133627,25.51564418912378,26.783109621451985,26.38567194220442,0.35,0.0,True,True,67920.10498046875,4821.575947999591,16.340557589602536,4.934184503085831e-05,573.5396055975655,1.0723277043759831,1.0812466313241433,0.9873133160902805,0.966772287404146,0.4038597981810853,1.0,0.004263687269015818,0.00123702779198544,0.004575311190917361,-0.007738486820527819,0.024954649928887067,-0.02634981112409618,1735.942860410549,True
12,stress,10067,gain_scheduled_lqr,65.5,0.12829941007200232,0.028354844012126373,1.812227792450024,0.13045604477580025,0.02789051161772408,1.8163101150249112,0.2763234096364884,-0.0023573925781249783,-0.01504328247070312,0.20632340963648838,0.3463234096364884,-0.08,0.08,-0.14802399956448606,0.03071223659025135,1.8272710749207273,not_applicable,0.0,False,476.16160144178434,-0.08398401846892564,0.5556014180713704,26.05665718248141,24.98492265417902,25.39106721968881,0.35,0.0,True,True,67743.50762939453,4806.063754802459,16.287986005329568,5.0735210601304416e-05,585.9472590809083,1.0723277043759831,1.0812466313241433,0.9873133160902805,0.966772287404146,0.4038597981810853,1.0,0.004263687269015818,0.00123702779198544,0.004575311190917361,-0.007738486820527819,0.024954649928887067,-0.02634981112409618,1735.942860410549,True
12,stress,10067,gain_scheduled_lqr,66.0,0.12836277199176255,0.028364363652435814,1.8264075946638487,0.12565266576527995,0.028122361011321286,1.8324937116989293,0.2768518518518519,-0.0023628198242187787,-0.016223359374999982,0.2068518518518519,0.3468518518518519,-0.08,0.08,-0.14848907986008936,0.030727183476654592,1.8426309540388488,not_applicable,0.0,False,445.82525287836006,-0.08418193720157088,0.55781745823853,26.275901465486424,25.51564418912378,25.479523336123016,0.35,0.0,True,True,67566.49609375,4790.537577641742,16.23536702871751,5.2171330800994215e-05,598.6464640693221,1.0723277043759831,1.0812466313241433,0.9873133160902805,0.966772287404146,0.4038597981810853,1.0,0.004263687269015818,0.00123702779198544,0.004575311190917361,-0.007738486820527819,0.024954649928887067,-0.02634981112409618,1735.942860410549,True
12,stress,10067,gain_scheduled_lqr,66.5,0.12842389487135225,0.028373276619371255,1.8405920050249416,0.12257993779029003,0.028911783581100074,1.849970653919954,0.2773417138203018,-0.0023680566406250325,-0.0174061022949219,0.2073417138203018,0.3473417138203018,-0.08,0.08,-0.14891781894894957,0.030741333259996288,1.8579981073198635,not_applicable,0.0,False,414.719550321204,-0.08437970730109441,0.5600413899812113,26.820066300957656,26.05665718248141,25.88931833228599,0.35,0.0,True,True,67389.08465576172,4774.998580882961,16.182704605858262,5.365148527348195e-05,611.6433346492024,1.0723277043759831,1.0812466313241433,0.9873133160902805,0.966772287404146,0.4038597981810853,1.0,0.004263687269015818,0.00123702779198544,0.004575311190917361,-0.007738486820527819,0.024954649928887067,-0.02634981112409618,1735.942860410549,True
12,stress,10067,gain_scheduled_lqr,67.0,0.1284827209854945,0.028381567532898555,1.8547807163510164,0.12563737613308523,0.029055335647035545,1.8519531137162308,0.27779235253772294,-0.002373103027343726,-0.018591416015625015,0.20779235253772294,0.34779235253772295,-0.08,0.08,-0.14930963155222846,0.03075467056024228,1.8733721323666415,not_applicable,0.0,False,382.82718695677136,-0.0845772974155727,0.562273060367581,26.91985308168428,26.275901465486424,26.163812428562167,0.35,0.0,True,True,67211.28759765625,4759.44792527913,16.13000267060079,5.5176988381734396e-05,624.9440761222068,1.0723277043759831,1.0812466313241433,0.9873133160902805,0.966772287404146,0.4038597981810853,1.0,0.004263687269015818,0.00123702779198544,0.004575311190917361,-0.007738486820527819,0.024954649928887067,-0.02634981112409618,1735.942860410549,True
12,stress,10067,gain_scheduled_lqr,67.5,0.128539191256383,0.028389220667287537,1.868973413683309,0.12529886240637805,0.028830666828026052,1.8634735106554379,0.278203125,-0.00237795898437497,-0.019779205322265625,0.208203125,0.348203125,-0.08,0.08,-0.149663933743617,0.030767179651662507,1.8887526190055746,not_applicable,0.0,False,350.1305929530447,-0.08477467565122211,0.5645123153618897,26.85471460803966,26.820066300957656,26.629786751186185,0.35,0.0,True,True,67033.11920166016,4743.886768017366,16.077265144709028,5.6749189910859575e-05,638.5549845129767,1.0723277043759831,1.0812466313241433,0.9873133160902805,0.966772287404146,0.4038597981810853,1.0,0.004263687269015818,0.00123702779198544,0.004575311190917361,-0.007738486820527819,0.024954649928887067,-0.02634981112409618,1735.942860410549,True
12,stress,10067,gain_scheduled_lqr,68.0,0.12859324522962448,0.028396219945873696,1.8831697741124176,0.12679736608242878,0.027923713397196785,1.8719454756486975,0.27857338820301786,-0.002382624511718723,-0.020969374999999985,0.20857338820301785,0.34857338820301786,-0.08,0.08,-0.14998014297339338,0.03077884445759242,1.9041391491124176,not_applicable,0.0,False,316.6119383369944,-0.08497180956466414,0.5667589998190704,26.38423992603375,26.91985308168428,26.83574890631451,0.35,0.0,True,True,66854.59375,4728.316262764509,16.02449593801654,5.836947577129175e-05,652.4824459729318,1.0723277043759831,1.0812466313241433,0.9873133160902805,0.966772287404146,0.4038597981810853,1.0,0.004263687269015818,0.00123702779198544,0.004575311190917361,-0.007738486820527819,0.024954649928887067,-0.02634981112409618,1735.942860410549,True
12,stress,10067,gain_scheduled_lqr,68.5,0.1286448210502206,0.028402548935878357,1.8973694666015395,0.1288759445536289,0.030065356820279786,1.8973981110207458,0.2789024991426612,-0.00238709960937504,-0.022161829833984348,0.20890249914266118,0.3489024991426612,-0.08,0.08,-0.1502576780924406,0.030789648545253397,1.9195312964355238,not_applicable,0.0,False,282.2531363182602,-0.08516866615525714,0.5690129574796432,27.739165090750102,26.85471460803966,26.84921553925369,0.35,0.0,True,True,66675.72552490234,4712.737559711781,15.97169894857784,6.003926870147228e-05,666.7329360758096,1.0723277043759831,1.0812466313241433,0.9873133160902805,0.966772287404146,0.4038597981810853,1.0,0.004263687269015818,0.00123702779198544,0.004575311190917361,-0.007738486820527819,0.024954649928887067,-0.02634981112409618,1735.942860410549,True
12,stress,10067,gain_scheduled_lqr,69.0,0.12869385543861542,0.028408190843296283,1.9115721518071331,0.13078150904003463,0.02833187259223698,1.9112248078130125,0.27918981481481486,-0.0023913842773437832,-0.023356474609375025,0.20918981481481486,0.34918981481481487,-0.08,0.08,-0.15049595937619945,0.030799575120640067,1.9349286264165082,not_applicable,0.0,False,247.03584707900632,-0.08536521185750287,0.5712740309649265,26.820933581149113,26.38423992603375,26.519058711963726,0.35,0.0,True,True,66496.52880859375,4697.151805618527,15.918878062816649,6.176002896901036e-05,681.3130190006268,1.0723277043759831,1.0812466313241433,0.9873133160902805,0.966772287404146,0.4038597981810853,1.0,0.004263687269015818,0.00123702779198544,0.004575311190917361,-0.007738486820527819,0.024954649928887067,-0.02634981112409618,1735.942860410549,True
12,stress,10067,gain_scheduled_lqr,69.5,0.12874028366683574,0.02841312850786004,1.9257774818970441,0.13037289203697486,0.028354196277012807,1.9310942603588976,0.27943469221536354,-0.0023954785156249797,-0.02455321411132813,0.20943469221536354,0.34943469221536355,-0.08,0.08,-0.1506944085485278,0.03080860702348502,1.9503306960083722,not_applicable,0.0,False,210.94148205038232,-0.08556141253353679,0.5735420617725491,26.936523776788817,27.739165090750102,27.385397589796046,0.35,0.0,True,True,66317.01788330078,4681.560143855039,15.866037155671014,6.353325506924001e-05,696.2293465976231,1.0723277043759831,1.0812466313241433,0.9873133160902805,0.966772287404146,0.4038597981810853,1.0,0.004263687269015818,0.00123702779198544,0.004575311190917361,-0.007738486820527819,0.024954649928887067,-0.02634981112409618,1735.942860410549,True
12,stress,10067,gain_scheduled_lqr,70.0,0.12878403953475331,0.028417344398090922,1.9399851003661346,0.13045752512703845,0.028361591024820755,1.9440296605014507,0.27963648834019206,-0.0023993823242187406,-0.025751953125000004,0.20963648834019205,0.34963648834019206,-0.08,0.08,-0.15085244880543874,0.030816726722309663,1.9657370534911345,not_applicable,0.0,False,173.9512086962368,-0.0857572334657119,0.5758168902722643,27.01035714773564,26.820933581149113,26.984598836236266,0.35,0.0,True,True,66137.20703125,4665.963714444511,15.813180090735505,6.536048442002807e-05,711.4886573327474,1.0723277043759831,1.0812466313241433,0.9873133160902805,0.966772287404146,0.4038597981810853,1.0,0.004263687269015818,0.00123702779198544,0.004575311190917361,-0.007738486820527819,0.024954649928887067,-0.02634981112409618,1735.942860410549,True
12,stress,10067,gain_scheduled_lqr,70.5,0.1288250553464996,0.02842082060644655,1.9541946418494625,0.13097368939298212,0.030720899587185425,1.9467793957101867,0.2797945601851852,-0.0024030957031249828,-0.02695259643554687,0.20979456018518522,0.34979456018518523,-0.08,0.08,-0.15096950483868563,0.03082391630957153,1.9811472382850093,not_applicable,0.0,False,136.04595582517345,-0.0859526393492854,0.5780983557020595,28.381454636950032,26.936523776788817,26.95046304793324,0.35,0.0,True,True,65957.11053466797,4650.3636541041415,15.760310720400511,6.724329405161602e-05,727.0977751061441,1.0723277043759831,1.0812466313241433,0.9873133160902805,0.966772287404146,0.4038597981810853,1.0,0.004263687269015818,0.00123702779198544,0.004575311190917361,-0.007738486820527819,0.024954649928887067,-0.02634981112409618,1735.942860410549,True
12,stress,10067,gain_scheduled_lqr,71.0,0.12886326188706568,0.028423538844575817,1.9684057319330606,0.12663500161977453,0.02783346136171126,1.97170906509216,0.27990826474622776,-0.0024066186523437755,-0.028155048828124987,0.20990826474622776,0.34990826474622777,-0.08,0.08,-0.1510450028591621,0.030830157496919593,1.9965607807611856,not_applicable,0.0,False,97.20641945219927,-0.08614759428521977,0.5803862961645628,26.85615428569158,27.01035714773564,26.992990968542262,0.35,0.0,True,True,65776.74267578125,4634.761096285395,15.707432885988693,6.918330129021319e-05,743.0636079401021,1.0723277043759831,1.0812466313241433,0.9873133160902805,0.966772287404146,0.4038597981810853,1.0,0.004263687269015818,0.00123702779198544,0.004575311190917361,-0.007738486820527819,0.024954649928887067,-0.02634981112409618,1735.942860410549,True
12,stress,10067,gain_scheduled_lqr,71.5,0.12889858839912122,0.02842548043869214,1.9826179869623737,0.12535479521458187,0.029202977155645807,1.9778195135847427,0.2799769590192044,-0.0024099511718750355,-0.029359215087890647,0.20997695901920438,0.3499769590192044,-0.08,0.08,-0.15107837062008317,0.030835431610567177,2.0119772020502644,not_applicable,0.0,False,57.41306923162233,-0.08634206177310806,0.5826805486237413,16.576919875610344,28.381454636950032,27.978872263250206,0.35,0.0,True,True,65596.1177368164,4619.157171213474,15.654550417888743,7.118216443398184e-05,759.3931465318375,1.0723277043759831,1.0812466313241433,0.9873133160902805,0.966772287404146,0.4038597981810853,1.0,0.004263687269015818,0.00123702779198544,0.004575311190917361,-0.007738486820527819,0.024954649928887067,-0.02634981112409618,1735.942860410549,True
12,stress,10067,gain_scheduled_lqr,72.0,0.12893096256008882,0.028426626325076497,1.9968310138484135,0.11742148390239836,0.026607922924032232,1.9949071692911633,0.28,-0.002413093261718735,-0.030565000000000023,0.21000000000000002,0.35000000000000003,-0.08,0.08,-0.1510690374399112,0.030839719586795232,2.0273960138484135,not_applicable,0.0,False,16.646155482868835,-0.08653600470423636,0.5849809489018909,16.10005746941211,26.85615428569158,27.18168420677287,0.35,0.0,True,True,65415.25,4603.553005925993,15.60166713568647,7.324158341998768e-05,776.093462666525,1.0723277043759831,1.0812466313241433,0.9873133160902805,0.966772287404146,0.4038597981810853,1.0,0.004263687269015818,0.00123702779198544,0.004575311190917361,-0.007738486820527819,0.024954649928887067,-0.02634981112409618,1735.942860410549,True
12,stress,10067,gain_scheduled_lqr,72.5,0.1289603104595112,0.028426957045722116,2.0110444098717015,0.12959483656494128,0.027993547359850837,2.0126844589412087,0.2799884221215252,-0.0024160449218749713,-0.03177230834960938,0.2099884221215252,0.3499884221215252,-0.08,0.08,-0.151028111662014,0.030843001967597088,2.042816718221311,not_applicable,0.0,False,-25.11428316861543,-0.08672938535479474,0.5872873316769143,16.495907115548032,16.576919875610344,19.65175092384547,0.35,0.0,True,True,65234.153747558594,4587.949724310893,15.548786848293275,7.536330048060294e-05,793.1717074858534,1.0723277043759831,1.0812466313241433,0.9873133160902805,0.966772287404146,0.4038597981810853,1.0,0.004263687269015818,0.00123702779198544,0.004575311190917361,-0.007738486820527819,0.024954649928887067,-0.02634981112409618,1735.942860410549,True
12,stress,10067,gain_scheduled_lqr,73.0,0.12898655657675076,0.02842645274413319,2.0252577624840717,0.12523088857769749,0.02917941820648375,2.0215468069499636,0.27995386457550714,-0.0024188061523437304,-0.032981044921874994,0.20995386457550713,0.34995386457550715,-0.08,0.08,-0.15096730799875638,0.03084525889647692,2.058238807405947,not_applicable,0.0,False,-67.88841151339147,-0.0869221653792496,0.5895995304798856,16.802870471936032,16.10005746941211,17.12986416444764,0.35,0.0,True,True,65052.84326171875,4572.348447143617,15.49591335407216,7.754910078778323e-05,810.6351096074964,1.0723277043759831,1.0812466313241433,0.9873133160902805,0.966772287404146,0.4038597981810853,1.0,0.004263687269015818,0.00123702779198544,0.004575311190917361,-0.007738486820527819,0.024954649928887067,-0.02634981112409618,1735.942860410549,True
12,stress,10067,gain_scheduled_lqr,73.5,0.12900962375906305,0.02842509316129033,2.0394706491084142,0.12570905933743828,0.026855705683746012,2.0379996903352833,0.2798965914960556,-0.002421376953125026,-0.03419111450195311,0.2098965914960556,0.3498965914960556,-0.08,0.08,-0.15088696773699256,0.030846470114415356,2.0736617636103674,not_applicable,0.0,False,-111.69658882058638,-0.08711430580389115,0.5919173776928992,16.383048650779852,16.495907115548032,16.679721744174515,0.35,0.0,True,True,64871.33282470703,4556.750292123559,15.44305044096124,7.980081308354743e-05,828.4909730907531,1.0723277043759831,1.0812466313241433,0.9873133160902805,0.966772287404146,0.4038597981810853,1.0,0.004263687269015818,0.00123702779198544,0.004575311190917361,-0.007738486820527819,0.024954649928887067,-0.02634981112409618,1735.942860410549,True
12,stress,10067,gain_scheduled_lqr,74.0,0.12902943320008722,0.028422857631796004,2.0536826369364483,0.12669724996832904,0.028878367393905365,2.0569552063782237,0.27981686701728026,-0.0024237573242187754,-0.03540242187500002,0.20981686701728025,0.34981686701728026,-0.08,0.08,-0.15078743381719303,0.03084661495601478,2.0890850588114485,not_applicable,0.0,False,-156.55935921868877,-0.08730576702056912,0.5942407045472012,16.92170843466569,16.802870471936032,16.767163734865125,0.35,0.0,True,True,64689.63671875,4541.156373909807,15.390201886594888,8.212031029491617e-05,846.74667524369,1.0723277043759831,1.0812466313241433,0.9873133160902805,0.966772287404146,0.4038597981810853,1.0,0.004263687269015818,0.00123702779198544,0.004575311190917361,-0.007738486820527819,0.024954649928887067,-0.02634981112409618,1735.942860410549,True
12,stress,10067,gain_scheduled_lqr,74.5,0.12904590441879854,0.028419725080213627,2.0678932827246133,0.1274258828067917,0.027593654465842256,2.0627582470631007,0.27971495527329077,-0.002425947265624978,-0.03661487182617189,0.20971495527329076,0.3497149552732908,-0.08,0.08,-0.15066905085449223,0.030845672345838605,2.104508154550785,not_applicable,0.0,False,-202.497441372185,-0.08749650878063199,0.5965693411216009,16.67653114213748,16.383048650779852,16.494422081603783,0.35,0.0,True,True,64507.76922607422,4525.567804156212,15.337371458422572,8.450951013147444e-05,865.4096642670766,1.0723277043759831,1.0812466313241433,0.9873133160902805,0.966772287404146,0.4038597981810853,1.0,0.004263687269015818,0.00123702779198544,0.004575311190917361,-0.007738486820527819,0.024954649928887067,-0.02634981112409618,1735.942860410549,True
12,stress,10067,gain_scheduled_lqr,75.0,0.12905895523896996,0.02841567401761439,2.082102132588184,0.1290263730264423,0.027819433795137505,2.081077129741041,0.2795911203981969,-0.0024279467773437313,-0.037828369140625,0.20959112039819688,0.3495911203981969,-0.08,0.08,-0.15053216515922693,0.030843620794958122,2.119930501728809,not_applicable,0.0,False,-249.53171743165694,-0.08768649018908406,0.598903116341161,16.82089124186677,16.92170843466569,16.79781757732517,0.35,0.0,True,True,64325.74462890625,4509.985691545775,15.284562913825413,8.69703756636422e-05,884.4874567304346,1.0723277043759831,1.0812466313241433,0.9873133160902805,0.966772287404146,0.4038597981810853,1.0,0.004263687269015818,0.00123702779198544,0.004575311190917361,-0.007738486820527819,0.024954649928887067,-0.02634981112409618,1735.942860410549,True
12,stress,10067,gain_scheduled_lqr,75.5,0.1290685017691916,0.028410682538346402,2.0963087217937124,0.12076581573115477,0.027145119368973576,2.087000544687949,0.2794456265261082,-0.0024297558593749935,-0.03904281860351562,0.2094456265261082,0.3494456265261082,-0.08,0.08,-0.1503771247569166,0.030840438397721395,2.135351540397228,not_applicable,0.0,False,-297.68322123504936,-0.0878756696989763,0.6012418579761649,16.707926764349065,16.67653114213748,16.71169791105369,0.35,0.0,True,True,64143.577209472656,4494.411141824394,15.231780000230545,8.950491587964495e-05,903.9876348755336,1.0723277043759831,1.0812466313241433,0.9873133160902805,0.966772287404146,0.4038597981810853,1.0,0.004263687269015818,0.00123702779198544,0.004575311190917361,-0.007738486820527819,0.024954649928887067,-0.02634981112409618,1735.942860410549,True
12,stress,10067,gain_scheduled_lqr,76.0,0.1290744583834988,0.028404728317041123,2.1105125745499165,0.12372877244062169,0.026897524450844906,2.102132608721877,0.2792787377911345,-0.0024313745117187785,-0.04025812499999999,0.20927873779113448,0.3492787377911345,-0.08,0.08,-0.1502042794076357,0.0308361028287599,2.1507706995499163,not_applicable,0.0,False,-346.97312573791555,-0.08806400510604687,0.6035853926413581,16.73390956781365,16.82089124186677,16.789230845335595,0.35,0.0,True,True,63961.28125,4478.845257833978,15.179026455223338,9.211518621908983e-05,923.9178437426938,1.0723277043759831,1.0812466313241433,0.9873133160902805,0.966772287404146,0.4038597981810853,1.0,0.004263687269015818,0.00123702779198544,0.004575311190917361,-0.007738486820527819,0.024954649928887067,-0.02634981112409618,1735.942860410549,True
12,stress,10067,gain_scheduled_lqr,76.5,0.12907673770266156,0.02839778860587255,2.1247132037971306,0.12956775067296514,0.02794204037223996,2.132549588582952,0.27909071832738547,-0.002432802734375031,-0.0414741931152344,0.20909071832738546,0.3490907183273855,-0.08,0.08,-0.1500139806247239,0.03083059134024758,2.166187396912365,not_applicable,0.0,False,-397.42272965066536,-0.08825145354362833,0.6059335457954627,17.11555074942849,16.707926764349065,16.73150072646258,0.35,0.0,True,True,63778.871032714844,4463.289139544943,15.126306006657531,9.480328908095978e-05,944.2857881153037,1.0723277043759831,1.0812466313241433,0.9873133160902805,0.966772287404146,0.4038597981810853,1.0,0.004263687269015818,0.00123702779198544,0.004575311190917361,-0.007738486820527819,0.024954649928887067,-0.02634981112409618,1735.942860410549,True
12,stress,10067,gain_scheduled_lqr,77.0,0.1290752505761899,0.028389840232085028,2.1389101109954565,0.1311244053698911,0.028158197367766445,2.1404315981009714,0.27888183226897073,-0.0024340405273437365,-0.04269092773437502,0.20888183226897072,0.34888183226897074,-0.08,0.08,-0.14980658169278083,0.030823880759428764,2.1816010387298315,not_applicable,0.0,False,-449.053443261015,-0.08843797147783841,0.6082861417409636,17.207157578358654,16.73390956781365,16.7332111288908,0.35,0.0,True,True,63596.36083984375,4447.743884088104,15.073622372763316,9.757137430374551e-05,965.0992292779872,1.0723277043759831,1.0812466313241433,0.9873133160902805,0.966772287404146,0.4038597981810853,1.0,0.004263687269015818,0.00123702779198544,0.004575311190917361,-0.007738486820527819,0.024954649928887067,-0.02634981112409618,1735.942860410549,True
12,stress,10067,gain_scheduled_lqr,77.5,0.12906990606511162,0.028380859595805996,2.153102785911748,0.1273951133996327,0.03028722587868438,2.1531183832125254,0.27865234375000003,-0.002435087890624979,-0.043908233642578134,0.20865234375000002,0.34865234375000004,-0.08,0.08,-0.1495824376848884,0.030815947486430975,2.1970110195543264,not_applicable,0.0,False,-501.8867734202065,-0.08862351470307256,0.610643003624165,17.73776341153137,17.11555074942849,17.004692110849877,0.35,0.0,True,True,63413.76495361328,4432.210585785984,15.020979262253448,0.00010042163961534134,986.3659815839284,1.0723277043759831,1.0812466313241433,0.9873133160902805,0.966772287404146,0.4038597981810853,1.0,0.004263687269015818,0.00123702779198544,0.004575311190917361,-0.007738486820527819,0.024954649928887067,-0.02634981112409618,1735.942860410549,True
12,stress,10067,gain_scheduled_lqr,78.0,0.1290606114255812,0.028370822668160423,2.167290706405578,0.12727363516579557,0.02962465890936673,2.168834827428441,0.27840251690458306,-0.0024359448242187165,-0.045126015625,0.20840251690458306,0.34840251690458307,-0.08,0.08,-0.14934190547900186,0.03080676749237914,2.212416722030578,not_applicable,0.0,False,-555.9443076719415,-0.08880803833781631,0.6130039534355131,17.675667070465654,17.207157578358654,17.14845310494928,0.35,0.0,True,True,63231.09765625,4416.690336183554,14.968380374427417,0.00010335633105023676,1008.0939088269433,1.0723277043759831,1.0812466313241433,0.9873133160902805,0.966772287404146,0.4038597981810853,1.0,0.004263687269015818,0.00123702779198544,0.004575311190917361,-0.007738486820527819,0.024954649928887067,-0.02634981112409618,1735.942860410549,True
12,stress,10067,gain_scheduled_lqr,78.5,0.12904727209337985,0.02835970498970406,2.1814733382143388,0.13080448490117796,0.029465141763962154,2.182831031113977,0.27813261586682947,-0.0024366113281250323,-0.04634417846679685,0.20813261586682946,0.3481326158668295,-0.08,0.08,-0.14908534377344962,0.030796316317829094,2.2278175166811356,not_applicable,0.0,False,-611.2476975033762,-0.08899149682079661,0.6153688120101857,17.715225903865427,17.73776341153137,17.56689402008258,0.35,0.0,True,True,63048.37322998047,4401.184224078418,14.91582939927376,0.00010637774333143669,1030.2909204139394,1.0723277043759831,1.0812466313241433,0.9873133160902805,0.966772287404146,0.4038597981810853,1.0,0.004263687269015818,0.00123702779198544,0.004575311190917361,-0.007738486820527819,0.024954649928887067,-0.02634981112409618,1735.942860410549,True
12,stress,10067,gain_scheduled_lqr,79.0,0.12902979166936943,0.028347481669193143,2.1956501347376496,0.13522165800215732,0.028093616851715682,2.190841817269477,0.277842904770849,-0.002437087402343774,-0.047562626953125034,0.207842904770849,0.347842904770849,-0.08,0.08,-0.14881311310147957,0.030784569071536916,2.2432127616907747,not_applicable,0.0,False,-667.8186406980019,-0.08917384390749183,0.6177373990289489,17.462007472477758,17.675667070465654,17.644128533437886,0.35,0.0,True,True,62865.60595703125,4385.6933355504425,14.863330017570455,0.00010948822021444513,1052.9649673334775,1.0723277043759831,1.0812466313241433,0.9873133160902805,0.966772287404146,0.4038597981810853,1.0,0.004263687269015818,0.00123702779198544,0.004575311190917361,-0.007738486820527819,0.024954649928887067,-0.02634981112409618,1735.942860410549,True
12,stress,10067,gain_scheduled_lqr,79.5,0.1290080719059644,0.02833412738270843,2.209820536821231,0.13187794647887158,0.029829147447665568,2.209490096819935,0.27753364775075134,-0.002437373046874969,-0.048781265869140625,0.20753364775075134,0.34753364775075135,-0.08,0.08,-0.14852557584478696,0.0307715004295834,2.2586018026903716,not_applicable,0.0,False,-725.6788627710569,-0.0893550326670199,0.6201095330192727,17.93569330223093,17.715225903865427,17.694611357873484,0.35,0.0,True,True,62682.810119628906,4370.218753990877,14.810885900983639,0.0001126901547905558,1076.1240379163573,1.0723277043759831,1.0812466313241433,0.9873133160902805,0.966772287404146,0.4038597981810853,1.0,0.004263687269015818,0.00123702779198544,0.004575311190917361,-0.007738486820527819,0.024954649928887067,-0.02634981112409618,1735.942860410549,True
12,stress,10067,gain_scheduled_lqr,80.0,0.12898201269468776,0.028319616373152022,2.223983972540439,0.12899291858030545,0.028101812531783888,2.2354337225528567,0.27720510894064615,-0.002437468261718756,-0.05,0.20720510894064614,0.34720510894064616,-0.08,0.08,-0.1482230962459584,0.030757084634870778,2.2739839725404387,not_applicable,0.0,False,-784.8500974684864,-0.08953501547942584,0.6224850313567132,17.69074352930246,17.462007472477758,17.529450522263712,0.35,0.0,True,True,62500.0,4354.761560130941,14.758500712164466,0.00011598598974658397,1099.7761533841112,1.0723277043759831,1.0812466313241433,0.9873133160902805,0.966772287404146,0.4038597981810853,1.0,0.004263687269015818,0.00123702779198544,0.004575311190917361,-0.007738486820527819,0.024954649928887067,-0.02634981112409618,1735.942860410549,True
12,stress,10067,gain_scheduled_lqr,80.5,0.12895151205487945,0.028303922450135622,2.2381398569836404,0.13349219811878502,0.02602493727966658,2.2365131511474408,0.27685755247464316,-0.0024373730468749966,-0.05121873413085938,0.20685755247464316,0.34685755247464317,-0.08,0.08,-0.1479060404197637,0.03074129549701062,2.2893585911144996,not_applicable,0.0,False,-845.3540663114497,-0.08971374403338936,0.6248637102665509,17.25029820916318,17.93569330223093,17.81790398848881,0.35,0.0,True,True,62317.189880371094,4339.322832069908,14.706178104844305,0.00011937821757808158,1123.9293631815299,1.0723277043759831,1.0812466313241433,0.9873133160902805,0.966772287404146,0.4038597981810853,1.0,0.004263687269015818,0.00123702779198544,0.004575311190917361,-0.007738486820527819,0.024954649928887067,-0.02634981112409618,1735.942860410549,True
12,stress,10067,gain_scheduled_lqr,81.0,0.12891646612362678,0.02828701899027938,2.2522875920356413,0.13389357002194258,0.028567720875297634,2.2540808039113966,0.27649124248685203,-0.002437087402343746,-0.052437373046875,0.20649124248685202,0.34649124248685204,-0.08,0.08,-0.14757477636322525,0.030724106392623126,2.3047249650825163,not_applicable,0.0,False,-907.2124571692441,-0.08989116932437431,0.6272453848256894,17.894901456565428,17.69074352930246,17.72761346019428,0.35,0.0,True,True,62134.39404296875,4323.90364530272,14.653921723928308,0.0001228693807529789,1148.5917400894743,1.0723277043759831,1.0812466313241433,0.9873133160902805,0.966772287404146,0.4038597981810853,1.0,0.004263687269015818,0.00123702779198544,0.004575311190917361,-0.007738486820527819,0.024954649928887067,-0.02634981112409618,1735.942860410549,True
12,stress,10067,gain_scheduled_lqr,81.5,0.12887676914698884,0.02826887893794072,2.2664265661613667,0.1310696749779967,0.02927020447385672,2.2682556968468637,0.27610644311138244,-0.0024366113281250046,-0.05365582153320313,0.20610644311138243,0.34610644311138244,-0.08,0.08,-0.1472296739643936,0.030705490266065723,2.32008238769457,not_applicable,0.0,False,-970.446901844263,-0.09006724165324216,0.6296298689648132,18.12192481299678,17.25029820916318,17.388694849374577,0.35,0.0,True,True,61951.62677001953,4308.505072747086,14.601735205587266,0.00012646207182249103,1173.7713751143065,1.0723277043759831,1.0812466313241433,0.9873133160902805,0.966772287404146,0.4038597981810853,1.0,0.004263687269015818,0.00123702779198544,0.004575311190917361,-0.007738486820527819,0.024954649928887067,-0.02634981112409618,1735.942860410549,True
12,stress,10067,gain_scheduled_lqr,82.0,0.12883231347258842,0.028249474806392904,2.2805561541900197,0.12793406793863288,0.027461687110783825,2.2811617024746424,0.27570341848234414,-0.0024359448242187443,-0.054873984375000004,0.20570341848234414,0.34570341848234415,-0.08,0.08,-0.14687110500975573,0.030685419630611648,2.3354301385650196,not_applicable,0.0,False,-1035.0789526539004,-0.09024191062535206,0.6320169754707983,17.796006105814214,17.894901456565428,17.748127823129902,0.35,0.0,True,True,61768.90234375,4293.128184770147,14.549622177347963,0.0001301589334760335,1199.4763721505344,1.0723277043759831,1.0812466313241433,0.9873133160902805,0.966772287404146,0.4038597981810853,1.0,0.004263687269015818,0.00123702779198544,0.004575311190917361,-0.007738486820527819,0.024954649928887067,-0.02634981112409618,1735.942860410549,True
12,stress,10067,gain_scheduled_lqr,82.5,0.1287829895436468,0.028228778679473415,2.2946757170999463,0.12939300295385237,0.028842867795136937,2.3039352318695974,0.2752824327338468,-0.0024350878906250206,-0.05609176635742187,0.20528243273384678,0.3452824327338468,-0.08,0.08,-0.14649944319019997,0.030663866570098435,2.350767483457368,not_applicable,0.0,False,-1101.1300579952688,-0.09041512515017071,0.6344065159893799,18.21291073494581,18.12192481299678,18.01354309377252,0.35,0.0,True,True,61586.23504638672,4277.774049214653,14.497586258181908,0.00013396265853679118,1225.714842413377,1.0723277043759831,1.0812466313241433,0.9873133160902805,0.966772287404146,0.4038597981810853,1.0,0.004263687269015818,0.00123702779198544,0.004575311190917361,-0.007738486820527819,0.024954649928887067,-0.02634981112409618,1735.942860410549,True
12,stress,10067,gain_scheduled_lqr,83.0,0.12872868589453848,0.02820676221372243,2.3087846018044473,0.13273442211490327,0.027825623617704458,2.313794829793253,0.27484375,-0.0024340405273437504,-0.057309072265625025,0.20484375,0.34484375,-0.08,0.08,-0.14611506410546152,0.03064080274106618,2.3660936740700724,not_applicable,0.0,False,-1168.6215368800206,-0.09058683344141538,0.6367983010280722,18.045316339844707,17.796006105814214,17.85908053762862,0.35,0.0,True,True,61403.63916015625,4262.443731424724,14.445631058592618,0.00013787598989448954,1252.4948986382199,1.0723277043759831,1.0812466313241433,0.9873133160902805,0.966772287404146,0.4038597981810853,1.0,0.004263687269015818,0.00123702779198544,0.004575311190917361,-0.007738486820527819,0.024954649928887067,-0.02634981112409618,1735.942860410549,True
12,stress,10067,gain_scheduled_lqr,83.5,0.12866928914794434,0.028183396641032032,2.3228821409387868,0.1247918682777885,0.027364999597703103,2.31973554966885,0.27438763441491365,-0.002432802734374989,-0.05852580688476562,0.20438763441491364,0.34438763441491366,-0.08,0.08,-0.1457183452669693,0.03061619937540702,2.3814079478235524,not_applicable,0.0,False,-1237.5745524276992,-0.09075698301775434,0.6391921399593407,17.97839415595843,18.21291073494581,18.110318348869203,0.35,0.0,True,True,61221.128967285156,4247.138294271152,14.393760180701383,0.0001419017203718146,1279.8246490440479,1.0723277043759831,1.0812466313241433,0.9873133160902805,0.966772287404146,0.4038597981810853,1.0,0.004263687269015818,0.00123702779198544,0.004575311190917361,-0.007738486820527819,0.024954649928887067,-0.02634981112409618,1735.942860410549,True
12,stress,10067,gain_scheduled_lqr,84.0,0.12860468401368383,0.02815865277182692,2.3369676526486582,0.12874587789880745,0.028606835460537248,2.335807196797244,0.27391435011269727,-0.002431374511718737,-0.059741875000000014,0.20391435011269726,0.3439143501126973,-0.08,0.08,-0.14530966609901344,0.030590027283545658,2.396709527648658,not_applicable,0.0,False,-1308.0100843077341,-0.09092552070408899,0.6415878410240256,18.332731331180796,18.045316339844707,18.064163547505782,0.35,0.0,True,True,61038.71875,4231.858798176278,14.341977218331582,0.00014604269252084222,1307.7121910582657,1.0723277043759831,1.0812466313241433,0.9873133160902805,0.966772287404146,0.4038597981810853,1.0,0.004263687269015818,0.00123702779198544,0.004575311190917361,-0.007738486820527819,0.024954649928887067,-0.02634981112409618,1735.942860410549,True
12,stress,10067,gain_scheduled_lqr,84.5,0.12853475328930797,0.028132500998797615,2.351040440380378,0.1319898177658345,0.030082458546400667,2.352547003788783,0.2734241612274606,-0.0024297558593749935,-0.06095718139648436,0.2034241612274606,0.3434241612274606,-0.08,0.08,-0.14488940793815264,0.03056225685817261,2.4119976217768624,not_applicable,0.0,False,-1379.948900121639,-0.09109239263344224,0.6439852113350127,18.74106668735006,17.97839415595843,18.003262826292108,0.35,0.0,True,True,60856.422790527344,4216.606301138476,14.290285757091644,0.00015030179834573838,1336.165604800507,1.0723277043759831,1.0812466313241433,0.9873133160902805,0.966772287404146,0.4038597981810853,1.0,0.004263687269015818,0.00123702779198544,0.004575311190917361,-0.007738486820527819,0.024954649928887067,-0.02634981112409618,1735.942860410549,True
12,stress,10067,gain_scheduled_lqr,85.0,0.12845937786253625,0.02810491130120735,2.365099792673091,0.1272028714371185,0.028627896022446232,2.3762827908344377,0.27291733189331335,-0.002427946777343787,-0.06217163085937501,0.20291733189331335,0.34291733189331336,-0.08,0.08,-0.1444579540307771,0.030532858078551137,2.427271423532466,not_applicable,0.0,False,-1453.4115257186588,-0.09125754424947906,0.6463840568811571,18.544155497283693,18.332731331180796,18.23720257103,0.35,0.0,True,True,60674.25537109375,4201.381858756196,14.238689374456536,0.00015468197894790247,1365.1929463232664,1.0723277043759831,1.0812466313241433,0.9873133160902805,0.966772287404146,0.4038597981810853,1.0,0.004263687269015818,0.00123702779198544,0.004575311190917361,-0.007738486820527819,0.024954649928887067,-0.02634981112409618,1735.942860410549,True
12,stress,10067,gain_scheduled_lqr,85.5,0.12837843671562232,0.028075853249793923,2.3791449829532754,0.12540368082257025,0.027219132517900133,2.3857230116386137,0.27239412624436515,-0.002425947265624978,-0.06338512817382815,0.20239412624436515,0.34239412624436516,-0.08,0.08,-0.14401568952874283,0.0305018005154189,2.4425301111271036,not_applicable,0.0,False,-1528.418214440004,-0.09142092030968349,0.6487841825314473,18.288383130736506,18.74106668735006,18.594972254643075,0.35,0.0,True,True,60492.23077392578,4186.186524251644,14.187191639848015,0.00015918622408964098,1394.8022406075381,1.0723277043759831,1.0812466313241433,0.9873133160902805,0.966772287404146,0.4038597981810853,1.0,0.004263687269015818,0.00123702779198544,0.004575311190917361,-0.007738486820527819,0.024954649928887067,-0.02634981112409618,1735.942860410549,True
12,stress,10067,gain_scheduled_lqr,86.0,0.12829180693173434,0.028045296012287887,2.393175269331854,0.1286925978549176,0.029649901328422257,2.395530992443651,0.2718548084147258,-0.002423757324218734,-0.06459757812499999,0.2018548084147258,0.3418548084147258,-0.08,0.08,-0.14356300148299148,0.03046905333650662,2.457772847456854,not_applicable,0.0,False,-1604.988915288631,-0.0915824648892191,0.651185392039422,18.871006709540012,18.544155497283693,18.558889718471438,0.35,0.0,True,True,60310.36328125,4171.021348494046,14.13579611471348,0.0001638175716723699,1425.0014743118363,1.0723277043759831,1.0812466313241433,0.9873133160902805,0.966772287404146,0.4038597981810853,1.0,0.004263687269015818,0.00123702779198544,0.004575311190917361,-0.007738486820527819,0.024954649928887067,-0.02634981112409618,1735.942860410549,True
12,stress,10067,gain_scheduled_lqr,86.5,0.12819936370343712,0.028013208359568532,2.4071898944042247,0.12117133768231148,0.026247798948316976,2.405941366204325,0.2712996425385049,-0.0024213769531249985,-0.06580888549804688,0.2012996425385049,0.3412996425385049,-0.08,0.08,-0.1431002788350678,0.03043458531269353,2.4729987799022717,not_applicable,0.0,False,-1683.1432400236424,-0.09174212138549825,0.6535874880478271,18.185065743925737,18.288383130736506,18.366815996262364,0.35,0.0,True,True,60128.66717529297,4155.887380022547,14.084506352603574,0.00016857910712526604,1455.7985882733492,1.0723277043759831,1.0812466313241433,0.9873133160902805,0.966772287404146,0.4038597981810853,1.0,0.004263687269015818,0.00123702779198544,0.004575311190917361,-0.007738486820527819,0.024954649928887067,-0.02634981112409618,1735.942860410549,True
12,stress,10067,gain_scheduled_lqr,87.0,0.1281009803433644,0.027979558672479084,2.4211880850535326,0.12606689957058503,0.027498982280605693,2.4217856357174568,0.2707288927498122,-0.0024188061523437443,-0.06701895507812498,0.2007288927498122,0.3407288927498122,-0.08,0.08,-0.14262791240644782,0.03039836482482283,2.4882070401316576,not_applicable,0.0,False,-1762.9004291805438,-0.09189983252348655,0.6559902720935179,18.540199014651005,18.871006709540012,18.7248175806725,0.35,0.0,True,True,59947.15673828125,4140.785665068743,14.033325899248526,0.00017347396270020937,1487.2014697602722,1.0723277043759831,1.0812466313241433,0.9873133160902805,0.966772287404146,0.4038597981810853,1.0,0.004263687269015818,0.00123702779198544,0.004575311190917361,-0.007738486820527819,0.024954649928887067,-0.02634981112409618,1735.942860410549,True
12,stress,10067,gain_scheduled_lqr,87.5,0.1279965282971701,0.02794431494932256,2.435169052257519,0.13397707170092107,0.02771641382177465,2.4351113560785342,0.27014282318275734,-0.0024160449218750546,-0.06822769165039062,0.20014282318275733,0.34014282318275735,-0.08,0.08,-0.14214629488558725,0.030360359871197614,2.5033967439079094,not_applicable,0.0,False,-1844.2793170207794,-0.092055540361769,0.6583935446126042,18.658422550722864,18.185065743925737,18.341565752237468,0.35,0.0,True,True,59765.846252441406,4125.717247578832,13.982258292633263,0.00017850531666878313,1519.217944474665,1.0723277043759831,1.0812466313241433,0.9873133160902805,0.966772287404146,0.4038597981810853,1.0,0.004263687269015818,0.00123702779198544,0.004575311190917361,-0.007738486820527819,0.024954649928887067,-0.02634981112409618,1735.942860410549,True
12,stress,10067,gain_scheduled_lqr,88.0,0.12788587715884903,0.027907444814059608,2.4491319908992955,0.136318046823938,0.026534085952403173,2.449019649783115,0.26954169797145006,-0.002413093261718763,-0.06943500000000004,0.19954169797145005,0.33954169797145006,-0.08,0.08,-0.14165582081260103,0.03032053807577837,2.5185669908992954,not_applicable,0.0,False,-1927.2982954165798,-0.09220918629940467,0.6607971049458362,18.4739046680643,18.540199014651005,18.48260568174811,0.35,0.0,True,True,59584.75,4110.6831692354335,13.931307063071314,0.00018367639241703517,1551.855768305604,1.0723277043759831,1.0812466313241433,0.9873133160902805,0.966772287404146,0.4038597981810853,1.0,0.004263687269015818,0.00123702779198544,0.004575311190917361,-0.007738486820527819,0.024954649928887067,-0.02634981112409618,1735.942860410549,True
12,stress,10067,gain_scheduled_lqr,88.5,0.1277688946885174,0.02786891552522956,2.4630760795823976,0.13093652339419093,0.028103349287412156,2.462907788374051,0.26892578125000005,-0.00240995117187498,-0.07064078491210939,0.19892578125000004,0.33892578125000006,-0.08,0.08,-0.14115688656148265,0.03027886669710454,2.533716864494507,not_applicable,0.0,False,-2011.975276679488,-0.09236071108359616,0.6632007513442304,18.88731016486754,18.658422550722864,18.607444787271916,0.35,0.0,True,True,59403.882263183594,4095.6844694790416,13.880475733277544,0.00018899045743363775,1585.1226188326918,1.0723277043759831,1.0812466313241433,0.9873133160902805,0.966772287404146,0.4038597981810853,1.0,0.004263687269015818,0.00123702779198544,0.004575311190917361,-0.007738486820527819,0.024954649928887067,-0.02634981112409618,1735.942860410549,True
12,stress,10067,gain_scheduled_lqr,89.0,0.1276454468327445,0.027828693985615698,2.4770004804504824,0.12092421978304252,0.03042147576079219,2.475395274722441,0.2682953371525169,-0.0024066186523437616,-0.07184495117187502,0.1982953371525169,0.3382953371525169,-0.08,0.08,-0.1406498903197724,0.03023531263795946,2.5488454316223574,not_applicable,0.0,False,-2098.327655343717,-0.0925100548182011,0.6656042809749362,19.456318497899883,18.4739046680643,18.512624369125266,0.35,0.0,True,True,59223.25732421875,4080.722185529149,13.829767818439732,0.0001944508221870258,1619.0260865804064,1.0723277043759831,1.0812466313241433,0.9873133160902805,0.966772287404146,0.4038597981810853,1.0,0.004263687269015818,0.00123702779198544,0.004575311190917361,-0.007738486820527819,0.024954649928887067,-0.02634981112409618,1735.942860410549,True
12,stress,10067,gain_scheduled_lqr,89.5,0.12751539774752726,0.0277867467526756,2.490904339012054,0.134082888922518,0.030051121823793086,2.491683243965867,0.2676506298131105,-0.0024030957031249967,-0.07304740356445315,0.1976506298131105,0.3376506298131105,-0.08,0.08,-0.14013523206558323,0.030189842455800597,2.5639517425765073,not_applicable,0.0,False,-2186.372268918217,-0.09265715697311194,0.6680074899273395,19.46141550165771,18.88731016486754,18.778670738086923,0.35,0.0,True,True,59042.88946533203,4065.797352405041,13.779186826289047,0.00020006083888704659,1653.5736660241612,1.0723277043759831,1.0812466313241433,0.9873133160902805,0.966772287404146,0.4038597981810853,1.0,0.004263687269015818,0.00123702779198544,0.004575311190917361,-0.007738486820527819,0.024954649928887067,-0.02634981112409618,1735.942860410549,True
12,stress,10067,gain_scheduled_lqr,90.0,0.1273786098239995,0.027743040049757018,2.504786783970596,0.13187691374790753,0.02792657040780497,2.4969536368030623,0.26699192336589034,-0.0023993823242187684,-0.07424804687500001,0.19699192336589033,0.33699192336589034,-0.08,0.08,-0.13961331354189083,0.030142422373975786,2.5790348308455964,not_applicable,0.0,False,-2276.1253576243153,-0.09280195639453132,0.6704101732194035,19.029141790709453,19.456318497899883,19.259835831565,0.35,0.0,True,True,58862.79296875,4050.911002946254,13.728736257169384,0.00020582390012660945,1688.7727463493673,1.0723277043759831,1.0812466313241433,0.9873133160902805,0.966772287404146,0.4038597981810853,1.0,0.004263687269015818,0.00123702779198544,0.004575311190917361,-0.007738486820527819,0.024954649928887067,-0.02634981112409618,1735.942860410549,True
12,stress,10067,gain_scheduled_lqr,90.5,0.12723494371696803,0.027697539778119524,2.518646927060519,0.12286390601266763,0.029041650865039292,2.5184498723302022,0.2663194819449662,-0.002395478515624966,-0.07544678588867192,0.19631948194496618,0.3363194819449662,-0.08,0.08,-0.13908453822799816,0.03009301829374449,2.5940937129491908,not_applicable,0.0,False,-2367.6025231387084,-0.09294439131616919,0.6728121248042477,19.379802070693618,19.46141550165771,19.402967863507687,0.35,0.0,True,True,58682.98211669921,4036.0641678327297,13.678419604105663,0.00021174343739878513,1724.630601965188,1.0723277043759831,1.0812466313241433,0.9873133160902805,0.966772287404146,0.4038597981810853,1.0,0.004263687269015818,0.00123702779198544,0.004575311190917361,-0.007738486820527819,0.024954649928887067,-0.02634981112409618,1735.942860410549,True
12,stress,10067,gain_scheduled_lqr,91.0,0.12708425837636697,0.02765021152978164,2.532483862889318,0.13021598669597959,0.02619316259732571,2.5331145969060986,0.26563356968444785,-0.0023913842773437277,-0.07664352539062498,0.19563356968444784,0.33563356968444785,-0.08,0.08,-0.13854931130808087,0.030041595807125367,2.609127388279943,not_applicable,0.0,False,-2460.81868636484,-0.09308439937138803,0.6752131375769588,18.83655586494985,19.029141790709453,19.137531942473796,0.35,0.0,True,True,58503.47119140625,4021.257875604648,13.628240352871046,0.00021782291948478367,1761.1543827751625,1.0723277043759831,1.0812466313241433,0.9873133160902805,0.966772287404146,0.4038597981810853,1.0,0.004263687269015818,0.00123702779198544,0.004575311190917361,-0.007738486820527819,0.024954649928887067,-0.02634981112409618,1735.942860410549,True
12,stress,10067,gain_scheduled_lqr,91.5,0.1269264110817225,0.027601020601212785,2.546296668786371,0.12400457835820143,0.026005035617956123,2.5482137423785733,0.2649344507184448,-0.0023870996093749985,-0.07783817016601564,0.19493445071844479,0.3349344507184448,-0.08,0.08,-0.13800803963672229,0.029988120210587783,2.624134838952387,not_applicable,0.0,False,-2555.7880442589903,-0.09322191760632308,0.6776130033816398,18.87278437523554,19.379802070693618,19.309556312367693,0.35,0.0,True,True,58324.274475097656,4006.4931526819596,13.57820198205314,0.00022406585070821743,1798.351104207309,1.0723277043759831,1.0812466313241433,0.9873133160902805,0.966772287404146,0.4038597981810853,1.0,0.004263687269015818,0.00123702779198544,0.004575311190917361,-0.007738486820527819,0.024954649928887067,-0.02634981112409618,1735.942860410549,True
12,stress,10067,gain_scheduled_lqr,92.0,0.12676125747971834,0.027549932007888793,2.560084404658797,0.13326410976709469,0.02617258633052656,2.5512233916589184,0.2642223891810669,-0.002382624511718723,-0.07903062499999998,0.19422238918106688,0.3342223891810669,-0.08,0.08,-0.13746113170134855,0.029932556519607516,2.639115029658797,not_applicable,0.0,False,-2652.5240257405994,-0.09335688249400256,0.6800115130186897,18.92996416833511,18.83655586494985,18.97370143614144,0.35,0.0,True,True,58145.40625,3991.771023383624,13.528307963119177,0.00023047576905104253,1836.2276370067507,1.0723277043759831,1.0812466313241433,0.9873133160902805,0.966772287404146,0.4038597981810853,1.0,0.004263687269015818,0.00123702779198544,0.004575311190917361,-0.007738486820527819,0.024954649928887067,-0.02634981112409618,1735.942860410549,True
12,stress,10067,gain_scheduled_lqr,92.5,0.1265886516249526,0.027496910499729157,2.573846112854811,0.12640961866062284,0.02531591075973365,2.573006493626082,0.26349764920642377,-0.0023779589843750393,-0.08022079467773437,0.19349764920642376,0.3334976492064238,-0.08,0.08,-0.13690899758147118,0.029874869484104196,2.6540669075325454,not_applicable,0.0,False,-2751.039246720118,-0.09348922994949405,0.6824084562523166,18.852792500986347,18.87278437523554,18.90204508320415,0.35,0.0,True,True,57966.880798339844,3977.092509946549,13.478561760480225,0.00023705624412658524,1874.790696794484,1.0723277043759831,1.0812466313241433,0.9873133160902805,0.966772287404146,0.4038597981810853,1.0,0.004263687269015818,0.00123702779198544,0.004575311190917361,-0.007738486820527819,0.024954649928887067,-0.02634981112409618,1735.942860410549,True
12,stress,10067,gain_scheduled_lqr,93.0,0.12640844602397527,0.02744192057743349,2.5875808180350237,0.11932212127743692,0.02905502222448382,2.586763028834552,0.26276049492862513,-0.0023731030273437537,-0.08140858398437502,0.19276049492862513,0.33276049492862514,-0.08,0.08,-0.13635204890464986,0.029815023604777245,2.668989402019399,not_applicable,0.0,False,-2851.345464281115,-0.09361889534610202,0.6848036218182828,19.737328148658605,18.92996416833511,18.92186908322825,0.35,0.0,True,True,57788.71240234375,3962.4586325442483,13.428966831554407,0.00024381087500505988,1914.0468333963206,1.0723277043759831,1.0812466313241433,0.9873133160902805,0.966772287404146,0.4038597981810853,1.0,0.004263687269015818,0.00123702779198544,0.004575311190917361,-0.007738486820527819,0.024954649928887067,-0.02634981112409618,1735.942860410549,True
12,stress,10067,gain_scheduled_lqr,93.5,0.1262204916826944,0.027384926509733936,2.60128752705214,0.12482861653987838,0.02705963343533434,2.598112000496205,0.2620111904817807,-0.0023680566406250325,-0.08259389770507812,0.19201119048178067,0.3320111904817807,-0.08,0.08,-0.13579069879908628,0.02975298315035897,2.683881424757218,not_applicable,0.0,False,-2953.4535300570988,-0.09374581353264094,0.6871967974318803,19.36327746133006,18.852792500986347,18.872821123325387,0.35,0.0,True,True,57610.91534423828,3947.870409305223,13.379526626829191,0.0002507432878870154,1954.0024199465931,1.0723277043759831,1.0812466313241433,0.9873133160902805,0.966772287404146,0.4038597981810853,1.0,0.004263687269015818,0.00123702779198544,0.004575311190917361,-0.007738486820527819,0.024954649928887067,-0.02634981112409618,1735.942860410549,True
12,stress,10067,gain_scheduled_lqr,94.0,0.1260246381572373,0.027325892351579454,2.6149652288395124,0.12322380068852501,0.027028681177402654,2.627622805988333,0.26125000000000004,-0.002362819824218737,-0.08377664062500005,0.19125000000000003,0.33125000000000004,-0.08,0.08,-0.13522536184276274,0.02968871217579819,2.6987418694645124,not_applicable,0.0,False,-3057.373342847388,-0.09386991885180807,0.6895877697961353,19.503839109772706,19.737328148658605,19.486665997204593,0.35,0.0,True,True,57433.50390625,3933.3288563310607,13.330244589922744,0.0002578571336201819,1994.6636417717184,1.0723277043759831,1.0812466313241433,0.9873133160902805,0.966772287404146,0.4038597981810853,1.0,0.004263687269015818,0.00123702779198544,0.004575311190917361,-0.007738486820527819,0.024954649928887067,-0.02634981112409618,1735.942860410549,True
12,stress,10067,gain_scheduled_lqr,94.5,0.1258207336083524,0.02726478196326701,2.6286128943090286,0.1222065226887902,0.02692210498560856,2.628729138903913,0.26047718761739297,-0.0023573925781249505,-0.08495671752929686,0.19047718761739296,0.330477187617393,-0.08,0.08,-0.13465645400904058,0.02962217454139196,2.7135696118383255,not_applicable,0.0,False,-3163.1138005201874,-0.09399114515967938,0.691976324610243,19.49048595160068,19.36327746133006,19.399053730302715,0.35,0.0,True,True,57256.49237060547,3918.834987714277,13.281124157644383,0.0002651560850552338,2036.0364850592448,1.0723277043759831,1.0812466313241433,0.9873133160902805,0.966772287404146,0.4038597981810853,1.0,0.004263687269015818,0.00123702779198544,0.004575311190917361,-0.007738486820527819,0.024954649928887067,-0.02634981112409618,1735.942860410549,True
12,stress,10067,gain_scheduled_lqr,95.0,0.12560862485943394,0.027201559030533708,2.6422294762588003,0.11122124903028642,0.025960631157470347,2.64163137957978,0.25969301746806916,-0.0023517749023438117,-0.086134033203125,0.18969301746806916,0.32969301746806917,-0.08,0.08,-0.13408439260863522,0.02955333393287752,2.7283635094619254,not_applicable,0.0,False,-3270.6827512551463,-0.09410942584635118,0.6943622465782294,19.346699186764422,19.503839109772706,19.473456790266685,0.35,0.0,True,True,57079.89501953125,3904.3898155558845,13.232168760054128,0.0002726438342360591,2078.126725318598,1.0723277043759831,1.0812466313241433,0.9873133160902805,0.966772287404146,0.4038597981810853,1.0,0.004263687269015818,0.00123702779198544,0.004575311190917361,-0.007738486820527819,0.024954649928887067,-0.02634981112409618,1735.942860410549,True
12,stress,10067,gain_scheduled_lqr,95.5,0.1253881574582509,0.027136187085622845,2.6558139092911457,0.12533116032982283,0.02683657890004324,2.6602127955427988,0.25889775368613827,-0.0023459667968750153,-0.08730849243164067,0.18889775368613826,0.32889775368613827,-0.08,0.08,-0.13350959622788736,0.02948215388249786,2.743122401722786,not_applicable,0.0,False,-3380.0869441815357,-0.094224693857749,0.6967453194178412,19.633767273273964,19.49048595160068,19.485548378981427,0.35,0.0,True,True,56903.726135253906,3889.99434998271,13.183381820521381,0.00028032408942018413,2120.939915640205,1.0723277043759831,1.0812466313241433,0.9873133160902805,0.966772287404146,0.4038597981810853,1.0,0.004263687269015818,0.00123702779198544,0.004575311190917361,-0.007738486820527819,0.024954649928887067,-0.02634981112409618,1735.942860410549,True
12,stress,10067,gain_scheduled_lqr,96.0,0.1251591757424578,0.027068629529335766,2.669365109741348,0.12914634129949254,0.028442178839575446,2.671046946038084,0.25809166040571,-0.0023399682617187,-0.08848000000000002,0.18809166040571001,0.32809166040571003,-0.08,0.08,-0.13293248466325222,0.029408597791054467,2.757845109741348,not_applicable,0.0,False,-3491.3319794725667,-0.09433688171862477,0.6991253258696613,20.040772764069057,19.346699186764422,19.386958243346815,0.35,0.0,True,True,56728.0,3875.649599164461,13.134766755782778,0.0002882005719251131,2164.4813747603575,1.0723277043759831,1.0812466313241433,0.9873133160902805,0.966772287404146,0.4038597981810853,1.0,0.004263687269015818,0.00123702779198544,0.004575311190917361,-0.007738486820527819,0.024954649928887067,-0.02634981112409618,1735.942860410549,True
12,stress,10067,gain_scheduled_lqr,96.5,0.12492152290896309,0.026998849654080153,2.6828819756176916,0.1266573907508849,0.02790202307294646,2.6832580291836035,0.2572750017608941,-0.002333779296874977,-0.08964846069335937,0.18727500176089407,0.3272750017608941,-0.08,0.08,-0.132353478851931,0.02933262895095513,2.772530436311051,not_applicable,0.0,False,-3604.42225796035,-0.09444592155676225,0.7015020477064505,19.986349301748835,19.633767273273964,19.562205469116304,0.35,0.0,True,True,56552.730895996094,3861.356569330537,13.086326975999148,0.00029627701279643623,2208.7561749396373,1.0723277043759831,1.0812466313241433,0.9873133160902805,0.966772287404146,0.4038597981810853,1.0,0.004263687269015818,0.00123702779198544,0.004575311190917361,-0.007738486820527819,0.024954649928887067,-0.02634981112409618,1735.942860410549,True
12,stress,10067,gain_scheduled_lqr,97.0,0.12467504108722736,0.02692681066792405,2.6963633865532732,0.1267698532009545,0.025739032543661257,2.6958981631425987,0.25644804188580017,-0.002327399902343763,-0.090813779296875,0.18644804188580016,0.3264480418858002,-0.08,0.08,-0.1317730007985728,0.02925421057026781,2.787177165850148,not_applicable,0.0,False,-3719.3609303404555,-0.09455174512840911,0.703875265742714,19.580956803691294,20.040772764069057,19.902013096127497,0.35,0.0,True,True,56377.93310546875,3847.116264786609,13.038065884811717,0.00030455714929369194,2253.7691296634093,1.0723277043759831,1.0812466313241433,0.9873133160902805,0.966772287404146,0.4038597981810853,1.0,0.004263687269015818,0.00123702779198544,0.004575311190917361,-0.007738486820527819,0.024954649928887067,-0.02634981112409618,1735.942860410549,True
12,stress,10067,gain_scheduled_lqr,97.5,0.12441957141655996,0.0268524757196636,2.7098082037700935,0.12467659658468135,0.026564176765292,2.709816093644796,0.25561104491453795,-0.00232083007812503,-0.09197586059570313,0.18561104491453795,0.32561104491453796,-0.08,0.08,-0.131191473497978,0.02917330579778863,2.8017840643657967,not_applicable,0.0,False,-3836.1498460390785,-0.0946542838449535,0.7062447598444915,19.832002135196166,19.986349301748835,19.961896180921546,0.35,0.0,True,True,56203.62091064453,3832.929687930953,12.989986879397451,0.0003130447211901038,2299.524781173368,1.0723277043759831,1.0812466313241433,0.9873133160902805,0.966772287404146,0.4038597981810853,1.0,0.004263687269015818,0.00123702779198544,0.004575311190917361,-0.007738486820527819,0.024954649928887067,-0.02634981112409618,1735.942860410549,True
12,stress,10067,gain_scheduled_lqr,98.0,0.1241549541274792,0.026775807924910952,2.7232152700559373,0.12590175915059681,0.02632493016833538,2.7242851471299137,0.2547642749812171,-0.0023140698242187507,-0.09313460937500002,0.1847642749812171,0.3247642749812171,-0.08,0.08,-0.13060932085373791,0.029089877749129703,2.816349879430937,not_applicable,0.0,False,-3954.7895018204445,-0.09475346880086113,0.708610308939371,19.85435393210673,19.580956803691294,19.691409444412496,0.35,0.0,True,True,56029.80859375,3818.7978392705595,12.942093350523658,0.00032174346688248166,2346.0273878398416,1.0723277043759831,1.0812466313241433,0.9873133160902805,0.966772287404146,0.4038597981810853,1.0,0.004263687269015818,0.00123702779198544,0.004575311190917361,-0.007738486820527819,0.024954649928887067,-0.02634981112409618,1735.942860410549,True
12,stress,10067,gain_scheduled_lqr,98.5,0.12388102862719719,0.02669677039320724,2.736583409754556,0.12928603662962782,0.027933649699271423,2.7398648862121893,0.2539079962199474,-0.0023071191406249802,-0.09428993041992188,0.1839079962199474,0.3239079962199474,-0.08,0.08,-0.13002696759275023,0.02900388953383222,2.830873340174478,not_applicable,0.0,False,-4075.278990216084,-0.09484923080288792,0.7109716910267249,20.28467023342386,19.832002135196166,19.791237554553273,0.35,0.0,True,True,55856.51043701172,3804.721717437004,12.89438868260177,0.0003306571193077416,2393.2809113850108,1.0723277043759831,1.0812466313241433,0.9873133160902805,0.966772287404146,0.4038597981810853,1.0,0.004263687269015818,0.00123702779198544,0.004575311190917361,-0.007738486820527819,0.024954649928887067,-0.02634981112409618,1735.942860410549,True
12,stress,10067,gain_scheduled_lqr,99.0,0.12359763358928551,0.026615326256163883,2.7499114287696624,0.12033396550176202,0.025627447661925182,2.759593446752567,0.2530424727648385,-0.0022999780273437465,-0.095441728515625,0.18304247276483848,0.3230424727648385,-0.08,0.08,-0.129444839175553,0.02891530428350763,2.8453531572852873,not_applicable,0.0,False,-4197.615947862276,-0.09494150040058136,0.7133286831881679,19.88096348886639,19.85435393210673,19.83605345966877,0.35,0.0,True,True,55683.74072265625,3790.7023192021034,12.846876253740414,0.00033978940166271015,2441.289003967942,1.0723277043759831,1.0812466313241433,0.9873133160902805,0.966772287404146,0.4038597981810853,1.0,0.004263687269015818,0.00123702779198544,0.004575311190917361,-0.007738486820527819,0.024954649928887067,-0.02634981112409618,1735.942860410549,True
12,stress,10067,gain_scheduled_lqr,99.5,0.12330460704757394,0.02653143869663378,2.763198114583253,0.12412094268399547,0.026583332037788485,2.7578320896253974,0.25216796875,-0.002292646484374994,-0.09658990844726563,0.18216796875000002,0.32216796875000003,-0.08,0.08,-0.12886336170242607,0.028824085181008773,2.859788023030519,not_applicable,0.0,False,-4321.796503836091,-0.09503020791808264,0.7156810615982359,20.08514793230011,20.28467023342386,20.15459466157473,0.35,0.0,True,True,55511.513732910156,3776.7406394933505,12.7995594357977,0.0003491440229240871,2490.0549951428397,1.0723277043759831,1.0812466313241433,0.9873133160902805,0.966772287404146,0.4038597981810853,1.0,0.004263687269015818,0.00123702779198544,0.004575311190917361,-0.007738486820527819,0.024954649928887067,-0.02634981112409618,1735.942860410549,True
12,stress,10067,gain_scheduled_lqr,100.0,0.1230017864943285,0.02644507097891203,2.7764422362887764,0.12156566429332627,0.025323643685727024,2.7748239814876556,0.25128474830954173,-0.00228512451171875,-0.097734375,0.18128474830954172,0.32128474830954173,-0.08,0.08,-0.12828296181521323,0.02873019549063078,2.8741766112887763,not_applicable,0.0,False,-4447.815228084719,-0.09511528348723926,0.7180286015352851,19.896793468247168,19.88096348886639,19.9603023218036,0.35,0.0,True,True,55339.84375,3762.837671409129,12.752441594432808,0.0003587246731656791,2539.5818787025255,1.0723277043759831,1.0812466313241433,0.9873133160902805,0.966772287404146,0.4038597981810853,1.0,0.004263687269015818,0.00123702779198544,0.004575311190917361,-0.007738486820527819,0.024954649928887067,-0.02634981112409618,1735.942860410549,True
12,stress,10067,gain_scheduled_lqr,100.5,0.12268900898275023,0.026356186479964034,2.789642544639657,0.12822425220057876,0.027812711897168108,2.787743483769029,0.2503930755775733,-0.0022774121093749877,-0.09887503295898438,0.18039307557757328,0.3203930755775733,-0.08,0.08,-0.12770406659482306,0.02863359858933902,2.8885175775986416,not_applicable,0.0,False,-4575.665080047446,-0.09519665708203687,0.7203710773926116,20.506118700595042,20.08514793230011,20.048949187339556,0.35,0.0,True,True,55168.745056152344,3748.9944062337245,12.705526089156843,0.00036853501867028805,2589.872299419878,1.0723277043759831,1.0812466313241433,0.9873133160902805,0.966772287404146,0.4038597981810853,1.0,0.004263687269015818,0.00123702779198544,0.004575311190917361,-0.007738486820527819,0.024954649928887067,-0.02634981112409618,1735.942860410549,True
12,stress,10067,gain_scheduled_lqr,101.0,0.12236611123383001,0.026264748721676775,2.80279777211369,0.11973884056453216,0.02552006168266155,2.8022723142258514,0.2494932146882044,-0.002269509277343762,-0.10001178710937499,0.1794932146882044,0.3194932146882044,-0.08,0.08,-0.1271271034543744,0.028534257999020537,2.9028095592230647,not_applicable,0.0,False,-4705.337357573192,-0.09527425855435609,0.7227082626897876,20.08002479555121,19.896793468247168,19.940910726737958,0.35,0.0,True,True,54998.23193359375,3735.2118334521238,12.658816273383003,0.0003785786968338992,2640.928539700357,1.0723277043759831,1.0812466313241433,0.9873133160902805,0.966772287404146,0.4038597981810853,1.0,0.004263687269015818,0.00123702779198544,0.004575311190917361,-0.007738486820527819,0.024954649928887067,-0.02634981112409618,1735.942860410549,True
12,stress,10067,gain_scheduled_lqr,101.5,0.12203292974758866,0.026170721404126983,2.8159066329938147,0.12059602865429214,0.026209610870094102,2.813492167184758,0.24858542977554474,-0.0022614160156250174,-0.10114454223632814,0.17858542977554473,0.3185854297755447,-0.08,0.08,-0.1265525000279561,0.028432137419752,2.9170511752301427,not_applicable,0.0,False,-4836.821646241303,-0.09534801767105947,0.7250399300842185,20.288419692743386,20.506118700595042,20.342237734224213,0.35,0.0,True,True,54828.31866455078,3721.4909407646123,12.612315494476045,0.0003888593108601378,2692.752506159524,1.0723277043759831,1.0812466313241433,0.9873133160902805,0.966772287404146,0.4038597981810853,1.0,0.004263687269015818,0.00123702779198544,0.004575311190917361,-0.007738486820527819,0.024954649928887067,-0.02634981112409618,1735.942860410549,True
12,stress,10067,gain_scheduled_lqr,102.0,0.121689300918725,0.02607406843985777,2.8289678234657787,0.12605223756105224,0.02600551654998089,2.8352972797592497,0.24766998497370402,-0.0022531323242187262,-0.102273203125,0.177669984973704,0.317669984973704,-0.08,0.08,-0.12598068405497903,0.028327200764076497,2.931241026590779,not_applicable,0.0,False,-4970.105769197025,-0.09541786415241006,0.7273658513829152,20.354029652417598,20.08002479555121,20.156052933461968,0.35,0.0,True,True,54659.01953125,3707.8327141011764,12.566027093801093,0.00039938042424328163,2745.3457161399833,1.0723277043759831,1.0812466313241433,0.9873133160902805,0.966772287404146,0.4038597981810853,1.0,0.004263687269015818,0.00123702779198544,0.004575311190917361,-0.007738486820527819,0.024954649928887067,-0.02634981112409618,1735.942860410549,True
12,stress,10067,gain_scheduled_lqr,102.5,0.12133506115668771,0.025974753989153096,2.8419800217331854,0.1207302113218336,0.0275778875175289,2.8419882049054315,0.2467471444167919,-0.0022446582031250273,-0.10339767456054687,0.1767471444167919,0.3167471444167919,-0.08,0.08,-0.1254120832601042,0.028219412192278123,2.945377696293732,not_applicable,0.0,False,-5105.175737617039,-0.09548372771182245,0.7296857975544854,20.731772483027008,20.288419692743386,20.250040205139236,0.35,0.0,True,True,54490.34881591797,3694.2381376357025,12.519954406771761,0.0004101455550384674,2798.7092841827225,1.0723277043759831,1.0812466313241433,0.9873133160902805,0.966772287404146,0.4038597981810853,1.0,0.004263687269015818,0.00123702779198544,0.004575311190917361,-0.007738486820527819,0.024954649928887067,-0.02634981112409618,1735.942860410549,True
12,stress,10067,gain_scheduled_lqr,103.0,0.1209700470101794,0.02587274249629702,2.854941888150428,0.11542311531127426,0.02714305353075483,2.863991261038686,0.24581717223891814,-0.0022359936523437263,-0.10451786132812503,0.17581717223891813,0.31581717223891814,-0.08,0.08,-0.12484712522873874,0.028108736148640748,2.9594597494785533,not_applicable,0.0,False,-5242.015701924343,-0.09554553809694327,0.7319995387413384,20.746538005526315,20.354029652417598,20.32387811192172,0.35,0.0,True,True,54322.32080078125,3680.708193799991,12.474100762897656,0.00042115816991810523,2852.8439084684696,1.0723277043759831,1.0812466313241433,0.9873133160902805,0.966772287404146,0.4038597981810853,1.0,0.004263687269015818,0.00123702779198544,0.004575311190917361,-0.007738486820527819,0.024954649928887067,-0.02634981112409618,1735.942860410549,True
12,stress,10067,gain_scheduled_lqr,103.5,0.12059409529609391,0.025767998726802445,2.867852065373996,0.1150882263694669,0.02622460364669999,2.8734662774128212,0.24488033257419237,-0.0022271386718749897,-0.1056336682128906,0.17488033257419236,0.31488033257419235,-0.08,0.08,-0.12428623727809845,0.027995137398677435,2.9734857335868865,not_applicable,0.0,False,-5380.607903875474,-0.0956032251320571,0.7343068442721085,20.595975799815054,20.731772483027008,20.613504293606773,0.35,0.0,True,True,54154.949768066406,3667.243863297581,12.428469485831211,0.00043242167801392,2907.7498572452314,1.0723277043759831,1.0812466313241433,0.9873133160902805,0.966772287404146,0.4038597981810853,1.0,0.004263687269015818,0.00123702779198544,0.004575311190917361,-0.007738486820527819,0.024954649928887067,-0.02634981112409618,1735.942860410549,True
12,stress,10067,gain_scheduled_lqr,104.0,0.12020704323287988,0.02566048780559142,2.8807091785326344,0.1161661015369067,0.024196465009848563,2.883111784798147,0.2439368895567243,-0.00221809326171879,-0.10674500000000002,0.1739368895567243,0.3139368895567243,-0.08,0.08,-0.12372984632384441,0.02787858106731021,2.9874541785326345,not_applicable,0.0,False,-5520.932629646367,-0.09565671876181006,0.7366074826742901,20.204753939578747,20.746538005526315,20.70796513628582,0.35,0.0,True,True,53988.25,3653.846125117388,12.383063893413926,0.00044393942454445284,2963.426955258697,1.0723277043759831,1.0812466313241433,0.9873133160902805,0.966772287404146,0.4038597981810853,1.0,0.004263687269015818,0.00123702779198544,0.004575311190917361,-0.007738486820527819,0.024954649928887067,-0.02634981112409618,1735.942860410549,True
12,stress,10067,gain_scheduled_lqr,104.5,0.11980872857831498,0.025550175256106717,2.8935118354168257,0.11456536398364398,0.023859172896859904,2.899101789700402,0.24298710732062362,-0.002208857421874988,-0.10785176147460938,0.1729871073206236,0.3129871073206236,-0.08,0.08,-0.12317837874230864,0.027759032677981705,3.001363596891435,not_applicable,0.0,False,-5662.968164046826,-0.095705949096242,0.7389012216870896,20.211964285646317,20.595975799815054,20.62844689281612,0.35,0.0,True,True,53822.235778808594,3640.5159565471645,12.337887297721966,0.00045571468422831915,3019.874570202814,1.0723277043759831,1.0812466313241433,0.9873133160902805,0.966772287404146,0.4038597981810853,1.0,0.004263687269015818,0.00123702779198544,0.004575311190917361,-0.007738486820527819,0.024954649928887067,-0.02634981112409618,1735.942860410549,True
12,stress,10067,gain_scheduled_lqr,105.0,0.11939898977166705,0.025437027040331642,2.9062586266880563,0.11678656021162062,0.026953351486627385,2.9050220500976334,0.24203125000000003,-0.002199431152343778,-0.10895385742187501,0.17203125000000002,0.31203125000000004,-0.08,0.08,-0.12263226022833298,0.02763645819267542,3.0152124841099313,not_applicable,0.0,False,-5806.690745996357,-0.09575084645711389,0.7411878282744888,20.918018533441092,20.204753939578747,20.32760289754233,0.35,0.0,True,True,53656.92138671875,3627.2543331867764,12.292943005111177,0.00046775065448398785,3077.091599208308,1.0723277043759831,1.0812466313241433,0.9873133160902805,0.966772287404146,0.4038597981810853,1.0,0.004263687269015818,0.00123702779198544,0.004575311190917361,-0.007738486820527819,0.024954649928887067,-0.02634981112409618,1735.942860410549,True
12,stress,10067,gain_scheduled_lqr,105.5,0.11897766608020877,0.025321009599692457,2.918948126108314,0.11414420716613309,0.025027030996210443,2.9163377123205336,0.2410695817289632,-0.002189814453124994,-0.11005119262695316,0.1710695817289632,0.3110695817289632,-0.08,0.08,-0.12209191564875443,0.02751082405281745,3.028999318735267,not_applicable,0.0,False,-5952.0745253970645,-0.09579134142551587,0.7434670686385235,20.556360885738624,20.211964285646317,20.245493479047422,0.35,0.0,True,True,53492.32110595703,3614.062228961312,12.248234316261492,0.00048005044841733683,3135.0764553873933,1.0723277043759831,1.0812466313241433,0.9873133160902805,0.966772287404146,0.4038597981810853,1.0,0.004263687269015818,0.00123702779198544,0.004575311190917361,-0.007738486820527819,0.024954649928887067,-0.02634981112409618,1735.942860410549,True
12,stress,10067,gain_scheduled_lqr,106.0,0.1185445977500438,0.025202089896815088,2.931578890790249,0.11564367104575023,0.02452302930670805,2.9333805746724755,0.24010236664162288,-0.0021800073242187468,-0.111143671875,0.17010236664162287,0.3101023666416229,-0.08,0.08,-0.12155776889157907,0.027382097221033835,3.042722562665249,not_applicable,0.0,False,-6099.091521542332,-0.09582736489073726,0.7457387082327718,20.53259347778436,20.918018533441092,20.723021185702862,0.35,0.0,True,True,53328.44921875,3600.9406161340166,12.20376452622078,0.0004926170875987996,3193.827054453607,1.0723277043759831,1.0812466313241433,0.9873133160902805,0.966772287404146,0.4038597981810853,1.0,0.004263687269015818,0.00123702779198544,0.004575311190917361,-0.007738486820527819,0.024954649928887067,-0.02634981112409618,1735.942860410549,True
12,stress,10067,gain_scheduled_lqr,106.5,0.11809962616119206,0.025080235458104935,2.9441494614684243,0.11595329386100496,0.02746045910939904,2.94603226115809,0.23912986887208867,-0.0021700097656249806,-0.11223119995117191,0.16912986887208867,0.3091298688720887,-0.08,0.08,-0.12103024271089662,0.027250245223729916,3.0563806614195963,not_applicable,0.0,False,-6247.711583201771,-0.09585884810037759,0.7480025117760563,21.236649715517004,20.556360885738624,20.60468371959287,0.35,0.0,True,True,53165.32000732422,3587.890465319055,12.159536924448094,0.0005054534946324325,3253.3408014359165,1.0723277043759831,1.0812466313241433,0.9873133160902805,0.966772287404146,0.4038597981810853,1.0,0.004263687269015818,0.00123702779198544,0.004575311190917361,-0.007738486820527819,0.024954649928887067,-0.02634981112409618,1735.942860410549,True
12,stress,10067,gain_scheduled_lqr,107.0,0.11764259398687207,0.024955414417115906,2.9566583627920484,0.11923420984244541,0.024926393553032236,2.958726099556322,0.23815235255447037,-0.0021598217773437234,-0.11331368164062498,0.16815235255447036,0.3081523525544704,-0.08,0.08,-0.1205097585675983,0.02711523619445963,3.0699720444326735,not_applicable,0.0,False,-6397.902350525505,-0.09588572271167425,0.7502582432663564,20.74993761242315,20.53259347778436,20.553495904926113,0.35,0.0,True,True,53002.94775390625,3574.912745494116,12.115554794856395,0.0005185624855198363,3313.6145775069144,1.0723277043759831,1.0812466313241433,0.9873133160902805,0.966772287404146,0.4038597981810853,1.0,0.004263687269015818,0.00123702779198544,0.004575311190917361,-0.007738486820527819,0.024954649928887067,-0.02634981112409618,1735.942860410549,True
12,stress,10067,gain_scheduled_lqr,107.5,0.11717334535690822,0.024827595558671815,2.969104103639586,0.12592243813825785,0.026028261080874502,2.9592481268976067,0.23717008182287758,-0.0021494433593750306,-0.11439102172851563,0.16717008182287757,0.3071700818228776,-0.08,0.08,-0.11999673646596935,0.026977038918046845,3.0834951253681018,not_applicable,0.0,False,-6549.629218912334,-0.09590792084401942,0.7525056659949317,20.996355038424475,21.236649715517004,21.03857058033506,0.35,0.0,True,True,52841.346740722656,3562.008424012848,12.071821415854684,0.0005319467618224608,3374.644726945224,1.0723277043759831,1.0812466313241433,0.9873133160902805,0.966772287404146,0.4038597981810853,1.0,0.004263687269015818,0.00123702779198544,0.004575311190917361,-0.007738486820527819,0.024954649928887067,-0.02634981112409618,1735.942860410549,True
12,stress,10067,gain_scheduled_lqr,108.0,0.11669172602517969,0.024696748363700508,2.981485177455606,0.11183922402290784,0.024368582153009532,2.984768657806254,0.23618332081142,-0.0021388745117187358,-0.11546312500000001,0.16618332081141998,0.30618332081141997,-0.08,0.08,-0.1194915947862403,0.026835622875419244,3.096948302455606,not_applicable,0.0,False,-6702.855304987939,-0.09592537513263556,0.7547445425606546,20.759644896674306,20.74993761242315,20.83362618706425,0.35,0.0,True,True,52680.53125,3549.1784666171407,12.028340060389635,0.0005456089026264557,3436.4270442527436,1.0723277043759831,1.0812466313241433,0.9873133160902805,0.966772287404146,0.4038597981810853,1.0,0.004263687269015818,0.00123702779198544,0.004575311190917361,-0.007738486820527819,0.024954649928887067,-0.02634981112409618,1735.942860410549,True
12,stress,10067,gain_scheduled_lqr,108.5,0.11619758354101747,0.02456284305473807,2.9938000626102155,0.11750836599235955,0.026052186183566747,2.988134272430426,0.2351923336542074,-0.0021281152343750054,-0.11652989624023437,0.16519233365420738,0.3051923336542074,-0.08,0.08,-0.11899475011318991,0.026690958289113074,3.11032995885045,not_applicable,0.0,False,-6857.5414148402415,-0.09593801878337568,0.7569746348845532,21.146216735608096,20.996355038424475,20.94917212054145,0.35,0.0,True,True,52520.515563964844,3536.423837449245,11.98511399598667,0.0005595513563148808,3498.9567614476496,1.0723277043759831,1.0812466313241433,0.9873133160902805,0.966772287404146,0.4038597981810853,1.0,0.004263687269015818,0.00123702779198544,0.004575311190917361,-0.007738486820527819,0.024954649928887067,-0.02634981112409618,1735.942860410549,True
12,stress,10067,gain_scheduled_lqr,109.0,0.11569076742444448,0.02442585064205758,3.0060472227814037,0.11069112342990865,0.024806554004058314,3.005706116893942,0.23419738448534938,-0.002117165527343756,-0.11759124023437502,0.16419738448534937,0.3041973844853494,-0.08,0.08,-0.1185066170609049,0.026543016169401336,3.1236384630157787,not_applicable,0.0,False,-7013.646014659747,-0.09594578562861084,0.7591957042245618,20.962025110315466,20.759644896674306,20.814597951191512,0.35,0.0,True,True,52361.31396484375,3523.7454990637425,11.942146484790516,0.0005737764321527753,3562.228535554511,1.0723277043759831,1.0812466313241433,0.9873133160902805,0.966772287404146,0.4038597981810853,1.0,0.004263687269015818,0.00123702779198544,0.004575311190917361,-0.007738486820527819,0.024954649928887067,-0.02634981112409618,1735.942860410549,True
12,stress,10067,gain_scheduled_lqr,109.5,0.1151711293451424,0.024285742970373947,3.0182251073605935,0.11114030072226126,0.02576729010515443,3.018635965755124,0.23319873743895572,-0.002106025390624988,-0.11864706176757812,0.16319873743895572,0.30319873743895576,-0.08,0.08,-0.11802760809381332,0.026391768360998935,3.136872169128172,not_applicable,0.0,False,-7171.12520393313,-0.0959486101841644,0.7614075111904817,21.236663361299534,21.146216735608096,21.050064506038435,0.35,0.0,True,True,52202.94073486328,3511.1444124393643,11.899440783605273,0.0005882862916912847,3626.236436313161,1.0723277043759831,1.0812466313241433,0.9873133160902805,0.966772287404146,0.4038597981810853,1.0,0.004263687269015818,0.00123702779198544,0.004575311190917361,-0.007738486820527819,0.024954649928887067,-0.02634981112409618,1735.942860410549,True
12,stress,10067,gain_scheduled_lqr,110.0,0.11463852330501766,0.024142492766073324,3.030332151881679,0.11391101303284659,0.02173480286268343,3.0313819920684204,0.23219665664913602,-0.0020946948242187846,-0.11969726562500001,0.16219665664913602,0.30219665664913603,-0.08,0.08,-0.11755813334411837,0.02623718759029211,3.150029417506679,not_applicable,0.0,False,-7329.932691337928,-0.09594642770724908,0.7636098157591469,20.423483421444143,20.962025110315466,20.98755196399965,0.35,0.0,True,True,52045.41015625,3498.6215369906577,11.857000143933941,0.0006030829399977701,3690.9739341282293,1.0723277043759831,1.0812466313241433,0.9873133160902805,0.966772287404146,0.4038597981810853,1.0,0.004263687269015818,0.00123702779198544,0.004575311190917361,-0.007738486820527819,0.024954649928887067,-0.02634981112409618,1735.942860410549,True
12,stress,10067,gain_scheduled_lqr,110.5,0.1140928058242267,0.02399607368491275,3.042366778473796,0.11220106349950305,0.024063097177520455,3.0485733119440805,0.23119140625,-0.002083173828124979,-0.12074175659179691,0.16119140625,0.30119140625,-0.08,0.08,-0.1170986004257733,0.02607924751303773,3.163108535065593,not_applicable,0.0,False,-7490.019773486063,-0.09593917425535844,0.7658023772898002,21.016078296628166,21.236663361299534,21.164433990144527,0.35,0.0,True,True,51888.73651123047,3486.17783057951,11.81482781201748,0.0006181682167195918,3756.4338882816446,1.0723277043759831,1.0812466313241433,0.9873133160902805,0.966772287404146,0.4038597981810853,1.0,0.004263687269015818,0.00123702779198544,0.004575311190917361,-0.007738486820527819,0.024954649928887067,-0.02634981112409618,1735.942860410549,True
12,stress,10067,gain_scheduled_lqr,111.0,0.11353383613050924,0.023846460360132663,3.0543273963380466,0.10987994687303322,0.022720903017650593,3.055692677771346,0.23018325037565746,-0.002071462402343738,-0.12178043945312499,0.16018325037565745,0.30018325037565746,-0.08,0.08,-0.11664941424514821,0.0259179227624764,3.1761078357911714,not_applicable,0.0,False,-7651.335316662467,-0.0959267867460623,0.7679849545396729,20.760601688596424,20.423483421444143,20.63832061562417,0.35,0.0,True,True,51732.93408203125,3473.81424952653,11.772927028873381,0.0006335437869900011,3822.6085354304537,1.0723277043759831,1.0812466313241433,0.9873133160902805,0.966772287404146,0.4038597981810853,1.0,0.004263687269015818,0.00123702779198544,0.004575311190917361,-0.007738486820527819,0.024954649928887067,-0.02634981112409618,1735.942860410549,True
12,stress,10067,gain_scheduled_lqr,111.5,0.11296147635166573,0.023693628450922034,3.0662124022483686,0.11146144360820294,0.02391679429002582,3.066458284664085,0.2291724531602179,-0.0020595605468750056,-0.12281321899414065,0.15917245316021789,0.2991724531602179,-0.08,0.08,-0.11621097680855216,0.02575318899779704,3.189025621242509,not_applicable,0.0,False,-7813.825741703953,-0.09590920301765096,0.7701573056797725,17.49818836878481,21.016078296628166,20.906548182616376,0.35,0.0,True,True,51578.017150878906,3461.5317486222852,11.731301030333748,0.0006492111321853989,3889.489478412666,1.0723277043759831,1.0812466313241433,0.9873133160902805,0.966772287404146,0.4038597981810853,1.0,0.004263687269015818,0.00123702779198544,0.004575311190917361,-0.007738486820527819,0.024954649928887067,-0.02634981112409618,1735.942860410549,True
12,stress,10067,gain_scheduled_lqr,112.0,0.11237559171100348,0.023537554691172996,3.078020181076711,0.11595666378912672,0.02179001790237136,3.077257536122428,0.22815927873779118,-0.0020474682617187268,-0.12383999999999999,0.15815927873779118,0.2981592787377912,-0.08,0.08,-0.11578368702678771,0.025585022952891723,3.201860181076711,not_applicable,0.0,False,-7977.4350121613115,-0.09588636189057012,0.7723191883108756,17.34303526147317,20.760601688596424,20.802918594204115,0.35,0.0,True,True,51424.0,3449.3312811384008,11.68995304708292,0.0006651715405440135,3957.067675383906,1.0723277043759831,1.0812466313241433,0.9873133160902805,0.966772287404146,0.4038597981810853,1.0,0.004263687269015818,0.00123702779198544,0.004575311190917361,-0.007738486820527819,0.024954649928887067,-0.02634981112409618,1735.942860410549,True
12,stress,10067,gain_scheduled_lqr,112.5,0.11177605072556326,0.023378216938458977,3.089749106342645,0.11278291191692529,0.0219059572967232,3.093168747110595,0.22714399124248688,-0.0020351855468749985,-0.12486068725585937,0.15714399124248687,0.2971439912424869,-0.08,0.08,-0.11536794051692362,0.025413402485333976,3.2146097935985045,not_applicable,0.0,False,-8142.104625885211,-0.09585820322958405,0.7744703594797258,17.429790357942682,17.49818836878481,18.456388549933617,0.35,0.0,True,True,51270.896911621094,3437.213798838527,11.64888630469463,0.0006814260976568882,4025.333429307826,1.0723277043759831,1.0812466313241433,0.9873133160902805,0.966772287404146,0.4038597981810853,1.0,0.004263687269015818,0.00123702779198544,0.004575311190917361,-0.007738486820527819,0.024954649928887067,-0.02634981112409618,1735.942860410549,True
12,stress,10067,gain_scheduled_lqr,113.0,0.11116272540692611,0.023215594223167598,3.1013975407875036,0.11823378815629289,0.02290908895998863,3.104743017789362,0.22612685480841474,-0.0020227124023437376,-0.125875185546875,0.15612685480841473,0.2961268548084147,-0.08,0.08,-0.11496412940148863,0.025238306625511336,3.2272727263343786,not_applicable,0.0,False,-8307.773610173474,-0.09582466800660214,0.776610575695435,17.60214323056272,17.34303526147317,17.665849908938096,0.35,0.0,True,True,51118.72216796875,3425.180251989168,11.60810402366871,0.0006979756768429129,4094.2763778232697,1.0723277043759831,1.0812466313241433,0.9873133160902805,0.966772287404146,0.4038597981810853,1.0,0.004263687269015818,0.00123702779198544,0.004575311190917361,-0.007738486820527819,0.024954649928887067,-0.02634981112409618,1735.942860410549,True
12,stress,10067,gain_scheduled_lqr,113.5,0.11053549146438742,0.023049666797716802,3.112963836973107,0.11749189092291994,0.022184108943839993,3.112933361890383,0.22510813356968448,-0.0020100488281249995,-0.1268833996582031,0.15510813356968448,0.29510813356968446,-0.08,0.08,-0.11457264210529707,0.025059715625841802,3.2398472366313102,not_applicable,0.0,False,-8474.378520613831,-0.09578569836409907,0.7787395929460911,17.569985886328055,17.429790357942682,17.49823537133164,0.35,0.0,True,True,50967.49005126953,3413.231589370381,11.567609419467352,0.000714820929420511,4163.885483511306,1.0723277043759831,1.0812466313241433,0.9873133160902805,0.966772287404146,0.4038597981810853,1.0,0.004263687269015818,0.00123702779198544,0.004575311190917361,-0.007738486820527819,0.024954649928887067,-0.02634981112409618,1735.942860410549,True
12,stress,10067,gain_scheduled_lqr,114.0,0.10989422851027368,0.022880416185780114,3.1244463379051033,0.10928625570179334,0.022650867100973037,3.1228795353467147,0.22408809166040572,-0.0019971948242187842,-0.127885234375,0.1540880916604057,0.2940880916604057,-0.08,0.08,-0.11419386315013204,0.0248776110099989,3.252331572280103,not_applicable,0.0,False,-8641.853443752041,-0.09574123767905646,0.7808571667155672,17.65604536724401,17.60214323056272,17.572015346364434,0.35,0.0,True,True,50817.21484375,3401.3687582863445,11.527405702550928,0.0007319622748894461,4234.149024585142,1.0723277043759831,1.0812466313241433,0.9873133160902805,0.966772287404146,0.4038597981810853,1.0,0.004263687269015818,0.00123702779198544,0.004575311190917361,-0.007738486820527819,0.024954649928887067,-0.02634981112409618,1735.942860410549,True
12,stress,10067,gain_scheduled_lqr,114.5,0.1092388202671641,0.022707825231444254,3.1358433776809043,0.09850665388791277,0.021247743883772922,3.127099332395745,0.22306699321468826,-0.0019841503906249947,-0.1288805944824219,0.15306699321468825,0.29306699321468827,-0.08,0.08,-0.11382817294752416,0.024691975622069248,3.2647239721633263,not_applicable,0.0,False,-8810.130003710958,-0.09569123062734919,0.7829630520005345,17.518131526199866,17.569985886328055,17.570574324367424,0.35,0.0,True,True,50667.91082763672,3389.5927045758044,11.487496078413374,0.0007493998910371331,4305.054586026053,1.0723277043759831,1.0812466313241433,0.9873133160902805,0.966772287404146,0.4038597981810853,1.0,0.004263687269015818,0.00123702779198544,0.004575311190917361,-0.007738486820527819,0.024954649928887067,-0.02634981112409618,1735.942860410549,True
12,stress,10067,gain_scheduled_lqr,115.0,0.10856915477676779,0.02253187814821995,3.1471532821621637,0.10452505288357505,0.020079549815421448,3.141613885151844,0.22204510236664166,-0.0019709155273437418,-0.12986938476562498,0.15204510236664165,0.29204510236664166,-0.08,0.08,-0.11347594758987387,0.02450279367556369,3.2770226669277887,not_applicable,0.0,False,-8979.137372880497,-0.09563562324849738,0.7850570033276781,17.481510767254914,17.65604536724401,17.631263202534353,0.35,0.0,True,True,50519.59228515625,3377.9043726223863,11.447883747617162,0.0007671337039847028,4376.589051188181,1.0723277043759831,1.0812466313241433,0.9873133160902805,0.966772287404146,0.4038597981810853,1.0,0.004263687269015818,0.00123702779198544,0.004575311190917361,-0.007738486820527819,0.024954649928887067,-0.02634981112409618,1735.942860410549,True
12,stress,10067,gain_scheduled_lqr,115.5,0.10788512461019498,0.022352560567824347,3.1583743696717073,0.1039508521096723,0.023395972753905172,3.1589316284477778,0.22102268325037566,-0.0019574902343750256,-0.13085151000976564,0.15102268325037566,0.29102268325037567,-0.08,0.08,-0.11313755864018069,0.024310050802199373,3.289225879681473,not_applicable,0.0,False,-9148.80228679326,-0.09557436301070024,0.7871387747711145,17.908621807659205,17.518131526199866,17.550933838450216,0.35,0.0,True,True,50372.273498535156,3366.304705364795,11.408571905827854,0.0007851633781890071,4448.738593895166,1.0723277043759831,1.0812466313241433,0.9873133160902805,0.966772287404146,0.4038597981810853,1.0,0.004263687269015818,0.00123702779198544,0.004575311190917361,-0.007738486820527819,0.024954649928887067,-0.02634981112409618,1735.942860410549,True
12,stress,10067,gain_scheduled_lqr,116.0,0.1071866270793484,0.0221698595886512,3.169504951714774,0.11770284832914912,0.02174767798615749,3.174453685432002,0.22000000000000003,-0.001943874511718735,-0.131826875,0.15000000000000002,0.29000000000000004,-0.08,0.08,-0.11281337292065163,0.024113734100369936,3.301331826714774,not_applicable,0.0,False,-9319.049063293895,-0.0955073988760658,0.7892081199700104,17.840397283193617,17.481510767254914,17.50163985340046,0.35,0.0,True,True,50225.96875,3354.794644306886,11.369563743848234,0.0008034883064176481,4521.488671051254,1.0723277043759831,1.0812466313241433,0.9873133160902805,0.966772287404146,0.4038597981810853,1.0,0.004263687269015818,0.00123702779198544,0.004575311190917361,-0.007738486820527819,0.024954649928887067,-0.02634981112409618,1735.942860410549,True
12,stress,10067,gain_scheduled_lqr,116.5,0.10647356444914993,0.021983763823842886,3.1805433337243985,0.10028006448358204,0.024495298379136752,3.188801748768527,0.21897731674962437,-0.0019300683593749812,-0.13279538452148437,0.14897731674962436,0.28897731674962435,-0.08,0.08,-0.11250375230047444,0.023913832183217867,3.3133387182458827,not_applicable,0.0,False,-9489.799626103462,-0.09543468136594635,0.7912647921464034,18.166101654133797,17.908621807659205,17.79061817175106,0.35,0.0,True,True,50080.692321777344,3343.3751295276165,11.330862447652041,0.0008221075997150193,4594.824015789338,1.0723277043759831,1.0812466313241433,0.9873133160902805,0.966772287404146,0.4038597981810853,1.0,0.004263687269015818,0.00123702779198544,0.004575311190917361,-0.007738486820527819,0.024954649928887067,-0.02634981112409618,1735.942860410549,True
12,stress,10067,gain_scheduled_lqr,117.0,0.10574584415030566,0.02179426344887629,3.1914878158307043,0.10813327484612584,0.02116390411087086,3.1884417529628784,0.2179548976333584,-0.001916071777343764,-0.133756943359375,0.1479548976333584,0.2879548976333584,-0.08,0.08,-0.11220905348305274,0.023710335226220056,3.3252447591900793,not_applicable,0.0,False,-9660.973532872913,-0.09535616262628704,0.7933085441232226,17.839569597130186,17.840397283193617,17.82596392544635,0.35,0.0,True,True,49936.45849609375,3332.047099690892,11.292471198417331,0.0008410200773782824,4668.7286311782445,1.0723277043759831,1.0812466313241433,0.9873133160902805,0.966772287404146,0.4038597981810853,1.0,0.004263687269015818,0.00123702779198544,0.004575311190917361,-0.007738486820527819,0.024954649928887067,-0.02634981112409618,1735.942860410549,True
12,stress,10067,gain_scheduled_lqr,117.5,0.10500337899230133,0.021601350248572807,3.2023366936538515,0.09739891857030211,0.02166402279888732,3.2085084116793636,0.2169330067853118,-0.0019018847656250282,-0.13471145629882814,0.1469330067853118,0.2869330067853118,-0.08,0.08,-0.11192962779301047,0.023503235014197835,3.33704814995268,not_applicable,0.0,False,-9832.48800781141,-0.09527179649289118,0.7953391283425101,17.97206947515773,18.166101654133797,18.06747937303595,0.35,0.0,True,True,49793.28155517578,3320.8114920552794,11.2543931725594,0.0008602242569631006,4743.185784511145,1.0723277043759831,1.0812466313241433,0.9873133160902805,0.966772287404146,0.4038597981810853,1.0,0.004263687269015818,0.00123702779198544,0.004575311190917361,-0.007738486820527819,0.024954649928887067,-0.02634981112409618,1735.942860410549,True
12,stress,10067,gain_scheduled_lqr,118.0,0.10424608737630965,0.021405017663440946,3.2130882591203203,0.11015586319898966,0.023200339995886592,3.2233497474231743,0.2159119083395943,-0.001887507324218718,-0.13565882812500002,0.1459119083395943,0.28591190833959435,-0.08,0.08,-0.11166582096328466,0.023292524987659664,3.34874708724532,not_applicable,0.0,False,-10004.257978967133,-0.09518153855650364,0.797356296883841,18.226676513850258,17.839569597130186,17.90565159888595,0.35,0.0,True,True,49651.17578125,3309.669242483622,11.216631541763368,0.0008797183443398587,4818.178002196782,1.0723277043759831,1.0812466313241433,0.9873133160902805,0.966772287404146,0.4038597981810853,1.0,0.004263687269015818,0.00123702779198544,0.004575311190917361,-0.007738486820527819,0.024954649928887067,-0.02634981112409618,1735.942860410549,True
12,stress,10067,gain_scheduled_lqr,118.5,0.10347389350768008,0.02120526083525865,3.2237408013021795,0.1001796302169198,0.02141609015370038,3.222284869842757,0.2148918664303156,-0.0018729394531249999,-0.13659896362304685,0.1448918664303156,0.2848918664303156,-0.08,0.08,-0.11141797292263553,0.02307820028838365,3.3603397649252265,not_applicable,0.0,False,-10176.196120228611,-0.09508534622761013,0.7993598014829447,18.02557115906704,17.97206947515773,17.952811739507897,0.35,0.0,True,True,49510.15545654297,3298.6212854525365,11.179189473016363,0.0008995002238219901,4893.6870652746475,1.0723277043759831,1.0812466313241433,0.9873133160902805,0.966772287404146,0.4038597981810853,1.0,0.004263687269015818,0.00123702779198544,0.004575311190917361,-0.007738486820527819,0.024954649928887067,-0.02634981112409618,1735.942860410549,True
12,stress,10067,gain_scheduled_lqr,119.0,0.10268672760767196,0.02100207665180099,3.2342926072789333,0.09573480108058889,0.02103295196612149,3.232916913584052,0.2138731451915853,-0.001858181152343763,-0.13753176757812502,0.14387314519158528,0.2838731451915853,-0.08,0.08,-0.11118641758391333,0.022860257804144753,3.3718243748570584,not_applicable,0.0,False,-10348.212898105603,-0.09498317880084803,0.8013493935505227,18.03323147272388,18.226676513850258,18.147269948567963,0.35,0.0,True,True,49370.23486328125,3287.6685540618005,11.14207012863934,0.0009195674483889316,4969.694005575045,1.0723277043759831,1.0812466313241433,0.9873133160902805,0.966772287404146,0.4038597981810853,1.0,0.004263687269015818,0.00123702779198544,0.004575311190917361,-0.007738486820527819,0.024954649928887067,-0.02634981112409618,1735.942860410549,True
12,stress,10067,gain_scheduled_lqr,119.5,0.10188452612408215,0.020795463790617853,3.244741963021494,0.09921317747105575,0.021715480831679727,3.2498859085727623,0.21285600875751315,-0.0018432324218750074,-0.13845714477539062,0.14285600875751314,0.28285600875751316,-0.08,0.08,-0.110971482633431,0.02263869621249286,3.3831991077968846,not_applicable,0.0,False,-10520.21662333783,-0.0948749975189219,0.8033248241912663,18.193942940818843,18.02557115906704,18.060857489324324,0.35,0.0,True,True,49231.42828369141,3276.811980043634,11.105276666318533,0.0009399172300270709,5046.179102544248,1.0723277043759831,1.0812466313241433,0.9873133160902805,0.966772287404146,0.4038597981810853,1.0,0.004263687269015818,0.00123702779198544,0.004575311190917361,-0.007738486820527819,0.024954649928887067,-0.02634981112409618,1735.942860410549,True
12,stress,10067,gain_scheduled_lqr,120.0,0.10106723194040909,0.020585422761765296,3.2550871542977857,0.10062509439753044,0.022400300717791515,3.2542418623591143,0.21184072126220888,-0.0018280932617187884,-0.13937500000000003,0.14184072126220887,0.2818407212622089,-0.08,0.08,-0.11077348932179978,0.022413516023484084,3.394462154297786,not_applicable,0.0,False,-10692.11350736985,-0.09476076563591368,0.8052858442230727,18.291890035343716,18.03323147272388,18.041241583173246,0.35,0.0,True,True,49093.75,3266.0524937718724,11.068812239136545,0.0009605464302129321,5123.121880754746,1.0723277043759831,1.0812466313241433,0.9873133160902805,0.966772287404146,0.4038597981810853,1.0,0.004263687269015818,0.00123702779198544,0.004575311190917361,-0.007738486820527819,0.024954649928887067,-0.02634981112409618,1735.942860410549,True
12,stress,10067,gain_scheduled_lqr,120.5,0.1002347945831872,0.02037195594939354,3.265326467599427,0.106374219223027,0.019343856793319097,3.2676458616147794,0.21082754683978214,-0.001812763671874995,-0.1402852380371094,0.14082754683978213,0.28082754683978217,-0.08,0.08,-0.11059275225659494,0.022184719621268535,3.4056117056365367,not_applicable,0.0,False,-10863.80772371854,-0.0946404484798767,0.807232204196456,18.05452741462538,18.193942940818843,18.14966747547761,0.35,0.0,True,True,48957.214294433594,3255.391024271041,11.032679995603099,0.0009814515505636265,5200.5011081196835,1.0723277043759831,1.0812466313241433,0.9873133160902805,0.966772287404146,0.4038597981810853,1.0,0.004263687269015818,0.00123702779198544,0.004575311190917361,-0.007738486820527819,0.024954649928887067,-0.02634981112409618,1735.942860410549,True
12,stress,10067,gain_scheduled_lqr,121.0,0.09938717042711702,0.020155067652094055,3.275458191088899,0.09963411338427482,0.01984202650026781,3.2760047839400164,0.20981674962434263,-0.0017972436523437385,-0.14118776367187502,0.13981674962434262,0.27981674962434266,-0.08,0.08,-0.11042957919722561,0.021952311304437793,3.416645954760774,not_applicable,0.0,False,-11035.201474248948,-0.09451401351459922,0.8091636544141589,18.138086131084872,18.291890035343716,18.250652877291017,0.35,0.0,True,True,48821.83544921875,3244.8284992253148,10.996883079685405,0.0010026287236804565,5278.294794830373,1.0723277043759831,1.0812466313241433,0.9873133160902805,0.966772287404146,0.4038597981810853,1.0,0.004263687269015818,0.00123702779198544,0.004575311190917361,-0.007738486820527819,0.024954649928887067,-0.02634981112409618,1735.942860410549,True
12,stress,10067,gain_scheduled_lqr,121.5,0.09852432289760983,0.01993476412190801,3.2854806155665535,0.10151557234198691,0.017936115994686575,3.2781651247604353,0.20880859375,-0.001781533203124963,-0.14208248168945314,0.13880859375,0.27880859375,-0.08,0.08,-0.11028427085239016,0.021716297325032972,3.4275630972560065,not_applicable,0.0,False,-11206.195060361548,-0.09438143040042274,0.8110799449509581,17.959519913998776,18.05452741462538,18.111393615808343,0.35,0.0,True,True,48687.62774658203,3234.365844987393,10.961424630838241,0.001024073704212268,5356.480193034832,1.0723277043759831,1.0812466313241433,0.9873133160902805,0.966772287404146,0.4038597981810853,1.0,0.004263687269015818,0.00123702779198544,0.004575311190917361,-0.007738486820527819,0.024954649928887067,-0.02634981112409618,1735.942860410549,True
12,stress,10067,gain_scheduled_lqr,122.0,0.09764622267035836,0.01971105360189827,3.295392035456768,0.09553322131281847,0.020007651608485767,3.3048036187685694,0.20780334335086403,-0.0017656323242187244,-0.14296929687499998,0.13780334335086403,0.27780334335086404,-0.08,0.08,-0.11015712068050568,0.021476685926116994,3.438361332331768,not_applicable,0.0,False,-11376.686959081771,-0.09424267105399785,0.8129808256736674,18.292383362967186,18.138086131084872,18.13034668755131,0.35,0.0,True,True,48554.60546875,3224.003986587259,10.926307784033632,0.0010457818601659066,5435.033797274683,1.0723277043759831,1.0812466313241433,0.9873133160902805,0.966772287404146,0.4038597981810853,1.0,0.004263687269015818,0.00123702779198544,0.004575311190917361,-0.007738486820527819,0.024954649928887067,-0.02634981112409618,1735.942860410549,True
12,stress,10067,gain_scheduled_lqr,122.5,0.09675284786753986,0.019483946362187424,3.305190749812503,0.0930815025391614,0.01834014613254534,3.2953564244776423,0.20680126256104436,-0.0017495410156250224,-0.14384811401367187,0.13680126256104436,0.27680126256104437,-0.08,0.08,-0.1100484146935045,0.021233487377812447,3.449038863826175,not_applicable,0.0,False,-11546.573904030443,-0.0940977097068594,0.8148660462613366,18.076171564111547,17.959519913998776,18.009050808867006,0.35,0.0,True,True,48422.78289794922,3213.743847740855,10.89153566979025,0.0010677481644918553,5513.9313456972895,1.0723277043759831,1.0812466313241433,0.9873133160902805,0.966772287404146,0.4038597981810853,1.0,0.004263687269015818,0.00123702779198544,0.004575311190917361,-0.007738486820527819,0.024954649928887067,-0.02634981112409618,1735.942860410549,True
12,stress,10067,gain_scheduled_lqr,123.0,0.09584418425025266,0.019253454734364794,3.314875063337472,0.09522132959923423,0.019832476220672888,3.3147846588962397,0.20580261551465062,-0.001733259277343746,-0.144718837890625,0.13580261551465062,0.27580261551465063,-0.08,0.08,-0.10995843126439796,0.02098671401170854,3.459593901228097,not_applicable,0.0,False,-11715.750971239637,-0.09394652296270185,0.8167353562256445,18.32915110098343,18.292383362967186,18.210231633129784,0.35,0.0,True,True,48292.17431640625,3203.5863508586476,10.857111414202452,0.0010899671869737226,5593.147822058826,1.0723277043759831,1.0812466313241433,0.9873133160902805,0.966772287404146,0.4038597981810853,1.0,0.004263687269015818,0.00123702779198544,0.004575311190917361,-0.007738486820527819,0.024954649928887067,-0.02634981112409618,1735.942860410549,True
12,stress,10067,gain_scheduled_lqr,123.5,0.0949202254067827,0.019019593144166125,3.324443287425085,0.08602994157118499,0.01791100265496215,3.3275365097795766,0.20480766634579267,-0.0017167871093750064,-0.14558137329101561,0.13480766634579266,0.2748076663457927,-0.08,0.08,-0.10988744093900997,0.02073638025354113,3.470024660716101,not_applicable,0.0,False,-11884.111669766155,-0.0937890898532347,0.8185885049314899,18.179736396515533,18.076171564111547,18.115042023621385,0.35,0.0,True,True,48162.79400634766,3193.5324170541107,10.82303813896902,0.001112433086450905,5672.657458533576,1.0723277043759831,1.0812466313241433,0.9873133160902805,0.966772287404146,0.4038597981810853,1.0,0.004263687269015818,0.00123702779198544,0.004575311190917361,-0.007738486820527819,0.024954649928887067,-0.02634981112409618,1735.942860410549,True
12,stress,10067,gain_scheduled_lqr,124.0,0.09398097293629395,0.0187823781423307,3.333893741213276,0.09118393630595113,0.015467534611191087,3.3374375328300276,0.20381667918858004,-0.001700124511718748,-0.146435625,0.13381667918858003,0.27381667918858005,-0.08,0.08,-0.10983570625228609,0.02048250265404945,3.480329366213276,not_applicable,0.0,False,-12051.54803704063,-0.09362539189249715,0.8204252416177731,17.9875417628794,18.32915110098343,18.267070585262097,0.35,0.0,True,True,48034.65624999999,3183.5829661521066,10.789318961421568,0.0011351396034042906,5752.433739343806,1.0723277043759831,1.0812466313241433,0.9873133160902805,0.966772287404146,0.4038597981810853,1.0,0.004263687269015818,0.00123702779198544,0.004575311190917361,-0.007738486820527819,0.024954649928887067,-0.02634981112409618,1735.942860410549,True
12,stress,10067,gain_scheduled_lqr,124.5,0.09302643662753342,0.018541828433541928,3.343224752654279,0.09564869640307812,0.01748256924949484,3.3418127236023474,0.2028299181771225,-0.0016832714843749708,-0.14728149780273436,0.1328299181771225,0.27282991817712254,-0.08,0.08,-0.10980348154958909,0.0202250999179169,3.4905062504570132,not_applicable,0.0,False,-12217.950738875963,-0.0934554131295113,0.8222453154183749,18.227206994137408,18.179736396515533,18.205058776791468,0.35,0.0,True,True,47907.77532958985,3173.738916697176,10.755956994552639,0.0011580800529353127,5832.449405223443,1.0723277043759831,1.0812466313241433,0.9873133160902805,0.966772287404146,0.4038597981810853,1.0,0.004263687269015818,0.00123702779198544,0.004575311190917361,-0.007738486820527819,0.024954649928887067,-0.02634981112409618,1735.942860410549,True
12,stress,10067,gain_scheduled_lqr,125.0,0.0920566346321404,0.018297964903358974,3.3524346595983787,0.08511416498839053,0.017910789583103038,3.3591987631748856,0.2018476474455297,-0.0016662280273437857,-0.14811889648437498,0.13184764744552968,0.2718476474455297,-0.08,0.08,-0.1097910128133893,0.01996419293070276,3.5005535560827536,not_applicable,0.0,False,-12383.209174046584,-0.09327914019915301,0.8240484753833285,18.339102454174885,17.9875417628794,18.050610403257465,0.35,0.0,True,True,47782.16552734375,3164.0011859617425,10.722955347043506,0.0011812473181692276,5912.676458728655,1.0723277043759831,1.0812466313241433,0.9873133160902805,0.966772287404146,0.4038597981810853,1.0,0.004263687269015818,0.00123702779198544,0.004575311190917361,-0.007738486820527819,0.024954649928887067,-0.02634981112409618,1735.942860410549,True
12,stress,10067,gain_scheduled_lqr,125.5,0.09107159363214896,0.01805081064304895,3.361521810890595,0.08714469848506042,0.019422252583940917,3.364413795409149,0.20087013112791136,-0.0016489941406250264,-0.14894772583007815,0.13087013112791135,0.27087013112791136,-0.08,0.08,-0.10979853749576239,0.019699804783673978,3.510469536720673,not_applicable,0.0,False,-12547.211583332999,-0.09309656237111956,0.8258344705001837,18.52657915893022,18.227206994137408,18.176003151817735,0.35,0.0,True,True,47657.84112548828,3154.3706899542217,10.69031712329166,0.0012046338441136575,5993.086170406387,1.0723277043759831,1.0812466313241433,0.9873133160902805,0.966772287404146,0.4038597981810853,1.0,0.004263687269015818,0.00123702779198544,0.004575311190917361,-0.007738486820527819,0.024954649928887067,-0.02634981112409618,1735.942860410549,True
12,stress,10067,gain_scheduled_lqr,126.0,0.09007134900127302,0.01780039097223121,3.3704845674792425,0.09182417926891798,0.017491300427555753,3.3668918599820667,0.19989763335837718,-0.0016315698242187482,-0.149767890625,0.12989763335837717,0.2698976333583772,-0.08,0.08,-0.10982628435710416,0.01943196079644996,3.5202524581042427,not_applicable,0.0,False,-12709.845162914877,-0.09290767159687453,0.8276030497155658,18.35111510348688,18.339102454174885,18.291812124736865,0.35,0.0,True,True,47534.81640625,3144.848343427045,10.658045423437997,0.0012282316320039583,6073.649085832137,1.0723277043759831,1.0812466313241433,0.9873133160902805,0.966772287404146,0.4038597981810853,1.0,0.004263687269015818,0.00123702779198544,0.004575311190917361,-0.007738486820527819,0.024954649928887067,-0.02634981112409618,1735.942860410549,True
12,stress,10067,gain_scheduled_lqr,126.5,0.0890559449595649,0.017546733459247805,3.3793213035352445,0.08439857808024255,0.017087174537356416,3.378563268598486,0.19893041827103683,-0.0016139550781250067,-0.1505792956542969,0.12893041827103682,0.2689304182710368,-0.08,0.08,-0.10987447331147193,0.01916068853737281,3.5299005991895416,not_applicable,0.0,False,-12870.996181979694,-0.0927124625544507,0.8293539619569262,18.355471995401366,18.52657915893022,18.458508908305358,0.35,0.0,True,True,47413.10565185547,3135.4350598845976,10.626143343393725,0.0012520322341670318,6154.3350335264895,1.0723277043759831,1.0812466313241433,0.9873133160902805,0.966772287404146,0.4038597981810853,1.0,0.004263687269015818,0.00123702779198544,0.004575311190917361,-0.007738486820527819,0.024954649928887067,-0.02634981112409618,1735.942860410549,True
12,stress,10067,gain_scheduled_lqr,127.0,0.08802543472104096,0.017289867939176827,3.388030407581038,0.0840072317355371,0.018165731772456523,3.3886321598466678,0.19796875000000003,-0.0015961499023437464,-0.15138184570312502,0.12796875000000002,0.26796875000000003,-0.08,0.08,-0.10994331527895906,0.018886017841520573,3.539412253284163,not_applicable,0.0,False,-13030.550104400501,-0.09251093269099309,0.8310869561544854,18.516893109978568,18.35111510348688,18.382253730912442,0.35,0.0,True,True,47292.72314453125,3126.131751591069,10.594613974866968,0.0012760267494354236,6235.113133759279,1.0723277043759831,1.0812466313241433,0.9873133160902805,0.966772287404146,0.4038597981810853,1.0,0.004263687269015818,0.00123702779198544,0.004575311190917361,-0.007738486820527819,0.024954649928887067,-0.02634981112409618,1735.942860410549,True
12,stress,10067,gain_scheduled_lqr,127.5,0.08697988063387137,0.017029826529408324,3.3966102836278824,0.09130669272424995,0.018210687421533353,3.3867057944637557,0.19701289267937644,-0.0015781542968750228,-0.15217544555664064,0.12701289267937643,0.26701289267937645,-0.08,0.08,-0.11003301204550507,0.018607980826283347,3.548785729184523,not_applicable,0.0,False,-13188.39171432224,-0.09230308226292624,0.832801781263368,18.52841472689034,18.355471995401366,18.36323730817056,0.35,0.0,True,True,47173.683166503906,3116.9393295782206,10.563460405389087,0.0013002058191435894,6315.951808249155,1.0723277043759831,1.0812466313241433,0.9873133160902805,0.966772287404146,0.4038597981810853,1.0,0.004263687269015818,0.00123702779198544,0.004575311190917361,-0.007738486820527819,0.024954649928887067,-0.02634981112409618,1735.942860410549,True
12,stress,10067,gain_scheduled_lqr,128.0,0.08591935431273569,0.016766643642705793,3.4050593523203254,0.08941798363120512,0.017188158454175356,3.40035557620233,0.19606311044327573,-0.0015599682617187804,-0.15296000000000004,0.12606311044327573,0.26606311044327574,-0.08,0.08,-0.11014375613054005,0.018326611904424573,3.5580193523203256,not_applicable,0.0,False,-13344.40524548213,-0.09208891437363123,0.8344981862859295,18.487638171585186,18.516893109978568,18.472340905385735,0.35,0.0,True,True,47055.99999999999,3107.8587036530726,10.532685718340742,0.0013245596237381973,6396.818790765428,1.0723277043759831,1.0812466313241433,0.9873133160902805,0.966772287404146,0.4038597981810853,1.0,0.004263687269015818,0.00123702779198544,0.004575311190917361,-0.007738486820527819,0.024954649928887067,-0.02634981112409618,1735.942860410549,True
12,stress,10067,gain_scheduled_lqr,128.5,0.08484393676295221,0.016500355997679746,3.413376052086551,0.08040854965208218,0.01603001525408934,3.4136753833907028,0.1951196674258077,-0.0015415917968749637,-0.15373541381835942,0.12511966742580768,0.2651196674258077,-0.08,0.08,-0.11027573066285548,0.01804194779455471,3.5671114659049104,not_applicable,0.0,False,-13498.474514075524,-0.09186843500852038,0.8361759202942732,18.419122088668235,18.52841472689034,18.512156230051435,0.35,0.0,True,True,46939.687927246094,3098.8907824055045,10.502292992977637,0.0013490778800341904,6477.681138637769,1.0723277043759831,1.0812466313241433,0.9873133160902805,0.966772287404146,0.4038597981810853,1.0,0.004263687269015818,0.00123702779198544,0.004575311190917361,-0.007738486820527819,0.024954649928887067,-0.02634981112409618,1735.942860410549,True
12,stress,10067,gain_scheduled_lqr,129.0,0.08375371849599558,0.01623100262660372,3.421558840293303,0.08207149780169518,0.01852340107178083,3.426694077836867,0.19418282776108192,-0.0015230249023436837,-0.154501591796875,0.12418282776108192,0.26418282776108193,-0.08,0.08,-0.11042910926508634,0.017754027528947405,3.576060432090178,not_applicable,0.0,False,-13650.48305496577,-0.0916416530674004,0.8378347324529601,18.74334888554935,18.487638171585186,18.494747135543292,0.35,0.0,True,True,46824.76123046875,3090.036473215777,10.472285304456019,0.0013737498391481644,6558.505245178649,1.0723277043759831,1.0812466313241433,0.9873133160902805,0.966772287404146,0.4038597981810853,1.0,0.004263687269015818,0.00123702779198544,0.004575311190917361,-0.007738486820527819,0.024954649928887067,-0.02634981112409618,1735.942860410549,True
12,stress,10067,gain_scheduled_lqr,129.5,0.08264879963602556,0.01595862488050712,3.429606194404033,0.08191785253748975,0.015236718581153828,3.4290583893555637,0.19325285558320815,-0.001504267578124996,-0.1552584387207031,0.12325285558320814,0.26325285558320816,-0.08,0.08,-0.11060405594718259,0.017462892458632116,3.5848646331247362,not_applicable,0.0,False,-13800.314261022706,-0.09140858039401699,0.8394743720419061,18.418984829097223,18.419122088668235,18.441049425749394,0.35,0.0,True,True,46711.23419189453,3081.2966822619824,10.442665723857933,0.001398564285140227,6639.256853021964,1.0723277043759831,1.0812466313241433,0.9873133160902805,0.966772287404146,0.4038597981810853,1.0,0.004263687269015818,0.00123702779198544,0.004575311190917361,-0.007738486820527819,0.024954649928887067,-0.02634981112409618,1735.942860410549,True
12,stress,10067,gain_scheduled_lqr,130.0,0.08152929001705903,0.015683266431483676,3.4375166131389006,0.08105274243002755,0.01483187873785365,3.437454657517131,0.19233001502629604,-0.0014853198242187893,-0.156005859375,0.12233001502629604,0.26233001502629605,-0.08,0.08,-0.11080072500923702,0.017168586255702466,3.5935224725139006,not_applicable,0.0,False,-13947.851525361953,-0.09116923180267804,0.8410945884794722,18.418515910006096,18.74334888554935,18.655697737835848,0.35,0.0,True,True,46599.12109375,3072.6723145274013,10.413437318216143,0.0014235095343951615,6719.90106838042,1.0723277043759831,1.0812466313241433,0.9873133160902805,0.966772287404146,0.4038597981810853,1.0,0.004263687269015818,0.00123702779198544,0.004575311190917361,-0.007738486820527819,0.024954649928887067,-0.02634981112409618,1735.942860410549,True
12,stress,10067,gain_scheduled_lqr,130.5,0.08039530927042779,0.015404973272158916,3.445288617635216,0.08749780215731699,0.015154854207505035,3.4373204257576306,0.1914145702244553,-0.0014661816406250083,-0.1567437585449219,0.12141457022445529,0.2614145702244553,-0.08,0.08,-0.1110192609540275,0.016871154912783924,3.602032376180138,not_applicable,0.0,False,-14092.978386245497,-0.09092362510185538,0.8426951313457428,18.465203731009648,18.418984829097223,18.487619282308856,0.35,0.0,True,True,46488.43621826172,3064.164273807798,10.384603150538863,0.0014485734357731776,6800.402376223386,1.0723277043759831,1.0812466313241433,0.9873133160902805,0.966772287404146,0.4038597981810853,1.0,0.004263687269015818,0.00123702779198544,0.004575311190917361,-0.007738486820527819,0.024954649928887067,-0.02634981112409618,1735.942860410549,True
12,stress,10067,gain_scheduled_lqr,131.0,0.07924698690217628,0.015123793712264785,3.4529207526068935,0.07328894350896727,0.014136447474342872,3.4601223251270694,0.19050678531179568,-0.001446853027343764,-0.157472041015625,0.12050678531179568,0.2605067853117957,-0.08,0.08,-0.1112597984096194,0.01657064673960855,3.6103927936225184,not_applicable,0.0,False,-14235.578674390248,-0.0906717811146691,0.844275750405994,18.446495809383933,18.418515910006096,18.438552300071823,0.35,0.0,True,True,46379.19384765625,3055.7734627186314,10.356166279834195,0.0014737433715598049,6880.72465637517,1.0723277043759831,1.0812466313241433,0.9873133160902805,0.966772287404146,0.4038597981810853,1.0,0.004263687269015818,0.00123702779198544,0.004575311190917361,-0.007738486820527819,0.024954649928887067,-0.02634981112409618,1735.942860410549,True
12,stress,10067,gain_scheduled_lqr,131.5,0.07808446236006603,0.014839778372274785,3.4604115875014547,0.07020041978124207,0.01439401275036422,3.45815756572185,0.18960692442242677,-0.001427333984375001,-0.15819061157226566,0.11960692442242676,0.2596069244224268,-0.08,0.08,-0.11152246206236074,0.016267112356649786,3.6186021990737203,not_applicable,0.0,False,-14375.536662422386,-0.09041372369616338,0.8458361956343506,18.461405777434052,18.465203731009648,18.457476199801178,0.35,0.0,True,True,46271.408264160156,3047.5007827021896,10.328129761134306,0.0014990062592438811,6960.831200533416,1.0723277043759831,1.0812466313241433,0.9873133160902805,0.966772287404146,0.4038597981810853,1.0,0.004263687269015818,0.00123702779198544,0.004575311190917361,-0.007738486820527819,0.024954649928887067,-0.02634981112409618,1735.942860410549,True
12,stress,10067,gain_scheduled_lqr,132.0,0.07690788508986755,0.014552980174058159,3.4677597176531076,0.07735994422133469,0.014923565434101034,3.463919460598367,0.18871525169045833,-0.0014076245117187192,-0.158899375,0.11871525169045832,0.25871525169045834,-0.08,0.08,-0.11180736660059078,0.015960604685776876,3.6266590926531075,not_applicable,0.0,False,-14512.737216202519,-0.09014947974728589,0.8473762172376315,18.558124154013303,18.446495809383933,18.449679552494327,0.35,0.0,True,True,46165.09375,3039.3471340346637,10.300496645519406,0.0015243485541515812,7040.684730205634,1.0723277043759831,1.0812466313241433,0.9873133160902805,0.966772287404146,0.4038597981810853,1.0,0.004263687269015818,0.00123702779198544,0.004575311190917361,-0.007738486820527819,0.024954649928887067,-0.02634981112409618,1735.942860410549,True
12,stress,10067,gain_scheduled_lqr,132.5,0.07571741458063554,0.014263454328517243,3.4749637654303935,0.07614601056792902,0.013260433961571247,3.4752888682865364,0.18783203125000003,-0.001387724609374974,-0.15959823608398438,0.11783203125000002,0.25783203125000004,-0.08,0.08,-0.1121146166693645,0.015651178937892217,3.634562001514378,not_applicable,0.0,False,-14647.065947737778,-0.08987907922548972,0.8488955656793845,18.441093849685988,18.461405777434052,18.458005781036462,0.35,0.0,True,True,46060.264587402344,3031.31341583313,10.273269980141405,0.0015497562529635267,7120.247415560982,1.0723277043759831,1.0812466313241433,0.9873133160902805,0.966772287404146,0.4038597981810853,1.0,0.004263687269015818,0.00123702779198544,0.004575311190917361,-0.007738486820527819,0.024954649928887067,-0.02634981112409618,1735.942860410549,True
12,stress,10067,gain_scheduled_lqr,133.0,0.07451322039867879,0.013971258320177784,3.482022381376891,0.07190075588546123,0.013745582532509234,3.4880901930647608,0.1869575272351615,-0.0013676342773437655,-0.16028709960937498,0.11695752723516151,0.2569575272351615,-0.08,0.08,-0.11244430683648272,0.01533889259752155,3.642309480986266,not_applicable,0.0,False,-14778.409369387271,-0.08960255515187955,0.850393991704108,18.5467847803443,18.558124154013303,18.529095024075605,0.35,0.0,True,True,45956.93505859375,3023.4005260624763,10.246452808247394,0.0015752148981408747,7199.480895193484,1.0723277043759831,1.0812466313241433,0.9873133160902805,0.966772287404146,0.4038597981810853,1.0,0.004263687269015818,0.00123702779198544,0.004575311190917361,-0.007738486820527819,0.024954649928887067,-0.02634981112409618,1735.942860410549,True
12,stress,10067,gain_scheduled_lqr,133.5,0.07329548220995408,0.013676451888707907,3.488934245343449,0.06718734993438127,0.012517258306143557,3.4924651734907832,0.1860920037800526,-0.0013473535156250382,-0.16096587036132814,0.1160920037800526,0.2560920037800526,-0.08,0.08,-0.11279652157009853,0.015023805404332945,3.649900115704777,not_applicable,0.0,False,-14906.655049058398,-0.08931994361483156,0.8518712463616613,18.43544808739896,18.441093849685988,18.466609621167983,0.35,0.0,True,True,45855.11944580078,3015.6093615422524,10.22004816920285,0.001600709583285014,7278.346296791453,1.0723277043759831,1.0812466313241433,0.9873133160902805,0.966772287404146,0.4038597981810853,1.0,0.004263687269015818,0.00123702779198544,0.004575311190917361,-0.007738486820527819,0.024954649928887067,-0.02634981112409618,1735.942860410549,True
12,stress,10067,gain_scheduled_lqr,134.0,0.07206438979063093,0.013379097007347502,3.4956980676104012,0.067572447749029,0.014326192524607435,3.4964215214300354,0.18523572501878288,-0.0013268823242187366,-0.16163445312500002,0.11523572501878288,0.2552357250187829,-0.08,0.08,-0.11317133522815195,0.014705979331566239,3.6573325207354013,not_applicable,0.0,False,-15031.691766084467,-0.08903128377002081,0.8533270810318607,18.643526978342624,18.5467847803443,18.523538146941227,0.35,0.0,True,True,45754.83203125,3007.9408179534475,10.194059098514616,0.0016262249594542286,7356.804258707235,1.0723277043759831,1.0812466313241433,0.9873133160902805,0.966772287404146,0.4038597981810853,1.0,0.004263687269015818,0.00123702779198544,0.004575311190917361,-0.007738486820527819,0.024954649928887067,-0.02634981112409618,1735.942860410549,True
12,stress,10067,gain_scheduled_lqr,134.5,0.0708201430255936,0.013079257858235957,3.502312589998222,0.07031091091363327,0.015865902884499093,3.4998300422974222,0.1843889550854621,-0.0013062207031249717,-0.16229275268554688,0.1143889550854621,0.2543889550854621,-0.08,0.08,-0.1135688120598685,0.014385478561360928,3.6646053426837693,not_applicable,0.0,False,-15153.409667466418,-0.08873661783679669,0.8547612474492646,18.825230714078987,18.43544808739896,18.460989630960235,0.35,0.0,True,True,45656.087097167976,3000.3957898452063,10.168488627853662,0.0016517452424590817,7434.814952419984,1.0723277043759831,1.0812466313241433,0.9873133160902805,0.966772287404146,0.4038597981810853,1.0,0.004263687269015818,0.00123702779198544,0.004575311190917361,-0.007738486820527819,0.024954649928887067,-0.02634981112409618,1735.942860410549,True
12,stress,10067,gain_scheduled_lqr,135.0,0.0695629518946667,0.012777000804632555,3.5087765869650664,0.07806825634546173,0.010845352846281046,3.5068924531290797,0.1835519581141999,-0.0012853686523437435,-0.162940673828125,0.11355195811419988,0.2535519581141999,-0.08,0.08,-0.11398900621953319,0.014062369456976299,3.6717172607931916,not_applicable,0.0,False,-15271.700424155784,-0.08843599109085247,0.856173497728144,18.357052901811908,18.643526978342624,18.590600625086047,0.35,0.0,True,True,45558.89892578125,2992.97517064147,10.143339785077583,0.0016772542211567572,7512.33810588336,1.0723277043759831,1.0812466313241433,0.9873133160902805,0.966772287404146,0.4038597981810853,1.0,0.004263687269015818,0.00123702779198544,0.004575311190917361,-0.007738486820527819,0.024954649928887067,-0.02634981112409618,1735.942860410549,True
12,stress,10067,gain_scheduled_lqr,135.5,0.06829303644637215,0.012472394360030293,3.515088866689642,0.07047993874851861,0.012254147785139443,3.5161741439241085,0.18272499823910593,-0.0012643261718749965,-0.16357812133789063,0.11272499823910592,0.25272499823910594,-0.08,0.08,-0.11443196179273378,0.01373672053190529,3.6786669880275324,not_applicable,0.0,False,-15386.457387050563,-0.088129451853143,0.8575635843876396,18.53515614294494,18.825230714078987,18.757200170451945,0.35,0.0,True,True,45463.281799316406,2985.6798526475577,10.118615594252912,0.0017027352667627414,7589.333027748729,1.0723277043759831,1.0812466313241433,0.9873133160902805,0.966772287404146,0.4038597981810853,1.0,0.004263687269015818,0.00123702779198544,0.004575311190917361,-0.007738486820527819,0.024954649928887067,-0.02634981112409618,1735.942860410549,True
12,stress,10067,gain_scheduled_lqr,136.0,0.06701062675904683,0.012165509154170407,3.521248272137861,0.06710402474547839,0.01153671994011176,3.5203457321080207,0.18190833959429,-0.0012430932617187862,-0.164205,0.11190833959429,0.25190833959429004,-0.08,0.08,-0.11489771283524318,0.013408602415889193,3.685453272137861,not_applicable,0.0,False,-15497.575742372614,-0.08781705147500965,0.8589312603771045,18.477328557042146,18.357052901811908,18.473074833752943,0.35,0.0,True,True,45369.25,2978.5107270566778,10.094319075677182,0.0017281713431965308,7665.758632454054,1.0723277043759831,1.0812466313241433,0.9873133160902805,0.966772287404146,0.4038597981810853,1.0,0.004263687269015818,0.00123702779198544,0.004575311190917361,-0.007738486820527819,0.024954649928887067,-0.02634981112409618,1735.942860410549,True
12,stress,10067,gain_scheduled_lqr,136.5,0.06571596288917342,0.01185641789597155,3.527253682111729,0.056698690788097694,0.011641002458815473,3.532584838375581,0.1811022463138618,-0.0012216699218750016,-0.1648212145996094,0.11110224631386179,0.2511022463138618,-0.08,0.08,-0.11538628342468837,0.013078087817846551,3.6920748967113384,not_applicable,0.0,False,-15604.952666090157,-0.08749884431948023,0.8602762791016343,18.530045994704697,18.53515614294494,18.51715578659023,0.35,0.0,True,True,45276.817810058594,2971.468683956373,10.07045324590077,0.0017535450184758042,7741.57346616664,1.0723277043759831,1.0812466313241433,0.9873133160902805,0.966772287404146,0.4038597981810853,1.0,0.004263687269015818,0.00123702779198544,0.004575311190917361,-0.007738486820527819,0.024954649928887067,-0.02634981112409618,1735.942860410549,True
12,stress,10067,gain_scheduled_lqr,137.0,0.06440929480680033,0.011545195333394244,3.5331040122789243,0.06604960486549707,0.010536527008896795,3.533890089080923,0.18030698253193092,-0.0012000561523436981,-0.165426669921875,0.11030698253193091,0.25030698253193095,-0.08,0.08,-0.1158976877251306,0.012745251485737942,3.6985306822007993,not_applicable,0.0,False,-15708.48747704918,-0.08717488773871744,0.86159839444778,18.44039003797795,18.477328557042146,18.48887638574964,0.35,0.0,True,True,45185.99951171875,2964.5546123349086,10.047021117748553,0.0017788384771716267,7816.7357335681045,1.0723277043759831,1.0812466313241433,0.9873133160902805,0.966772287404146,0.4038597981810853,1.0,0.004263687269015818,0.00123702779198544,0.004575311190917361,-0.007738486820527819,0.024954649928887067,-0.02634981112409618,1735.942860410549,True
12,stress,10067,gain_scheduled_lqr,137.5,0.06309088231795101,0.01123191821026794,3.5387982161815557,0.06464407251754405,0.009992761818088738,3.5416375674400165,0.1795228123826071,-0.0011782519531250424,-0.1660212707519531,0.10952281238260708,0.2495228123826071,-0.08,0.08,-0.11643193006465608,0.012410170163392983,3.7048194869335087,not_applicable,0.0,False,-15808.08178847436,-0.086845242047598,0.862897360809448,18.42038598436136,18.530045994704697,18.518108945666587,0.35,0.0,True,True,45096.80938720703,2957.7694000875917,10.024025700341314,0.0018040335339347907,7891.203325467862,1.0723277043759831,1.0812466313241433,0.9873133160902805,0.966772287404146,0.4038597981810853,1.0,0.004263687269015818,0.00123702779198544,0.004575311190917361,-0.007738486820527819,0.024954649928887067,-0.02634981112409618,1735.942860410549,True
12,stress,10067,gain_scheduled_lqr,138.0,0.06176099497394778,0.010916665220114771,3.5443352862225734,0.062106824983753146,0.010870983753068941,3.5403953409446176,0.17875000000000002,-0.0011562573242187568,-0.16660492187500003,0.10875000000000001,0.24875000000000003,-0.08,0.08,-0.11698900502605224,0.012072922544333528,3.7109402080975733,not_applicable,0.0,False,-15903.639657501877,-0.08650997049341136,0.8641729331139841,18.502447452651406,18.44039003797795,18.46292448598013,0.35,0.0,True,True,45009.26171875,2951.1139340230284,10.001469999116953,0.0018291116481011773,7964.93384723131,1.0723277043759831,1.0812466313241433,0.9873133160902805,0.966772287404146,0.4038597981810853,1.0,0.004263687269015818,0.00123702779198544,0.004575311190917361,-0.007738486820527819,0.024954649928887067,-0.02634981112409618,1735.942860410549,True
12,stress,10067,gain_scheduled_lqr,138.5,0.060419911967601034,0.010599516957010769,3.5497142546283538,0.0585685488497445,0.011112976851599374,3.545942014477523,0.1779888095182194,-0.0011340722656249524,-0.16717752807617187,0.1079888095182194,0.24798880951821942,-0.08,0.08,-0.11756889755061838,0.011733589222635721,3.7168917827045256,not_applicable,0.0,False,-15995.06773240673,-0.08616913922167492,0.8654248668484424,18.549172655194134,18.42038598436136,18.432719941197952,0.35,0.0,True,True,44923.37078857422,2944.589099869325,9.979357015851507,0.0018540539393814479,8037.884648007536,1.0723277043759831,1.0812466313241433,0.9873133160902805,0.966772287404146,0.4038597981810853,1.0,0.004263687269015818,0.00123702779198544,0.004575311190917361,-0.007738486820527819,0.024954649928887067,-0.02634981112409618,1735.942860410549,True
12,stress,10067,gain_scheduled_lqr,139.0,0.059067922016240566,0.010280555863532097,3.554934194385982,0.05977040018168793,0.01004578875257052,3.560319356508474,0.17723950507137493,-0.0011116967773437958,-0.167738994140625,0.10723950507137492,0.24723950507137493,-0.08,0.08,-0.11817158305513437,0.011392252640875893,3.7226731885266067,not_applicable,0.0,False,-16082.275397189569,-0.08582281723807048,0.8666529180860374,18.51067192575487,18.502447452651406,18.482230094637778,0.35,0.0,True,True,44839.15087890625,2938.19578228022,9.957689748679924,0.0018788412046377907,8110.012850740496,1.0723277043759831,1.0812466313241433,0.9873133160902805,0.966772287404146,0.4038597981810853,1.0,0.004263687269015818,0.00123702779198544,0.004575311190917361,-0.007738486820527819,0.024954649928887067,-0.02634981112409618,1735.942860410549,True
12,stress,10067,gain_scheduled_lqr,139.5,0.057705323231592484,0.009959866175840394,3.5599942201537886,0.06371445897966464,0.009953510795243188,3.5569399124752663,0.1765023507935763,-0.0010891308593750093,-0.16828922485351566,0.10650235079357628,0.2465023507935763,-0.08,0.08,-0.1187970275619838,0.011048997035215403,3.728283445007304,not_applicable,0.0,False,-16165.174913191655,-0.08547107636651458,0.867856843512781,18.493502580200538,18.549172655194134,18.5297627883438,0.35,0.0,True,True,44756.616271972656,2931.934864841167,9.93647119211668,0.0019034539357477335,8181.275382946851,1.0723277043759831,1.0812466313241433,0.9873133160902805,0.966772287404146,0.4038597981810853,1.0,0.004263687269015818,0.00123702779198544,0.004575311190917361,-0.007738486820527819,0.024954649928887067,-0.02634981112409618,1735.942860410549,True
12,stress,10067,gain_scheduled_lqr,140.0,0.056332422976531786,0.009637533865967982,3.5648934891437287,0.057607497615173725,0.009984695351505918,3.5671166207349847,0.17577761081893314,-0.0010663745117187595,-0.168828125,0.10577761081893314,0.24577761081893315,-0.08,0.08,-0.11944518784240135,0.010703908377686741,3.733721614143729,not_applicable,0.0,False,-16243.68155741087,-0.08511399120338342,0.8690364004543025,18.535668646203266,18.51067192575487,18.516207284692882,0.35,0.0,True,True,44675.78125,2925.80723007535,9.91570433707618,0.0019278723385521995,8251.629008242659,1.0723277043759831,1.0812466313241433,0.9873133160902805,0.966772287404146,0.4038597981810853,1.0,0.004263687269015818,0.00123702779198544,0.004575311190917361,-0.007738486820527819,0.024954649928887067,-0.02634981112409618,1735.942860410549,True
12,stress,10067,gain_scheduled_lqr,140.5,0.05494953770876805,0.009313646581370119,3.5696312019742154,0.05577270087882266,0.011201515673665348,3.574642447058896,0.1750655492815552,-0.001043427734374991,-0.16935559936523442,0.1050655492815552,0.24506554928155522,-0.08,0.08,-0.12011601157278716,0.01035707431574511,3.7389868013394496,not_applicable,0.0,False,-16317.713757197307,-0.08475163906792096,0.8701913469028518,18.69463493094704,18.493502580200538,18.500085765656994,0.35,0.0,True,True,44596.660095214844,2919.813759449646,9.895392170892935,0.0019520763528820696,8321.030358600316,1.0723277043759831,1.0812466313241433,0.9873133160902805,0.966772287404146,0.4038597981810853,1.0,0.004263687269015818,0.00123702779198544,0.004575311190917361,-0.007738486820527819,0.024954649928887067,-0.02634981112409618,1735.942860410549,True
12,stress,10067,gain_scheduled_lqr,141.0,0.05355699281154906,0.008988293581817863,3.574206603492063,0.05820045665220135,0.00764631597569169,3.5737403218406536,0.17436643031555224,-0.0010202905273437035,-0.169871552734375,0.10436643031555223,0.24436643031555225,-0.08,0.08,-0.12080943750400318,0.010008584109161566,3.744078156226438,not_applicable,0.0,False,-16387.193221013822,-0.08438409994886695,0.8713214415444862,18.329655355307697,18.535668646203266,18.525351458336317,0.35,0.0,True,True,44519.26708984375,2913.9553333805284,9.875537677341596,0.001976045673654486,8389.435967316318,1.0723277043759831,1.0812466313241433,0.9873133160902805,0.966772287404146,0.4038597981810853,1.0,0.004263687269015818,0.00123702779198544,0.004575311190917361,-0.007738486820527819,0.024954649928887067,-0.02634981112409618,1735.942860410549,True
12,stress,10067,gain_scheduled_lqr,141.5,0.05215512241149456,0.008661565673711315,3.578618983562228,0.04615690313102456,0.0074751089165935505,3.583106764520557,0.17368051805503382,-0.0009969628906250083,-0.17037588989257813,0.10368051805503381,0.24368051805503382,-0.08,0.08,-0.12152539564353926,0.009658528564336324,3.7489948734548064,not_applicable,0.0,False,-16452.045064954167,-0.08401145644734982,0.8724264437864387,18.336748107921245,18.69463493094704,18.64555151322252,0.35,0.0,True,True,44443.61651611328,2908.2328312399127,9.856143836656756,0.0019997597730269916,8456.802302669414,1.0723277043759831,1.0812466313241433,0.9873133160902805,0.966772287404146,0.4038597981810853,1.0,0.004263687269015818,0.00123702779198544,0.004575311190917361,-0.007738486820527819,0.024954649928887067,-0.02634981112409618,1735.942860410549,True
12,stress,10067,gain_scheduled_lqr,142.0,0.050744269183699925,0.008333555141899096,3.5828676778240807,0.04956058962745654,0.009491793057802815,3.5751943630649325,0.17300807663410972,-0.0009734448242187388,-0.170868515625,0.10300807663410971,0.24300807663410973,-0.08,0.08,-0.1222638074504098,0.009306999966117835,3.7537361934490807,not_applicable,0.0,False,-16512.19793472111,-0.08363379371609742,0.87350611378467,18.514002576139664,18.329655355307697,18.421248839523127,0.35,0.0,True,True,44369.72265625,2902.64713136095,9.837213625552586,0.0020231979235944826,8523.08580224827,1.0723277043759831,1.0812466313241433,0.9873133160902805,0.966772287404146,0.4038597981810853,1.0,0.004263687269015818,0.00123702779198544,0.004575311190917361,-0.007738486820527819,0.024954649928887067,-0.02634981112409618,1735.942860410549,True
12,stress,10067,gain_scheduled_lqr,142.5,0.049324784144277226,0.008004355679095743,3.5869520684129825,0.051494236439959144,0.00853699525379082,3.58293761706827,0.17234937018688956,-0.000949736328125006,-0.17134933471679686,0.10234937018688955,0.24234937018688957,-0.08,0.08,-0.12302458604261234,0.008954092007220749,3.7583014031297792,not_applicable,0.0,False,-16567.584122775515,-0.08325119939502619,0.8745602124716015,18.45640052500763,18.336748107921245,18.361248932740573,0.35,0.0,True,True,44297.59979248047,2897.199111043762,9.818750017242264,0.0020463392226105714,8588.242907926464,1.0723277043759831,1.0812466313241433,0.9873133160902805,0.966772287404146,0.4038597981810853,1.0,0.004263687269015818,0.00123702779198544,0.004575311190917361,-0.007738486820527819,0.024954649928887067,-0.02634981112409618,1735.942860410549,True
12,stress,10067,gain_scheduled_lqr,143.0,0.04789702643052817,0.007674062312994447,3.590871584645993,0.04745054648546404,0.007088952743828883,3.5911012526535715,0.1717046628474831,-0.0009258374023437543,-0.171818251953125,0.10170466284748308,0.2417046628474831,-0.08,0.08,-0.12380763641695491,0.008599899715338201,3.762689836599118,not_applicable,0.0,False,-16618.139680379645,-0.08286376354327799,0.8755885015840311,18.33968948774382,18.514002576139664,18.469711950644633,0.35,0.0,True,True,44227.26220703125,2891.8896465611238,9.800755981457243,0.002069162617211771,8652.230101462455,1.0723277043759831,1.0812466313241433,0.9873133160902805,0.966772287404146,0.4038597981810853,1.0,0.004263687269015818,0.00123702779198544,0.004575311190917361,-0.007738486820527819,0.024954649928887067,-0.02634981112409618,1735.942860410549,True
12,stress,10067,gain_scheduled_lqr,143.5,0.046461363068970925,0.007342771331177953,3.594625703670579,0.05207812446517357,0.007469664219126333,3.5845476422203615,0.17107421875,-0.0009017480468749839,-0.17227517211914062,0.10107421875,0.24107421875,-0.08,0.08,-0.12461285568102909,0.008244519378052937,3.7669008757897195,not_applicable,0.0,False,-16663.80452426856,-0.08247157856778102,0.8765907436912289,18.356662838438734,18.45640052500763,18.460260147302552,0.35,0.0,True,True,44158.724182128906,2886.719613164095,9.783234484466332,0.002091646930619371,8715.003940700804,1.0723277043759831,1.0812466313241433,0.9873133160902805,0.966772287404146,0.4038597981810853,1.0,0.004263687269015818,0.00123702779198544,0.004575311190917361,-0.007738486820527819,0.024954649928887067,-0.02634981112409618,1735.942860410549,True
12,stress,10067,gain_scheduled_lqr,144.0,0.04501816873146941,0.0070105802039356815,3.598213951075254,0.0374345061340199,0.003523294016632037,3.6004533565880275,0.17045830202855,-0.0008774682617187501,-0.17271999999999998,0.10045830202855,0.24045830202855,-0.08,0.08,-0.1254401332970806,0.007888048465654432,3.770933951075254,not_applicable,0.0,False,-16704.52253769671,-0.08207473914841926,0.8775667022232162,18.000864743809146,18.33968948774382,18.374648718891272,0.35,0.0,True,True,44092.0,2881.6898850875914,9.766188489094581,0.002113770889290555,8776.521096350487,1.0723277043759831,1.0812466313241433,0.9873133160902805,0.966772287404146,0.4038597981810853,1.0,0.004263687269015818,0.00123702779198544,0.004575311190917361,-0.007738486820527819,0.024954649928887067,-0.02634981112409618,1735.942860410549,True
12,stress,10067,gain_scheduled_lqr,144.5,0.043567825479740294,0.006677587505100095,3.6016359014611243,0.04178850319000879,0.004297463593902168,3.598697444254665,0.1698571768172427,-0.0008529980468749976,-0.17315264038085937,0.09985717681724268,0.2398571768172427,-0.08,0.08,-0.1262893513375024,0.007530585551975093,3.7747885418419838,not_applicable,0.0,False,-16740.241665620902,-0.08167334215990248,0.8785161414992242,18.080286696676637,18.356662838438734,18.361877809928746,0.35,0.0,True,True,44027.103942871094,2876.8013355559106,9.749620954742001,0.0021355131509867907,8836.738389315416,1.0723277043759831,1.0812466313241433,0.9873133160902805,0.966772287404146,0.4038597981810853,1.0,0.004263687269015818,0.00123702779198544,0.004575311190917361,-0.007738486820527819,0.024954649928887067,-0.02634981112409618,1735.942860410549,True
12,stress,10067,gain_scheduled_lqr,145.0,0.04211072249853877,0.006343892831019967,3.6048911789733884,0.03720570892533675,0.005801469503759855,3.604279325212316,0.16927110725018785,-0.0008283374023437817,-0.17357299804687498,0.09927110725018784,0.23927110725018785,-0.08,0.08,-0.1271603847516491,0.007172230233363748,3.7784641770202634,not_applicable,0.0,False,-16770.914003794307,-0.08126748659043598,0.8794388267563331,18.254086210895636,18.000864743809146,18.105539788898188,0.35,0.0,True,True,43964.05029296875,2872.054836788207,9.733534837402127,0.002156852333724016,8895.612828551288,1.0723277043759831,1.0812466313241433,0.9873133160902805,0.966772287404146,0.4038597981810853,1.0,0.004263687269015818,0.00123702779198544,0.004575311190917361,-0.007738486820527819,0.024954649928887067,-0.02634981112409618,1735.942860410549,True
12,stress,10067,gain_scheduled_lqr,145.5,0.04064725581784969,0.0060095967177926455,3.607979457791881,0.0410173976947484,0.005312849100960686,3.6058876550893872,0.16870035746149514,-0.0008034863281249915,-0.17398097778320315,0.09870035746149514,0.23870035746149515,-0.08,0.08,-0.12805310164364545,0.006813083045917637,3.781960435575084,not_applicable,0.0,False,-16796.495881562434,-0.08085727345729661,0.8803345241782927,18.218183086354014,18.080286696676637,18.087608782260247,0.35,0.0,True,True,43902.85333251953,2867.45126000391,9.717933089680376,0.002177767045565707,8953.101649422391,1.0723277043759831,1.0812466313241433,0.9873133160902805,0.966772287404146,0.4038597981810853,1.0,0.004263687269015818,0.00123702779198544,0.004575311190917361,-0.007738486820527819,0.024954649928887067,-0.02634981112409618,1735.942860410549,True
12,stress,10067,gain_scheduled_lqr,146.0,0.039177828024435396,0.005674800556881438,3.6109004625798273,0.040624359674753474,0.006653866633314462,3.6061103691872884,0.16814519158527425,-0.0007784448242186826,-0.17437648437499997,0.09814519158527424,0.23814519158527425,-0.08,0.08,-0.12896736356083885,0.006453245381100121,3.785276946954827,not_applicable,0.0,False,-16816.94793816712,-0.0804428057194287,0.8812030009245224,18.35689002066118,18.254086210895636,18.20581640023193,0.35,0.0,True,True,43843.52734375,2862.991475428098,9.702818660812255,0.002198235915216274,9009.16235253097,1.0723277043759831,1.0812466313241433,0.9873133160902805,0.966772287404146,0.4038597981810853,1.0,0.004263687269015818,0.00123702779198544,0.004575311190917361,-0.007738486820527819,0.024954649928887067,-0.02634981112409618,1735.942860410549,True
12,stress,10067,gain_scheduled_lqr,146.5,0.03770284796311558,0.005339606509248021,3.6136539688900315,0.03957869317390256,0.006351776862249825,3.6052257416444826,0.16760587375563488,-0.0007532128906250213,-0.17475942260742183,0.09760587375563487,0.23760587375563488,-0.08,0.08,-0.1299030257925193,0.006092819399873042,3.7884133914974534,not_applicable,0.0,False,-16832.235192381802,-0.08002418818717975,0.8820440251592905,18.31995566094613,18.218183086354014,18.214597389466793,0.35,0.0,True,True,43786.08660888672,2858.67635229682,9.68819449668141,0.0022182376233688852,9063.752742991284,1.0723277043759831,1.0812466313241433,0.9873133160902805,0.966772287404146,0.4038597981810853,1.0,0.004263687269015818,0.00123702779198544,0.004575311190917361,-0.007738486820527819,0.024954649928887067,-0.02634981112409618,1735.942860410549,True
12,stress,10067,gain_scheduled_lqr,147.0,0.03622273042817779,0.005004117418133177,3.6162398035277903,0.03956180231450048,0.004845841027159951,3.615984061153022,0.16708266810668673,-0.0007277905273437857,-0.175129697265625,0.09708266810668673,0.23708266810668674,-0.08,0.08,-0.13085993767850895,0.005731907945476963,3.791369500793415,not_applicable,0.0,False,-16842.327105318323,-0.0796015274293029,0.8828573660810748,18.21554569145091,18.35689002066118,18.31563254556144,0.35,0.0,True,True,43730.54541015625,2854.506758862366,9.674063539837478,0.0022377509347582163,9116.830970119481,1.0723277043759831,1.0812466313241433,0.9873133160902805,0.966772287404146,0.4038597981810853,1.0,0.004263687269015818,0.00123702779198544,0.004575311190917361,-0.007738486820527819,0.024954649928887067,-0.02634981112409618,1735.942860410549,True
12,stress,10067,gain_scheduled_lqr,147.5,0.03473789584533962,0.004668436720622263,3.6186578448698876,0.041612869088437116,0.004702177349329613,3.6188785099289795,0.16657583877253945,-0.0007021777343750313,-0.17548721313476562,0.09657583877253945,0.23657583877253946,-0.08,0.08,-0.13183794292719983,0.005370614454997294,3.7941450580046534,not_applicable,0.0,False,-16847.19763626318,-0.07917493167735856,0.8836427939521009,18.21779615907488,18.31995566094613,18.318702181944158,0.35,0.0,True,True,43676.918029785156,2850.4835623984977,9.660428729513812,0.002256754730865255,9168.355567509789,1.0723277043759831,1.0812466313241433,0.9873133160902805,0.966772287404146,0.4038597981810853,1.0,0.004263687269015818,0.00123702779198544,0.004575311190917361,-0.007738486820527819,0.024954649928887067,-0.02634981112409618,1735.942860410549,True
12,stress,10067,gain_scheduled_lqr,148.0,0.03324876994470475,0.004332668358134481,3.6209080231391035,0.023372600323389888,0.0028560483470264127,3.613633898678992,0.1660856498873028,-0.0006763745117187581,-0.17583187500000003,0.09608564988730278,0.2360856498873028,-0.08,0.08,-0.13283687994259805,0.005009042869853239,3.7967398981391036,not_applicable,0.0,False,-16846.82529141944,-0.0787445107276541,0.8844000801280599,17.97166642331546,18.21554569145091,18.245455717726887,0.35,0.0,True,True,43625.21875,2846.6076292056214,9.647293001645018,0.0022752280432178653,9218.285493466603,1.0723277043759831,1.0812466313241433,0.9873133160902805,0.966772287404146,0.4038597981810853,1.0,0.004263687269015818,0.00123702779198544,0.004575311190917361,-0.007738486820527819,0.024954649928887067,-0.02634981112409618,1735.942860410549,True
12,stress,10067,gain_scheduled_lqr,148.5,0.03175578342517573,0.003996916685977431,3.622990320633727,0.03410582683126928,0.002792979689634844,3.631821250539125,0.16561236558508644,-0.000650380859374966,-0.17616358764648438,0.09561236558508643,0.23561236558508644,-0.08,0.08,-0.1338565821599107,0.004647297545352397,3.799153908280211,not_applicable,0.0,False,-16841.193165449295,-0.07831037584086566,0.8851289970880061,18.06884956653079,18.21779615907488,18.22581599497767,0.35,0.0,True,True,43575.461853027344,2842.879824615921,9.634659288884347,0.002293150087227509,9266.580171761418,1.0723277043759831,1.0812466313241433,0.9873133160902805,0.966772287404146,0.4038597981810853,1.0,0.004263687269015818,0.00123702779198544,0.004575311190917361,-0.007738486820527819,0.024954649928887067,-0.02634981112409618,1735.942860410549,True
12,stress,10067,gain_scheduled_lqr,149.0,0.030259371610805382,0.0036612863821103474,3.6249047719116456,0.034465901800190706,0.0034798569590091836,3.625696580572477,0.16515625,-0.0006241967773437107,-0.176482255859375,0.09515625,0.23515625,-0.08,0.08,-0.13489687838919462,0.004285483159454058,3.8013870277710207,not_applicable,0.0,False,-16830.288975730753,-0.07787263963949116,0.8858293184644305,18.110928614211076,17.97166642331546,18.04535660344952,0.35,0.0,True,True,43527.66162109375,2839.3010129984405,9.622530520620925,0.0023105002964993,9313.1995326826,1.0723277043759831,1.0812466313241433,0.9873133160902805,0.966772287404146,0.4038597981810853,1.0,0.004263687269015818,0.00123702779198544,0.004575311190917361,-0.007738486820527819,0.024954649928887067,-0.02634981112409618,1735.942860410549,True
12,stress,10067,gain_scheduled_lqr,149.5,0.028759974099586888,0.0033258823552610637,3.626651463928655,0.029514376754711736,0.003035754814733003,3.6321149110459543,0.16471756726615328,-0.0005978222656249921,-0.1767877844238281,0.09471756726615327,0.23471756726615328,-0.08,0.08,-0.1359575931665664,0.003923704620886056,3.803439248352483,not_applicable,0.0,False,-16814.10508926148,-0.07743141600328915,0.8865008190735161,18.08645616368371,18.06884956653079,18.062037827010556,0.35,0.0,True,True,43481.83233642579,2835.872057764125,9.61090962299683,0.0023272583575493213,9358.104054345116,1.0723277043759831,1.0812466313241433,0.9873133160902805,0.966772287404146,0.4038597981810853,1.0,0.004263687269015818,0.00123702779198544,0.004575311190917361,-0.007738486820527819,0.024954649928887067,-0.02634981112409618,1735.942860410549,True
12,stress,10067,gain_scheduled_lqr,150.0,0.027258034405199538,0.0029908096525429356,3.6282305361306935,0.027422136109518328,0.001540426569589914,3.631963180395431,0.16429658151765592,-0.0005712573242187546,-0.17708007812499998,0.09429658151765591,0.23429658151765592,-0.08,0.08,-0.1370385471124564,0.00356206697676169,3.8053106142556934,not_applicable,0.0,False,-16792.638542161858,-0.07698681996286125,0.8871432749455687,17.927544326667867,18.110928614211076,18.0967528243715,0.35,0.0,True,True,43437.98828125,2832.59382137081,9.599799518924007,0.002343404244860246,9401.25480422669,1.0723277043759831,1.0812466313241433,0.9873133160902805,0.966772287404146,0.4038597981810853,1.0,0.004263687269015818,0.00123702779198544,0.004575311190917361,-0.007738486820527819,0.024954649928887067,-0.02634981112409618,1735.942860410549,True
12,stress,10067,gain_scheduled_lqr,150.5,0.025753999592242695,0.0026561733667188037,3.629642180499799,0.021062287453803088,0.001958019457641557,3.624780602769181,0.1638935568886176,-0.0005445019531249984,-0.17735904174804684,0.09389355688861759,0.2338935568886176,-0.08,0.08,-0.1381395572963749,0.003200675319843802,3.807001222247846,not_applicable,0.0,False,-16765.891051748713,-0.07653896759154134,0.8877564633556255,17.92511019684972,18.08645616368371,18.089441660672353,0.35,0.0,True,True,43396.14373779297,2829.467165328174,9.589203128101051,0.0023589182562031943,9442.613480895618,1.0723277043759831,1.0812466313241433,0.9873133160902805,0.966772287404146,0.4038597981810853,1.0,0.004263687269015818,0.00123702779198544,0.004575311190917361,-0.007738486820527819,0.024954649928887067,-0.02634981112409618,1735.942860410549,True
12,stress,10067,gain_scheduled_lqr,151.0,0.02424831990550479,0.002322078543259519,3.6308866415536407,0.02476816293127096,0.003093302245665574,3.6338500814727936,0.16350875751314803,-0.0005175561523437788,-0.17762458007812498,0.09350875751314802,0.23350875751314804,-0.08,0.08,-0.13926043760764323,0.002839634695603298,3.8085112216317656,not_applicable,0.0,False,-16733.869021171082,-0.07608797589575753,0.8883401628542431,18.09019865137508,17.927544326667867,17.97448614769077,0.35,0.0,True,True,43356.31298828125,2826.4929502026407,9.579123367029817,0.0023737810481511837,9482.14245589506,1.0723277043759831,1.0812466313241433,0.9873133160902805,0.966772287404146,0.4038597981810853,1.0,0.004263687269015818,0.00123702779198544,0.004575311190917361,-0.007738486820527819,0.024954649928887067,-0.02634981112409618,1735.942860410549,True
12,stress,10067,gain_scheduled_lqr,151.5,0.022741448393827104,0.0019886300873445993,3.6319642162985626,0.028828852985801144,0.0015868505959084045,3.6266753324369114,0.1631424475253569,-0.0004904199218750405,-0.17787659790039062,0.09314244752535689,0.2331424475253569,-0.08,0.08,-0.14040099913152979,0.00247905000921964,3.809840814198953,not_applicable,0.0,False,-16696.583536617447,-0.07563396270403584,0.8888941532984604,17.90721098439374,17.92511019684972,17.939426658954968,0.35,0.0,True,True,43318.510314941406,2823.6720356222395,9.569563149031898,0.002387973671706683,9519.804815746955,1.0723277043759831,1.0812466313241433,0.9873133160902805,0.966772287404146,0.4038597981810853,1.0,0.004263687269015818,0.00123702779198544,0.004575311190917361,-0.007738486820527819,0.024954649928887067,-0.02634981112409618,1735.942860410549,True
12,stress,10067,gain_scheduled_lqr,152.0,0.021233840529133595,0.001655932670952289,3.632875254136148,0.027955196359911928,0.001938727920658961,3.634529510542784,0.1627948910593539,-0.0004630932617187278,-0.17811500000000002,0.0927948910593539,0.23279489105935391,-0.08,0.08,-0.1415610505302203,0.002119025932671017,3.810990254136148,not_applicable,0.0,False,-16654.05035712465,-0.07517704655481827,0.8894182158829406,17.977857890324685,18.09019865137508,18.046482601775057,0.35,0.0,True,True,43282.75,2821.0052802814257,9.56052538426496,0.0024014776079634968,9555.564404038527,1.0723277043759831,1.0812466313241433,0.9873133160902805,0.966772287404146,0.4038597981810853,1.0,0.004263687269015818,0.00123702779198544,0.004575311190917361,-0.007738486820527819,0.024954649928887067,-0.02634981112409618,1735.942860410549,True
12,stress,10067,gain_scheduled_lqr,152.5,0.01972595382120806,0.0013240906401855608,3.6336201567233855,0.02091704902710185,-0.0008394212519854038,3.637515397079644,0.16246635224924869,-0.0004355761718750073,-0.17833969116210935,0.09246635224924868,0.2324663522492487,-0.08,0.08,-0.14274039842804062,0.001759666812060568,3.811959847885495,not_applicable,0.0,False,-16606.289897036346,-0.07471734658326953,0.8899121331712881,17.69261219267452,17.90721098439374,17.947592522341132,0.35,0.0,True,True,43249.046325683594,2818.4935419458525,9.55201297973891,0.002414274803720817,9589.385863552656,1.0723277043759831,1.0812466313241433,0.9873133160902805,0.966772287404146,0.4038597981810853,1.0,0.004263687269015818,0.00123702779198544,0.004575311190917361,-0.007738486820527819,0.024954649928887067,-0.02634981112409618,1735.942860410549,True
12,stress,10067,gain_scheduled_lqr,153.0,0.01821824742880853,0.0009932079229795366,3.634199377786589,0.018272181376570235,-0.00015020815259349555,3.6404844976330537,0.162157095229151,-0.000407868652343768,-0.17855057617187503,0.092157095229151,0.232157095229151,-0.08,0.08,-0.14393884780034247,0.0014010765753233046,3.812749953958464,not_applicable,0.0,False,-16553.327201178203,-0.0742549824072483,0.8903756891275432,17.77172971193509,17.977857890324685,17.969082505011443,0.35,0.0,True,True,43217.41357421875,2816.1376774571086,9.544028839331956,0.0024263477069652512,9621.234678402845,1.0723277043759831,1.0812466313241433,0.9873133160902805,0.966772287404146,0.4038597981810853,1.0,0.004263687269015818,0.00123702779198544,0.004575311190917361,-0.007738486820527819,0.024954649928887067,-0.02634981112409618,1735.942860410549,True
12,stress,10067,gain_scheduled_lqr,153.5,0.01671118176771586,0.0006633879373343501,3.6346134228893026,0.02554848409653973,0.0013915229666051358,3.638563463889544,0.16186738413317056,-0.0003799707031249544,-0.17874755981445312,0.09186738413317055,0.23186738413317057,-0.08,0.08,-0.1451562023654547,0.0010433586404593044,3.8133609827037556,not_applicable,0.0,False,-16495.19191283492,-0.07379007401262164,0.8908086691478525,17.932407058771958,17.69261219267452,17.77277422869363,0.35,0.0,True,True,43187.86602783203,2813.938542737408,9.536575863806503,0.0024376793021346943,9651.077216131924,1.0723277043759831,1.0812466313241433,0.9873133160902805,0.966772287404146,0.4038597981810853,1.0,0.004263687269015818,0.00123702779198544,0.004575311190917361,-0.007738486820527819,0.024954649928887067,-0.02634981112409618,1735.942860410549,True
12,stress,10067,gain_scheduled_lqr,154.0,0.01520521811631913,0.0003347335002156618,3.634862849154485,0.012817412856215262,-0.00026767213444569193,3.6256002659758164,0.161597483095417,-0.000351882324218733,-0.17893054687499999,0.09159748309541699,0.231597483095417,-0.08,0.08,-0.14639226497909785,0.0006866158244343948,3.813793396029485,not_applicable,0.0,False,-16431.91823463246,-0.0733227416381006,0.8912108600923155,17.677191680821903,17.77172971193509,17.772032567562928,0.35,0.0,True,True,43160.41796875,2811.8969927942394,9.529656950824899,0.0024482531450763707,9678.880769733061,1.0723277043759831,1.0812466313241433,0.9873133160902805,0.966772287404146,0.4038597981810853,1.0,0.004263687269015818,0.00123702779198544,0.004575311190917361,-0.007738486820527819,0.024954649928887067,-0.02634981112409618,1735.942860410549,True
12,stress,10067,gain_scheduled_lqr,154.5,0.013700818219344373,7.3467372628780066e-06,3.634948264941346,0.013812794999162189,-0.0010387698992010566,3.639777104507623,0.16134765625,-0.0003236035156249928,-0.17909944213867185,0.09134765624999999,0.23134765625,-0.08,0.08,-0.14764683803065562,0.0003309502528878708,3.8140477070800176,not_applicable,0.0,False,-16363.544882445512,-0.07285310565977665,0.8915820503170069,17.664576151851378,17.932407058771958,17.88590678309253,0.35,0.0,True,True,43135.08367919922,2810.013881724981,9.523274994965092,0.002458053397609794,9704.613599549908,1.0723277043759831,1.0812466313241433,0.9873133160902805,0.966772287404146,0.4038597981810853,1.0,0.004263687269015818,0.00123702779198544,0.004575311190917361,-0.007738486820527819,0.024954649928887067,-0.02634981112409618,1735.942860410549,True
12,stress,10067,gain_scheduled_lqr,155.0,0.012198443890335904,-0.00031867100655737864,3.634870329477267,0.013193557799195422,-0.00022875541143420157,3.6370867075247486,0.1611181677310293,-0.00029513427734373376,-0.17925415039062498,0.09111816773102929,0.2311181677310293,-0.08,0.08,-0.1489197238406934,-2.353672921364487e-05,3.814124479867892,not_applicable,0.0,False,-16290.115032467835,-0.07238128647553843,0.8919220297061744,17.732449131259603,17.677191680821903,17.737708223826207,0.35,0.0,True,True,43111.87744140625,2808.2900627214676,9.517432887736097,0.002467064861604424,9728.244975012014,1.0723277043759831,1.0812466313241433,0.9873133160902805,0.966772287404146,0.4038597981810853,1.0,0.004263687269015818,0.00123702779198544,0.004575311190917361,-0.007738486820527819,0.024954649928887067,-0.02634981112409618,1735.942860410549,True
12,stress,10067,gain_scheduled_lqr,155.5,0.01069855661350026,-0.0006432192552178353,3.6346297524453237,0.010854891345812369,0.00016325895807737774,3.6300116578675503,0.1609092816726146,-0.00026647460937501144,-0.17939457641601558,0.09090928167261458,0.2309092816726146,-0.08,0.08,-0.15021072505911434,-0.0003767446458428238,3.8140243288613394,not_applicable,0.0,False,-16211.676261598332,-0.07190740438954743,0.8922305897046117,17.733566741501686,17.664576151851378,17.685780655648713,0.35,0.0,True,True,43090.81353759766,2806.7263880745245,9.512133517593359,0.002475273012480701,9749.74521615999,1.0723277043759831,1.0812466313241433,0.9873133160902805,0.966772287404146,0.4038597981810853,1.0,0.004263687269015818,0.00123702779198544,0.004575311190917361,-0.007738486820527819,0.024954649928887067,-0.02634981112409618,1735.942860410549,True
12,stress,10067,gain_scheduled_lqr,156.0,0.009201617145522463,-0.0009661984886856033,3.634227293527969,0.0032899224223188134,-0.0027295792190478803,3.635099650949841,0.1607212622088655,-0.0002376245117187703,-0.179520625,0.0907212622088655,0.23072126220886552,-0.08,0.08,-0.15151964506334306,-0.000728573976966833,3.813747918527969,not_applicable,0.0,False,-16128.280481312086,-0.07143157949695149,0.892507523350207,17.444672754798084,17.732449131259603,17.718917696396833,0.35,0.0,True,True,43071.90625,2805.323709178458,9.50737976995398,0.002482664032042672,9769.085734913946,1.0723277043759831,1.0812466313241433,0.9873133160902805,0.966772287404146,0.4038597981810853,1.0,0.004263687269015818,0.00123702779198544,0.004575311190917361,-0.007738486820527819,0.024954649928887067,-0.02634981112409618,1735.942860410549,True
12,stress,10067,gain_scheduled_lqr,156.5,0.007708085117962123,-0.0012875102286375745,3.633663761907528,0.006957304574328472,-0.0014339691677788078,3.6299789063996597,0.16055437347389181,-0.00020858398437501036,-0.17963220092773435,0.09055437347389181,0.23055437347389182,-0.08,0.08,-0.1528462883559297,-0.0010789262442625642,3.8132959628352623,not_applicable,0.0,False,-16039.983865198945,-0.07095393156901242,0.8927526253066658,17.558046220802936,17.733566741501686,17.729319279011357,0.35,0.0,True,True,43055.169860839844,2804.0828765355113,9.503174527211813,0.002489224840549896,9786.239076036947,1.0723277043759831,1.0812466313241433,0.9873133160902805,0.966772287404146,0.4038597981810853,1.0,0.004263687269015818,0.00123702779198544,0.004575311190917361,-0.007738486820527819,0.024954649928887067,-0.02634981112409618,1735.942860410549,True
12,stress,10067,gain_scheduled_lqr,157.0,0.006218418640833496,-0.001607057122711792,3.6329400157241962,0.007044549026843751,-0.0006582709989736339,3.6301301840918234,0.16040887960180317,-0.0001793530273437871,-0.179729208984375,0.09040887960180316,0.23040887960180317,-0.08,0.08,-0.15419046096096967,-0.0014277040953680049,3.8126692247085714,not_applicable,0.0,False,-15946.84677036809,-0.07047457993882364,0.8929656918964083,17.63648338721652,17.444672754798084,17.52720546774591,0.35,0.0,True,True,43040.61865234375,2803.004739760278,9.499520668752426,0.00249494312793649,9801.178957744638,1.0723277043759831,1.0812466313241433,0.9873133160902805,0.966772287404146,0.4038597981810853,1.0,0.004263687269015818,0.00123702779198544,0.004575311190917361,-0.007738486820527819,0.024954649928887067,-0.02634981112409618,1735.942860410549,True
12,stress,10067,gain_scheduled_lqr,157.5,0.004733073907968507,-0.0019247430271744428,3.6320569614923093,0.005131526410518706,-0.0018740940905970862,3.6298445936291843,0.16028504472670924,-0.00014993164062498954,-0.17981155395507814,0.09028504472670923,0.23028504472670924,-0.08,0.08,-0.15555197081874073,-0.0017748113865494533,3.8118685154473875,not_applicable,0.0,False,-15848.933652928037,-0.0699936433877908,0.8931465211336418,17.5042398275394,17.558046220802936,17.549104003692836,0.35,0.0,True,True,43028.26690673828,2802.0901475840824,9.496421070967946,0.002499807384085185,9813.880311909985,1.0723277043759831,1.0812466313241433,0.9873133160902805,0.966772287404146,0.4038597981810853,1.0,0.004263687269015818,0.00123702779198544,0.004575311190917361,-0.007738486820527819,0.024954649928887067,-0.02634981112409618,1735.942860410549,True
12,stress,10067,gain_scheduled_lqr,158.0,0.0032525048047553954,-0.002240473087886365,3.6310155534757027,0.005752950197848366,-0.0012366223619330336,3.637487599173723,0.16018313298271974,-0.00012031982421872867,-0.179879140625,0.09018313298271974,0.23018313298271975,-0.08,0.08,-0.15693062817796435,-0.0021201532636676364,3.8108946941007025,not_applicable,0.0,False,-15746.312977764865,-0.06951124003304612,0.8932949127576065,17.60439344022707,17.63648338721652,17.61114790280177,0.35,0.0,True,True,43018.12890625,2801.339947859319,9.493878607271759,0.002503806928064957,9824.319323811103,1.0723277043759831,1.0812466313241433,0.9873133160902805,0.966772287404146,0.4038597981810853,1.0,0.004263687269015818,0.00123702779198544,0.004575311190917361,-0.007738486820527819,0.024954649928887067,-0.02634981112409618,1735.942860410549,True
12,stress,10067,gain_scheduled_lqr,158.5,0.0017771625188377652,-0.002554153819457462,3.6298167930230405,0.014287393605169374,-0.003775739455402001,3.6313029078842494,0.16010340850394442,-9.05175781250045e-05,-0.17993187377929687,0.09010340850394441,0.23010340850394442,-0.08,0.08,-0.15832624598510664,-0.0024636362413324574,3.8097486668023373,not_applicable,0.0,False,-15639.05712285266,-0.0690274872159645,0.8934106682659959,17.325655640926136,17.5042398275394,17.535237618613156,0.35,0.0,True,True,43010.21893310547,2800.754987563758,9.491896148113106,0.002506931936241645,9832.473471368789,1.0723277043759831,1.0812466313241433,0.9873133160902805,0.966772287404146,0.4038597981810853,1.0,0.004263687269015818,0.00123702779198544,0.004575311190917361,-0.007738486820527819,0.024954649928887067,-0.02634981112409618,1735.942860410549,True
12,stress,10067,gain_scheduled_lqr,159.0,0.00030749515434961455,-0.002865693182482142,3.6284617278640474,0.002455177379115079,-0.0027807142565151807,3.6336177430595313,0.16004613542449286,-6.052490234376151e-05,-0.179969658203125,0.09004613542449286,0.23004613542449287,-0.08,0.08,-0.15973864027014326,-0.0028051682801383806,3.8084313860671726,not_applicable,0.0,False,-15527.242278339905,-0.06854250139194548,0.8934935909485493,17.416031433968744,17.60439344022707,17.58434184258432,0.35,0.0,True,True,43004.55126953125,2800.3361128048127,9.490476560991553,0.0025091734691721013,9838.32156381854,1.0723277043759831,1.0812466313241433,0.9873133160902805,0.966772287404146,0.4038597981810853,1.0,0.004263687269015818,0.00123702779198544,0.004575311190917361,-0.007738486820527819,0.024954649928887067,-0.02634981112409618,1735.942860410549,True
12,stress,10067,gain_scheduled_lqr,159.5,-0.0011560526497485957,-0.003175000658753808,3.6269514513676255,0.0013199416659529352,-0.0021360855856352758,3.628728568133824,0.16001157787847484,-3.0341796874999716e-05,-0.17999239868164063,0.09001157787847483,0.23001157787847484,-0.08,0.08,-0.16116763052822344,-0.003144658861878808,3.806943850049266,not_applicable,0.0,False,-15410.948340665622,-0.06805639802162275,0.8935434859208204,17.454504337301103,17.325655640926136,17.400661208213588,0.35,0.0,True,True,43001.140197753906,2800.0841688237724,9.48962271047132,0.0025105234971940383,9841.84377976087,1.0723277043759831,1.0812466313241433,0.9873133160902805,0.966772287404146,0.4038597981810853,1.0,0.004263687269015818,0.00123702779198544,0.004575311190917361,-0.007738486820527819,0.024954649928887067,-0.02634981112409618,1735.942860410549,True
12,stress,10067,gain_scheduled_lqr,160.0,-0.0026130400966795915,-0.0034819873243615144,3.625287101762897,0.0007710955292840275,-0.00099809105685343,3.6276671894745474,0.16,-1.5202636718725238e-05,-0.18,0.09,0.23,-0.08,0.08,-0.1626130400966796,-0.003466784687642789,3.805287101762897,not_applicable,0.0,False,-15290.258801966633,-0.06756929146365709,0.8935601601581166,17.564254465090933,17.416031433968744,17.4115748665341,0.35,0.0,True,True,43000.0,2800.0,9.489337458195521,0.002510974924625446,9843.02170453175,1.0723277043759831,1.0812466313241433,0.9873133160902805,0.966772287404146,0.4038597981810853,1.0,0.004263687269015818,0.00123702779198544,0.004575311190917361,-0.007738486820527819,0.024954649928887067,-0.02634981112409618,1735.942860410549,True
