scenario_id,tier,seed,controller,residual_gain,time_s,alpha_rad,q_radps,theta_rad,measured_alpha_rad,measured_q_radps,measured_theta_rad,alpha_ref_rad,q_ref_radps,theta_ref_rad,alpha_min_rad,alpha_max_rad,q_min_radps,q_max_radps,alpha_error_rad,q_error_rad,theta_error_rad,predicted_residual_q_dot,applied_residual_q_dot,solver_status,solve_time_s,objective_value,solver_failure,pitching_moment_nm,cm,flap_effectiveness,delta_flap_raw_rad,delta_flap_delayed_rad,delta_flap_lagged_rad,delta_flap_rad,delta_flap_rate_radps,flap_saturated,flap_rate_saturated,altitude_m,velocity_mps,mach,density_kgm3,dynamic_pressure_pa,density_scale,cm_alpha_scale,cm_delta_scale,cm_q_scale,actuator_lag_s,actuator_delay_s,sensor_noise_alpha_rad,sensor_noise_q_radps,sensor_noise_theta_rad,initial_alpha_error_rad,initial_q_error_radps,initial_theta_error_rad,external_disturbance_moment_nm,corridor_violation
11,moderate,66,residual_horizon_nmpc_gain_2,2.0,0.0,0.09726367930063026,0.05237034123419307,0.08118891616634445,0.09743057985265398,0.05201600022115371,0.08050890310645166,0.12,-1.5202636718752993e-05,0.08,0.04999999999999999,0.19,-0.08,0.08,-0.022736320699369733,0.05238554387091182,0.0011889161663444503,4.822901683500334e-05,9.645803367000667e-05,Solve_Succeeded,0.057638750004116446,19227.991072991965,False,-1866.8762812365558,-0.020597535594071036,0.4015798869488264,-0.06619886909068234,0.0,0.0,0.0,0.0,False,False,82000.0,6200.0,21.012104371718653,5.631335244604286e-06,108.23426340129438,1.1271201633807792,1.057845439337298,0.8291739104917131,1.0497015221724948,0.165381683907133,1.0,0.00030848479803221776,0.0006562873235056894,0.001380134036191736,-0.02273632069936974,0.05238554387091182,0.0011889161663444536,-1809.8046884581565,False
11,moderate,66,residual_horizon_nmpc_gain_2,2.0,0.5,0.1119194493992448,0.05233284002406308,0.10736472488783545,0.11159258340067996,0.05146259365845764,0.10522309627360388,0.12002304098079561,-3.0341796874999716e-05,0.07999239868164063,0.0500230409807956,0.19002304098079562,-0.08,0.08,-0.008103591581550815,0.05236318182093808,0.027372326206194827,5.030387933640211e-05,0.00010060775867280422,not_applicable,0.0,,False,-1882.9520408485546,-0.026396770636646562,0.40159248685423254,-0.06619886909068234,0.0,0.0,0.0,0.0,False,False,81998.8598022461,6199.7501458924335,21.01125760388222,5.632347837877232e-06,108.24500057530217,1.1271201633807792,1.057845439337298,0.8291739104917131,1.0497015221724948,0.165381683907133,1.0,0.00030848479803221776,0.0006562873235056894,0.001380134036191736,-0.02273632069936974,0.05238554387091182,0.0011889161663444536,-1809.8046884581565,False
11,moderate,66,residual_horizon_nmpc_gain_2,2.0,1.0,0.12503075967039443,0.05229503453190158,0.13352170552193554,0.12518556599403982,0.05302982449661957,0.1341304081736836,0.12009173525377229,-6.052490234374763e-05,0.079969658203125,0.05009173525377228,0.1900917352537723,-0.08,0.08,0.00493902441662214,0.05235555943424533,0.05355204731881054,4.963533457682037e-05,9.927066915364074e-05,not_applicable,0.0,,False,-1881.0759061230124,-0.025711221651898212,0.40162486243193063,-0.06619886909068234,-0.06619886909068234,-0.06297895726188912,-0.06297895726188912,-0.12595791452377825,False,False,81995.44873046875,6199.108143368448,21.00908182581111,5.635378249087887e-06,108.28081130201328,1.1271201633807792,1.057845439337298,0.8291739104917131,1.0497015221724948,0.165381683907133,1.0,0.00030848479803221776,0.0006562873235056894,0.001380134036191736,-0.02273632069936974,0.05238554387091182,0.0011889161663444536,-1809.8046884581565,False
11,moderate,66,residual_horizon_nmpc_gain_2,2.0,1.5,0.136758432093811,0.05225728197506384,0.15965979538113617,0.13684649987963915,0.052449539182193576,0.15948643722703668,0.12020543981481481,-9.05175781250045e-05,0.07993187377929688,0.0502054398148148,0.1902054398148148,-0.08,0.08,0.01655299227899619,0.05234779955318884,0.0797279216018393,5.0369486107511643e-05,0.00010073897221502329,not_applicable,0.0,,False,-1893.1868368073926,-0.030062927766058328,0.4016744554206741,-0.06619886909068234,-0.06619886909068234,-0.06604225263593597,-0.06604225263593597,-0.006126590748093685,False,False,81989.78106689453,6198.124722339112,21.005748963664374,5.640417032047365e-06,108.34324571572121,1.1271201633807792,1.057845439337298,0.8291739104917131,1.0497015221724948,0.165381683907133,1.0,0.00030848479803221776,0.0006562873235056894,0.001380134036191736,-0.02273632069936974,0.05238554387091182,0.0011889161663444536,-1809.8046884581565,False
11,moderate,66,residual_horizon_nmpc_gain_2,2.0,2.0,0.14724655167641723,0.05221930098444056,0.18577895072415623,0.1475466777562464,0.05170986572787152,0.1872581578103988,0.12036351165980795,-0.00012031982421875642,0.079879140625,0.050363511659807944,0.19036351165980797,-0.08,0.08,0.02688304001660928,0.052339620808659316,0.10589981009915624,5.1223116846764016e-05,0.00010244623369352803,Solve_Succeeded,0.054350666992831975,24096.78561983453,False,-1904.723963592629,-0.03419424822488166,0.4017399997587981,-0.0661618305988979,-0.06619886909068234,-0.0661912512690768,-0.0661912512690768,-0.0002979972662816577,False,False,81981.87109375,6196.824988604601,21.00134410223131,5.647456851750512e-06,108.43297856866864,1.1271201633807792,1.057845439337298,0.8291739104917131,1.0497015221724948,0.165381683907133,1.0,0.00030848479803221776,0.0006562873235056894,0.001380134036191736,-0.02273632069936974,0.05238554387091182,0.0011889161663444536,-1809.8046884581565,False
11,moderate,66,residual_horizon_nmpc_gain_2,2.0,2.5,0.15662413171883438,0.05218110158329782,0.2118790599589386,0.15657575269955365,0.05214484120404795,0.21018837547126296,0.12056530778463648,-0.00014993164062498954,0.07981155395507812,0.05056530778463647,0.19056530778463648,-0.08,0.08,0.0360588239341979,0.05233103322392281,0.13206750600386047,5.1509466997549935e-05,0.00010301893399509987,not_applicable,0.0,,False,-1915.1181787009932,-0.037897669367222886,0.4018206300465545,-0.0661618305988979,-0.06619886909068234,-0.06619849855997337,-0.06619849855997337,-1.4494581793145223e-05,False,False,81971.73309326172,6195.226102903411,20.995925400097143,5.656492448731403e-06,108.5504275407706,1.1271201633807792,1.057845439337298,0.8291739104917131,1.0497015221724948,0.165381683907133,1.0,0.00030848479803221776,0.0006562873235056894,0.001380134036191736,-0.02273632069936974,0.05238554387091182,0.0011889161663444536,-1809.8046884581565,False
11,moderate,66,residual_horizon_nmpc_gain_2,2.0,3.0,0.16500675427194905,0.05214270533249094,0.23796001937672367,0.16503140933153787,0.053764643328655166,0.23785994906782562,0.12081018518518519,-0.00017935302734374547,0.07972920898437501,0.05081018518518518,0.1908101851851852,-0.08,0.08,0.044196569086763865,0.05232205835983469,0.15823081039234865,5.171231107082598e-05,0.00010342462214165196,not_applicable,0.0,,False,-1924.4751853719163,-0.04120961936611106,0.40191568368588926,-0.0661618305988979,-0.0661618305988979,-0.06616361412787998,-0.06616361412787998,6.976886418677553e-05,False,False,81959.38134765625,6193.341204448907,20.98953738670099,5.667520607195489e-06,108.69589077974668,1.1271201633807792,1.057845439337298,0.8291739104917131,1.0497015221724948,0.165381683907133,1.0,0.00030848479803221776,0.0006562873235056894,0.001380134036191736,-0.02273632069936974,0.05238554387091182,0.0011889161663444536,-1809.8046884581565,False
11,moderate,66,residual_horizon_nmpc_gain_2,2.0,3.5,0.17249797141923673,0.0521041318175226,0.2640217355439774,0.1723745721283515,0.05236187534785004,0.2653887077689912,0.12109750085733882,-0.00020858398437501036,0.07963220092773438,0.051097500857338815,0.19109750085733884,-0.08,0.08,0.05140047056189791,0.052312715801897613,0.18438953461624302,5.287563362627902e-05,0.00010575126725255804,not_applicable,0.0,,False,-1932.8926157813446,-0.04416404619121654,0.40202462079258067,-0.0661618305988979,-0.0661618305988979,-0.06616191734971623,-0.06616191734971623,3.3935563275022673e-06,False,False,81944.83013916016,6191.180999058791,20.98221634458463,5.680540126795923e-06,108.86960266829645,1.1271201633807792,1.057845439337298,0.8291739104917131,1.0497015221724948,0.165381683907133,1.0,0.00030848479803221776,0.0006562873235056894,0.001380134036191736,-0.02273632069936974,0.05238554387091182,0.0011889161663444536,-1809.8046884581565,False
11,moderate,66,residual_horizon_nmpc_gain_2,2.0,4.0,0.17919055748831755,0.05206539879501417,0.29006412435255763,0.1795114583496006,0.051606278920665,0.2884354387258591,0.12142661179698216,-0.00023762451171874255,0.079520625,0.05142661179698216,0.19142661179698217,-0.08,0.08,0.05776394569133539,0.052303023306732914,0.21054349935255762,5.366640106932831e-05,0.00010733280213865663,Solve_Succeeded,0.05263150000246242,28768.055862063724,False,-1940.4831167580153,-0.04680062014978949,0.40214698367832524,-0.06603586087377587,-0.0661618305988979,-0.06616183481845617,-0.06616183481845617,1.650625201243816e-07,False,False,81928.09375,6188.754562618874,20.973993032370615,5.695551797931644e-06,109.07176206480656,1.1271201633807792,1.057845439337298,0.8291739104917131,1.0497015221724948,0.165381683907133,1.0,0.00030848479803221776,0.0006562873235056894,0.001380134036191736,-0.02273632069936974,0.05238554387091182,0.0011889161663444536,-1809.8046884581565,False
11,moderate,66,residual_horizon_nmpc_gain_2,2.0,4.5,0.185167630783276,0.05202652187905183,0.3160871100279545,0.18484133576318007,0.05198762281240119,0.3133102057566716,0.121796875,-0.00026647460937499756,0.07939457641601563,0.05179687499999999,0.191796875,-0.08,0.08,0.063370755783276,0.05229299648842683,0.23669253361193884,5.429499120811199e-05,0.00010858998241622397,not_applicable,0.0,,False,-1947.34024144983,-0.04915239954571377,0.40228237351219553,-0.06603586087377587,-0.0661618305988979,-0.06616183080413714,-0.06616183080413714,8.028638059931481e-09,False,False,81909.18646240234,6186.0698038826085,20.964894253212666,5.712558380455047e-06,109.30254857121709,1.1271201633807792,1.057845439337298,0.8291739104917131,1.0497015221724948,0.165381683907133,1.0,0.00030848479803221776,0.0006562873235056894,0.001380134036191736,-0.02273632069936974,0.05238554387091182,0.0011889161663444536,-1809.8046884581565,False
11,moderate,66,residual_horizon_nmpc_gain_2,2.0,5.0,0.1905036584870978,0.05198751491113862,0.3420906241514875,0.19098162770493837,0.05154833482006611,0.34177739239593435,0.1222076474622771,-0.0002951342773437615,0.079254150390625,0.05220764746227709,0.1922076474622771,-0.08,0.08,0.0682960110248207,0.05228264918848238,0.2628364737608625,5.5596990465082985e-05,0.00011119398093016597,not_applicable,0.0,,False,-1953.5785017469768,-0.05126008814328178,0.4024304356602051,-0.06603586087377587,-0.06603586087377587,-0.06604198804897408,-0.06604198804897408,0.0002396855103261042,False,False,81888.12255859375,6183.133755185188,20.95494384003998,5.731564585685436e-06,109.56213274343739,1.1271201633807792,1.057845439337298,0.8291739104917131,1.0497015221724948,0.165381683907133,1.0,0.00030848479803221776,0.0006562873235056894,0.001380134036191736,-0.02273632069936974,0.05238554387091182,0.0011889161663444536,-1809.8046884581565,False
11,moderate,66,residual_horizon_nmpc_gain_2,2.0,5.5,0.19526535686996285,0.05194838953038999,0.36807460466743364,0.1957656270629442,0.05127832954070984,0.36807723753121324,0.12265828617969822,-0.0003236035156249928,0.07909944213867187,0.05265828617969821,0.1926582861796982,-0.08,0.08,0.07260707069026463,0.052271993046014986,0.28897516252876176,5.680396346605457e-05,0.00011360792693210914,not_applicable,0.0,,False,-1959.2108399014546,-0.05312827955397817,0.40259084988176863,-0.06603586087377587,-0.06603586087377587,-0.0660361588994698,-0.0660361588994698,1.1658299008565631e-05,False,False,81864.91632080078,6179.952766846162,20.944163314397265,5.7525770616336835e-06,109.85068290841785,1.1271201633807792,1.057845439337298,0.8291739104917131,1.0497015221724948,0.165381683907133,1.0,0.00030848479803221776,0.0006562873235056894,0.001380134036191736,-0.02273632069936974,0.05238554387091182,0.0011889161663444536,-1809.8046884581565,True
11,moderate,66,residual_horizon_nmpc_gain_2,2.0,6.0,0.19951249811416244,0.05190915719545105,0.3940389952880894,0.19930249380993414,0.05229242887401909,0.3931056285939171,0.12314814814814815,-0.0003518823242187469,0.07893054687500001,0.05314814814814814,0.19314814814814815,-0.08,0.08,0.0763643499660143,0.052261039519669795,0.3151084484130894,5.765283524899025e-05,0.0001153056704979805,Solve_Succeeded,0.05166695895604789,39029.38165831758,False,-1964.3317382529576,-0.05479079781412702,0.4027633234553852,-0.06582283287292354,-0.06603586087377587,-0.06603587536974038,-0.06603587536974038,5.670594588336186e-07,False,False,81839.58203125,6176.532643486048,20.932572348428415,5.775604381351572e-06,110.16836993479706,1.1271201633807792,1.057845439337298,0.8291739104917131,1.0497015221724948,0.165381683907133,1.0,0.00030848479803221776,0.0006562873235056894,0.001380134036191736,-0.02273632069936974,0.05238554387091182,0.0011889161663444536,-1809.8046884581565,True
11,moderate,66,residual_horizon_nmpc_gain_2,2.0,6.5,0.20329863317011213,0.051869827545247965,0.4199837449944151,0.2033799376455105,0.05133304723986247,0.42134478904363776,0.12367659036351165,-0.0003799707031250099,0.07874755981445312,0.05367659036351165,0.19367659036351165,-0.08,0.08,0.07962204280660047,0.052249798248372975,0.34123618517996196,5.95591742751124e-05,0.0001191183485502248,not_applicable,0.0,,False,-1969.0016242240288,-0.056269370170378405,0.40294758617496185,-0.06582283287292354,-0.06603586087377587,-0.06603586157885934,-0.06603586157885934,2.7581762096495765e-08,False,False,81812.13397216797,6172.878743248417,20.920189101145034,5.800657034326951e-06,110.51537069856919,1.1271201633807792,1.057845439337298,0.8291739104917131,1.0497015221724948,0.165381683907133,1.0,0.00030848479803221776,0.0006562873235056894,0.001380134036191736,-0.02273632069936974,0.05238554387091182,0.0011889161663444536,-1809.8046884581565,True
11,moderate,66,residual_horizon_nmpc_gain_2,2.0,7.0,0.20667173909690265,0.051830409072564865,0.4459088072951861,0.20650833559838203,0.050988486353669815,0.44626933732703933,0.12424296982167352,-0.00040786865234375413,0.078550576171875,0.05424296982167351,0.19424296982167352,-0.08,0.08,0.08242876927522913,0.05223827772490862,0.3673582311233111,6.111313571869822e-05,0.00012222627143739645,not_applicable,0.0,,False,-1973.3271378107715,-0.057602019324683305,0.4031433865961587,-0.06582283287292354,-0.06582283287292354,-0.0658331945854352,-0.0658331945854352,0.0004053339868482775,False,False,81782.58642578125,6168.996052234287,20.907030470688255,5.827747420853623e-06,110.89187067959872,1.1271201633807792,1.057845439337298,0.8291739104917131,1.0497015221724948,0.165381683907133,1.0,0.00030848479803221776,0.0006562873235056894,0.001380134036191736,-0.02273632069936974,0.05238554387091182,0.0011889161663444536,-1809.8046884581565,True
11,moderate,66,residual_horizon_nmpc_gain_2,2.0,7.5,0.20967479890418067,0.05179090819309046,0.4718141394217323,0.20902445348654802,0.052834613578813604,0.4724438761225618,0.12484664351851851,-0.0004355761718749934,0.07833969116210937,0.054846643518518506,0.19484664351851852,-0.08,0.08,0.08482815538566216,0.05222648436496545,0.3934744482596229,6.232717274398669e-05,0.00012465434548797338,not_applicable,0.0,,False,-1977.2505306881555,-0.05876879490901899,0.40335048914940924,-0.06582283287292354,-0.06582283287292354,-0.06582333686643795,-0.06582333686643795,1.9715437994505258e-05,False,False,81750.9536743164,6164.88924175046,20.893112288346153,5.856889849311447e-06,111.29806595890464,1.1271201633807792,1.057845439337298,0.8291739104917131,1.0497015221724948,0.165381683907133,1.0,0.00030848479803221776,0.0006562873235056894,0.001380134036191736,-0.02273632069936974,0.05238554387091182,0.0011889161663444536,-1809.8046884581565,True
11,moderate,66,residual_horizon_nmpc_gain_2,2.0,8.0,0.21234632156916203,0.05175133252721,0.4976997021103281,0.21244870828656792,0.05182798300206942,0.49939360312352554,0.1254869684499314,-0.00046309326171874166,0.078115,0.055486968449931395,0.1954869684499314,-0.08,0.08,0.08685935311923063,0.052214425788928744,0.4195847021103281,6.46708188771967e-05,0.0001293416377543934,Solve_Succeeded,0.055069750000257045,36490.52582421773,False,-1980.8624039150725,-0.05980213860749432,0.4035686718725181,-0.06552099492459344,-0.06582283287292354,-0.06582285738715922,-0.06582285738715922,9.58958557450984e-07,False,False,81717.25,6160.562713271744,20.878449470932924,5.8881005362993896e-06,111.73416479119702,1.1271201633807792,1.057845439337298,0.8291739104917131,1.0497015221724948,0.165381683907133,1.0,0.00030848479803221776,0.0006562873235056894,0.001380134036191736,-0.02273632069936974,0.05238554387091182,0.0011889161663444536,-1809.8046884581565,True
11,moderate,66,residual_horizon_nmpc_gain_2,2.0,8.5,0.21472080793173123,0.051711687927687974,0.5235654594618978,0.214736185957216,0.05158333423980986,0.5227767682448377,0.12616330161179698,-0.0004904199218749988,0.07787659790039063,0.05616330161179697,0.196163301611797,-0.08,0.08,0.08855750631993425,0.05220210784956297,0.44568886156150717,6.651100058549346e-05,0.00013302200117098692,not_applicable,0.0,,False,-1984.2027428223946,-0.060716580996207956,0.4037977245977856,-0.06552099492459344,-0.06582283287292354,-0.06582283406529553,-0.06582283406529553,4.664372738050204e-08,False,False,81681.4896850586,6156.020634389981,20.86305614262193,5.92139760957033e-06,112.20038886953337,1.1271201633807792,1.057845439337298,0.8291739104917131,1.0497015221724948,0.165381683907133,1.0,0.00030848479803221776,0.0006562873235056894,0.001380134036191736,-0.02273632069936974,0.05238554387091182,0.0011889161663444536,-1809.8046884581565,True
11,moderate,66,residual_horizon_nmpc_gain_2,2.0,9.0,0.21682916761135002,0.05167197948724097,0.549411378310487,0.2168937586373049,0.05272725403056013,0.5479325718571877,0.126875,-0.0005175561523437511,0.077624580078125,0.05687499999999998,0.196875,-0.08,0.08,0.08995416761135003,0.05218953563958472,0.471786798232362,6.834480032303324e-05,0.00013668960064606647,not_applicable,0.0,,False,-1987.3830167062315,-0.06155137248726446,0.4040374474800409,-0.06552099492459344,-0.06552099492459344,-0.06553567637509085,-0.06553567637509085,0.0005743153804093626,False,False,81643.68701171875,6151.266968002932,20.84694573386822,5.956801113722713e-06,112.69697436276796,1.1271201633807792,1.057845439337298,0.8291739104917131,1.0497015221724948,0.165381683907133,1.0,0.00030848479803221776,0.0006562873235056894,0.001380134036191736,-0.02273632069936974,0.05238554387091182,0.0011889161663444536,-1809.8046884581565,True
11,moderate,66,residual_horizon_nmpc_gain_2,2.0,9.5,0.21869909238393145,0.051632210104631114,0.5752374274851081,0.2189631311731292,0.05174504200768542,0.5758264692810594,0.12762142061042525,-0.0005445019531249984,0.07735904174804688,0.057621420610425245,0.19762142061042526,-0.08,0.08,0.0910776717735062,0.05217671205775611,0.4978783857370612,7.136165790740112e-05,0.00014272331581480224,not_applicable,0.0,,False,-1990.2821142245068,-0.06226496754816749,0.40428764978530923,-0.06552099492459344,-0.06552099492459344,-0.06552170903008754,-0.06552170903008754,2.7934690006614638e-05,False,False,81603.85626220703,6146.305496334782,20.830131062815237,5.994333018610051e-06,113.22417278294309,1.1271201633807792,1.057845439337298,0.8291739104917131,1.0497015221724948,0.165381683907133,1.0,0.00030848479803221776,0.0006562873235056894,0.001380134036191736,-0.02273632069936974,0.05238554387091182,0.0011889161663444536,-1809.8046884581565,True
11,moderate,66,residual_horizon_nmpc_gain_2,2.0,10.0,0.22035539145289693,0.051592385132506365,0.6010435778750325,0.2208146425320489,0.0520274902168602,0.5995778773833421,0.12840192043895748,-0.0005712573242187546,0.077080078125,0.05840192043895748,0.1984019204389575,-0.08,0.08,0.09195347101393944,0.05216364245672512,0.5239634997500324,7.362668313896708e-05,0.00014725336627793417,Solve_Succeeded,0.0686343329725787,36007.860735774186,False,-1992.9969109984168,-0.062891585326823,0.40454814888211915,-0.06512815544804784,-0.06552099492459344,-0.06552102965867213,-0.06552102965867213,1.358742830831483e-06,False,False,81562.01171875,6141.139840938384,20.81262440308339,6.0340172304348305e-06,113.78225172401447,1.1271201633807792,1.057845439337298,0.8291739104917131,1.0497015221724948,0.165381683907133,1.0,0.00030848479803221776,0.0006562873235056894,0.001380134036191736,-0.02273632069936974,0.05238554387091182,0.0011889161663444536,-1809.8046884581565,True
11,moderate,66,residual_horizon_nmpc_gain_2,2.0,10.5,0.22182029182469915,0.05155250801428933,0.6268298025662319,0.22177857899045586,0.05055118823947077,0.6269730766176398,0.12921585648148148,-0.000597822265625006,0.07678778442382812,0.05921585648148148,0.1992158564814815,-0.08,0.08,0.09260443534321766,0.052150330279914336,0.5500420181424037,7.710430892280892e-05,0.00015420861784561785,not_applicable,0.0,,False,-1995.5549582067995,-0.06344124364359911,0.40481876939269756,-0.06512815544804784,-0.06552099492459344,-0.06552099661405841,-0.06552099661405841,6.608922742401546e-08,False,False,81518.16766357422,6135.773479526905,20.794437540813334,6.075879605498911e-06,114.37149550249157,1.1271201633807792,1.057845439337298,0.8291739104917131,1.0497015221724948,0.165381683907133,1.0,0.00030848479803221776,0.0006562873235056894,0.001380134036191736,-0.02273632069936974,0.05238554387091182,0.0011889161663444536,-1809.8046884581565,True
11,moderate,66,residual_horizon_nmpc_gain_2,2.0,11.0,0.22311370671505407,0.05151258166767147,0.6525960762328843,0.2227848919273738,0.05244954120142887,0.6531122385765418,0.13006258573388202,-0.0006241967773437523,0.076482255859375,0.06006258573388201,0.20006258573388203,-0.08,0.08,0.09305112098117205,0.05213677844501522,0.5761138203735093,7.964323439883791e-05,0.00015928646879767583,not_applicable,0.0,,False,-1998.081525751867,-0.06395706483362572,0.4050993424719997,-0.06512815544804784,-0.06512815544804784,-0.06514726323545644,-0.06514726323545644,0.0007474667572039406,False,False,81472.33837890625,6130.2097602705635,20.7755818231183,6.119947966587557e-06,114.99220572296913,1.1271201633807792,1.057845439337298,0.8291739104917131,1.0497015221724948,0.165381683907133,1.0,0.00030848479803221776,0.0006562873235056894,0.001380134036191736,-0.02273632069936974,0.05238554387091182,0.0011889161663444536,-1809.8046884581565,True
11,moderate,66,residual_horizon_nmpc_gain_2,2.0,11.5,0.2242534758461174,0.05147260652756625,0.6783423743854656,0.22344638060986508,0.052320907498429096,0.677469353200604,0.1309414651920439,-0.0006503808593749938,0.07616358764648437,0.06094146519204388,0.2009414651920439,-0.08,0.08,0.09331201065407352,0.052122987386941246,0.6021787867389813,8.266897422109197e-05,0.00016533794844218394,not_applicable,0.0,,False,-2000.3947954650305,-0.06437758012232372,0.40538970519014955,-0.06512815544804784,-0.06512815544804784,-0.06512908485049149,-0.06512908485049149,3.635676992991277e-05,False,False,81424.53814697266,6124.451914042717,20.75606819958672,6.166252121969349e-06,115.64470178608642,1.1271201633807792,1.057845439337298,0.8291739104917131,1.0497015221724948,0.165381683907133,1.0,0.00030848479803221776,0.0006562873235056894,0.001380134036191736,-0.02273632069936974,0.05238554387091182,0.0011889161663444536,-1809.8046884581565,True
11,moderate,66,residual_horizon_nmpc_gain_2,2.0,12.0,0.22525558173821325,0.051432586685481355,0.7040686736644001,0.22502034269277546,0.05216409072293953,0.7068349297544105,0.13185185185185186,-0.0006763745117187442,0.075831875,0.06185185185185185,0.20185185185185187,-0.08,0.08,0.09340372988636139,0.0521089611972001,0.6282367986644001,8.677713564164951e-05,0.00017355427128329902,Solve_Succeeded,0.05535995797254145,29884.09122817626,False,-2002.605171405427,-0.06474093356315343,0.40568969999943083,-0.064640946139357,-0.06512815544804784,-0.06512820065416636,-0.06512820065416636,1.7683926502587433e-06,False,False,81374.78125,6118.5030649893715,20.735907258102767,6.214823886999213e-06,116.32932135248178,1.1271201633807792,1.057845439337298,0.8291739104917131,1.0497015221724948,0.165381683907133,1.0,0.00030848479803221776,0.0006562873235056894,0.001380134036191736,-0.02273632069936974,0.05238554387091182,0.0011889161663444536,-1809.8046884581565,True
11,moderate,66,residual_horizon_nmpc_gain_2,2.0,12.5,0.22613434348858963,0.05139252404293131,0.7297749522068854,0.22677521969652023,0.050964815145056394,0.7281681140125524,0.13279310270919067,-0.0007021777343750035,0.07548721313476563,0.06279310270919067,0.20279310270919068,-0.08,0.08,0.09334124077939895,0.05209470177730632,0.6542877390721198,8.99939880471233e-05,0.0001799879760942466,not_applicable,0.0,,False,-2004.7328402873604,-0.06505436800645288,0.4059991742710676,-0.064640946139357,-0.06512815544804784,-0.06512815764687266,-0.06512815764687266,8.601458739709855e-08,False,False,81323.08197021484,6112.36623971472,20.715109255976643,6.265697108315993e-06,117.04642077335978,1.1271201633807792,1.057845439337298,0.8291739104917131,1.0497015221724948,0.165381683907133,1.0,0.00030848479803221776,0.0006562873235056894,0.001380134036191736,-0.02273632069936974,0.05238554387091182,0.0011889161663444536,-1809.8046884581565,True
11,moderate,66,residual_horizon_nmpc_gain_2,2.0,13.0,0.2269025894408755,0.051352420113888964,0.7554611890026645,0.2272964914845811,0.05151516391060478,0.7537493953109973,0.13376457475994513,-0.000727790527343744,0.075129697265625,0.06376457475994513,0.20376457475994514,-0.08,0.08,0.09313801468093036,0.05208021064123271,0.6803314917370394,9.363297270957409e-05,0.00018726594541914818,not_applicable,0.0,,False,-2006.923937986383,-0.06536678783424762,0.40631797989012214,-0.064640946139357,-0.064640946139357,-0.06466464409851738,-0.06466464409851738,0.0009270270967105532,False,False,81269.45458984375,6106.044375314271,20.693684147169208,6.318907690631207e-06,117.79637549609089,1.1271201633807792,1.057845439337298,0.8291739104917131,1.0497015221724948,0.165381683907133,1.0,0.00030848479803221776,0.0006562873235056894,0.001380134036191736,-0.02273632069936974,0.05238554387091182,0.0011889161663444536,-1809.8046884581565,True
11,moderate,66,residual_horizon_nmpc_gain_2,2.0,13.5,0.22757181167946358,0.05131227350410863,0.781127363070224,0.22805065040194117,0.051165128624262375,0.7811668665426267,0.134765625,-0.0007532128906250074,0.07475942260742188,0.064765625,0.204765625,-0.08,0.08,0.09280618667946358,0.052065486394733636,0.7063679404628022,9.809177467377632e-05,0.00019618354934755264,not_applicable,0.0,,False,-2008.9348554349426,-0.06559748413604677,0.4066459728991729,-0.064640946139357,-0.064640946139357,-0.06464209880767395,-0.06464209880767395,4.5090581686862974e-05,False,False,81213.91339111328,6099.540326440656,20.671641606238378,6.374493626109325e-06,118.57958045156634,1.1271201633807792,1.057845439337298,0.8291739104917131,1.0497015221724948,0.165381683907133,1.0,0.00030848479803221776,0.0006562873235056894,0.001380134036191736,-0.02273632069936974,0.05238554387091182,0.0011889161663444536,-1809.8046884581565,True
11,moderate,66,residual_horizon_nmpc_gain_2,2.0,14.0,0.22815230572393702,0.051272087704506385,0.8067734539511554,0.2277283990705734,0.05113603008870125,0.8062214353040993,0.13579561042524005,-0.0007784448242187519,0.074376484375,0.06579561042524004,0.20579561042524006,-0.08,0.08,0.09235669529869697,0.05205053252872514,0.7323969695761554,0.00010220551399618737,0.00020441102799237474,Solve_Succeeded,0.0569028330501169,16047.54369443062,False,-2010.8953459451825,-0.06579009493062637,0.4069830131832363,-0.06405464600489791,-0.064640946139357,-0.06464100220512367,-0.06464100220512367,2.1932051005590925e-06,False,False,81156.47265625,6092.856871551574,20.64899104951369,6.432495026344647e-06,119.39645042874484,1.1271201633807792,1.057845439337298,0.8291739104917131,1.0497015221724948,0.165381683907133,1.0,0.00030848479803221776,0.0006562873235056894,0.001380134036191736,-0.02273632069936974,0.05238554387091182,0.0011889161663444536,-1809.8046884581565,True
11,moderate,66,residual_horizon_nmpc_gain_2,2.0,14.5,0.2286532956826803,0.05123186362254232,0.8323994422856925,0.22854517227323806,0.050497651112685935,0.8311971872903614,0.13685388803155007,-0.0008034863281249915,0.07398097778320313,0.06685388803155007,0.20685388803155008,-0.08,0.08,0.09179940765113023,0.05203534995066731,0.7584184645024894,0.00010669191932787675,0.0002133838386557535,not_applicable,0.0,,False,-2012.8214853584086,-0.06595021830692455,0.4073289641897978,-0.06405464600489791,-0.064640946139357,-0.0646409488663949,-0.0646409488663949,1.0667745753423219e-07,False,False,81097.14666748047,6085.996718461531,20.625741653911437,6.492954156943691e-06,120.24742044081205,1.1271201633807792,1.057845439337298,0.8291739104917131,1.0497015221724948,0.165381683907133,1.0,0.00030848479803221776,0.0006562873235056894,0.001380134036191736,-0.02273632069936974,0.05238554387091182,0.0011889161663444536,-1809.8046884581565,True
11,moderate,66,residual_horizon_nmpc_gain_2,2.0,15.0,0.22908304518191924,0.051191601854568475,0.8580053090891695,0.22910736076341232,0.050854859491288554,0.8579343885811124,0.13793981481481482,-0.000828337402343754,0.073572998046875,0.06793981481481481,0.20793981481481483,-0.08,0.08,0.09114323036710442,0.05201993925691223,0.7844323110422945,0.00011147361002355506,0.00022294722004711012,not_applicable,0.0,,False,-2014.8865568608753,-0.0661340349037239,0.407683692678915,-0.06405464600489791,-0.06405464600489791,-0.0640831637657739,-0.0640831637657739,0.0011155702012420055,False,False,81035.94970703125,6078.962509297259,20.60190237372883,6.555915474726319e-06,121.13294608658632,1.1271201633807792,1.057845439337298,0.8291739104917131,1.0497015221724948,0.165381683907133,1.0,0.00030848479803221776,0.0006562873235056894,0.001380134036191736,-0.02273632069936974,0.05238554387091182,0.0011889161663444536,-1809.8046884581565,True
11,moderate,66,residual_horizon_nmpc_gain_2,2.0,15.5,0.22944895650956154,0.051151299540606494,0.8835910348102493,0.22947469005401852,0.05124566822794639,0.884460385675507,0.13905274777091908,-0.0008529980468749976,0.07315264038085938,0.06905274777091908,0.2090527477709191,-0.08,0.08,0.09039620873864246,0.05200429758748149,0.8104383944293899,0.00011641779225163122,0.00023283558450326244,not_applicable,0.0,,False,-2016.780956089579,-0.06624152683320883,0.4080470684992265,-0.06405464600489791,-0.06405464600489791,-0.06405603310828557,-0.06405603310828557,5.426131497665576e-05,False,False,80972.8960571289,6071.756824939426,20.577481955697145,6.621425667562333e-06,122.05350391016623,1.1271201633807792,1.057845439337298,0.8291739104917131,1.0497015221724948,0.165381683907133,1.0,0.00030848479803221776,0.0006562873235056894,0.001380134036191736,-0.02273632069936974,0.05238554387091182,0.0011889161663444536,-1809.8046884581565,True
11,moderate,66,residual_horizon_nmpc_gain_2,2.0,16.0,0.2297576610288139,0.051110960021129616,0.9091566000170335,0.2298096596917937,0.052074203202872496,0.9100201920264523,0.1401920438957476,-0.0008774682617187501,0.07272,0.0701920438957476,0.2101920438957476,-0.08,0.08,0.0895656171330663,0.051988428282848366,0.8364366000170335,0.00012124361544209273,0.00024248723088418547,Solve_Succeeded,0.05922674998873845,13242.762693460661,False,-2018.6590700157908,-0.0663230741829039,0.40841896438639796,-0.06336479691024074,-0.06405464600489791,-0.0640547134735823,-0.0640547134735823,2.6392694065513478e-06,False,False,80908.0,6064.382189019411,20.552488952527018,6.689533696864704e-06,123.00959176132505,1.1271201633807792,1.057845439337298,0.8291739104917131,1.0497015221724948,0.165381683907133,1.0,0.00030848479803221776,0.0006562873235056894,0.001380134036191736,-0.02273632069936974,0.05238554387091182,0.0011889161663444536,-1809.8046884581565,True
11,moderate,66,residual_horizon_nmpc_gain_2,2.0,16.5,0.23001510018053625,0.05107058355635222,0.9347019861771826,0.2297245534263492,0.05084820511526288,0.9349192498214279,0.14135706018518518,-0.0009017480468750116,0.07227517211914063,0.07135706018518517,0.21135706018518519,-0.08,0.08,0.08865803999535107,0.05197233160322723,0.862426814058042,0.00012670091327097142,0.00025340182654194285,not_applicable,0.0,,False,-2020.534999143368,-0.06638337075609273,0.4087992557810987,-0.06336479691024074,-0.06405464600489791,-0.06405464928657353,-0.06405464928657353,1.283740175272996e-07,False,False,80841.2758178711,6056.841071528806,20.526931735141215,6.760290842763655e-06,124.00172915873758,1.1271201633807792,1.057845439337298,0.8291739104917131,1.0497015221724948,0.165381683907133,1.0,0.00030848479803221776,0.0006562873235056894,0.001380134036191736,-0.02273632069936974,0.05238554387091182,0.0011889161663444536,-1809.8046884581565,True
11,moderate,66,residual_horizon_nmpc_gain_2,2.0,17.0,0.23022659656736205,0.0510301701311978,0.9602271748190913,0.2300832900465381,0.05173247899594832,0.9574325700793429,0.1425471536351166,-0.0009258374023437543,0.071818251953125,0.0725471536351166,0.21254715363511661,-0.08,0.08,0.08767944293224544,0.05195600753354156,0.8884089228659663,0.0001312046866107086,0.0002624093732214172,not_applicable,0.0,,False,-2022.6149365307233,-0.06648700221577926,0.4091878206640562,-0.06336479691024074,-0.06336479691024074,-0.06339835131769796,-0.06339835131769796,0.0013125959377511542,False,False,80772.73779296875,6049.1358920902585,20.500818503759668,6.833750751990154e-06,125.03045765780891,1.1271201633807792,1.057845439337298,0.8291739104917131,1.0497015221724948,0.165381683907133,1.0,0.00030848479803221776,0.0006562873235056894,0.001380134036191736,-0.02273632069936974,0.05238554387091182,0.0011889161663444536,-1809.8046884581565,True
11,moderate,66,residual_horizon_nmpc_gain_2,2.0,17.5,0.23039691735876475,0.050989715612764636,0.9857321464336645,0.23049312561996554,0.051275590865785876,0.9838733566023072,0.1437616812414266,-0.0009497363281249921,0.07134933471679687,0.0737616812414266,0.2137616812414266,-0.08,0.08,0.08663523611733814,0.05193945194088963,0.9143828117168676,0.00013721884805392368,0.00027443769610784735,not_applicable,0.0,,False,-2024.517186155908,-0.06651427678127064,0.4095845394061104,-0.06336479691024074,-0.06336479691024074,-0.06336642899602958,-0.06336642899602958,6.384464333675233e-05,False,False,80702.40020751953,6041.269022930859,20.47415729797645,6.909969488500479e-06,126.09634122459727,1.1271201633807792,1.057845439337298,0.8291739104917131,1.0497015221724948,0.165381683907133,1.0,0.00030848479803221776,0.0006562873235056894,0.001380134036191736,-0.02273632069936974,0.05238554387091182,0.0011889161663444536,-1809.8046884581565,True
11,moderate,66,residual_horizon_nmpc_gain_2,2.0,18.0,0.23053033303297862,0.0509492235074864,1.0112168813547475,0.23007649769457916,0.05239039641823086,1.0116478050109718,0.145,-0.0009734448242187527,0.070868515625,0.07499999999999998,0.215,-0.08,0.08,0.08553033303297863,0.051922668331705155,0.9403483657297476,0.00014332652786305062,0.00028665305572610125,Solve_Succeeded,0.060015249997377396,7069.326287936847,False,-2026.4256855349772,-0.06652326980386984,0.40998929463149714,-0.06256364682469438,-0.06336479691024074,-0.06336487629486483,-0.06336487629486483,3.1054023295062905e-06,False,False,80630.27734375,6033.242791593229,20.44695600594777,6.989005586877523e-06,127.19996661711095,1.1271201633807792,1.057845439337298,0.8291739104917131,1.0497015221724948,0.165381683907133,1.0,0.00030848479803221776,0.0006562873235056894,0.001380134036191736,-0.02273632069936974,0.05238554387091182,0.0011889161663444536,-1809.8046884581565,True
11,moderate,66,residual_horizon_nmpc_gain_2,2.0,18.5,0.2306306700048679,0.05090869364788391,1.0366813607505272,0.23069517310433788,0.05022326211285231,1.03771717541875,0.14626146690672154,-0.0009969628906250083,0.07037588989257812,0.07626146690672153,0.21626146690672154,-0.08,0.08,0.08436920309814636,0.05190565653850892,0.966305470857949,0.00015018355824832595,0.0003003671164966519,not_applicable,0.0,,False,-2028.3539929347337,-0.0665182554900251,0.41040197109284127,-0.06256364682469438,-0.06336479691024074,-0.06336480077150747,-0.06336480077150747,1.5104671471921627e-07,False,False,80556.38348388672,6025.059483414375,20.419222372792923,7.070920108547449e-06,128.3419437750663,1.1271201633807792,1.057845439337298,0.8291739104917131,1.0497015221724948,0.165381683907133,1.0,0.00030848479803221776,0.0006562873235056894,0.001380134036191736,-0.02273632069936974,0.05238554387091182,0.0011889161663444536,-1809.8046884581565,True
11,moderate,66,residual_horizon_nmpc_gain_2,2.0,19.0,0.23070135596402735,0.05086812559966956,1.062125565638392,0.23051979412203938,0.05050755634401211,1.0628211549027389,0.147545438957476,-0.0010202905273437451,0.069871552734375,0.07754543895747598,0.217545438957476,-0.08,0.08,0.08315591700655137,0.0518884161270133,0.9922540129040172,0.00015629727999595146,0.0003125945599919029,not_applicable,0.0,,False,-2030.5479817733299,-0.06657343590284046,0.41082245555655417,-0.06256364682469438,-0.06256364682469438,-0.06260261493858307,-0.06260261493858307,0.0015243716658487894,False,False,80480.73291015625,6016.721343798232,20.39096400829609,7.1557767008543775e-06,129.52290621905627,1.1271201633807792,1.057845439337298,0.8291739104917131,1.0497015221724948,0.165381683907133,1.0,0.00030848479803221776,0.0006562873235056894,0.001380134036191736,-0.02273632069936974,0.05238554387091182,0.0011889161663444536,-1809.8046884581565,True
11,moderate,66,residual_horizon_nmpc_gain_2,2.0,19.5,0.2307454601617368,0.05082751401501124,1.087549475589879,0.2310964348745143,0.05079839398983216,1.085462025725415,0.14885127314814814,-0.001043427734374991,0.06935559936523437,0.07885127314814813,0.21885127314814815,-0.08,0.08,0.08189418701358867,0.05187094174938623,1.0181938762246445,0.000161953971714323,0.000323907943428646,not_applicable,0.0,,False,-2032.5439969177216,-0.06654826797555946,0.41125063669750794,-0.06256364682469438,-0.06256364682469438,-0.06256554223306887,-0.06256554223306887,7.414541102840344e-05,False,False,80403.33990478516,6008.230580304267,20.362188393984678,7.2436416590386755e-06,130.74351145994072,1.1271201633807792,1.057845439337298,0.8291739104917131,1.0497015221724948,0.165381683907133,1.0,0.00030848479803221776,0.0006562873235056894,0.001380134036191736,-0.02273632069936974,0.05238554387091182,0.0011889161663444536,-1809.8046884581565,True
11,moderate,66,residual_horizon_nmpc_gain_2,2.0,20.0,0.23076573184255822,0.050786862822703616,1.112953069821477,0.23072012851722565,0.049792818616284526,1.1144176293875316,0.1501783264746228,-0.0010663745117187456,0.068828125,0.08017832647462278,0.2201783264746228,-0.08,0.08,0.08058740536793543,0.05185323733442236,1.0441249448214769,0.00016988284206112233,0.00033976568412224465,Solve_Succeeded,0.05228641600115225,1654.6481757559366,False,-2034.561400766721,-0.06650957331559963,0.4116864050020053,-0.061588410068639174,-0.06256364682469438,-0.0625637390173244,-0.0625637390173244,3.6064314889450166e-06,False,False,80324.21875,5999.589364571574,20.332902889650182,7.334583991168145e-06,132.00444141917347,1.1271201633807792,1.057845439337298,0.8291739104917131,1.0497015221724948,0.165381683907133,1.0,0.00030848479803221776,0.0006562873235056894,0.001380134036191736,-0.02273632069936974,0.05238554387091182,0.0011889161663444536,-1809.8046884581565,True
11,moderate,66,residual_horizon_nmpc_gain_2,2.0,20.5,0.2307646346769977,0.05074617156743209,1.1383363284177879,0.2306198796188385,0.05007208190976215,1.1370101562337953,0.15152595593278462,-0.0010891308593749954,0.06828922485351563,0.08152595593278461,0.22152595593278462,-0.08,0.08,0.07923867874421309,0.05183530242680708,1.0700471035642722,0.00017589069432900027,0.00035178138865800054,not_applicable,0.0,,False,-2036.6142592157678,-0.06646154023808196,0.4121296526781913,-0.061588410068639174,-0.06256364682469438,-0.06256365130894229,-0.06256365130894229,1.75416764225389e-07,False,False,80243.38372802734,5990.799834095381,20.303114739368862,7.428675486074318e-06,133.30640286068217,1.1271201633807792,1.057845439337298,0.8291739104917131,1.0497015221724948,0.165381683907133,1.0,0.00030848479803221776,0.0006562873235056894,0.001380134036191736,-0.02273632069936974,0.05238554387091182,0.0011889161663444536,-1809.8046884581565,True
11,moderate,66,residual_horizon_nmpc_gain_2,2.0,21.0,0.23074437542257675,0.05070543951540313,1.163699231165904,0.2306529251995642,0.051045290614169535,1.1654040192421533,0.1528935185185185,-0.0011116967773437542,0.06773899414062501,0.0828935185185185,0.22289351851851852,-0.08,0.08,0.07785085690405824,0.05181713629274688,1.095960237025279,0.00018356600303229796,0.0003671320060645959,not_applicable,0.0,,False,-2039.0126711676353,-0.06649408335928475,0.41258027357316207,-0.061588410068639174,-0.061588410068639174,-0.061635845785422756,-0.061635845785422756,0.0018556110470390602,False,False,80160.84912109375,5981.864093870782,20.27283107707244,7.525990784349881e-06,134.65012783485227,1.1271201633807792,1.057845439337298,0.8291739104917131,1.0497015221724948,0.165381683907133,1.0,0.00030848479803221776,0.0006562873235056894,0.001380134036191736,-0.02273632069936974,0.05238554387091182,0.0011889161663444536,-1809.8046884581565,True
11,moderate,66,residual_horizon_nmpc_gain_2,2.0,21.5,0.23070692912607765,0.05066465973341275,1.1890417559359572,0.23087562714877197,0.04964249447575542,1.1877293010304073,0.15428037122770918,-0.001134072265625008,0.06717752807617187,0.08428037122770918,0.2242803712277092,-0.08,0.08,0.07642655789836847,0.051798731999037756,1.1218642278597852,0.0001903514184798255,0.000380702836959651,not_applicable,0.0,,False,-2041.1655533997568,-0.06643468590103843,0.4130381630961138,-0.061588410068639174,-0.061588410068639174,-0.061590717341069606,-0.061590717341069606,9.025688870629989e-05,False,False,80076.62921142578,5972.78421791668,20.242058931712783,7.626607452466193e-06,136.03637413509614,1.1271201633807792,1.057845439337298,0.8291739104917131,1.0497015221724948,0.165381683907133,1.0,0.00030848479803221776,0.0006562873235056894,0.001380134036191736,-0.02273632069936974,0.05238554387091182,0.0011889161663444536,-1809.8046884581565,True
11,moderate,66,residual_horizon_nmpc_gain_2,2.0,22.0,0.23065406466975835,0.05062383711223012,1.2143638800872822,0.23078938204332744,0.050249715102949906,1.2146653909651146,0.15568587105624143,-0.001156257324218743,0.066604921875,0.08568587105624142,0.22568587105624144,-0.08,0.08,0.07496819361351692,0.05178009443644886,1.1477589582122822,0.00019813418083950004,0.0003962683616790001,Solve_Succeeded,0.051441040995996445,637.7603811067655,False,-2043.3468497618437,-0.066363650664671,0.4135553796234184,-0.060297754699746894,-0.061588410068639174,-0.06158852229432963,-0.06158852229432963,4.3900934799528946e-06,False,False,79990.73828125,5963.562250691366,20.210805232059418,7.73060606007288e-06,137.46592576742938,1.1271201633807792,1.057845439337298,0.8291739104917131,1.0497015221724948,0.165381683907133,1.0,0.00030848479803221776,0.0006562873235056894,0.001380134036191736,-0.02273632069936974,0.05238554387091182,0.0011889161663444536,-1809.8046884581565,True
11,moderate,66,residual_horizon_nmpc_gain_2,2.0,22.5,0.2305873676740997,0.050582971065787866,1.2396655820552223,0.23018425864857173,0.0492639332494452,1.2395147862669937,0.157109375,-0.0011782519531250008,0.06602127075195313,0.08710937499999999,0.227109375,-0.08,0.08,0.07347799267409971,0.051761223018912866,1.173644311303269,0.00020590914510047048,0.00041181829020094096,not_applicable,0.0,,False,-2045.5528079239573,-0.06627996159384451,0.41452118455903586,-0.060297754699746894,-0.061588410068639174,-0.061588415527294785,-0.061588415527294785,2.1353406969015776e-07,False,False,79903.19061279297,5954.200208409866,20.179076811164045,7.838070260545373e-06,138.93959343344096,1.1271201633807792,1.057845439337298,0.8291739104917131,1.0497015221724948,0.165381683907133,1.0,0.00030848479803221776,0.0006562873235056894,0.001380134036191736,-0.02273632069936974,0.05238554387091182,0.0011889161663444536,-1809.8046884581565,True
11,moderate,66,residual_horizon_nmpc_gain_2,2.0,23.0,0.2305082583331678,0.05054206108492412,1.2649468400011603,0.23056778973796332,0.051340691196706825,1.2647195782411789,0.15855024005486967,-0.0012000561523437536,0.065426669921875,0.08855024005486967,0.22855024005486968,-0.08,0.08,0.07195801827829812,0.051742117237267876,1.1995201700792852,0.00021316618427249037,0.00042633236854498074,not_applicable,0.0,,False,-2048.2339593669785,-0.06630899725648799,0.41550436793117296,-0.060297754699746894,-0.060297754699746894,-0.06036053241970898,-0.06036053241970898,0.0024557662151716148,False,False,79814.00048828125,5944.700080271976,20.146880410522424,7.949086874848706e-06,140.45821502698962,1.1271201633807792,1.057845439337298,0.8291739104917131,1.0497015221724948,0.165381683907133,1.0,0.00030848479803221776,0.0006562873235056894,0.001380134036191736,-0.02273632069936974,0.05238554387091182,0.0011889161663444536,-1809.8046884581565,True
11,moderate,66,residual_horizon_nmpc_gain_2,2.0,23.5,0.23041800649233926,0.05050109765154205,1.2902076295795253,0.23051902523338821,0.05165038946232945,1.2915055711231858,0.16000782321673526,-0.0012216699218750016,0.06482121459960938,0.09000782321673526,0.23000782321673527,-0.08,0.08,0.070410183275604,0.05172276757341705,1.2253864149799159,0.00022160751739716544,0.0004432150347943309,not_applicable,0.0,,False,-2050.567647619464,-0.0662204421993137,0.4165048071705042,-0.060297754699746894,-0.060297754699746894,-0.06030080820694222,-0.06030080820694222,0.00011944842553351931,False,False,79723.1821899414,5935.063829608949,20.11422268396056,8.063745978789636e-06,142.02265614493345,1.1271201633807792,1.057845439337298,0.8291739104917131,1.0497015221724948,0.165381683907133,1.0,0.00030848479803221776,0.0006562873235056894,0.001380134036191736,-0.02273632069936974,0.05238554387091182,0.0011889161663444536,-1809.8046884581565,False
11,moderate,66,residual_horizon_nmpc_gain_2,2.0,24.0,0.2303177491828425,0.05046008770220165,1.315447925799238,0.2302921624847815,0.04989092594413275,1.316539393376344,0.16148148148148148,-0.0012430932617187584,0.064205,0.09148148148148147,0.23148148148148148,-0.08,0.08,0.06883626770136103,0.05170318096392041,1.251242925799238,0.00023028234579728713,0.00046056469159457426,Solve_Succeeded,0.05235020798863843,365.89043374224644,False,-2052.9357706371366,-0.0661216732824907,0.41752238101690514,-0.058967731689155485,-0.060297754699746894,-0.06029790322228319,-0.06029790322228319,5.8099693180518885e-06,False,False,79630.75,5925.293394955936,20.08111020126924,8.182140993731783e-06,143.63381061216015,1.1271201633807792,1.057845439337298,0.8291739104917131,1.0497015221724948,0.165381683907133,1.0,0.00030848479803221776,0.0006562873235056894,0.001380134036191736,-0.02273632069936974,0.05238554387091182,0.0011889161663444536,-1809.8046884581565,False
11,moderate,66,residual_horizon_nmpc_gain_2,2.0,24.5,0.2302085064393562,0.050419030536827114,1.3406677052282314,0.2300370134801909,0.05142181155181512,1.3413826191765,0.16297057184499314,-0.0012643261718749965,0.06357812133789062,0.09297057184499313,0.23297057184499315,-0.08,0.08,0.06723793459436306,0.05168335670870211,1.2770895838903409,0.00023813250033971958,0.00047626500067943917,not_applicable,0.0,,False,-2055.359202034471,-0.06601831833939921,0.4185569694413684,-0.058967731689155485,-0.060297754699746894,-0.06029776192388045,-0.06029776192388045,2.825968054842587e-07,False,False,79536.7182006836,5915.390691056471,20.047549451608308,8.304368780852361e-06,145.29260102116783,1.1271201633807792,1.057845439337298,0.8291739104917131,1.0497015221724948,0.165381683907133,1.0,0.00030848479803221776,0.0006562873235056894,0.001380134036191736,-0.02273632069936974,0.05238554387091182,0.0011889161663444536,-1809.8046884581565,False
11,moderate,66,residual_horizon_nmpc_gain_2,2.0,25.0,0.23009119161198066,0.05037792503909728,1.3658669439802387,0.23028243365497492,0.051466038524703106,1.366227844200253,0.164474451303155,-0.0012853686523437435,0.062940673828125,0.09447445130315499,0.234474451303155,-0.08,0.08,0.06561674030882567,0.05166329369144102,1.3029262701521136,0.00024661959041360863,0.0004932391808272173,not_applicable,0.0,,False,-2058.3048286878475,-0.0660342727587029,0.41960845357147647,-0.058967731689155485,-0.058967731689155485,-0.05903242433639055,-0.05903242433639055,0.0025306751749798045,False,False,79441.10107421875,5905.35760980471,20.01354684669993,8.430529739021184e-06,146.99997928640727,1.1271201633807792,1.057845439337298,0.8291739104917131,1.0497015221724948,0.165381683907133,1.0,0.00030848479803221776,0.0006562873235056894,0.001380134036191736,-0.02273632069936974,0.05238554387091182,0.0011889161663444536,-1809.8046884581565,False
11,moderate,66,residual_horizon_nmpc_gain_2,2.0,25.5,0.22996662013146887,0.050336760756085196,1.3910456152765873,0.2301746508990145,0.0499283949726049,1.3910960464087798,0.16599247685185187,-0.0013062207031249995,0.062292752685546876,0.09599247685185186,0.23599247685185187,-0.08,0.08,0.06397414327961701,0.051642981459210195,1.3287528625910405,0.00025573366941535926,0.0005114673388307185,not_applicable,0.0,,False,-2060.8765664889156,-0.0659296707674983,0.42067671562017306,-0.058967731689155485,-0.058967731689155485,-0.058970878338379704,-0.058970878338379704,0.00012309199602168752,False,False,79343.91290283203,5895.1960211304795,19.97910872382809,8.560727906386631e-06,148.7569272135873,1.1271201633807792,1.057845439337298,0.8291739104917131,1.0497015221724948,0.165381683907133,1.0,0.00030848479803221776,0.0006562873235056894,0.001380134036191736,-0.02273632069936974,0.05238554387091182,0.0011889161663444536,-1809.8046884581565,False
11,moderate,66,residual_horizon_nmpc_gain_2,2.0,26.0,0.22983552186019796,0.0502955451575665,1.4162036915927347,0.22989153510087645,0.05021766687881136,1.4179778309181426,0.16752400548696844,-0.0013268823242187505,0.061634453125,0.09752400548696843,0.23752400548696845,-0.08,0.08,0.062311516373229514,0.05162242748178525,1.3545692384677348,0.0002652384037090585,0.000530476807418117,Solve_Succeeded,0.05231562501285225,370.6011791402348,False,-2063.4894035770685,-0.06581605895736747,0.4217616388175952,-0.057479902379367835,-0.058967731689155485,-0.058967884742118434,-0.058967884742118434,5.9871925225385425e-06,False,False,79245.16796875,5884.907773831726,19.944241348659794,8.695071065756092e-06,150.56445708412045,1.1271201633807792,1.057845439337298,0.8291739104917131,1.0497015221724948,0.165381683907133,1.0,0.00030848479803221776,0.0006562873235056894,0.001380134036191736,-0.02273632069936974,0.05238554387091182,0.0011889161663444536,-1809.8046884581565,False
11,moderate,66,residual_horizon_nmpc_gain_2,2.0,26.5,0.22969855216987758,0.05025427741441502,1.4413411470642299,0.22952927350397118,0.05050532695549563,1.4398792987548295,0.16906839420438957,-0.0013473535156250036,0.060965870361328126,0.09906839420438956,0.23906839420438958,-0.08,0.08,0.06063015796548801,0.05160163093004003,1.3803752767029018,0.0002731319026142622,0.0005462638052285244,not_applicable,0.0,,False,-2066.1656240728016,-0.06569913217056492,0.42286310734575583,-0.057479902379367835,-0.058967731689155485,-0.05896773913364891,-0.05896773913364891,2.912169390495434e-07,False,False,79144.88055419922,5874.494696358492,19.908950917901986,8.833670853861032e-06,152.42361225486124,1.1271201633807792,1.057845439337298,0.8291739104917131,1.0497015221724948,0.165381683907133,1.0,0.00030848479803221776,0.0006562873235056894,0.001380134036191736,-0.02273632069936974,0.05238554387091182,0.0011889161663444536,-1809.8046884581565,False
11,moderate,66,residual_horizon_nmpc_gain_2,2.0,27.0,0.2295562976650536,0.05021295625263871,1.4664579553007746,0.22939747866651228,0.048349565992180335,1.4668636834946018,0.170625,-0.0013676342773437516,0.060287099609375,0.10062499999999999,0.240625,-0.08,0.08,0.05893129766505359,0.05158059052998246,1.4061708556913997,0.00028373870244732466,0.0005674774048946493,not_applicable,0.0,,False,-2069.4585962263786,-0.06571872893854788,0.4239810062758817,-0.057479902379367835,-0.057479902379367835,-0.057552270732939864,-0.057552270732939864,0.002830936801418091,False,False,79043.06494140625,5863.958597552136,19.87324356180684,8.976642874600512e-06,154.33546777328002,1.1271201633807792,1.057845439337298,0.8291739104917131,1.0497015221724948,0.165381683907133,1.0,0.00030848479803221776,0.0006562873235056894,0.001380134036191736,-0.02273632069936974,0.05238554387091182,0.0011889161663444536,-1809.8046884581565,False
11,moderate,66,residual_horizon_nmpc_gain_2,2.0,27.5,0.22940928057491314,0.05017156933164965,1.491554086508362,0.2293165852383029,0.04996317086347786,1.4899048529099415,0.1721931798696845,-0.0013877246093749948,0.059598236083984374,0.10219317986968449,0.2421931798696845,-0.08,0.08,0.057216100705228645,0.051559293941024646,1.4319558504243777,0.00029203208442985656,0.0005840641688597131,not_applicable,0.0,,False,-2072.304901347471,-0.06560358520662936,0.4251152215082343,-0.057479902379367835,-0.057479902379367835,-0.05748342237481334,-0.05748342237481334,0.00013769671625304958,False,False,78939.73541259766,5853.301267343199,19.837125346536833,9.124106816359874e-06,156.30113100819793,1.1271201633807792,1.057845439337298,0.8291739104917131,1.0497015221724948,0.165381683907133,1.0,0.00030848479803221776,0.0006562873235056894,0.001380134036191736,-0.02273632069936974,0.05238554387091182,0.0011889161663444536,-1809.8046884581565,False
11,moderate,66,residual_horizon_nmpc_gain_2,2.0,28.0,0.2292579680148384,0.050130125579928415,1.5166295100399036,0.2289123169796988,0.0494724009285796,1.5154469060839881,0.17377229080932782,-0.001407624511718747,0.058899375000000004,0.10377229080932782,0.24377229080932783,-0.08,0.08,0.055485677205510564,0.05153775009164716,1.4577301350399037,0.0003020190876655798,0.0006040381753311596,Solve_Succeeded,0.05397158395498991,360.9677606438484,False,-2075.195985765726,-0.06547962017549679,0.42626563971425235,-0.05577612276377206,-0.057479902379367835,-0.05748007359188442,-0.05748007359188442,6.697565857832766e-06,False,False,78834.90625,5842.524477410941,19.800602276399946,9.276186573503817e-06,158.32174229618295,1.1271201633807792,1.057845439337298,0.8291739104917131,1.0497015221724948,0.165381683907133,1.0,0.00030848479803221776,0.0006562873235056894,0.001380134036191736,-0.02273632069936974,0.05238554387091182,0.0011889161663444536,-1809.8046884581565,False
11,moderate,66,residual_horizon_nmpc_gain_2,2.0,28.5,0.22910278030073639,0.05008862409758276,1.5416841972554112,0.22931296322159223,0.048727351631287844,1.5457033944196898,0.17536168981481481,-0.001427333984375001,0.05819061157226563,0.10536168981481481,0.24536168981481482,-0.08,0.08,0.05374109048592157,0.05151595808195776,1.4834935856831455,0.0003140683076729399,0.0006281366153458798,not_applicable,0.0,,False,-2078.157823717611,-0.06535314195860131,0.42743214828087306,-0.05577612276377206,-0.057479902379367835,-0.05747991070714163,-0.05747991070714163,3.257694855818283e-07,False,False,78728.59173583984,5831.629981807371,19.763680295964555,9.433010372147022e-06,160.39847560370873,1.1271201633807792,1.057845439337298,0.8291739104917131,1.0497015221724948,0.165381683907133,1.0,0.00030848479803221776,0.0006562873235056894,0.001380134036191736,-0.02273632069936974,0.05238554387091182,0.0011889161663444536,-1809.8046884581565,False
11,moderate,66,residual_horizon_nmpc_gain_2,2.0,29.0,0.22894409341476774,0.05004706346578556,1.566718118935172,0.22915012347379796,0.04979036827216728,1.56950493914289,0.17696073388203018,-0.0014468530273437502,0.057472041015625,0.10696073388203017,0.2469607338820302,-0.08,0.08,0.051983359532737555,0.05149391649312931,1.509246077919547,0.0003233469919298026,0.0006466939838596052,not_applicable,0.0,,False,-2081.8645271210244,-0.06538590672206711,0.428614635256898,-0.05577612276377206,-0.05577612276377206,-0.05585899497938492,-0.05585899497938492,0.0032418314555134192,False,False,78620.80615234375,5820.619517548277,19.726365292062432,9.59471090030753e-06,162.53253920514408,1.1271201633807792,1.057845439337298,0.8291739104917131,1.0497015221724948,0.165381683907133,1.0,0.00030848479803221776,0.0006562873235056894,0.001380134036191736,-0.02273632069936974,0.05238554387091182,0.0011889161663444536,-1809.8046884581565,False
11,moderate,66,residual_horizon_nmpc_gain_2,2.0,29.5,0.22878224025256416,0.050005428784009494,1.5917312417795888,0.22848259636351695,0.05000643113304939,1.5889093523513225,0.17856878000685872,-0.0014661816406250014,0.05674375854492188,0.10856878000685871,0.24856878000685872,-0.08,0.08,0.050213460245705444,0.051471610424634495,1.5349874832346668,0.0003312456146793846,0.0006624912293587693,not_applicable,0.0,,False,-2085.0197898258352,-0.06526379351140527,0.429812989301285,-0.05577612276377206,-0.05577612276377206,-0.05578015366688257,-0.05578015366688257,0.00015768262500470698,False,False,78511.56378173828,5809.494805173575,19.68866309568782,9.761425442551707e-06,164.7251763766416,1.1271201633807792,1.057845439337298,0.8291739104917131,1.0497015221724948,0.165381683907133,1.0,0.00030848479803221776,0.0006562873235056894,0.001380134036191736,-0.02273632069936974,0.05238554387091182,0.0011889161663444536,-1809.8046884581565,False
11,moderate,66,residual_horizon_nmpc_gain_2,2.0,30.0,0.22861751822882123,0.049963731078337265,1.6167235315204163,0.22902625748484048,0.04966583124064021,1.6168467730314147,0.1801851851851852,-0.0014853198242187476,0.056005859375,0.11018518518518519,0.2501851851851852,-0.08,0.08,0.04843233304363603,0.05144905090255601,1.5607176721454163,0.0003428968479739457,0.0006857936959478914,Solve_Succeeded,0.05581116699613631,373.2006819293905,False,-2088.221720739959,-0.06513245499913639,0.4310270996332512,-0.05388582657123119,-0.05577612276377206,-0.055776318826828486,-0.055776318826828486,7.669680108166044e-06,False,False,78400.87890625,5798.257549279098,19.65057948379968,9.933296019242235e-06,166.97766610596983,1.1271201633807792,1.057845439337298,0.8291739104917131,1.0497015221724948,0.165381683907133,1.0,0.00030848479803221776,0.0006562873235056894,0.001380134036191736,-0.02273632069936974,0.05238554387091182,0.0011889161663444536,-1809.8046884581565,False
11,moderate,66,residual_horizon_nmpc_gain_2,2.0,30.5,0.2284501961145998,0.049921969413019546,1.6416949564119623,0.22867385806274962,0.04902069542792838,1.6420009113886844,0.18180930641289436,-0.0015042675781250028,0.05525843872070313,0.11180930641289435,0.25180930641289434,-0.08,0.08,0.046640889701705435,0.05142623699114455,1.5864365176912592,0.0003536480091018406,0.0007072960182036812,not_applicable,0.0,,False,-2091.5015747521343,-0.06499910552219064,0.43225685598409136,-0.05388582657123119,-0.05577612276377206,-0.05577613230027567,-0.05577613230027567,3.730531056289621e-07,False,False,78288.76580810547,5786.909439021749,19.61212018103368,1.0110469530503629e-05,169.29132381832267,1.1271201633807792,1.057845439337298,0.8291739104917131,1.0497015221724948,0.165381683907133,1.0,0.00030848479803221776,0.0006562873235056894,0.001380134036191736,-0.02273632069936974,0.05238554387091182,0.0011889161663444536,-1809.8046884581565,False
11,moderate,66,residual_horizon_nmpc_gain_2,2.0,31.0,0.22828051409052644,0.049880142227585744,1.6666454840844496,0.22828529277700968,0.050797345694236454,1.6679001933318551,0.1834405006858711,-0.001523024902343753,0.054501591796875,0.11344050068587108,0.2534405006858711,-0.08,0.08,0.04484001340465535,0.0514031671299295,1.6121438922875746,0.0003642430678415208,0.0007284861356830416,not_applicable,0.0,,False,-2095.658019625698,-0.06504519265998818,0.43350214855061187,-0.05388582657123119,-0.05388582657123119,-0.0539777710086603,-0.0539777710086603,0.003596722583230738,False,False,78175.23876953125,5775.452148599784,19.573290861329905,1.0293097905022398e-05,171.66750211812084,1.1271201633807792,1.057845439337298,0.8291739104917131,1.0497015221724948,0.165381683907133,1.0,0.00030848479803221776,0.0006562873235056894,0.001380134036191736,-0.02273632069936974,0.05238554387091182,0.0011889161663444536,-1809.8046884581565,False
11,moderate,66,residual_horizon_nmpc_gain_2,2.0,31.5,0.22810868272890372,0.04983823198860241,1.6915750773945901,0.2273841710732843,0.05002659040185596,1.6890818692038494,0.185078125,-0.0015415917968750054,0.053735413818359376,0.115078125,0.25507812500000004,-0.08,0.08,0.04303055772890371,0.05137982378547742,1.6378396635762307,0.0003737075937190852,0.0007474151874381704,not_applicable,0.0,,False,-2099.1550795196763,-0.06491818966895398,0.43476286795009866,-0.05388582657123119,-0.05388582657123119,-0.05389029874705136,-0.05389029874705136,0.000174944523217882,False,False,78060.3120727539,5763.887337709867,19.534097149481823,1.0481338253802286e-05,174.10759154681057,1.1271201633807792,1.057845439337298,0.8291739104917131,1.0497015221724948,0.165381683907133,1.0,0.00030848479803221776,0.0006562873235056894,0.001380134036191736,-0.02273632069936974,0.05238554387091182,0.0011889161663444536,-1809.8046884581565,False
11,moderate,66,residual_horizon_nmpc_gain_2,2.0,32.0,0.2279348897719638,0.049796251882508795,1.716483698112322,0.22760817482351506,0.049464624813529395,1.7190899101504602,0.186721536351166,-0.0015599682617187527,0.05295999999999999,0.116721536351166,0.256721536351166,-0.08,0.08,0.041213353420797794,0.05135622014422755,1.663523698112322,0.0003870710762134517,0.0007741421524269034,Solve_Succeeded,0.04964208300225437,383.15660135467994,False,-2102.700654823364,-0.06478145607982808,0.4360389051767378,-0.05175054534914207,-0.05388582657123119,-0.05388604409778446,-0.05388604409778446,8.50929853379867e-06,False,False,77944.0,5752.216651982374,19.494544622611564,1.0675353028997124e-05,176.6130213566399,1.1271201633807792,1.057845439337298,0.8291739104917131,1.0497015221724948,0.165381683907133,1.0,0.00030848479803221776,0.0006562873235056894,0.001380134036191736,-0.02273632069936974,0.05238554387091182,0.0011889161663444536,-1809.8046884581565,False
11,moderate,66,residual_horizon_nmpc_gain_2,2.0,32.5,0.22775930623589768,0.04975420093794081,1.7413713110613336,0.22702960687380988,0.04934702215147582,1.7396567694519554,0.18837009173525376,-0.0015781542968749881,0.05217544555664062,0.11837009173525376,0.25837009173525377,-0.08,0.08,0.03938921450064392,0.051332355234815795,1.689195865504693,0.0003963613559335513,0.0007927227118671026,not_applicable,0.0,,False,-2106.331507404147,-0.06464303395078208,0.43733015155941524,-0.05175054534914207,-0.05388582657123119,-0.05388583715171892,-0.05388583715171892,4.138921310820054e-07,False,False,77826.3168334961,5740.441723396339,19.45463881157619,1.087531018794746e-05,179.18526030038882,1.1271201633807792,1.057845439337298,0.8291739104917131,1.0497015221724948,0.165381683907133,1.0,0.00030848479803221776,0.0006562873235056894,0.001380134036191736,-0.02273632069936974,0.05238554387091182,0.0011889161663444536,-1809.8046884581565,False
11,moderate,66,residual_horizon_nmpc_gain_2,2.0,33.0,0.22758208468573543,0.04971207744856128,1.7662378803958663,0.22753757671338812,0.04976357835306061,1.7650089899701153,0.19002314814814816,-0.0015961499023437464,0.051381845703125005,0.12002314814814816,0.2600231481481482,-0.08,0.08,0.03755893653758727,0.051308227350905025,1.7148560346927413,0.0004077940739546787,0.0008155881479093574,not_applicable,0.0,,False,-2111.014170721691,-0.06471025713934365,0.4386364987208295,-0.05175054534914207,-0.05175054534914207,-0.05185440590488093,-0.05185440590488093,0.0040628624936759755,False,False,77707.27685546875,5728.564170675286,19.414385202309198,1.108138336254874e-05,181.82581743699492,1.1271201633807792,1.057845439337298,0.8291739104917131,1.0497015221724948,0.165381683907133,1.0,0.00030848479803221776,0.0006562873235056894,0.001380134036191736,-0.02273632069936974,0.05238554387091182,0.0011889161663444536,-1809.8046884581565,False
11,moderate,66,residual_horizon_nmpc_gain_2,2.0,33.5,0.22740335632624686,0.04966986037766915,1.7910833645843742,0.22686656171571906,0.04978881698058529,1.7900490841492507,0.1916800625857339,-0.0016139550781249998,0.05057929565429688,0.12168006258573388,0.2616800625857339,-0.08,0.08,0.035723293740512974,0.05128381545579415,1.7405040689300773,0.00041932392120739084,0.0008386478424147817,not_applicable,0.0,,False,-2114.889674566968,-0.06458017178180829,0.43995783853785236,-0.05175054534914207,-0.05175054534914207,-0.05175559712474734,-0.05175559712474734,0.0001976175602671909,False,False,77586.89434814453,5716.5855996651535,19.373789237101303,1.1293752034082553e-05,184.53624295301844,1.1271201633807792,1.057845439337298,0.8291739104917131,1.0497015221724948,0.165381683907133,1.0,0.00030848479803221776,0.0006562873235056894,0.001380134036191736,-0.02273632069936974,0.05238554387091182,0.0011889161663444536,-1809.8046884581565,False
11,moderate,66,residual_horizon_nmpc_gain_2,2.0,34.0,0.22722323769815198,0.049627565868244954,1.8159077208718635,0.22746165377259847,0.05021163316869914,1.8173206682143537,0.19334019204389574,-0.001631569824218762,0.049767890625000005,0.12334019204389574,0.26334019204389575,-0.08,0.08,0.03388304565425623,0.051259135692463716,1.7661398302468634,0.00043196976795881236,0.0008639395359176247,Solve_Succeeded,0.05060095799854025,409.23269976675687,False,-2118.813935442226,-0.06443943132874515,0.4412940631030815,-0.04939275097947704,-0.05175054534914207,-0.0517507910674187,-0.0517507910674187,9.61211465727585e-06,False,False,77465.18359375,5704.507603695355,19.33285631582411,1.1512601713644247e-05,187.31812899985553,1.1271201633807792,1.057845439337298,0.8291739104917131,1.0497015221724948,0.165381683907133,1.0,0.00030848479803221776,0.0006562873235056894,0.001380134036191736,-0.02273632069936974,0.05238554387091182,0.0011889161663444536,-1809.8046884581565,False
11,moderate,66,residual_horizon_nmpc_gain_2,2.0,34.5,0.22704183671904435,0.049585192945039706,1.8407109102952623,0.22686598606130334,0.048783036081988654,1.8395008624298097,0.19500289351851852,-0.0016489941406250055,0.048947725830078115,0.1250028935185185,0.2650028935185185,-0.08,0.08,0.03203894320052583,0.05123418708566471,1.7917631844651842,0.00044289644878958874,0.0008857928975791775,not_applicable,0.0,,False,-2122.831168080604,-0.06429719125436423,0.4426450646875293,-0.04939275097947704,-0.05175054534914207,-0.051750557300874724,-0.051750557300874724,4.6753308795277615e-07,False,False,77342.15887451172,5692.331763924001,19.291591797100075,1.1738124128302926e-05,190.17311054659632,1.1271201633807792,1.057845439337298,0.8291739104917131,1.0497015221724948,0.165381683907133,1.0,0.00030848479803221776,0.0006562873235056894,0.001380134036191736,-0.02273632069936974,0.05238554387091182,0.0011889161663444536,-1809.8046884581565,False
11,moderate,66,residual_horizon_nmpc_gain_2,2.0,35.0,0.22685924939028151,0.04954273974870173,1.8654928931828332,0.226793683270343,0.04961560313554057,1.8657647797880772,0.19666752400548698,-0.0016662280273437372,0.048118896484375,0.12666752400548698,0.266667524005487,-0.08,0.08,0.030191725384794532,0.051208967776045465,1.8173739966984581,0.00045529212033970125,0.0009105842406794025,not_applicable,0.0,,False,-2128.088512508012,-0.06438517520995182,0.44401073570439814,-0.04939275097947704,-0.04939275097947704,-0.049507434637499535,-0.049507434637499535,0.004486245326750377,False,False,77217.83447265625,5680.059649668205,19.25000099942194,1.1970517413132527e-05,193.10286624840563,1.1271201633807792,1.057845439337298,0.8291739104917131,1.0497015221724948,0.165381683907133,1.0,0.00030848479803221776,0.0006562873235056894,0.001380134036191736,-0.02273632069936974,0.05238554387091182,0.0011889161663444536,-1809.8046884581565,False
11,moderate,66,residual_horizon_nmpc_gain_2,2.0,35.5,0.2266755553016671,0.04950018147733562,1.8902536231975027,0.22672606184998684,0.04999879405679351,1.8901189874616968,0.19833344050068585,-0.0016832714843749985,0.04728149780273438,0.12833344050068585,0.26833344050068586,-0.08,0.08,0.028342114800981255,0.05118345296171062,1.8429721253947684,0.0004670568333010397,0.0009341136666020794,not_applicable,0.0,,False,-2132.3799424084395,-0.06425298272953722,0.44539096867389644,-0.04939275097947704,-0.04939275097947704,-0.04939832919058711,-0.04939832919058711,0.00021821089382484393,False,False,77092.22467041016,5667.692818720325,19.20808920222448,1.2209986309254453e-05,196.10911933027515,1.1271201633807792,1.057845439337298,0.8291739104917131,1.0497015221724948,0.165381683907133,1.0,0.00030848479803221776,0.0006562873235056894,0.001380134036191736,-0.02273632069936974,0.05238554387091182,0.0011889161663444536,-1809.8046884581565,False
11,moderate,66,residual_horizon_nmpc_gain_2,2.0,36.0,0.2264908246461164,0.049457537449806015,1.914993052631426,0.22681929321705105,0.050225753264739076,1.9165824040583535,0.2,-0.001700124511718755,0.046435625,0.13,0.27,-0.08,0.08,0.02649082464611638,0.05115766196152477,1.868557427631426,0.0004800599543558074,0.0009601199087116148,Solve_Succeeded,0.049649583001155406,430.69640256191866,False,-2136.7203679912373,-0.06410919459488398,0.44678565618904953,-0.04672817173181865,-0.04939275097947704,-0.04939302230356737,-0.04939302230356737,1.0613774039491819e-05,False,False,76965.34375,5655.232817650954,19.165861646911356,1.245674236803517e-05,199.19363848598456,1.1271201633807792,1.057845439337298,0.8291739104917131,1.0497015221724948,0.165381683907133,1.0,0.00030848479803221776,0.0006562873235056894,0.001380134036191736,-0.02273632069936974,0.05238554387091182,0.0011889161663444536,-1809.8046884581565,False
11,moderate,66,residual_horizon_nmpc_gain_2,2.0,36.5,0.22630512455835622,0.04941480668679528,1.939711138361641,0.22591177927737902,0.04960446383136118,1.9377214154404185,0.2016665594993141,-0.0017167871093750064,0.04558137329101562,0.1316665594993141,0.2716665594993141,-0.08,0.08,0.024638565059042106,0.051131593796170285,1.8941297650706255,0.0004908023175954554,0.0009816046351909108,not_applicable,0.0,,False,-2141.162045178052,-0.06396402154977536,0.4481946908824673,-0.04672817173181865,-0.04939275097947704,-0.04939276417667603,-0.04939276417667603,5.162537826813862e-07,False,False,76837.20599365234,5642.681182099389,19.123323537839543,1.2711004161583698e-05,202.35823879207564,1.1271201633807792,1.057845439337298,0.8291739104917131,1.0497015221724948,0.165381683907133,1.0,0.00030848479803221776,0.0006562873235056894,0.001380134036191736,-0.02273632069936974,0.05238554387091182,0.0011889161663444536,-1809.8046884581565,False
11,moderate,66,residual_horizon_nmpc_gain_2,2.0,37.0,0.22611851446434844,0.04937198716401356,1.9644078365142708,0.22589063065516102,0.04990821660567709,1.965142667652617,0.20333247599451304,-0.001733259277343746,0.044718837890624995,0.13333247599451303,0.27333247599451305,-0.08,0.08,0.0227860384698354,0.051105246441357305,1.9196889986236458,0.0005045666629629342,0.0010091333259258685,not_applicable,0.0,,False,-2147.102389925353,-0.06408261176904936,0.44961796539402865,-0.04672817173181865,-0.04672817173181865,-0.046857777461492923,-0.046857777461492923,0.005069973430366206,False,False,76707.82568359375,5630.039437052273,19.080480043263627,1.297299749969606e-05,205.6047826366207,1.1271201633807792,1.057845439337298,0.8291739104917131,1.0497015221724948,0.165381683907133,1.0,0.00030848479803221776,0.0006562873235056894,0.001380134036191736,-0.02273632069936974,0.05238554387091182,0.0011889161663444536,-1809.8046884581565,False
11,moderate,66,residual_horizon_nmpc_gain_2,2.0,37.5,0.22593103990354763,0.0493290489090909,1.989083095216251,0.22564905110331232,0.05034749362674451,1.9915252508999741,0.2049971064814815,-0.0017495410156249946,0.04384811401367188,0.1349971064814815,0.2749971064814815,-0.08,0.08,0.02093393342206612,0.051078589924715895,1.945234981202579,0.00051792749663916,0.00103585499327832,not_applicable,0.0,,False,-2151.854175967002,-0.06394953718873184,0.45105537233944787,-0.04672817173181865,-0.04672817173181865,-0.04673447575223154,-0.04673447575223154,0.00024660341852277,False,False,76577.21710205078,5617.309097111061,19.037336296242305,1.324295565339623e-05,208.9351806625521,1.1271201633807792,1.057845439337298,0.8291739104917131,1.0497015221724948,0.165381683907133,1.0,0.00030848479803221776,0.0006562873235056894,0.001380134036191736,-0.02273632069936974,0.05238554387091182,0.0011889161663444536,-1809.8046884581565,False
11,moderate,66,residual_horizon_nmpc_gain_2,2.0,38.0,0.2257427404374847,0.04928601569440016,2.0137368610445066,0.22566568877042423,0.04906416793603201,2.0119539792912566,0.20665980795610428,-0.0017656323242187522,0.042969296875,0.13665980795610427,0.2766598079561043,-0.08,0.08,0.019082932481380432,0.05105164801861891,1.9707675641695066,0.0005289628169290953,0.0010579256338581907,Solve_Succeeded,0.05014516698429361,444.1156834412022,False,-2156.6527391950713,-0.06380345241926218,0.45250680427969014,-0.04368911404929847,-0.04672817173181865,-0.04672847835926071,-0.04672847835926071,1.1994785941660258e-05,False,False,76445.39453125,5604.4916667489015,18.99389739550893,1.3521119585223644e-05,212.3513927252687,1.1271201633807792,1.057845439337298,0.8291739104917131,1.0497015221724948,0.165381683907133,1.0,0.00030848479803221776,0.0006562873235056894,0.001380134036191736,-0.02273632069936974,0.05238554387091182,0.0011889161663444536,-1809.8046884581565,False
11,moderate,66,residual_horizon_nmpc_gain_2,2.0,38.5,0.225553656806052,0.04924288658554716,2.038369086285458,0.22561737888132694,0.05028201611995546,2.039878880460426,0.20831993741426613,-0.0017815332031249978,0.042082481689453125,0.13831993741426613,0.27831993741426614,-0.08,0.08,0.017233719391785862,0.05102441978867216,1.996286604596005,0.000543164039938376,0.001086328079876752,not_applicable,0.0,,False,-2161.5614602862815,-0.06365602649807896,0.4539721536912043,-0.04368911404929847,-0.04672817173181865,-0.046728186646172044,-0.046728186646172044,5.834261773279836e-07,False,False,76312.37225341797,5591.588640557487,18.950168406308123,1.380773818642053e-05,215.855428864238,1.1271201633807792,1.057845439337298,0.8291739104917131,1.0497015221724948,0.165381683907133,1.0,0.00030848479803221776,0.0006562873235056894,0.001380134036191736,-0.02273632069936974,0.05238554387091182,0.0011889161663444536,-1809.8046884581565,False
11,moderate,66,residual_horizon_nmpc_gain_2,2.0,39.0,0.22536382475743938,0.04919965938064213,2.0629797224414452,0.2256755483537309,0.049487238915967804,2.063213938134141,0.20997685185185183,-0.0017972436523437524,0.041187763671875,0.13997685185185182,0.27997685185185184,-0.08,0.08,0.015386972905587548,0.05099690303298588,2.0217919587695703,0.0005558034460408784,0.0011116068920817568,not_applicable,0.0,,False,-2168.303185174785,-0.06381357479344914,0.4554513129369436,-0.04368911404929847,-0.04368911404929847,-0.043836934486983434,-0.043836934486983434,0.005782504318377221,False,False,76178.16455078125,5578.601503484431,18.90615436120024,1.4103068521172137e-05,219.44935028825378,1.1271201633807792,1.057845439337298,0.8291739104917131,1.0497015221724948,0.165381683907133,1.0,0.00030848479803221776,0.0006562873235056894,0.001380134036191736,-0.02273632069936974,0.05238554387091182,0.0011889161663444536,-1809.8046884581565,False
11,moderate,66,residual_horizon_nmpc_gain_2,2.0,39.5,0.2251732669665236,0.04915629742112236,2.0875687112996695,0.22491634334919727,0.048944187816742674,2.087886217595224,0.21162990826474626,-0.001812763671875002,0.04028523803710937,0.14162990826474625,0.28162990826474626,-0.08,0.08,0.013543358701777336,0.05096906109299736,2.04728347326256,0.0005691527152093187,0.0011383054304186374,not_applicable,0.0,,False,-2173.5651126809075,-0.06368061645917669,0.4569441742381477,-0.04368911404929847,-0.04368911404929847,-0.04369630403278878,-0.04369630403278878,0.0002812609083893136,False,False,76042.7857055664,5565.531731061606,18.861860260835236,1.4407376078055472e-05,223.13527037399714,1.1271201633807792,1.057845439337298,0.8291739104917131,1.0497015221724948,0.165381683907133,1.0,0.00030848479803221776,0.0006562873235056894,0.001380134036191736,-0.02273632069936974,0.05238554387091182,0.0011889161663444536,-1809.8046884581565,False
11,moderate,66,residual_horizon_nmpc_gain_2,2.0,40.0,0.2249820023625232,0.04911283030467188,2.1121359928821035,0.2247302139134508,0.04862815220654941,2.111186912890229,0.21327846364883404,-0.0018280932617187468,0.039375,0.14327846364883404,0.283278463648834,-0.08,0.08,0.011703538713689149,0.05094092356639063,2.0727609928821034,0.000581906090466152,0.001163812180932304,Solve_Succeeded,0.05069816700415686,472.2579975546196,False,-2178.8690563694186,-0.06353283949642559,0.45845062964685884,-0.040322038884185445,-0.04368911404929847,-0.04368946376996904,-0.04368946376996904,1.3680525639478414e-05,False,False,75906.25,5552.380789624953,18.817291074697604,1.4720935028852584e-05,226.91535567751174,1.1271201633807792,1.057845439337298,0.8291739104917131,1.0497015221724948,0.165381683907133,1.0,0.00030848479803221776,0.0006562873235056894,0.001380134036191736,-0.02273632069936974,0.05238554387091182,0.0011889161663444536,-1809.8046884581565,False
11,moderate,66,residual_horizon_nmpc_gain_2,2.0,40.5,0.22479005457904533,0.04906925719258146,2.1366815144004696,0.2248661358956089,0.04869229420311693,2.1374265254124136,0.214921875,-0.0018432324218749935,0.038457144775390625,0.144921875,0.284921875,-0.08,0.08,0.009868179579045316,0.050912489614456456,2.098224369625079,0.0005961792632605285,0.001192358526521057,not_applicable,0.0,,False,-2184.2928361569684,-0.06338371450275261,0.4599705710191495,-0.040322038884185445,-0.04368911404929847,-0.04368913105970574,-0.04368913105970574,6.654205265965718e-07,False,False,75768.5717163086,5539.150136526166,18.77245174182378,1.5044028494885205e-05,230.7918269581621,1.1271201633807792,1.057845439337298,0.8291739104917131,1.0497015221724948,0.165381683907133,1.0,0.00030848479803221776,0.0006562873235056894,0.001380134036191736,-0.02273632069936974,0.05238554387091182,0.0011889161663444536,-1809.8046884581565,False
11,moderate,66,residual_horizon_nmpc_gain_2,2.0,41.0,0.22459744401556397,0.049025575689844926,2.1612052222580522,0.22444361536503593,0.048588242850837855,2.161214272620999,0.21655949931412896,-0.001858181152343763,0.03753176757812501,0.14655949931412895,0.28655949931412894,-0.08,0.08,0.008037944701435012,0.05088375684218869,2.123673454679927,0.0006094001220213145,0.001218800244042629,not_applicable,0.0,,False,-2191.9054621898886,-0.06357713819802614,0.46150388998903746,-0.040322038884185445,-0.040322038884185445,-0.0404858141884092,-0.0404858141884092,0.006406633742593079,False,False,75629.76513671875,5525.841220336646,18.727347171493353,1.5376948821029015e-05,234.76696021462615,1.1271201633807792,1.057845439337298,0.8291739104917131,1.0497015221724948,0.165381683907133,1.0,0.00030848479803221776,0.0006562873235056894,0.001380134036191736,-0.02273632069936974,0.05238554387091182,0.0011889161663444536,-1809.8046884581565,False
11,moderate,66,residual_horizon_nmpc_gain_2,2.0,41.5,0.224404177836513,0.04898174202152244,2.185707051315621,0.22448334453855032,0.04933008906619365,2.18388462548702,0.21819069358710566,-0.0018729394531250138,0.03659896362304686,0.14819069358710565,0.2881906935871057,-0.08,0.08,0.006213484249407347,0.05085468147464745,2.149108087692574,0.0006218742009713313,0.0012437484019426626,not_applicable,0.0,,False,-2197.729326110684,-0.0634446083500592,0.4630504779430665,-0.040322038884185445,-0.040322038884185445,-0.040330004912103715,-0.040330004912103715,0.0003116185526109705,False,False,75489.84454345703,5512.455481044132,18.68198224389546,1.571999785756491e-05,238.84308773241418,1.1271201633807792,1.057845439337298,0.8291739104917131,1.0497015221724948,0.165381683907133,1.0,0.00030848479803221776,0.0006562873235056894,0.001380134036191736,-0.02273632069936974,0.05238554387091182,0.0011889161663444536,-1809.8046884581565,False
11,moderate,66,residual_horizon_nmpc_gain_2,2.0,42.0,0.2242102609123702,0.04893779196508521,2.2101869344345704,0.22426332901483273,0.04905499120482293,2.209499457829072,0.21981481481481485,-0.0018875073242187387,0.03565882812499999,0.14981481481481485,0.28981481481481486,-0.08,0.08,0.00439544609755535,0.050825299289303946,2.1745281063095705,0.0006364232685970928,0.0012728465371941856,Solve_Succeeded,0.04982524999650195,511.0355130728839,False,-2203.590536318964,-0.06329559364579997,0.46461022599553314,-0.03662812542582568,-0.040322038884185445,-0.04032242635164335,-0.04032242635164335,1.5157120920733513e-05,False,False,75348.82421875,5498.99435024233,18.63636181077146,1.6073487250026188e-05,243.02259914238914,1.1271201633807792,1.057845439337298,0.8291739104917131,1.0497015221724948,0.165381683907133,1.0,0.00030848479803221776,0.0006562873235056894,0.001380134036191736,-0.02273632069936974,0.05238554387091182,0.0011889161663444536,-1809.8046884581565,False
11,moderate,66,residual_horizon_nmpc_gain_2,2.0,42.5,0.2240157057412164,0.04889372477564128,2.23464481323445,0.22424736370166454,0.04965066968777714,2.233557386799777,0.2214312199931413,-0.0019018847656249865,0.034711456298828124,0.1514312199931413,0.2914312199931413,-0.08,0.08,0.0025844857480750993,0.050795609541266266,2.1999333569356216,0.0006499080056110232,0.0012998160112220464,not_applicable,0.0,,False,-2209.582274266272,-0.06314520992903198,0.46618302496434094,-0.03662812542582568,-0.040322038884185445,-0.04032205773059579,-0.04032205773059579,7.372420951223813e-07,False,False,75206.71844482422,5485.459251313897,18.590490696035044,1.6437738737199297e-05,247.307942489707,1.1271201633807792,1.057845439337298,0.8291739104917131,1.0497015221724948,0.165381683907133,1.0,0.00030848479803221776,0.0006562873235056894,0.001380134036191736,-0.02273632069936974,0.05238554387091182,0.0011889161663444536,-1809.8046884581565,False
11,moderate,66,residual_horizon_nmpc_gain_2,2.0,43.0,0.22382052271728994,0.04884953784476289,2.2590806284964713,0.2240596410822637,0.04977922978971066,2.2583415342213304,0.22303926611796981,-0.0019160717773437363,0.033756943359375007,0.1530392661179698,0.2930392661179698,-0.08,0.08,0.0007812565993201293,0.050765609622106626,2.2253236851370963,0.0006641615867586399,0.0013283231735172797,not_applicable,0.0,,False,-2218.17093473201,-0.06337585812273981,0.46776876534746137,-0.03662812542582568,-0.03662812542582568,-0.03680779822819029,-0.03680779822819029,0.007028519004810996,False,False,75063.54150390625,5471.851599607084,18.544373696370922,1.6813084457436497e-05,251.7016253125693,1.1271201633807792,1.057845439337298,0.8291739104917131,1.0497015221724948,0.165381683907133,1.0,0.00030848479803221776,0.0006562873235056894,0.001380134036191736,-0.02273632069936974,0.05238554387091182,0.0011889161663444536,-1809.8046884581565,False
11,moderate,66,residual_horizon_nmpc_gain_2,2.0,43.5,0.22362470802487316,0.04880517923643641,2.2834943073657032,0.22322161691564882,0.0494165567204785,2.2839171639195484,0.2246383101851852,-0.001930068359375016,0.03279538452148439,0.1546383101851852,0.2946383101851852,-0.08,0.08,-0.0010136021603120438,0.050735247595811425,2.2506989228442187,0.0006790859601828146,0.0013581719203656292,not_applicable,0.0,,False,-2224.615820275727,-0.06324421049055412,0.469367337299987,-0.03662812542582568,-0.03662812542582568,-0.03663686470777404,-0.03663686470777404,0.00034186704083249975,False,False,74919.30767822266,5458.172802606335,18.49801558181297,1.7199867263436646e-05,256.2062157301172,1.1271201633807792,1.057845439337298,0.8291739104917131,1.0497015221724948,0.165381683907133,1.0,0.00030848479803221776,0.0006562873235056894,0.001380134036191736,-0.02273632069936974,0.05238554387091182,0.0011889161663444536,-1809.8046884581565,False
11,moderate,66,residual_horizon_nmpc_gain_2,2.0,44.0,0.22342825651333925,0.048760691828876775,2.3078857747227555,0.22344605874871687,0.05081541671059525,2.309658534377311,0.22622770919067217,-0.0019438745117187697,0.03182687499999999,0.15622770919067216,0.2962277091906722,-0.08,0.08,-0.00279945267733292,0.050704566340595544,2.2760588997227553,0.0006938414159364857,0.0013876828318729714,Solve_Succeeded,0.052170125010889024,564.2766804961358,False,-2231.0921881640593,-0.0630943520607974,0.47097863061175976,-0.03258293423095428,-0.03662812542582568,-0.03662855050434601,-0.03662855050434601,1.662840685605349e-05,False,False,74774.03125,5444.424260097118,18.451421096302866,1.759844104565087e-05,260.82434353877477,1.1271201633807792,1.057845439337298,0.8291739104917131,1.0497015221724948,0.165381683907133,1.0,0.00030848479803221776,0.0006562873235056894,0.001380134036191736,-0.02273632069936974,0.05238554387091182,0.0011889161663444536,-1809.8046884581565,False
11,moderate,66,residual_horizon_nmpc_gain_2,2.0,44.5,0.22323117338207585,0.048716074994875784,2.3322549660110057,0.22317763586570566,0.049226947182004106,2.3334665127186835,0.2278068201303155,-0.001957490234374991,0.030851510009765618,0.1578068201303155,0.2978068201303155,-0.08,0.08,-0.0045756467482396534,0.050673565229250775,2.30140345600124,0.0007083139584675019,0.0014166279169350038,not_applicable,0.0,,False,-2237.710845226267,-0.06294308627773576,0.472602534685558,-0.03258293423095428,-0.03662812542582568,-0.036628146101637435,-0.036628146101637435,8.088054171545567e-07,False,False,74627.72650146484,5430.607364325257,18.40459495823004,1.8009171064467275e-05,265.55870131628376,1.1271201633807792,1.057845439337298,0.8291739104917131,1.0497015221724948,0.165381683907133,1.0,0.00030848479803221776,0.0006562873235056894,0.001380134036191736,-0.02273632069936974,0.05238554387091182,0.0011889161663444536,-1809.8046884581565,False
11,moderate,66,residual_horizon_nmpc_gain_2,2.0,45.0,0.22303346245763786,0.0486713258911795,2.3566018158062088,0.2233563279675925,0.04911721141917065,2.354271179549789,0.22937500000000002,-0.001970915527343728,0.029869384765625,0.15937500000000002,0.29937500000000006,-0.08,0.08,-0.006341537542362163,0.05064224141852323,2.326732431040584,0.0007208434790072476,0.0014416869580144952,not_applicable,0.0,,False,-2247.4133650988683,-0.06321496846639094,0.47423893851582877,-0.03258293423095428,-0.03258293423095428,-0.03277969326522939,-0.03277969326522939,0.0076969056728160845,False,False,74480.40771484375,5416.723500150996,18.35754186095386,1.8432434291327678e-05,270.41204553263526,1.1271201633807792,1.057845439337298,0.8291739104917131,1.0497015221724948,0.165381683907133,1.0,0.00030848479803221776,0.0006562873235056894,0.001380134036191736,-0.02273632069936974,0.05238554387091182,0.0011889161663444536,-1809.8046884581565,False
11,moderate,66,residual_horizon_nmpc_gain_2,2.0,45.5,0.22283511163840006,0.048626382843430266,2.3809262425546756,0.22291656174039784,0.04878195574828102,2.382340312845777,0.23093160579561045,-0.0019841503906249877,0.02888059448242189,0.16093160579561044,0.30093160579561046,-0.08,0.08,-0.008096494157210393,0.050610533234055254,2.3520456480722536,0.0007378088878486656,0.0014756177756973313,not_applicable,0.0,,False,-2254.5466115067197,-0.06308474582790466,0.47588773066795076,-0.03258293423095428,-0.03258293423095428,-0.032592504586922394,-0.032592504586922394,0.0003743773566139974,False,False,74332.08917236328,5402.774045198055,18.310266473308733,1.8868619758926806e-05,275.3871976670455,1.1271201633807792,1.057845439337298,0.8291739104917131,1.0497015221724948,0.165381683907133,1.0,0.00030848479803221776,0.0006562873235056894,0.001380134036191736,-0.02273632069936974,0.05238554387091182,0.0011889161663444536,-1809.8046884581565,False
11,moderate,66,residual_horizon_nmpc_gain_2,2.0,46.0,0.22263610813954482,0.04858129724032823,2.4052281621312943,0.2227246352161925,0.048516187486333635,2.409929535602678,0.23247599451303155,-0.0019971948242187704,0.027885234375000012,0.16247599451303155,0.30247599451303153,-0.08,0.08,-0.009839886373486734,0.050578492064547,2.3773429277562945,0.0007547235781702843,0.0015094471563405687,Solve_Succeeded,0.05145616695517674,592.5299872881691,False,-2261.7031988458075,-0.06293440590542883,0.4775487992580159,-0.027825771766933512,-0.03258293423095428,-0.03258339973290032,-0.03258339973290032,1.8209708044142348e-05,False,False,74182.78515625,5388.760369997873,18.26277344009299,1.9318128920642184e-05,280.4870453300791,1.1271201633807792,1.057845439337298,0.8291739104917131,1.0497015221724948,0.165381683907133,1.0,0.00030848479803221776,0.0006562873235056894,0.001380134036191736,-0.02273632069936974,0.05238554387091182,0.0011889161663444536,-1809.8046884581565,False
11,moderate,66,residual_horizon_nmpc_gain_2,2.0,46.5,0.2224364523386472,0.04853606861790687,2.4295075031421596,0.22265882104495663,0.049497248243852654,2.4294897545964136,0.23400752314814816,-0.0020100488281250273,0.02688339965820312,0.16400752314814815,0.30400752314814816,-0.08,0.08,-0.011571070809500955,0.0505461174460319,2.4026241034839564,0.0007663933978862281,0.0015327867957724561,not_applicable,0.0,,False,-2269.0149854578262,-0.06278260117150129,0.4792220319331153,-0.027825771766933512,-0.03258293423095428,-0.03258295687296075,-0.03258295687296075,8.857198791484278e-07,False,False,74032.50994873047,5374.683838129254,18.215067382542145,1.9781376019339474e-05,285.7145433899623,1.1271201633807792,1.057845439337298,0.8291739104917131,1.0497015221724948,0.165381683907133,1.0,0.00030848479803221776,0.0006562873235056894,0.001380134036191736,-0.02273632069936974,0.05238554387091182,0.0011889161663444536,-1809.8046884581565,False
11,moderate,66,residual_horizon_nmpc_gain_2,2.0,47.0,0.22223614371850492,0.0484906938751254,2.453764193302105,0.22234775191640807,0.047249706909057644,2.4540778960399754,0.235525548696845,-0.0020227124023437446,0.025875185546874985,0.165525548696845,0.305525548696845,-0.08,0.08,-0.01328940497834008,0.05051340627746914,2.42788900775523,0.0007822708408604558,0.0015645416817209115,not_applicable,0.0,,False,-2280.256881677835,-0.06313555975591434,0.48090731585211915,-0.027825771766933512,-0.027825771766933512,-0.02805716116685926,-0.02805716116685926,0.009051591412202978,False,False,73881.27783203125,5360.54580635363,18.16715289878729,2.0258788465694984e-05,291.07271510208136,1.1271201633807792,1.057845439337298,0.8291739104917131,1.0497015221724948,0.165381683907133,1.0,0.00030848479803221776,0.0006562873235056894,0.001380134036191736,-0.02273632069936974,0.05238554387091182,0.0011889161663444536,-1809.8046884581565,False
11,moderate,66,residual_horizon_nmpc_gain_2,2.0,47.5,0.22203516214605656,0.04844509441321128,2.477998139900959,0.2221290489168097,0.04809816628468298,2.4787411111312347,0.23702942815500688,-0.0020351855468749847,0.024860687255859375,0.16702942815500688,0.3070294281550069,-0.08,0.08,-0.014994266008950319,0.05048027996008626,2.4531374526451,0.0007974216398749269,0.0015948432797498538,not_applicable,0.0,,False,-2288.173665102987,-0.06300915482004253,0.48260453766693817,-0.027825771766933512,-0.027825771766933512,-0.02783702654327807,-0.02783702654327807,0.0004402692471623809,False,False,73729.1030883789,5346.3476247460985,18.119034564299216,2.0750807226172183e-05,296.56465324059195,1.1271201633807792,1.057845439337298,0.8291739104917131,1.0497015221724948,0.165381683907133,1.0,0.00030848479803221776,0.0006562873235056894,0.001380134036191736,-0.02273632069936974,0.05238554387091182,0.0011889161663444536,-1809.8046884581565,False
11,moderate,66,residual_horizon_nmpc_gain_2,2.0,48.0,0.22183348735308006,0.048399336738265256,2.5022092472053727,0.2224085447574712,0.04812839798629536,2.5022323027841136,0.23851851851851852,-0.0020474682617187406,0.02384,0.1685185185185185,0.3085185185185185,-0.08,0.08,-0.016685031165438458,0.050446804999983996,2.478369247205373,0.000812284603916461,0.001624569207832922,Solve_Succeeded,0.04889104195171967,635.019041051742,False,-2296.0907480740257,-0.06285888964913731,0.48431358350425724,-0.022634253727723853,-0.027825771766933512,-0.02782631919905705,-0.02782631919905705,2.1414688442036867e-05,False,False,73576.0,5332.090636822434,18.070716932318835,2.1257887220785578e-05,302.1935212310196,1.1271201633807792,1.057845439337298,0.8291739104917131,1.0497015221724948,0.165381683907133,1.0,0.00030848479803221776,0.0006562873235056894,0.001380134036191736,-0.02273632069936974,0.05238554387091182,0.0011889161663444536,-1809.8046884581565,False
11,moderate,66,residual_horizon_nmpc_gain_2,2.0,48.5,0.221631116637687,0.04835342084758783,2.5263974361078807,0.22174889425477057,0.048068466062532574,2.5276800216422215,0.23999217678326476,-0.0020595605468750125,0.022813218994140634,0.16999217678326475,0.30999217678326474,-0.08,0.08,-0.018361060145577757,0.05041298139446284,2.50358421711374,0.0008283305945830152,0.0016566611891660303,not_applicable,0.0,,False,-2304.1767684919478,-0.0627070048217446,0.48603433894772885,-0.022634253727723853,-0.027825771766933512,-0.027825798394022376,-0.027825798394022376,1.0416100693494412e-06,False,False,73421.9828491211,5317.776179662232,18.022204534274533,2.178049773077945e-05,307.96255428266664,1.1271201633807792,1.057845439337298,0.8291739104917131,1.0497015221724948,0.165381683907133,1.0,0.00030848479803221776,0.0006562873235056894,0.001380134036191736,-0.02273632069936974,0.05238554387091182,0.0011889161663444536,-1809.8046884581565,False
11,moderate,66,residual_horizon_nmpc_gain_2,2.0,49.0,0.2214280467650471,0.04830734336581685,2.550562626656494,0.221455030223862,0.04738198920439687,2.5514181938734293,0.24144975994513035,-0.0020714624023437656,0.021780439453124988,0.17144975994513034,0.31144975994513036,-0.08,0.08,-0.02002171318008325,0.05037880576816062,2.528782187203369,0.0008437763703921936,0.001687552740784387,not_applicable,0.0,,False,-2316.9345774180074,-0.06311352438993582,0.4878384306542634,-0.022634253727723853,-0.022634253727723853,-0.022886770369025145,-0.022886770369025145,0.009878056049994463,False,False,73267.06591796875,5303.405584028344,17.973501880186948,2.231912281634293e-05,313.8750605195653,1.1271201633807792,1.057845439337298,0.8291739104917131,1.0497015221724948,0.165381683907133,1.0,0.00030848479803221776,0.0006562873235056894,0.001380134036191736,-0.02273632069936974,0.05238554387091182,0.0011889161663444536,-1809.8046884581565,False
11,moderate,66,residual_horizon_nmpc_gain_2,2.0,49.5,0.22122425152776615,0.04826101086115753,2.5747047146973685,0.22101897743328622,0.048805682664151806,2.573640892631047,0.24289062500000003,-0.002083173828124986,0.02074175659179687,0.17289062500000002,0.31289062500000003,-0.08,0.08,-0.02166637347223388,0.05034418468928251,2.5539629581055716,0.000857704922316245,0.00171540984463249,not_applicable,0.0,,False,-2325.706821984298,-0.06298924310188644,0.4897150181989939,-0.022634253727723853,-0.022634253727723853,-0.0226465361327175,-0.0226465361327175,0.0004804684726152919,False,False,73111.26348876953,5288.980174482759,17.92461345906169,2.2874261744477527e-05,319.93442210867545,1.1271201633807792,1.057845439337298,0.8291739104917131,1.0497015221724948,0.165381683907133,1.0,0.00030848479803221776,0.0006562873235056894,0.001380134036191736,-0.02273632069936974,0.05238554387091182,0.0011889161663444536,-1809.8046884581565,False
11,moderate,66,residual_horizon_nmpc_gain_2,2.0,50.0,0.22101970495356513,0.048214503049397346,2.598823592647648,0.22120661225802793,0.04765344989632447,2.5999948927252774,0.2443141289437586,-0.002094694824218736,0.019697265625,0.17431412894375858,0.3143141289437586,-0.08,0.08,-0.023294423990193464,0.05030919787361608,2.579126327022648,0.0008752601374039408,0.0017505202748078815,Solve_Succeeded,0.046644916001241654,683.5358895710665,False,-2334.462471300849,-0.06283861909358786,0.4916039796605237,-0.016821070436227912,-0.022634253727723853,-0.02263485114368682,-0.02263485114368682,2.3369978061356378e-05,False,False,72954.58984375,5274.501269499071,17.875543739270487,2.3446429427125124e-05,326.14409638393766,1.1271201633807792,1.057845439337298,0.8291739104917131,1.0497015221724948,0.165381683907133,1.0,0.00030848479803221776,0.0006562873235056894,0.001380134036191736,-0.02273632069936974,0.05238554387091182,0.0011889161663444536,-1809.8046884581565,False
11,moderate,66,residual_horizon_nmpc_gain_2,2.0,50.5,0.22081440238212158,0.04816782026621177,2.622919172937387,0.22089988633916596,0.048548161317244584,2.623866561283875,0.2457196287722908,-0.002106025390624995,0.018647061767578132,0.1757196287722908,0.3157196287722908,-0.08,0.08,-0.024905226390169233,0.05027384565683676,2.604272111169809,0.0008905356728918738,0.0017810713457837475,not_applicable,0.0,,False,-2343.402446734532,-0.0626862705370183,0.49350519329425013,-0.016821070436227912,-0.022634253727723853,-0.022634282786025788,-0.022634282786025788,1.1367153220642745e-06,False,False,72797.05926513672,5259.970181571663,17.82629716892124,2.4036156869657575e-05,332.50761696473967,1.1271201633807792,1.057845439337298,0.8291739104917131,1.0497015221724948,0.165381683907133,1.0,0.00030848479803221776,0.0006562873235056894,0.001380134036191736,-0.02273632069936974,0.05238554387091182,0.0011889161663444536,-1809.8046884581565,False
11,moderate,66,residual_horizon_nmpc_gain_2,2.0,51.0,0.22060833882872644,0.04812095882895119,2.646991367159887,0.22056215844042412,0.04775477118902684,2.6461566577239344,0.24710648148148148,-0.00211716552734377,0.017591240234375007,0.17710648148148148,0.31710648148148146,-0.08,0.08,-0.026498142652755047,0.05023812435629496,2.629400126925512,0.0009055565351025075,0.001811113070205015,not_applicable,0.0,,False,-2358.0612832873403,-0.06316951891299742,0.495418536625849,-0.016821070436227912,-0.016821070436227912,-0.017103824982725682,-0.017103824982725682,0.011060915606600212,False,False,72638.68603515625,5245.388217321746,17.776878176217384,2.4643991629819766e-05,339.0285948672705,1.1271201633807792,1.057845439337298,0.8291739104917131,1.0497015221724948,0.165381683907133,1.0,0.00030848479803221776,0.0006562873235056894,0.001380134036191736,-0.02273632069936974,0.05238554387091182,0.0011889161663444536,-1809.8046884581565,False
11,moderate,66,residual_horizon_nmpc_gain_2,2.0,51.5,0.22040148139843238,0.048073804365020026,2.6710400573945527,0.22036973078135386,0.04831971300492107,2.6711456755147065,0.2484740440672154,-0.0021281152343750123,0.016529896240234362,0.1784740440672154,0.3184740440672154,-0.08,0.08,-0.028072562668783024,0.05020191959939504,2.6545101611543185,0.0009220319051804742,0.0018440638103609484,not_applicable,0.0,,False,-2367.806998483687,-0.06304972336449273,0.4973438864335049,-0.016821070436227912,-0.016821070436227912,-0.01683482361239873,-0.01683482361239873,0.000538002740653902,False,False,72479.48443603516,5230.756677600381,17.72729116980702,2.5270498287209336e-05,345.71071960717796,1.1271201633807792,1.057845439337298,0.8291739104917131,1.0497015221724948,0.165381683907133,1.0,0.00030848479803221776,0.0006562873235056894,0.001380134036191736,-0.02273632069936974,0.05238554387091182,0.0011889161663444536,-1809.8046884581565,False
11,moderate,66,residual_horizon_nmpc_gain_2,2.0,52.0,0.2201937977340794,0.048026455142143085,2.6950651216945607,0.220184845199173,0.048875266469521145,2.6965672522800612,0.24982167352537724,-0.0021388745117187358,0.015463124999999994,0.17982167352537723,0.31982167352537727,-0.08,0.08,-0.02962787579129783,0.05016532965386182,2.6796019966945606,0.0009390714243960852,0.0018781428487921704,Solve_Succeeded,0.04705454199574888,741.5362816287484,False,-2377.5077981530626,-0.06290005559400884,0.4992811187306089,-0.010449749624031618,-0.016821070436227912,-0.016821739390475078,-0.016821739390475078,2.6168443847306155e-05,False,False,72319.46875,5216.076857588573,17.677540539122155,2.591625892336607e-05,352.5577602918606,1.1271201633807792,1.057845439337298,0.8291739104917131,1.0497015221724948,0.165381683907133,1.0,0.00030848479803221776,0.0006562873235056894,0.001380134036191736,-0.02273632069936974,0.05238554387091182,0.0011889161663444536,-1809.8046884581565,False
11,moderate,66,residual_horizon_nmpc_gain_2,2.0,52.5,0.21998528190362873,0.04797891206293989,2.719066462905734,0.22000830997271886,0.04808799465803936,2.717378934332354,0.25114872685185186,-0.002149443359375003,0.014391021728515627,0.18114872685185185,0.32114872685185186,-0.08,0.08,-0.031163444948223123,0.05012835542231489,2.7046754411772183,0.0009531840073025762,0.0019063680146051525,not_applicable,0.0,,False,-2387.4099347564706,-0.06274850829708248,0.5012301087489158,-0.010449749624031618,-0.016821070436227912,-0.016821102974150733,-0.016821102974150733,1.272832648689659e-06,False,False,72158.65325927734,5201.350046894582,17.627630654708497,2.658187361253301e-05,359.5735667006599,1.1271201633807792,1.057845439337298,0.8291739104917131,1.0497015221724948,0.165381683907133,1.0,0.00030848479803221776,0.0006562873235056894,0.001380134036191736,-0.02273632069936974,0.05238554387091182,0.0011889161663444536,-1809.8046884581565,False
11,moderate,66,residual_horizon_nmpc_gain_2,2.0,53.0,0.21977592783298877,0.04793117110509019,2.74304398309396,0.22009739240405768,0.04908853307737067,2.741613486982086,0.252454561042524,-0.0021598217773437373,0.013313681640624991,0.182454561042524,0.322454561042524,-0.08,0.08,-0.032678633209535235,0.050090992882433925,2.729730301453335,0.0009695366031792756,0.0019390732063585513,not_applicable,0.0,,False,-2404.1782860291814,-0.06330457954087251,0.5031907309221533,-0.010449749624031618,-0.010449749624031618,-0.01075965213897288,-0.01075965213897288,0.012122901670355707,False,False,71997.05224609375,5186.577529648537,17.577565868546092,2.726796092313923e-05,366.7620703511295,1.1271201633807792,1.057845439337298,0.8291739104917131,1.0497015221724948,0.165381683907133,1.0,0.00030848479803221776,0.0006562873235056894,0.001380134036191736,-0.02273632069936974,0.05238554387091182,0.0011889161663444536,-1809.8046884581565,False
11,moderate,66,residual_horizon_nmpc_gain_2,2.0,53.5,0.21956569604032264,0.047883094949676165,2.7669975489897087,0.22008107127881088,0.04792456314365073,2.766266224923593,0.25373853309327843,-0.0021700097656250084,0.01223119995117189,0.18373853309327842,0.32373853309327844,-0.08,0.08,-0.03417283705295579,0.050053104715301173,2.754766349038537,0.0009867733425723575,0.001973546685144715,not_applicable,0.0,,False,-2415.011466785084,-0.06318942961797998,0.5051628588700733,-0.010449749624031618,-0.010449749624031618,-0.010464823276910267,-0.010464823276910267,0.0005896577241252254,False,False,71834.67999267578,5171.76058459446,17.527350514361206,2.7975158430042315e-05,374.1272855494931,1.1271201633807792,1.057845439337298,0.8291739104917131,1.0497015221724948,0.165381683907133,1.0,0.00030848479803221776,0.0006562873235056894,0.001380134036191736,-0.02273632069936974,0.05238554387091182,0.0011889161663444536,-1809.8046884581565,False
11,moderate,66,residual_horizon_nmpc_gain_2,2.0,54.0,0.21935454786333825,0.0478348023063328,2.790927022671116,0.21945241213501293,0.04768523105184107,2.791300044760258,0.255,-0.0021800073242187745,0.011143671874999983,0.185,0.325,-0.08,0.08,-0.03564545213666176,0.05001480963055158,2.779783350796116,0.0010043127802461813,0.0020086255604923626,Solve_Succeeded,0.04766679200110957,790.768147055774,False,-2425.7688852368137,-0.06304108980001859,0.507146365382941,-0.003203884301630814,-0.010449749624031618,-0.01045048280624264,-0.01045048280624264,2.868094133525595e-05,False,False,71671.55078125,5156.900485179787,17.47698890792972,2.8704123237553922e-05,381.67331042331045,1.1271201633807792,1.057845439337298,0.8291739104917131,1.0497015221724948,0.165381683907133,1.0,0.00030848479803221776,0.0006562873235056894,0.001380134036191736,-0.02273632069936974,0.05238554387091182,0.0011889161663444536,-1809.8046884581565,False
11,moderate,66,residual_horizon_nmpc_gain_2,2.0,54.5,0.21914247662114553,0.047786294695225245,2.814832296273849,0.2192098281044572,0.04755518715183437,2.8153097545700367,0.2562383187585734,-0.0021898144531249802,0.010051192626953115,0.18623831875857338,0.3262383187585734,-0.08,0.08,-0.037095842137427865,0.049976109148350226,2.8047811036468957,0.0010209013463472437,0.0020418026926944874,not_applicable,0.0,,False,-2436.74660795777,-0.06289072045081555,0.5091411224064528,-0.003203884301630814,-0.010449749624031618,-0.010449785286001472,-0.010449785286001472,1.3950404823340201e-06,False,False,71507.67889404297,5141.998499642501,17.426485347372413,2.9455532513257802e-05,389.4043279342982,1.1271201633807792,1.057845439337298,0.8291739104917131,1.0497015221724948,0.165381683907133,1.0,0.00030848479803221776,0.0006562873235056894,0.001380134036191736,-0.02273632069936974,0.05238554387091182,0.0011889161663444536,-1809.8046884581565,False
11,moderate,66,residual_horizon_nmpc_gain_2,2.0,55.0,0.21892947562101425,0.04773756771530575,2.8387132612133428,0.21881858263471043,0.04688975378307102,2.838053443400284,0.2574528463648834,-0.0021994311523437365,0.008953857421875003,0.1874528463648834,0.3274528463648834,-0.08,0.08,-0.03852337074386916,0.04993699886764948,2.829759403791468,0.0010371827581902113,0.0020743655163804227,not_applicable,0.0,,False,-2456.284568091412,-0.0635579067130118,0.5111470010270767,-0.003203884301630814,-0.003203884301630814,-0.0035563247981275047,-0.0035563247981275047,0.013786920975747935,False,False,71343.07861328125,5127.055891095932,17.375844113442373,3.0230084032613333e-05,397.32460686915806,1.1271201633807792,1.057845439337298,0.8291739104917131,1.0497015221724948,0.165381683907133,1.0,0.00030848479803221776,0.0006562873235056894,0.001380134036191736,-0.02273632069936974,0.05238554387091182,0.0011889161663444536,-1809.8046884581565,False
11,moderate,66,residual_horizon_nmpc_gain_2,2.0,55.5,0.21871549657100145,0.04768845016812496,2.862569765005014,0.21854143933460546,0.04823206694021074,2.8623707169090267,0.25864293981481484,-0.002208857421874988,0.007851761474609378,0.18864293981481484,0.32864293981481485,-0.08,0.08,-0.03992744324381339,0.04989730758999995,2.854718003530405,0.0010540268058884337,0.0021080536117768674,not_applicable,0.0,,False,-2468.3641590017787,-0.06344976892933837,0.5131638714578081,-0.003203884301630814,-0.003203884301630814,-0.0032210270011845013,-0.0032210270011845013,0.0006705955938860067,False,False,71177.7642211914,5112.073917611333,17.325069469804838,3.102849673432164e-05,405.438502806199,1.1271201633807792,1.057845439337298,0.8291739104917131,1.0497015221724948,0.165381683907133,1.0,0.00030848479803221776,0.0006562873235056894,0.001380134036191736,-0.02273632069936974,0.05238554387091182,0.0011889161663444536,-1809.8046884581565,False
11,moderate,66,residual_horizon_nmpc_gain_2,2.0,56.0,0.21850049238768346,0.04763909122848071,2.8864016496583527,0.21865954351230724,0.0474087113084198,2.8882338033897796,0.2598079561042524,-0.002218093261718762,0.006745000000000015,0.18980795610425238,0.3298079561042524,-0.08,0.08,-0.04130746371656893,0.04985718449019947,2.8796566496583527,0.001072917757213176,0.002145835514426352,Solve_Succeeded,0.04714724997757003,847.525740610687,False,-2480.3146545536592,-0.0633033631198868,0.5151916030243355,0.0048322925851342485,-0.003203884301630814,-0.003204718122235736,-0.003204718122235736,3.2617757897530734e-05,False,False,71011.75,5097.053832298304,17.27416566330976,3.1851511286411894e-05,413.75045905542737,1.1271201633807792,1.057845439337298,0.8291739104917131,1.0497015221724948,0.165381683907133,1.0,0.00030848479803221776,0.0006562873235056894,0.001380134036191736,-0.02273632069936974,0.05238554387091182,0.0011889161663444536,-1809.8046884581565,False
11,moderate,66,residual_horizon_nmpc_gain_2,2.0,56.5,0.21828445618354403,0.04758949348389672,2.91020879512354,0.21863905427507552,0.04722214037728229,2.9106764977061843,0.260947252229081,-0.0022271386718750175,0.005633668212890616,0.190947252229081,0.330947252229081,-0.08,0.08,-0.042662796045536966,0.049816632155771735,2.904575126910649,0.0010888580922559215,0.002177716184511843,not_applicable,0.0,,False,-2492.505844632913,-0.06315468588448798,0.5172300641516114,0.0048322925851342485,-0.003203884301630814,-0.0032039248586503786,-0.0032039248586503786,1.5865271707146689e-06,False,False,70845.0502319336,5081.996883383135,17.223136924257314,3.2699890662987725e-05,422.2650075697172,1.1271201633807792,1.057845439337298,0.8291739104917131,1.0497015221724948,0.165381683907133,1.0,0.00030848479803221776,0.0006562873235056894,0.001380134036191736,-0.02273632069936974,0.05238554387091182,0.0011889161663444536,-1809.8046884581565,False
11,moderate,66,residual_horizon_nmpc_gain_2,2.0,57.0,0.21806738123065197,0.04753965212622406,2.933991080795589,0.218379937832758,0.047952256911890465,2.9360101289649263,0.2620601851851852,-0.00223599365234374,0.004517861328124997,0.1920601851851852,0.3320601851851852,-0.08,0.08,-0.04399280395453323,0.0497756457785678,2.929473219467464,0.0011072070508755891,0.0022144141017511783,not_applicable,0.0,,False,-2515.1304011883726,-0.0639272190762127,0.5192791223508177,0.0048322925851342485,0.0048322925851342485,0.004441411109945443,0.004441411109945443,0.015290671937191642,False,False,70677.67919921875,5066.904314285146,17.171987466656617,3.357442073155181e-05,430.98676982456254,1.1271201633807792,1.057845439337298,0.8291739104917131,1.0497015221724948,0.165381683907133,1.0,0.00030848479803221776,0.0006562873235056894,0.001380134036191736,-0.02273632069936974,0.05238554387091182,0.0011889161663444536,-1809.8046884581565,False
11,moderate,66,residual_horizon_nmpc_gain_2,2.0,57.5,0.21784921007945934,0.047489358495512134,2.9577483327023004,0.21813535346722054,0.047381148942256306,2.9589983078568984,0.26314611196844995,-0.0022446582031249857,0.003397674560546876,0.19314611196844994,0.33314611196844995,-0.08,0.08,-0.045296901888990604,0.04973401669863712,2.9543506581417533,0.0011241131208173435,0.002248226241634687,not_applicable,0.0,,False,-2528.613712187294,-0.06382625995282665,0.5213386442067272,0.0048322925851342485,0.0048322925851342485,0.00481328011705277,0.00481328011705277,0.0007437380142146545,False,False,70509.65118408203,5051.777363691093,17.120721488477898,3.447591085080677e-05,439.9204576638511,1.1271201633807792,1.057845439337298,0.8291739104917131,1.0497015221724948,0.165381683907133,1.0,0.00030848479803221776,0.0006562873235056894,0.001380134036191736,-0.02273632069936974,0.05238554387091182,0.0011889161663444536,-1809.8046884581565,False
11,moderate,66,residual_horizon_nmpc_gain_2,2.0,58.0,0.21762988685164808,0.047438795425493306,2.981480370414903,0.21755031355172125,0.047156583277166673,2.9812686461967175,0.26420438957475995,-0.00225313232421874,0.0022732031250000118,0.19420438957475994,0.33420438957475995,-0.08,0.08,-0.046574502723111866,0.049691927749712046,2.979207167289903,0.0011407499351222838,0.0022814998702445676,Solve_Succeeded,0.04696025000885129,908.0686618071048,False,-2541.909349111142,-0.0636822380509539,0.5234084953654483,0.01397286181097291,0.0048322925851342485,0.004831367819021005,0.004831367819021005,3.617540393647048e-05,False,False,70340.98046875,5036.617265627709,17.06934317189833,3.540519447880457e-05,449.07087410896804,1.1271201633807792,1.057845439337298,0.8291739104917131,1.0497015221724948,0.165381683907133,1.0,0.00030848479803221776,0.0006562873235056894,0.001380134036191736,-0.02273632069936974,0.05238554387091182,0.0011889161663444536,-1809.8046884581565,False
11,moderate,66,residual_horizon_nmpc_gain_2,2.0,58.5,0.21740940488578844,0.04738796667606678,3.005187060153185,0.21778101156311166,0.046596747199222965,3.004592731201519,0.265234375,-0.0022614160156250174,0.001144542236328136,0.19523437500000002,0.33523437500000003,-0.08,0.08,-0.04782497011421158,0.0496493826916918,3.0040425179168566,0.0011578820090007852,0.0023157640180015704,not_applicable,0.0,,False,-2555.4685920378242,-0.06353571041435523,0.5254885405225552,0.01397286181097291,0.0048322925851342485,0.004832247604526758,0.004832247604526758,1.7595710115059227e-06,False,False,70171.68133544922,5021.425249532426,17.01785668354173,3.6363129791295344e-05,458.44291412848867,1.1271201633807792,1.057845439337298,0.8291739104917131,1.0497015221724948,0.165381683907133,1.0,0.00030848479803221776,0.0006562873235056894,0.001380134036191736,-0.02273632069936974,0.05238554387091182,0.0011889161663444536,-1809.8046884581565,False
11,moderate,66,residual_horizon_nmpc_gain_2,2.0,59.0,0.21718775781866115,0.04733686698166284,3.028868267760502,0.21760434071647222,0.04830903215972463,3.0272458834266516,0.26623542524005483,-0.002269509277343776,1.1787109374994387e-05,0.19623542524005483,0.33623542524005484,-0.08,0.08,-0.04904766742139369,0.049606376259006615,3.028856480651127,0.0011745226443037812,0.0023490452886075625,not_applicable,0.0,,False,-2582.0814475765847,-0.06445380738674165,0.5275786434115908,0.01397286181097291,0.01397286181097291,0.013528262496663567,0.013528262496663567,0.017392029784273618,False,False,70001.76806640625,5006.2025403223815,16.966266174712413,3.735060031009835e-05,468.04156536560254,1.1271201633807792,1.057845439337298,0.8291739104917131,1.0497015221724948,0.165381683907133,1.0,0.00030848479803221776,0.0006562873235056894,0.001380134036191736,-0.02273632069936974,0.05238554387091182,0.0011889161663444536,-1809.8046884581565,False
11,moderate,66,residual_horizon_nmpc_gain_2,2.0,59.5,0.21696487578734175,0.0472852352787629,3.052523792497686,0.21651325061896476,0.04745197392280281,3.052832918046498,0.2672068972908094,-0.0022774121093750016,-0.0011249670410156398,0.19720689729080937,0.3372068972908094,-0.08,0.08,-0.050242021503467627,0.0495626473881379,3.0536487595387016,0.0011939753382693933,0.0023879506765387866,not_applicable,0.0,,False,-2597.185521294731,-0.06436256916336919,0.5296786667929451,0.01397286181097291,0.01397286181097291,0.013951236508140969,0.013951236508140969,0.0008459480229548039,False,False,69831.25494384766,4990.950358461709,16.914575781623235,3.83685155412908e-05,477.8719088203138,1.1271201633807792,1.057845439337298,0.8291739104917131,1.0497015221724948,0.165381683907133,1.0,0.00030848479803221776,0.0006562873235056894,0.001380134036191736,-0.02273632069936974,0.05238554387091182,0.0011889161663444536,-1809.8046884581565,False
11,moderate,66,residual_horizon_nmpc_gain_2,2.0,60.0,0.21674069103085267,0.047233301753653395,3.076153425906243,0.2168683236841435,0.047954657285951656,3.0758094278682564,0.26814814814814814,-0.0022851245117187363,-0.002265625000000007,0.19814814814814813,0.33814814814814814,-0.08,0.08,-0.05140745711729547,0.04951842626537213,3.078419050906243,0.001211532623043045,0.00242306524608609,Solve_Succeeded,0.04841975000454113,1082.7112176431626,False,-2612.0125225991965,-0.06422162575181725,0.5317884724430973,0.024234330711794264,0.01397286181097291,0.013971809956623338,0.013971809956623338,4.1146896964737445e-05,False,False,69660.15625,4975.6699200272205,16.86278962561822,3.941781162298295e-05,487.93911948340343,1.1271201633807792,1.057845439337298,0.8291739104917131,1.0497015221724948,0.165381683907133,1.0,0.00030848479803221776,0.0006562873235056894,0.001380134036191736,-0.02273632069936974,0.05238554387091182,0.0011889161663444536,-1809.8046884581565,False
11,moderate,66,residual_horizon_nmpc_gain_2,2.0,60.5,0.21651519767870792,0.04718107195512641,3.099757018461655,0.21621403594592473,0.047245641181807865,3.099743315163183,0.2690585348079561,-0.00229264648437498,-0.003410091552734376,0.1990585348079561,0.3390585348079561,-0.08,0.08,-0.05254333712924819,0.04947371843950139,3.1031671100143896,0.0012296212931178201,0.0024592425862356403,not_applicable,0.0,,False,-2627.127894032621,-0.0640778443638317,0.533907921144225,0.024234330711794264,0.01397286181097291,0.013972810648795839,0.013972810648795839,2.0013843450017443e-06,False,False,69488.48626708984,4960.362436772506,16.81091181338977,4.0499451982413844e-05,498.24846691898586,1.1271201633807792,1.057845439337298,0.8291739104917131,1.0497015221724948,0.165381683907133,1.0,0.00030848479803221776,0.0006562873235056894,0.001380134036191736,-0.02273632069936974,0.05238554387091182,0.0011889161663444536,-1809.8046884581565,False
11,moderate,66,residual_horizon_nmpc_gain_2,2.0,61.0,0.21628839037279013,0.047128540123257616,3.123334420586608,0.21651820362895363,0.046762395675123,3.121398165209492,0.26993741426611795,-0.0022999780273437603,-0.004558271484374987,0.19993741426611794,0.33993741426611795,-0.08,0.08,-0.05364902389332782,0.049428518150601376,3.127892692070983,0.0012466383214210439,0.0024932766428420877,not_applicable,0.0,,False,-2658.390384443077,-0.06514845211037655,0.5360368726741661,0.024234330711794264,0.024234330711794264,0.023735210556327768,0.023735210556327768,0.01952479981506386,False,False,69316.25927734375,4945.029116190508,16.758946437190744,4.1614428002074576e-05,508.8053157924733,1.1271201633807792,1.057845439337298,0.8291739104917131,1.0497015221724948,0.165381683907133,1.0,0.00030848479803221776,0.0006562873235056894,0.001380134036191736,-0.02273632069936974,0.05238554387091182,0.0011889161663444536,-1809.8046884581565,False
11,moderate,66,residual_horizon_nmpc_gain_2,2.0,61.5,0.21606018512002587,0.04707538332603751,3.146885400530468,0.215727463626376,0.04629125216929845,3.144571534442788,0.27078414351851854,-0.002307119140625022,-0.0057100695800781365,0.20078414351851853,0.34078414351851855,-0.08,0.08,-0.05472395839849267,0.04938250246666253,3.1525954701105463,0.0012646551331679506,0.002529310266335901,not_applicable,0.0,,False,-2675.3467229036764,-0.06506784349916442,0.5381751857967413,0.024234330711794264,0.024234330711794264,0.024210053516206916,0.024210053516206916,0.000949685919758296,False,False,69143.48956298828,4929.67116157462,16.706897575041523,4.27637596945271e-05,519.6151263405909,1.1271201633807792,1.057845439337298,0.8291739104917131,1.0497015221724948,0.165381683907133,1.0,0.00030848479803221776,0.0006562873235056894,0.001380134036191736,-0.02273632069936974,0.05238554387091182,0.0011889161663444536,-1809.8046884581565,False
11,moderate,66,residual_horizon_nmpc_gain_2,2.0,62.0,0.21583050061186582,0.04702188769940531,3.170409717343562,0.2163740244057396,0.04717649903609412,3.1691500134239314,0.27159807956104254,-0.002314069824218737,-0.006865390625000009,0.20159807956104253,0.34159807956104254,-0.08,0.08,-0.05576757894917672,0.04933595752362405,3.177275107968562,0.001283982724062952,0.002567965448125904,Solve_Succeeded,0.04989241698058322,1224.7704386820396,False,-2691.918900040427,-0.064930583532538,0.5403227182524204,0.03564576893603884,0.024234330711794264,0.02423314986942769,0.02423314986942769,4.6192706441544606e-05,False,False,68970.19140625,4914.289772078365,16.654769290932272,4.3948496385555496e-05,530.6834547800585,1.1271201633807792,1.057845439337298,0.8291739104917131,1.0497015221724948,0.165381683907133,1.0,0.00030848479803221776,0.0006562873235056894,0.001380134036191736,-0.02273632069936974,0.05238554387091182,0.0011889161663444536,-1809.8046884581565,False
11,moderate,66,residual_horizon_nmpc_gain_2,2.0,62.5,0.21559933236055773,0.04696806093500405,3.1939072035333957,0.21519368113827014,0.046512924424230925,3.197493322415536,0.27237857938957477,-0.0023208300781249885,-0.008024139404296873,0.20237857938957476,0.3423785793895748,-0.08,0.08,-0.056779247029017044,0.04928889101312904,3.2019313429376925,0.0013060729149871764,0.002612145829974353,not_applicable,0.0,,False,-2708.807157832057,-0.06479012974312426,0.5424793267493396,0.03564576893603884,0.024234330711794264,0.02423427327564231,0.02423427327564231,2.246812429246292e-06,False,False,68796.37908935547,4898.886142773685,16.602565635020465,4.516971740524538e-05,542.0159536514084,1.1271201633807792,1.057845439337298,0.8291739104917131,1.0497015221724948,0.165381683907133,1.0,0.00030848479803221776,0.0006562873235056894,0.001380134036191736,-0.02273632069936974,0.05238554387091182,0.0011889161663444536,-1809.8046884581565,False
11,moderate,66,residual_horizon_nmpc_gain_2,2.0,63.0,0.21536667661131814,0.0469138967197706,3.217377691952104,0.21497965554385537,0.047739754222175745,3.21539405809077,0.27312500000000006,-0.002327399902343749,-0.009186220703124998,0.20312500000000006,0.34312500000000007,-0.08,0.08,-0.05775832338868192,0.04924129662211435,3.226563912655229,0.0013201649224123709,0.0026403298448247417,not_applicable,0.0,,False,-2745.5084099393152,-0.0660218816114866,0.54464486695466,0.03564576893603884,0.03564576893603884,0.035090713987731496,0.035090713987731496,0.02171288142417837,False,False,68622.06689453125,4883.461464707889,16.550290643823907,4.642853278655157e-05,553.6183720943598,1.1271201633807792,1.057845439337298,0.8291739104917131,1.0497015221724948,0.165381683907133,1.0,0.00030848479803221776,0.0006562873235056894,0.001380134036191736,-0.02273632069936974,0.05238554387091182,0.0011889161663444536,-1809.8046884581565,False
11,moderate,66,residual_horizon_nmpc_gain_2,2.0,63.5,0.21513243300344642,0.04685899880618066,3.240820914811231,0.21484575827755756,0.047879855628920345,3.239980714655664,0.273836698388203,-0.0023337792968750326,-0.010351539306640622,0.203836698388203,0.343836698388203,-0.08,0.08,-0.05870426538475659,0.049192778103055695,3.2511724541178717,0.0013397333663084914,0.002679466732616983,not_applicable,0.0,,False,-2764.5855981699488,-0.0659528849230534,0.5468191934862616,0.03564576893603884,0.03564576893603884,0.035618771073111045,0.035618771073111045,0.0010561141707590982,False,False,68447.2691040039,4868.0169249593155,16.497948340409362,4.772608397086865e-05,565.4965560510343,1.1271201633807792,1.057845439337298,0.8291739104917131,1.0497015221724948,0.165381683907133,1.0,0.00030848479803221776,0.0006562873235056894,0.001380134036191736,-0.02273632069936974,0.05238554387091182,0.0011889161663444536,-1809.8046884581565,False
11,moderate,66,residual_horizon_nmpc_gain_2,2.0,64.0,0.21489650452620743,0.04680371969119938,3.2642365933846573,0.21553125546291668,0.04614077519306559,3.2639711086850847,0.2745130315500686,-0.0023399682617187556,-0.01152000000000003,0.2045130315500686,0.3445130315500686,-0.08,0.08,-0.05961652702386119,0.04914368795291814,3.2757565933846573,0.0013599485803088237,0.0027198971606176474,Solve_Succeeded,0.0512356249964796,1369.0641406493287,False,-2783.1498053066534,-0.06581990685406496,0.5490021599047784,0.04836926690262719,0.03564576893603884,0.03564445576046065,0.03564445576046065,5.1369374699211656e-05,False,False,68272.0,4852.553706691728,16.445542734576904,4.906354452008186e-05,577.6564483932607,1.1271201633807792,1.057845439337298,0.8291739104917131,1.0497015221724948,0.165381683907133,1.0,0.00030848479803221776,0.0006562873235056894,0.001380134036191736,-0.02273632069936974,0.05238554387091182,0.0011889161663444536,-1809.8046884581565,False
11,moderate,66,residual_horizon_nmpc_gain_2,2.0,64.5,0.21465888866880325,0.04674806964411465,3.2876245396382067,0.21450590828520302,0.04730067738722916,3.2894498528695832,0.27515335648148154,-0.0023459667968749737,-0.012691507568359378,0.20515335648148153,0.34515335648148154,-0.08,0.08,-0.06049446781267828,0.04909403644098962,3.3003160472065662,0.0013797678567174388,0.0027595357134348776,not_applicable,0.0,,False,-2802.0610343432627,-0.06568335016757242,0.5511936187059596,0.04836926690262719,0.03564576893603884,0.0356457050632018,0.0356457050632018,2.4986054822928594e-06,False,False,68096.2738647461,4837.072989207493,16.39307782304016,5.044212083452396e-05,590.1040889700629,1.1271201633807792,1.057845439337298,0.8291739104917131,1.0497015221724948,0.165381683907133,1.0,0.00030848479803221776,0.0006562873235056894,0.001380134036191736,-0.02273632069936974,0.05238554387091182,0.0011889161663444536,-1809.8046884581565,False
11,moderate,66,residual_horizon_nmpc_gain_2,2.0,65.0,0.21441958389761553,0.04669204173428204,3.3109845663723467,0.21462467424499912,0.04685550359359487,3.311102688078995,0.2757570301783265,-0.0023517749023437423,-0.013865966796875004,0.20575703017832647,0.3457570301783265,-0.08,0.08,-0.061337446280710944,0.049043816636625784,3.3248505331692217,0.0013979522600214133,0.0027959045200428266,not_applicable,0.0,,False,-2845.3700625529455,-0.06710137960336242,0.5533934213133627,0.04836926690262719,0.04836926690262719,0.047750393078438036,0.047750393078438036,0.024209376030472476,False,False,67920.10498046875,4821.575947999591,16.340557589602536,5.186305287622269e-05,602.8456145713978,1.1271201633807792,1.057845439337298,0.8291739104917131,1.0497015221724948,0.165381683907133,1.0,0.00030848479803221776,0.0006562873235056894,0.001380134036191736,-0.02273632069936974,0.05238554387091182,0.0011889161663444536,-1809.8046884581565,False
11,moderate,66,residual_horizon_nmpc_gain_2,2.0,65.5,0.21417846959208794,0.04663514802056407,3.334316362669011,0.215219929710808,0.047088359657948574,3.333581437840913,0.2763234096364884,-0.0023573925781249783,-0.01504328247070312,0.20632340963648838,0.3463234096364884,-0.08,0.08,-0.06214494004440044,0.04899254059868905,3.3493596451397143,0.0014163454644608164,0.002832690928921633,not_applicable,0.0,,False,-2866.8971258385372,-0.06704583143244879,0.5556014180713704,0.04836926690262719,0.04836926690262719,0.04833916489069844,0.04833916489069844,0.0011775436245208132,False,False,67743.50762939453,4806.063754802459,16.287986005329568,5.332761489677058e-05,615.8872588040773,1.1271201633807792,1.057845439337298,0.8291739104917131,1.0497015221724948,0.165381683907133,1.0,0.00030848479803221776,0.0006562873235056894,0.001380134036191736,-0.02273632069936974,0.05238554387091182,0.0011889161663444536,-1809.8046884581565,False
11,moderate,66,residual_horizon_nmpc_gain_2,2.0,66.0,0.21393542933189144,0.046577824161499436,3.3576196045394546,0.21402590995966156,0.04556045869240929,3.3594738885437296,0.2768518518518519,-0.0023628198242187787,-0.016223359374999982,0.2068518518518519,0.3468518518518519,-0.08,0.08,-0.06291642251996046,0.048940643985718214,3.3738429639144547,0.0014387687288804395,0.002877537457760879,Solve_Succeeded,0.05113274999894202,1608.3287121113865,False,-2887.745400845183,-0.06691782168960618,0.55781745823853,0.062548856781661,0.04836926690262719,0.04836780274129617,0.04836780274129617,5.727570119545833e-05,False,False,67566.49609375,4790.537577641742,16.23536702871751,5.4837116169099226e-05,629.2353518757529,1.1271201633807792,1.057845439337298,0.8291739104917131,1.0497015221724948,0.165381683907133,1.0,0.00030848479803221776,0.0006562873235056894,0.001380134036191736,-0.02273632069936974,0.05238554387091182,0.0011889161663444536,-1809.8046884581565,False
11,moderate,66,residual_horizon_nmpc_gain_2,2.0,66.5,0.21369046334475356,0.04652008374398039,3.380894080306805,0.2133130519428746,0.04629737687872827,3.3804731780009805,0.2773417138203018,-0.0023680566406250325,-0.0174061022949219,0.2073417138203018,0.3473417138203018,-0.08,0.08,-0.06365125047554826,0.04888814038460542,3.3983001826017265,0.0014554018642654269,0.0029108037285308537,not_applicable,0.0,,False,-2908.9747911915847,-0.06678577988926818,0.5600413899812113,0.062548856781661,0.04836926690262719,0.04836919568584579,0.04836919568584579,2.7858890992299434e-06,False,False,67389.08465576172,4774.998580882961,16.182704605858262,5.639290172238772e-05,642.8963202827551,1.1271201633807792,1.057845439337298,0.8291739104917131,1.0497015221724948,0.165381683907133,1.0,0.00030848479803221776,0.0006562873235056894,0.001380134036191736,-0.02273632069936974,0.05238554387091182,0.0011889161663444536,-1809.8046884581565,False
11,moderate,66,residual_horizon_nmpc_gain_2,2.0,67.0,0.21344357315727502,0.046461919156937696,3.4041395797881266,0.21343954535830165,0.04677885457632644,3.4059333940446272,0.27779235253772294,-0.002373103027343726,-0.018591416015625015,0.20779235253772294,0.34779235253772295,-0.08,0.08,-0.06434877938044792,0.04883502218428142,3.4227309958037515,0.0014772470354408682,0.0029544940708817365,not_applicable,0.0,,False,-2960.2583724305687,-0.06841405390201223,0.562273060367581,0.062548856781661,0.062548856781661,0.0618591583152393,0.0618591583152393,0.02697992525878702,False,False,67211.28759765625,4759.44792527913,16.13000267060079,5.799635307927676e-05,656.8766863974796,1.1271201633807792,1.057845439337298,0.8291739104917131,1.0497015221724948,0.165381683907133,1.0,0.00030848479803221776,0.0006562873235056894,0.001380134036191736,-0.02273632069936974,0.05238554387091182,0.0011889161663444536,-1809.8046884581565,False
11,moderate,66,residual_horizon_nmpc_gain_2,2.0,67.5,0.2131946134593168,0.04640272933450202,3.4273557406304658,0.21335654724909764,0.04569375458273116,3.4261882577139318,0.278203125,-0.00237795898437497,-0.019779205322265625,0.208203125,0.348203125,-0.08,0.08,-0.06500851154068318,0.04878068831887699,3.4471349459527314,0.0014946182937462076,0.002989236587492415,not_applicable,0.0,,False,-2984.6223198053926,-0.06837376554298713,0.5645123153618897,0.062548856781661,0.062548856781661,0.06251530986037916,0.06251530986037916,0.001312303090279729,False,False,67033.11920166016,4743.886768017366,16.077265144709028,5.964888899450455e-05,671.1830679509552,1.1271201633807792,1.057845439337298,0.8291739104917131,1.0497015221724948,0.165381683907133,1.0,0.00030848479803221776,0.0006562873235056894,0.001380134036191736,-0.02273632069936974,0.05238554387091182,0.0011889161663444536,-1809.8046884581565,False
11,moderate,66,residual_horizon_nmpc_gain_2,2.0,68.0,0.21294344419655334,0.04634305269311809,3.4505421848184796,0.2128836575812261,0.046788431152709586,3.450718032078129,0.27857338820301786,-0.002382624511718723,-0.020969374999999985,0.20857338820301785,0.34857338820301786,-0.08,0.08,-0.06562994400646452,0.048725677204836816,3.4715115598184796,0.0015159672568709364,0.003031934513741873,Solve_Succeeded,0.04995633300859481,2294.3243572400274,False,-3008.098451255399,-0.06825143842139898,0.5667589998190704,0.07834300088144851,0.062548856781661,0.0625472250599996,0.0625472250599996,6.38303992408773e-05,False,False,66854.59375,4728.316262764509,16.02449593801654,6.135196619402224e-05,685.8221774061745,1.1271201633807792,1.057845439337298,0.8291739104917131,1.0497015221724948,0.165381683907133,1.0,0.00030848479803221776,0.0006562873235056894,0.001380134036191736,-0.02273632069936974,0.05238554387091182,0.0011889161663444536,-1809.8046884581565,False
11,moderate,66,residual_horizon_nmpc_gain_2,2.0,68.5,0.2126900693134679,0.046282907001941605,3.4736986733839195,0.2126409174855797,0.046197508105004004,3.4731518146813642,0.2789024991426612,-0.00238709960937504,-0.022161829833984348,0.20890249914266118,0.3489024991426612,-0.08,0.08,-0.06621242982919329,0.048670006611316645,3.4958605032179038,0.00153459813173858,0.00306919626347716,not_applicable,0.0,,False,-3031.9933758532616,-0.06812455715793865,0.5690129574796432,0.07834300088144851,0.062548856781661,0.06254877741474807,0.06254877741474807,3.104709496937197e-06,False,False,66675.72552490234,4712.737559711781,15.97169894857784,6.310708011357948e-05,700.8008212176376,1.1271201633807792,1.057845439337298,0.8291739104917131,1.0497015221724948,0.165381683907133,1.0,0.00030848479803221776,0.0006562873235056894,0.001380134036191736,-0.02273632069936974,0.05238554387091182,0.0011889161663444536,-1809.8046884581565,False
11,moderate,66,residual_horizon_nmpc_gain_2,2.0,69.0,0.21243449445692975,0.0462222838980261,3.4968249697100715,0.21257574180325356,0.04608242510255207,3.497006206004948,0.27918981481481486,-0.0023913842773437832,-0.023356474609375025,0.20918981481481486,0.34918981481481487,-0.08,0.08,-0.06675532035788512,0.048613668175369884,3.5201814443194466,0.0015559513858454683,0.0031119027716909366,not_applicable,0.0,,False,-3092.91583355656,-0.06998982885176523,0.5712740309649265,0.07834300088144851,0.07834300088144851,0.077574770129691,0.077574770129691,0.030051985429885852,False,False,66496.52880859375,4697.151805618527,15.918878062816649,6.49157656357122e-05,716.1258989725656,1.1271201633807792,1.057845439337298,0.8291739104917131,1.0497015221724948,0.165381683907133,1.0,0.00030848479803221776,0.0006562873235056894,0.001380134036191736,-0.02273632069936974,0.05238554387091182,0.0011889161663444536,-1809.8046884581565,False
11,moderate,66,residual_horizon_nmpc_gain_2,2.0,69.5,0.21217654421041932,0.04616044285255533,3.519920649956234,0.21202873780075532,0.04705833772730597,3.518529718710501,0.27943469221536354,-0.0023954785156249797,-0.02455321411132813,0.20943469221536354,0.34943469221536355,-0.08,0.08,-0.06725814800494423,0.04855592136818031,3.5444738640675624,0.0015744247443955917,0.0031488494887911833,not_applicable,0.0,,False,-3120.5757565849435,-0.0699667762043307,0.5735420617725491,0.07834300088144851,0.07834300088144851,0.07830563415118853,0.07830563415118853,0.0014617280429950752,False,False,66317.01788330078,4681.560143855039,15.866037155671014,6.677959782399367e-05,731.8044024091165,1.1271201633807792,1.057845439337298,0.8291739104917131,1.0497015221724948,0.165381683907133,1.0,0.00030848479803221776,0.0006562873235056894,0.001380134036191736,-0.02273632069936974,0.05238554387091182,0.0011889161663444536,-1809.8046884581565,False
11,moderate,66,residual_horizon_nmpc_gain_2,2.0,70.0,0.21191604972376685,0.04609804914578717,3.5429852714695302,0.21188876262402867,0.04573885753277783,3.5408084585721267,0.27963648834019206,-0.0023993823242187406,-0.025751953125000004,0.20963648834019205,0.34963648834019206,-0.08,0.08,-0.06772043861642521,0.04849743147000591,3.56873722459453,0.0015951962888571523,0.0031903925777143046,Solve_Succeeded,0.048505290993489325,2566.7853453324688,False,-3147.085205739315,-0.06985087948485333,0.5758168902722643,0.09589714984601626,0.07834300088144851,0.07834118336434558,0.07834118336434558,7.10984263140868e-05,False,False,66137.20703125,4665.963714444511,15.813180090735505,6.870019265334471e-05,747.8434143069393,1.1271201633807792,1.057845439337298,0.8291739104917131,1.0497015221724948,0.165381683907133,1.0,0.00030848479803221776,0.0006562873235056894,0.001380134036191736,-0.02273632069936974,0.05238554387091182,0.0011889161663444536,-1809.8046884581565,False
11,moderate,66,residual_horizon_nmpc_gain_2,2.0,70.5,0.21165301989486965,0.04603512580204349,3.5660185636741635,0.21204406115450586,0.04733471096345892,3.565377885511642,0.2797945601851852,-0.0024030957031249828,-0.02695259643554687,0.20979456018518522,0.34979456018518523,-0.08,0.08,-0.06814154029031558,0.04843822150516847,3.5929711601097103,0.001615586291590072,0.003231172583180144,not_applicable,0.0,,False,-3174.0550255533585,-0.06972982834751171,0.5780983557020595,0.09589714984601626,0.07834300088144851,0.07834291247744857,0.07834291247744857,3.458226205982351e-06,False,False,65957.11053466797,4650.3636541041415,15.760310720400511,7.067920773512445e-05,764.2501072452877,1.1271201633807792,1.057845439337298,0.8291739104917131,1.0497015221724948,0.165381683907133,1.0,0.00030848479803221776,0.0006562873235056894,0.001380134036191736,-0.02273632069936974,0.05238554387091182,0.0011889161663444536,-1809.8046884581565,False
11,moderate,66,residual_horizon_nmpc_gain_2,2.0,71.0,0.21138746582930776,0.04597166362878175,3.589020259452265,0.21162051371500482,0.04532376468338464,3.5878393871434167,0.27990826474622776,-0.0024066186523437755,-0.028155048828124987,0.20990826474622776,0.34990826474622777,-0.08,0.08,-0.06852079891692,0.04837828228112553,3.61717530828039,0.0016369475063869616,0.003273895012773923,not_applicable,0.0,,False,-3246.567971866357,-0.07185823920334568,0.5803862961645628,0.09589714984601626,0.09589714984601626,0.095043312049013,0.095043312049013,0.03340079914312888,False,False,65776.74267578125,4634.761096285395,15.707432885988693,7.271834303565273e-05,781.0317422239278,1.1271201633807792,1.057845439337298,0.8291739104917131,1.0497015221724948,0.165381683907133,1.0,0.00030848479803221776,0.0006562873235056894,0.001380134036191736,-0.02273632069936974,0.05238554387091182,0.0011889161663444536,-1809.8046884581565,False
11,moderate,66,residual_horizon_nmpc_gain_2,2.0,71.5,0.21111917574901887,0.045906751790220704,3.611989861677491,0.21101677208487238,0.04713818203526693,3.6109495162349377,0.2799769590192044,-0.0024099511718750355,-0.029359215087890647,0.20997695901920438,0.3499769590192044,-0.08,0.08,-0.06885778327018552,0.04831670296209574,3.6413490767653816,0.0016572226469838709,0.0033144452939677417,not_applicable,0.0,,False,-3278.0633190710955,-0.07185437746571545,0.5826805486237413,0.09589714984601626,0.09589714984601626,0.09585561919058051,0.09585561919058051,0.0016246142831350119,False,False,65596.1177368164,4619.157171213474,15.654550417888743,7.481934158673596e-05,798.1956671419734,1.1271201633807792,1.057845439337298,0.8291739104917131,1.0497015221724948,0.165381683907133,1.0,0.00030848479803221776,0.0006562873235056894,0.001380134036191736,-0.02273632069936974,0.05238554387091182,0.0011889161663444536,-1809.8046884581565,False
11,moderate,66,residual_horizon_nmpc_gain_2,2.0,72.0,0.21084794604582768,0.04584121067532634,3.6349268506117522,0.21105472257477376,0.04595046760358857,3.6357107972113067,0.28,-0.002413093261718735,-0.030565000000000023,0.21000000000000002,0.35000000000000003,-0.08,0.08,-0.06915205395417234,0.04825430393704507,3.6654918506117524,0.0016810519190745327,0.0033621038381490653,Solve_Succeeded,0.04782274999888614,3391.4976057152735,False,-3308.082471420621,-0.0717456635408351,0.5849809489018909,0.1154038323491676,0.09589714984601626,0.09589512979566597,0.09589512979566597,7.90212101709209e-05,False,False,65415.25,4603.553005925993,15.60166713568647,7.698399018669652e-05,815.7493151298276,1.1271201633807792,1.057845439337298,0.8291739104917131,1.0497015221724948,0.165381683907133,1.0,0.00030848479803221776,0.0006562873235056894,0.001380134036191736,-0.02273632069936974,0.05238554387091182,0.0011889161663444536,-1809.8046884581565,False
11,moderate,66,residual_horizon_nmpc_gain_2,2.0,72.5,0.21057379209814994,0.04577506982519958,3.6578309190007356,0.21043089062320025,0.04536451806159538,3.658073920470838,0.2799884221215252,-0.0024160449218749713,-0.03177230834960938,0.2099884221215252,0.3499884221215252,-0.08,0.08,-0.06941463002337525,0.04819111474707455,3.689603227350345,0.0017004101691798293,0.0034008203383596586,not_applicable,0.0,,False,-3338.607877313696,-0.0716311143612165,0.5872873316769143,0.1154038323491676,0.09589714984601626,0.09589705159080274,0.09589705159080274,3.843590273527875e-06,False,False,65234.153747558594,4587.949724310893,15.548786848293275,7.921412009031595e-05,833.7002027292672,1.1271201633807792,1.057845439337298,0.8291739104917131,1.0497015221724948,0.165381683907133,1.0,0.00030848479803221776,0.0006562873235056894,0.001380134036191736,-0.02273632069936974,0.05238554387091182,0.0011889161663444536,-1809.8046884581565,False
11,moderate,66,residual_horizon_nmpc_gain_2,2.0,73.0,0.2102967321108215,0.04570831913191741,3.680701764448408,0.21079993022311028,0.044600704162032045,3.6835037345656194,0.27995386457550714,-0.0024188061523437304,-0.032981044921874994,0.20995386457550713,0.34995386457550715,-0.08,0.08,-0.06965713246468563,0.04812712528426114,3.713682809370283,0.0017250314605962817,0.0034500629211925635,not_applicable,0.0,,False,-3425.1587429473147,-0.07405589901563639,0.5895995304798856,0.1154038323491676,0.1154038323491676,0.11445502287601036,0.11445502287601036,0.037115942570415256,False,False,65052.84326171875,4572.348447143617,15.49591335407216,8.151160768603229e-05,852.055927916825,1.1271201633807792,1.057845439337298,0.8291739104917131,1.0497015221724948,0.165381683907133,1.0,0.00030848479803221776,0.0006562873235056894,0.001380134036191736,-0.02273632069936974,0.05238554387091182,0.0011889161663444536,-1809.8046884581565,False
11,moderate,66,residual_horizon_nmpc_gain_2,2.0,73.5,0.2100165099111202,0.04563983811925213,3.7035388019108373,0.20985040609634278,0.04599375979778312,3.7039371016563694,0.2798965914960556,-0.002421376953125026,-0.03419111450195311,0.2098965914960556,0.3498965914960556,-0.08,0.08,-0.06988008158493542,0.04806121507237716,3.7377299164127904,0.001743564814716464,0.003487129629432928,not_applicable,0.0,,False,-3461.13358704567,-0.07407354719125302,0.5919173776928992,0.1154038323491676,0.1154038323491676,0.11535768227307332,0.11535768227307332,0.0018053187941259041,False,False,64871.33282470703,4556.750292123559,15.44305044096124,8.387837515863541e-05,870.8241679654816,1.1271201633807792,1.057845439337298,0.8291739104917131,1.0497015221724948,0.165381683907133,1.0,0.00030848479803221776,0.0006562873235056894,0.001380134036191736,-0.02273632069936974,0.05238554387091182,0.0011889161663444536,-1809.8046884581565,False
11,moderate,66,residual_horizon_nmpc_gain_2,2.0,74.0,0.209732879491392,0.04557063835418838,3.7263414191167366,0.21052384697684448,0.044370839358232904,3.723053019797463,0.27981686701728026,-0.0024237573242187754,-0.03540242187500002,0.20981686701728025,0.34981686701728026,-0.08,0.08,-0.07008398752588826,0.04799439567840715,3.7617438409917368,0.0017631272283814324,0.003526254456762865,Solve_Succeeded,0.05157133296597749,3536.579915959463,False,-3495.224950457211,-0.0739727991245228,0.5942407045472012,0.13704528632943647,0.1154038323491676,0.11540158761027769,0.11540158761027769,8.78106744087448e-05,False,False,64689.63671875,4541.156373909807,15.390201886594888,8.631639113562685e-05,890.0126771397578,1.1271201633807792,1.057845439337298,0.8291739104917131,1.0497015221724948,0.165381683907133,1.0,0.00030848479803221776,0.0006562873235056894,0.001380134036191736,-0.02273632069936974,0.05238554387091182,0.0011889161663444536,-1809.8046884581565,False
11,moderate,66,residual_horizon_nmpc_gain_2,2.0,74.5,0.2094458646409018,0.04550075752632108,3.749109266110657,0.20924171416636014,0.04436871999350363,3.7477577282402095,0.27971495527329077,-0.002425947265624978,-0.03661487182617189,0.20971495527329076,0.3497149552732908,-0.08,0.08,-0.07026909063238895,0.04792670479194606,3.7857241379368287,0.0017848682164783667,0.0035697364329567334,not_applicable,0.0,,False,-3529.872822151644,-0.0738654335761312,0.5965693411216009,0.13704528632943647,0.1154038323491676,0.11540372316510746,0.11540372316510746,4.271109659531591e-06,False,False,64507.76922607422,4525.567804156212,15.337371458422572,8.882767131531593e-05,909.6292842192645,1.1271201633807792,1.057845439337298,0.8291739104917131,1.0497015221724948,0.165381683907133,1.0,0.00030848479803221776,0.0006562873235056894,0.001380134036191736,-0.02273632069936974,0.05238554387091182,0.0011889161663444536,-1809.8046884581565,False
11,moderate,66,residual_horizon_nmpc_gain_2,2.0,75.0,0.20915549275121306,0.04543018452528486,3.7718419995819454,0.20970169583142004,0.04543926393116098,3.770628168506798,0.2795911203981969,-0.0024279467773437313,-0.037828369140625,0.20959112039819688,0.3495911203981969,-0.08,0.08,-0.07043562764698383,0.047858131302628594,3.8096703687225704,0.0018075067111138158,0.0036150134222276316,not_applicable,0.0,,False,-3633.3431394483973,-0.07661972500467026,0.598903116341161,0.13704528632943647,0.13704528632943647,0.13599264107758266,0.13599264107758266,0.04117783582495041,False,False,64325.74462890625,4509.985691545775,15.284562913825413,9.14142790746381e-05,929.681889845786,1.1271201633807792,1.057845439337298,0.8291739104917131,1.0497015221724948,0.165381683907133,1.0,0.00030848479803221776,0.0006562873235056894,0.001380134036191736,-0.02273632069936974,0.05238554387091182,0.0011889161663444536,-1809.8046884581565,False
11,moderate,66,residual_horizon_nmpc_gain_2,2.0,75.5,0.20886145394442027,0.045357542943024604,3.7945389293378646,0.2085957027268486,0.04461595550402984,3.7942144576180494,0.2794456265261082,-0.0024297558593749935,-0.03904281860351562,0.2094456265261082,0.3494456265261082,-0.08,0.08,-0.07058417258168795,0.0477872988023996,3.83358174794138,0.0018301892315555138,0.0036603784631110275,not_applicable,0.0,,False,-3674.5550646586526,-0.07666118982273006,0.6012418579761649,0.13704528632943647,0.13704528632943647,0.13699408568289181,0.13699408568289181,0.0020028892106183083,False,False,64143.577209472656,4494.411141824394,15.231780000230545,9.407832605458496e-05,950.1784636889923,1.1271201633807792,1.057845439337298,0.8291739104917131,1.0497015221724948,0.165381683907133,1.0,0.00030848479803221776,0.0006562873235056894,0.001380134036191736,-0.02273632069936974,0.05238554387091182,0.0011889161663444536,-1809.8046884581565,False
11,moderate,66,residual_horizon_nmpc_gain_2,2.0,76.0,0.2085634509565283,0.045284078006263606,3.8171993323902957,0.20859498761768708,0.044546537265918104,3.8167247829867064,0.2792787377911345,-0.0024313745117187785,-0.04025812499999999,0.20927873779113448,0.3492787377911345,-0.08,0.08,-0.07071528683460618,0.047715452517982385,3.8574574573902956,0.0018534729585281448,0.0037069459170562895,Solve_Succeeded,0.04967554099857807,5617.893526328005,False,-3713.3797014252414,-0.07656917763802176,0.6035853926413581,0.1610446978678579,0.13704528632943647,0.13704279593088864,0.13704279593088864,9.742049599364977e-05,False,False,63961.28125,4478.845257833978,15.179026455223338,9.682197272104423e-05,971.1270414259062,1.1271201633807792,1.057845439337298,0.8291739104917131,1.0497015221724948,0.165381683907133,1.0,0.00030848479803221776,0.0006562873235056894,0.001380134036191736,-0.02273632069936974,0.05238554387091182,0.0011889161663444536,-1809.8046884581565,False
11,moderate,66,residual_horizon_nmpc_gain_2,2.0,76.5,0.20826151839157764,0.04520983748402218,3.839822809002329,0.20826622324534746,0.045399020278953046,3.839986199755224,0.27909071832738547,-0.002432802734375031,-0.0414741931152344,0.20909071832738546,0.3490907183273855,-0.08,0.08,-0.07082919993580783,0.04764264021839721,3.8812970021175635,0.0018739935571855468,0.0037479871143710937,not_applicable,0.0,,False,-3752.815716767083,-0.07646965912357569,0.6059335457954627,0.1610446978678579,0.13704528632943647,0.13704516519649487,0.13704516519649487,4.738531212467034e-06,False,False,63778.871032714844,4463.289139544943,15.126306006657531,9.964742889875098e-05,992.5357215292951,1.1271201633807792,1.057845439337298,0.8291739104917131,1.0497015221724948,0.165381683907133,1.0,0.00030848479803221776,0.0006562873235056894,0.001380134036191736,-0.02273632069936974,0.05238554387091182,0.0011889161663444536,-1809.8046884581565,False
11,moderate,66,residual_horizon_nmpc_gain_2,2.0,77.0,0.2079556954079706,0.04513480917161682,3.862408968328134,0.20741941806022857,0.044627843334541076,3.861351605157011,0.27888183226897073,-0.0024340405273437365,-0.04269092773437502,0.20888183226897072,0.34888183226897074,-0.08,0.08,-0.07092613686100013,0.04756884969896056,3.905099896062509,0.0018965452906117234,0.003793090581223447,not_applicable,0.0,,False,-3876.759252158703,-0.07959326187480144,0.6082861417409636,0.1610446978678579,0.1610446978678579,0.15987736102063513,0.15987736102063513,0.04566439164828051,False,False,63596.36083984375,4447.743884088104,15.073622372763316,0.0001025569542759525,1014.4126618601911,1.1271201633807792,1.057845439337298,0.8291739104917131,1.0497015221724948,0.165381683907133,1.0,0.00030848479803221776,0.0006562873235056894,0.001380134036191736,-0.02273632069936974,0.05238554387091182,0.0011889161663444536,-1809.8046884581565,False
11,moderate,66,residual_horizon_nmpc_gain_2,2.0,77.5,0.2076456067874315,0.045057302969568024,3.8849569939425335,0.20787262641555396,0.045204673114167815,3.8828480545992443,0.27865234375000003,-0.002435087890624979,-0.043908233642578134,0.20865234375000002,0.34865234375000004,-0.08,0.08,-0.07100673696256854,0.047492390860193,3.9288652275851117,0.0019175256958257683,0.0038350513916515366,not_applicable,0.0,,False,-3924.1085623340305,-0.07966116656435737,0.610643003624165,0.1610446978678579,0.1610446978678579,0.1609879186241308,0.1609879186241308,0.0022211152069913642,False,False,63413.76495361328,4432.210585785984,15.020979262253448,0.00010555285887729259,1036.7660760598176,1.1271201633807792,1.057845439337298,0.8291739104917131,1.0497015221724948,0.165381683907133,1.0,0.00030848479803221776,0.0006562873235056894,0.001380134036191736,-0.02273632069936974,0.05238554387091182,0.0011889161663444536,-1809.8046884581565,True
11,moderate,66,residual_horizon_nmpc_gain_2,2.0,78.0,0.20733089295846258,0.044978850837214875,3.907466029885267,0.2073530469923468,0.04586504539721525,3.9083256098927084,0.27840251690458306,-0.0024359448242187165,-0.045126015625,0.20840251690458306,0.34840251690458307,-0.08,0.08,-0.07107162394612049,0.04741479566143359,3.952592045510267,0.0019445466920669614,0.0038890933841339227,Solve_Succeeded,0.05876354099018499,12953.643394044562,False,-3968.444940454535,-0.0795786601046266,0.6130039534355131,0.1875908661178425,0.1610446978678579,0.16104193612644122,0.16104193612644122,0.00010803500462081006,False,False,63231.09765625,4416.690336183554,14.968380374427417,0.00010863750350232013,1059.6042297362853,1.1271201633807792,1.057845439337298,0.8291739104917131,1.0497015221724948,0.165381683907133,1.0,0.00030848479803221776,0.0006562873235056894,0.001380134036191736,-0.02273632069936974,0.05238554387091182,0.0011889161663444536,-1809.8046884581565,True
11,moderate,66,residual_horizon_nmpc_gain_2,2.0,78.5,0.20701160236153734,0.044899513060299344,3.9299356182603904,0.20723291311697786,0.04644189192868878,3.9313622903782943,0.27813261586682947,-0.0024366113281250323,-0.04634417846679685,0.20813261586682946,0.3481326158668295,-0.08,0.08,-0.07112101350529212,0.047336124388424376,3.9762797967271872,0.0019651872760365757,0.0039303745520731515,not_applicable,0.0,,False,-4013.4519529980716,-0.07948762998646433,0.6153688120101857,0.1875908661178425,0.1610446978678579,0.16104456353680396,0.16104456353680396,5.254820725497655e-06,False,False,63048.37322998047,4401.184224078418,14.91582939927376,0.00011181330012692427,1082.9354364414773,1.1271201633807792,1.057845439337298,0.8291739104917131,1.0497015221724948,0.165381683907133,1.0,0.00030848479803221776,0.0006562873235056894,0.001380134036191736,-0.02273632069936974,0.05238554387091182,0.0011889161663444536,-1809.8046884581565,True
11,moderate,66,residual_horizon_nmpc_gain_2,2.0,79.0,0.2066877891741955,0.04481927625260663,3.952365312896847,0.20677376169329023,0.044440708507170246,3.9524233273024008,0.277842904770849,-0.002437087402343774,-0.047562626953125034,0.207842904770849,0.347842904770849,-0.08,0.08,-0.0711551155966535,0.0472563636549504,3.999927939849972,0.0019887381010341067,0.0039774762020682135,not_applicable,0.0,,False,-4161.949193780461,-0.08301707340946793,0.6177373990289489,0.1875908661178425,0.1875908661178425,0.18629965442698537,0.18629965442698537,0.05051018178036282,False,False,62865.60595703125,4385.6933355504425,14.863330017570455,0.0001150827122648945,1106.7680534336173,1.1271201633807792,1.057845439337298,0.8291739104917131,1.0497015221724948,0.165381683907133,1.0,0.00030848479803221776,0.0006562873235056894,0.001380134036191736,-0.02273632069936974,0.05238554387091182,0.0011889161663444536,-1809.8046884581565,True
11,moderate,66,residual_horizon_nmpc_gain_2,2.0,79.5,0.2063589998312281,0.044736070673286346,3.974754146837419,0.20589456537769696,0.04556013656076653,3.975593425319881,0.27753364775075134,-0.002437373046874969,-0.048781265869140625,0.20753364775075134,0.34753364775075135,-0.08,0.08,-0.07117464791952324,0.047173443720161315,4.0235354127065595,0.00201186534942498,0.00402373069884996,not_applicable,0.0,,False,-4216.484221680183,-0.08311382589032264,0.6201095330192727,0.1875908661178425,0.1875908661178425,0.18752806160389876,0.18752806160389876,0.002456814353826775,False,False,62682.810119628906,4370.218753990877,14.810885900983639,0.00011844825528670852,1131.1104772212339,1.1271201633807792,1.057845439337298,0.8291739104917131,1.0497015221724948,0.165381683907133,1.0,0.00030848479803221776,0.0006562873235056894,0.001380134036191736,-0.02273632069936974,0.05238554387091182,0.0011889161663444536,-1809.8046884581565,True
11,moderate,66,residual_horizon_nmpc_gain_2,2.0,80.0,0.2060248000967205,0.044651775661963246,3.997101105524535,0.2060016561515222,0.04436507288882267,3.9972901516329413,0.27720510894064615,-0.002437468261718756,-0.05,0.20720510894064614,0.34720510894064616,-0.08,0.08,-0.07118030884392565,0.047089243923682,4.047101105524535,0.002036737978066368,0.004073475956132736,Solve_Succeeded,0.05219404201488942,14587.271761417767,False,-4267.240925528688,-0.08304152221587938,0.6224850313567132,0.2169173966750075,0.1875908661178425,0.18758781130738839,0.18758781130738839,0.00011949940697925099,False,False,62500.0,4354.761560130941,14.758500712164466,0.00012191249669253539,1155.9711388841995,1.1271201633807792,1.057845439337298,0.8291739104917131,1.0497015221724948,0.165381683907133,1.0,0.00030848479803221776,0.0006562873235056894,0.001380134036191736,-0.02273632069936974,0.05238554387091182,0.0011889161663444536,-1809.8046884581565,True
11,moderate,66,residual_horizon_nmpc_gain_2,2.0,80.5,0.20568525594628942,0.04456646681674279,4.019405663139127,0.20543664965815128,0.043637273766296364,4.017780742292222,0.27685755247464316,-0.0024373730468749966,-0.05121873413085938,0.20685755247464316,0.34685755247464317,-0.08,0.08,-0.07117229652835375,0.04700383986361779,4.070624397269986,0.0020552843348206357,0.0041105686696412715,not_applicable,0.0,,False,-4318.731879074496,-0.08295954907210043,0.6248637102665509,0.2169173966750075,0.1875908661178425,0.18759071753191572,0.18759071753191572,5.812449054676261e-06,False,False,62317.189880371094,4339.322832069908,14.706178104844305,0.00012547805633634539,1181.3584991677603,1.1271201633807792,1.057845439337298,0.8291739104917131,1.0497015221724948,0.165381683907133,1.0,0.00030848479803221776,0.0006562873235056894,0.001380134036191736,-0.02273632069936974,0.05238554387091182,0.0011889161663444536,-1809.8046884581565,True
11,moderate,66,residual_horizon_nmpc_gain_2,2.0,81.0,0.20534044051885905,0.044480129483258884,4.041667309098082,0.20537809735358759,0.044585942613935926,4.042499144514827,0.27649124248685203,-0.002437087402343746,-0.052437373046875,0.20649124248685202,0.34649124248685204,-0.08,0.08,-0.07115080196799298,0.04691721688560263,4.094104682144956,0.0020828582413911396,0.004165716482782279,not_applicable,0.0,,False,-4496.766891037911,-0.08693871374589535,0.6272453848256894,0.2169173966750075,0.2169173966750075,0.21549094751705117,0.21549094751705117,0.05580045997027089,False,False,62134.39404296875,4323.90364530272,14.653921723928308,0.00012914760659791312,1207.2810433456307,1.1271201633807792,1.057845439337298,0.8291739104917131,1.0497015221724948,0.165381683907133,1.0,0.00030848479803221776,0.0006562873235056894,0.001380134036191736,-0.02273632069936974,0.05238554387091182,0.0011889161663444536,-1809.8046884581565,True
11,moderate,66,residual_horizon_nmpc_gain_2,2.0,81.5,0.20498980578451975,0.04439023286037932,4.063884896448577,0.20477726400417812,0.04360093502582355,4.064130245510242,0.27610644311138244,-0.0024366113281250046,-0.05365582153320313,0.20610644311138243,0.34610644311138244,-0.08,0.08,-0.07111663732686269,0.04682684418850432,4.117540717981781,0.002105613083746953,0.004211226167493906,not_applicable,0.0,,False,-4559.723275683208,-0.08706701681640636,0.6296298689648132,0.2169173966750075,0.2169173966750075,0.2168480142130415,0.2168480142130415,0.0027141333919806776,False,False,61951.62677001953,4308.505072747086,14.601735205587266,0.00013292387249939108,1233.7472758482895,1.1271201633807792,1.057845439337298,0.8291739104917131,1.0497015221724948,0.165381683907133,1.0,0.00030848479803221776,0.0006562873235056894,0.001380134036191736,-0.02273632069936974,0.05238554387091182,0.0011889161663444536,-1809.8046884581565,True
11,moderate,66,residual_horizon_nmpc_gain_2,2.0,82.0,0.20463282755797993,0.04429907864252271,4.086057220961073,0.20378892728413375,0.04451475875212236,4.085444683428123,0.27570341848234414,-0.0024359448242187443,-0.054873984375000004,0.20570341848234414,0.34570341848234415,-0.08,0.08,-0.07107059092436421,0.04673502346674145,4.140931205336073,0.0021307083524980982,0.0042614167049961965,Solve_Succeeded,0.08349650003947318,22851.478056943328,False,-4617.961373243093,-0.08700555481841511,0.6320169754707983,0.2492673731312918,0.2169173966750075,0.21691402191327722,0.21691402191327722,0.00013201540047141913,False,False,61768.90234375,4293.128184770147,14.549622177347963,0.0001368096317630312,1260.7657146529043,1.1271201633807792,1.057845439337298,0.8291739104917131,1.0497015221724948,0.165381683907133,1.0,0.00030848479803221776,0.0006562873235056894,0.001380134036191736,-0.02273632069936974,0.05238554387091182,0.0011889161663444536,-1809.8046884581565,True
11,moderate,66,residual_horizon_nmpc_gain_2,2.0,82.5,0.2042695939231639,0.044206761232358,4.1081836774357265,0.2046079619682255,0.04275279427499637,4.106353742071144,0.2752824327338468,-0.0024350878906250206,-0.05609176635742187,0.20528243273384678,0.3452824327338468,-0.08,0.08,-0.07101283881068288,0.04664184912298302,4.164275443793149,0.002149988884806704,0.004299977769613408,not_applicable,0.0,,False,-4677.000714741909,-0.0869331232988941,0.6344065159893799,0.2492673731312918,0.2169173966750075,0.21691723252665626,0.21691723252665626,6.421226758090981e-06,False,False,61586.23504638672,4277.774049214653,14.497586258181908,0.00014080771480652735,1288.344885431418,1.1271201633807792,1.057845439337298,0.8291739104917131,1.0497015221724948,0.165381683907133,1.0,0.00030848479803221776,0.0006562873235056894,0.001380134036191736,-0.02273632069936974,0.05238554387091182,0.0011889161663444536,-1809.8046884581565,True
11,moderate,66,residual_horizon_nmpc_gain_2,2.0,83.0,0.20390020187261568,0.04411326464042141,4.130263680276041,0.204020424125693,0.043880122571921226,4.1305154888034155,0.27484375,-0.0024340405273437504,-0.057309072265625025,0.20484375,0.34484375,-0.08,0.08,-0.07094354812738432,0.04654730516776516,4.187572752541666,0.002178140655028332,0.004356281310056664,not_applicable,0.0,,False,-4890.478971783563,-0.09140862150973722,0.6367983010280722,0.2492673731312918,0.2492673731312918,0.2476938628609985,0.2476938628609985,0.061553260668684495,False,False,61403.63916015625,4262.443731424724,14.445631058592618,0.0001449210046723514,1316.4933154536159,1.1271201633807792,1.057845439337298,0.8291739104917131,1.0497015221724948,0.165381683907133,1.0,0.00030848479803221776,0.0006562873235056894,0.001380134036191736,-0.02273632069936974,0.05238554387091182,0.0011889161663444536,-1809.8046884581565,False
11,moderate,66,residual_horizon_nmpc_gain_2,2.0,83.5,0.20352398993743717,0.04401550018924783,4.152295867711056,0.20318076070656854,0.043681683633109925,4.152327243105402,0.27438763441491365,-0.002432802734374989,-0.05852580688476562,0.20438763441491364,0.34438763441491366,-0.08,0.08,-0.07086364447747648,0.04644830292362282,4.210821674595822,0.0022015111400792084,0.004403022280158417,not_applicable,0.0,,False,-4963.2993255166875,-0.09157121329679352,0.6391921399593407,0.2492673731312918,0.2492673731312918,0.24919083761940708,0.24919083761940708,0.0029939495168171404,False,False,61221.128967285156,4247.138294271152,14.393760180701383,0.00014915243688734778,1345.2195272421088,1.1271201633807792,1.057845439337298,0.8291739104917131,1.0497015221724948,0.165381683907133,1.0,0.00030848479803221776,0.0006562873235056894,0.001380134036191736,-0.02273632069936974,0.05238554387091182,0.0011889161663444536,-1809.8046884581565,False
11,moderate,66,residual_horizon_nmpc_gain_2,2.0,84.0,0.20314032600600945,0.04391628119293381,4.174278809128943,0.20279320935653256,0.04442496092485412,4.1737757081280975,0.27391435011269727,-0.002431374511718737,-0.059741875000000014,0.20391435011269726,0.3439143501126973,-0.08,0.08,-0.07077402410668782,0.046347655704652546,4.234020684128943,0.0022280825819587114,0.004456165163917423,Solve_Succeeded,0.06168491701828316,32516.42447139549,False,-5030.25189422994,-0.09152112577148722,0.6415878410240256,0.2848862393933896,0.2492673731312918,0.2492636504453392,0.2492636504453392,0.00014562565186426735,False,False,61038.71875,4231.858798176278,14.341977218331582,0.00015350499924876072,1374.5320319765126,1.1271201633807792,1.057845439337298,0.8291739104917131,1.0497015221724948,0.165381683907133,1.0,0.00030848479803221776,0.0006562873235056894,0.001380134036191736,-0.02273632069936974,0.05238554387091182,0.0011889161663444536,-1809.8046884581565,False
11,moderate,66,residual_horizon_nmpc_gain_2,2.0,84.5,0.20274932592187495,0.04381572505029344,4.196211806603318,0.20335516157421069,0.043747306290392404,4.196934213565224,0.2734241612274606,-0.0024297558593749935,-0.06095718139648436,0.2034241612274606,0.3434241612274606,-0.08,0.08,-0.07067483530558566,0.046245480909668436,4.257168987999803,0.0022493785041445453,0.004498757008289091,not_applicable,0.0,,False,-5098.074795653508,-0.09145859774167692,0.6439852113350127,0.2848862393933896,0.2492673731312918,0.24926719205991252,0.24926719205991252,7.0832291466094155e-06,False,False,60856.422790527344,4216.606301138476,14.290285757091644,0.00015798173153276575,1404.439322644302,1.1271201633807792,1.057845439337298,0.8291739104917131,1.0497015221724948,0.165381683907133,1.0,0.00030848479803221776,0.0006562873235056894,0.001380134036191736,-0.02273632069936974,0.05238554387091182,0.0011889161663444536,-1809.8046884581565,False
11,moderate,66,residual_horizon_nmpc_gain_2,2.0,85.0,0.2023511165580149,0.04371381439556299,4.2180941872161375,0.20248411110749642,0.04360218235553398,4.2190947774007554,0.27291733189331335,-0.002427946777343787,-0.06217163085937501,0.20291733189331335,0.34291733189331336,-0.08,0.08,-0.07056621533529844,0.046141761172906776,4.280265818075512,0.002277015568404501,0.004554031136809002,not_applicable,0.0,,False,-5353.925304976828,-0.09647877934465113,0.6463840568811571,0.2848862393933896,0.2848862393933896,0.2831537295572729,0.2831537295572729,0.0677730749947208,False,False,60674.25537109375,4201.381858756196,14.238689374456536,0.00016258572512148077,1434.9498669360596,1.1271201633807792,1.057845439337298,0.8291739104917131,1.0497015221724948,0.165381683907133,1.0,0.00030848479803221776,0.0006562873235056894,0.001380134036191736,-0.02273632069936974,0.05238554387091182,0.0011889161663444536,-1809.8046884581565,False
11,moderate,66,residual_horizon_nmpc_gain_2,2.0,85.5,0.20194490094280343,0.04360678880390659,4.239924333591487,0.20242574957741122,0.0439218379361943,4.240625797749521,0.27239412624436515,-0.002425947265624978,-0.06338512817382815,0.20239412624436515,0.34239412624436516,-0.08,0.08,-0.07044922530156172,0.046032736069531566,4.303309461765315,0.0023006087215602447,0.004601217443120489,not_applicable,0.0,,False,-5438.282594401574,-0.09667834086209354,0.6487841825314473,0.2848862393933896,0.2848862393933896,0.2848019701454184,0.2848019701454184,0.0032964811762909996,False,False,60492.23077392578,4186.186524251644,14.187191639848015,0.00016732012254434483,1466.0720998832153,1.1271201633807792,1.057845439337298,0.8291739104917131,1.0497015221724948,0.165381683907133,1.0,0.00030848479803221776,0.0006562873235056894,0.001380134036191736,-0.02273632069936974,0.05238554387091182,0.0011889161663444536,-1809.8046884581565,False
11,moderate,66,residual_horizon_nmpc_gain_2,2.0,86.0,0.201529918155188,0.043498078339641116,4.261700545763328,0.20158658338947114,0.044221740805603975,4.26131860100592,0.2718548084147258,-0.002423757324218734,-0.06459757812499999,0.2018548084147258,0.3418548084147258,-0.08,0.08,-0.07032489025953781,0.04592183566385985,4.3262981238883285,0.0023278745973327347,0.004655749194665469,Solve_Succeeded,0.0656247500446625,44222.59282213331,False,-5515.37377308733,-0.09664000479580477,0.651185392039422,0.3240279373452363,0.2848862393933896,0.28488214053864974,0.28488214053864974,0.00016034078646265382,False,False,60310.36328125,4171.021348494046,14.13579611471348,0.00017218811692965851,1497.8144162365643,1.1271201633807792,1.057845439337298,0.8291739104917131,1.0497015221724948,0.165381683907133,1.0,0.00030848479803221776,0.0006562873235056894,0.001380134036191736,-0.02273632069936974,0.05238554387091182,0.0011889161663444536,-1809.8046884581565,False
11,moderate,66,residual_horizon_nmpc_gain_2,2.0,86.5,0.20110631872291376,0.04338782837526362,4.283422017634392,0.2010868441301692,0.04264216901366898,4.284175369743848,0.2712996425385049,-0.0024213769531249985,-0.06580888549804688,0.2012996425385049,0.3412996425385049,-0.08,0.08,-0.07019332381559115,0.04580920532838862,4.3492309031324385,0.002348835181629573,0.004697670363259146,not_applicable,0.0,,False,-5593.404487565499,-0.09658757042384572,0.6535874880478271,0.3240279373452363,0.2848862393933896,0.2848860400251671,0.2848860400251671,7.798973034711665e-06,False,False,60128.66717529297,4155.887380022547,14.084506352603574,0.00017719295136199724,1530.1851625842553,1.1271201633807792,1.057845439337298,0.8291739104917131,1.0497015221724948,0.165381683907133,1.0,0.00030848479803221776,0.0006562873235056894,0.001380134036191736,-0.02273632069936974,0.05238554387091182,0.0011889161663444536,-1809.8046884581565,False
11,moderate,66,residual_horizon_nmpc_gain_2,2.0,87.0,0.20067426675907143,0.043276020167148335,4.305087974764749,0.20049437199860606,0.043700938582241604,4.30491995491878,0.2707288927498122,-0.0024188061523437443,-0.06701895507812498,0.2007288927498122,0.3407288927498122,-0.08,0.08,-0.07005462599074078,0.04569482631949208,4.372106929842874,0.00237601102624045,0.0047520220524809,not_applicable,0.0,,False,-5899.751150019922,-0.10220335655988644,0.6559902720935179,0.3240279373452363,0.3240279373452363,0.32212407614770355,0.32212407614770355,0.07447607224507291,False,False,59947.15673828125,4140.785665068743,14.033325899248526,0.00018233791814112752,1563.1926292082433,1.1271201633807792,1.057845439337298,0.8291739104917131,1.0497015221724948,0.165381683907133,1.0,0.00030848479803221776,0.0006562873235056894,0.001380134036191736,-0.02273632069936974,0.05238554387091182,0.0011889161663444536,-1809.8046884581565,False
11,moderate,66,residual_horizon_nmpc_gain_2,2.0,87.5,0.20023280407925917,0.043158087557267986,4.326696496475594,0.20059139077540794,0.042829944534672426,4.328465648660493,0.27014282318275734,-0.0024160449218750546,-0.06822769165039062,0.20014282318275733,0.34014282318275735,-0.08,0.08,-0.06991001910349817,0.04557413247914304,4.394924188125985,0.0024027124227568586,0.004805424845513717,not_applicable,0.0,,False,-5997.575738621248,-0.10244250530098038,0.6583935446126042,0.3240279373452363,0.3240279373452363,0.32393533357005827,0.32393533357005827,0.0036225148447094346,False,False,59765.846252441406,4125.717247578832,13.982258292633263,0.00018762635793797625,1596.8450416785176,1.1271201633807792,1.057845439337298,0.8291739104917131,1.0497015221724948,0.165381683907133,1.0,0.00030848479803221776,0.0006562873235056894,0.001380134036191736,-0.02273632069936974,0.05238554387091182,0.0011889161663444536,-1809.8046884581565,False
11,moderate,66,residual_horizon_nmpc_gain_2,2.0,88.0,0.19978101664978035,0.04303820124324008,4.348245563223067,0.1996147526906166,0.04367867654389255,4.347896807117238,0.26954169797145006,-0.002413093261718763,-0.06943500000000004,0.19954169797145005,0.33954169797145006,-0.08,0.08,-0.06976068132166971,0.04545129450495884,4.417680563223067,0.0024277103688147396,0.004855420737629479,Solve_Succeeded,0.05608120799297467,56231.00979312205,False,-6086.439991570865,-0.10241609292537374,0.6607971049458362,0.3500000098695046,0.3240279373452363,0.32402343309923964,0.32402343309923964,0.00017619905836274707,False,False,59584.75,4110.6831692354335,13.931307063071314,0.00019306165884313745,1631.1505521848683,1.1271201633807792,1.057845439337298,0.8291739104917131,1.0497015221724948,0.165381683907133,1.0,0.00030848479803221776,0.0006562873235056894,0.001380134036191736,-0.02273632069936974,0.05238554387091182,0.0011889161663444536,-1809.8046884581565,False
11,moderate,66,residual_horizon_nmpc_gain_2,2.0,88.5,0.1993190981284603,0.0429165404902895,4.369734242966661,0.19927254161662442,0.04317001857981265,4.370551873450579,0.26892578125000005,-0.00240995117187498,-0.07064078491210939,0.19892578125000004,0.33892578125000006,-0.08,0.08,-0.06960668312153975,0.04532649166216448,4.440375027878771,0.0024500774787008925,0.004900154957401785,not_applicable,0.0,,False,-6176.310053349688,-0.10237371817708843,0.6632007513442304,0.3500000098695046,0.3240279373452363,0.32402771825879023,0.32402771825879023,8.57031910117545e-06,False,False,59403.882263183594,4095.6844694790416,13.880475733277544,0.00019864725530333027,1666.1172306062515,1.1271201633807792,1.057845439337298,0.8291739104917131,1.0497015221724948,0.165381683907133,1.0,0.00030848479803221776,0.0006562873235056894,0.001380134036191736,-0.02273632069936974,0.05238554387091182,0.0011889161663444536,-1809.8046884581565,False
11,moderate,66,residual_horizon_nmpc_gain_2,2.0,89.0,0.1988472588244825,0.042793085236250805,4.391161643466819,0.19920645666524658,0.042363624865445725,4.391937966059573,0.2682953371525169,-0.0024066186523437616,-0.07184495117187502,0.1982953371525169,0.3382953371525169,-0.08,0.08,-0.0694480783280344,0.04519970388859457,4.463006594638694,0.0024777436728162724,0.004955487345632545,not_applicable,0.0,,False,-6434.039844565929,-0.106145944748533,0.6656042809749362,0.3500000098695046,0.3500000098695046,0.3487367180621529,0.3487367180621529,0.04941799960672533,False,False,59223.25732421875,4080.722185529149,13.829767818439732,0.0002043866269411626,1701.7530553182658,1.1271201633807792,1.057845439337298,0.8291739104917131,1.0497015221724948,0.165381683907133,1.0,0.00030848479803221776,0.0006562873235056894,0.001380134036191736,-0.02273632069936974,0.05238554387091182,0.0011889161663444536,-1809.8046884581565,False
11,moderate,66,residual_horizon_nmpc_gain_2,2.0,89.5,0.19836487313223583,0.04266447843300518,4.412526028195541,0.1984819176784268,0.04228251817359874,4.410191161122184,0.2676506298131105,-0.0024030957031249967,-0.07304740356445315,0.1976506298131105,0.3376506298131105,-0.08,0.08,-0.06928575668087467,0.045067574136130176,4.485573431759994,0.0024988535849483186,0.004997707169896637,not_applicable,0.0,,False,-6539.421445495042,-0.10629669115206793,0.6680074899273395,0.3500000098695046,0.3500000098695046,0.34993856337820367,0.34993856337820367,0.0024036906321015516,False,False,59042.88946533203,4065.797352405041,13.779186826289047,0.0002102832972535052,1738.0659037396492,1.1271201633807792,1.057845439337298,0.8291739104917131,1.0497015221724948,0.165381683907133,1.0,0.00030848479803221776,0.0006562873235056894,0.001380134036191736,-0.02273632069936974,0.05238554387091182,0.0011889161663444536,-1809.8046884581565,False
11,moderate,66,residual_horizon_nmpc_gain_2,2.0,90.0,0.19787133508294,0.042533767268273945,4.433825583159626,0.1980261855902346,0.0422864517544488,4.433240988981092,0.26699192336589034,-0.0023993823242187684,-0.07424804687500001,0.19699192336589033,0.33699192336589034,-0.08,0.08,-0.06912058828295034,0.04493314959249271,4.508073630034626,0.0025252788126521207,0.005050557625304241,Solve_Succeeded,0.05295845802174881,62819.67695255421,False,-6638.762935946037,-0.10626728396672724,0.6704101732194035,0.35000000996823066,0.3500000098695046,0.34999702111324793,0.34999702111324793,0.00011691547008851888,False,False,58862.79296875,4050.911002946254,13.728736257169384,0.00021634083218373393,1775.063542619162,1.1271201633807792,1.057845439337298,0.8291739104917131,1.0497015221724948,0.165381683907133,1.0,0.00030848479803221776,0.0006562873235056894,0.001380134036191736,-0.02273632069936974,0.05238554387091182,0.0011889161663444536,-1809.8046884581565,False
11,moderate,66,residual_horizon_nmpc_gain_2,2.0,90.5,0.1973668391305532,0.042401072612943645,4.455059286390418,0.19703887392600325,0.04307103966448605,4.456133424734488,0.2663194819449662,-0.002395478515624966,-0.07544678588867192,0.19631948194496618,0.3363194819449662,-0.08,0.08,-0.06895264281441299,0.04479655112856861,4.53050607227909,0.0025514654446648207,0.0051029308893296415,not_applicable,0.0,,False,-6739.37109403396,-0.1062257914141646,0.6728121248042477,0.35000000996823066,0.3500000098695046,0.3499998644964528,0.3499998644964528,5.686766409773725e-06,False,False,58682.98211669921,4036.0641678327297,13.678419604105663,0.00022256283856305798,1812.7536180646225,1.1271201633807792,1.057845439337298,0.8291739104917131,1.0497015221724948,0.165381683907133,1.0,0.00030848479803221776,0.0006562873235056894,0.001380134036191736,-0.02273632069936974,0.05238554387091182,0.0011889161663444536,-1809.8046884581565,False
11,moderate,66,residual_horizon_nmpc_gain_2,2.0,91.0,0.19685158147204906,0.04226636920060957,4.476226139820375,0.19726666765207376,0.0431947000571025,4.477318818465092,0.26563356968444785,-0.0023913842773437277,-0.07664352539062498,0.19563356968444784,0.33563356968444785,-0.08,0.08,-0.06878198821239878,0.044657753477953296,4.552869665211,0.00257605563737779,0.00515211127475558,not_applicable,0.0,,False,-6841.620854043923,-0.1061804790057766,0.6752131375769588,0.35000000996823066,0.35000000996823066,0.35000000289248595,0.35,2.710070943212628e-07,False,False,58503.47119140625,4021.257875604648,13.628240352871046,0.00022895296241612839,1851.1436453163928,1.1271201633807792,1.057845439337298,0.8291739104917131,1.0497015221724948,0.165381683907133,1.0,0.00030848479803221776,0.0006562873235056894,0.001380134036191736,-0.02273632069936974,0.05238554387091182,0.0011889161663444536,-1809.8046884581565,False
11,moderate,66,residual_horizon_nmpc_gain_2,2.0,91.5,0.1963257240973726,0.04212962427205916,4.497325130875057,0.1960329589338487,0.04317930823036589,4.4977762774656105,0.2649344507184448,-0.0023870996093749985,-0.07783817016601564,0.19493445071844479,0.3349344507184448,-0.08,0.08,-0.0686087266210722,0.044516723881434156,4.575163301041072,0.002599939239875731,0.005199878479751462,not_applicable,0.0,,False,-6945.54044664308,-0.10613179919275549,0.6776130033816398,0.35000000996823066,0.35000000996823066,0.3500000096240666,0.35,0.0,False,False,58324.274475097656,4006.4931526819596,13.57820198205314,0.00023551488712609975,1890.240998268052,1.1271201633807792,1.057845439337298,0.8291739104917131,1.0497015221724948,0.165381683907133,1.0,0.00030848479803221776,0.0006562873235056894,0.001380134036191736,-0.02273632069936974,0.05238554387091182,0.0011889161663444536,-1809.8046884581565,False
11,moderate,66,residual_horizon_nmpc_gain_2,2.0,92.0,0.1957893964766843,0.041990804509549555,4.518355230460279,0.1956685822284475,0.04221802153051265,4.517005928659549,0.2642223891810669,-0.002382624511718723,-0.07903062499999998,0.19422238918106688,0.3342223891810669,-0.08,0.08,-0.06843299270438258,0.04437342902126828,4.597385855460279,0.002622787831800154,0.005245575663600308,Solve_Succeeded,0.054672750004101545,82910.34274837593,False,-7051.13977462047,-0.10607981363471722,0.6800115130186897,0.3500000099853729,0.35000000996823066,0.35000000995149055,0.35,0.0,False,False,58145.40625,3991.771023383624,13.528307963119177,0.00024225233145430236,1930.052898737459,1.1271201633807792,1.057845439337298,0.8291739104917131,1.0497015221724948,0.165381683907133,1.0,0.00030848479803221776,0.0006562873235056894,0.001380134036191736,-0.02273632069936974,0.05238554387091182,0.0011889161663444536,-1809.8046884581565,False
11,moderate,66,residual_horizon_nmpc_gain_2,2.0,92.5,0.19524269877170145,0.04184987640321361,4.539315392774466,0.19533451378202785,0.04159760513824975,4.539247486487895,0.26349764920642377,-0.0023779589843750393,-0.08022079467773437,0.19349764920642376,0.3334976492064238,-0.08,0.08,-0.06825495043472232,0.04422783538758865,4.6195361874522,0.00264911395297851,0.00529822790595702,not_applicable,0.0,,False,-7158.426543594069,-0.1060245522012935,0.6824084562523166,0.3500000099853729,0.35000000996823066,0.3500000099674164,0.35,0.0,False,False,57966.880798339844,3977.092509946549,13.478561760480225,0.00024916904740969676,1970.5864054920066,1.1271201633807792,1.057845439337298,0.8291739104917131,1.0497015221724948,0.165381683907133,1.0,0.00030848479803221776,0.0006562873235056894,0.001380134036191736,-0.02273632069936974,0.05238554387091182,0.0011889161663444536,-1809.8046884581565,False
11,moderate,66,residual_horizon_nmpc_gain_2,2.0,93.0,0.19468570480823552,0.04170680629485132,4.560204555223544,0.19457242607325673,0.04143372012108157,4.5600463157703865,0.26276049492862513,-0.0023731030273437537,-0.08140858398437502,0.19276049492862513,0.33276049492862514,-0.08,0.08,-0.06807479012038961,0.04407990932219508,4.641613139207919,0.002673787239647358,0.005347574479294716,not_applicable,0.0,,False,-7267.407216188711,-0.10596603522320716,0.6848036218182828,0.3500000099853729,0.3500000099853729,0.3500000099844995,0.35,0.0,False,False,57788.71240234375,3962.4586325442483,13.428966831554407,0.00025626881796328286,2011.8484030323093,1.1271201633807792,1.057845439337298,0.8291739104917131,1.0497015221724948,0.165381683907133,1.0,0.00030848479803221776,0.0006562873235056894,0.001380134036191736,-0.02273632069936974,0.05238554387091182,0.0011889161663444536,-1809.8046884581565,False
11,moderate,66,residual_horizon_nmpc_gain_2,2.0,93.5,0.19411846475522956,0.04156156040265353,4.581021638352973,0.19370759847413155,0.04173216256410471,4.580663667778281,0.2620111904817807,-0.0023680566406250325,-0.08259389770507812,0.19201119048178067,0.3320111904817807,-0.08,0.08,-0.06789272572655111,0.043929617043278565,4.663615536058051,0.0026982534529666185,0.005396506905933237,not_applicable,0.0,,False,-7378.086982065166,-0.10590427446850476,0.6871967974318803,0.3500000099853729,0.3500000099853729,0.35000000998533043,0.35,0.0,False,False,57610.91534423828,3947.870409305223,13.379526626829191,0.00026355545460266704,2053.8455901391417,1.1271201633807792,1.057845439337298,0.8291739104917131,1.0497015221724948,0.165381683907133,1.0,0.00030848479803221776,0.0006562873235056894,0.001380134036191736,-0.02273632069936974,0.05238554387091182,0.0011889161663444536,-1809.8046884581565,False
11,moderate,66,residual_horizon_nmpc_gain_2,2.0,94.0,0.19354100753658465,0.04141410484654017,4.601765545792279,0.19346353230258284,0.04179525610069269,4.6014556447516926,0.26125000000000004,-0.002362819824218737,-0.08377664062500005,0.19125000000000003,0.33125000000000004,-0.08,0.08,-0.06770899246341539,0.04377692467075891,4.68554218641728,0.002723107357160098,0.005446214714320196,Solve_Succeeded,0.054861417040228844,102896.99128293729,False,-7490.469726163395,-0.10583927402030074,0.6895877697961353,0.3500000099969021,0.3500000099853729,0.35000000998537084,0.35,0.0,False,False,57433.50390625,3933.3288563310607,13.330244589922744,0.0002710327947220275,2096.5844681889885,1.1271201633807792,1.057845439337298,0.8291739104917131,1.0497015221724948,0.165381683907133,1.0,0.00030848479803221776,0.0006562873235056894,0.001380134036191736,-0.02273632069936974,0.05238554387091182,0.0011889161663444536,-1809.8046884581565,False
11,moderate,66,residual_horizon_nmpc_gain_2,2.0,94.5,0.19295334300390926,0.04126440567414708,4.6224351642124315,0.19302250344445693,0.04227581520840555,4.6222299816741765,0.26047718761739297,-0.0023573925781249505,-0.08495671752929686,0.19047718761739296,0.330477187617393,-0.08,0.08,-0.06752384461348371,0.04362179825227203,4.707391881741728,0.0027479476665316993,0.005495895333063399,not_applicable,0.0,,False,-7604.557995335477,-0.1057710310664485,0.691976324610243,0.3500000099969021,0.3500000099853729,0.3500000099853728,0.35,0.0,False,False,57256.49237060547,3918.834987714277,13.281124157644383,0.00027870469884276594,2140.071329244118,1.1271201633807792,1.057845439337298,0.8291739104917131,1.0497015221724948,0.165381683907133,1.0,0.00030848479803221776,0.0006562873235056894,0.001380134036191736,-0.02273632069936974,0.05238554387091182,0.0011889161663444536,-1809.8046884581565,False
11,moderate,66,residual_horizon_nmpc_gain_2,2.0,95.0,0.19235546389540972,0.041112428887492135,4.643029363296369,0.1927680639700546,0.04115522001770524,4.640487687106448,0.25969301746806916,-0.0023517749023438117,-0.086134033203125,0.18969301746806916,0.32969301746806917,-0.08,0.08,-0.06733755357265944,0.043464203789835947,4.729163396499494,0.0027703276058764596,0.005540655211752919,not_applicable,0.0,,False,-7720.352963537892,-0.10569953661046558,0.6943622465782294,0.3500000099969021,0.3500000099969021,0.35000000999634134,0.35,0.0,False,False,57079.89501953125,3904.3898155558845,13.232168760054128,0.0002865750476602082,2184.3122439237077,1.1271201633807792,1.057845439337298,0.8291739104917131,1.0497015221724948,0.165381683907133,1.0,0.00030848479803221776,0.0006562873235056894,0.001380134036191736,-0.02273632069936974,0.05238554387091182,0.0011889161663444536,-1809.8046884581565,False
11,moderate,66,residual_horizon_nmpc_gain_2,2.0,95.5,0.19174734760352674,0.04095814047034796,4.6635469957230455,0.19213929090525725,0.04084137878120272,4.663280188406985,0.25889775368613827,-0.0023459667968750153,-0.08730849243164067,0.18889775368613826,0.32889775368613827,-0.08,0.08,-0.06715040608261152,0.043304107267222974,4.750855488154686,0.002797938588469563,0.005595877176939126,not_applicable,0.0,,False,-7837.854395747566,-0.1056247761120663,0.6967453194178412,0.3500000099969021,0.3500000099969021,0.35000000999687486,0.35,0.0,False,False,56903.726135253906,3889.99434998271,13.183381820521381,0.0002946477389117828,2229.31304906305,1.1271201633807792,1.057845439337298,0.8291739104917131,1.0497015221724948,0.165381683907133,1.0,0.00030848479803221776,0.0006562873235056894,0.001380134036191736,-0.02273632069936974,0.05238554387091182,0.0011889161663444536,-1809.8046884581565,False
11,moderate,66,residual_horizon_nmpc_gain_2,2.0,96.0,0.19112895777158082,0.040801506416345494,4.683986897165337,0.19148943962897239,0.0411912184130072,4.683175729176458,0.25809166040571,-0.0023399682617187,-0.08848000000000002,0.18809166040571001,0.32809166040571003,-0.08,0.08,-0.0669627026341292,0.043141474678064194,4.772466897165336,0.0028220878236352707,0.005644175647270541,Solve_Succeeded,0.05227504204958677,122786.30902762826,False,-7957.060610762188,-0.10554673006478232,0.6991253258696613,0.3500000099979745,0.3500000099969021,0.3500000099969008,0.35,0.0,False,False,56728.0,3875.649599164461,13.134766755782778,0.0003029266840622185,2275.0793351685675,1.1271201633807792,1.057845439337298,0.8291739104917131,1.0497015221724948,0.165381683907133,1.0,0.00030848479803221776,0.0006562873235056894,0.001380134036191736,-0.02273632069936974,0.05238554387091182,0.0011889161663444536,-1809.8046884581565,False
11,moderate,66,residual_horizon_nmpc_gain_2,2.0,96.5,0.19050024573758906,0.04064249275782938,4.70434788630219,0.19042800220883957,0.0405061727218279,4.703511924173628,0.2572750017608941,-0.002333779296874977,-0.08964846069335937,0.18727500176089407,0.3272750017608941,-0.08,0.08,-0.06677475602330502,0.042976272054704355,4.7939963469955496,0.0028470880376101505,0.005694176075220301,not_applicable,0.0,,False,-8077.968443041436,-0.10546537451736912,0.7015020477064505,0.3500000099979745,0.3500000099969021,0.35000000999690206,0.35,0.0,False,False,56552.730895996094,3861.356569330537,13.086326975999148,0.00031141580480140363,2321.6164336768643,1.1271201633807792,1.057845439337298,0.8291739104917131,1.0497015221724948,0.165381683907133,1.0,0.00030848479803221776,0.0006562873235056894,0.001380134036191736,-0.02273632069936974,0.05238554387091182,0.0011889161663444536,-1809.8046884581565,False
11,moderate,66,residual_horizon_nmpc_gain_2,2.0,97.0,0.18986115184153327,0.0404810655954832,4.724628764845392,0.1895099851736645,0.04046007136870446,4.7228418211521515,0.25644804188580017,-0.002327399902343763,-0.090813779296875,0.18644804188580016,0.3264480418858002,-0.08,0.08,-0.0665868900442669,0.042808465497826964,4.815442544142267,0.0028708389008064907,0.0057416778016129814,not_applicable,0.0,,False,-8200.573203743303,-0.10538068154499813,0.703875265742714,0.3500000099979745,0.3500000099979745,0.3500000099979223,0.35,0.0,False,False,56377.93310546875,3847.116264786609,13.038065884811717,0.00032011902935068725,2368.9294040267578,1.1271201633807792,1.057845439337298,0.8291739104917131,1.0497015221724948,0.165381683907133,1.0,0.00030848479803221776,0.0006562873235056894,0.001380134036191736,-0.02273632069936974,0.05238554387091182,0.0011889161663444536,-1809.8046884581565,False
11,moderate,66,residual_horizon_nmpc_gain_2,2.0,97.5,0.1892116066106712,0.040317191128739556,4.744828317581347,0.18928130653053263,0.03953225758580534,4.743819579275785,0.25561104491453795,-0.00232083007812503,-0.09197586059570313,0.18561104491453795,0.32561104491453796,-0.08,0.08,-0.06639943830386674,0.042638021206864586,4.83680417817705,0.0028968763623487557,0.005793752724697511,not_applicable,0.0,,False,-8324.868641106981,-0.10529261967560488,0.7062447598444915,0.3500000099979745,0.3500000099979745,0.35000000999797193,0.35,0.0,False,False,56203.62091064453,3832.929687930953,12.989986879397451,0.00032904028857354473,2417.0230205537214,1.1271201633807792,1.057845439337298,0.8291739104917131,1.0497015221724948,0.165381683907133,1.0,0.00030848479803221776,0.0006562873235056894,0.001380134036191736,-0.02273632069936974,0.05238554387091182,0.0011889161663444536,-1809.8046884581565,False
11,moderate,66,residual_horizon_nmpc_gain_2,2.0,98.0,0.18855153183596948,0.04015083568698689,4.764945312428252,0.1882845949970406,0.04040437595273375,4.76566737927225,0.2547642749812171,-0.0023140698242187507,-0.09313460937500002,0.1847642749812171,0.3247642749812171,-0.08,0.08,-0.06621274314524764,0.04246490551120564,4.858079921803252,0.0029236328113249857,0.0058472656226499714,Solve_Succeeded,0.056343083968386054,142389.7401860608,False,-8450.846900332608,-0.10520115427620362,0.708610308939371,0.3500000099985523,0.3500000099979745,0.35000000999797437,0.35,0.0,False,False,56029.80859375,3818.7978392705595,12.942093350523658,0.00033818351188670754,2465.901759216964,1.1271201633807792,1.057845439337298,0.8291739104917131,1.0497015221724948,0.165381683907133,1.0,0.00030848479803221776,0.0006562873235056894,0.001380134036191736,-0.02273632069936974,0.05238554387091182,0.0011889161663444536,-1809.8046884581565,False
11,moderate,66,residual_horizon_nmpc_gain_2,2.0,98.5,0.18788084155137882,0.03998196576158223,4.784978500509089,0.18777097173479015,0.03974470239772963,4.788100474111868,0.2539079962199474,-0.0023071191406249802,-0.09428993041992188,0.1839079962199474,0.3239079962199474,-0.08,0.08,-0.0660271546685686,0.04228908490220721,4.879268430929011,0.002951573231624114,0.005903146463248228,not_applicable,0.0,,False,-8578.498483106167,-0.10510624790347392,0.7109716910267249,0.3500000099985523,0.3500000099979745,0.3500000099979745,0.35,0.0,False,False,55856.51043701172,3804.721717437004,12.89438868260177,0.00034755262296803035,2515.5697841697856,1.1271201633807792,1.057845439337298,0.8291739104917131,1.0497015221724948,0.165381683907133,1.0,0.00030848479803221776,0.0006562873235056894,0.001380134036191736,-0.02273632069936974,0.05238554387091182,0.0011889161663444536,-1809.8046884581565,False
11,moderate,66,residual_horizon_nmpc_gain_2,2.0,99.0,0.18719944292645538,0.03981054803867589,4.804926616240814,0.1872569512330761,0.040774618574571216,4.804447659590273,0.2530424727648385,-0.0022999780273437465,-0.095441728515625,0.18304247276483848,0.3230424727648385,-0.08,0.08,-0.06584302983838311,0.042110526066019636,4.900368344756439,0.0029718338993690334,0.005943667798738067,not_applicable,0.0,,False,-8707.812206917755,-0.10500786062247539,0.7133286831881679,0.3500000099985523,0.3500000099985523,0.3500000099985242,0.35,0.0,False,False,55683.74072265625,3790.7023192021034,12.846876253740414,0.0003571515352575915,2566.0309341847073,1.1271201633807792,1.057845439337298,0.8291739104917131,1.0497015221724948,0.165381683907133,1.0,0.00030848479803221776,0.0006562873235056894,0.001380134036191736,-0.02273632069936974,0.05238554387091182,0.0011889161663444536,-1809.8046884581565,False
11,moderate,66,residual_horizon_nmpc_gain_2,2.0,99.5,0.18650723708173977,0.039636549432851394,4.824788377440169,0.18647800901686093,0.039133998603450716,4.825294426048557,0.25216796875,-0.002292646484374994,-0.09658990844726563,0.18216796875000002,0.32216796875000003,-0.08,0.08,-0.06566073166826025,0.04192919591722639,4.921378285887434,0.002998247071076617,0.005996494142153234,not_applicable,0.0,,False,-8838.775164320245,-0.1049059502969408,0.7156810615982359,0.3500000099985523,0.3500000099985523,0.3500000099985509,0.35,0.0,False,False,55511.513732910156,3776.7406394933505,12.7995594357977,0.0003669841472487405,2617.288708945327,1.1271201633807792,1.057845439337298,0.8291739104917131,1.0497015221724948,0.165381683907133,1.0,0.00030848479803221776,0.0006562873235056894,0.001380134036191736,-0.02273632069936974,0.05238554387091182,0.0011889161663444536,-1809.8046884581565,False
11,moderate,66,residual_horizon_nmpc_gain_2,2.0,100.0,0.18580411983532605,0.03945993712158088,4.844562485446516,0.18547742044038648,0.04001674751359734,4.844517240712495,0.25128474830954173,-0.00228512451171875,-0.097734375,0.18128474830954172,0.32128474830954173,-0.08,0.08,-0.06548062847421568,0.04174506163329963,4.942296860446516,0.0030221816611881508,0.0060443633223763015,Solve_Succeeded,0.055697749950923026,169129.2796047278,False,-8971.372682275407,-0.10480047285423733,0.7180286015352851,0.35000000999894987,0.3500000099985523,0.35000000999855224,0.35,0.0,False,False,55339.84375,3762.837671409129,12.752441594432808,0.00037705433756605696,2669.3462552175447,1.1271201633807792,1.057845439337298,0.8291739104917131,1.0497015221724948,0.165381683907133,1.0,0.00030848479803221776,0.0006562873235056894,0.001380134036191736,-0.02273632069936974,0.05238554387091182,0.0011889161663444536,-1809.8046884581565,False
11,moderate,66,residual_horizon_nmpc_gain_2,2.0,100.5,0.18508998238817362,0.03928067858049349,4.864247625262102,0.18505737095029526,0.03942967932746321,4.862472893446005,0.2503930755775733,-0.0022774121093749877,-0.09887503295898438,0.18039307557757328,0.3203930755775733,-0.08,0.08,-0.06530309318939967,0.04155809068986848,4.963122658221087,0.0030449833730928065,0.006089966746185613,not_applicable,0.0,,False,-9105.588281734781,-0.10469138252775959,0.7203710773926116,0.35000000999894987,0.3500000099985523,0.3500000099985523,0.35,0.0,False,False,55168.745056152344,3748.9944062337245,12.705526089156843,0.0003873659598274731,2722.206352913534,1.1271201633807792,1.057845439337298,0.8291739104917131,1.0497015221724948,0.165381683907133,1.0,0.00030848479803221776,0.0006562873235056894,0.001380134036191736,-0.02273632069936974,0.05238554387091182,0.0011889161663444536,-1809.8046884581565,False
11,moderate,66,residual_horizon_nmpc_gain_2,2.0,101.0,0.1843647119549269,0.039098741619451156,4.883842465710162,0.18428948820622842,0.039070112288372864,4.883875102040452,0.2494932146882044,-0.002269509277343762,-0.10001178710937499,0.1794932146882044,0.3194932146882044,-0.08,0.08,-0.0651285027332775,0.04136825089679492,4.983854252819537,0.003072046346654045,0.00614409269330809,not_applicable,0.0,,False,-9241.403637602276,-0.1045786320792286,0.7227082626897876,0.35000000999894987,0.35000000999894987,0.35000000999893055,0.35,0.0,False,False,54998.23193359375,3735.2118334521238,12.658816273383003,0.00039792283728808217,2775.8714010622525,1.1271201633807792,1.057845439337298,0.8291739104917131,1.0497015221724948,0.165381683907133,1.0,0.00030848479803221776,0.0006562873235056894,0.001380134036191736,-0.02273632069936974,0.05238554387091182,0.0011889161663444536,-1809.8046884581565,False
11,moderate,66,residual_horizon_nmpc_gain_2,2.0,101.5,0.18362819234629904,0.038914094419423374,4.903345659611251,0.18349257378091874,0.03980358948243289,4.902572976470496,0.24858542977554474,-0.0022614160156250174,-0.10114454223632814,0.17858542977554473,0.3185854297755447,-0.08,0.08,-0.0649572374292457,0.04117551043504839,5.004490201847579,0.003095600923268338,0.006191201846536676,not_applicable,0.0,,False,-9378.798539226374,-0.10446217300310867,0.7250399300842185,0.35000000999894987,0.35000000999894987,0.3500000099989489,0.35,0.0,False,False,54828.31866455078,3721.4909407646123,12.612315494476045,0.00040872875726349846,2830.343403701117,1.1271201633807792,1.057845439337298,0.8291739104917131,1.0497015221724948,0.165381683907133,1.0,0.00030848479803221776,0.0006562873235056894,0.001380134036191736,-0.02273632069936974,0.05238554387091182,0.0011889161663444536,-1809.8046884581565,False
11,moderate,66,residual_horizon_nmpc_gain_2,2.0,102.0,0.18288030450844087,0.03872670557014969,4.922755843978227,0.1831494187374471,0.0385732463509295,4.921075977139392,0.24766998497370402,-0.0022531323242187262,-0.102273203125,0.177669984973704,0.317669984973704,-0.08,0.08,-0.06478968046526315,0.04097983789436842,5.025029047103227,0.0031194362112518825,0.006238872422503765,Solve_Succeeded,0.05447974998969585,180198.30506729512,False,-9517.750851570063,-0.1043419557151207,0.7273658513829152,0.3500000099991757,0.35000000999894987,0.3500000099989498,0.35,0.0,False,False,54659.01953125,3707.8327141011764,12.566027093801093,0.00041978746533097083,2885.623955704006,1.1271201633807792,1.057845439337298,0.8291739104917131,1.0497015221724948,0.165381683907133,1.0,0.00030848479803221776,0.0006562873235056894,0.001380134036191736,-0.02273632069936974,0.05238554387091182,0.0011889161663444536,-1809.8046884581565,False
11,moderate,66,residual_horizon_nmpc_gain_2,2.0,102.5,0.18212092702414523,0.03853654410857556,4.942071640230243,0.18223837553303115,0.03831220420210383,4.942467516172353,0.2467471444167919,-0.0022446582031250273,-0.10339767456054687,0.1767471444167919,0.3167471444167919,-0.08,0.08,-0.06462621739264668,0.040781202311700585,5.0454693147907905,0.003146714776786785,0.00629342955357357,not_applicable,0.0,,False,-9658.236477207121,-0.1042179297266213,0.7296857975544854,0.3500000099991757,0.35000000999894987,0.35000000999894987,0.35,0.0,False,False,54490.34881591797,3694.2381376357025,12.519954406771761,0.0004311026593068143,2941.714228561327,1.1271201633807792,1.057845439337298,0.8291739104917131,1.0497015221724948,0.165381683907133,1.0,0.00030848479803221776,0.0006562873235056894,0.001380134036191736,-0.02273632069936974,0.05238554387091182,0.0011889161663444536,-1809.8046884581565,False
11,moderate,66,residual_horizon_nmpc_gain_2,2.0,103.0,0.18134993658022433,0.03834357955804438,4.961291654426154,0.18154088203337684,0.03825894354712716,4.960457848553656,0.24581717223891814,-0.0022359936523437263,-0.10451786132812503,0.17581717223891813,0.31581717223891814,-0.08,0.08,-0.0644672356586938,0.040579573210388103,5.065809515754279,0.0031697734905261734,0.006339546981052347,not_applicable,0.0,,False,-9800.229319294156,-0.10409004380642728,0.7319995387413384,0.3500000099991757,0.3500000099991757,0.3500000099991647,0.35,0.0,False,False,54322.32080078125,3680.708193799991,12.474100762897656,0.0004426779829991274,2998.614956128573,1.1271201633807792,1.057845439337298,0.8291739104917131,1.0497015221724948,0.165381683907133,1.0,0.00030848479803221776,0.0006562873235056894,0.001380134036191736,-0.02273632069936974,0.05238554387091182,0.0011889161663444536,-1809.8046884581565,False
11,moderate,66,residual_horizon_nmpc_gain_2,2.0,103.5,0.18056720840493673,0.0381477819682255,4.980414477517704,0.1810247401812602,0.03745589848089969,4.9790000810344495,0.24488033257419237,-0.0022271386718749897,-0.1056336682128906,0.17488033257419236,0.31488033257419235,-0.08,0.08,-0.06431312416925564,0.04037492064010049,5.086048145730595,0.0031937548006781293,0.006387509601356259,not_applicable,0.0,,False,-9943.701245668306,-0.1039582461314979,0.7343068442721085,0.3500000099991757,0.3500000099991757,0.35000000999917513,0.35,0.0,False,False,54154.949768066406,3667.243863297581,12.428469485831211,0.0004545170197351812,3056.3264203603526,1.1271201633807792,1.057845439337298,0.8291739104917131,1.0497015221724948,0.165381683907133,1.0,0.00030848479803221776,0.0006562873235056894,0.001380134036191736,-0.02273632069936974,0.05238554387091182,0.0011889161663444536,-1809.8046884581565,False
11,moderate,66,residual_horizon_nmpc_gain_2,2.0,104.0,0.17977261667892683,0.03794912195575505,4.999438685622853,0.17967849310245182,0.03691138598995175,4.999735697056506,0.2439368895567243,-0.00221809326171879,-0.10674500000000002,0.1739368895567243,0.3139368895567243,-0.08,0.08,-0.06416427287779747,0.04016721521747384,5.106183685622853,0.0032204913727643717,0.006440982745528743,Solve_Succeeded,0.054277583956718445,188585.35160321643,False,-10088.622054220947,-0.10382248442773426,0.7366074826742901,0.3500000099981335,0.3500000099991757,0.3500000099991757,0.35,0.0,False,False,53988.25,3653.846125117388,12.383063893413926,0.0004666232856633072,3114.8484370474284,1.1271201633807792,1.057845439337298,0.8291739104917131,1.0497015221724948,0.165381683907133,1.0,0.00030848479803221776,0.0006562873235056894,0.001380134036191736,-0.02273632069936974,0.05238554387091182,0.0011889161663444536,-1809.8046884581565,False
11,moderate,66,residual_horizon_nmpc_gain_2,2.0,104.5,0.17896603492276736,0.0377475707455634,5.0183628403196,0.17833148953392483,0.038815901088336796,5.019920576669832,0.24298710732062362,-0.002208857421874988,-0.10785176147460938,0.1729871073206236,0.3129871073206236,-0.08,0.08,-0.06402107239785626,0.039956428167438385,5.12621460179421,0.003246078946337262,0.006492157892674524,not_applicable,0.0,,False,-10234.959439698521,-0.10368270610202004,0.7389012216870896,0.3500000099981335,0.3500000099991757,0.3500000099991757,0.35,0.0,False,False,53822.235778808594,3640.5159565471645,12.337887297721966,0.0004790002228295944,3174.1803415749655,1.1271201633807792,1.057845439337298,0.8291739104917131,1.0497015221724948,0.165381683907133,1.0,0.00030848479803221776,0.0006562873235056894,0.001380134036191736,-0.02273632069936974,0.05238554387091182,0.0011889161663444536,-1809.8046884581565,False
11,moderate,66,residual_horizon_nmpc_gain_2,2.0,105.0,0.17814733636385982,0.037543100212860135,5.037185488960633,0.17829522308731055,0.03742491117694421,5.036181346521582,0.24203125000000003,-0.002199431152343778,-0.10895385742187501,0.17203125000000002,0.31203125000000004,-0.08,0.08,-0.06388391363614021,0.03974253136520391,5.146139346382508,0.003267497210434393,0.006534994420868786,not_applicable,0.0,,False,-10382.678962081643,-0.10353885836650475,0.7411878282744888,0.3500000099981335,0.3500000099981335,0.3500000099981842,0.35,0.0,False,False,53656.92138671875,3627.2543331867764,12.292943005111177,0.0004916511920301989,3234.3209747206542,1.1271201633807792,1.057845439337298,0.8291739104917131,1.0497015221724948,0.165381683907133,1.0,0.00030848479803221776,0.0006562873235056894,0.001380134036191736,-0.02273632069936974,0.05238554387091182,0.0011889161663444536,-1809.8046884581565,False
11,moderate,66,residual_horizon_nmpc_gain_2,2.0,105.5,0.17731639428514706,0.03733568292574439,5.055905165009125,0.17721324219671103,0.03651355918934739,5.054568352924726,0.2410695817289632,-0.002189814453124994,-0.11005119262695316,0.1710695817289632,0.3110695817289632,-0.08,0.08,-0.06375318744381614,0.03952549737886939,5.165956357636078,0.003291533494404579,0.006583066988809158,not_applicable,0.0,,False,-10531.744016693932,-0.10339088835602152,0.7434670686385235,0.3500000099981335,0.3500000099981335,0.35000000999813596,0.35,0.0,False,False,53492.32110595703,3614.062228961312,12.248234316261492,0.0005045794654405867,3295.2686685119043,1.1271201633807792,1.057845439337298,0.8291739104917131,1.0497015221724948,0.165381683907133,1.0,0.00030848479803221776,0.0006562873235056894,0.001380134036191736,-0.02273632069936974,0.05238554387091182,0.0011889161663444536,-1809.8046884581565,False
11,moderate,66,residual_horizon_nmpc_gain_2,2.0,106.0,0.17647308235781975,0.03712529218840532,5.074520388395991,0.1763580134264891,0.03687730216833016,5.075296189605659,0.24010236664162288,-0.0021800073242187468,-0.111143671875,0.17010236664162287,0.3101023666416229,-0.08,0.08,-0.06362928428380313,0.03930529951262407,5.185664060270991,0.0033183707755002315,0.006636741551000463,Solve_Succeeded,0.0801956249633804,225281.74669691722,False,-10682.115806192383,-0.10323874323943191,0.7457387082327718,0.3500000099994834,0.3500000099981335,0.35000000999813363,0.35,0.0,False,False,53328.44921875,3600.9406161340166,12.20376452622078,0.0005177882190236157,3357.0212321619915,1.1271201633807792,1.057845439337298,0.8291739104917131,1.0497015221724948,0.165381683907133,1.0,0.00030848479803221776,0.0006562873235056894,0.001380134036191736,-0.02273632069936974,0.05238554387091182,0.0011889161663444536,-1809.8046884581565,False
11,moderate,66,residual_horizon_nmpc_gain_2,2.0,106.5,0.1756172749599548,0.03691190208487454,5.093029665898876,0.17555966201524123,0.0382898345241535,5.0935883985657,0.23912986887208867,-0.0021700097656249806,-0.11223119995117191,0.16912986887208867,0.3091298688720887,-0.08,0.08,-0.06351259391213387,0.03908191185049952,5.205260865850048,0.0033419192136912705,0.006683838427382541,not_applicable,0.0,,False,-10833.753314590365,-0.10308237032560227,0.7480025117760563,0.3500000099994834,0.3500000099981335,0.3500000099981335,0.35,0.0,False,False,53165.32000732422,3587.890465319055,12.159536924448094,0.0005312805247189067,3419.5759381053003,1.1271201633807792,1.057845439337298,0.8291739104917131,1.0497015221724948,0.165381683907133,1.0,0.00030848479803221776,0.0006562873235056894,0.001380134036191736,-0.02273632069936974,0.05238554387091182,0.0011889161663444536,-1809.8046884581565,False
11,moderate,66,residual_horizon_nmpc_gain_2,2.0,107.0,0.17474884748280223,0.036695487523289404,5.111431491543156,0.17437930724265857,0.03672559258651901,5.108038393300048,0.23815235255447037,-0.0021598217773437234,-0.11331368164062498,0.16815235255447036,0.3081523525544704,-0.08,0.08,-0.06340350507166814,0.03885530930063313,5.224745173183781,0.003361183380106826,0.006722366760213652,not_applicable,0.0,,False,-10986.613283464425,-0.10292171716463532,0.7502582432663564,0.3500000099994834,0.3500000099994834,0.3500000099994177,0.35,0.0,False,False,53002.94775390625,3574.912745494116,12.115554794856395,0.0005450593424165863,3482.9295081524842,1.1271201633807792,1.057845439337298,0.8291739104917131,1.0497015221724948,0.165381683907133,1.0,0.00030848479803221776,0.0006562873235056894,0.001380134036191736,-0.02273632069936974,0.05238554387091182,0.0011889161663444536,-1809.8046884581565,False
11,moderate,66,residual_horizon_nmpc_gain_2,2.0,107.5,0.1738676766262385,0.03647602428062283,5.129724347025177,0.17337528708422514,0.03695796077458724,5.129735065751215,0.23717008182287758,-0.0021494433593750306,-0.11439102172851563,0.16717008182287757,0.3071700818228776,-0.08,0.08,-0.06330240519663907,0.038625467639997864,5.244115368753692,0.0033894965245593947,0.006778993049118789,not_applicable,0.0,,False,-11140.650190495062,-0.10275673164490955,0.7525056659949317,0.3500000099994834,0.3500000099994834,0.35000000999948017,0.35,0.0,False,False,52841.346740722656,3562.008424012848,12.071821415854684,0.0005591275117191097,3547.0780997866905,1.1271201633807792,1.057845439337298,0.8291739104917131,1.0497015221724948,0.165381683907133,1.0,0.00030848479803221776,0.0006562873235056894,0.001380134036191736,-0.02273632069936974,0.05238554387091182,0.0011889161663444536,-1809.8046884581565,False
11,moderate,66,residual_horizon_nmpc_gain_2,2.0,108.0,0.17297364068472426,0.0362534890478326,5.147906702157975,0.1730964719244572,0.03595349464281077,5.147478450204055,0.23618332081142,-0.0021388745117187358,-0.11546312500000001,0.16618332081141998,0.30618332081141997,-0.08,0.08,-0.06320968012669573,0.038392363559551335,5.263369827157975,0.0034130285275222115,0.006826057055044423,Solve_Succeeded,0.05885404197033495,246706.4981041089,False,-11295.816230490931,-0.10258736208641347,0.7547445425606546,0.3500000099995818,0.3500000099994834,0.3500000099994832,0.35,0.0,False,False,52680.53125,3549.1784666171407,12.028340060389635,0.0005734877434955433,3612.0172926225387,1.1271201633807792,1.057845439337298,0.8291739104917131,1.0497015221724948,0.165381683907133,1.0,0.00030848479803221776,0.0006562873235056894,0.001380134036191736,-0.02273632069936974,0.05238554387091182,0.0011889161663444536,-1809.8046884581565,False
11,moderate,66,residual_horizon_nmpc_gain_2,2.0,108.5,0.17206661982494237,0.03602785947537983,5.16597701533966,0.17251691199186045,0.036942586221553074,5.165005004430374,0.2351923336542074,-0.0021281152343750054,-0.11652989624023437,0.16519233365420738,0.3051923336542074,-0.08,0.08,-0.06312571382926502,0.038155974709754834,5.282506911579895,0.003435897312990318,0.006871794625980636,not_applicable,0.0,,False,-11452.06129904444,-0.10241355733080403,0.7569746348845532,0.3500000099995818,0.3500000099994834,0.3500000099994834,0.35,0.0,False,False,52520.515563964844,3536.423837449245,11.98511399598667,0.0005881426112333599,3677.7420750498377,1.1271201633807792,1.057845439337298,0.8291739104917131,1.0497015221724948,0.165381683907133,1.0,0.00030848479803221776,0.0006562873235056894,0.001380134036191736,-0.02273632069936974,0.05238554387091182,0.0011889161663444536,-1809.8046884581565,False
11,moderate,66,residual_horizon_nmpc_gain_2,2.0,109.0,0.17114649635614468,0.03579911421906373,5.183933734044635,0.17090954145803228,0.03686520126348795,5.183977158083786,0.23419738448534938,-0.002117165527343756,-0.11759124023437502,0.16419738448534937,0.3041973844853494,-0.08,0.08,-0.0630508881292047,0.03791627974640749,5.30152497427901,0.0034609035409027475,0.006921807081805495,not_applicable,0.0,,False,-11609.332978965205,-0.10223526682856511,0.7591957042245618,0.3500000099995818,0.3500000099995818,0.35000000999957703,0.35,0.0,False,False,52361.31396484375,3523.7454990637425,11.942146484790516,0.000603094542193534,3744.2468310844843,1.1271201633807792,1.057845439337298,0.8291739104917131,1.0497015221724948,0.165381683907133,1.0,0.00030848479803221776,0.0006562873235056894,0.001380134036191736,-0.02273632069936974,0.05238554387091182,0.0011889161663444536,-1809.8046884581565,False
11,moderate,66,residual_horizon_nmpc_gain_2,2.0,109.5,0.17021315499410336,0.03556723298611654,5.201775295337808,0.17050456759404256,0.036369280397615875,5.203371127317759,0.23319873743895572,-0.002106025390624988,-0.11864706176757812,0.16319873743895572,0.30319873743895576,-0.08,0.08,-0.06298558244485236,0.03767325837674153,5.320422357105386,0.0034866546716078328,0.0069733093432156655,not_applicable,0.0,,False,-11767.576529635804,-0.10205244072359532,0.7614075111904817,0.3500000099995818,0.3500000099995818,0.3500000099995816,0.35,0.0,False,False,52202.94073486328,3511.1444124393643,11.899440783605273,0.000618345808375446,3811.5253274492993,1.1271201633807792,1.057845439337298,0.8291739104917131,1.0497015221724948,0.165381683907133,1.0,0.00030848479803221776,0.0006562873235056894,0.001380134036191736,-0.02273632069936974,0.05238554387091182,0.0011889161663444536,-1809.8046884581565,False
11,moderate,66,residual_horizon_nmpc_gain_2,2.0,110.0,0.16926648311944223,0.03533219658149972,5.219500126411892,0.16930365840284156,0.035454789828649066,5.220292195138808,0.23219665664913602,-0.0020946948242187846,-0.11969726562500001,0.16219665664913602,0.30219665664913603,-0.08,0.08,-0.0629301735296938,0.037426891405718504,5.339197392036891,0.0035092605006206575,0.007018521001241315,Solve_Succeeded,0.057847166957799345,278456.2077982964,False,-11926.734879431691,-0.10186502993551028,0.7636098157591469,0.35000000999966197,0.3500000099995818,0.3500000099995818,0.35,0.0,False,False,52045.41015625,3498.6215369906577,11.857000143933941,0.0006338985172988799,3879.5707009078205,1.1271201633807792,1.057845439337298,0.8291739104917131,1.0497015221724948,0.165381683907133,1.0,0.00030848479803221776,0.0006562873235056894,0.001380134036191736,-0.02273632069936974,0.05238554387091182,0.0011889161663444536,-1809.8046884581565,False
11,moderate,66,residual_horizon_nmpc_gain_2,2.0,110.5,0.16830637103101356,0.03509398695433992,5.237106645147896,0.16925678422781545,0.03486600190687249,5.2359372551851004,0.23119140625,-0.002083173828124979,-0.12074175659179691,0.16119140625,0.30119140625,-0.08,0.08,-0.06288503521898645,0.0371771607824649,5.357848401739693,0.0035301851450024,0.0070603702900048,not_applicable,0.0,,False,-12086.748621344808,-0.10167298623990699,0.7658023772898002,0.35000000999966197,0.3500000099995818,0.3500000099995818,0.35,0.0,False,False,51888.73651123047,3486.17783057951,11.81482781201748,0.0006497546026111945,3948.3754458745016,1.1271201633807792,1.057845439337298,0.8291739104917131,1.0497015221724948,0.165381683907133,1.0,0.00030848479803221776,0.0006562873235056894,0.001380134036191736,-0.02273632069936974,0.05238554387091182,0.0011889161663444536,-1809.8046884581565,False
11,moderate,66,residual_horizon_nmpc_gain_2,2.0,111.0,0.16733271219488755,0.03485258724444013,5.254593260698852,0.16717905466208388,0.034011566149732185,5.252627804084312,0.23018325037565746,-0.002071462402343738,-0.12178043945312499,0.16018325037565745,0.30018325037565746,-0.08,0.08,-0.06285053818076991,0.03692404964678387,5.3763737001519765,0.003552516980577499,0.007105033961154998,not_applicable,0.0,,False,-12247.556011946543,-0.10147626234680172,0.7679849545396729,0.35000000999966197,0.35000000999966197,0.3500000099996581,0.35,0.0,False,False,51732.93408203125,3473.81424952653,11.772927028873381,0.0006659158145285358,4017.9314023248066,1.1271201633807792,1.057845439337298,0.8291739104917131,1.0497015221724948,0.165381683907133,1.0,0.00030848479803221776,0.0006562873235056894,0.001380134036191736,-0.02273632069936974,0.05238554387091182,0.0011889161663444536,-1809.8046884581565,False
11,moderate,66,residual_horizon_nmpc_gain_2,2.0,111.5,0.16634540348943055,0.03460798182879894,5.2719583740968,0.16604246304634618,0.035079466948757375,5.270851316009577,0.2291724531602179,-0.0020595605468750056,-0.12281321899414065,0.15917245316021789,0.2991724531602179,-0.08,0.08,-0.06282704967078734,0.03666754237567395,5.394771593090941,0.003576581637115475,0.00715316327423095,not_applicable,0.0,,False,-12409.09297382255,-0.10127481197742162,0.7701573056797725,0.35000000999966197,0.35000000999966197,0.3500000099996618,0.35,0.0,False,False,51578.017150878906,3461.5317486222852,11.731301030333748,0.0006823837101208221,4088.22974402907,1.1271201633807792,1.057845439337298,0.8291739104917131,1.0497015221724948,0.165381683907133,1.0,0.00030848479803221776,0.0006562873235056894,0.001380134036191736,-0.02273632069936974,0.05238554387091182,0.0011889161663444536,-1809.8046884581565,False
11,moderate,66,residual_horizon_nmpc_gain_2,2.0,112.0,0.1653443454468668,0.03436015636806821,5.289200378883021,0.16604984307461113,0.035017152858547645,5.289289266188278,0.22815927873779118,-0.0020474682617187268,-0.12383999999999999,0.15815927873779118,0.2981592787377912,-0.08,0.08,-0.06281493329092439,0.03640762462978694,5.4130403788830215,0.0036012554835424472,0.0072025109670848944,Solve_Succeeded,0.056393708975519985,312220.9534675205,False,-12571.293101607542,-0.10106858993950153,0.7723191883108756,0.35000000999972525,0.35000000999966197,0.35000000999966197,0.35,0.0,False,False,51424.0,3449.3312811384008,11.68995304708292,0.0006991596434510667,4159.26096713407,1.1271201633807792,1.057845439337298,0.8291739104917131,1.0497015221724948,0.165381683907133,1.0,0.00030848479803221776,0.0006562873235056894,0.001380134036191736,-0.02273632069936974,0.05238554387091182,0.0011889161663444536,-1809.8046884581565,False
11,moderate,66,residual_horizon_nmpc_gain_2,2.0,112.5,0.1643294424916431,0.03410909785287682,5.30631766176146,0.16405052668938,0.03492246510375946,5.306095405671168,0.22714399124248688,-0.0020351855468749985,-0.12486068725585937,0.15714399124248687,0.2971439912424869,-0.08,0.08,-0.06281454875084377,0.03614428339975182,5.431178349017319,0.0036237323840919923,0.007247464768183985,not_applicable,0.0,,False,-12734.087671743544,-0.10085755220121091,0.7744703594797258,0.35000000999972525,0.35000000999966197,0.35000000999966197,0.35,0.0,False,False,51270.896911621094,3437.213798838527,11.64888630469463,0.000716244755580485,4231.01487911643,1.1271201633807792,1.057845439337298,0.8291739104917131,1.0497015221724948,0.165381683907133,1.0,0.00030848479803221776,0.0006562873235056894,0.001380134036191736,-0.02273632069936974,0.05238554387091182,0.0011889161663444536,-1809.8046884581565,False
11,moderate,66,residual_horizon_nmpc_gain_2,2.0,113.0,0.16330060317584855,0.03385479464994584,5.323308603275267,0.16249597005665134,0.03497013659189377,5.321372561611885,0.22612685480841474,-0.0020227124023437376,-0.125875185546875,0.15612685480841473,0.2961268548084147,-0.08,0.08,-0.0628262516325662,0.03587750705228958,5.449183788822142,0.0036441779398974153,0.007288355879794831,not_applicable,0.0,,False,-12897.405656080058,-0.10064165596381273,0.776610575695435,0.35000000999972525,0.35000000999972525,0.3500000099997222,0.35,0.0,False,False,51118.72216796875,3425.180251989168,11.60810402366871,0.0007336399644517229,4303.480588132033,1.1271201633807792,1.057845439337298,0.8291739104917131,1.0497015221724948,0.165381683907133,1.0,0.00030848479803221776,0.0006562873235056894,0.001380134036191736,-0.02273632069936974,0.05238554387091182,0.0011889161663444536,-1809.8046884581565,False
11,moderate,66,residual_horizon_nmpc_gain_2,2.0,113.5,0.16225774041187802,0.033597236547918026,5.340171578506323,0.16198904380520776,0.034211890690746344,5.340717822143023,0.22510813356968448,-0.0020100488281249995,-0.1268833996582031,0.15510813356968448,0.29510813356968446,-0.08,0.08,-0.06285039315780647,0.035607285376043026,5.4670549781645255,0.0036703554936850014,0.007340710987370003,not_applicable,0.0,,False,-13061.173739428998,-0.10042085973313399,0.7787395929460911,0.35000000999972525,0.35000000999972525,0.3500000099997251,0.35,0.0,False,False,50967.49005126953,3413.231589370381,11.567609419467352,0.0007513459546634574,4376.646492785729,1.1271201633807792,1.057845439337298,0.8291739104917131,1.0497015221724948,0.165381683907133,1.0,0.00030848479803221776,0.0006562873235056894,0.001380134036191736,-0.02273632069936974,0.05238554387091182,0.0011889161663444536,-1809.8046884581565,False
11,moderate,66,residual_horizon_nmpc_gain_2,2.0,114.0,0.16120077170247293,0.03333641480282243,5.356904957797586,0.1610013536749692,0.033262470948579204,5.355740542780319,0.22408809166040572,-0.0019971948242187842,-0.127885234375,0.1540880916604057,0.2940880916604057,-0.08,0.08,-0.06288731995793279,0.03533360962704121,5.484790192172587,0.0036907530258878133,0.007381506051775627,Solve_Succeeded,0.05820645799394697,314669.2897283654,False,-13225.316341180922,-0.10019512338990874,0.7808571667155672,0.35000000999975117,0.35000000999972525,0.35000000999972525,0.35,0.0,False,False,50817.21484375,3401.3687582863445,11.527405702550928,0.000769363167150526,4450.500272345532,1.1271201633807792,1.057845439337298,0.8291739104917131,1.0497015221724948,0.165381683907133,1.0,0.00030848479803221776,0.0006562873235056894,0.001380134036191736,-0.02273632069936974,0.05238554387091182,0.0011889161663444536,-1809.8046884581565,False
11,moderate,66,residual_horizon_nmpc_gain_2,2.0,114.5,0.16012961936821965,0.033072322183092744,5.373507107498071,0.16033683300151902,0.034271614121578926,5.37214836926243,0.22306699321468826,-0.0019841503906249947,-0.1288805944824219,0.15306699321468825,0.29306699321468827,-0.08,0.08,-0.06293737384646861,0.03505647257371774,5.502387701980493,0.0037126921223744067,0.007425384244748813,not_applicable,0.0,,False,-13389.755641082898,-0.09996440825903621,0.7829630520005345,0.35000000999975117,0.35000000999972525,0.35000000999972525,0.35,0.0,False,False,50667.91082763672,3389.5927045758044,11.487496078413374,0.0007876917887847022,4525.02887742563,1.1271201633807792,1.057845439337298,0.8291739104917131,1.0497015221724948,0.165381683907133,1.0,0.00030848479803221776,0.0006562873235056894,0.001380134036191736,-0.02273632069936974,0.05238554387091182,0.0011889161663444536,-1809.8046884581565,False
11,moderate,66,residual_horizon_nmpc_gain_2,2.0,115.0,0.15904421077253905,0.03280495301405602,5.38997639073019,0.15860075889970152,0.032442581485813415,5.391565314436832,0.22204510236664166,-0.0019709155273437418,-0.12986938476562498,0.15204510236664165,0.29204510236664166,-0.08,0.08,-0.0630008915941026,0.03477586854139976,5.519845775495815,0.0037393008790007243,0.007478601758001449,not_applicable,0.0,,False,-13554.411609270543,-0.09972867717778071,0.7850570033276781,0.35000000999975117,0.35000000999975117,0.3500000099997499,0.35,0.0,False,False,50519.59228515625,3377.9043726223863,11.447883747617162,0.0008063317419121473,4600.21852116221,1.1271201633807792,1.057845439337298,0.8291739104917131,1.0497015221724948,0.165381683907133,1.0,0.00030848479803221776,0.0006562873235056894,0.001380134036191736,-0.02273632069936974,0.05238554387091182,0.0011889161663444536,-1809.8046884581565,False
11,moderate,66,residual_horizon_nmpc_gain_2,2.0,115.5,0.1579444785441574,0.03253430322180669,5.406311168179203,0.15828449666992628,0.0331559676018461,5.4063239060659045,0.22102268325037566,-0.0019574902343750256,-0.13085151000976564,0.15102268325037566,0.29102268325037567,-0.08,0.08,-0.06307820470621825,0.03449179345618172,5.5371626781889685,0.0037591555959478017,0.007518311191895603,not_applicable,0.0,,False,-13719.202040639811,-0.09948789456292531,0.7871387747711145,0.35000000999975117,0.35000000999975117,0.3500000099997511,0.35,0.0,False,False,50372.273498535156,3366.304705364795,11.408571905827854,0.0008252826738445487,4676.054670906255,1.1271201633807792,1.057845439337298,0.8291739104917131,1.0497015221724948,0.165381683907133,1.0,0.00030848479803221776,0.0006562873235056894,0.001380134036191736,-0.02273632069936974,0.05238554387091182,0.0011889161663444536,-1809.8046884581565,False
11,moderate,66,residual_horizon_nmpc_gain_2,2.0,116.0,0.1568303607970089,0.03226037037637907,5.4225097989044135,0.15670540171597935,0.03147123066394269,5.421215026515519,0.22000000000000003,-0.001943874511718735,-0.131826875,0.15000000000000002,0.29000000000000004,-0.08,0.08,-0.06316963920299112,0.034204244888097805,5.554336673904413,0.0037796358526459937,0.007559271705291987,Solve_Succeeded,0.05906379199586809,315844.93403734366,False,-13884.042593635535,-0.09924202647687821,0.7892081199700104,0.35000000999977526,0.35000000999975117,0.35000000999975117,0.35,0.0,False,False,50225.96875,3354.794644306886,11.369563743848234,0.000844543946321908,4752.5220404571055,1.1271201633807792,1.057845439337298,0.8291739104917131,1.0497015221724948,0.165381683907133,1.0,0.00030848479803221776,0.0006562873235056894,0.001380134036191736,-0.02273632069936974,0.05238554387091182,0.0011889161663444536,-1809.8046884581565,False
11,moderate,66,residual_horizon_nmpc_gain_2,2.0,116.5,0.15570180134748385,0.031983153734129965,5.438570641171772,0.1561067228380122,0.0318658773537725,5.438231081931034,0.21897731674962437,-0.0019300683593749812,-0.13279538452148437,0.14897731674962436,0.28897731674962435,-0.08,0.08,-0.06327551540214052,0.03391322209350495,5.571366025693257,0.0038027187175570425,0.007605437435114085,not_applicable,0.0,,False,-14048.84683352493,-0.09899104069271819,0.7912647921464034,0.35000000999977526,0.35000000999975117,0.35000000999975117,0.35,0.0,False,False,50080.692321777344,3343.3751295276165,11.330862447652041,0.0008641146249658773,4829.604582860387,1.1271201633807792,1.057845439337298,0.8291739104917131,1.0497015221724948,0.165381683907133,1.0,0.00030848479803221776,0.0006562873235056894,0.001380134036191736,-0.02273632069936974,0.05238554387091182,0.0011889161663444536,-1809.8046884581565,False
11,moderate,66,residual_horizon_nmpc_gain_2,2.0,117.0,0.1545587499289035,0.03170265427924194,5.454492053307438,0.1545062126686473,0.030668081932580554,5.4534467294309845,0.2179548976333584,-0.001916071777343764,-0.133756943359375,0.1479548976333584,0.2879548976333584,-0.08,0.08,-0.0633961477044549,0.0336187260565857,5.588248996666812,0.003823623934773748,0.007647247869547496,not_applicable,0.0,,False,-14213.526280215543,-0.09873490675815474,0.7933085441232226,0.35000000999977526,0.35000000999977526,0.3500000099997741,0.35,0.0,False,False,49936.45849609375,3332.047099690892,11.292471198417331,0.0008839934687435425,4907.285483793757,1.1271201633807792,1.057845439337298,0.8291739104917131,1.0497015221724948,0.165381683907133,1.0,0.00030848479803221776,0.0006562873235056894,0.001380134036191736,-0.02273632069936974,0.05238554387091182,0.0011889161663444536,-1809.8046884581565,False
11,moderate,66,residual_horizon_nmpc_gain_2,2.0,117.5,0.1534011624030722,0.03141887476425629,5.470272394571857,0.15334441374564542,0.03203792703307372,5.470735591581338,0.2169330067853118,-0.0019018847656250282,-0.13471145629882814,0.1469330067853118,0.2869330067853118,-0.08,0.08,-0.0635318443822396,0.03332075952988132,5.604983850870686,0.0038469815421854434,0.007693963084370887,not_applicable,0.0,,False,-14377.990460667,-0.09847359605836899,0.7953391283425101,0.35000000999977526,0.35000000999977526,0.3500000099997752,0.35,0.0,False,False,49793.28155517578,3320.8114920552794,11.2543931725594,0.0009041789194624811,4985.547155563473,1.1271201633807792,1.057845439337298,0.8291739104917131,1.0497015221724948,0.165381683907133,1.0,0.00030848479803221776,0.0006562873235056894,0.001380134036191736,-0.02273632069936974,0.05238554387091182,0.0011889161663444536,-1809.8046884581565,False
11,moderate,66,residual_horizon_nmpc_gain_2,2.0,118.0,0.15222900096872954,0.031131819749544185,5.485910026053844,0.15239134759975834,0.031347582162745205,5.484266571480145,0.2159119083395943,-0.001887507324218718,-0.13565882812500002,0.1459119083395943,0.28591190833959435,-0.08,0.08,-0.06368290737086477,0.0330193270737629,5.621568854178844,0.003865562483256528,0.007731124966513056,Solve_Succeeded,0.059546542004682124,355483.87990368885,False,-14542.146965936137,-0.09820708187769156,0.797356296883841,0.3500000099998106,0.35000000999977526,0.35000000999977526,0.35,0.0,False,False,49651.17578125,3309.669242483622,11.216631541763368,0.0009246690913188887,5064.371231734581,1.1271201633807792,1.057845439337298,0.8291739104917131,1.0497015221724948,0.165381683907133,1.0,0.00030848479803221776,0.0006562873235056894,0.001380134036191736,-0.02273632069936974,0.05238554387091182,0.0011889161663444536,-1809.8046884581565,False
11,moderate,66,residual_horizon_nmpc_gain_2,2.0,118.5,0.15104223436670078,0.030841495641623452,5.501403311584106,0.15091462566905442,0.03029206271632887,5.502220911481232,0.2148918664303156,-0.0018729394531249999,-0.13659896362304685,0.1448918664303156,0.2848918664303156,-0.08,0.08,-0.06384963206361483,0.03271443509474845,5.638002275207152,0.00389037803726719,0.00778075607453438,not_applicable,0.0,,False,-14705.901512884055,-0.09793533946006651,0.7993598014829447,0.3500000099998106,0.35000000999977526,0.35000000999977526,0.35,0.0,False,False,49510.15545654297,3298.6212854525365,11.179189473016363,0.0009454617605214939,5143.738562416931,1.1271201633807792,1.057845439337298,0.8291739104917131,1.0497015221724948,0.165381683907133,1.0,0.00030848479803221776,0.0006562873235056894,0.001380134036191736,-0.02273632069936974,0.05238554387091182,0.0011889161663444536,-1809.8046884581565,False
11,moderate,66,residual_horizon_nmpc_gain_2,2.0,119.0,0.14984083808151993,0.030547910730228094,5.516750618667621,0.14976358455223984,0.03037518430978972,5.514401629680263,0.2138731451915853,-0.001858181152343763,-0.13753176757812502,0.14387314519158528,0.2838731451915853,-0.08,0.08,-0.06403230711006536,0.03240609188257186,5.654282386245746,0.003906992481145672,0.007813984962291343,not_applicable,0.0,,False,-14869.158010563116,-0.09765834606824218,0.8013493935505227,0.3500000099998106,0.3500000099998106,0.3500000099998089,0.35,0.0,False,False,49370.23486328125,3287.6685540618005,11.14207012863934,0.0009665543550149393,5223.629210229028,1.1271201633807792,1.057845439337298,0.8291739104917131,1.0497015221724948,0.165381683907133,1.0,0.00030848479803221776,0.0006562873235056894,0.001380134036191736,-0.02273632069936974,0.05238554387091182,0.0011889161663444536,-1809.8046884581565,False
11,moderate,66,residual_horizon_nmpc_gain_2,2.0,119.5,0.14862479453928035,0.030251075224037267,5.531950319434214,0.14894065734687775,0.030584237204261563,5.53190425628814,0.21285600875751315,-0.0018432324218750074,-0.13845714477539062,0.14285600875751314,0.28285600875751316,-0.08,0.08,-0.0642312142182328,0.03209430764591227,5.670407464209605,0.003931071997796471,0.007862143995592942,not_applicable,0.0,,False,-15031.818631289889,-0.09737608104162396,0.8033248241912663,0.3500000099998106,0.3500000099998106,0.3500000099998105,0.35,0.0,False,False,49231.42828369141,3276.811980043634,11.105276666318533,0.0009879439443271824,5304.022446960976,1.1271201633807792,1.057845439337298,0.8291739104917131,1.0497015221724948,0.165381683907133,1.0,0.00030848479803221776,0.0006562873235056894,0.001380134036191736,-0.02273632069936974,0.05238554387091182,0.0011889161663444536,-1809.8046884581565,False
11,moderate,66,residual_horizon_nmpc_gain_2,2.0,120.0,0.14739409330144823,0.029951001284970413,5.547000791606639,0.14740284317293967,0.03022082395884672,5.545499387499396,0.21184072126220888,-0.0018280932617187884,-0.13937500000000003,0.14184072126220887,0.2818407212622089,-0.08,0.08,-0.06444662796076064,0.0317790945466892,5.686375791606639,0.003949797441377797,0.007899594882755594,Solve_Succeeded,0.05716058303369209,370142.67171108094,False,-15193.783886398705,-0.09708852585271788,0.8052858442230727,0.3500000099998291,0.3500000099998106,0.3500000099998106,0.35,0.0,False,False,49093.75,3266.0524937718724,11.068812239136545,0.0010096272295664027,5384.896750957489,1.1271201633807792,1.057845439337298,0.8291739104917131,1.0497015221724948,0.165381683907133,1.0,0.00030848479803221776,0.0006562873235056894,0.001380134036191736,-0.02273632069936974,0.05238554387091182,0.0011889161663444536,-1809.8046884581565,False
11,moderate,66,residual_horizon_nmpc_gain_2,2.0,120.5,0.14614873125435834,0.029647703060955353,5.5619004194854265,0.1460462089313661,0.02984806162661587,5.560675326105588,0.21082754683978214,-0.001812763671874995,-0.1402852380371094,0.14082754683978213,0.28082754683978217,-0.08,0.08,-0.0646788155854238,0.031460466732830344,5.702185657522536,0.003970789009114854,0.007941578018229707,not_applicable,0.0,,False,-15354.952706657647,-0.09679566416208855,0.807232204196456,0.3500000099998291,0.3500000099998106,0.3500000099998106,0.35,0.0,False,False,48957.214294433594,3255.391024271041,11.032679995603099,0.0010316005335937208,5466.229805241114,1.1271201633807792,1.057845439337298,0.8291739104917131,1.0497015221724948,0.165381683907133,1.0,0.00030848479803221776,0.0006562873235056894,0.001380134036191736,-0.02273632069936974,0.05238554387091182,0.0011889161663444536,-1809.8046884581565,False
11,moderate,66,residual_horizon_nmpc_gain_2,2.0,121.0,0.14488871279409618,0.029341196717076645,5.576647594949718,0.14477787101372516,0.02886332238097609,5.576083649141846,0.20981674962434263,-0.0017972436523437385,-0.14118776367187502,0.13981674962434262,0.27981674962434266,-0.08,0.08,-0.06492803683024645,0.031138440369420383,5.717835358621594,0.0039922620194202275,0.007984524038840455,not_applicable,0.0,,False,-15515.222527316942,-0.09649748187175113,0.8091636544141589,0.3500000099998291,0.3500000099998291,0.3500000099998282,0.35,0.0,False,False,48821.83544921875,3244.8284992253148,10.996883079685405,0.0010538597913989404,5547.998496395438,1.1271201633807792,1.057845439337298,0.8291739104917131,1.0497015221724948,0.165381683907133,1.0,0.00030848479803221776,0.0006562873235056894,0.001380134036191736,-0.02273632069936974,0.05238554387091182,0.0011889161663444536,-1809.8046884581565,False
11,moderate,66,residual_horizon_nmpc_gain_2,2.0,121.5,0.14361405000645813,0.029031500465012103,5.591240718473242,0.1431681202519531,0.028563110790224083,5.589896275129599,0.20880859375,-0.001781533203124963,-0.14208248168945314,0.13880859375,0.27880859375,-0.08,0.08,-0.06519454374354186,0.030813033668137067,5.733323200162695,0.004011387484402062,0.008022774968804124,not_applicable,0.0,,False,-15674.489377746195,-0.09619396717691198,0.8110799449509581,0.3500000099998291,0.3500000099998291,0.35000000999982905,0.35,0.0,False,False,48687.62774658203,3234.365844987393,10.961424630838241,0.0010764005407072675,5630.178914227208,1.1271201633807792,1.057845439337298,0.8291739104917131,1.0497015221724948,0.165381683907133,1.0,0.00030848479803221776,0.0006562873235056894,0.001380134036191736,-0.02273632069936974,0.05238554387091182,0.0011889161663444536,-1809.8046884581565,False
11,moderate,66,residual_horizon_nmpc_gain_2,2.0,122.0,0.14232476284166956,0.028718634590666328,5.605678200154554,0.14196840514701795,0.027316504542916873,5.606652700644163,0.20780334335086403,-0.0017656323242187244,-0.14296929687499998,0.13780334335086403,0.27780334335086404,-0.08,0.08,-0.06547858050919447,0.030484266914885053,5.7486474970295545,0.004034902751358397,0.008069805502716795,Solve_Succeeded,0.05861179099883884,340102.939310187,False,-15832.647975603888,-0.09588511061597069,0.8129808256736674,0.35000000999983044,0.3500000099998291,0.3500000099998291,0.35,0.0,False,False,48554.60546875,3224.003986587259,10.926307784033632,0.0010992179128457586,5712.746352225552,1.1271201633807792,1.057845439337298,0.8291739104917131,1.0497015221724948,0.165381683907133,1.0,0.00030848479803221776,0.0006562873235056894,0.001380134036191736,-0.02273632069936974,0.05238554387091182,0.0011889161663444536,-1809.8046884581565,False
11,moderate,66,residual_horizon_nmpc_gain_2,2.0,122.5,0.14102087928353174,0.028402621479911298,5.619958460760636,0.14060910705523325,0.029420130663420516,5.619956200410464,0.20680126256104436,-0.0017495410156250224,-0.14384811401367187,0.13680126256104436,0.27680126256104437,-0.08,0.08,-0.06578038327751262,0.03015216249553632,5.763806574774308,0.004052987045911819,0.008105974091823637,not_applicable,0.0,,False,-15989.591825469788,-0.09557090511869211,0.8148660462613366,0.35000000999983044,0.3500000099998291,0.3500000099998291,0.35,0.0,False,False,48422.78289794922,3213.743847740855,10.89153566979025,0.0011223066238990117,5795.675308836051,1.1271201633807792,1.057845439337298,0.8291739104917131,1.0497015221724948,0.165381683907133,1.0,0.00030848479803221776,0.0006562873235056894,0.001380134036191736,-0.02273632069936974,0.05238554387091182,0.0011889161663444536,-1809.8046884581565,False
11,moderate,66,residual_horizon_nmpc_gain_2,2.0,123.0,0.13970243551266004,0.028083485642345522,5.634079932782853,0.1399087802349669,0.02877762059608897,5.635350773105751,0.20580261551465062,-0.001733259277343746,-0.144718837890625,0.13580261551465062,0.27580261551465063,-0.08,0.08,-0.06610018000199058,0.02981674491968927,5.778798770673477,0.004074585483412545,0.00814917096682509,not_applicable,0.0,,False,-16145.21332185624,-0.09525134605245555,0.8167353562256445,0.35000000999983044,0.35000000999983044,0.3500000099998304,0.35,0.0,False,False,48292.17431640625,3203.5863508586476,10.857111414202452,0.0011456609661842341,5878.939489566159,1.1271201633807792,1.057845439337298,0.8291739104917131,1.0497015221724948,0.165381683907133,1.0,0.00030848479803221776,0.0006562873235056894,0.001380134036191736,-0.02273632069936974,0.05238554387091182,0.0011889161663444536,-1809.8046884581565,False
11,moderate,66,residual_horizon_nmpc_gain_2,2.0,123.5,0.1383694760634698,0.027761253732984943,5.648041061504284,0.13818537984751988,0.027323742385443477,5.648877604571293,0.20480766634579267,-0.0017167871093750064,-0.14558137329101561,0.13480766634579266,0.2748076663457927,-0.08,0.08,-0.06643819028232287,0.02947804084235995,5.7936224347953,0.0040936518031400495,0.008187303606280099,not_applicable,0.0,,False,-16299.403856501633,-0.09492643126648645,0.8185885049314899,0.35000000999983044,0.35000000999983044,0.35000000999983044,0.35,0.0,False,False,48162.79400634766,3193.5324170541107,10.82303813896902,0.001169274800076508,5962.5118099380525,1.1271201633807792,1.057845439337298,0.8291739104917131,1.0497015221724948,0.165381683907133,1.0,0.00030848479803221776,0.0006562873235056894,0.001380134036191736,-0.02273632069936974,0.05238554387091182,0.0011889161663444536,-1809.8046884581565,False
11,moderate,66,residual_horizon_nmpc_gain_2,2.0,124.0,0.13702205397456144,0.02743595457180085,5.661840306077364,0.13690292471417206,0.027246833573763448,5.662201430594517,0.20381667918858004,-0.001700124511718748,-0.146435625,0.13381667918858003,0.27381667918858005,-0.08,0.08,-0.0667946252140186,0.0291360790835196,5.808275931077364,0.004112249771901347,0.008224499543802694,Solve_Succeeded,0.05872825003461912,376803.5833677099,False,-16452.05392983497,-0.09459616113397387,0.8204252416177731,0.3500000099995904,0.35000000999983044,0.35000000999983044,0.35,0.0,False,False,48034.65624999999,3183.5829661521066,10.789318961421568,0.001193141546215648,6046.364399303971,1.1271201633807792,1.057845439337298,0.8291739104917131,1.0497015221724948,0.165381683907133,1.0,0.00030848479803221776,0.0006562873235056894,0.001380134036191736,-0.02273632069936974,0.05238554387091182,0.0011889161663444536,-1809.8046884581565,False
11,moderate,66,residual_horizon_nmpc_gain_2,2.0,124.5,0.13566023093215288,0.0271076191610223,5.675476140610721,0.13580498720517614,0.026239954492148266,5.675760743501941,0.2028299181771225,-0.0016832714843749708,-0.14728149780273436,0.1328299181771225,0.27282991817712254,-0.08,0.08,-0.06716968724496963,0.02879089064539727,5.822757638413456,0.004131380230639716,0.008262760461279432,not_applicable,0.0,,False,-16603.053266486197,-0.09426053859197767,0.8222453154183749,0.3500000099995904,0.35000000999983044,0.35000000999983044,0.35,0.0,False,False,47907.77532958985,3173.738916697176,10.755956994552639,0.001217254178126507,6130.468605537979,1.1271201633807792,1.057845439337298,0.8291739104917131,1.0497015221724948,0.165381683907133,1.0,0.00030848479803221776,0.0006562873235056894,0.001380134036191736,-0.02273632069936974,0.05238554387091182,0.0011889161663444536,-1809.8046884581565,False
11,moderate,66,residual_horizon_nmpc_gain_2,2.0,125.0,0.13428407740620577,0.02677628070012306,5.688947055264104,0.13389931453925322,0.02698049172351024,5.687625693388195,0.2018476474455297,-0.0016662280273437857,-0.14811889648437498,0.13184764744552968,0.2718476474455297,-0.08,0.08,-0.06756357003932392,0.028442508727466845,5.837065951748479,0.004147791582721492,0.008295583165442984,not_applicable,0.0,,False,-16752.290934704797,-0.09391956917902784,0.8240484753833285,0.3500000099995904,0.3500000099995904,0.35000000999960207,0.35,0.0,False,False,47782.16552734375,3164.0011859617425,10.722955347043506,0.0012416052152851816,6214.7950006179,1.1271201633807792,1.057845439337298,0.8291739104917131,1.0497015221724948,0.165381683907133,1.0,0.00030848479803221776,0.0006562873235056894,0.001380134036191736,-0.02273632069936974,0.05238554387091182,0.0011889161663444536,-1809.8046884581565,False
11,moderate,66,residual_horizon_nmpc_gain_2,2.0,125.5,0.13289367277889158,0.02644197459841603,5.702251557350195,0.13305617308031878,0.027314760598110673,5.702457406179259,0.20087013112791136,-0.0016489941406250264,-0.14894772583007815,0.13087013112791135,0.27087013112791136,-0.08,0.08,-0.06797645834901977,0.028090968739041055,5.851199283180273,0.004168625424278576,0.008337250848557153,not_applicable,0.0,,False,-16899.655469532296,-0.09357326107031883,0.8258344705001837,0.3500000099995904,0.3500000099995904,0.35000000999959097,0.35,0.0,False,False,47657.84112548828,3154.3706899542217,10.69031712329166,0.0012661867166637495,6299.3133871090395,1.1271201633807792,1.057845439337298,0.8291739104917131,1.0497015221724948,0.165381683907133,1.0,0.00030848479803221776,0.0006562873235056894,0.001380134036191736,-0.02273632069936974,0.05238554387091182,0.0011889161663444536,-1809.8046884581565,False
11,moderate,66,residual_horizon_nmpc_gain_2,2.0,126.0,0.13148910546504486,0.026104738485181078,5.715388172442105,0.13195876123263886,0.026412619560249134,5.712731868275317,0.19989763335837718,-0.0016315698242187482,-0.149767890625,0.12989763335837717,0.2698976333583772,-0.08,0.08,-0.06840852789333232,0.027736308309399826,5.865156063067105,0.004183099488886946,0.008366198977773891,Solve_Succeeded,0.0556716249557212,391861.932675311,False,-17045.03499956395,-0.0932216251104028,0.8276030497155658,0.3500000099996243,0.3500000099995904,0.3500000099995904,0.35,0.0,False,False,47534.81640625,3144.848343427045,10.658045423437997,0.0012909902747867009,6383.992805561577,1.1271201633807792,1.057845439337298,0.8291739104917131,1.0497015221724948,0.165381683907133,1.0,0.00030848479803221776,0.0006562873235056894,0.001380134036191736,-0.02273632069936974,0.05238554387091182,0.0011889161663444536,-1809.8046884581565,False
11,moderate,66,residual_horizon_nmpc_gain_2,2.0,126.5,0.1300704730242529,0.025764612217255702,5.728355445485301,0.13015627483355674,0.02487836248456264,5.72827187131505,0.19893041827103683,-0.0016139550781250067,-0.1505792956542969,0.12893041827103682,0.2689304182710368,-0.08,0.08,-0.06885994524678393,0.02737856729538071,5.878934741139598,0.004205295788958362,0.008410591577916723,not_applicable,0.0,,False,-17188.317377118743,-0.0928646748432861,0.8293539619569262,0.3500000099996243,0.3500000099995904,0.3500000099995904,0.35,0.0,False,False,47413.10565185547,3135.4350598845976,10.626143343393725,0.0013160070103323102,6468.801542831602,1.1271201633807792,1.057845439337298,0.8291739104917131,1.0497015221724948,0.165381683907133,1.0,0.00030848479803221776,0.0006562873235056894,0.001380134036191736,-0.02273632069936974,0.05238554387091182,0.0011889161663444536,-1809.8046884581565,False
11,moderate,66,residual_horizon_nmpc_gain_2,2.0,127.0,0.12863788226423603,0.025421637884021516,5.741151941912675,0.1287204276041905,0.025365304058530266,5.74168356729103,0.19796875000000003,-0.0015961499023437464,-0.15138184570312502,0.12796875000000002,0.26796875000000003,-0.08,0.08,-0.069330867735764,0.027017787786365263,5.8925337876158,0.004224152286758076,0.008448304573516151,not_applicable,0.0,,False,-17329.390311624848,-0.0925024265398354,0.8310869561544854,0.3500000099996243,0.3500000099996243,0.3500000099996226,0.35,0.0,False,False,47292.72314453125,3126.131751591069,10.594613974866968,0.0013412275673124084,6553.707141335143,1.1271201633807792,1.057845439337298,0.8291739104917131,1.0497015221724948,0.165381683907133,1.0,0.00030848479803221776,0.0006562873235056894,0.001380134036191736,-0.02273632069936974,0.05238554387091182,0.0011889161663444536,-1809.8046884581565,False
11,moderate,66,residual_horizon_nmpc_gain_2,2.0,127.5,0.12719144933517704,0.025075859809723523,5.753776248761445,0.12707043624891226,0.02579316015616198,5.754242976012358,0.19701289267937644,-0.0015781542968750228,-0.15217544555664064,0.12701289267937643,0.26701289267937645,-0.08,0.08,-0.0698214433441994,0.026654014106598546,5.905951694318086,0.004241805033563906,0.008483610067127813,not_applicable,0.0,,False,-17468.141506013784,-0.09213489922240095,0.832801781263368,0.3500000099996243,0.3500000099996243,0.3500000099996242,0.35,0.0,False,False,47173.683166503906,3116.9393295782206,10.563460405389087,0.0013666421088640716,6638.67640924335,1.1271201633807792,1.057845439337298,0.8291739104917131,1.0497015221724948,0.165381683907133,1.0,0.00030848479803221776,0.0006562873235056894,0.001380134036191736,-0.02273632069936974,0.05238554387091182,0.0011889161663444536,-1809.8046884581565,False
11,moderate,66,residual_horizon_nmpc_gain_2,2.0,128.0,0.12573129981466546,0.024727324553063274,5.766226975790521,0.12559057192475948,0.025867639241947762,5.76718243770866,0.19606311044327573,-0.0015599682617187804,-0.15296000000000004,0.12606311044327573,0.26606311044327574,-0.08,0.08,-0.07033181062861027,0.026287292814782055,5.919186975790521,0.00426011057431951,0.00852022114863902,Solve_Succeeded,0.055739708011969924,416321.5419808782,False,-17604.458795904622,-0.09176211468656764,0.8344981862859295,0.35000000999987324,0.3500000099996243,0.3500000099996243,0.35,0.0,False,False,47055.99999999999,3107.8587036530726,10.532685718340742,0.0013922403136867212,6723.675431626058,1.1271201633807792,1.057845439337298,0.8291739104917131,1.0497015221724948,0.165381683907133,1.0,0.00030848479803221776,0.0006562873235056894,0.001380134036191736,-0.02273632069936974,0.05238554387091182,0.0011889161663444536,-1809.8046884581565,False
11,moderate,66,residual_horizon_nmpc_gain_2,2.0,128.5,0.12425756878293037,0.02437608090401147,5.77850275659699,0.12444209735995675,0.024718878625117128,5.778555565013073,0.1951196674258077,-0.0015415917968749637,-0.15373541381835942,0.12511966742580768,0.2651196674258077,-0.08,0.08,-0.07086209864287732,0.025917672700886435,5.932238170415349,0.004276364025239877,0.008552728050479755,not_applicable,0.0,,False,-17738.230291345964,-0.09138409751994633,0.8361759202942732,0.35000000999987324,0.3500000099996243,0.3500000099996243,0.35,0.0,False,False,46939.687927246094,3098.8907824055045,10.502292992977637,0.0014180113731579798,6808.669582549599,1.1271201633807792,1.057845439337298,0.8291739104917131,1.0497015221724948,0.165381683907133,1.0,0.00030848479803221776,0.0006562873235056894,0.001380134036191736,-0.02273632069936974,0.05238554387091182,0.0011889161663444536,-1809.8046884581565,False
11,moderate,66,residual_horizon_nmpc_gain_2,2.0,129.0,0.12277040088804453,0.02402217987779022,5.790602249730284,0.12300724109340706,0.024933974220510656,5.789854937966468,0.19418282776108192,-0.0015230249023436837,-0.154501591796875,0.12418282776108192,0.26418282776108193,-0.08,0.08,-0.0714124268730374,0.025545204780133904,5.9451038415271595,0.004292315870665527,0.008584631741331054,not_applicable,0.0,,False,-17869.344520872823,-0.09100087511792194,0.8378347324529601,0.35000000999987324,0.35000000999987324,0.35000000999986114,0.35,0.0,False,False,46824.76123046875,3090.036473215777,10.472285304456019,0.0014439439891614511,6893.623538133983,1.1271201633807792,1.057845439337298,0.8291739104917131,1.0497015221724948,0.165381683907133,1.0,0.00030848479803221776,0.0006562873235056894,0.001380134036191736,-0.02273632069936974,0.05238554387091182,0.0011889161663444536,-1809.8046884581565,True
11,moderate,66,residual_horizon_nmpc_gain_2,2.0,129.5,0.12126995040079366,0.023665674705980053,5.802524139802631,0.12113023614415154,0.023268947222987186,5.802916528841138,0.19325285558320815,-0.001504267578124996,-0.1552584387207031,0.12325285558320814,0.26325285558320816,-0.08,0.08,-0.07198290518241449,0.02516994228410505,5.957782578523334,0.004311146889391559,0.008622293778783117,not_applicable,0.0,,False,-17997.69057762279,-0.09061247769627691,0.8394743720419061,0.35000000999987324,0.35000000999987324,0.35000000999987263,0.35,0.0,False,False,46711.23419189453,3081.2966822619824,10.442665723857933,0.001470026372659183,6978.501290573087,1.1271201633807792,1.057845439337298,0.8291739104917131,1.0497015221724948,0.165381683907133,1.0,0.00030848479803221776,0.0006562873235056894,0.001380134036191736,-0.02273632069936974,0.05238554387091182,0.0011889161663444536,-1809.8046884581565,True
11,moderate,66,residual_horizon_nmpc_gain_2,2.0,130.0,0.11975638125891622,0.023306620824712004,5.81426713859432,0.1199889478666129,0.023293910735752595,5.815161169190402,0.19233001502629604,-0.0014853198242187893,-0.156005859375,0.12233001502629604,0.26233001502629605,-0.08,0.08,-0.07257363376737982,0.024791940648930793,5.97027299796932,0.0043285975118206995,0.008657195023641399,Solve_Succeeded,0.055541208013892174,382982.0457912555,False,-18123.158267245683,-0.09021893830061409,0.8410945884794722,0.35000000999987146,0.35000000999987324,0.3500000099998732,0.35,0.0,False,False,46599.12109375,3072.6723145274013,10.413437318216143,0.0014962462430412114,7063.266163120545,1.1271201633807792,1.057845439337298,0.8291739104917131,1.0497015221724948,0.165381683907133,1.0,0.00030848479803221776,0.0006562873235056894,0.001380134036191736,-0.02273632069936974,0.05238554387091182,0.0011889161663444536,-1809.8046884581565,True
11,moderate,66,residual_horizon_nmpc_gain_2,2.0,130.5,0.11822986710043216,0.022945075859910322,5.825829986152333,0.118310985592634,0.021742045674721145,5.82592054518685,0.1914145702244553,-0.0014661816406250083,-0.1567437585449219,0.12141457022445529,0.2614145702244553,-0.08,0.08,-0.07318470312402313,0.02441125750053533,5.9825737446972544,0.0043440875471525,0.008688175094305,not_applicable,0.0,,False,-18245.63825733087,-0.0898202928125058,0.8426951313457428,0.35000000999987146,0.35000000999987324,0.35000000999987324,0.35,0.0,False,False,46488.43621826172,3064.164273807798,10.384603150538863,0.0015225908282840116,7147.880826043136,1.1271201633807792,1.057845439337298,0.8291739104917131,1.0497015221724948,0.165381683907133,1.0,0.00030848479803221776,0.0006562873235056894,0.001380134036191736,-0.02273632069936974,0.05238554387091182,0.0011889161663444536,-1809.8046884581565,True
11,moderate,66,residual_horizon_nmpc_gain_2,2.0,131.0,0.11669059128579413,0.02258109960955701,5.837211451880846,0.11674174678735724,0.022173487734781384,5.838693923627066,0.19050678531179568,-0.001446853027343764,-0.157472041015625,0.12050678531179568,0.2605067853117957,-0.08,0.08,-0.07381619402600155,0.024027952636900773,5.9946834928964705,0.004362312667574683,0.008724625335149366,not_applicable,0.0,,False,-18365.02222806538,-0.08941657995230101,0.844275750405994,0.35000000999987146,0.35000000999987146,0.3500000099998716,0.35,0.0,False,False,46379.19384765625,3055.7734627186314,10.356166279834195,0.0015490468659489303,7232.307313541637,1.1271201633807792,1.057845439337298,0.8291739104917131,1.0497015221724948,0.165381683907133,1.0,0.00030848479803221776,0.0006562873235056894,0.001380134036191736,-0.02273632069936974,0.05238554387091182,0.0011889161663444536,-1809.8046884581565,True
11,moderate,66,residual_horizon_nmpc_gain_2,2.0,131.5,0.11513874690860912,0.02221475402295507,5.848410335622115,0.11485367905395658,0.022021302705206823,5.8479296630369815,0.18960692442242677,-0.001427333984375001,-0.15819061157226566,0.11960692442242676,0.2596069244224268,-0.08,0.08,-0.07446817751381765,0.023642088007330073,6.006600947194381,0.004375399335559679,0.008750798671119359,not_applicable,0.0,,False,-18481.203023828806,-0.08900784127852761,0.8458361956343506,0.35000000999987146,0.35000000999987146,0.35000000999987146,0.35,0.0,False,False,46271.408264160156,3047.5007827021896,10.328129761134306,0.0015756006050510235,7316.507041638801,1.1271201633807792,1.057845439337298,0.8291739104917131,1.0497015221724948,0.165381683907133,1.0,0.00030848479803221776,0.0006562873235056894,0.001380134036191736,-0.02273632069936974,0.05238554387091182,0.0011889161663444536,-1809.8046884581565,True
11,moderate,66,residual_horizon_nmpc_gain_2,2.0,132.0,0.11357453679469619,0.0218461031769733,5.859425468726242,0.11372942538701404,0.021620408771516605,5.861172834593586,0.18871525169045833,-0.0014076245117187192,-0.158899375,0.11871525169045832,0.25871525169045834,-0.08,0.08,-0.07514071489576214,0.02325372768869202,6.0183248437262415,0.004394526455193062,0.008789052910386124,Solve_Succeeded,0.05664570804219693,371987.1028111134,False,-18594.074805421467,-0.08859412118383131,0.8473762172376315,0.35000000999987224,0.35000000999987146,0.35000000999987146,0.35,0.0,False,False,46165.09375,3039.3471340346637,10.300496645519406,0.0016022378088276737,7400.4408270323775,1.1271201633807792,1.057845439337298,0.8291739104917131,1.0497015221724948,0.165381683907133,1.0,0.00030848479803221776,0.0006562873235056894,0.001380134036191736,-0.02273632069936974,0.05238554387091182,0.0011889161663444536,-1809.8046884581565,True
11,moderate,66,residual_horizon_nmpc_gain_2,2.0,132.5,0.1119981734892631,0.02147521324926149,5.870255715108288,0.11212460088882957,0.02207724382097197,5.870395896977231,0.18783203125000003,-0.001387724609374974,-0.15959823608398438,0.11783203125000002,0.25783203125000004,-0.08,0.08,-0.07583385776073694,0.022862937858636464,6.029853951192273,0.004407576074589185,0.00881515214917837,not_applicable,0.0,,False,-18703.533202615417,-0.08817546688739861,0.8488955656793845,0.35000000999987224,0.35000000999987146,0.35000000999987146,0.35,0.0,False,False,46060.264587402344,3031.31341583313,10.273269980141405,0.0016289437584354148,7484.068906910178,1.1271201633807792,1.057845439337298,0.8291739104917131,1.0497015221724948,0.165381683907133,1.0,0.00030848479803221776,0.0006562873235056894,0.001380134036191736,-0.02273632069936974,0.05238554387091182,0.0011889161663444536,-1809.8046884581565,True
11,moderate,66,residual_horizon_nmpc_gain_2,2.0,133.0,0.11040987923200372,0.021102152488431197,5.8808999722912585,0.11067495413360312,0.021235481851001756,5.879650802754332,0.1869575272351615,-0.0013676342773437655,-0.16028709960937498,0.11695752723516151,0.2569575272351615,-0.08,0.08,-0.07654764800315779,0.022469786765774963,6.041187071900634,0.004420879488057413,0.008841758976114826,not_applicable,0.0,,False,-18809.47546671155,-0.0877519284238167,0.850393991704108,0.35000000999987224,0.35000000999987224,0.3500000099998722,0.35,0.0,False,False,45956.93505859375,3023.4005260624763,10.246452808247394,0.0016557032576021778,7567.350959723112,1.1271201633807792,1.057845439337298,0.8291739104917131,1.0497015221724948,0.165381683907133,1.0,0.00030848479803221776,0.0006562873235056894,0.001380134036191736,-0.02273632069936974,0.05238554387091182,0.0011889161663444536,-1809.8046884581565,True
11,moderate,66,residual_horizon_nmpc_gain_2,2.0,133.5,0.10880988591993802,0.020726991181203473,5.891357172433395,0.10892782574477149,0.020329662105400666,5.890104160844728,0.1860920037800526,-0.0013473535156250382,-0.16096587036132814,0.1160920037800526,0.2560920037800526,-0.08,0.08,-0.07728211786011459,0.02207434469682851,6.052323042794723,0.004435985059416388,0.008871970118832777,not_applicable,0.0,,False,-18911.800622779945,-0.08732355862832981,0.8518712463616613,0.35000000999987224,0.35000000999987224,0.35000000999987224,0.35,0.0,False,False,45855.11944580078,3015.6093615422524,10.22004816920285,0.0016825006382608504,7650.246126910761,1.1271201633807792,1.057845439337298,0.8291739104917131,1.0497015221724948,0.165381683907133,1.0,0.00030848479803221776,0.0006562873235056894,0.001380134036191736,-0.02273632069936974,0.05238554387091182,0.0011889161663444536,-1809.8046884581565,True
11,moderate,66,residual_horizon_nmpc_gain_2,2.0,134.0,0.10719843505783695,0.020349801616531497,5.901626283338301,0.10721843244504668,0.01993910292895848,5.900602615138643,0.18523572501878288,-0.0013268823242187366,-0.16163445312500002,0.11523572501878288,0.2552357250187829,-0.08,0.08,-0.07803728996094593,0.021676683940750233,6.063260736463301,0.004451120777198531,0.008902241554397061,Solve_Succeeded,0.056541375000961125,356882.746000021,False,-19010.409621256495,-0.0868904131184566,0.8533270810318607,0.3500000099998708,0.35000000999987224,0.35000000999987224,0.35,0.0,False,False,45754.83203125,3007.9408179534475,10.194059098514616,0.0017093197671887025,7732.713035573258,1.1271201633807792,1.057845439337298,0.8291739104917131,1.0497015221724948,0.165381683907133,1.0,0.00030848479803221776,0.0006562873235056894,0.001380134036191736,-0.02273632069936974,0.05238554387091182,0.0011889161663444536,-1809.8046884581565,True
11,moderate,66,residual_horizon_nmpc_gain_2,2.0,134.5,0.10557577769609668,0.019970658046712525,5.911706309446363,0.10570306731729301,0.018868859714089196,5.907984300835373,0.1843889550854621,-0.0013062207031249717,-0.16229275268554688,0.1143889550854621,0.2543889550854621,-0.08,0.08,-0.07881317738936543,0.021276878749837497,6.07399906213191,0.004461712534504645,0.00892342506900929,not_applicable,0.0,,False,-19105.205488564752,-0.08645255027194126,0.8547612474492646,0.3500000099998708,0.35000000999987224,0.35000000999987224,0.35,0.0,False,False,45656.087097167976,3000.3957898452063,10.168488627853662,0.0017361440536755397,7814.709822081845,1.1271201633807792,1.057845439337298,0.8291739104917131,1.0497015221724948,0.165381683907133,1.0,0.00030848479803221776,0.0006562873235056894,0.001380134036191736,-0.02273632069936974,0.05238554387091182,0.0011889161663444536,-1809.8046884581565,True
11,moderate,66,residual_horizon_nmpc_gain_2,2.0,135.0,0.10394217435594887,0.0195896366455102,5.921596292805989,0.10402988180193692,0.021316661545622194,5.920651183122857,0.1835519581141999,-0.0012853686523437435,-0.162940673828125,0.11355195811419988,0.2535519581141999,-0.08,0.08,-0.07960978375825102,0.020875005297853945,6.084536966634114,0.004479794721147751,0.008959589442295503,not_applicable,0.0,,False,-19196.093476429516,-0.0860100312010163,0.856173497728144,0.3500000099998708,0.3500000099998708,0.35000000999987085,0.35,0.0,False,False,45558.89892578125,2992.97517064147,10.143339785077583,0.0017629564582418583,7896.194156619562,1.1271201633807792,1.057845439337298,0.8291739104917131,1.0497015221724948,0.165381683907133,1.0,0.00030848479803221776,0.0006562873235056894,0.001380134036191736,-0.02273632069936974,0.05238554387091182,0.0011889161663444536,-1809.8046884581565,True
11,moderate,66,residual_horizon_nmpc_gain_2,2.0,135.5,0.10229789494191724,0.019206815463314895,5.931295314023152,0.10242475662152958,0.018259718402311633,5.93134028127149,0.18272499823910593,-0.0012643261718749965,-0.16357812133789063,0.11272499823910592,0.25272499823910594,-0.08,0.08,-0.08042710329718869,0.020471141635189892,6.094873435361043,0.004495651543998232,0.008991303087996463,not_applicable,0.0,,False,-19282.98120954637,-0.08556291972296282,0.8575635843876396,0.3500000099998708,0.3500000099998708,0.3500000099998708,0.35,0.0,False,False,45463.281799316406,2985.6798526475577,10.118615594252912,0.0017897395024263252,7977.123268642165,1.1271201633807792,1.057845439337298,0.8291739104917131,1.0497015221724948,0.165381683907133,1.0,0.00030848479803221776,0.0006562873235056894,0.001380134036191736,-0.02273632069936974,0.05238554387091182,0.0011889161663444536,-1809.8046884581565,True
11,moderate,66,residual_horizon_nmpc_gain_2,2.0,136.0,0.10064321864145453,0.018822274379376485,5.94080249318779,0.10098228248424992,0.018434104666714374,5.940685779699233,0.18190833959429,-0.0012430932617187862,-0.164205,0.11190833959429,0.25190833959429004,-0.08,0.08,-0.08126512095283547,0.02006536764109527,6.10500749318779,0.004509122080731258,0.009018244161462515,Solve_Succeeded,0.05624912504572421,346452.1506776487,False,-19365.77883127255,-0.08511128232696086,0.8589312603771045,0.3500000099998701,0.3500000099998708,0.3500000099998708,0.35,0.0,False,False,45369.25,2978.5107270566778,10.094319075677182,0.0018164752796601164,8057.453973248988,1.1271201633807792,1.057845439337298,0.8291739104917131,1.0497015221724948,0.165381683907133,1.0,0.00030848479803221776,0.0006562873235056894,0.001380134036191736,-0.02273632069936974,0.05238554387091182,0.0011889161663444536,-1809.8046884581565,True
11,moderate,66,residual_horizon_nmpc_gain_2,2.0,136.5,0.09897843381171899,0.018436095051150573,5.950116990775596,0.09869594793545142,0.018317752077025008,5.951157945786858,0.1811022463138618,-0.0012216699218750016,-0.1648212145996094,0.11110224631386179,0.2511022463138618,-0.08,0.08,-0.0821238125021428,0.019657764973025574,6.114938205375205,0.004524312962244079,0.009048625924488157,not_applicable,0.0,,False,-19444.399147002256,-0.08465518813722984,0.8602762791016343,0.3500000099998701,0.3500000099998708,0.3500000099998708,0.35,0.0,False,False,45276.817810058594,2971.468683956373,10.07045324590077,0.0018431454672432938,8137.1426984512755,1.1271201633807792,1.057845439337298,0.8291739104917131,1.0497015221724948,0.165381683907133,1.0,0.00030848479803221776,0.0006562873235056894,0.001380134036191736,-0.02273632069936974,0.05238554387091182,0.0011889161663444536,-1809.8046884581565,True
11,moderate,66,residual_horizon_nmpc_gain_2,2.0,137.0,0.09730383785347455,0.01804836086080591,5.95923800852377,0.09723775786281544,0.017054472383755924,5.959273110506591,0.18030698253193092,-0.0012000561523436981,-0.165426669921875,0.11030698253193091,0.25030698253193095,-0.08,0.08,-0.08300314467845638,0.019248417013149607,6.1246646784456455,0.004536154184932448,0.009072308369864897,not_applicable,0.0,,False,-19518.757764894188,-0.08419470887246616,0.86159839444778,0.3500000099998701,0.3500000099998701,0.35000000999987013,0.35,0.0,False,False,45185.99951171875,2964.5546123349086,10.047021117748553,0.0018697313394364313,8216.145513325771,1.1271201633807792,1.057845439337298,0.8291739104917131,1.0497015221724948,0.165381683907133,1.0,0.00030848479803221776,0.0006562873235056894,0.001380134036191736,-0.02273632069936974,0.05238554387091182,0.0011889161663444536,-1809.8046884581565,True
11,moderate,66,residual_horizon_nmpc_gain_2,2.0,137.5,0.09561973707212498,0.017659156858947322,5.968164790279321,0.09567064534102303,0.01826461990055593,5.9681254408078495,0.1795228123826071,-0.0011782519531250424,-0.1660212707519531,0.10952281238260708,0.2495228123826071,-0.08,0.08,-0.0839030753104821,0.018837408812072364,6.134186061031274,0.004548845753572905,0.00909769150714581,not_applicable,0.0,,False,-19588.77323361915,-0.08372991880159335,0.862897360809448,0.3500000099998701,0.3500000099998701,0.3500000099998701,0.35,0.0,False,False,45096.80938720703,2957.7694000875917,10.024025700341314,0.001896213781678107,8294.41815703917,1.1271201633807792,1.057845439337298,0.8291739104917131,1.0497015221724948,0.165381683907133,1.0,0.00030848479803221776,0.0006562873235056894,0.001380134036191736,-0.02273632069936974,0.05238554387091182,0.0011889161663444536,-1809.8046884581565,True
11,moderate,66,residual_horizon_nmpc_gain_2,2.0,138.0,0.09392644652591832,0.017268569705615112,5.976896622818552,0.09353055639175581,0.016905419919633468,5.97380645653716,0.17875000000000002,-0.0011562573242187568,-0.16660492187500003,0.10875000000000001,0.24875000000000003,-0.08,0.08,-0.0848235534740817,0.01842482702983387,6.143501544693552,0.00455703262678605,0.0091140652535721,Solve_Succeeded,0.058289082953706384,331802.21654593106,False,-19654.367176801235,-0.08326089469584655,0.8641729331139841,0.35000000999962755,0.3500000099998701,0.3500000099998701,0.35,0.0,False,False,45009.26171875,2951.1139340230284,10.001469999116953,0.00192257330593655,8371.916068728888,1.1271201633807792,1.057845439337298,0.8291739104917131,1.0497015221724948,0.165381683907133,1.0,0.00030848479803221776,0.0006562873235056894,0.001380134036191736,-0.02273632069936974,0.05238554387091182,0.0011889161663444536,-1809.8046884581565,True
11,moderate,66,residual_horizon_nmpc_gain_2,2.0,138.5,0.09222428986138453,0.016876687608628285,5.985432836636378,0.09224257711950419,0.016717027759130608,5.986278819897635,0.1779888095182194,-0.0011340722656249524,-0.16717752807617187,0.1079888095182194,0.24798880951821942,-0.08,0.08,-0.08576451965683488,0.018010759874253237,6.15261036471255,0.0045754467744445575,0.009150893548889115,not_applicable,0.0,,False,-19715.46442383028,-0.08278771577722241,0.8654248668484424,0.35000000999962755,0.3500000099998701,0.3500000099998701,0.35,0.0,False,False,44923.37078857422,2944.589099869325,9.979357015851507,0.0019487900672010268,8448.59441822421,1.1271201633807792,1.057845439337298,0.8291739104917131,1.0497015221724948,0.165381683907133,1.0,0.00030848479803221776,0.0006562873235056894,0.001380134036191736,-0.02273632069936974,0.05238554387091182,0.0011889161663444536,-1809.8046884581565,True
11,moderate,66,residual_horizon_nmpc_gain_2,2.0,139.0,0.0905135991360965,0.016483600259345414,5.993772806704163,0.09082339972369755,0.015420684805446403,5.994505704855735,0.17723950507137493,-0.0011116967773437958,-0.167738994140625,0.10723950507137492,0.24723950507137493,-0.08,0.08,-0.08672590593527843,0.01759529703668921,6.161511800844788,0.004587574833317076,0.009175149666634151,not_applicable,0.0,,False,-19771.99313672919,-0.08231046366333156,0.8666529180860374,0.35000000999962755,0.35000000999962755,0.35000000999963937,0.35,0.0,False,False,44839.15087890625,2938.19578228022,9.957689748679924,0.0019748438811158222,8524.408137590945,1.1271201633807792,1.057845439337298,0.8291739104917131,1.0497015221724948,0.165381683907133,1.0,0.00030848479803221776,0.0006562873235056894,0.001380134036191736,-0.02273632069936974,0.05238554387091182,0.0011889161663444536,-1809.8046884581565,True
11,moderate,66,residual_horizon_nmpc_gain_2,2.0,139.5,0.08879471462887106,0.016089398765923184,6.001915953194812,0.088753944468233,0.01637857986581355,6.000571971250305,0.1765023507935763,-0.0010891308593750093,-0.16828922485351566,0.10650235079357628,0.2465023507935763,-0.08,0.08,-0.08770763616470523,0.017178529625298193,6.170205178048328,0.00459617439542832,0.00919234879085664,not_applicable,0.0,,False,-19823.88493276742,-0.08182922230869982,0.867856843512781,0.35000000999962755,0.35000000999962755,0.3500000099996281,0.35,0.0,False,False,44756.616271972656,2931.934864841167,9.93647119211668,0.0020007142427568374,8599.311953481905,1.1271201633807792,1.057845439337298,0.8291739104917131,1.0497015221724948,0.165381683907133,1.0,0.00030848479803221776,0.0006562873235056894,0.001380134036191736,-0.02273632069936974,0.05238554387091182,0.0011889161663444536,-1809.8046884581565,True
11,moderate,66,residual_horizon_nmpc_gain_2,2.0,140.0,0.08706798463755468,0.01569417558415872,6.009861742173887,0.08650623065187969,0.016252521246040427,6.010998643669923,0.17577761081893314,-0.0010663745117187595,-0.168828125,0.10577761081893314,0.24577761081893315,-0.08,0.08,-0.08870962618137847,0.01676055009587748,6.178689867173887,0.004611547252084772,0.009223094504169544,Solve_Succeeded,0.05565724999178201,339500.92218568234,False,-19871.075002519727,-0.08134407794257145,0.8690364004543025,0.35000000999963055,0.35000000999962755,0.35000000999962755,0.35,0.0,False,False,44675.78125,2925.80723007535,9.91570433707618,0.0020263803465478264,8673.260420274513,1.1271201633807792,1.057845439337298,0.8291739104917131,1.0497015221724948,0.165381683907133,1.0,0.00030848479803221776,0.0006562873235056894,0.001380134036191736,-0.02273632069936974,0.05238554387091182,0.0011889161663444536,-1809.8046884581565,True
11,moderate,66,residual_horizon_nmpc_gain_2,2.0,140.5,0.08533376526456456,0.015298024446007827,6.017609686255555,0.0851985629889759,0.01575181103563861,6.016194427490429,0.1750655492815552,-0.001043427734374991,-0.16935559936523442,0.1050655492815552,0.24506554928155522,-0.08,0.08,-0.08973178401699065,0.01634145218038282,6.186965285620789,0.004619079393833398,0.009238158787666796,not_applicable,0.0,,False,-19913.502223078955,-0.08085511900327588,0.8701913469028518,0.35000000999963055,0.35000000999962755,0.35000000999962755,0.35,0.0,False,False,44596.660095214844,2919.813759449646,9.895392170892935,0.0020518211073102554,8746.207953975967,1.1271201633807792,1.057845439337298,0.8291739104917131,1.0497015221724948,0.165381683907133,1.0,0.00030848479803221776,0.0006562873235056894,0.001380134036191736,-0.02273632069936974,0.05238554387091182,0.0011889161663444536,-1809.8046884581565,True
11,moderate,66,residual_horizon_nmpc_gain_2,2.0,141.0,0.08359242019038435,0.014901040285876918,6.0251593452222405,0.08385413665067899,0.014743028515787597,6.024979061560993,0.17436643031555224,-0.0010202905273437035,-0.169871552734375,0.10436643031555223,0.24436643031555225,-0.08,0.08,-0.09077401012516789,0.01592133081322062,6.195030897956616,0.004632167377059536,0.009264334754119072,not_applicable,0.0,,False,-19951.109266141713,-0.08036243606922634,0.8713214415444862,0.35000000999963055,0.35000000999963055,0.3500000099996304,0.35,0.0,False,False,44519.26708984375,2913.9553333805284,9.875537677341596,0.0020770151824375544,8818.108866875546,1.1271201633807792,1.057845439337298,0.8291739104917131,1.0497015221724948,0.165381683907133,1.0,0.00030848479803221776,0.0006562873235056894,0.001380134036191736,-0.02273632069936974,0.05238554387091182,0.0011889161663444536,-1809.8046884581565,True
11,moderate,66,residual_horizon_nmpc_gain_2,2.0,141.5,0.08184432043523944,0.014503319164792002,6.032510326606886,0.08187034666562738,0.013988466802275718,6.0314141064610665,0.17368051805503382,-0.0009969628906250083,-0.17037588989257813,0.10368051805503381,0.24368051805503382,-0.08,0.08,-0.09183619761979438,0.01550028205541701,6.202886216499464,0.004641642061678483,0.009283284123356966,not_applicable,0.0,,False,-19983.842700697183,-0.07986612178662741,0.8724264437864387,0.35000000999963055,0.35000000999963055,0.35000000999963055,0.35,0.0,False,False,44443.61651611328,2908.2328312399127,9.856143836656756,0.002101940995181263,8888.917402922583,1.1271201633807792,1.057845439337298,0.8291739104917131,1.0497015221724948,0.165381683907133,1.0,0.00030848479803221776,0.0006562873235056894,0.001380134036191736,-0.02273632069936974,0.05238554387091182,0.0011889161663444536,-1809.8046884581565,True
11,moderate,66,residual_horizon_nmpc_gain_2,2.0,142.0,0.08008984410920433,0.014104958192553353,6.0396622862367915,0.08052268474270433,0.013856073023614801,6.041657367529453,0.17300807663410972,-0.0009734448242187388,-0.170868515625,0.10300807663410971,0.24300807663410973,-0.08,0.08,-0.09291823252490539,0.015078403016772091,6.2105308018617915,0.004656955725786915,0.00931391145157383,Solve_Succeeded,0.05283804202917963,305540.1415646732,False,-20011.65309006207,-0.07936627079397496,0.87350611378467,0.35000000999959796,0.35000000999963055,0.35000000999963055,0.35,0.0,False,False,44369.72265625,2902.64713136095,9.837213625552586,0.002126576759033272,8958.587773808174,1.1271201633807792,1.057845439337298,0.8291739104917131,1.0497015221724948,0.165381683907133,1.0,0.00030848479803221776,0.0006562873235056894,0.001380134036191736,-0.02273632069936974,0.05238554387091182,0.0011889161663444536,-1809.8046884581565,True
11,moderate,66,residual_horizon_nmpc_gain_2,2.0,142.5,0.07832937615102062,0.013706055447989581,6.046614928738055,0.07793942947881354,0.013878358172462352,6.04671311810341,0.17234937018688956,-0.000949736328125006,-0.17134933471679686,0.10234937018688955,0.24234937018688957,-0.08,0.08,-0.09401999403586894,0.014655791776114587,6.217964263454852,0.004664286963075498,0.009328573926150996,not_applicable,0.0,,False,-20034.495083017206,-0.07886297964344008,0.8745602124716015,0.35000000999959796,0.35000000999963055,0.35000000999963055,0.35,0.0,False,False,44297.59979248047,2897.199111043762,9.818750017242264,0.002150900503184819,9027.074195727268,1.1271201633807792,1.057845439337298,0.8291739104917131,1.0497015221724948,0.165381683907133,1.0,0.00030848479803221776,0.0006562873235056894,0.001380134036191736,-0.02273632069936974,0.05238554387091182,0.0011889161663444536,-1809.8046884581565,True
11,moderate,66,residual_horizon_nmpc_gain_2,2.0,143.0,0.0765633080559302,0.013306709897429547,6.053368007999689,0.07674925386354203,0.013057187938454881,6.053754340959006,0.1717046628474831,-0.0009258374023437543,-0.171818251953125,0.10170466284748308,0.2417046628474831,-0.08,0.08,-0.09514135479155289,0.014232547299773302,6.225186259952814,0.004674857816961656,0.009349715633923311,not_applicable,0.0,,False,-20052.327498816576,-0.07835634671923557,0.8755885015840311,0.35000000999959796,0.35000000999959796,0.35000000999959957,0.35,0.0,False,False,44227.26220703125,2891.8896465611238,9.800755981457243,0.002174890099039547,9094.330926797677,1.1271201633807792,1.057845439337298,0.8291739104917131,1.0497015221724948,0.165381683907133,1.0,0.00030848479803221776,0.0006562873235056894,0.001380134036191736,-0.02273632069936974,0.05238554387091182,0.0011889161663444536,-1809.8046884581565,True
11,moderate,66,residual_horizon_nmpc_gain_2,2.0,143.5,0.07479203759285366,0.012907021311515079,6.059921327596552,0.07432613570298802,0.012569284335428256,6.058551899103975,0.17107421875,-0.0009017480468749839,-0.17227517211914062,0.10107421875,0.24107421875,-0.08,0.08,-0.09628218115714635,0.013808769358390063,6.232196499715692,0.004681924498696574,0.009363848997393148,not_applicable,0.0,,False,-20065.113405853477,-0.07784647215307014,0.8765907436912289,0.35000000999959796,0.35000000999959796,0.350000009999598,0.35,0.0,False,False,44158.724182128906,2886.719613164095,9.783234484466332,0.00219852328775421,9160.31230511107,1.1271201633807792,1.057845439337298,0.8291739104917131,1.0497015221724948,0.165381683907133,1.0,0.00030848479803221776,0.0006562873235056894,0.001380134036191736,-0.02273632069936974,0.05238554387091182,0.0011889161663444536,-1809.8046884581565,True
11,moderate,66,residual_horizon_nmpc_gain_2,2.0,144.0,0.0730159685112689,0.01250709018048163,6.066274741170306,0.07293459170555877,0.013352854516430939,6.067818346427887,0.17045830202855,-0.0008774682617187501,-0.17271999999999998,0.10045830202855,0.24045830202855,-0.08,0.08,-0.0974423335172811,0.01338455844220038,6.238994741170306,0.004695843216800689,0.009391686433601379,Solve_Succeeded,0.05513916601194069,310835.196175538,False,-20072.820193784875,-0.07733345773680304,0.8775667022232162,0.350000009999852,0.35000000999959796,0.35000000999959796,0.35,0.0,False,False,44092.0,2881.6898850875914,9.766188489094581,0.0022217777087771245,9224.972787390545,1.1271201633807792,1.057845439337298,0.8291739104917131,1.0497015221724948,0.165381683907133,1.0,0.00030848479803221776,0.0006562873235056894,0.001380134036191736,-0.02273632069936974,0.05238554387091182,0.0011889161663444536,-1809.8046884581565,True
11,moderate,66,residual_horizon_nmpc_gain_2,2.0,144.5,0.07123551023816885,0.012107017628037887,6.072428152767658,0.07146938773154156,0.011264381893075746,6.072632688975538,0.1698571768172427,-0.0008529980468749976,-0.17315264038085937,0.09985717681724268,0.2398571768172427,-0.08,0.08,-0.09862166657907384,0.012960015674912884,6.245580793148517,0.004703217068305357,0.009406434136610714,not_applicable,0.0,,False,-20075.419638931744,-0.07681740683241807,0.8785161414992242,0.350000009999852,0.35000000999959796,0.35000000999959796,0.35,0.0,False,False,44027.103942871094,2876.8013355559106,9.749620954742001,0.0022446309293507635,9288.266988228595,1.1271201633807792,1.057845439337298,0.8291739104917131,1.0497015221724948,0.165381683907133,1.0,0.00030848479803221776,0.0006562873235056894,0.001380134036191736,-0.02273632069936974,0.05238554387091182,0.0011889161663444536,-1809.8046884581565,True
11,moderate,66,residual_horizon_nmpc_gain_2,2.0,145.0,0.06945107756550092,0.011706905323978837,6.078381517135216,0.06919277477882795,0.011761840696517745,6.077993012822878,0.16927110725018785,-0.0008283374023437817,-0.17357299804687498,0.09927110725018784,0.23927110725018785,-0.08,0.08,-0.09982002968468692,0.012535242726322619,6.25195451518209,0.0047112016737226245,0.009422403347445249,not_applicable,0.0,,False,-20072.88796278982,-0.0762984242794417,0.8794388267563331,0.350000009999852,0.350000009999852,0.3500000099998396,0.35,0.0,False,False,43964.05029296875,2872.054836788207,9.733534837402127,0.002267060474941205,9350.14971987834,1.1271201633807792,1.057845439337298,0.8291739104917131,1.0497015221724948,0.165381683907133,1.0,0.00030848479803221776,0.0006562873235056894,0.001380134036191736,-0.02273632069936974,0.05238554387091182,0.0011889161663444536,-1809.8046884581565,True
11,moderate,66,residual_horizon_nmpc_gain_2,2.0,145.5,0.06766309032851311,0.011306855395670034,6.084134839970377,0.06723028871687858,0.011149606555973966,6.08405089752849,0.16870035746149514,-0.0008034863281249915,-0.17398097778320315,0.09870035746149514,0.23870035746149515,-0.08,0.08,-0.10103726713298203,0.012110341723795026,6.2581158177535805,0.004720419428300336,0.009440838856600672,not_applicable,0.0,,False,-20065.205883503575,-0.07577661629993734,0.8803345241782927,0.350000009999852,0.350000009999852,0.35000000999985137,0.35,0.0,False,False,43902.85333251953,2867.45126000391,9.717933089680376,0.0022890438605535227,9410.576032570238,1.1271201633807792,1.057845439337298,0.8291739104917131,1.0497015221724948,0.165381683907133,1.0,0.00030848479803221776,0.0006562873235056894,0.001380134036191736,-0.02273632069936974,0.05238554387091182,0.0011889161663444536,-1809.8046884581565,True
11,moderate,66,residual_horizon_nmpc_gain_2,2.0,146.0,0.06587197307545345,0.010906970338543587,6.089688178127696,0.06623191612813552,0.00996302331863465,6.090672553006552,0.16814519158527425,-0.0007784448242186826,-0.17437648437499997,0.09814519158527424,0.23814519158527425,-0.08,0.08,-0.1022732185098208,0.01168541516276227,6.264064662502697,0.004730656996643654,0.009461313993287307,Solve_Succeeded,0.05805550003424287,258931.2165762078,False,-20052.358660173923,-0.07525209040121232,0.8812030009245224,0.35000000999953024,0.350000009999852,0.3500000099998519,0.35,0.0,False,False,43843.52734375,2862.991475428098,9.702818660812255,0.0023105586228884117,9469.501255325487,1.1271201633807792,1.057845439337298,0.8291739104917131,1.0497015221724948,0.165381683907133,1.0,0.00030848479803221776,0.0006562873235056894,0.001380134036191736,-0.02273632069936974,0.05238554387091182,0.0011889161663444536,-1809.8046884581565,True
11,moderate,66,residual_horizon_nmpc_gain_2,2.0,146.5,0.06407815472908997,0.010507352925748888,6.095041639780294,0.0637334704724015,0.011279136537147752,6.097582993650525,0.16760587375563488,-0.0007532128906250213,-0.17475942260742183,0.09760587375563487,0.23760587375563488,-0.08,0.08,-0.10352771902654491,0.01126056581637391,6.269801062387716,0.0047411055333582,0.0094822110667164,not_applicable,0.0,,False,-20034.33612988973,-0.07472495527638014,0.8820440251592905,0.35000000999953024,0.350000009999852,0.350000009999852,0.35,0.0,False,False,43786.08660888672,2858.67635229682,9.68819449668141,0.002331582353291782,9526.881037236892,1.1271201633807792,1.057845439337298,0.8291739104917131,1.0497015221724948,0.165381683907133,1.0,0.00030848479803221776,0.0006562873235056894,0.001380134036191736,-0.02273632069936974,0.05238554387091182,0.0011889161663444536,-1809.8046884581565,True
11,moderate,66,residual_horizon_nmpc_gain_2,2.0,147.0,0.062282068240538134,0.010108106117103137,6.10019538453591,0.06198385142798691,0.009352624296375366,6.09942996940958,0.16708266810668673,-0.0007277905273437857,-0.175129697265625,0.09708266810668673,0.23708266810668674,-0.08,0.08,-0.10480059986614859,0.010835896644446922,6.275325081801535,0.004744078288383982,0.009488156576767964,not_applicable,0.0,,False,-20011.132737391592,-0.07419532070292596,0.8828573660810748,0.35000000999953024,0.35000000999953024,0.3500000099995459,0.35,0.0,False,False,43730.54541015625,2854.506758862366,9.674063539837478,0.002352092731445298,9582.671389186728,1.1271201633807792,1.057845439337298,0.8291739104917131,1.0497015221724948,0.165381683907133,1.0,0.00030848479803221776,0.0006562873235056894,0.001380134036191736,-0.02273632069936974,0.05238554387091182,0.0011889161663444536,-1809.8046884581565,True
11,moderate,66,residual_horizon_nmpc_gain_2,2.0,147.5,0.060484150235900855,0.009709332967488465,6.10514962350729,0.06077805673921052,0.00951615416626,6.1049920146752665,0.16657583877253945,-0.0007021777343750313,-0.17548721313476562,0.09657583877253945,0.23657583877253946,-0.08,0.08,-0.1060916885366386,0.010411510701863497,6.2806368366420555,0.0047527122712420836,0.009505424542484167,not_applicable,0.0,,False,-19982.74755729655,-0.07366329743942746,0.8836427939521009,0.35000000999953024,0.35000000999953024,0.350000009999531,0.35,0.0,False,False,43676.918029785156,2850.4835623984977,9.660428729513812,0.0023720675597422927,9636.828725970718,1.1271201633807792,1.057845439337298,0.8291739104917131,1.0497015221724948,0.165381683907133,1.0,0.00030848479803221776,0.0006562873235056894,0.001380134036191736,-0.02273632069936974,0.05238554387091182,0.0011889161663444536,-1809.8046884581565,True
11,moderate,66,residual_horizon_nmpc_gain_2,2.0,148.0,0.058684840656243485,0.00931113653484373,6.1099046193366675,0.05837959110606758,0.011067590757678514,6.108528543487058,0.1660856498873028,-0.0006763745117187581,-0.17583187500000003,0.09608564988730278,0.2360856498873028,-0.08,0.08,-0.1074008092310593,0.009987511046562488,6.285736494336668,0.004758080304610434,0.009516160609220867,Solve_Succeeded,0.060030208027455956,290980.17225228884,False,-19949.184308831347,-0.07312899712058758,0.8844000801280599,0.35000000999983555,0.35000000999953024,0.3500000099995303,0.35,0.0,False,False,43625.21875,2846.6076292056214,9.647293001645018,0.0023914847982898827,9689.30990879606,1.1271201633807792,1.057845439337298,0.8291739104917131,1.0497015221724948,0.165381683907133,1.0,0.00030848479803221776,0.0006562873235056894,0.001380134036191736,-0.02273632069936974,0.05238554387091182,0.0011889161663444536,-1809.8046884581565,True
11,moderate,66,residual_horizon_nmpc_gain_2,2.0,148.5,0.0568845823914422,0.008913619787899969,6.114460686174172,0.05681529645800197,0.008944837980439792,6.114370816998726,0.16561236558508644,-0.000650380859374966,-0.17616358764648438,0.09561236558508643,0.23561236558508644,-0.08,0.08,-0.10872778319364423,0.009564000647274935,6.290624273820656,0.004767402837212227,0.009534805674424454,not_applicable,0.0,,False,-19910.451363042615,-0.07259253215074071,0.8851289970880061,0.35000000999983555,0.35000000999953024,0.35000000999953024,0.35,0.0,False,False,43575.461853027344,2842.879824615921,9.634659288884347,0.002410322600474638,9740.072288120904,1.1271201633807792,1.057845439337298,0.8291739104917131,1.0497015221724948,0.165381683907133,1.0,0.00030848479803221776,0.0006562873235056894,0.001380134036191736,-0.02273632069936974,0.05238554387091182,0.0011889161663444536,-1809.8046884581565,True
11,moderate,66,residual_horizon_nmpc_gain_2,2.0,149.0,0.05508382090845864,0.008516885513809053,6.118818189610078,0.05533817151106769,0.008862918408924612,6.1210255165593574,0.16515625,-0.0006241967773437107,-0.176482255859375,0.09515625,0.23515625,-0.08,0.08,-0.11007242909154136,0.009141082291152763,6.2953004454694526,0.004777887124405668,0.009555774248811336,not_applicable,0.0,,False,-19866.56174247152,-0.07205401559599565,0.8858293184644305,0.35000000999983555,0.35000000999983555,0.35000000999982067,0.35,0.0,False,False,43527.66162109375,2839.3010129984405,9.622530520620925,0.0024285593490257643,9789.073746801641,1.1271201633807792,1.057845439337298,0.8291739104917131,1.0497015221724948,0.165381683907133,1.0,0.00030848479803221776,0.0006562873235056894,0.001380134036191736,-0.02273632069936974,0.05238554387091182,0.0011889161663444536,-1809.8046884581565,True
11,moderate,66,residual_horizon_nmpc_gain_2,2.0,149.5,0.05328300387460703,0.008121036225815144,6.1229775465608745,0.05341102319244671,0.008301078020855536,6.124331972729457,0.16471756726615328,-0.0005978222656249921,-0.1767877844238281,0.09471756726615327,0.23471756726615328,-0.08,0.08,-0.11143456339154625,0.008718858491440136,6.299765330984703,0.004783232881367179,0.009566465762734358,not_applicable,0.0,,False,-19817.53311330079,-0.07151356107518406,0.8865008190735161,0.35000000999983555,0.35000000999983555,0.3500000099998348,0.35,0.0,False,False,43481.83233642579,2835.872057764125,9.61090962299683,0.002446173692506367,9836.272743513422,1.1271201633807792,1.057845439337298,0.8291739104917131,1.0497015221724948,0.165381683907133,1.0,0.00030848479803221776,0.0006562873235056894,0.001380134036191736,-0.02273632069936974,0.05238554387091182,0.0011889161663444536,-1809.8046884581565,True
11,moderate,66,residual_horizon_nmpc_gain_2,2.0,150.0,0.051482580776391756,0.007726174071118335,6.126939225109214,0.05126175234765099,0.007624119434714336,6.127060757505608,0.16429658151765592,-0.0005712573242187546,-0.17708007812499998,0.09429658151765591,0.23429658151765592,-0.08,0.08,-0.11281400074126416,0.00829743139533709,6.304019303234214,0.004787718483197744,0.009575436966395488,Solve_Succeeded,0.05874233297072351,242773.00912030897,False,-19763.387770001766,-0.07097128264978374,0.8871432749455687,0.35000000999945985,0.35000000999983555,0.3500000099998355,0.35,0.0,False,False,43437.98828125,2832.59382137081,9.599799518924007,0.002463144582160298,9881.628356408664,1.1271201633807792,1.057845439337298,0.8291739104917131,1.0497015221724948,0.165381683907133,1.0,0.00030848479803221776,0.0006562873235056894,0.001380134036191736,-0.02273632069936974,0.05238554387091182,0.0011889161663444536,-1809.8046884581565,True
11,moderate,66,residual_horizon_nmpc_gain_2,2.0,150.5,0.04968300253450372,0.007332400739079133,6.13070374429788,0.04976242403455318,0.007448093213517023,6.128773203284321,0.1638935568886176,-0.0005445019531249984,-0.17735904174804684,0.09389355688861759,0.2338935568886176,-0.08,0.08,-0.11421055435411387,0.007876902692204132,6.308062786045927,0.004790675394638372,0.009581350789276744,not_applicable,0.0,,False,-19704.15261252869,-0.07042729471298992,0.8877564633556255,0.35000000999945985,0.35000000999983555,0.35000000999983555,0.35,0.0,False,False,43396.14373779297,2829.467165328174,9.589203128101051,0.0024794513090388415,9925.100326977048,1.1271201633807792,1.057845439337298,0.8291739104917131,1.0497015221724948,0.165381683907133,1.0,0.00030848479803221776,0.0006562873235056894,0.001380134036191736,-0.02273632069936974,0.05238554387091182,0.0011889161663444536,-1809.8046884581565,True
11,moderate,66,residual_horizon_nmpc_gain_2,2.0,151.0,0.047884721115572744,0.006939817369911434,6.134271673877969,0.0481008052636325,0.006150860944069709,6.1320640513860285,0.16350875751314803,-0.0005175561523437788,-0.17762458007812498,0.09350875751314802,0.23350875751314804,-0.08,0.08,-0.11562403639757529,0.007457373522255213,6.311896253956093,0.0047961816978786195,0.009592363395757239,not_applicable,0.0,,False,-19639.859116127453,-0.06988171187810933,0.8883401628542431,0.35000000999945985,0.35000000999945985,0.3500000099994781,0.35,0.0,False,False,43356.31298828125,2826.4929502026407,9.579123367029817,0.0024950735413287934,9966.649104069937,1.1271201633807792,1.057845439337298,0.8291739104917131,1.0497015221724948,0.165381683907133,1.0,0.00030848479803221776,0.0006562873235056894,0.001380134036191736,-0.02273632069936974,0.05238554387091182,0.0011889161663444536,-1809.8046884581565,True
11,moderate,66,residual_horizon_nmpc_gain_2,2.0,151.5,0.046088189141280496,0.00654852446401013,6.137643634011584,0.04615812823224604,0.006818554231247703,6.140922579270972,0.1631424475253569,-0.0004904199218750405,-0.17787659790039062,0.09314244752535689,0.2331424475253569,-0.08,0.08,-0.1170542583840764,0.00703894438588517,6.315520231911975,0.004810253412148635,0.00962050682429727,not_applicable,0.0,,False,-19570.543293843933,-0.06933464886645258,0.8888941532984604,0.35000000999945985,0.35000000999945985,0.35000000999946074,0.35,0.0,False,False,43318.510314941406,2823.6720356222395,9.569563149031898,0.0025099913618004607,10006.235888050562,1.1271201633807792,1.057845439337298,0.8291739104917131,1.0497015221724948,0.165381683907133,1.0,0.00030848479803221776,0.0006562873235056894,0.001380134036191736,-0.02273632069936974,0.05238554387091182,0.0011889161663444536,-1809.8046884581565,True
11,moderate,66,residual_horizon_nmpc_gain_2,2.0,152.0,0.04429385949544439,0.006158621792057715,6.140820294929378,0.04386780038471526,0.0060326646030025724,6.1398496879166835,0.1627948910593539,-0.0004630932617187278,-0.17811500000000002,0.0927948910593539,0.23279489105935391,-0.08,0.08,-0.11850103156390951,0.006621715053776443,6.318935294929378,0.004808973479192281,0.009617946958384561,Solve_Succeeded,0.0586159160011448,229701.22309459455,False,-19496.24565183734,-0.06878622039490212,0.8894182158829406,0.3500000099993947,0.35000000999945985,0.3500000099994599,0.35,0.0,False,False,43282.75,2821.0052802814257,9.56052538426496,0.0025241853052917567,10043.822675031022,1.1271201633807792,1.057845439337298,0.8291739104917131,1.0497015221724948,0.165381683907133,1.0,0.00030848479803221776,0.0006562873235056894,0.001380134036191736,-0.02273632069936974,0.05238554387091182,0.0011889161663444536,-1809.8046884581565,True
11,moderate,66,residual_horizon_nmpc_gain_2,2.0,152.5,0.04250218492968702,0.005770208306052027,6.14380237654338,0.04222555779436171,0.004665561985022755,6.1420651809715885,0.16246635224924869,-0.0004355761718750073,-0.17833969116210935,0.09246635224924868,0.2324663522492487,-0.08,0.08,-0.11996416731956167,0.0062057844779270345,6.322142067705489,0.004812909492140811,0.009625818984281623,not_applicable,0.0,,False,-19417.01113762085,-0.06823654106333382,0.8899121331712881,0.3500000099993947,0.35000000999945985,0.35000000999945985,0.35,0.0,False,False,43249.046325683594,2818.4935419458525,9.55201297973891,0.0025376363961420114,10079.372301155367,1.1271201633807792,1.057845439337298,0.8291739104917131,1.0497015221724948,0.165381683907133,1.0,0.00030848479803221776,0.0006562873235056894,0.001380134036191736,-0.02273632069936974,0.05238554387091182,0.0011889161663444536,-1809.8046884581565,True
11,moderate,66,residual_horizon_nmpc_gain_2,2.0,153.0,0.040713617668308374,0.005383382051394723,6.146590648015596,0.04040690109408813,0.006334459934140189,6.144068053441383,0.162157095229151,-0.000407868652343768,-0.17855057617187503,0.092157095229151,0.232157095229151,-0.08,0.08,-0.12144347756084263,0.005791250703738491,6.325141224187471,0.004816367173261282,0.009632734346522565,not_applicable,0.0,,False,-19332.889081370555,-0.06768572524206884,0.8903756891275432,0.3500000099993947,0.3500000099993947,0.35000000999939784,0.35,0.0,False,False,43217.41357421875,2816.1376774571086,9.544028839331956,0.002550326185487019,10112.848486887524,1.1271201633807792,1.057845439337298,0.8291739104917131,1.0497015221724948,0.165381683907133,1.0,0.00030848479803221776,0.0006562873235056894,0.001380134036191736,-0.02273632069936974,0.05238554387091182,0.0011889161663444536,-1809.8046884581565,True
11,moderate,66,residual_horizon_nmpc_gain_2,2.0,153.5,0.03892860901297931,0.004998240080177152,6.14918592728296,0.03915025182311541,0.004924602020249235,6.14772019199134,0.16186738413317056,-0.0003799707031249544,-0.17874755981445312,0.09186738413317055,0.23186738413317057,-0.08,0.08,-0.12293877512019125,0.005378210783302107,6.327933487097413,0.004822619161109598,0.009645238322219196,not_applicable,0.0,,False,-19243.933130460002,-0.06713388695953432,0.8908086691478525,0.3500000099993947,0.3500000099993947,0.35000000999939485,0.35,0.0,False,False,43187.86602783203,2813.938542737408,9.536575863806503,0.0025622367883247777,10144.215881261123,1.1271201633807792,1.057845439337298,0.8291739104917131,1.0497015221724948,0.165381683907133,1.0,0.00030848479803221776,0.0006562873235056894,0.001380134036191736,-0.02273632069936974,0.05238554387091182,0.0011889161663444536,-1809.8046884581565,True
11,moderate,66,residual_horizon_nmpc_gain_2,2.0,154.0,0.03714760894787408,0.004614878365797104,6.151589080539248,0.03731531369295776,0.0043181782888360425,6.152159545715705,0.161597483095417,-0.000351882324218733,-0.17893054687499999,0.09159748309541699,0.231597483095417,-0.08,0.08,-0.12444987414754291,0.004966760690015837,6.3305196274142475,0.004830031563742208,0.009660063127484415,Solve_Succeeded,0.05929662496782839,218168.35079252947,False,-19150.201177394836,-0.06658113979030861,0.8912108600923155,0.35000000999930425,0.3500000099993947,0.3500000099993947,0.35,0.0,False,False,43160.41796875,2811.8969927942394,9.529656950824899,0.0025733509202597723,10173.440106047627,1.1271201633807792,1.057845439337298,0.8291739104917131,1.0497015221724948,0.165381683907133,1.0,0.00030848479803221776,0.0006562873235056894,0.001380134036191736,-0.02273632069936974,0.05238554387091182,0.0011889161663444536,-1809.8046884581565,True
11,moderate,66,residual_horizon_nmpc_gain_2,2.0,154.5,0.0353710657458579,0.004233391719036262,6.153801021674669,0.035072138663925036,0.004267553758599611,6.153481060372288,0.16134765625,-0.0003236035156249928,-0.17909944213867185,0.09134765624999999,0.23134765625,-0.08,0.08,-0.1259765905041421,0.004556995234661255,6.332900463813341,0.004832538223456619,0.009665076446913237,not_applicable,0.0,,False,-19051.755281337006,-0.06602759674372669,0.8915820503170069,0.35000000999930425,0.3500000099993947,0.3500000099993947,0.35,0.0,False,False,43135.08367919922,2810.013881724981,9.523274994965092,0.0025836519338319932,10200.48779979745,1.1271201633807792,1.057845439337298,0.8291739104917131,1.0497015221724948,0.165381683907133,1.0,0.00030848479803221776,0.0006562873235056894,0.001380134036191736,-0.02273632069936974,0.05238554387091182,0.0011889161663444536,-1809.8046884581565,True
11,moderate,66,residual_horizon_nmpc_gain_2,2.0,155.0,0.0335994255763417,0.00385387370572441,6.155822711673893,0.033711730602886805,0.002684650328927652,6.155827915345103,0.1611181677310293,-0.00029513427734373376,-0.17925415039062498,0.09111816773102929,0.2311181677310293,-0.08,0.08,-0.12751874215468761,0.004149007983068144,6.3350768620645175,0.004836771544340986,0.009673543088681971,not_applicable,0.0,,False,-18948.661583423553,-0.0654733701532194,0.8919220297061744,0.35000000999930425,0.35000000999930425,0.35000000999930864,0.35,0.0,False,False,43111.87744140625,2808.2900627214676,9.517432887736097,0.002593123854335845,10225.326661707917,1.1271201633807792,1.057845439337298,0.8291739104917131,1.0497015221724948,0.165381683907133,1.0,0.00030848479803221776,0.0006562873235056894,0.001380134036191736,-0.02273632069936974,0.05238554387091182,0.0011889161663444536,-1809.8046884581565,True
11,moderate,66,residual_horizon_nmpc_gain_2,2.0,155.5,0.03183313211541137,0.0034764165661121957,6.157655157973331,0.031635518749108506,0.0028820455953957615,6.158858184247669,0.1609092816726146,-0.00026647460937501144,-0.17939457641601558,0.09090928167261458,0.2309092816726146,-0.08,0.08,-0.12907614955720323,0.003742891175487207,6.337049734389347,0.004841941053694114,0.009683882107388228,not_applicable,0.0,,False,-18840.990216098555,-0.06491857156655793,0.8922305897046117,0.35000000999930425,0.35000000999930425,0.3500000099993045,0.35,0.0,False,False,43090.81353759766,2806.7263880745245,9.512133517593359,0.00260175141503298,10247.925495270214,1.1271201633807792,1.057845439337298,0.8291739104917131,1.0497015221724948,0.165381683907133,1.0,0.00030848479803221776,0.0006562873235056894,0.001380134036191736,-0.02273632069936974,0.05238554387091182,0.0011889161663444536,-1809.8046884581565,True
11,moderate,66,residual_horizon_nmpc_gain_2,2.0,156.0,0.03007262615883199,0.0031011111360698747,6.159299413778562,0.030035225663893755,0.0033600773476331123,6.160868198525981,0.1607212622088655,-0.0002376245117187703,-0.179520625,0.0907212622088655,0.23072126220886552,-0.08,0.08,-0.13064863605003352,0.003338735647788645,6.338820038778563,0.0048455243716705974,0.009691048743341195,Solve_Succeeded,0.05833308299770579,220448.2801766611,False,-18728.81520669043,-0.06436331163717263,0.892507523350207,0.3500000099992198,0.35000000999930425,0.35000000999930425,0.35,0.0,False,False,43071.90625,2805.323709178458,9.50737976995398,0.0026095200916625627,10268.254251646526,1.1271201633807792,1.057845439337298,0.8291739104917131,1.0497015221724948,0.165381683907133,1.0,0.00030848479803221776,0.0006562873235056894,0.001380134036191736,-0.02273632069936974,0.05238554387091182,0.0011889161663444536,-1809.8046884581565,True
11,moderate,66,residual_horizon_nmpc_gain_2,2.0,156.5,0.02831834523851948,0.0027280467702247295,6.1607565773428385,0.028211755291120272,0.002282279531969295,6.160008550567334,0.16055437347389181,-0.00020858398437501036,-0.17963220092773435,0.09055437347389181,0.23055437347389182,-0.08,0.08,-0.13223602823537234,0.00293663075459974,6.340388778270573,0.004844650466310926,0.009689300932621853,not_applicable,0.0,,False,-18612.214375478216,-0.0638077000167121,0.8927526253066658,0.3500000099992198,0.35000000999930425,0.35000000999930425,0.35,0.0,False,False,43055.169860839844,2804.0828765355113,9.503174527211813,0.0026164161361519433,10286.284072726578,1.1271201633807792,1.057845439337298,0.8291739104917131,1.0497015221724948,0.165381683907133,1.0,0.00030848479803221776,0.0006562873235056894,0.001380134036191736,-0.02273632069936974,0.05238554387091182,0.0011889161663444536,-1809.8046884581565,True
11,moderate,66,residual_horizon_nmpc_gain_2,2.0,157.0,0.026570723243062557,0.002357311267144949,6.162027791207674,0.026087955698431125,0.002811610937943863,6.161779483309437,0.16040887960180317,-0.0001793530273437871,-0.179729208984375,0.09040887960180316,0.23040887960180317,-0.08,0.08,-0.1338381563587406,0.002536664294488736,6.3417570001920485,0.004847764472556942,0.009695528945113885,not_applicable,0.0,,False,-18491.269228503195,-0.06325184524900543,0.8929656918964083,0.3500000099992198,0.3500000099992198,0.3500000099992239,0.35,0.0,False,False,43040.61865234375,2803.004739760278,9.499520668752426,0.002622426609430899,10301.987333812294,1.1271201633807792,1.057845439337298,0.8291739104917131,1.0497015221724948,0.165381683907133,1.0,0.00030848479803221776,0.0006562873235056894,0.001380134036191736,-0.02273632069936974,0.05238554387091182,0.0011889161663444536,-1809.8046884581565,True
11,moderate,66,residual_horizon_nmpc_gain_2,2.0,157.5,0.02483019004286708,0.0019889907966725846,6.163114241406562,0.024971310885148163,0.0017485520632585614,6.163333323779301,0.16028504472670924,-0.00014993164062498954,-0.17981155395507814,0.09028504472670923,0.23028504472670924,-0.08,0.08,-0.13545485468384216,0.002138922437297574,6.34292579536164,0.004850624692206859,0.009701249384413718,not_applicable,0.0,,False,-18366.064845390836,-0.06269585466558651,0.8931465211336418,0.3500000099992198,0.3500000099992198,0.35000000999922004,0.35,0.0,False,False,43028.26690673828,2802.0901475840824,9.496421070967946,0.0026275394132525944,10315.337685876855,1.1271201633807792,1.057845439337298,0.8291739104917131,1.0497015221724948,0.165381683907133,1.0,0.00030848479803221776,0.0006562873235056894,0.001380134036191736,-0.02273632069936974,0.05238554387091182,0.0011889161663444536,-1809.8046884581565,True
11,moderate,66,residual_horizon_nmpc_gain_2,2.0,158.0,0.023097171120482398,0.0016231698295028718,6.1640171566329185,0.023551057755843013,0.0021907217864682565,6.164059827379016,0.16018313298271974,-0.00012031982421872867,-0.179879140625,0.09018313298271974,0.23018313298271975,-0.08,0.08,-0.13708596186223734,0.0017434896537216005,6.343896297257919,0.004852059136852006,0.009704118273704012,Solve_Succeeded,0.06263449997641146,220583.83424880725,False,-18236.68976245821,-0.062139834282935194,0.8932949127576065,0.3500000099990979,0.3500000099992198,0.3500000099992198,0.35,0.0,False,False,43018.12890625,2801.339947859319,9.493878607271759,0.0026317433209251586,10326.310097343525,1.1271201633807792,1.057845439337298,0.8291739104917131,1.0497015221724948,0.165381683907133,1.0,0.00030848479803221776,0.0006562873235056894,0.001380134036191736,-0.02273632069936974,0.05238554387091182,0.0011889161663444536,-1809.8046884581565,True
11,moderate,66,residual_horizon_nmpc_gain_2,2.0,158.5,0.02137208720665591,0.0012599310691016699,6.164737807373402,0.021378178305485468,0.0011692285379595112,6.1673915194900095,0.16010340850394442,-9.05175781250045e-05,-0.17993187377929687,0.09010340850394441,0.23010340850394442,-0.08,0.08,-0.13873132129728852,0.0013504486472266744,6.344669681152698,0.0048574938406033,0.0097149876812066,not_applicable,0.0,,False,-18103.235851390218,-0.06158388870158616,0.8934106682659959,0.3500000099990979,0.3500000099992198,0.3500000099992198,0.35,0.0,False,False,43010.21893310547,2800.754987563758,9.491896148113106,0.0026350280068586666,10334.88089532808,1.1271201633807792,1.057845439337298,0.8291739104917131,1.0497015221724948,0.165381683907133,1.0,0.00030848479803221776,0.0006562873235056894,0.001380134036191736,-0.02273632069936974,0.05238554387091182,0.0011889161663444536,-1809.8046884581565,True
11,moderate,66,residual_horizon_nmpc_gain_2,2.0,159.0,0.019655353922647112,0.0008993553860471033,6.1652775050077935,0.019853271305891564,0.002226913578375982,6.162234850594794,0.16004613542449286,-6.052490234376151e-05,-0.179969658203125,0.09004613542449286,0.23004613542449287,-0.08,0.08,-0.14039078150184575,0.0009598802883908648,6.345247163210918,0.004849556222549581,0.009699112445099162,not_applicable,0.0,,False,-17965.798193774488,-0.061028121007250746,0.8934935909485493,0.3500000099990979,0.3500000099990979,0.35000000999910386,0.35,0.0,False,False,43004.55126953125,2800.3361128048127,9.490476560991553,0.0026373840748334927,10341.027806286858,1.1271201633807792,1.057845439337298,0.8291739104917131,1.0497015221724948,0.165381683907133,1.0,0.00030848479803221776,0.0006562873235056894,0.001380134036191736,-0.02273632069936974,0.05238554387091182,0.0011889161663444536,-1809.8046884581565,True
11,moderate,66,residual_horizon_nmpc_gain_2,2.0,159.5,0.01794738142931651,0.0005415217548756736,6.165637600876681,0.017715848832066592,5.430161983957868e-05,6.1648372414978425,0.16001157787847484,-3.0341796874999716e-05,-0.17999239868164063,0.09001157787847483,0.23001157787847484,-0.08,0.08,-0.14206419644915833,0.0005718635517506733,6.345629999558322,0.004853707018534444,0.009707414037068887,not_applicable,0.0,,False,-17824.47495179155,-0.06047263267409276,0.8935434859208204,0.3500000099990979,0.3500000099990979,0.3500000099990982,0.35,0.0,False,False,43001.140197753906,2800.0841688237724,9.48962271047132,0.0026388030848977155,10344.729996011305,1.1271201633807792,1.057845439337298,0.8291739104917131,1.0497015221724948,0.165381683907133,1.0,0.00030848479803221776,0.0006562873235056894,0.001380134036191736,-0.02273632069936974,0.05238554387091182,0.0011889161663444536,-1809.8046884581565,True
11,moderate,66,residual_horizon_nmpc_gain_2,2.0,160.0,0.0162485740834876,0.00018650719350718622,6.165819485318207,0.01653628868790108,0.0002744709027493834,6.166622408689129,0.16,-1.5202636718725238e-05,-0.18,0.09,0.23,-0.08,0.08,-0.1437514259165124,0.00020170983022591146,6.345819485318207,0.00485646588525551,0.00971293177051102,Solve_Succeeded,0.06686737498966977,219323.27248373372,False,-17679.367235361125,-0.05991752347029327,0.8935601601581166,0.3500000099988478,0.3500000099990979,0.3500000099990979,0.35,0.0,False,False,43000.0,2800.0,9.489337458195521,0.0026392775788030456,10345.96810890794,1.1271201633807792,1.057845439337298,0.8291739104917131,1.0497015221724948,0.165381683907133,1.0,0.00030848479803221776,0.0006562873235056894,0.001380134036191736,-0.02273632069936974,0.05238554387091182,0.0011889161663444536,-1809.8046884581565,True
