scenario_id,tier,seed,controller,time_s,alpha_rad,q_radps,theta_rad,measured_alpha_rad,measured_q_radps,measured_theta_rad,alpha_ref_rad,q_ref_radps,theta_ref_rad,alpha_min_rad,alpha_max_rad,q_min_radps,q_max_radps,alpha_error_rad,q_error_rad,theta_error_rad,solver_status,solve_time_s,solver_failure,objective_value,max_predicted_alpha_violation_rad,max_predicted_q_violation_radps,predicted_alpha_constraint_active,predicted_q_constraint_active,control_dt_s,horizon_steps,planning_alpha_buffer_rad,pitching_moment_nm,cm,flap_effectiveness,delta_flap_raw_rad,delta_flap_delayed_rad,delta_flap_lagged_rad,delta_flap_rad,delta_flap_rate_radps,flap_saturated,flap_rate_saturated,altitude_m,velocity_mps,mach,density_kgm3,dynamic_pressure_pa,density_scale,cm_alpha_scale,cm_delta_scale,cm_q_scale,actuator_lag_s,actuator_delay_s,sensor_noise_alpha_rad,sensor_noise_q_radps,sensor_noise_theta_rad,initial_alpha_error_rad,initial_q_error_radps,initial_theta_error_rad,external_disturbance_moment_nm,corridor_violation
10,moderate,65,corridor_centered_nmpc,0.0,0.07031955906357064,0.04283772977601694,0.06102884729172153,0.06938888430165444,0.042850371476405164,0.06156571201893317,0.12,-1.5202636718752993e-05,0.08,0.04999999999999999,0.19,-0.08,0.08,-0.04968044093642936,0.042852932412735696,-0.01897115270827847,Solve_Succeeded,0.03183429199270904,False,175.0567049047914,0.0,0.0,False,False,0.5,10,0.0,2203.4742237468045,-0.008649874993645222,0.4015798869488264,0.08999990618147308,0.0,0.0,0.0,0.0,False,False,82000.0,6200.0,21.012104371718653,4.317816607974998e-06,82.98843520527946,0.8642174456390412,1.005466653261876,0.9499434253485177,0.8914714093255712,0.32960311763802463,0.5,0.0008365525317918986,6.46762207459785e-05,0.00043271742188083696,-0.04968044093642936,0.042852932412735696,-0.01897115270827847,2221.850917262168,False
10,moderate,65,corridor_centered_nmpc,0.5,0.08328811202887253,0.042881693250544674,0.08245871173530775,0.08197672011675101,0.042840478683508224,0.08213199286805976,0.12002304098079561,-3.0341796874999716e-05,0.07999239868164063,0.0500230409807956,0.19002304098079562,-0.08,0.08,-0.03673492895192308,0.042912035047419674,0.002466313053667124,Solve_Succeeded,0.029745792038738728,False,157.4976171300851,0.0,0.0,False,False,0.5,10,0.0,2177.1143473484594,-0.02105533036632883,0.40159248685423254,0.08999995114998957,0.08999990618147308,0.07025624108091522,0.07025624108091522,0.14051248216183043,False,False,81998.8598022461,6199.7501458924335,21.01125760388222,4.318593012124483e-06,82.99666791497259,0.8642174456390412,1.005466653261876,0.9499434253485177,0.8914714093255712,0.32960311763802463,0.5,0.0008365525317918986,6.46762207459785e-05,0.00043271742188083696,-0.04968044093642936,0.042852932412735696,-0.01897115270827847,2221.850917262168,False
10,moderate,65,corridor_centered_nmpc,1.0,0.09492647669747535,0.04292514039538565,0.10391042794338068,0.09499952513720995,0.04293615296798027,0.10336669357148333,0.12009173525377229,-6.052490234374763e-05,0.079969658203125,0.05009173525377228,0.1900917352537723,-0.08,0.08,-0.025165258556296935,0.042985665297729396,0.023940769740255677,Solve_Succeeded,0.029877000022679567,False,162.40315189390685,0.0,0.0,False,False,0.5,10,0.0,2164.25280192086,-0.027099669653728557,0.40162486243193063,0.16025621552769606,0.08999995114998957,0.08566868886333442,0.08566868886333442,0.030824895564838417,False,False,81995.44873046875,6199.108143368448,21.00908182581111,4.320916574705292e-06,83.02412572805254,0.8642174456390412,1.005466653261876,0.9499434253485177,0.8914714093255712,0.32960311763802463,0.5,0.0008365525317918986,6.46762207459785e-05,0.00043271742188083696,-0.04968044093642936,0.042852932412735696,-0.01897115270827847,2221.850917262168,False
10,moderate,65,corridor_centered_nmpc,1.5,0.10537303353372543,0.0429683400295504,0.12538380504987975,0.10559687410883724,0.0430125596336462,0.1261819819162344,0.12020543981481481,-9.05175781250045e-05,0.07993187377929688,0.0502054398148148,0.1902054398148148,-0.08,0.08,-0.01483240628108938,0.0430588576076754,0.045451931270582877,Solve_Succeeded,0.0307854589773342,False,182.28452185126466,0.0,0.0,False,False,0.5,10,0.0,2142.5965272013996,-0.03726736705297268,0.4016744554206741,0.1756686768896423,0.16025621552769606,0.14389363016932116,0.14389363016932116,0.11644988261197348,False,False,81989.78106689453,6198.124722339112,21.005748963664374,4.324780052868355e-06,83.07199720732127,0.8642174456390412,1.005466653261876,0.9499434253485177,0.8914714093255712,0.32960311763802463,0.5,0.0008365525317918986,6.46762207459785e-05,0.00043271742188083696,-0.04968044093642936,0.042852932412735696,-0.01897115270827847,2221.850917262168,False
10,moderate,65,corridor_centered_nmpc,2.0,0.11475176830923406,0.043011115232210635,0.1468786751533243,0.11467924401260865,0.043085326456137385,0.1467689462123442,0.12036351165980795,-0.00012031982421875642,0.079879140625,0.050363511659807944,0.19036351165980797,-0.08,0.08,-0.005611743350573892,0.04313143505642939,0.06699953452832431,Solve_Succeeded,0.02966887503862381,False,210.22737921213502,0.0,0.0,False,False,0.5,10,0.0,2129.347043419478,-0.04346160470239174,0.4017399997587981,0.23389362639335223,0.1756686768896423,0.1686980487232571,0.1686980487232571,0.049608837107871895,False,False,81981.87109375,6196.824988604601,21.00134410223131,4.330177822511092e-06,83.14079971789967,0.8642174456390412,1.005466653261876,0.9499434253485177,0.8914714093255712,0.32960311763802463,0.5,0.0008365525317918986,6.46762207459785e-05,0.00043271742188083696,-0.04968044093642936,0.042852932412735696,-0.01897115270827847,2221.850917262168,False
10,moderate,65,corridor_centered_nmpc,2.5,0.12317375091693085,0.04305363322279244,0.16839486791790162,0.12207326341475801,0.04308913119736149,0.1677969627891542,0.12056530778463648,-0.00014993164062498954,0.07981155395507812,0.05056530778463647,0.19056530778463648,-0.08,0.08,0.002608443132294372,0.04320356486341743,0.0885833139628235,Solve_Succeeded,0.03111516695935279,False,238.3276162121496,0.0,0.0,False,False,0.5,10,0.0,2110.877001649033,-0.0520830725092751,0.4018206300465545,0.2586980455460448,0.23389362639335223,0.2195913931336831,0.2195913931336831,0.10178668882085196,False,False,81971.73309326172,6195.226102903411,20.995925400097143,4.337105850947056e-06,83.2308535151438,0.8642174456390412,1.005466653261876,0.9499434253485177,0.8914714093255712,0.32960311763802463,0.5,0.0008365525317918986,6.46762207459785e-05,0.00043271742188083696,-0.04968044093642936,0.042852932412735696,-0.01897115270827847,2221.850917262168,False
10,moderate,65,corridor_centered_nmpc,3.0,0.13073849505694526,0.04309578877147048,0.18993222849717892,0.13121672255267644,0.043127136968043066,0.1903697026324511,0.12081018518518519,-0.00017935302734374547,0.07972920898437501,0.05081018518518518,0.1908101851851852,-0.08,0.08,0.009928309871760077,0.043275141798814226,0.11020301951280391,Solve_Succeeded,0.03033824998419732,False,283.4479945029255,0.0,0.0,False,False,0.5,10,0.0,2097.6658369798747,-0.058205432569307596,0.40191568368588926,0.3095913784185042,0.2586980455460448,0.2501190516204652,0.2501190516204652,0.061055316973564255,False,False,81959.38134765625,6193.341204448907,20.98953738670099,4.345561672471308e-06,83.34238720330464,0.8642174456390412,1.005466653261876,0.9499434253485177,0.8914714093255712,0.32960311763802463,0.5,0.0008365525317918986,6.46762207459785e-05,0.00043271742188083696,-0.04968044093642936,0.042852932412735696,-0.01897115270827847,2221.850917262168,False
10,moderate,65,corridor_centered_nmpc,3.5,0.13753514923071786,0.04313768632475412,0.21149060184172616,0.13677970557865873,0.043147449156487064,0.2113860079766188,0.12109750085733882,-0.00020858398437501036,0.07963220092773438,0.051097500857338815,0.19109750085733884,-0.08,0.08,0.016437648373379035,0.04334627030912913,0.13185840091399179,Solve_Succeeded,0.02930141700198874,False,313.3769818445285,0.0,0.0,False,False,0.5,10,0.0,2081.3685866304945,-0.06573887845720484,0.40202462079258067,0.3401189567673869,0.3095913784185042,0.2965446792287985,0.2965446792287985,0.0928512552166666,False,False,81944.83013916016,6191.180999058791,20.98221634458463,4.355544366719972e-06,83.47558049491369,0.8642174456390412,1.005466653261876,0.9499434253485177,0.8914714093255712,0.32960311763802463,0.5,0.0008365525317918986,6.46762207459785e-05,0.00043271742188083696,-0.04968044093642936,0.042852932412735696,-0.01897115270827847,2221.850917262168,False
10,moderate,65,corridor_centered_nmpc,4.0,0.14364358494983182,0.043179263507788286,0.23306984341363712,0.1444697968090105,0.04329056993732359,0.23298716706170408,0.12142661179698216,-0.00023762451171874255,0.079520625,0.05142661179698216,0.19142661179698217,-0.08,0.08,0.02221697315284965,0.04341688801950703,0.1535492184136371,Solve_Succeeded,0.029909708013292402,False,365.53145818910707,0.0,0.0,False,False,0.5,10,0.0,2068.3721859024586,-0.07168744403473232,0.40214698367832524,0.34999996158032803,0.3401189567673869,0.33055988077250825,0.33055988077250825,0.06803040308741948,False,False,81928.09375,6188.754562618874,20.973993032370615,4.367054539730073e-06,83.63058586429672,0.8642174456390412,1.005466653261876,0.9499434253485177,0.8914714093255712,0.32960311763802463,0.5,0.0008365525317918986,6.46762207459785e-05,0.00043271742188083696,-0.04968044093642936,0.042852932412735696,-0.01897115270827847,2221.850917262168,False
10,moderate,65,corridor_centered_nmpc,4.5,0.14913535512537496,0.04322058575414352,0.25466980943397943,0.1479153375837903,0.04316787254883901,0.2546235482860191,0.121796875,-0.00026647460937499756,0.07939457641601563,0.05179687499999999,0.191796875,-0.08,0.08,0.02733848012537496,0.043487060363518515,0.1752752330179638,Solve_Succeeded,0.03679991699755192,False,381.3743638873025,0.0,0.0,False,False,0.5,10,0.0,2060.105102760693,-0.0753893480466847,0.40228237351219553,0.3499999594847626,0.34999996158032803,0.3457353077458734,0.3457353077458734,0.030350853946730316,False,False,81909.18646240234,6186.0698038826085,20.964894253212666,4.380094307613686e-06,83.8075410209322,0.8642174456390412,1.005466653261876,0.9499434253485177,0.8914714093255712,0.32960311763802463,0.5,0.0008365525317918986,6.46762207459785e-05,0.00043271742188083696,-0.04968044093642936,0.042852932412735696,-0.01897115270827847,2221.850917262168,False
10,moderate,65,corridor_centered_nmpc,5.0,0.1540745971862914,0.043261747128580115,0.2762903959933395,0.15284275801608763,0.04340204095857058,0.27732660854018565,0.1222076474622771,-0.0002951342773437615,0.079254150390625,0.05220764746227709,0.1922076474622771,-0.08,0.08,0.03186694972401431,0.043556881405923877,0.1970362456027145,Solve_Succeeded,0.030226333008613437,False,421.34146284341676,0.0,0.0,False,False,0.5,10,0.0,2054.933448523609,-0.07761551387713675,0.4024304356602051,0.34999995523788774,0.3499999594847626,0.34906440455725674,0.34906440455725674,0.0066581936227666505,False,False,81888.12255859375,6183.133755185188,20.95494384003998,4.394667282766778e-06,84.00657673827016,0.8642174456390412,1.005466653261876,0.9499434253485177,0.8914714093255712,0.32960311763802463,0.5,0.0008365525317918986,6.46762207459785e-05,0.00043271742188083696,-0.04968044093642936,0.042852932412735696,-0.01897115270827847,2221.850917262168,False
10,moderate,65,corridor_centered_nmpc,5.5,0.15851880430793797,0.04330280907320606,0.29793153805450345,0.15809585706943832,0.04336079464900301,0.29810121479275403,0.12265828617969822,-0.0003236035156249928,0.07909944213867187,0.05265828617969821,0.1926582861796982,-0.08,0.08,0.035860518128239746,0.04362641258883105,0.21883209591583158,Solve_Succeeded,0.030239999992772937,False,457.27370803762426,0.0,0.0,False,False,0.5,10,0.0,2050.6966436020243,-0.07937654862359927,0.40259084988176863,0.34999994938506107,0.34999995523788774,0.3497947194759111,0.3497947194759111,0.001460629837308769,False,False,81864.91632080078,6179.952766846162,20.944163314397265,4.410778562540248e-06,84.2278220807101,0.8642174456390412,1.005466653261876,0.9499434253485177,0.8914714093255712,0.32960311763802463,0.5,0.0008365525317918986,6.46762207459785e-05,0.00043271742188083696,-0.04968044093642936,0.042852932412735696,-0.01897115270827847,2221.850917262168,False
10,moderate,65,corridor_centered_nmpc,6.0,0.1625194995289357,0.04334378986784573,0.3195931905066988,0.16351431157410246,0.04345209046967702,0.3195301985118796,0.12314814814814815,-0.0003518823242187469,0.07893054687500001,0.05314814814814814,0.19314814814814815,-0.08,0.08,0.03937135138078757,0.04369567219206448,0.2406626436316988,Solve_Succeeded,0.029107249982189387,False,501.4259275847962,0.0,0.0,False,False,0.5,10,0.0,2046.8879515297285,-0.08090892534842797,0.4027633234553852,0.34999994406450724,0.34999994938506107,0.3499549272204079,0.3499549272204079,0.00032041548899353067,False,False,81839.58203125,6176.532643486048,20.932572348428415,4.428434720306796e-06,84.4714080614866,0.8642174456390412,1.005466653261876,0.9499434253485177,0.8914714093255712,0.32960311763802463,0.5,0.0008365525317918986,6.46762207459785e-05,0.00043271742188083696,-0.04968044093642936,0.042852932412735696,-0.01897115270827847,2221.850917262168,False
10,moderate,65,corridor_centered_nmpc,6.5,0.16612284517183656,0.04338469770170596,0.3412753148527966,0.1673659327084195,0.04331759846747528,0.34124725689567215,0.12367659036351165,-0.0003799707031250099,0.07874755981445312,0.05367659036351165,0.19367659036351165,-0.08,0.08,0.04244625480832491,0.04376466840483097,0.26252775503834347,Solve_Succeeded,0.028946583974175155,False,524.1813125238449,0.0,0.0,False,False,0.5,10,0.0,2043.367581691187,-0.08227771340188823,0.40294758617496185,0.3499999399542455,0.34999994406450724,0.349990068526504,0.349990068526504,7.028261219221843e-05,False,False,81812.13397216797,6172.878743248417,20.920189101145034,4.447643798863178e-06,84.73747029996387,0.8642174456390412,1.005466653261876,0.9499434253485177,0.8914714093255712,0.32960311763802463,0.5,0.0008365525317918986,6.46762207459785e-05,0.00043271742188083696,-0.04968044093642936,0.042852932412735696,-0.01897115270827847,2221.850917262168,False
10,moderate,65,corridor_centered_nmpc,7.0,0.169370198236865,0.043425538007571735,0.3629778759979386,0.17108685053682388,0.04337716684883395,0.36255412130628084,0.12424296982167352,-0.00040786865234375413,0.078550576171875,0.05424296982167351,0.19424296982167352,-0.08,0.08,0.045127228415191484,0.04383340665991549,0.28442729982606363,Solve_Succeeded,0.030489708005916327,False,552.9563539805002,0.0,0.0,False,False,0.5,10,0.0,2040.0794298323829,-0.08350899862186378,0.4031433865961587,0.3499999368058833,0.3499999399542455,0.34999777441683927,0.34999777441683927,1.5411780670548936e-05,False,False,81782.58642578125,6168.996052234287,20.907030470688255,4.468415306113328e-06,85.02615101250878,0.8642174456390412,1.005466653261876,0.9499434253485177,0.8914714093255712,0.32960311763802463,0.5,0.0008365525317918986,6.46762207459785e-05,0.00043271742188083696,-0.04968044093642936,0.042852932412735696,-0.01897115270827847,2221.850917262168,False
10,moderate,65,corridor_centered_nmpc,7.5,0.17229861004954888,0.04346631513130658,0.3847008412890481,0.17168310351189378,0.043428414854511044,0.38479441533940023,0.12484664351851851,-0.0004355761718749934,0.07833969116210937,0.054846643518518506,0.19484664351851852,-0.08,0.08,0.04745196653103037,0.043901891303181576,0.3063611501269387,Solve_Succeeded,0.027664540975820273,False,549.2502733744823,0.0,0.0,False,False,0.5,10,0.0,2036.9884629783758,-0.08461908437120183,0.40335048914940924,0.3499999366018147,0.3499999368058833,0.34999946243333213,0.34999946243333213,3.376032985724642e-06,False,False,81750.9536743164,6164.88924175046,20.893112288346153,4.490760212982881e-06,85.3376005439052,0.8642174456390412,1.005466653261876,0.9499434253485177,0.8914714093255712,0.32960311763802463,0.5,0.0008365525317918986,6.46762207459785e-05,0.00043271742188083696,-0.04968044093642936,0.042852932412735696,-0.01897115270827847,2221.850917262168,False
10,moderate,65,corridor_centered_nmpc,8.0,0.1749412743508273,0.04350703274950697,0.4064441800760913,0.1749893722255757,0.04353673602975636,0.406421789797794,0.1254869684499314,-0.00046309326171874166,0.078115,0.055486968449931395,0.1954869684499314,-0.08,0.08,0.04945430590089589,0.04397012601122571,0.3283291800760913,Solve_Succeeded,0.02884324995102361,False,575.3723609051693,0.0,0.0,False,False,0.5,10,0.0,2034.0666530656206,-0.08562102734582314,0.4035686718725181,0.3499999342197367,0.3499999366018147,0.34999983258144274,0.34999983258144274,7.402962212132991e-07,False,False,81717.25,6160.562713271744,20.878449470932924,4.514690953521188e-06,85.6719785730937,0.8642174456390412,1.005466653261876,0.9499434253485177,0.8914714093255712,0.32960311763802463,0.5,0.0008365525317918986,6.46762207459785e-05,0.00043271742188083696,-0.04968044093642936,0.042852932412735696,-0.01897115270827847,2221.850917262168,False
10,moderate,65,corridor_centered_nmpc,8.5,0.1773279288415182,0.043547694006238744,0.42820786341190387,0.1773486560863194,0.043543260321578375,0.4281983081997512,0.12616330161179698,-0.0004904199218749988,0.07787659790039063,0.05616330161179697,0.196163301611797,-0.08,0.08,0.05116462722972123,0.04403811392811374,0.3503312655115132,Solve_Succeeded,0.02986320899799466,False,587.8046028259483,0.0,0.0,False,False,0.5,10,0.0,2031.2896226842886,-0.08652618527317399,0.4037977245977856,0.349999932424178,0.3499999342197367,0.3499999119229086,0.3499999119229086,1.586829316835292e-07,False,False,81681.4896850586,6156.020634389981,20.86305614262193,4.540221427151573e-06,86.02945508284462,0.8642174456390412,1.005466653261876,0.9499434253485177,0.8914714093255712,0.32960311763802463,0.5,0.0008365525317918986,6.46762207459785e-05,0.00043271742188083696,-0.04968044093642936,0.042852932412735696,-0.01897115270827847,2221.850917262168,False
10,moderate,65,corridor_centered_nmpc,9.0,0.17948521494824068,0.04358830158305342,0.44999186380367484,0.1790382795045439,0.04364237805206135,0.45143084726342525,0.126875,-0.0005175561523437511,0.077624580078125,0.05687499999999998,0.196875,-0.08,0.08,0.0526102149482407,0.04410585773539717,0.37236728372554984,Solve_Succeeded,0.030391500040423125,False,596.2252721337622,0.0,0.0,False,False,0.5,10,0.0,2028.635671754684,-0.08734466015918431,0.4040374474800409,0.34999993158176457,0.349999932424178,0.3499999279267267,0.3499999279267267,3.200763620814229e-08,False,False,81643.68701171875,6151.266968002932,20.84694573386822,4.567367003035399e-06,86.41021115522057,0.8642174456390412,1.005466653261876,0.9499434253485177,0.8914714093255712,0.32960311763802463,0.5,0.0008365525317918986,6.46762207459785e-05,0.00043271742188083696,-0.04968044093642936,0.042852932412735696,-0.01897115270827847,2221.850917262168,False
10,moderate,65,corridor_centered_nmpc,9.5,0.1814370001425675,0.04362885774986328,0.4717961549946271,0.18120982966783855,0.043682759211019224,0.4715808903851161,0.12762142061042525,-0.0005445019531249984,0.07735904174804688,0.057621420610425245,0.19762142061042526,-0.08,0.08,0.05381557953214225,0.04417335970298828,0.39443711324658026,Solve_Succeeded,0.02981891599483788,False,607.0742541328252,0.0,0.0,False,False,0.5,10,0.0,2026.0853583502906,-0.08808548643522118,0.40428764978530923,0.3499999301892159,0.34999993158176457,0.34999993077994324,0.34999993077994324,5.706433103824793e-09,False,False,81603.85626220703,6146.305496334782,20.830131062815237,4.59614452652004e-06,86.81443963664714,0.8642174456390412,1.005466653261876,0.9499434253485177,0.8914714093255712,0.32960311763802463,0.5,0.0008365525317918986,6.46762207459785e-05,0.00043271742188083696,-0.04968044093642936,0.042852932412735696,-0.01897115270827847,2221.850917262168,False
10,moderate,65,corridor_centered_nmpc,10.0,0.18320466670768162,0.04366936440772241,0.49362071176908845,0.18232272646694672,0.043519349502701504,0.49402206654206504,0.12840192043895748,-0.0005712573242187546,0.077080078125,0.05840192043895748,0.1984019204389575,-0.08,0.08,0.05480274626872414,0.04424062173194116,0.41654063364408844,Solve_Succeeded,0.029433665971737355,False,598.8042936271903,0.0,0.0,False,False,0.5,10,0.0,2023.6212222480683,-0.08875675452068921,0.40454814888211915,0.34999992894308746,0.3499999301892159,0.3499999303188063,0.3499999303188063,-9.222739238978761e-10,False,False,81562.01171875,6141.139840938384,20.81262440308339,4.626572327645113e-06,87.24234570432941,0.8642174456390412,1.005466653261876,0.9499434253485177,0.8914714093255712,0.32960311763802463,0.5,0.0008365525317918986,6.46762207459785e-05,0.00043271742188083696,-0.04968044093642936,0.042852932412735696,-0.01897115270827847,2221.850917262168,False
10,moderate,65,corridor_centered_nmpc,10.5,0.18480737044440723,0.043709823126336485,0.5154655097776136,0.18476557346637626,0.043620779909717196,0.5156797544549969,0.12921585648148148,-0.000597822265625006,0.07678778442382812,0.05921585648148148,0.1992158564814815,-0.08,0.08,0.05559151396292575,0.04430764539196149,0.4386777253537855,Solve_Succeeded,0.029013791994657367,False,614.290950256884,0.0,0.0,False,False,0.5,10,0.0,2021.227559420129,-0.08936571198713902,0.40481876939269756,0.34999992766380106,0.34999992894308746,0.34999992924488477,0.34999992924488477,-2.147843014554951e-09,False,False,81518.16766357422,6135.773479526905,20.794437540813334,4.658670231685572e-06,87.6941473574617,0.8642174456390412,1.005466653261876,0.9499434253485177,0.8914714093255712,0.32960311763802463,0.5,0.0008365525317918986,6.46762207459785e-05,0.00043271742188083696,-0.04968044093642936,0.042852932412735696,-0.01897115270827847,2221.850917262168,False
10,moderate,65,corridor_centered_nmpc,11.0,0.1862622724456479,0.04375023517729194,0.5373305253797728,0.1878615858354893,0.043726576429826795,0.5368932680955683,0.13006258573388202,-0.0006241967773437523,0.076482255859375,0.06006258573388201,0.20006258573388203,-0.08,0.08,0.05619968671176587,0.044374431954635696,0.46084826952039776,Solve_Succeeded,0.03011670894920826,False,637.0644737116754,0.0,0.0,False,False,0.5,10,0.0,2018.89022701054,-0.08991885156553334,0.4050993424719997,0.34999992599648233,0.34999992766380106,0.34999992801065016,0.34999992801065016,-2.4684692068177583e-09,False,False,81472.33837890625,6130.2097602705635,20.7755818231183,4.692459571714141e-06,88.17007585084802,0.8642174456390412,1.005466653261876,0.9499434253485177,0.8914714093255712,0.32960311763802463,0.5,0.0008365525317918986,6.46762207459785e-05,0.00043271742188083696,-0.04968044093642936,0.042852932412735696,-0.01897115270827847,2221.850917262168,False
10,moderate,65,corridor_centered_nmpc,11.5,0.18758474674269676,0.04379060156358897,0.5592157355026136,0.1869627011970664,0.043815243439829864,0.5604427713321002,0.1309414651920439,-0.0006503808593749938,0.07616358764648437,0.06094146519204388,0.2009414651920439,-0.08,0.08,0.056643281550652874,0.044440982422963966,0.48305214785612927,Solve_Succeeded,0.029775583010632545,False,614.3585659007348,0.0,0.0,False,False,0.5,10,0.0,2016.596470266001,-0.09042198973147542,0.40538970519014955,0.3499999272683201,0.34999992599648233,0.34999992643833894,0.34999992643833894,-3.144622451323187e-09,False,False,81424.53814697266,6124.451914042717,20.75606819958672,4.727963203169455e-06,88.67037608437889,0.8642174456390412,1.005466653261876,0.9499434253485177,0.8914714093255712,0.32960311763802463,0.5,0.0008365525317918986,6.46762207459785e-05,0.00043271742188083696,-0.04968044093642936,0.042852932412735696,-0.01897115270827847,2221.850917262168,False
10,moderate,65,corridor_centered_nmpc,12.0,0.18878856633509528,0.04383092304589517,0.5811211175130553,0.18870569999584424,0.04392948034527957,0.5805829215862021,0.13185185185185186,-0.0006763745117187442,0.075831875,0.06185185185185185,0.20185185185185187,-0.08,0.08,0.05693671448324342,0.044507297557613915,0.5052892425130553,Solve_Succeeded,0.030190874997060746,False,621.2756003341619,0.0,0.0,False,False,0.5,10,0.0,2014.334767857989,-0.09088033734608873,0.40568969999943083,0.3499999267002665,0.3499999272683201,0.34999992708624356,0.34999992708624356,1.2958092376891273e-09,False,False,81374.78125,6118.5030649893715,20.735907258102767,4.765205520420156e-06,89.19530695876767,0.8642174456390412,1.005466653261876,0.9499434253485177,0.8914714093255712,0.32960311763802463,0.5,0.0008365525317918986,6.46762207459785e-05,0.00043271742188083696,-0.04968044093642936,0.042852932412735696,-0.01897115270827847,2221.850917262168,False
10,moderate,65,corridor_centered_nmpc,12.5,0.18988606985426662,0.04387120016586771,0.6030466491026629,0.18887746709259665,0.04381490955736084,0.602714646398797,0.13279310270919067,-0.0007021777343750035,0.07548721313476563,0.06279310270919067,0.20279310270919068,-0.08,0.08,0.057092967145075946,0.04457337790024271,0.5275594359678973,Solve_Succeeded,0.030824624991510063,False,602.6249303676789,0.0,0.0,False,False,0.5,10,0.0,2012.094696848838,-0.0912985617290129,0.4059991742710676,0.34999992643680666,0.3499999267002665,0.3499999267849399,0.3499999267849399,-6.026072973952523e-10,False,False,81323.08197021484,6112.36623971472,20.715109255976643,4.80421247531833e-06,89.74514170568726,0.8642174456390412,1.005466653261876,0.9499434253485177,0.8914714093255712,0.32960311763802463,0.5,0.0008365525317918986,6.46762207459785e-05,0.00043271742188083696,-0.04968044093642936,0.042852932412735696,-0.01897115270827847,2221.850917262168,False
10,moderate,65,corridor_centered_nmpc,13.0,0.1908883108769246,0.04391143326691927,0.6249923081834322,0.19122360049310858,0.04403089478751611,0.6256071220435819,0.13376457475994513,-0.000727790527343744,0.075129697265625,0.06376457475994513,0.20376457475994514,-0.08,0.08,0.05712373611697946,0.044639223794263015,0.5498626109178072,Solve_Succeeded,0.030256416997872293,False,619.4035733377618,0.0,0.0,False,False,0.5,10,0.0,2009.866808046706,-0.09168084417210388,0.40631797989012214,0.3499999258921874,0.34999992643680666,0.34999992651317813,0.34999992651317813,-5.435235594930532e-10,False,False,81269.45458984375,6106.044375314271,20.693684147169208,4.8450115977397476e-06,90.32016819876283,0.8642174456390412,1.005466653261876,0.9499434253485177,0.8914714093255712,0.32960311763802463,0.5,0.0008365525317918986,6.46762207459785e-05,0.00043271742188083696,-0.04968044093642936,0.042852932412735696,-0.01897115270827847,2221.850917262168,False
10,moderate,65,corridor_centered_nmpc,13.5,0.1918051916943942,0.04395162251261975,0.6469580727933556,0.19142217723030178,0.04394678716189909,0.6470587409084372,0.134765625,-0.0007532128906250074,0.07475942260742188,0.064765625,0.204765625,-0.08,0.08,0.057039566694394195,0.044704835403244755,0.5721986501859337,Solve_Succeeded,0.029345332994125783,False,601.5247008100215,0.0,0.0,False,False,0.5,10,0.0,2007.6425183288088,-0.09203092994899797,0.4066459728991729,0.34999992574467015,0.3499999258921874,0.34999992602841684,0.34999992602841684,-9.695225733352686e-10,False,False,81213.91339111328,6099.540326440656,20.671641606238378,4.887632018111135e-06,90.92068925057562,0.8642174456390412,1.005466653261876,0.9499434253485177,0.8914714093255712,0.32960311763802463,0.5,0.0008365525317918986,6.46762207459785e-05,0.00043271742188083696,-0.04968044093642936,0.042852932412735696,-0.01897115270827847,2221.850917262168,False
10,moderate,65,corridor_centered_nmpc,14.0,0.19264558315596525,0.04399176790305909,0.6689439210106702,0.1925065865738391,0.04396998211691622,0.6698673360119964,0.13579561042524005,-0.0007784448242187519,0.074376484375,0.06579561042524004,0.20579561042524006,-0.08,0.08,0.0568499727307252,0.04477021272727784,0.5945674366356702,Solve_Succeeded,0.02956608304521069,False,597.1277764045888,0.0,0.0,False,False,0.5,10,0.0,2005.4140129363045,-0.09235217386018646,0.4069830131832363,0.34999992539754937,0.34999992574467015,0.34999992580691686,0.34999992580691686,-4.429999700406029e-10,False,False,81156.47265625,6092.856871551574,20.64899104951369,4.932104491928395e-06,91.54702289984593,0.8642174456390412,1.005466653261876,0.9499434253485177,0.8914714093255712,0.32960311763802463,0.5,0.0008365525317918986,6.46762207459785e-05,0.00043271742188083696,-0.04968044093642936,0.042852932412735696,-0.01897115270827847,2221.850917262168,False
10,moderate,65,corridor_centered_nmpc,14.5,0.19341743203596837,0.044031869289358275,0.6909498308758159,0.19312452840167557,0.04411960519243529,0.6909716784721536,0.13685388803155007,-0.0008034863281249915,0.07398097778320313,0.06685388803155007,0.20685388803155008,-0.08,0.08,0.05656354400441829,0.044835355617483266,0.6169688530926127,Solve_Succeeded,0.029016624961514026,False,591.5759889628097,0.0,0.0,False,False,0.5,10,0.0,2003.1741591077387,-0.09264758069168427,0.4073289641897978,0.3499999259113084,0.34999992539754937,0.3499999254873541,0.3499999254873541,-6.391255302773402e-10,False,False,81097.14666748047,6085.996718461531,20.625741653911437,4.978461426272592e-06,92.19950269218525,0.8642174456390412,1.005466653261876,0.9499434253485177,0.8914714093255712,0.32960311763802463,0.5,0.0008365525317918986,6.46762207459785e-05,0.00043271742188083696,-0.04968044093642936,0.042852932412735696,-0.01897115270827847,2221.850917262168,False
10,moderate,65,corridor_centered_nmpc,15.0,0.19412785722334983,0.044071926386544134,0.7129757803202315,0.19477104497089923,0.044052451291871124,0.7138035985121975,0.13793981481481482,-0.000828337402343754,0.073572998046875,0.06793981481481481,0.20793981481481483,-0.08,0.08,0.056188042408535005,0.04490026378888789,0.6394027822733565,Solve_Succeeded,0.02987183298682794,False,589.6629022876642,0.0,0.0,False,False,0.5,10,0.0,2000.9164281380758,-0.09291984183231872,0.407683692678915,0.3499999248293779,0.3499999259113084,0.34999992581830375,0.34999992581830375,6.618993131368711e-10,False,False,81035.94970703125,6078.962509297259,20.60190237372883,5.02673690833385e-06,92.87847795720351,0.8642174456390412,1.005466653261876,0.9499434253485177,0.8914714093255712,0.32960311763802463,0.5,0.0008365525317918986,6.46762207459785e-05,0.00043271742188083696,-0.04968044093642936,0.042852932412735696,-0.01897115270827847,2221.850917262168,False
10,moderate,65,corridor_centered_nmpc,15.5,0.1947832358973224,0.04411193878494658,0.7350217471012139,0.19587051792931578,0.0441954927729869,0.7349558002634496,0.13905274777091908,-0.0008529980468749976,0.07315264038085938,0.06905274777091908,0.2090527477709191,-0.08,0.08,0.05573048812640333,0.04496493683182158,0.6618691067203546,Solve_Succeeded,0.030241125030443072,False,588.545581778197,0.0,0.0,False,False,0.5,10,0.0,1998.6348271415968,-0.09317136750592012,0.4080470684992265,0.3499999250183908,0.3499999248293779,0.3499999250463228,0.3499999250463228,-1.5439618472612437e-09,False,False,80972.8960571289,6071.756824939426,20.577481955697145,5.076966735955995e-06,93.58431408426824,0.8642174456390412,1.005466653261876,0.9499434253485177,0.8914714093255712,0.32960311763802463,0.5,0.0008365525317918986,6.46762207459785e-05,0.00043271742188083696,-0.04968044093642936,0.042852932412735696,-0.01897115270827847,2221.850917262168,False
10,moderate,65,corridor_centered_nmpc,16.0,0.19538928073154546,0.044151905960303654,0.7570877087421457,0.1962896889588822,0.04408320598562377,0.7565830561174516,0.1401920438957476,-0.0008774682617187501,0.07272,0.0701920438957476,0.2101920438957476,-0.08,0.08,0.05519723683579786,0.045029374222022404,0.6843677087421457,Solve_Succeeded,0.03011033299844712,False,571.7212335182794,0.0,0.0,False,False,0.5,10,0.0,1996.323835683082,-0.09340431666694392,0.40841896438639796,0.3499999246113928,0.3499999250183908,0.3499999250245184,0.3499999250245184,-4.3608894273461374e-11,False,False,80908.0,6064.382189019411,20.552488952527018,5.129188450218167e-06,94.31739279883637,0.8642174456390412,1.005466653261876,0.9499434253485177,0.8914714093255712,0.32960311763802463,0.5,0.0008365525317918986,6.46762207459785e-05,0.00043271742188083696,-0.04968044093642936,0.042852932412735696,-0.01897115270827847,2221.850917262168,False
10,moderate,65,corridor_centered_nmpc,16.5,0.19595110906076466,0.04419182728266381,0.7791736424774691,0.19623011701092652,0.044200991335148695,0.7787959771512137,0.14135706018518518,-0.0009017480468750116,0.07227517211914063,0.07135706018518517,0.21135706018518519,-0.08,0.08,0.054594048875579476,0.045093575329538824,0.7068984703583285,Solve_Succeeded,0.030083791993092746,False,557.773405339082,0.0,0.0,False,False,0.5,10,0.0,1993.9783522242096,-0.09362062248893321,0.4087992557810987,0.34999992552967873,0.3499999246113928,0.3499999247020219,0.3499999247020219,-6.449929479401817e-10,False,False,80841.2758178711,6056.841071528806,20.526931735141215,5.183441370071968e-06,95.07811244095775,0.8642174456390412,1.005466653261876,0.9499434253485177,0.8914714093255712,0.32960311763802463,0.5,0.0008365525317918986,6.46762207459785e-05,0.00043271742188083696,-0.04968044093642936,0.042852932412735696,-0.01897115270827847,2221.850917262168,False
10,moderate,65,corridor_centered_nmpc,17.0,0.1964733048466242,0.044231702024274955,0.8012795252018542,0.19634725035857725,0.04430593912147624,0.8005974385771238,0.1425471536351166,-0.0009258374023437543,0.071818251953125,0.0725471536351166,0.21254715363511661,-0.08,0.08,0.053926151211507595,0.04515753942661871,0.7294612732487292,Solve_Succeeded,0.02970741700846702,False,545.2673012036408,0.0,0.0,False,False,0.5,10,0.0,1991.5936433642705,-0.09382201640292896,0.4091878206640562,0.3499999262872309,0.34999992552967873,0.3499999253481121,0.3499999253481121,1.2921803627108375e-09,False,False,80772.73779296875,6049.1358920902585,20.500818503759668,5.239766629056048e-06,95.8668882473073,0.8642174456390412,1.005466653261876,0.9499434253485177,0.8914714093255712,0.32960311763802463,0.5,0.0008365525317918986,6.46762207459785e-05,0.00043271742188083696,-0.04968044093642936,0.042852932412735696,-0.01897115270827847,2221.850917262168,False
10,moderate,65,corridor_centered_nmpc,17.5,0.1969599741922639,0.044271529366509715,0.8234053334230653,0.1964893076050959,0.04426991532570506,0.8224312578995551,0.1437616812414266,-0.0009497363281249921,0.07134933471679687,0.0737616812414266,0.2137616812414266,-0.08,0.08,0.053198292950837306,0.04522126569463471,0.7520559987062685,Solve_Succeeded,0.03008112497627735,False,528.7952400255824,0.0,0.0,False,False,0.5,10,0.0,1989.1653008161168,-0.09401004864226184,0.4095845394061104,0.34999992641168365,0.3499999262872309,0.3499999260812124,0.3499999260812124,1.4662006053711707e-09,False,False,80702.40020751953,6041.269022930859,20.47415729797645,5.2982072141124035e-06,96.68415263788965,0.8642174456390412,1.005466653261876,0.9499434253485177,0.8914714093255712,0.32960311763802463,0.5,0.0008365525317918986,6.46762207459785e-05,0.00043271742188083696,-0.04968044093642936,0.042852932412735696,-0.01897115270827847,2221.850917262168,False
10,moderate,65,corridor_centered_nmpc,18.0,0.19741479507727638,0.04431130840597629,0.8455510432180834,0.1970057455232949,0.04439520884099292,0.8451210410502987,0.145,-0.0009734448242187527,0.070868515625,0.07499999999999998,0.215,-0.08,0.08,0.052414795077276394,0.04528475323019504,0.7746825275930834,Solve_Succeeded,0.029901625006459653,False,521.2596489856435,0.0,0.0,False,False,0.5,10,0.0,1986.689201186287,-0.09418610735427013,0.40998929463149714,0.34999992700195104,0.34999992641168365,0.34999992633918675,0.34999992633918675,5.159487281858333e-10,False,False,80630.27734375,6033.242791593229,20.44695600594777,5.358808006531738e-06,97.53035550839792,0.8642174456390412,1.005466653261876,0.9499434253485177,0.8914714093255712,0.32960311763802463,0.5,0.0008365525317918986,6.46762207459785e-05,0.00043271742188083696,-0.04968044093642936,0.042852932412735696,-0.01897115270827847,2221.850917262168,False
10,moderate,65,corridor_centered_nmpc,18.5,0.1978410619146924,0.04435103815986597,0.8677166301920893,0.1978287112435595,0.04428718885749953,0.867978309670774,0.14626146690672154,-0.0009969628906250083,0.07037588989257812,0.07626146690672153,0.21626146690672154,-0.08,0.08,0.05157959500797085,0.04534800105049098,0.7973407402995112,Solve_Succeeded,0.029142957995645702,False,509.7332423604878,0.0,0.0,False,False,0.5,10,0.0,1984.1614702481206,-0.09435143559051616,0.41040197109284127,0.3499999262966463,0.34999992700195104,0.3499999268565576,0.3499999268565576,1.0347417367384537e-09,False,False,80556.38348388672,6025.059483414375,20.419222372792923,5.421615825057483e-06,98.40596452905999,0.8642174456390412,1.005466653261876,0.9499434253485177,0.8914714093255712,0.32960311763802463,0.5,0.0008365525317918986,6.46762207459785e-05,0.00043271742188083696,-0.04968044093642936,0.042852932412735696,-0.01897115270827847,2221.850917262168,False
10,moderate,65,corridor_centered_nmpc,19.0,0.19824172546902055,0.0443907175706228,0.8899020694399485,0.1987313159544606,0.04443182327171419,0.890492484371772,0.147545438957476,-0.0010202905273437451,0.069871552734375,0.07754543895747598,0.217545438957476,-0.08,0.08,0.050696286511544564,0.04541100809796655,0.8200305167055736,Solve_Succeeded,0.029969667026307434,False,506.4468726801821,0.0,0.0,False,False,0.5,10,0.0,1981.5784520397865,-0.09450714607980938,0.41082245555655417,0.34999992671657687,0.3499999262966463,0.3499999264194764,0.3499999264194764,-8.741624091257449e-10,False,False,80480.73291015625,6016.721343798232,20.39096400829609,5.486679471181213e-06,99.31146545070025,0.8642174456390412,1.005466653261876,0.9499434253485177,0.8914714093255712,0.32960311763802463,0.5,0.0008365525317918986,6.46762207459785e-05,0.00043271742188083696,-0.04968044093642936,0.042852932412735696,-0.01897115270827847,2221.850917262168,False
10,moderate,65,corridor_centered_nmpc,19.5,0.19861942861826282,0.044430345510027995,0.9121073355098817,0.19770801084608491,0.04451078490829624,0.9126799315804738,0.14885127314814814,-0.001043427734374991,0.06935559936523437,0.07885127314814813,0.21885127314814815,-0.08,0.08,0.04976815547011468,0.045473773244402986,0.8427517361446473,Solve_Succeeded,0.030007374996785074,False,483.8903962478713,0.0,0.0,False,False,0.5,10,0.0,1978.9366790303925,-0.09465423530349627,0.41125063669750794,0.34999992822414006,0.34999992671657687,0.3499999266514007,0.3499999266514007,4.638485151531313e-10,False,False,80403.33990478516,6008.230580304267,20.362188393984678,5.554049776664393e-06,100.24736241863909,0.8642174456390412,1.005466653261876,0.9499434253485177,0.8914714093255712,0.32960311763802463,0.5,0.0008365525317918986,6.46762207459785e-05,0.00043271742188083696,-0.04968044093642936,0.042852932412735696,-0.01897115270827847,2221.850917262168,False
10,moderate,65,corridor_centered_nmpc,20.0,0.19897653839254797,0.04446992078271696,0.9343324023690326,0.19835288376600838,0.044473227953940916,0.933899881490555,0.1501783264746228,-0.0010663745117187456,0.068828125,0.08017832647462278,0.2201783264746228,-0.08,0.08,0.04879821191792519,0.0455362952944357,0.8655042773690326,Solve_Succeeded,0.029521832999307662,False,473.24171375260727,0.0,0.0,False,False,0.5,10,0.0,1976.2328476439066,-0.09479359518684564,0.4116864050020053,0.34999992794406826,0.34999992822414006,0.3499999278791215,0.3499999278791215,2.4554416278022018e-09,False,False,80324.21875,5999.589364571574,20.332902889650182,5.623779653324256e-06,101.21417829497767,0.8642174456390412,1.005466653261876,0.9499434253485177,0.8914714093255712,0.32960311763802463,0.5,0.0008365525317918986,6.46762207459785e-05,0.00043271742188083696,-0.04968044093642936,0.042852932412735696,-0.01897115270827847,2221.850917262168,False
10,moderate,65,corridor_centered_nmpc,20.5,0.1993151746769891,0.04450944212923296,0.9565772433706781,0.19847961068750278,0.04449716476544073,0.9565885855518809,0.15152595593278462,-0.0010891308593749954,0.06828922485351563,0.08152595593278461,0.22152595593278462,-0.08,0.08,0.04778921874420447,0.045598572988607956,0.8882880185171624,Solve_Succeeded,0.029109249997418374,False,460.48897213211285,0.0,0.0,False,False,0.5,10,0.0,1973.463795608031,-0.09492602384502505,0.4121296526781913,0.34999992834089,0.34999992794406826,0.3499999279298206,0.3499999279298206,1.0139822315125002e-10,False,False,80243.38372802734,5990.799834095381,20.303114739368862,5.695924145123842e-06,102.21245498974127,0.8642174456390412,1.005466653261876,0.9499434253485177,0.8914714093255712,0.32960311763802463,0.5,0.0008365525317918986,6.46762207459785e-05,0.00043271742188083696,-0.04968044093642936,0.042852932412735696,-0.01897115270827847,2221.850917262168,False
10,moderate,65,corridor_centered_nmpc,21.0,0.19963723592602714,0.04454890822865125,0.9788418312228536,0.19957569551331494,0.04445956540153068,0.9789922929069375,0.1528935185185185,-0.0011116967773437542,0.06773899414062501,0.0828935185185185,0.22289351851851852,-0.08,0.08,0.04674371740750863,0.045660605005995,0.9111028370822286,Solve_Succeeded,0.029473958013113588,False,454.4739614676409,0.0,0.0,False,False,0.5,10,0.0,1970.6264795140783,-0.095052235999258,0.41258027357316207,0.3499999276757107,0.34999992834089,0.34999992825071197,0.34999992825071197,6.417827380644781e-10,False,False,80160.84912109375,5981.864093870782,20.27283107707244,5.770540482609144e-06,103.24275380130317,0.8642174456390412,1.005466653261876,0.9499434253485177,0.8914714093255712,0.32960311763802463,0.5,0.0008365525317918986,6.46762207459785e-05,0.00043271742188083696,-0.04968044093642936,0.042852932412735696,-0.01897115270827847,2221.850917262168,False
10,moderate,65,corridor_centered_nmpc,21.5,0.19994442220035888,0.044588317700775225,1.0011261379581837,0.20025299486055956,0.04466633145569873,1.0016495618960006,0.15428037122770918,-0.001134072265625008,0.06717752807617187,0.08428037122770918,0.2242803712277092,-0.08,0.08,0.045664050972649695,0.04572238996640023,0.9339486098820119,Solve_Succeeded,0.029685250017791986,False,451.57470226444275,0.0,0.0,False,False,0.5,10,0.0,1967.7179579037804,-0.09517287103936008,0.4130381630961138,0.3499999286124818,0.3499999276757107,0.3499999278018512,0.3499999278018512,-8.977215637528957e-10,False,False,80076.62921142578,5972.78421791668,20.242058931712783,5.8476881397385935e-06,104.30565576645823,0.8642174456390412,1.005466653261876,0.9499434253485177,0.8914714093255712,0.32960311763802463,0.5,0.0008365525317918986,6.46762207459785e-05,0.00043271742188083696,-0.04968044093642936,0.042852932412735696,-0.01897115270827847,2221.850917262168,False
10,moderate,65,corridor_centered_nmpc,22.0,0.20023825580516766,0.04462766910801314,1.0234301349047283,0.20039787947049353,0.04467991273573199,1.0232454456979756,0.15568587105624143,-0.001156257324218743,0.066604921875,0.08568587105624142,0.22568587105624144,-0.08,0.08,0.04455238474892623,0.045783926432231885,0.9568252130297283,Solve_Succeeded,0.029768207983579487,False,439.45889823391906,0.0,0.0,False,False,0.5,10,0.0,1964.7222701810504,-0.09529335737912548,0.4135553796234184,0.3499999289166125,0.3499999286124818,0.3499999284346503,0.3499999284346503,1.2655981818099349e-09,False,False,79990.73828125,5963.562250691366,20.210805232059418,5.927428893152392e-06,105.40176202046975,0.8642174456390412,1.005466653261876,0.9499434253485177,0.8914714093255712,0.32960311763802463,0.5,0.0008365525317918986,6.46762207459785e-05,0.00043271742188083696,-0.04968044093642936,0.042852932412735696,-0.01897115270827847,2221.850917262168,False
10,moderate,65,corridor_centered_nmpc,22.5,0.20052009971618295,0.044666960694850204,1.0457537925921652,0.20165159152550413,0.04460358175273989,1.045337127059107,0.157109375,-0.0011782519531250008,0.06602127075195313,0.08710937499999999,0.227109375,-0.08,0.08,0.04341072471618296,0.045845212647975205,0.979732521840212,Solve_Succeeded,0.02987858298001811,False,434.291563061084,0.0,0.0,False,False,0.5,10,0.0,1961.5373526254973,-0.09545045442197586,0.41452118455903586,0.34999992795315055,0.3499999289166125,0.3499999288108824,0.3499999288108824,7.524642020584338e-10,False,False,79903.19061279297,5954.200208409866,20.179076811164045,6.009826883932196e-06,106.53169416738595,0.8642174456390412,1.005466653261876,0.9499434253485177,0.8914714093255712,0.32960311763802463,0.5,0.0008365525317918986,6.46762207459785e-05,0.00043271742188083696,-0.04968044093642936,0.042852932412735696,-0.01897115270827847,2221.850917262168,False
10,moderate,65,corridor_centered_nmpc,23.0,0.20079117361063453,0.04470618866565966,1.0680970801622913,0.20026511058950242,0.044631324684985596,1.067651615377291,0.15855024005486967,-0.0012000561523437536,0.065426669921875,0.08855024005486967,0.22855024005486968,-0.08,0.08,0.04224093355576486,0.045906244818003414,1.0026704102404163,Solve_Succeeded,0.029171166010200977,False,412.40018538184563,0.0,0.0,False,False,0.5,10,0.0,1958.2674350250215,-0.09560448600582797,0.41550436793117296,0.3499999295320936,0.34999992795315055,0.34999992814131486,0.34999992814131486,-1.3391350250913092e-09,False,False,79814.00048828125,5944.700080271976,20.146880410522424,6.094948681903536e-06,107.6960946608811,0.8642174456390412,1.005466653261876,0.9499434253485177,0.8914714093255712,0.32960311763802463,0.5,0.0008365525317918986,6.46762207459785e-05,0.00043271742188083696,-0.04968044093642936,0.042852932412735696,-0.01897115270827847,2221.850917262168,False
10,moderate,65,corridor_centered_nmpc,23.5,0.20105256882276082,0.04474535131045812,1.0904599653804152,0.2011436978859655,0.044893837900476005,1.0902693257379446,0.16000782321673526,-0.0012216699218750016,0.06482121459960938,0.09000782321673526,0.23000782321673527,-0.08,0.08,0.04104474560602556,0.04596702123233312,1.0256387507808058,Solve_Succeeded,0.030266999965533614,False,413.2059694157007,0.0,0.0,False,False,0.5,10,0.0,1954.909620964349,-0.09575585957991813,0.4165048071705042,0.3499999307865013,0.3499999295320936,0.34999992922699247,0.34999992922699247,2.17135520674816e-09,False,False,79723.1821899414,5935.063829608949,20.11422268396056,6.182863352536232e-06,108.89562719585656,0.8642174456390412,1.005466653261876,0.9499434253485177,0.8914714093255712,0.32960311763802463,0.5,0.0008365525317918986,6.46762207459785e-05,0.00043271742188083696,-0.04968044093642936,0.042852932412735696,-0.01897115270827847,2221.850917262168,False
10,moderate,65,corridor_centered_nmpc,24.0,0.20130526218371253,0.04478444686226914,1.1128424151425294,0.20180397267175504,0.04479760624722028,1.113529776265462,0.16148148148148148,-0.0012430932617187584,0.064205,0.09148148148148147,0.23148148148148148,-0.08,0.08,0.039823780702231054,0.046027540123987895,1.0486374151425293,Solve_Succeeded,0.029316875035874546,False,404.7910929107373,0.0,0.0,False,False,0.5,10,0.0,1951.4610388677743,-0.09590493884508897,0.41752238101690514,0.34999993002819946,0.3499999307865013,0.3499999304443852,0.3499999304443852,2.434785484339841e-09,False,False,79630.75,5925.293394955936,20.08111020126924,6.273642526500074e-06,110.13097711100681,0.8642174456390412,1.005466653261876,0.9499434253485177,0.8914714093255712,0.32960311763802463,0.5,0.0008365525317918986,6.46762207459785e-05,0.00043271742188083696,-0.04968044093642936,0.042852932412735696,-0.01897115270827847,2221.850917262168,False
10,moderate,65,corridor_centered_nmpc,24.5,0.20155012792196997,0.04482347349752569,1.135244395446921,0.20272358517633793,0.04477754822955188,1.13537570662629,0.16297057184499314,-0.0012643261718749965,0.06357812133789062,0.09297057184499313,0.23297057184499315,-0.08,0.08,0.03857955607697683,0.046087799669400686,1.0716662741090304,Solve_Succeeded,0.028547083027660847,False,399.9282336350356,0.0,0.0,False,False,0.5,10,0.0,1947.9188301898962,-0.09605204874132714,0.4185569694413684,0.3499999294604191,0.34999993002819946,0.3499999301194999,0.3499999301194999,-6.497705706820511e-10,False,False,79536.7182006836,5915.390691056471,20.047549451608308,6.367360471936007e-06,111.40285180254212,0.8642174456390412,1.005466653261876,0.9499434253485177,0.8914714093255712,0.32960311763802463,0.5,0.0008365525317918986,6.46762207459785e-05,0.00043271742188083696,-0.04968044093642936,0.042852932412735696,-0.01897115270827847,2221.850917262168,False
10,moderate,65,corridor_centered_nmpc,25.0,0.20178794832427996,0.044862429336246186,1.1576658713659282,0.20359985779392184,0.044946057451783775,1.1570374230348528,0.164474451303155,-0.0012853686523437435,0.062940673828125,0.09447445130315499,0.234474451303155,-0.08,0.08,0.037313497021124964,0.04614779798858993,1.0947251975378032,Solve_Succeeded,0.028607374988496304,False,398.99334492481097,0.0,0.0,False,False,0.5,10,0.0,1944.2801388191592,-0.09619747982758395,0.41960845357147647,0.3499999301277377,0.3499999294604191,0.3499999296050045,0.3499999296050045,-1.0289908924931979e-09,False,False,79441.10107421875,5905.35760980471,20.01354684669993,6.4640941695046826e-06,112.7119811492295,0.8642174456390412,1.005466653261876,0.9499434253485177,0.8914714093255712,0.32960311763802463,0.5,0.0008365525317918986,6.46762207459785e-05,0.00043271742188083696,-0.04968044093642936,0.042852932412735696,-0.01897115270827847,2221.850917262168,False
10,moderate,65,corridor_centered_nmpc,25.5,0.2020194232861219,0.044901312442007096,1.1801068070177325,0.20085507170962028,0.04488575956446691,1.1799798120617004,0.16599247685185187,-0.0013062207031249995,0.062292752685546876,0.09599247685185186,0.23599247685185187,-0.08,0.08,0.03602694643427004,0.046207533145132096,1.1178140543321857,Solve_Succeeded,0.028756999992765486,False,371.9627974330076,0.0,0.0,False,False,0.5,10,0.0,1940.5421032726958,-0.09634149153587326,0.42067671562017306,0.3499999321186055,0.3499999301277377,0.3499999300130635,0.3499999300130635,8.161180620191999e-10,False,False,79343.91290283203,5895.1960211304795,19.97910872382809,6.563923390277338e-06,114.0591179489066,0.8642174456390412,1.005466653261876,0.9499434253485177,0.8914714093255712,0.32960311763802463,0.5,0.0008365525317918986,6.46762207459785e-05,0.00043271742188083696,-0.04968044093642936,0.042852932412735696,-0.01897115270827847,2221.850917262168,False
10,moderate,65,corridor_centered_nmpc,26.0,0.2022451788672934,0.044940120821767286,1.2025671655380987,0.2031117669934023,0.045027468343425456,1.2028997582163663,0.16752400548696844,-0.0013268823242187505,0.061634453125,0.09752400548696843,0.23752400548696845,-0.08,0.08,0.03472117338032496,0.04626700314598604,1.1409327124130988,Solve_Succeeded,0.029257750022225082,False,379.86944825068366,0.0,0.0,False,False,0.5,10,0.0,1936.7018487961466,-0.09648431534651472,0.4217616388175952,0.349999931415024,0.3499999321186055,0.34999993165670373,0.34999993165670373,3.287280447850094e-09,False,False,79245.16796875,5884.907773831726,19.944241348659794,6.666930776536057e-06,115.44503836660452,0.8642174456390412,1.005466653261876,0.9499434253485177,0.8914714093255712,0.32960311763802463,0.5,0.0008365525317918986,6.46762207459785e-05,0.00043271742188083696,-0.04968044093642936,0.042852932412735696,-0.01897115270827847,2221.850917262168,False
10,moderate,65,corridor_centered_nmpc,26.5,0.20246577495617676,0.044978852425541276,1.2250469090519902,0.20367659672873017,0.045089275853218105,1.225633085387747,0.16906839420438957,-0.0013473535156250036,0.060965870361328126,0.09906839420438956,0.23906839420438958,-0.08,0.08,0.03339738075178719,0.04632620594116628,1.1640810386906622,Solve_Succeeded,0.029087957984302193,False,376.5640919757168,0.0,0.0,False,False,0.5,10,0.0,1932.7564807960669,-0.09662615739685805,0.42286310734575583,0.34999993149439484,0.349999931415024,0.3499999314680423,0.3499999314680423,-3.773228396397599e-10,False,False,79144.88055419922,5874.494696358492,19.908950917901986,6.773201925552577e-06,116.87054239439595,0.8642174456390412,1.005466653261876,0.9499434253485177,0.8914714093255712,0.32960311763802463,0.5,0.0008365525317918986,6.46762207459785e-05,0.00043271742188083696,-0.04968044093642936,0.042852932412735696,-0.01897115270827847,2221.850917262168,False
10,moderate,65,corridor_centered_nmpc,27.0,0.20268171213546635,0.04501750514594736,1.2475459986449877,0.2013617963784515,0.0451459011553209,1.2478099852588362,0.170625,-0.0013676342773437516,0.060287099609375,0.10062499999999999,0.240625,-0.08,0.08,0.03205671213546635,0.04638513942329111,1.1872588990356128,Solve_Succeeded,0.02871574996970594,False,358.4229997311145,0.0,0.0,False,False,0.5,10,0.0,1928.703075133858,-0.09676720203119898,0.4239810062758817,0.3499999339468946,0.34999993149439484,0.3499999314886138,0.3499999314886138,4.114297791346644e-11,False,False,79043.06494140625,5863.958597552136,19.87324356180684,6.8828254764175644e-06,118.33645432307873,0.8642174456390412,1.005466653261876,0.9499434253485177,0.8914714093255712,0.32960311763802463,0.5,0.0008365525317918986,6.46762207459785e-05,0.00043271742188083696,-0.04968044093642936,0.042852932412735696,-0.01897115270827847,2221.850917262168,False
10,moderate,65,corridor_centered_nmpc,27.5,0.20289343783246236,0.04505607681756718,1.2700643943344354,0.20293476358792373,0.04504988001081465,1.2695979530741595,0.1721931798696845,-0.0013877246093749948,0.059598236083984374,0.10219317986968449,0.2421931798696845,-0.08,0.08,0.030700257962777866,0.046443801426942176,1.210466158250451,Solve_Succeeded,0.02894716605078429,False,358.8342182398466,0.0,0.0,False,False,0.5,10,0.0,1924.5386734979593,-0.09690761351697913,0.4251152215082343,0.34999993163860044,0.3499999339468946,0.349999933407611,0.349999933407611,3.837994366762132e-09,False,False,78939.73541259766,5853.301267343199,19.837125346536833,6.995893199994511e-06,119.84362322579086,0.8642174456390412,1.005466653261876,0.9499434253485177,0.8914714093255712,0.32960311763802463,0.5,0.0008365525317918986,6.46762207459785e-05,0.00043271742188083696,-0.04968044093642936,0.042852932412735696,-0.01897115270827847,2221.850917262168,False
10,moderate,65,corridor_centered_nmpc,28.0,0.20310135182839031,0.04509456521621781,1.2926020550402444,0.20227554885685584,0.04506098966049497,1.2929418503459964,0.17377229080932782,-0.001407624511718747,0.058899375000000004,0.10377229080932782,0.24377229080932783,-0.08,0.08,0.02932906101906249,0.04650218972793656,1.2337026800402444,Solve_Succeeded,0.029688375012483448,False,351.33679656825865,0.0,0.0,False,False,0.5,10,0.0,1920.260279762434,-0.09704753738658506,0.42626563971425235,0.3499999320439681,0.34999993163860044,0.34999993202667584,0.34999993202667584,-2.7618702880261026e-09,False,False,78834.90625,5842.524477410941,19.800602276399946,7.112500092074342e-06,121.39292345363347,0.8642174456390412,1.005466653261876,0.9499434253485177,0.8914714093255712,0.32960311763802463,0.5,0.0008365525317918986,6.46762207459785e-05,0.00043271742188083696,-0.04968044093642936,0.042852932412735696,-0.01897115270827847,2221.850917262168,False
10,moderate,65,corridor_centered_nmpc,28.5,0.2033058111934765,0.04513296805815545,1.3151589385553144,0.20374043761865246,0.04506415214422607,1.3157640152206618,0.17536168981481481,-0.001427333984375001,0.05819061157226563,0.10536168981481481,0.24536168981481482,-0.08,0.08,0.027944121378661674,0.04656030204253045,1.2569683269830487,Solve_Succeeded,0.029646333015989512,False,353.96651325440774,0.0,0.0,False,False,0.5,10,0.0,1915.8648486110121,-0.09718710420002048,0.42743214828087306,0.3499999303118324,0.3499999320439681,0.34999993204017465,0.34999993204017465,2.699762635671732e-11,False,False,78728.59173583984,5831.629981807371,19.763680295964555,7.232744469809828e-06,122.98525514337994,0.8642174456390412,1.005466653261876,0.9499434253485177,0.8914714093255712,0.32960311763802463,0.5,0.0008365525317918986,6.46762207459785e-05,0.00043271742188083696,-0.04968044093642936,0.042852932412735696,-0.01897115270827847,2221.850917262168,False
10,moderate,65,corridor_centered_nmpc,29.0,0.2035071347075265,0.04517128299905568,1.3377350015155014,0.2043317496075438,0.04519925671025761,1.338139575206714,0.17696073388203018,-0.0014468530273437502,0.057472041015625,0.10696073388203017,0.2469607338820302,-0.08,0.08,0.026546400825496308,0.04661813602639943,1.2802629604998763,Solve_Succeeded,0.028763582988176495,False,354.89733520944156,0.0,0.0,False,False,0.5,10,0.0,1911.3492863544684,-0.09732642925344405,0.428614635256898,0.34999993055518686,0.3499999303118324,0.3499999306909862,0.3499999306909862,-2.698376855292395e-09,False,False,78620.80615234375,5820.619517548277,19.726365292062432,7.3567280715104645e-06,124.6215447373233,0.8642174456390412,1.005466653261876,0.9499434253485177,0.8914714093255712,0.32960311763802463,0.5,0.0008365525317918986,6.46762207459785e-05,0.00043271742188083696,-0.04968044093642936,0.042852932412735696,-0.01897115270827847,2221.850917262168,False
10,moderate,65,corridor_centered_nmpc,29.5,0.20370560681955277,0.04520950763301367,1.36033019936908,0.20431090655119677,0.04524938284433468,1.3603764472132864,0.17856878000685872,-0.0014661816406250014,0.05674375854492188,0.10856878000685871,0.24856878000685872,-0.08,0.08,0.025136826812694052,0.046675689273638674,1.303586440824158,Solve_Succeeded,0.029241374984849244,False,352.71878054747253,0.0,0.0,False,False,0.5,10,0.0,1906.7104414972525,-0.09746561552832131,0.429812989301285,0.34999993029529236,0.34999993055518686,0.34999993058497775,0.34999993058497775,-2.1201695954431443e-10,False,False,78511.56378173828,5809.494805173575,19.68866309568782,7.484556159881261e-06,126.30274551531404,0.8642174456390412,1.005466653261876,0.9499434253485177,0.8914714093255712,0.32960311763802463,0.5,0.0008365525317918986,6.46762207459785e-05,0.00043271742188083696,-0.04968044093642936,0.042852932412735696,-0.01897115270827847,2221.850917262168,False
10,moderate,65,corridor_centered_nmpc,30.0,0.20390148119442622,0.04524763949135903,1.3829444863456593,0.20352447212697972,0.04528250704157493,1.3827190063814923,0.1801851851851852,-0.0014853198242187476,0.056005859375,0.11018518518518519,0.2501851851851852,-0.08,0.08,0.023716296009241022,0.04673295931557778,1.3269386269706593,Solve_Succeeded,0.02939420798793435,False,348.58731633453436,0.0,0.0,False,False,0.5,10,0.0,1901.9451034431977,-0.09760475396941651,0.4310270996332512,0.34999993028728815,0.34999993029529236,0.34999993035884186,0.34999993035884186,-4.5227177558615494e-10,False,False,78400.87890625,5798.257549279098,19.65057948379968,7.616337628790904e-06,128.02983813902267,0.8642174456390412,1.005466653261876,0.9499434253485177,0.8914714093255712,0.32960311763802463,0.5,0.0008365525317918986,6.46762207459785e-05,0.00043271742188083696,-0.04968044093642936,0.042852932412735696,-0.01897115270827847,2221.850917262168,False
10,moderate,65,corridor_centered_nmpc,30.5,0.20409498388952133,0.04528567604144763,1.4055778154245004,0.2039518676151622,0.04535525573535971,1.4059999526294211,0.18180930641289436,-0.0015042675781250028,0.05525843872070313,0.11180930641289435,0.25180930641289434,-0.08,0.08,0.022285677476626964,0.04678994361957263,1.3503193767037973,Solve_Succeeded,0.02910416602389887,False,350.4605577943958,0.0,0.0,False,False,0.5,10,0.0,1897.0499960611228,-0.09774392532405932,0.43225685598409136,0.34999992940271996,0.34999993028728815,0.3499999303029852,0.3499999303029852,-1.1171330527304235e-10,False,False,78288.76580810547,5786.909439021749,19.61212018103368,7.752185113657072e-06,129.80383120845298,0.8642174456390412,1.005466653261876,0.9499434253485177,0.8914714093255712,0.32960311763802463,0.5,0.0008365525317918986,6.46762207459785e-05,0.00043271742188083696,-0.04968044093642936,0.042852932412735696,-0.01897115270827847,2221.850917262168,False
10,moderate,65,corridor_centered_nmpc,31.0,0.20428631619986115,0.04532361468532742,1.4282301383021978,0.2041896871234316,0.04537610091492984,1.4285106500658027,0.1834405006858711,-0.001523024902343753,0.054501591796875,0.11344050068587108,0.2534405006858711,-0.08,0.08,0.020845815513990062,0.04684663958767117,1.3737285465053228,Solve_Succeeded,0.029343957954552025,False,351.6312785895345,0.0,0.0,False,False,0.5,10,0.0,1892.0217745064394,-0.0978832009000307,0.43350214855061187,0.34999992753772124,0.34999992940271996,0.349999929600215,0.349999929600215,-1.4055404617963063e-09,False,False,78175.23876953125,5775.452148599784,19.573290861329905,7.892215105538692e-06,131.6257618307168,0.8642174456390412,1.005466653261876,0.9499434253485177,0.8914714093255712,0.32960311763802463,0.5,0.0008365525317918986,6.46762207459785e-05,0.00043271742188083696,-0.04968044093642936,0.042852932412735696,-0.01897115270827847,2221.850917262168,False
10,moderate,65,corridor_centered_nmpc,31.5,0.204475657206249,0.04536145275834308,1.450901405359678,0.2046128481828021,0.045450751637758365,1.4509118058277777,0.185078125,-0.0015415917968750054,0.053735413818359376,0.115078125,0.25507812500000004,-0.08,0.08,0.019397532206248985,0.046903044555218085,1.3971659915413186,Solve_Succeeded,0.029240667005069554,False,354.57637219049843,0.0,0.0,False,False,0.5,10,0.0,1886.8570205797885,-0.0980226437173061,0.43476286795009866,0.3499999258421267,0.34999992753772124,0.3499999279901793,0.3499999279901793,-3.2200713206975706e-09,False,False,78060.3120727539,5763.887337709867,19.534097149481823,8.036548069027517e-06,133.49669620107522,0.8642174456390412,1.005466653261876,0.9499434253485177,0.8914714093255712,0.32960311763802463,0.5,0.0008365525317918986,6.46762207459785e-05,0.00043271742188083696,-0.04968044093642936,0.042852932412735696,-0.01897115270827847,2221.850917262168,False
10,moderate,65,corridor_centered_nmpc,32.0,0.20466316605728935,0.045399187527649904,1.4735915656284786,0.20545964817100462,0.04535641648726705,1.473421112588091,0.186721536351166,-0.0015599682617187527,0.05295999999999999,0.116721536351166,0.256721536351166,-0.08,0.08,0.01794162970612334,0.046959155789368656,1.4206315656284787,Solve_Succeeded,0.028679832990746945,False,357.76508140073076,0.0,0.0,False,False,0.5,10,0.0,1881.5522386277446,-0.0981623094324118,0.4360389051767378,0.34999991966723815,0.3499999258421267,0.3499999263133542,0.3499999263133542,-3.3536502463960005e-09,False,False,77944.0,5752.216651982374,19.494544622611564,8.185308564032937e-06,135.41773019622977,0.8642174456390412,1.005466653261876,0.9499434253485177,0.8914714093255712,0.32960311763802463,0.5,0.0008365525317918986,6.46762207459785e-05,0.00043271742188083696,-0.04968044093642936,0.042852932412735696,-0.01897115270827847,2221.850917262168,False
10,moderate,65,corridor_centered_nmpc,32.5,0.20484898401297746,0.04543681619064768,1.4963005667562626,0.20453848845511086,0.045335799591463534,1.4965009959886975,0.18837009173525376,-0.0015781542968749881,0.05217544555664062,0.11837009173525376,0.25837009173525377,-0.08,0.08,0.0164788922777237,0.04701497048752267,1.444125121199622,Solve_Succeeded,0.0287732090218924,False,358.7534040432661,0.0,0.0,False,False,0.5,10,0.0,1876.1038539810036,-0.09830224648390737,0.43733015155941524,0.3499999137981658,0.34999991966723815,0.3499999211252251,0.3499999211252251,-1.0376258186006737e-08,False,False,77826.3168334961,5740.441723396339,19.45463881157619,8.338625371556786e-06,137.38998997984697,0.8642174456390412,1.005466653261876,0.9499434253485177,0.8914714093255712,0.32960311763802463,0.5,0.0008365525317918986,6.46762207459785e-05,0.00043271742188083696,-0.04968044093642936,0.042852932412735696,-0.01897115270827847,2221.850917262168,False
10,moderate,65,corridor_centered_nmpc,33.0,0.205033236274668,0.04547433587338506,1.5190283549715438,0.20552127785923066,0.04550186170783595,1.5188779180914542,0.19002314814814816,-0.0015961499023437464,0.051381845703125005,0.12002314814814816,0.2600231481481482,-0.08,0.08,0.015010088126519827,0.04707048577572881,1.4676465092684188,Solve_Succeeded,0.029546917008701712,False,365.6457423605448,0.0,0.0,False,False,0.5,10,0.0,1870.5082050396318,-0.09844249802367841,0.4386364987208295,0.34999991089259985,0.3499999137981658,0.3499999154055342,0.3499999154055342,-1.143938177516901e-08,False,False,77707.27685546875,5728.564170675286,19.414385202309198,8.496631623556095e-06,139.41463262027034,0.8642174456390412,1.005466653261876,0.9499434253485177,0.8914714093255712,0.32960311763802463,0.5,0.0008365525317918986,6.46762207459785e-05,0.00043271742188083696,-0.04968044093642936,0.042852932412735696,-0.01897115270827847,2221.850917262168,False
10,moderate,65,corridor_centered_nmpc,33.5,0.20521603362363033,0.045511743628807166,1.541774875047574,0.20542373577058076,0.04541013704085705,1.5410919562419798,0.1916800625857339,-0.0016139550781249998,0.05057929565429688,0.12168006258573388,0.2616800625857339,-0.08,0.08,0.013535971037896444,0.047125698706932166,1.491195579393277,Solve_Succeeded,0.029227959050331265,False,369.5646269237123,0.0,0.0,False,False,0.5,10,0.0,1864.761542361082,-0.09858310176372198,0.43995783853785236,0.3499998947896844,0.34999991089259985,0.3499999118826216,0.3499999118826216,-7.045825256568605e-09,False,False,77586.89434814453,5716.5855996651535,19.373789237101303,8.65946493699466e-06,141.49284672037723,0.8642174456390412,1.005466653261876,0.9499434253485177,0.8914714093255712,0.32960311763802463,0.5,0.0008365525317918986,6.46762207459785e-05,0.00043271742188083696,-0.04968044093642936,0.042852932412735696,-0.01897115270827847,2221.850917262168,False
10,moderate,65,corridor_centered_nmpc,34.0,0.20539747388808868,0.045549036434986395,1.5645400702653494,0.20334382343470647,0.04551744810677107,1.5642581666683897,0.19334019204389574,-0.001631569824218762,0.049767890625000005,0.12334019204389574,0.26334019204389575,-0.08,0.08,0.01205728184419294,0.04718060625920516,1.5147721796403493,Solve_Succeeded,0.028884458006359637,False,374.06694437512596,0.0,0.0,False,False,0.5,10,0.0,1858.8600314962584,-0.09872408882651296,0.4412940631030815,0.34999986787705606,0.3499998947896844,0.3499998985394353,0.3499998985394353,-2.6686372556206095e-08,False,False,77465.18359375,5704.507603695355,19.33285631582411,8.827267552185595e-06,143.62585305951077,0.8642174456390412,1.005466653261876,0.9499434253485177,0.8914714093255712,0.32960311763802463,0.5,0.0008365525317918986,6.46762207459785e-05,0.00043271742188083696,-0.04968044093642936,0.042852932412735696,-0.01897115270827847,2221.850917262168,False
10,moderate,65,corridor_centered_nmpc,34.5,0.205577643256623,0.04558621119341122,1.5873238823757483,0.20487586437497152,0.045489604518007994,1.5874184298415728,0.19500289351851852,-0.0016489941406250055,0.048947725830078115,0.1250028935185185,0.2650028935185185,-0.08,0.08,0.010574749738104489,0.047235205334036225,1.5383761565456702,Solve_Succeeded,0.029146790970116854,False,382.63142216940383,0.0,0.0,False,False,0.5,10,0.0,1852.7997387950165,-0.09886548727246411,0.4426450646875293,0.3499998159722648,0.34999986787705606,0.3499998746035936,0.3499998746035936,-4.787168339515091e-08,False,False,77342.15887451172,5692.331763924001,19.291591797100075,9.0001864755292e-06,145.81490524740724,0.8642174456390412,1.005466653261876,0.9499434253485177,0.8914714093255712,0.32960311763802463,0.5,0.0008365525317918986,6.46762207459785e-05,0.00043271742188083696,-0.04968044093642936,0.042852932412735696,-0.01897115270827847,2221.850917262168,False
10,moderate,65,corridor_centered_nmpc,35.0,0.20575661745388016,0.04562326472699223,1.6101262515607406,0.20652272942463595,0.04566227457535318,1.6092852539059885,0.19666752400548698,-0.0016662280273437372,0.048118896484375,0.12666752400548698,0.266667524005487,-0.08,0.08,0.009089093448393176,0.047289492754335964,1.5620073550763656,Solve_Succeeded,0.028230416995938867,False,391.82681642065614,0.0,0.0,False,False,0.5,10,0.0,1846.576637406181,-0.09900731999740857,0.44401073570439814,0.34999976537540683,0.3499998159722648,0.34999982883447067,0.34999982883447067,-9.153824587215809e-08,False,False,77217.83447265625,5680.059649668205,19.25000099942194,9.178373626752449e-06,148.0612903900255,0.8642174456390412,1.005466653261876,0.9499434253485177,0.8914714093255712,0.32960311763802463,0.5,0.0008365525317918986,6.46762207459785e-05,0.00043271742188083696,-0.04968044093642936,0.042852932412735696,-0.01897115270827847,2221.850917262168,False
10,moderate,65,corridor_centered_nmpc,35.5,0.20593446279290128,0.045660193778189216,1.632947116393632,0.205874078190867,0.04561406217862459,1.632720276435245,0.19833344050068585,-0.0016832714843749985,0.04728149780273438,0.12833344050068585,0.26833344050068586,-0.08,0.08,0.007601022292215431,0.047343465262564215,1.5856656185908977,Solve_Succeeded,0.028655625006649643,False,400.1789831220033,0.0,0.0,False,False,0.5,10,0.0,1840.1865863427436,-0.09914960982040169,0.44539096867389644,0.316410320458856,0.34999976537540683,0.3499997792966936,0.3499997792966936,-9.907555409416346e-08,False,False,77092.22467041016,5667.692818720325,19.20808920222448,9.361985990757845e-06,150.3663297671625,0.8642174456390412,1.005466653261876,0.9499434253485177,0.8914714093255712,0.32960311763802463,0.5,0.0008365525317918986,6.46762207459785e-05,0.00043271742188083696,-0.04968044093642936,0.042852932412735696,-0.01897115270827847,2221.850917262168,False
10,moderate,65,corridor_centered_nmpc,36.0,0.20611123711684498,0.04569699500672054,1.655786413798266,0.2067835022567863,0.04559768769933282,1.655620222248085,0.2,-0.001700124511718755,0.046435625,0.13,0.27,-0.08,0.08,0.00611123711684497,0.04739711951843929,1.609350788798266,Solve_Succeeded,0.028412999992724508,False,409.88076456930116,0.0,0.0,False,False,0.5,10,0.0,1845.808739885611,-0.09617635616053499,0.44678565618904953,0.2784285117264444,0.316410320458856,0.3237789839868604,0.3237789839868604,-0.05244159061966647,False,False,76965.34375,5655.232817650954,19.165861646911356,9.55118577419157e-06,152.73137952173008,0.8642174456390412,1.005466653261876,0.9499434253485177,0.8914714093255712,0.32960311763802463,0.5,0.0008365525317918986,6.46762207459785e-05,0.00043271742188083696,-0.04968044093642936,0.042852932412735696,-0.01897115270827847,2221.850917262168,False
10,moderate,65,corridor_centered_nmpc,36.5,0.20628704938630185,0.045733908654876844,1.6786441399240533,0.20581009772850425,0.045731499604873105,1.6785245374896138,0.2016665594993141,-0.0017167871093750064,0.04558137329101562,0.1316665594993141,0.2716665594993141,-0.08,0.08,0.004620489886987739,0.04745069576425185,1.6330627666330377,Solve_Succeeded,0.028052665991708636,False,420.75919620352596,0.0,0.0,False,False,0.5,10,0.0,1856.0677965534985,-0.09208947448795012,0.4481946908824673,0.23377923413995655,0.2784285117264444,0.28837723916907493,0.28837723916907493,-0.07080348963557093,False,False,76837.20599365234,5642.681182099389,19.123323537839543,9.746140566842081e-06,155.15783136054313,0.8642174456390412,1.005466653261876,0.9499434253485177,0.8914714093255712,0.32960311763802463,0.5,0.0008365525317918986,6.46762207459785e-05,0.00043271742188083696,-0.04968044093642936,0.042852932412735696,-0.01897115270827847,2221.850917262168,False
10,moderate,65,corridor_centered_nmpc,37.0,0.2064620754002041,0.04577102745769621,1.7015203741648237,0.20605885169009652,0.045803892807992026,1.7015362870972093,0.20333247599451304,-0.001733259277343746,0.044718837890624995,0.13333247599451303,0.27333247599451305,-0.08,0.08,0.003129599405691047,0.04750428673503996,1.6568015362741988,Solve_Succeeded,0.028188084019348025,False,432.2852110126534,0.0,0.0,False,False,0.5,10,0.0,1870.2834297095726,-0.08711294928256574,0.44961796539402865,0.19837733697928994,0.23377923413995655,0.24575663247501606,0.24575663247501606,-0.08524121338811774,False,False,76707.82568359375,5630.039437052273,19.080480043263627,9.947023507981889e-06,157.64711326645116,0.8642174456390412,1.005466653261876,0.9499434253485177,0.8914714093255712,0.32960311763802463,0.5,0.0008365525317918986,6.46762207459785e-05,0.00043271742188083696,-0.04968044093642936,0.042852932412735696,-0.01897115270827847,2221.850917262168,False
10,moderate,65,corridor_centered_nmpc,37.5,0.2066365132730867,0.04580843054321227,1.7244152388802132,0.2077529839132449,0.045946397396295954,1.7242389299736585,0.2049971064814815,-0.0017495410156249946,0.04384811401367188,0.1349971064814815,0.2749971064814815,-0.08,0.08,0.001639406791605208,0.047557971558837266,1.6805671248665413,Solve_Succeeded,0.027795542031526566,False,443.18215319314197,0.0,0.0,False,False,0.5,10,0.0,1882.3574779578407,-0.08278030796545446,0.45105537233944787,0.15575673278367355,0.19837733697928994,0.20877113606927777,0.20877113606927777,-0.07397099281147657,False,False,76577.21710205078,5617.309097111061,19.037336296242305,1.0154013457767193e-05,160.2006902216346,0.8642174456390412,1.005466653261876,0.9499434253485177,0.8914714093255712,0.32960311763802463,0.5,0.0008365525317918986,6.46762207459785e-05,0.00043271742188083696,-0.04968044093642936,0.042852932412735696,-0.01897115270827847,2221.850917262168,False
10,moderate,65,corridor_centered_nmpc,38.0,0.2068105485447473,0.04584607507613756,1.7473288655030401,0.20562235292267658,0.045988887981972794,1.746787521373444,0.20665980795610428,-0.0017656323242187522,0.042969296875,0.13665980795610427,0.2766598079561043,-0.08,0.08,0.00015074058864303352,0.047611707400356314,1.7043595686280402,Solve_Succeeded,0.026980667025782168,False,458.300078444659,0.0,0.0,False,False,0.5,10,0.0,1897.1904199962025,-0.07788997430372753,0.45250680427969014,0.11877116832477708,0.15575673278367355,0.16738672961796305,0.16738672961796305,-0.08276881290262944,False,False,76445.39453125,5604.4916667489015,18.99389739550893,1.0367295173810442e-05,162.82006494184782,0.8642174456390412,1.005466653261876,0.9499434253485177,0.8914714093255712,0.32960311763802463,0.5,0.0008365525317918986,6.46762207459785e-05,0.00043271742188083696,-0.04968044093642936,0.042852932412735696,-0.01897115270827847,2221.850917262168,False
10,moderate,65,corridor_centered_nmpc,38.5,0.2069843507751397,0.04588401623097696,1.770261388550919,0.20658691832712994,0.04577246516489613,1.7705814994743523,0.20831993741426613,-0.0017815332031249978,0.042082481689453125,0.13831993741426613,0.27831993741426614,-0.08,0.08,-0.0013355866391264182,0.04766554943410196,1.728178906861466,Solve_Succeeded,0.028396375011652708,False,472.2383981289258,0.0,0.0,False,False,0.5,10,0.0,1910.9322419124471,-0.07338225574211352,0.4539721536912043,0.0773867486003809,0.11877116832477708,0.12943617234059124,0.12943617234059124,-0.07590111455474363,False,False,76312.37225341797,5591.588640557487,18.950168406308123,1.0587059493043303e-05,165.50677862139355,0.8642174456390412,1.005466653261876,0.9499434253485177,0.8914714093255712,0.32960311763802463,0.5,0.0008365525317918986,6.46762207459785e-05,0.00043271742188083696,-0.04968044093642936,0.042852932412735696,-0.01897115270827847,2221.850917262168,False
10,moderate,65,corridor_centered_nmpc,39.0,0.2071580794222766,0.045922232181886694,1.7932129508786283,0.20889023448872146,0.0458497132572908,1.79290390715113,0.20997685185185183,-0.0017972436523437524,0.041187763671875,0.13997685185185182,0.27997685185185184,-0.08,0.08,-0.0028187724295752337,0.047719475834230446,1.7520251872067534,Solve_Succeeded,0.028874916024506092,False,483.09865780015485,0.0,0.0,False,False,0.5,10,0.0,1926.699414254248,-0.068520089962732,0.4554513129369436,0.039436191360528915,0.0773867486003809,0.08880505373651765,0.08880505373651765,-0.08126223720814718,False,False,76178.16455078125,5578.601503484431,18.90615436120024,1.081350351898744e-05,168.26241168856725,0.8642174456390412,1.005466653261876,0.9499434253485177,0.8914714093255712,0.32960311763802463,0.5,0.0008365525317918986,6.46762207459785e-05,0.00043271742188083696,-0.04968044093642936,0.042852932412735696,-0.01897115270827847,2221.850917262168,False
10,moderate,65,corridor_centered_nmpc,39.5,0.20733188202673467,0.04596076343256193,1.8161837000104046,0.2066720818627819,0.045959533670405624,1.8166408389043753,0.21162990826474626,-0.001812763671875002,0.04028523803710937,0.14162990826474625,0.28162990826474626,-0.08,0.08,-0.004298026238011593,0.047773527104436934,1.7758984619732954,Solve_Succeeded,0.02912099997047335,False,502.9100159379393,0.0,0.0,False,False,0.5,10,0.0,1942.0647774761158,-0.06388004268536024,0.4569441742381477,-0.0011949365535796595,0.039436191360528915,0.05026645026303991,0.05026645026303991,-0.07707720694695548,False,False,76042.7857055664,5565.531731061606,18.861860260835236,1.10468308145524e-05,171.08858457130242,0.8642174456390412,1.005466653261876,0.9499434253485177,0.8914714093255712,0.32960311763802463,0.5,0.0008365525317918986,6.46762207459785e-05,0.00043271742188083696,-0.04968044093642936,0.042852932412735696,-0.01897115270827847,2221.850917262168,False
10,moderate,65,corridor_centered_nmpc,40.0,0.20750589823506208,0.04599960194344153,1.839173791586519,0.20907388204625918,0.046012779960319015,1.8393937226750552,0.21327846364883404,-0.0018280932617187468,0.039375,0.14327846364883404,0.283278463648834,-0.08,0.08,-0.005772565413771968,0.047827695205160274,1.799798791586519,Solve_Succeeded,0.0286750000086613,False,514.1056604618907,0.0,0.0,False,False,0.5,10,0.0,1959.0169595653003,-0.05900989110137155,0.45845062964685884,-0.03973354023656335,-0.0011949365535796595,0.01009436840268213,0.01009436840268213,-0.08034416372071555,False,False,75906.25,5552.380789624953,18.817291074697604,1.1287251600480254e-05,173.98695847271705,0.8642174456390412,1.005466653261876,0.9499434253485177,0.8914714093255712,0.32960311763802463,0.5,0.0008365525317918986,6.46762207459785e-05,0.00043271742188083696,-0.04968044093642936,0.042852932412735696,-0.01897115270827847,2221.850917262168,False
10,moderate,65,corridor_centered_nmpc,40.5,0.20768025892944325,0.04603877944758356,1.8621833871706157,0.20788188813207875,0.04596644533020269,1.8620008841154851,0.214921875,-0.0018432324218749935,0.038457144775390625,0.144921875,0.284921875,-0.08,0.08,-0.007241616070556761,0.047882011869458556,1.8237262423952252,Solve_Succeeded,0.02863366698147729,False,534.4214859786754,0.0,0.0,False,False,0.5,10,0.0,1976.030387218058,-0.05426314366756415,0.4599705710191495,-0.07990560109804727,-0.03973354023656335,-0.028802578388105626,-0.028802578388105626,-0.07779389358157551,False,False,75768.5717163086,5539.150136526166,18.77245174182378,1.1534982959557223e-05,176.95923615623232,0.8642174456390412,1.005466653261876,0.9499434253485177,0.8914714093255712,0.32960311763802463,0.5,0.0008365525317918986,6.46762207459785e-05,0.00043271742188083696,-0.04968044093642936,0.042852932412735696,-0.01897115270827847,2221.850917262168,False
10,moderate,65,corridor_centered_nmpc,41.0,0.2078550890277276,0.0460782971665084,1.885212656564987,0.20657750190007074,0.04602908351620406,1.8855057737445542,0.21655949931412896,-0.001858181152343763,0.03753176757812501,0.14655949931412895,0.28655949931412894,-0.08,0.08,-0.00870441028640137,0.047936478318852165,1.847680888986862,Solve_Succeeded,0.029766499996185303,False,556.654482732411,0.0,0.0,False,False,0.5,10,0.0,1994.3805348605058,-0.04936226801931862,0.46150388998903746,-0.11880255198245533,-0.07990560109804727,-0.06869491201158476,-0.06869491201158476,-0.07978466724695826,False,False,75629.76513671875,5525.841220336646,18.727347171493353,1.1790249046713647e-05,180.00716273991776,0.8642174456390412,1.005466653261876,0.9499434253485177,0.8914714093255712,0.32960311763802463,0.5,0.0008365525317918986,6.46762207459785e-05,0.00043271742188083696,-0.04968044093642936,0.042852932412735696,-0.01897115270827847,2221.850917262168,False
10,moderate,65,corridor_centered_nmpc,41.5,0.20803050716394042,0.046118181831230384,1.9082617765600607,0.20724147382199704,0.04608960755588021,1.9086774665707422,0.21819069358710566,-0.0018729394531250138,0.03659896362304686,0.14819069358710565,0.2881906935871057,-0.08,0.08,-0.01016018642316524,0.0479911212843554,1.8716628129370139,Solve_Succeeded,0.030844374967273325,False,573.8050816463597,0.0,0.0,False,False,0.5,10,0.0,2013.1139728333112,-0.04452396877605846,0.4630504779430665,-0.1586948848861389,-0.11880255198245533,-0.10781022427303101,-0.10781022427303101,-0.0782306245228925,False,False,75489.84454345703,5512.455481044132,18.68198224389546,1.2053281305132957e-05,183.13252649967484,0.8642174456390412,1.005466653261876,0.9499434253485177,0.8914714093255712,0.32960311763802463,0.5,0.0008365525317918986,6.46762207459785e-05,0.00043271742188083696,-0.04968044093642936,0.042852932412735696,-0.01897115270827847,2221.850917262168,False
10,moderate,65,corridor_centered_nmpc,42.0,0.20820662767394843,0.04615844110408562,1.931330932544608,0.2076681553552186,0.04620813235137554,1.9317922262636118,0.21981481481481485,-0.0018875073242187387,0.03565882812499999,0.14981481481481485,0.28981481481481486,-0.08,0.08,-0.011608187140866422,0.048045948428304355,1.8956721044196079,Solve_Succeeded,0.030632375041022897,False,591.712626501793,0.0,0.0,False,False,0.5,10,0.0,2033.0553736626991,-0.03957785948055291,0.46461022599553314,-0.19781018597519867,-0.1586948848861389,-0.14753209882861784,-0.14753209882861784,-0.07944374911117366,False,False,75348.82421875,5498.99435024233,18.63636181077146,1.23243186884915e-05,186.33715968085548,0.8642174456390412,1.005466653261876,0.9499434253485177,0.8914714093255712,0.32960311763802463,0.5,0.0008365525317918986,6.46762207459785e-05,0.00043271742188083696,-0.04968044093642936,0.042852932412735696,-0.01897115270827847,2221.850917262168,False
10,moderate,65,corridor_centered_nmpc,42.5,0.20838356058803217,0.04619909914082152,1.9544203178619253,0.20799549727116576,0.046217110444645756,1.9540862895126079,0.2214312199931413,-0.0019018847656249865,0.034711456298828124,0.1514312199931413,0.2914312199931413,-0.08,0.08,-0.01304765940510913,0.04810098390644651,1.919708861563097,Solve_Succeeded,0.029275082983076572,False,611.0899049378887,0.0,0.0,False,False,0.5,10,0.0,2053.615048028948,-0.03465674388110981,0.46618302496434094,-0.23753209048396776,-0.19781018597519867,-0.18678046653841218,-0.18678046653841218,-0.07849673541958868,False,False,75206.71844482422,5485.459251313897,18.590490696035044,1.2603607889450118e-05,189.62293931787025,0.8642174456390412,1.005466653261876,0.9499434253485177,0.8914714093255712,0.32960311763802463,0.5,0.0008365525317918986,6.46762207459785e-05,0.00043271742188083696,-0.04968044093642936,0.042852932412735696,-0.01897115270827847,2221.850917262168,False
10,moderate,65,corridor_centered_nmpc,43.0,0.20856141306903755,0.04624016830329588,1.9775301349847183,0.20999301630065018,0.04627759696785532,1.977356255107464,0.22303926611796981,-0.0019160717773437363,0.033756943359375007,0.1530392661179698,0.2930392661179698,-0.08,0.08,-0.01447785304893226,0.048156240080639616,1.9437731916253433,Solve_Succeeded,0.029794165981002152,False,624.4769747564881,0.0,0.0,False,False,0.5,10,0.0,2075.3330233858674,-0.029655952136805348,0.46776876534746137,-0.2767804467404613,-0.23753209048396776,-0.22639848925031697,-0.22639848925031697,-0.07923604542380958,False,False,75063.54150390625,5471.851599607084,18.544373696370922,1.2891403574518838e-05,192.99178806131997,0.8642174456390412,1.005466653261876,0.9499434253485177,0.8914714093255712,0.32960311763802463,0.5,0.0008365525317918986,6.46762207459785e-05,0.00043271742188083696,-0.04968044093642936,0.042852932412735696,-0.01897115270827847,2221.850917262168,False
10,moderate,65,corridor_centered_nmpc,43.5,0.20874028957405735,0.04628167175383757,2.000660595266747,0.21111460033501983,0.0463187358913235,2.000504380274846,0.2246383101851852,-0.001930068359375016,0.03279538452148439,0.1546383101851852,0.2946383101851852,-0.08,0.08,-0.015898020611127855,0.04821174011321259,1.9678652107452625,Solve_Succeeded,0.029549375001806766,False,641.5075934681204,0.0,0.0,False,False,0.5,10,0.0,2097.8514736676425,-0.024656833321028297,0.469367337299987,-0.31639846784985287,-0.2767804467404613,-0.26572794082128603,-0.26572794082128603,-0.07865890314193813,False,False,74919.30767822266,5458.172802606335,18.49801558181297,1.3187968625414502e-05,196.44567501213675,0.8642174456390412,1.005466653261876,0.9499434253485177,0.8914714093255712,0.32960311763802463,0.5,0.0008365525317918986,6.46762207459785e-05,0.00043271742188083696,-0.04968044093642936,0.042852932412735696,-0.01897115270827847,2221.850917262168,False
10,moderate,65,corridor_centered_nmpc,44.0,0.20892029292089437,0.04632362549812928,2.0238119198537836,0.20898790159669195,0.04632144273647575,2.02380858818119,0.22622770919067217,-0.0019438745117187697,0.03182687499999999,0.15622770919067216,0.2962277091906722,-0.08,0.08,-0.017307416269777803,0.04826750000984805,1.9919850448537837,Solve_Succeeded,0.02873520803404972,False,673.3035644131521,0.0,0.0,False,False,0.5,10,0.0,2121.531058205625,-0.01959503371655539,0.47097863061175976,-0.3499999748526894,-0.31639846784985287,-0.305282657194411,-0.305282657194411,-0.07910943274624993,False,False,74774.03125,5444.424260097118,18.451421096302866,1.349357438703151e-05,199.98661656220318,0.8642174456390412,1.005466653261876,0.9499434253485177,0.8914714093255712,0.32960311763802463,0.5,0.0008365525317918986,6.46762207459785e-05,0.00043271742188083696,-0.04968044093642936,0.042852932412735696,-0.01897115270827847,2221.850917262168,False
10,moderate,65,corridor_centered_nmpc,44.5,0.2091015245346164,0.04636605275492699,2.0469843396977208,0.20880747270397418,0.04642421964442263,2.04621305454078,0.2278068201303155,-0.001957490234374991,0.030851510009765618,0.1578068201303155,0.2978068201303155,-0.08,0.08,-0.018705295595699112,0.04832354298930198,2.016132829687955,Solve_Succeeded,0.028328332991804928,False,696.3840626127437,0.0,0.0,False,False,0.5,10,0.0,2143.232548860138,-0.015082409050764502,0.472602534685558,-0.34999997746332534,-0.3499999748526894,-0.34019014524842195,-0.34019014524842195,-0.0698149761080219,False,False,74627.72650146484,5430.607364325257,18.40459495823004,1.3808500922143873e-05,203.61667724086914,0.8642174456390412,1.005466653261876,0.9499434253485177,0.8914714093255712,0.32960311763802463,0.5,0.0008365525317918986,6.46762207459785e-05,0.00043271742188083696,-0.04968044093642936,0.042852932412735696,-0.01897115270827847,2221.850917262168,False
10,moderate,65,corridor_centered_nmpc,45.0,0.2092840711324623,0.04640891395845994,2.0701780816636868,0.20956378170042383,0.04635842139629251,2.0705022228367276,0.22937500000000002,-0.001970915527343728,0.029869384765625,0.15937500000000002,0.29937500000000006,-0.08,0.08,-0.020090928867537716,0.04837982948580367,2.040308696898062,Solve_Succeeded,0.02911424997728318,False,718.4670136200705,0.0,0.0,False,False,0.5,10,0.0,2147.669700447744,-0.013975750673610711,0.47423893851582877,-0.34999998059927917,-0.34999997746332534,-0.3478479525317306,-0.3478479525317306,-0.015315614566617342,False,False,74480.40771484375,5416.723500150996,18.35754186095386,1.4133037272955884e-05,207.33797056675684,0.8642174456390412,1.005466653261876,0.9499434253485177,0.8914714093255712,0.32960311763802463,0.5,0.0008365525317918986,6.46762207459785e-05,0.00043271742188083696,-0.04968044093642936,0.042852932412735696,-0.01897115270827847,2221.850917262168,False
10,moderate,65,corridor_centered_nmpc,45.5,0.209467917959457,0.0464518638194307,2.093393276402893,0.2083064981219416,0.046497013833670324,2.093041804237888,0.23093160579561045,-0.0019841503906249877,0.02888059448242189,0.16093160579561044,0.30093160579561046,-0.08,0.08,-0.02146368783615346,0.04843601421005569,2.064512681920471,Solve_Succeeded,0.028408083016984165,False,748.1451851401047,0.0,0.0,False,False,0.5,10,0.0,2148.2386163776087,-0.013618016958004263,0.47588773066795076,-0.34999998008694677,-0.34999998059927917,-0.3495278809798973,-0.3495278809798973,-0.0033598568963333353,False,False,74332.08917236328,5402.774045198055,18.310266473308733,1.4467481729616745e-05,211.1526599041998,0.8642174456390412,1.005466653261876,0.9499434253485177,0.8914714093255712,0.32960311763802463,0.5,0.0008365525317918986,6.46762207459785e-05,0.00043271742188083696,-0.04968044093642936,0.042852932412735696,-0.01897115270827847,2221.850917262168,False
10,moderate,65,corridor_centered_nmpc,46.0,0.20965295290230512,0.04649482497288144,2.116629948902831,0.20913494368357144,0.046599211019103436,2.116804431897619,0.23247599451303155,-0.0019971948242187704,0.027885234375000012,0.16247599451303155,0.30247599451303153,-0.08,0.08,-0.02282304161072643,0.04849201979710021,2.088744714527831,Solve_Succeeded,0.0295322920428589,False,768.2618941174442,0.0,0.0,False,False,0.5,10,0.0,2147.941982175435,-0.013424291128073855,0.4775487992580159,-0.34999998095399854,-0.34999998008694677,-0.3498964136827212,-0.3498964136827212,-0.0007370654056477743,False,False,74182.78515625,5388.760369997873,18.26277344009299,1.481214210581283e-05,215.06295932362931,0.8642174456390412,1.005466653261876,0.9499434253485177,0.8914714093255712,0.32960311763802463,0.5,0.0008365525317918986,6.46762207459785e-05,0.00043271742188083696,-0.04968044093642936,0.042852932412735696,-0.01897115270827847,2221.850917262168,False
10,moderate,65,corridor_centered_nmpc,46.5,0.2098390533734056,0.04653778010791693,2.139888100482009,0.20884865049327972,0.04649610912167607,2.139851962238852,0.23400752314814816,-0.0020100488281250273,0.02688339965820312,0.16400752314814815,0.30400752314814816,-0.08,0.08,-0.024168469774742546,0.04854782893604196,2.1130047008238058,Solve_Succeeded,0.029098958999384195,False,797.888406193222,0.0,0.0,False,False,0.5,10,0.0,2147.453433176783,-0.013265790261141636,0.4792220319331153,-0.3499999816895723,-0.34999998095399854,-0.3499772609578759,-0.3499772609578759,-0.00016169455030945468,False,False,74032.50994873047,5374.683838129254,18.215067382542145,1.516733602154852e-05,219.07113446517278,0.8642174456390412,1.005466653261876,0.9499434253485177,0.8914714093255712,0.32960311763802463,0.5,0.0008365525317918986,6.46762207459785e-05,0.00043271742188083696,-0.04968044093642936,0.042852932412735696,-0.01897115270827847,2221.850917262168,False
10,moderate,65,corridor_centered_nmpc,47.0,0.2100261046062742,0.04658072538627532,2.1631677271716523,0.20919909996869593,0.046563168556560064,2.1638471114361417,0.235525548696845,-0.0020227124023437446,0.025875185546874985,0.165525548696845,0.305525548696845,-0.08,0.08,-0.02549944409057081,0.048603437788619065,2.1372925416247774,Solve_Succeeded,0.029001999995671213,False,822.2183366833727,0.0,0.0,False,False,0.5,10,0.0,2146.9246243778402,-0.013114144763046752,0.48090731585211915,-0.34999998226502543,-0.3499999816895723,-0.34999499734529366,-0.34999499734529366,-3.5472774835509924e-05,False,False,73881.27783203125,5360.54580635363,18.16715289878729,1.5533391193224354e-05,223.1795034046951,0.8642174456390412,1.005466653261876,0.9499434253485177,0.8914714093255712,0.32960311763802463,0.5,0.0008365525317918986,6.46762207459785e-05,0.00043271742188083696,-0.04968044093642936,0.042852932412735696,-0.01897115270827847,2221.850917262168,False
10,moderate,65,corridor_centered_nmpc,47.5,0.2102140027030295,0.04662366000263519,2.186468823842105,0.21040560138973835,0.046682027409741644,2.186628427940262,0.23702942815500688,-0.0020351855468749847,0.024860687255859375,0.16702942815500688,0.3070294281550069,-0.08,0.08,-0.026815425451977376,0.04865884554951017,2.1616081365862456,Solve_Succeeded,0.029822374985087663,False,839.9755898291228,0.0,0.0,False,False,0.5,10,0.0,2146.390224492789,-0.012963092658747809,0.48260453766693817,-0.3499999831324343,-0.34999998226502543,-0.3499988887018217,-0.3499988887018217,-7.782713056125878e-06,False,False,73729.1030883789,5346.3476247460985,18.119034564299216,1.591064573111735e-05,227.39043752145778,0.8642174456390412,1.005466653261876,0.9499434253485177,0.8914714093255712,0.32960311763802463,0.5,0.0008365525317918986,6.46762207459785e-05,0.00043271742188083696,-0.04968044093642936,0.042852932412735696,-0.01897115270827847,2221.850917262168,False
10,moderate,65,corridor_centered_nmpc,48.0,0.21040265437421993,0.04666658384488009,2.209791385134365,0.21008662673061423,0.04677785584719704,2.2099196213590493,0.23851851851851852,-0.0020474682617187406,0.02384,0.1685185185185185,0.3085185185185185,-0.08,0.08,-0.02811586414429859,0.04871405210659883,2.185951385134365,Solve_Succeeded,0.029821917007211596,False,868.2846936051404,0.0,0.0,False,False,0.5,10,0.0,2145.8586942388915,-0.012811241700609474,0.48431358350425724,-0.3499999832763923,-0.3499999831324343,-0.3499997430425008,-0.3499997430425008,-1.7086813581812521e-06,False,False,73576.0,5332.090636822434,18.070716932318835,1.6299448444365766e-05,231.70636236653868,0.8642174456390412,1.005466653261876,0.9499434253485177,0.8914714093255712,0.32960311763802463,0.5,0.0008365525317918986,6.46762207459785e-05,0.00043271742188083696,-0.04968044093642936,0.042852932412735696,-0.01897115270827847,2221.850917262168,False
10,moderate,65,corridor_centered_nmpc,48.5,0.21059197603564161,0.04670949696994511,2.233135405675648,0.21082996503983062,0.046785157759061495,2.2334404170228646,0.23999217678326476,-0.0020595605468750125,0.022813218994140634,0.16999217678326475,0.30999217678326474,-0.08,0.08,-0.029400200747623145,0.048769057516820126,2.2103221866815073,Solve_Succeeded,0.030204375041648746,False,891.6219669707652,0.0,0.0,False,False,0.5,10,0.0,2145.3326371112253,-0.012658274573225776,0.48603433894772885,-0.349999984137263,-0.3499999832763923,-0.349999930575254,-0.349999930575254,-3.750655064305164e-07,False,False,73421.9828491211,5317.776179662232,18.022204534274533,1.6700159153556087e-05,236.12975853110296,0.8642174456390412,1.005466653261876,0.9499434253485177,0.8914714093255712,0.32960311763802463,0.5,0.0008365525317918986,6.46762207459785e-05,0.00043271742188083696,-0.04968044093642936,0.042852932412735696,-0.01897115270827847,2221.850917262168,False
10,moderate,65,corridor_centered_nmpc,49.0,0.2107818928491865,0.04675239948668187,2.2565008801346305,0.20997664952983666,0.04680470350744398,2.255978267040176,0.24144975994513035,-0.0020714624023437656,0.021780439453124988,0.17144975994513034,0.31144975994513036,-0.08,0.08,-0.03066786709594385,0.048823861889025634,2.2347204406815053,Solve_Succeeded,0.030577374971471727,False,925.6525256481427,0.0,0.0,False,False,0.5,10,0.0,2144.854513786622,-0.012497434087337965,0.4878384306542634,-0.34999998426280077,-0.349999984137263,-0.3499999723871356,-0.3499999723871356,-8.362376313630904e-08,False,False,73267.06591796875,5303.405584028344,17.973501880186948,1.7113149011005314e-05,240.66316251355948,0.8642174456390412,1.005466653261876,0.9499434253485177,0.8914714093255712,0.32960311763802463,0.5,0.0008365525317918986,6.46762207459785e-05,0.00043271742188083696,-0.04968044093642936,0.042852932412735696,-0.01897115270827847,2221.850917262168,False
10,moderate,65,corridor_centered_nmpc,49.5,0.21097233802856113,0.046795292353008236,2.279887803446692,0.21065382816167247,0.04666326744050837,2.2793941879775548,0.24289062500000003,-0.002083173828124986,0.02074175659179687,0.17289062500000002,0.31289062500000003,-0.08,0.08,-0.03191828697143889,0.04887846618113322,2.259146046854895,Solve_Succeeded,0.02999662497313693,False,952.890667799084,0.0,0.0,False,False,0.5,10,0.0,2144.421481935386,-0.012329695409403235,0.4897150181989939,-0.349999985345199,-0.34999998426280077,-0.3499999816575852,-0.3499999816575852,-1.854089926034419e-08,False,False,73111.26348876953,5288.980174482759,17.92461345906169,1.7538800828827687e-05,245.3091675846044,0.8642174456390412,1.005466653261876,0.9499434253485177,0.8914714093255712,0.32960311763802463,0.5,0.0008365525317918986,6.46762207459785e-05,0.00043271742188083696,-0.04968044093642936,0.042852932412735696,-0.01897115270827847,2221.850917262168,False
10,moderate,65,corridor_centered_nmpc,50.0,0.21116325218414245,0.04683817646985138,2.3032961710119357,0.21001476553574375,0.046768545204750496,2.30309726805301,0.2443141289437586,-0.002094694824218736,0.019697265625,0.17431412894375858,0.3143141289437586,-0.08,0.08,-0.033150876759616144,0.04893287129407012,2.2835989053869357,Solve_Succeeded,0.029184041020926088,False,985.6751582863639,0.0,0.0,False,False,0.5,10,0.0,2144.000926458456,-0.012160635429148872,0.4916039796605237,-0.34999998541801525,-0.349999985345199,-0.3499999845362314,-0.3499999845362314,-5.757292309560569e-09,False,False,72954.58984375,5274.501269499071,17.875543739270487,1.7977509414868538e-05,250.07042464908707,0.8642174456390412,1.005466653261876,0.9499434253485177,0.8914714093255712,0.32960311763802463,0.5,0.0008365525317918986,6.46762207459785e-05,0.00043271742188083696,-0.04968044093642936,0.042852932412735696,-0.01897115270827847,2221.850917262168,False
10,moderate,65,corridor_centered_nmpc,50.5,0.21135458238196025,0.04688105208570336,2.326725978517831,0.21184168955676175,0.04687048484642055,2.3268410791681364,0.2457196287722908,-0.002106025390624995,0.018647061767578132,0.1757196287722908,0.3157196287722908,-0.08,0.08,-0.034365046390330556,0.048987077476328356,2.3080789167502527,Solve_Succeeded,0.030300249985884875,False,999.839453477886,0.0,0.0,False,False,0.5,10,0.0,2143.594018683221,-0.011990250559001672,0.49350519329425013,-0.349999986385169,-0.34999998541801525,-0.34999998522457454,-0.34999998522457454,-1.3766863204978108e-09,False,False,72797.05926513672,5259.970181571663,17.82629716892124,1.8429681916582947e-05,254.94964310359205,0.8642174456390412,1.005466653261876,0.9499434253485177,0.8914714093255712,0.32960311763802463,0.5,0.0008365525317918986,6.46762207459785e-05,0.00043271742188083696,-0.04968044093642936,0.042852932412735696,-0.01897115270827847,2221.850917262168,False
10,moderate,65,corridor_centered_nmpc,51.0,0.21154628132523431,0.04692391947236132,2.350177221781929,0.21184128593938403,0.04694387169950575,2.3505743555047376,0.24710648148148148,-0.00211716552734377,0.017591240234375007,0.17710648148148148,0.31710648148148146,-0.08,0.08,-0.03556020015624717,0.04904108499970509,2.332585981547554,Solve_Succeeded,0.030084832978900522,False,1028.6837262433628,0.0,0.0,False,False,0.5,10,0.0,2143.2019690628126,-0.011818539583312686,0.495418536625849,-0.3499999867410766,-0.349999986385169,-0.34999998613056443,-0.34999998613056443,-1.8119797884352806e-09,False,False,72638.68603515625,5245.388217321746,17.776878176217384,1.889573817292952e-05,259.94959168856826,0.8642174456390412,1.005466653261876,0.9499434253485177,0.8914714093255712,0.32960311763802463,0.5,0.0008365525317918986,6.46762207459785e-05,0.00043271742188083696,-0.04968044093642936,0.042852932412735696,-0.01897115270827847,2221.850917262168,False
10,moderate,65,corridor_centered_nmpc,51.5,0.21173830677839656,0.04696677892571594,2.3736498967637116,0.2116101114119115,0.046951955545952516,2.3730494903875545,0.2484740440672154,-0.0021281152343750123,0.016529896240234362,0.1784740440672154,0.3184740440672154,-0.08,0.08,-0.03673573728881885,0.049094894160090954,2.3571200005234774,Solve_Succeeded,0.030238457955420017,False,1060.3967059774218,0.0,0.0,False,False,0.5,10,0.0,2142.826027989264,-0.011645503617610277,0.4973438864335049,-0.34999998713715924,-0.3499999867410766,-0.34999998660714593,-0.34999998660714593,-9.53162992978207e-10,False,False,72479.48443603516,5230.756677600381,17.72729116980702,1.9376111074343186e-05,265.0730993337893,0.8642174456390412,1.005466653261876,0.9499434253485177,0.8914714093255712,0.32960311763802463,0.5,0.0008365525317918986,6.46762207459785e-05,0.00043271742188083696,-0.04968044093642936,0.042852932412735696,-0.01897115270827847,2221.850917262168,False
10,moderate,65,corridor_centered_nmpc,52.0,0.21193062105148733,0.047009630766555496,2.3971439995768415,0.21123493343567512,0.04694989156710336,2.39704253583701,0.24982167352537724,-0.0021388745117187358,0.015463124999999994,0.17982167352537723,0.31982167352537727,-0.08,0.08,-0.03789105247388991,0.04914850527827423,2.3816808745768414,Solve_Succeeded,0.029999917023815215,False,1094.8096840814014,0.0,0.0,False,False,0.5,10,0.0,2142.4674913000495,-0.01147114538647661,0.4992811187306089,-0.3499999875085934,-0.34999998713715924,-0.34999998702088797,-0.34999998702088797,-8.274840812561024e-10,False,False,72319.46875,5216.076857588573,17.677540539122155,1.987124693084288e-05,270.323055995867,0.8642174456390412,1.005466653261876,0.9499434253485177,0.8914714093255712,0.32960311763802463,0.5,0.0008365525317918986,6.46762207459785e-05,0.00043271742188083696,-0.04968044093642936,0.042852932412735696,-0.01897115270827847,2221.850917262168,False
10,moderate,65,corridor_centered_nmpc,52.5,0.21212319053866727,0.04705247534147936,2.420659526501835,0.21201463178683178,0.04707859814046068,2.4210183596017942,0.25114872685185186,-0.002149443359375003,0.014391021728515627,0.18114872685185185,0.32114872685185186,-0.08,0.08,-0.03902553631318459,0.049201918700854365,2.4062685047733194,Solve_Succeeded,0.02993462496669963,False,1116.6513613882805,0.0,0.0,False,False,0.5,10,0.0,2142.127701170331,-0.011295469231501779,0.5012301087489158,-0.34999998801210735,-0.3499999875085934,-0.3499999874016034,-0.3499999874016034,-7.614308072945164e-10,False,False,72158.65325927734,5201.350046894582,17.627630654708497,2.0381605848321798e-05,275.7024134864864,0.8642174456390412,1.005466653261876,0.9499434253485177,0.8914714093255712,0.32960311763802463,0.5,0.0008365525317918986,6.46762207459785e-05,0.00043271742188083696,-0.04968044093642936,0.042852932412735696,-0.01897115270827847,2221.850917262168,False
10,moderate,65,corridor_centered_nmpc,53.0,0.21231598530523704,0.04709531302382887,2.4441964739992037,0.2121696194600352,0.047078865403353445,2.4441297809737548,0.252454561042524,-0.0021598217773437373,0.013313681640624991,0.182454561042524,0.322454561042524,-0.08,0.08,-0.04013857573728696,0.049255134801172606,2.4308827923585787,Solve_Succeeded,0.029276333982124925,False,1146.3173790494332,0.0,0.0,False,False,0.5,10,0.0,2141.8080485327755,-0.011118480902374939,0.5031907309221533,-0.3499999885178899,-0.34999998801210735,-0.3499999878781785,-0.3499999878781785,-9.531502254134239e-10,False,False,71997.05224609375,5186.577529648537,17.577565868546092,2.090766211305846e-05,281.2141862899661,0.8642174456390412,1.005466653261876,0.9499434253485177,0.8914714093255712,0.32960311763802463,0.5,0.0008365525317918986,6.46762207459785e-05,0.00043271742188083696,-0.04968044093642936,0.042852932412735696,-0.01897115270827847,2221.850917262168,False
10,moderate,65,corridor_centered_nmpc,53.5,0.2125089787181278,0.04713814421466601,2.467754838723067,0.21145495370663744,0.04724393881657136,2.4680346309518635,0.25373853309327843,-0.0021700097656250084,0.01223119995117189,0.18373853309327842,0.32373853309327844,-0.08,0.08,-0.041229554375150634,0.049308153980291015,2.455523638771895,Solve_Succeeded,0.029527958016842604,False,1180.4954148951033,0.0,0.0,False,False,0.5,10,0.0,2141.5099748117746,-0.010940187461767815,0.5051628588700733,-0.3499999885731386,-0.3499999885178899,-0.34999998837755364,-0.34999998837755364,-9.987503046815505e-10,False,False,71834.67999267578,5171.76058459446,17.527350514361206,2.1449904584477725e-05,286.8614523686949,0.8642174456390412,1.005466653261876,0.9499434253485177,0.8914714093255712,0.32960311763802463,0.5,0.0008365525317918986,6.46762207459785e-05,0.00043271742188083696,-0.04968044093642936,0.042852932412735696,-0.01897115270827847,2221.850917262168,False
10,moderate,65,corridor_centered_nmpc,54.0,0.21270214711535357,0.047180969343786364,2.491334617535266,0.21388297546227464,0.04724597387939995,2.491745064235685,0.255,-0.0021800073242187745,0.011143671874999983,0.185,0.325,-0.08,0.08,-0.042297852884646436,0.04936097666800514,2.480190945660266,Solve_Succeeded,0.028623082966078073,False,1189.970234612783,0.0,0.0,False,False,0.5,10,0.0,2141.2349738113817,-0.010760597177760074,0.507146365382941,-0.34999998962025636,-0.3499999885731386,-0.3499999885302323,-0.3499999885302323,-3.0535729500513753e-10,False,False,71671.55078125,5156.900485179787,17.47698890792972,2.2008837096179767e-05,292.64735395492715,0.8642174456390412,1.005466653261876,0.9499434253485177,0.8914714093255712,0.32960311763802463,0.5,0.0008365525317918986,6.46762207459785e-05,0.00043271742188083696,-0.04968044093642936,0.042852932412735696,-0.01897115270827847,2221.850917262168,False
10,moderate,65,corridor_centered_nmpc,54.5,0.21289546951038413,0.04722378887076937,2.5149358075199957,0.21306384501756645,0.04717661547553469,2.5144386548578703,0.2562383187585734,-0.0021898144531249802,0.010051192626953115,0.18623831875857338,0.3262383187585734,-0.08,0.08,-0.043342849248189264,0.04941360332389435,2.5048846148930424,Solve_Succeeded,0.028914792055729777,False,1230.061496195612,0.0,0.0,False,False,0.5,10,0.0,2140.984595445946,-0.010579719185029923,0.5091411224064528,-0.34999998994200415,-0.34999998962025636,-0.3499999893811331,-0.3499999893811331,-1.7018015885383875e-09,False,False,71507.67889404297,5141.998499642501,17.426485347372413,2.258497886524411e-05,298.5750983273604,0.8642174456390412,1.005466653261876,0.9499434253485177,0.8914714093255712,0.32960311763802463,0.5,0.0008365525317918986,6.46762207459785e-05,0.00043271742188083696,-0.04968044093642936,0.042852932412735696,-0.01897115270827847,2221.850917262168,False
10,moderate,65,corridor_centered_nmpc,55.0,0.21308892732782705,0.047266603286102764,2.5385584059989723,0.2136100107293677,0.04722629232029888,2.538204473646918,0.2574528463648834,-0.0021994311523437365,0.008953857421875003,0.1874528463648834,0.3274528463648834,-0.08,0.08,-0.04436391903705636,0.0494660344384465,2.5296045485770975,Solve_Succeeded,0.029934249992948025,False,1255.3060968259701,0.0,0.0,False,False,0.5,10,0.0,2140.7604441185067,-0.010397563870225536,0.5111470010270767,-0.3499999904290767,-0.34999998994200415,-0.34999998981896346,-0.34999998981896346,-8.756607661197791e-10,False,False,71343.07861328125,5127.055891095932,17.375844113442373,2.317886490980344e-05,304.64795857085244,0.8642174456390412,1.005466653261876,0.9499434253485177,0.8914714093255712,0.32960311763802463,0.5,0.0008365525317918986,6.46762207459785e-05,0.00043271742188083696,-0.04968044093642936,0.042852932412735696,-0.01897115270827847,2221.850917262168,False
10,moderate,65,corridor_centered_nmpc,55.5,0.2132825041671674,0.04730941311227428,2.5622024105471652,0.21429759252674932,0.04731414594434442,2.561664909901703,0.25864293981481484,-0.002208857421874988,0.007851761474609378,0.18864293981481484,0.32864293981481485,-0.08,0.08,-0.04536043564764744,0.04951827053414927,2.554350649072556,Solve_Succeeded,0.029673665994778275,False,1277.8666438402183,0.0,0.0,False,False,0.5,10,0.0,2140.5641844710894,-0.010214142284154258,0.5131638714578081,-0.34999999088986655,-0.3499999904290767,-0.34999999029523354,-0.34999999029523354,-9.525401578613923e-10,False,False,71177.7642211914,5112.073917611333,17.325069469804838,2.3791046474869637e-05,310.86927431757596,0.8642174456390412,1.005466653261876,0.9499434253485177,0.8914714093255712,0.32960311763802463,0.5,0.0008365525317918986,6.46762207459785e-05,0.00043271742188083696,-0.04968044093642936,0.042852932412735696,-0.01897115270827847,2221.850917262168,False
10,moderate,65,corridor_centered_nmpc,56.0,0.21347618559166207,0.047352218904978004,2.5858678190090956,0.21303096824965131,0.047330045299594184,2.5861999372545985,0.2598079561042524,-0.002218093261718762,0.006745000000000015,0.18980795610425238,0.3298079561042524,-0.08,0.08,-0.046331770512590326,0.049570312166696766,2.5791228190090956,Solve_Succeeded,0.029440750018693507,False,1321.8630188070194,0.0,0.0,False,False,0.5,10,0.0,2140.397541265184,-0.010029466343899292,0.5151916030243355,-0.3499999910223065,-0.34999999088986655,-0.34999999075941934,-0.34999999075941934,-9.283716018160248e-10,False,False,71011.75,5097.053832298304,17.27416566330976,2.4422091466379485e-05,317.2424524678322,0.8642174456390412,1.005466653261876,0.9499434253485177,0.8914714093255712,0.32960311763802463,0.5,0.0008365525317918986,6.46762207459785e-05,0.00043271742188083696,-0.04968044093642936,0.042852932412735696,-0.01897115270827847,2221.850917262168,False
10,moderate,65,corridor_centered_nmpc,56.5,0.21366995893979465,0.047395021254318,2.609554629515741,0.21362540578279804,0.04739505026299456,2.6092878805057973,0.260947252229081,-0.0022271386718750175,0.005633668212890616,0.190947252229081,0.330947252229081,-0.08,0.08,-0.04727729328928634,0.04962215992619302,2.6039209613028502,Solve_Succeeded,0.030016416974831372,False,1345.3979136835953,0.0,0.0,False,False,0.5,10,0.0,2140.2623016395246,-0.00984354872378556,0.5172300641516114,-0.34999999147635086,-0.3499999910223065,-0.3499999909646358,-0.3499999909646358,-4.1043290988085346e-10,False,False,70845.0502319336,5081.996883383135,17.223136924257314,2.5072584893413948e-05,323.77096788868835,0.8642174456390412,1.005466653261876,0.9499434253485177,0.8914714093255712,0.32960311763802463,0.5,0.0008365525317918986,6.46762207459785e-05,0.00043271742188083696,-0.04968044093642936,0.042852932412735696,-0.01897115270827847,2221.850917262168,False
10,moderate,65,corridor_centered_nmpc,57.0,0.21386381315695116,0.04743782078605685,2.6332628405020535,0.21396076421018073,0.04748513827955013,2.6330972948082136,0.2620601851851852,-0.00223599365234374,0.004517861328124997,0.1920601851851852,0.3320601851851852,-0.08,0.08,-0.04819637202823404,0.04967381443840059,2.6287449791739284,Solve_Succeeded,0.02973595802905038,False,1371.0389084872893,0.0,0.0,False,False,0.5,10,0.0,2140.1603181015707,-0.009656402671218159,0.5192791223508177,-0.3499999918449932,-0.34999999147635086,-0.3499999913640937,-0.3499999913640937,-7.989158223864479e-10,False,False,70677.67919921875,5066.904314285146,17.171987466656617,2.574312931852833e-05,330.4583640885263,0.8642174456390412,1.005466653261876,0.9499434253485177,0.8914714093255712,0.32960311763802463,0.5,0.0008365525317918986,6.46762207459785e-05,0.00043271742188083696,-0.04968044093642936,0.042852932412735696,-0.01897115270827847,2221.850917262168,False
10,moderate,65,corridor_centered_nmpc,57.5,0.21405773864523464,0.04748061816292374,2.656992450725115,0.2145824665201924,0.04748938582180735,2.657840189442292,0.26314611196844995,-0.0022446582031249857,0.003397674560546876,0.19314611196844994,0.33314611196844995,-0.08,0.08,-0.049088373323215306,0.049725276366048725,2.6535947761645677,Solve_Succeeded,0.029743333987426013,False,1396.3740804156675,0.0,0.0,False,False,0.5,10,0.0,2140.0935089543023,-0.009468042140762724,0.5213386442067272,-0.3499999923408699,-0.3499999918449932,-0.3499999917394962,-0.3499999917394962,-7.508049737481315e-10,False,False,70509.65118408203,5051.777363691093,17.120721488477898,2.6434345316115052e-05,337.30825386553875,0.8642174456390412,1.005466653261876,0.9499434253485177,0.8914714093255712,0.32960311763802463,0.5,0.0008365525317918986,6.46762207459785e-05,0.00043271742188083696,-0.04968044093642936,0.042852932412735696,-0.01897115270827847,2221.850917262168,False
10,moderate,65,corridor_centered_nmpc,58.0,0.21425172712954554,0.04752341408593081,2.680743459282948,0.2144700008197805,0.04759216939640117,2.6810808348852637,0.26420438957475995,-0.00225313232421874,0.0022732031250000118,0.19420438957475994,0.33420438957475995,-0.08,0.08,-0.0499526624452144,0.04977654641014955,2.678470256157948,Solve_Succeeded,0.02835962502285838,False,1425.4213676685292,0.0,0.0,False,False,0.5,10,0.0,2140.0638614043937,-0.009278481607431513,0.5234084953654483,-0.34999999260399617,-0.3499999923408699,-0.349999992208944,-0.349999992208944,-9.388956279110516e-10,False,False,70340.98046875,5036.617265627709,17.06934317189833,2.7146871938701187e-05,344.3243199281072,0.8642174456390412,1.005466653261876,0.9499434253485177,0.8914714093255712,0.32960311763802463,0.5,0.0008365525317918986,6.46762207459785e-05,0.00043271742188083696,-0.04968044093642936,0.042852932412735696,-0.01897115270827847,2221.850917262168,False
10,moderate,65,corridor_centered_nmpc,58.5,0.21444577153825012,0.0475662092957515,2.704515865634006,0.21438723292207018,0.04755678434278452,2.7045610943799994,0.265234375,-0.0022614160156250174,0.001144542236328136,0.19523437500000002,0.33523437500000003,-0.08,0.08,-0.050788603461749904,0.049827625311376515,2.7033713233976777,Solve_Succeeded,0.029229459003545344,False,1457.968272431404,0.0,0.0,False,False,0.5,10,0.0,2140.073432684643,-0.009087736122060451,0.5254885405225552,-0.3499999929982009,-0.34999999260399617,-0.3499999925173319,-0.3499999925173319,-6.167757415909136e-10,False,False,70171.68133544922,5021.425249532426,17.01785668354173,2.7881367191066333e-05,351.51031548496303,0.8642174456390412,1.005466653261876,0.9499434253485177,0.8914714093255712,0.32960311763802463,0.5,0.0008365525317918986,6.46762207459785e-05,0.00043271742188083696,-0.04968044093642936,0.042852932412735696,-0.01897115270827847,2221.850917262168,False
10,moderate,65,corridor_centered_nmpc,59.0,0.2146398658969369,0.047609004574121046,2.7283096696173494,0.216877180509575,0.047639264196932776,2.729248023139759,0.26623542524005483,-0.002269509277343776,1.1787109374994387e-05,0.19623542524005483,0.33623542524005484,-0.08,0.08,-0.051595559343117936,0.04987851385146482,2.7282978825079747,Solve_Succeeded,0.02899500000057742,False,1460.3633521506445,0.0,0.0,False,False,0.5,10,0.0,2140.1243530627066,-0.008895821154083938,0.5275786434115908,-0.34999999368480617,-0.3499999929982009,-0.3499999928927106,-0.3499999928927106,-7.507574562026775e-10,False,False,70001.76806640625,5006.2025403223815,16.966266174712413,2.863850851204498e-05,358.87006480293894,0.8642174456390412,1.005466653261876,0.9499434253485177,0.8914714093255712,0.32960311763802463,0.5,0.0008365525317918986,6.46762207459785e-05,0.00043271742188083696,-0.04968044093642936,0.042852932412735696,-0.01897115270827847,2221.850917262168,False
10,moderate,65,corridor_centered_nmpc,59.5,0.21483400523391794,0.04765180074529704,2.7521248714735442,0.21621834012381977,0.04769126539782359,2.751769118200589,0.2672068972908094,-0.0022774121093750016,-0.0011249670410156398,0.19720689729080937,0.3372068972908094,-0.08,0.08,-0.05237289205689144,0.04992921285467204,2.75324983851456,Solve_Succeeded,0.02996770798927173,False,1495.1352223411443,0.0,0.0,False,False,0.5,10,0.0,2140.2188271683585,-0.00870275263180443,0.5296786667929451,-0.3499999938847155,-0.34999999368480617,-0.3499999935110408,-0.3499999935110408,-1.2366603296953826e-09,False,False,69831.25494384766,4990.950358461709,16.914575781623235,2.9418993263856684e-05,366.40746373004424,0.8642174456390412,1.005466653261876,0.9499434253485177,0.8914714093255712,0.32960311763802463,0.5,0.0008365525317918986,6.46762207459785e-05,0.00043271742188083696,-0.04968044093642936,0.042852932412735696,-0.01897115270827847,2221.850917262168,False
10,moderate,65,corridor_centered_nmpc,60.0,0.21502818549627134,0.047694598677546274,2.775961471866295,0.21430410585597243,0.047571338040727995,2.776675288347298,0.26814814814814814,-0.0022851245117187363,-0.002265625000000007,0.19814814814814813,0.33814814814814814,-0.08,0.08,-0.053119962651876795,0.04997972318926501,2.778227096866295,Solve_Succeeded,0.029090458003338426,False,1550.264509581477,0.0,0.0,False,False,0.5,10,0.0,2140.3591350014135,-0.008508547010668548,0.5317884724430973,-0.3499999940516248,-0.3499999938847155,-0.3499999938027409,-0.3499999938027409,-5.834002170246322e-10,False,False,69660.15625,4975.6699200272205,16.86278962561822,3.0223539228786506e-05,374.1264801815547,0.8642174456390412,1.005466653261876,0.9499434253485177,0.8914714093255712,0.32960311763802463,0.5,0.0008365525317918986,6.46762207459785e-05,0.00043271742188083696,-0.04968044093642936,0.042852932412735696,-0.01897115270827847,2221.850917262168,False
10,moderate,65,corridor_centered_nmpc,60.5,0.21522240347533814,0.04773739928465159,2.799819471904825,0.2148770037472982,0.04768058132210217,2.799675149169888,0.2690585348079561,-0.00229264648437498,-0.003410091552734376,0.1990585348079561,0.3390585348079561,-0.08,0.08,-0.05383613133261797,0.05003004576902657,2.8032295634575592,Solve_Succeeded,0.029475875024218112,False,1569.9319225544466,0.0,0.0,False,False,0.5,10,0.0,2140.5476358989768,-0.008313221029540421,0.533907921144225,-0.3499999943882608,-0.3499999940516248,-0.3499999939970261,-0.3499999939970261,-3.885703980799349e-10,False,False,69488.48626708984,4960.362436772506,16.81091181338977,3.105288511301204e-05,382.0311545866869,0.8642174456390412,1.005466653261876,0.9499434253485177,0.8914714093255712,0.32960311763802463,0.5,0.0008365525317918986,6.46762207459785e-05,0.00043271742188083696,-0.04968044093642936,0.042852932412735696,-0.01897115270827847,2221.850917262168,False
10,moderate,65,corridor_centered_nmpc,61.0,0.21541665674071248,0.04778020352749791,2.823698873167032,0.21530559736027055,0.047760636910094315,2.823231683548776,0.26993741426611795,-0.0022999780273437603,-0.004558271484374987,0.19993741426611794,0.33993741426611795,-0.08,0.08,-0.05452075752540547,0.05008018155484167,2.8282571446514067,Solve_Succeeded,0.029668541974388063,False,1591.940908270285,0.0,0.0,False,False,0.5,10,0.0,2140.7867694436673,-0.008116791801867411,0.5360368726741661,-0.3499999947199402,-0.3499999943882608,-0.34999999430243395,-0.34999999430243395,-6.108157313278184e-10,False,False,69316.25927734375,4945.029116190508,16.758946437190744,3.190779105735229e-05,390.1256002934137,0.8642174456390412,1.005466653261876,0.9499434253485177,0.8914714093255712,0.32960311763802463,0.5,0.0008365525317918986,6.46762207459785e-05,0.00043271742188083696,-0.04968044093642936,0.042852932412735696,-0.01897115270827847,2221.850917262168,False
10,moderate,65,corridor_centered_nmpc,61.5,0.21561094358186292,0.047823012415676255,2.8475996777234394,0.21474010741498434,0.04774477337686251,2.8477112641912683,0.27078414351851854,-0.002307119140625022,-0.0057100695800781365,0.20078414351851853,0.34078414351851855,-0.08,0.08,-0.05517319993665562,0.05013013155630128,2.8533097473035176,Solve_Succeeded,0.03134320903336629,False,1628.2749296411132,0.0,0.0,False,False,0.5,10,0.0,2141.0790569862784,-0.007919276834933757,0.5381751857967413,-0.349999994989313,-0.3499999947199402,-0.3499999946283501,-0.3499999946283501,-6.5183225483878e-10,False,False,69143.48956298828,4929.67116157462,16.706897575041523,3.278903915468382e-05,398.41400392884765,0.8642174456390412,1.005466653261876,0.9499434253485177,0.8914714093255712,0.32960311763802463,0.5,0.0008365525317918986,6.46762207459785e-05,0.00043271742188083696,-0.04968044093642936,0.042852932412735696,-0.01897115270827847,2221.850917262168,False
10,moderate,65,corridor_centered_nmpc,62.0,0.21580526295660174,0.04786582700911808,2.871521888161959,0.21632441765710944,0.04776530116109244,2.8722084525228153,0.27159807956104254,-0.002314069824218737,-0.006865390625000009,0.20159807956104253,0.34159807956104254,-0.08,0.08,-0.0557928166044408,0.05017989683333682,2.878387278786959,Solve_Succeeded,0.03152079199207947,False,1638.4646559062926,0.0,0.0,False,False,0.5,10,0.0,2141.427103998336,-0.007720693965797415,0.5403227182524204,-0.34999999549171423,-0.349999994989313,-0.349999994910127,-0.349999994910127,-5.635538702364329e-10,False,False,68970.19140625,4914.289772078365,16.654769290932272,3.3697433973745814e-05,406.90062571259716,0.8642174456390412,1.005466653261876,0.9499434253485177,0.8914714093255712,0.32960311763802463,0.5,0.0008365525317918986,6.46762207459785e-05,0.00043271742188083696,-0.04968044093642936,0.042852932412735696,-0.01897115270827847,2221.850917262168,False
10,moderate,65,corridor_centered_nmpc,62.5,0.2159996144457071,0.04790864841977647,2.895465507613481,0.21422793280052282,0.04798177598801986,2.8957182667148937,0.27237857938957477,-0.0023208300781249885,-0.008024139404296873,0.20237857938957476,0.3423785793895748,-0.08,0.08,-0.05637896494386768,0.05022947849790146,2.903489647017778,Solve_Succeeded,0.030795124999713153,False,1684.0478897906994,0.0,0.0,False,False,0.5,10,0.0,2141.8336023729057,-0.007521061308445931,0.5424793267493396,-0.3499999954038777,-0.34999999549171423,-0.34999999536412896,-0.34999999536412896,-9.080038942954616e-10,False,False,68796.37908935547,4898.886142773685,16.602565635020465,3.463380308902403e-05,415.58979972038804,0.8642174456390412,1.005466653261876,0.9499434253485177,0.8914714093255712,0.32960311763802463,0.5,0.0008365525317918986,6.46762207459785e-05,0.00043271742188083696,-0.04968044093642936,0.042852932412735696,-0.01897115270827847,2221.850917262168,False
10,moderate,65,corridor_centered_nmpc,63.0,0.2161939982130789,0.047951477813353245,2.9194305397783165,0.21472792880581687,0.048013393853345014,2.9196032729428367,0.27312500000000006,-0.002327399902343749,-0.009186220703124998,0.20312500000000006,0.34312500000000007,-0.08,0.08,-0.056931001786921176,0.050278877715696994,2.9286167604814413,Solve_Succeeded,0.03136458300286904,False,1704.87899784685,0.0,0.0,False,False,0.5,10,0.0,2142.30133064755,-0.007320397397282359,0.54464486695466,-0.349999995753601,-0.3499999954038777,-0.34999999539515786,-0.34999999539515786,-6.205780334056499e-11,False,False,68622.06689453125,4883.461464707889,16.550290643823907,3.559899761637634e-05,424.4859340952065,0.8642174456390412,1.005466653261876,0.9499434253485177,0.8914714093255712,0.32960311763802463,0.5,0.0008365525317918986,6.46762207459785e-05,0.00043271742188083696,-0.04968044093642936,0.042852932412735696,-0.01897115270827847,2221.850917262168,False
10,moderate,65,corridor_centered_nmpc,63.5,0.21638841497086417,0.04799431641103038,2.943416988953505,0.2170133079943644,0.04811095974053922,2.943682461080639,0.273836698388203,-0.0023337792968750326,-0.010351539306640622,0.203836698388203,0.343836698388203,-0.08,0.08,-0.05744828341733885,0.05032809570790541,2.9537685282601456,Solve_Succeeded,0.031153457995969802,False,1702.339328024404,0.0,0.0,False,False,0.5,10,0.0,2142.8331590683715,-0.007118720874951606,0.5468191934862616,-0.349999996244216,-0.349999995753601,-0.3499999956749678,-0.3499999956749678,-5.596199059709761e-10,False,False,68447.2691040039,4868.0169249593155,16.497948340409362,3.6593892754027774e-05,433.59351120311413,0.8642174456390412,1.005466653261876,0.9499434253485177,0.8914714093255712,0.32960311763802463,0.5,0.0008365525317918986,6.46762207459785e-05,0.00043271742188083696,-0.04968044093642936,0.042852932412735696,-0.01897115270827847,2221.850917262168,False
10,moderate,65,corridor_centered_nmpc,64.0,0.21658286594905918,0.04803716549130254,2.967424860061013,0.21625010629208852,0.047971335672698345,2.967467467358587,0.2745130315500686,-0.0023399682617187556,-0.01152000000000003,0.2045130315500686,0.3445130315500686,-0.08,0.08,-0.05793016560100944,0.050377133753021296,2.978944860061013,Solve_Succeeded,0.031066040974110365,False,1741.8524429533952,0.0,0.0,False,False,0.5,10,0.0,2143.432048342299,-0.006916050773466173,0.5490021599047784,-0.34999999654663183,-0.349999996244216,-0.3499999961193376,-0.3499999961193376,-8.887395264167708e-10,False,False,68272.0,4852.553706691728,16.445542734576904,3.7619388328534266e-05,442.9170877308587,0.8642174456390412,1.005466653261876,0.9499434253485177,0.8914714093255712,0.32960311763802463,0.5,0.0008365525317918986,6.46762207459785e-05,0.00043271742188083696,-0.04968044093642936,0.042852932412735696,-0.01897115270827847,2221.850917262168,False
10,moderate,65,corridor_centered_nmpc,64.5,0.21677735286913952,0.048080026391784554,2.991454158676842,0.21513068168250232,0.047999062089552715,2.9911278430761,0.27515335648148154,-0.0023459667968749737,-0.012691507568359378,0.20515335648148153,0.34515335648148154,-0.08,0.08,-0.05837600361234202,0.05042599318865953,3.0041456662452015,Solve_Succeeded,0.030808833020273596,False,1780.143799100401,0.0,0.0,False,False,0.5,10,0.0,2144.1010522640436,-0.0067124064244066875,0.5511936187059596,-0.3499999967015958,-0.34999999654663183,-0.3499999964528945,-0.3499999964528945,-6.671138086389305e-10,False,False,68096.2738647461,4837.072989207493,16.39307782304016,3.8676409345274915e-05,452.46129472228546,0.8642174456390412,1.005466653261876,0.9499434253485177,0.8914714093255712,0.32960311763802463,0.5,0.0008365525317918986,6.46762207459785e-05,0.00043271742188083696,-0.04968044093642936,0.042852932412735696,-0.01897115270827847,2221.850917262168,False
10,moderate,65,corridor_centered_nmpc,65.0,0.2169718779213057,0.04812290051107127,3.0155048910610542,0.2183520463278948,0.04803453940467716,3.015944743152621,0.2757570301783265,-0.0023517749023437423,-0.013865966796875004,0.20575703017832647,0.3457570301783265,-0.08,0.08,-0.05878515225702077,0.050474675413415014,3.0293708578579293,Solve_Succeeded,0.030858042009640485,False,1766.6659179494334,0.0,0.0,False,False,0.5,10,0.0,2144.843320227488,-0.006507807387122512,0.5533934213133627,-0.3499999972824979,-0.3499999967015958,-0.3499999966470371,-0.3499999966470371,-3.8828529280721114e-10,False,False,67920.10498046875,4821.575947999591,16.340557589602536,3.9765906543000664e-05,462.2308375505332,0.8642174456390412,1.005466653261876,0.9499434253485177,0.8914714093255712,0.32960311763802463,0.5,0.0008365525317918986,6.46762207459785e-05,0.00043271742188083696,-0.04968044093642936,0.042852932412735696,-0.01897115270827847,2221.850917262168,False
10,moderate,65,corridor_centered_nmpc,65.5,0.21716644374499153,0.04816578931064753,3.0395770641887396,0.2171986394505615,0.04829434638069615,3.0399134464767688,0.2763234096364884,-0.0023573925781249783,-0.01504328247070312,0.20632340963648838,0.3463234096364884,-0.08,0.08,-0.059156965891496854,0.05052318188877251,3.054620346659443,Solve_Succeeded,0.0306761660031043,False,1796.9091340198618,0.0,0.0,False,False,0.5,10,0.0,2145.662099434224,-0.006302273408281149,0.5556014180713704,-0.34999999727631514,-0.3499999972824979,-0.34999999714309415,-0.34999999714309415,-9.92114057574156e-10,False,False,67743.50762939453,4806.063754802459,16.287986005329568,4.088885695192725e-05,472.2304958228977,0.8642174456390412,1.005466653261876,0.9499434253485177,0.8914714093255712,0.32960311763802463,0.5,0.0008365525317918986,6.46762207459785e-05,0.00043271742188083696,-0.04968044093642936,0.042852932412735696,-0.01897115270827847,2221.850917262168,False
10,moderate,65,corridor_centered_nmpc,66.0,0.21736105341231782,0.04820869431684217,3.0636706857819505,0.2181343094067803,0.04808983031525305,3.0641405481976247,0.2768518518518519,-0.0023628198242187787,-0.016223359374999982,0.2068518518518519,0.3468518518518519,-0.08,0.08,-0.05949079843953409,0.050571514141060946,3.0798940451569505,Solve_Succeeded,0.030922125035431236,False,1816.222298182822,0.0,0.0,False,False,0.5,10,0.0,2146.5607337799347,-0.0060958246529312435,0.55781745823853,-0.3499999977528585,-0.34999999727631514,-0.3499999972470899,-0.3499999972470899,-2.0799151290162854e-10,False,False,67566.49609375,4790.537577641742,16.23536702871751,4.204626445482189e-05,482.4651232152022,0.8642174456390412,1.005466653261876,0.9499434253485177,0.8914714093255712,0.32960311763802463,0.5,0.0008365525317918986,6.46762207459785e-05,0.00043271742188083696,-0.04968044093642936,0.042852932412735696,-0.01897115270827847,2221.850917262168,False
10,moderate,65,corridor_centered_nmpc,66.5,0.2175557104141895,0.0482516171227596,3.0877857643426054,0.2179226389658286,0.04823420704683152,3.088670866411561,0.2773417138203018,-0.0023680566406250325,-0.0174061022949219,0.2073417138203018,0.3473417138203018,-0.08,0.08,-0.059786003406112315,0.05061967376338463,3.1051918666375276,Solve_Succeeded,0.031155125005170703,False,1837.9871545354247,0.0,0.0,False,False,0.5,10,0.0,2147.542669992563,-0.005888481328831255,0.5600413899812113,-0.3499999979030376,-0.3499999977528585,-0.34999999764190587,-0.34999999764190587,-7.896319154099274e-10,False,False,67389.08465576172,4774.998580882961,16.182704605858262,4.323916035049302e-05,492.939647232449,0.8642174456390412,1.005466653261876,0.9499434253485177,0.8914714093255712,0.32960311763802463,0.5,0.0008365525317918986,6.46762207459785e-05,0.00043271742188083696,-0.04968044093642936,0.042852932412735696,-0.01897115270827847,2221.850917262168,False
10,moderate,65,corridor_centered_nmpc,67.0,0.217750418648785,0.048294559390334064,3.111922309186392,0.21584019993435538,0.04825228600543852,3.1119273467973136,0.27779235253772294,-0.002373103027343726,-0.018591416015625015,0.20779235253772294,0.34779235253772295,-0.08,0.08,-0.06004193388893794,0.05066766241767779,3.1305137252020168,Solve_Succeeded,0.030393624969292432,False,1884.7487751197712,0.0,0.0,False,False,0.5,10,0.0,2148.611454688895,-0.005680264058502242,0.562273060367581,-0.34999999796259046,-0.3499999979030376,-0.34999999784575203,-0.34999999784575203,-4.0769232434456626e-10,False,False,67211.28759765625,4759.44792527913,16.13000267060079,4.4468603919047964e-05,503.6590688924482,0.8642174456390412,1.005466653261876,0.9499434253485177,0.8914714093255712,0.32960311763802463,0.5,0.0008365525317918986,6.46762207459785e-05,0.00043271742188083696,-0.04968044093642936,0.042852932412735696,-0.01897115270827847,2221.850917262168,False
10,moderate,65,corridor_centered_nmpc,67.5,0.21794518241220312,0.04833752285232485,3.136080330477679,0.21754384178208405,0.048327163812264845,3.136282922730212,0.278203125,-0.00237795898437497,-0.019779205322265625,0.208203125,0.348203125,-0.08,0.08,-0.060257942587796876,0.05071548183669982,3.155859535799945,Solve_Succeeded,0.030906374973710626,False,1883.9938064585047,0.0,0.0,False,False,0.5,10,0.0,2149.7707390860146,-0.0054711936204677805,0.5645123153618897,-0.34999999831201645,-0.34999999796259046,-0.34999999793695913,-0.34999999793695913,-1.8241419486031418e-10,False,False,67033.11920166016,4743.886768017366,16.077265144709028,4.5735682988240753e-05,514.628462329078,0.8642174456390412,1.005466653261876,0.9499434253485177,0.8914714093255712,0.32960311763802463,0.5,0.0008365525317918986,6.46762207459785e-05,0.00043271742188083696,-0.04968044093642936,0.042852932412735696,-0.01897115270827847,2221.850917262168,False
10,moderate,65,corridor_centered_nmpc,68.0,0.21814000639105163,0.04838050931440561,3.1602598392654544,0.2194431234809424,0.04828362095581431,3.160620733219253,0.27857338820301786,-0.002382624511718723,-0.020969374999999985,0.20857338820301785,0.34857338820301786,-0.08,0.08,-0.060433381811966225,0.05076313382612433,3.1812292142654544,Solve_Succeeded,0.029432874987833202,False,1884.1774952473527,0.0,0.0,False,False,0.5,10,0.0,2151.0242800049487,-0.005261290993896196,0.5667589998190704,-0.34999999873457693,-0.34999999831201645,-0.34999999822973854,-0.34999999822973854,-5.855588236514109e-10,False,False,66854.59375,4728.316262764509,16.02449593801654,4.704151450018757e-05,525.8529743117865,0.8642174456390412,1.005466653261876,0.9499434253485177,0.8914714093255712,0.32960311763802463,0.5,0.0008365525317918986,6.46762207459785e-05,0.00043271742188083696,-0.04968044093642936,0.042852932412735696,-0.01897115270827847,2221.850917262168,False
10,moderate,65,corridor_centered_nmpc,68.5,0.21833489565680184,0.048423520657273615,3.184460847520307,0.21759500700375708,0.04830149808712347,3.184660037146949,0.2789024991426612,-0.00238709960937504,-0.022161829833984348,0.20890249914266118,0.3489024991426612,-0.08,0.08,-0.06056760348585935,0.050810620266648655,3.206622677354291,Solve_Succeeded,0.029501125041861087,False,1926.4861404427756,0.0,0.0,False,False,0.5,10,0.0,2152.3759400427202,-0.005050577454345964,0.5690129574796432,-0.3499999988064384,-0.34999999873457693,-0.34999999862382836,-0.34999999862382836,-7.881796326714152e-10,False,False,66675.72552490234,4712.737559711781,15.97169894857784,4.838724507767602e-05,537.3378236778487,0.8642174456390412,1.005466653261876,0.9499434253485177,0.8914714093255712,0.32960311763802463,0.5,0.0008365525317918986,6.46762207459785e-05,0.00043271742188083696,-0.04968044093642936,0.042852932412735696,-0.01897115270827847,2221.850917262168,False
10,moderate,65,corridor_centered_nmpc,69.0,0.21852985566173075,0.04846655883876236,3.208683368172468,0.21855034785273514,0.0485114790470466,3.2080024367461246,0.27918981481481486,-0.0023913842773437832,-0.023356474609375025,0.20918981481481486,0.34918981481481487,-0.08,0.08,-0.060659959153084114,0.05085794311610614,3.232039842781843,Solve_Succeeded,0.030167624994646758,False,1928.1904497370285,0.0,0.0,False,False,0.5,10,0.0,2153.82968920649,-0.004839074548963984,0.5712740309649265,-0.34999999900033585,-0.3499999988064384,-0.34999999876637844,-0.34999999876637844,-2.851001656978269e-10,False,False,66496.52880859375,4697.151805618527,15.918878062816649,4.9774051589249164e-05,549.088300673893,0.8642174456390412,1.005466653261876,0.9499434253485177,0.8914714093255712,0.32960311763802463,0.5,0.0008365525317918986,6.46762207459785e-05,0.00043271742188083696,-0.04968044093642936,0.042852932412735696,-0.01897115270827847,2221.850917262168,False
10,moderate,65,corridor_centered_nmpc,69.5,0.2187248922362941,0.048509625895986626,3.2329274151509155,0.21804356051434504,0.04852087186148689,3.2332987686414123,0.27943469221536354,-0.0023954785156249797,-0.02455321411132813,0.20943469221536354,0.34943469221536355,-0.08,0.08,-0.060709799979069445,0.050905104411611606,3.257480629262244,Solve_Succeeded,0.031620249967090786,False,1954.5056093339094,0.0,0.0,False,False,0.5,10,0.0,2155.3896081308108,-0.004626803959430367,0.5735420617725491,-0.3499999991854934,-0.34999999900033585,-0.3499999989490116,-0.3499999989490116,-3.65266372703843e-10,False,False,66317.01788330078,4681.560143855039,15.866037155671014,5.120314171219133e-05,561.1097662031202,0.8642174456390412,1.005466653261876,0.9499434253485177,0.8914714093255712,0.32960311763802463,0.5,0.0008365525317918986,6.46762207459785e-05,0.00043271742188083696,-0.04968044093642936,0.042852932412735696,-0.01897115270827847,2221.850917262168,False
10,moderate,65,corridor_centered_nmpc,70.0,0.21892001158780416,0.04855272394755182,3.2571930034235685,0.21956904587283785,0.04866911613228218,3.256959550189231,0.27963648834019206,-0.0023993823242187406,-0.025751953125000004,0.20963648834019205,0.34963648834019206,-0.08,0.08,-0.06071647675238789,0.05095210627177056,3.2829449565485684,Solve_Succeeded,0.030507666000630707,False,1950.664169847069,0.0,0.0,False,False,0.5,10,0.0,2157.059887309355,-0.004413787648682256,0.5758168902722643,-0.3499999994471779,-0.3499999991854934,-0.3499999991336154,-0.3499999991336154,-3.6920755341895983e-10,False,False,66137.20703125,4665.963714444511,15.813180090735505,5.267575449249217e-05,573.4076509746376,0.8642174456390412,1.005466653261876,0.9499434253485177,0.8914714093255712,0.32960311763802463,0.5,0.0008365525317918986,6.46762207459785e-05,0.00043271742188083696,-0.04968044093642936,0.042852932412735696,-0.01897115270827847,2221.850917262168,False
10,moderate,65,corridor_centered_nmpc,70.5,0.21911522030028752,0.04859585519574776,3.2814801490385803,0.21812645244026874,0.04864020631038094,3.281832678567567,0.2797945601851852,-0.0024030957031249828,-0.02695259643554687,0.20979456018518522,0.34979456018518523,-0.08,0.08,-0.06067933988489771,0.05099895089887274,3.308432745474127,Solve_Succeeded,0.03058899997267872,False,1987.9274924902509,0.0,0.0,False,False,0.5,10,0.0,2158.8448291441023,-0.004200047796239496,0.5780983557020595,-0.34999999958165834,-0.3499999994471779,-0.3499999993783904,-0.3499999993783904,-4.895499561285988e-10,False,False,65957.11053466797,4650.3636541041415,15.760310720400511,5.419316090080875e-05,585.9874545512447,0.8642174456390412,1.005466653261876,0.9499434253485177,0.8914714093255712,0.32960311763802463,0.5,0.0008365525317918986,6.46762207459785e-05,0.00043271742188083696,-0.04968044093642936,0.042852932412735696,-0.01897115270827847,2221.850917262168,False
10,moderate,65,corridor_centered_nmpc,71.0,0.21931052533540638,0.04863902192878332,3.3057888691667388,0.2188777903156136,0.04874508299458866,3.305382425796559,0.27990826474622776,-0.0024066186523437755,-0.028155048828124987,0.20990826474622776,0.34990826474622777,-0.08,0.08,-0.06059773941082139,0.051045640581127094,3.333943917994864,Solve_Succeeded,0.03007345797959715,False,1993.629158128199,0.0,0.0,False,False,0.5,10,0.0,2160.7488483283314,-0.003985606844527423,0.5803862961645628,-0.34999999980354457,-0.34999999958165834,-0.34999999953706656,-0.34999999953706656,-3.1735236660779265e-10,False,False,65776.74267578125,4634.761096285395,15.707432885988693,5.575666438339138e-05,598.854744292017,0.8642174456390412,1.005466653261876,0.9499434253485177,0.8914714093255712,0.32960311763802463,0.5,0.0008365525317918986,6.46762207459785e-05,0.00043271742188083696,-0.04968044093642936,0.042852932412735696,-0.01897115270827847,2221.850917262168,False
10,moderate,65,corridor_centered_nmpc,71.5,0.21950593403434374,0.048682226523028574,3.3301191821449887,0.21904444705415357,0.048725028407189196,3.3304049702345306,0.2799769590192044,-0.0024099511718750355,-0.029359215087890647,0.20997695901920438,0.3499769590192044,-0.08,0.08,-0.06047102498486065,0.05109217769490361,3.359478397232879,Solve_Succeeded,0.02994058304466307,False,2010.7889388309513,0.0,0.0,False,False,0.5,10,0.0,2162.776473933021,-0.003770487424635996,0.5826805486237413,-0.3500000000454301,-0.34999999980354457,-0.34999999974508617,-0.34999999974508617,-4.160392030883031e-10,False,False,65596.1177368164,4619.157171213474,15.654550417888743,5.736760140687808e-05,612.0151541859552,0.8642174456390412,1.005466653261876,0.9499434253485177,0.8914714093255712,0.32960311763802463,0.5,0.0008365525317918986,6.46762207459785e-05,0.00043271742188083696,-0.04968044093642936,0.042852932412735696,-0.01897115270827847,2221.850917262168,False
10,moderate,65,corridor_centered_nmpc,72.0,0.21970145412056372,0.04872547144529851,3.3544711075210816,0.22074543282703024,0.04876387667784604,3.3540578758815087,0.28,-0.002413093261718735,-0.030565000000000023,0.21000000000000002,0.35000000000000003,-0.08,0.08,-0.06029854587943631,0.05113856470701725,3.3850361075210817,Solve_Succeeded,0.030471582955215126,False,2006.8940205224496,0.0,0.0,False,False,0.5,10,0.0,2164.9323492592903,-0.003554712424690201,0.5849809489018909,-0.350000000358393,-0.3500000000454301,-0.34999999997954234,-0.34999999997954234,-4.689123533907491e-10,False,False,65415.25,4603.553005925993,15.60166713568647,5.902734199580767e-05,625.4743835730044,0.8642174456390412,1.005466653261876,0.9499434253485177,0.8914714093255712,0.32960311763802463,0.5,0.0008365525317918986,6.46762207459785e-05,0.00043271742188083696,-0.04968044093642936,0.042852932412735696,-0.01897115270827847,2221.850917262168,False
10,moderate,65,corridor_centered_nmpc,72.5,0.21989709370336513,0.04876875925513364,3.37884466609937,0.22019400370534478,0.04888543372000538,3.378551050958053,0.2799884221215252,-0.0024160449218749713,-0.03177230834960938,0.2099884221215252,0.3499884221215252,-0.08,0.08,-0.06009132841816006,0.05118480417700861,3.4106169744489794,Solve_Succeeded,0.03071566700236872,False,2027.312773291981,0.0,0.0,False,False,0.5,10,0.0,2167.2212323871922,-0.0033383050005789533,0.5872873316769143,-0.3500000004750777,-0.350000000358393,-0.35000000027528294,-0.35,-4.091527117111582e-11,False,False,65234.153747558594,4587.949724310893,15.548786848293275,6.0737290261632565e-05,639.2381957486368,0.8642174456390412,1.005466653261876,0.9499434253485177,0.8914714093255712,0.32960311763802463,0.5,0.0008365525317918986,6.46762207459785e-05,0.00043271742188083696,-0.04968044093642936,0.042852932412735696,-0.01897115270827847,2221.850917262168,False
10,moderate,65,corridor_centered_nmpc,73.0,0.22009286128214714,0.048812092607091406,3.403239879987743,0.21991970413304132,0.04876929938368752,3.402932486614322,0.27995386457550714,-0.0024188061523437304,-0.032981044921874994,0.20995386457550713,0.34995386457550715,-0.08,0.08,-0.05986100329336,0.05123089875943514,3.436220924909618,Solve_Succeeded,0.030818875005934387,False,2051.0293415831893,0.0,0.0,False,False,0.5,10,0.0,2169.6479984405373,-0.003121288475666624,0.5895995304798856,-0.3500000007221241,-0.3500000004750777,-0.35000000043124785,-0.35,0.0,False,False,65052.84326171875,4572.348447143617,15.49591335407216,6.249888492195857e-05,653.312416448284,0.8642174456390412,1.005466653261876,0.9499434253485177,0.8914714093255712,0.32960311763802463,0.5,0.0008365525317918986,6.46762207459785e-05,0.00043271742188083696,-0.04968044093642936,0.042852932412735696,-0.01897115270827847,2221.850917262168,False
10,moderate,65,corridor_centered_nmpc,73.5,0.22028876575132655,0.048855474253082745,3.427656772645719,0.220588204839325,0.04889577416010346,3.4278283769256657,0.2798965914960556,-0.002421376953125026,-0.03419111450195311,0.2098965914960556,0.3498965914960556,-0.08,0.08,-0.05960782574472906,0.05127685120620777,3.4618478871476723,Solve_Succeeded,0.030476750049274415,False,2057.002294642093,0.0,0.0,False,False,0.5,10,0.0,2172.2176385979005,-0.002903686436439956,0.5919173776928992,-0.3500000009069802,-0.3500000007221241,-0.3500000006583133,-0.35,0.0,False,False,64871.33282470703,4556.750292123559,15.44305044096124,6.43135998086655e-05,667.702932207792,0.8642174456390412,1.005466653261876,0.9499434253485177,0.8914714093255712,0.32960311763802463,0.5,0.0008365525317918986,6.46762207459785e-05,0.00043271742188083696,-0.04968044093642936,0.042852932412735696,-0.01897115270827847,2221.850917262168,False
10,moderate,65,corridor_centered_nmpc,74.0,0.22048481640584436,0.048898907044688675,3.452095368933703,0.22036376523504883,0.04894507550027895,3.452025375026794,0.27981686701728026,-0.0024237573242187754,-0.03540242187500002,0.20981686701728025,0.34981686701728026,-0.08,0.08,-0.0593320506114359,0.05132266436890745,3.4874977908087033,Solve_Succeeded,0.030531208030879498,False,2074.739637002591,0.0,0.0,False,False,0.5,10,0.0,2174.935260821339,-0.0026855227104904122,0.5942407045472012,-0.3500000010682451,-0.3500000009069802,-0.35000000085242905,-0.35,0.0,False,False,64689.63671875,4541.156373909807,15.390201886594888,6.618294436350237e-05,682.4156885961381,0.8642174456390412,1.005466653261876,0.9499434253485177,0.8914714093255712,0.32960311763802463,0.5,0.0008365525317918986,6.46762207459785e-05,0.00043271742188083696,-0.04968044093642936,0.042852932412735696,-0.01897115270827847,2221.850917262168,False
10,moderate,65,corridor_centered_nmpc,74.5,0.22068102294719896,0.04894239393549127,3.476555695163403,0.2222541572288836,0.048931255760869034,3.476405628345955,0.27971495527329077,-0.002425947265624978,-0.03661487182617189,0.20971495527329076,0.3497149552732908,-0.08,0.08,-0.059033932326091804,0.05136834120111625,3.513170566989575,Solve_Succeeded,0.030783166002947837,False,2070.2030263403285,0.0,0.0,False,False,0.5,10,0.0,2177.8060901277636,-0.0024668213650517537,0.5965693411216009,-0.3500000013813899,-0.3500000010682451,-0.3500000010209006,-0.35,0.0,False,False,64507.76922607422,4525.567804156212,15.337371458422572,6.810846411967911e-05,697.4566883166167,0.8642174456390412,1.005466653261876,0.9499434253485177,0.8914714093255712,0.32960311763802463,0.5,0.0008365525317918986,6.46762207459785e-05,0.00043271742188083696,-0.04968044093642936,0.042852932412735696,-0.01897115270827847,2221.850917262168,False
10,moderate,65,corridor_centered_nmpc,75.0,0.22087739548995602,0.0489859379834099,3.5010377791494167,0.22014930426368268,0.04907177593433921,3.5011111590607125,0.2795911203981969,-0.0024279467773437313,-0.037828369140625,0.20959112039819688,0.3495911203981969,-0.08,0.08,-0.058713724908240866,0.051413884760753634,3.5388661482900416,Solve_Succeeded,0.030278249992989004,False,2106.6194568245405,0.0,0.0,False,False,0.5,10,0.0,2180.8354686567977,-0.0022476067088497004,0.598903116341161,-0.35000000138007376,-0.3500000013813899,-0.35000000130230785,-0.35,0.0,False,False,64325.74462890625,4509.985691545775,15.284562913825413,7.009174116791017e-05,712.8319891727198,0.8642174456390412,1.005466653261876,0.9499434253485177,0.8914714093255712,0.32960311763802463,0.5,0.0008365525317918986,6.46762207459785e-05,0.00043271742188083696,-0.04968044093642936,0.042852932412735696,-0.01897115270827847,2221.850917262168,False
10,moderate,65,corridor_centered_nmpc,75.5,0.22107394456868665,0.04902954235303866,3.525541650261984,0.2231028030072857,0.049066549546725555,3.525503875915207,0.2794456265261082,-0.0024297558593749935,-0.03904281860351562,0.2094456265261082,0.3494456265261082,-0.08,0.08,-0.05837168195742157,0.05145929821241366,3.5645844688654993,Solve_Succeeded,0.029772708017844707,False,2089.8884039526797,0.0,0.0,False,False,0.5,10,0.0,2184.0288555775614,-0.002027903294063195,0.6012418579761649,-0.35000000173593226,-0.35000000138007376,-0.3500000013630139,-0.35,0.0,False,False,64143.577209472656,4494.411141824394,15.231780000230545,7.213439460529196e-05,728.547701894952,0.8642174456390412,1.005466653261876,0.9499434253485177,0.8914714093255712,0.32960311763802463,0.5,0.0008365525317918986,6.46762207459785e-05,0.00043271742188083696,-0.04968044093642936,0.042852932412735696,-0.01897115270827847,2221.850917262168,False
10,moderate,65,corridor_centered_nmpc,76.0,0.22127068114528894,0.049073210317981696,3.550067339480908,0.22216392836184742,0.04908478811586739,3.5497352408570086,0.2792787377911345,-0.0024313745117187785,-0.04025812499999999,0.20927873779113448,0.3492787377911345,-0.08,0.08,-0.058008056645845546,0.051504584829700474,3.590325464480908,Solve_Succeeded,0.030352208006661385,False,2115.544970631458,0.0,0.0,False,False,0.5,10,0.0,2187.3918268256457,-0.0018077359183815908,0.6035853926413581,-0.3500000018499111,-0.35000000173593226,-0.35000000165412354,-0.35,0.0,False,False,63961.28125,4478.845257833978,15.179026455223338,7.423808096532601e-05,744.609987824842,0.8642174456390412,1.005466653261876,0.9499434253485177,0.8914714093255712,0.32960311763802463,0.5,0.0008365525317918986,6.46762207459785e-05,0.00043271742188083696,-0.04968044093642936,0.042852932412735696,-0.01897115270827847,2221.850917262168,False
10,moderate,65,corridor_centered_nmpc,76.5,0.22146761661665157,0.04911694526318307,3.574614879450645,0.22057992498243245,0.04923612099779401,3.574748915015573,0.27909071832738547,-0.002432802734375031,-0.0414741931152344,0.20909071832738546,0.3490907183273855,-0.08,0.08,-0.0576231017107339,0.0515497479975581,3.6160890725658796,Solve_Succeeded,0.029319790948648006,False,2145.2687778204313,0.0,0.0,False,False,0.5,10,0.0,2190.930074661357,-0.0015871296271434202,0.6059335457954627,-0.35000000186924113,-0.3500000018499111,-0.35000000180696034,-0.35,0.0,False,False,63778.871032714844,4463.289139544943,15.126306006657531,7.640449462732511e-05,761.0250564524482,0.8642174456390412,1.005466653261876,0.9499434253485177,0.8914714093255712,0.32960311763802463,0.5,0.0008365525317918986,6.46762207459785e-05,0.00043271742188083696,-0.04968044093642936,0.042852932412735696,-0.01897115270827847,2221.850917262168,False
10,moderate,65,corridor_centered_nmpc,77.0,0.22166476282261982,0.04916075068724765,3.599184304536554,0.21961023016043793,0.04909510683180428,3.5992678761137076,0.27888183226897073,-0.0024340405273437365,-0.04269092773437502,0.20888183226897072,0.34888183226897074,-0.08,0.08,-0.05721706944635091,0.05159479121459139,3.641875232270929,Solve_Succeeded,0.030476458021439612,False,2175.5079786176575,0.0,0.0,False,False,0.5,10,0.0,2194.6494070401673,-0.0013661097155424767,0.6082861417409636,-0.3500000020520087,-0.35000000186924113,-0.35000000185557834,-0.35,0.0,False,False,63596.36083984375,4447.743884088104,15.073622372763316,7.863536820336422e-05,777.7991628036779,0.8642174456390412,1.005466653261876,0.9499434253485177,0.8914714093255712,0.32960311763802463,0.5,0.0008365525317918986,6.46762207459785e-05,0.00043271742188083696,-0.04968044093642936,0.042852932412735696,-0.01897115270827847,2221.850917262168,False
10,moderate,65,corridor_centered_nmpc,77.5,0.22186213205422786,0.04920463020474914,3.623775650882303,0.22163049654476638,0.049148404202529514,3.6233454802602134,0.27865234375000003,-0.002435087890624979,-0.043908233642578134,0.20865234375000002,0.34865234375000004,-0.08,0.08,-0.05679021169577217,0.05163971809537412,3.667683884524881,Solve_Succeeded,0.029906874988228083,False,2166.775812717676,0.0,0.0,False,False,0.5,10,0.0,2198.555746786113,-0.0011447017308893886,0.610643003624165,-0.3500000022976558,-0.3500000020520087,-0.35000000200891696,-0.35,0.0,False,False,63413.76495361328,4432.210585785984,15.020979262253448,8.093247290086372e-05,794.9386046738047,0.8642174456390412,1.005466653261876,0.9499434253485177,0.8914714093255712,0.32960311763802463,0.5,0.0008365525317918986,6.46762207459785e-05,0.00043271742188083696,-0.04968044093642936,0.042852932412735696,-0.01897115270827847,2221.850917262168,False
10,moderate,65,corridor_centered_nmpc,78.0,0.22205973706216217,0.049248587548521384,3.64838895646843,0.22060939499051732,0.04921003455648365,3.648125625278432,0.27840251690458306,-0.0024359448242187165,-0.045126015625,0.20840251690458306,0.34840251690458307,-0.08,0.08,-0.05634277984242089,0.0516845323727401,3.69351497209343,Solve_Succeeded,0.03089220798574388,False,2191.852527581308,0.0,0.0,False,False,0.5,10,0.0,2202.6551305587745,-0.0009229314749161777,0.6130039534355131,-0.3500000023798395,-0.3500000022976558,-0.35000000223431393,-0.35,0.0,False,False,63231.09765625,4416.690336183554,14.968380374427417,8.329761885881505e-05,812.4497197036235,0.8642174456390412,1.005466653261876,0.9499434253485177,0.8914714093255712,0.32960311763802463,0.5,0.0008365525317918986,6.46762207459785e-05,0.00043271742188083696,-0.04968044093642936,0.042852932412735696,-0.01897115270827847,2221.850917262168,False
10,moderate,65,corridor_centered_nmpc,78.5,0.22225759106542328,0.04929262657192879,3.673024261172039,0.22165397481437882,0.049258016144875544,3.6724657211014025,0.27813261586682947,-0.0024366113281250323,-0.04634417846679685,0.20813261586682946,0.3481326158668295,-0.08,0.08,-0.05587502480140619,0.05172923790005382,3.719368439638836,Solve_Succeeded,0.030491249985061586,False,2194.315583435903,0.0,0.0,False,False,0.5,10,0.0,2206.9537076043116,-0.0007008250061129317,0.6153688120101857,-0.3500000025666585,-0.3500000023798395,-0.35000000234791495,-0.35,0.0,False,False,63048.37322998047,4401.184224078418,14.91582939927376,8.573265545558053e-05,830.3388822947337,0.8642174456390412,1.005466653261876,0.9499434253485177,0.8914714093255712,0.32960311763802463,0.5,0.0008365525317918986,6.46762207459785e-05,0.00043271742188083696,-0.04968044093642936,0.042852932412735696,-0.01897115270827847,2221.850917262168,False
10,moderate,65,corridor_centered_nmpc,79.0,0.2224557077601541,0.04933675125111154,3.697681606827627,0.22037939221161723,0.049474154129932404,3.6979614608993177,0.277842904770849,-0.002437087402343774,-0.047562626953125034,0.207842904770849,0.347842904770849,-0.08,0.08,-0.05538719701069489,0.05177383865345531,3.745244233780752,Solve_Succeeded,0.030490832985378802,False,2218.418934023515,0.0,0.0,False,False,0.5,10,0.0,2211.4577382809393,-0.00047840864208548856,0.6177373990289489,-0.3500000025649077,-0.3500000025666585,-0.35000000251867175,-0.35,0.0,False,False,62865.60595703125,4385.6933355504425,14.863330017570455,8.823947158611884e-05,848.6125003604966,0.8642174456390412,1.005466653261876,0.9499434253485177,0.8914714093255712,0.32960311763802463,0.5,0.0008365525317918986,6.46762207459785e-05,0.00043271742188083696,-0.04968044093642936,0.042852932412735696,-0.01897115270827847,2221.850917262168,False
10,moderate,65,corridor_centered_nmpc,79.5,0.2226541013286048,0.0493809656872011,3.7223610372890277,0.22212721057094528,0.04948343165438705,3.7229133349261154,0.27753364775075134,-0.002437373046874969,-0.048781265869140625,0.20753364775075134,0.34753364775075135,-0.08,0.08,-0.05487954642214654,0.05181833873407607,3.771142303158168,Solve_Succeeded,0.029764208011329174,False,2215.016591933282,0.0,0.0,False,False,0.5,10,0.0,2216.1735923491055,-0.00025570896192469994,0.6201095330192727,-0.35000000279017923,-0.3500000025649077,-0.3500000025547647,-0.35,0.0,False,False,62682.810119628906,4370.218753990877,14.810885900983639,9.081999590641511e-05,867.2770119093776,0.8642174456390412,1.005466653261876,0.9499434253485177,0.8914714093255712,0.32960311763802463,0.5,0.0008365525317918986,6.46762207459785e-05,0.00043271742188083696,-0.04968044093642936,0.042852932412735696,-0.01897115270827847,2221.850917262168,False
10,moderate,65,corridor_centered_nmpc,80.0,0.22285278644820425,0.049425274108501296,3.7470625984924517,0.22258603757060416,0.04945879791776241,3.7470143019162707,0.27720510894064615,-0.002437468261718756,-0.05,0.20720510894064614,0.34720510894064616,-0.08,0.08,-0.0543523224924419,0.05186274237022005,3.7970625984924515,Solve_Succeeded,0.03058645798591897,False,2225.4736427046364,0.0,0.0,False,False,0.5,10,0.0,2221.1077470165724,-3.2752808576834436e-05,0.6224850313567132,-0.3500000029647975,-0.35000000279017923,-0.3500000027385353,-0.35,0.0,False,False,62500.0,4354.761560130941,14.758500712164466,9.347619704280564e-05,886.3388814573595,0.8642174456390412,1.005466653261876,0.9499434253485177,0.8914714093255712,0.32960311763802463,0.5,0.0008365525317918986,6.46762207459785e-05,0.00043271742188083696,-0.04968044093642936,0.042852932412735696,-0.01897115270827847,2221.850917262168,False
10,moderate,65,corridor_centered_nmpc,80.5,0.22305177830071002,0.04946968087263001,3.77178633852061,0.22296834920884384,0.04945002865475878,3.7720407113577537,0.27685755247464316,-0.0024373730468749966,-0.05121873413085938,0.20685755247464316,0.34685755247464317,-0.08,0.08,-0.053805774173933146,0.05190705391950501,3.823005072651469,Solve_Succeeded,0.030289333022665232,False,2237.123037789064,0.0,0.0,False,False,0.5,10,0.0,2226.2667847285356,0.00019043270879393753,0.6248637102665509,-0.3500000031238046,-0.3500000029647975,-0.35000000291516137,-0.35,0.0,False,False,62317.189880371094,4339.322832069908,14.706178104844305,9.621008376381366e-05,905.8045962663003,0.8642174456390412,1.005466653261876,0.9499434253485177,0.8914714093255712,0.32960311763802463,0.5,0.0008365525317918986,6.46762207459785e-05,0.00043271742188083696,-0.04968044093642936,0.042852932412735696,-0.01897115270827847,2221.850917262168,False
10,moderate,65,corridor_centered_nmpc,81.0,0.22325109258140854,0.0495141904686165,3.7965323076678943,0.22414046285289588,0.04962341990676927,3.7960068337832524,0.27649124248685203,-0.002437087402343746,-0.052437373046875,0.20649124248685202,0.34649124248685204,-0.08,0.08,-0.053240149905443485,0.051951277870960245,3.8489696807147693,Solve_Succeeded,0.030870000016875565,False,2235.752502426327,0.0,0.0,False,False,0.5,10,0.0,2231.6573906928625,0.00041382021245984363,0.6272453848256894,-0.35000000323535574,-0.3500000031238046,-0.35000000307803364,-0.35,0.0,False,False,62134.39404296875,4323.90364530272,14.653921723928308,9.902370511203258e-05,925.6806624052182,0.8642174456390412,1.005466653261876,0.9499434253485177,0.8914714093255712,0.32960311763802463,0.5,0.0008365525317918986,6.46762207459785e-05,0.00043271742188083696,-0.04968044093642936,0.042852932412735696,-0.01897115270827847,2221.850917262168,False
10,moderate,65,corridor_centered_nmpc,81.5,0.2234507455083379,0.04955880751894891,3.821300558506597,0.22342588518657108,0.0497099579759756,3.8221043621991515,0.27610644311138244,-0.0024366113281250046,-0.05365582153320313,0.20610644311138243,0.34610644311138244,-0.08,0.08,-0.05265569760304453,0.05199541884707391,3.8749563800398,Solve_Succeeded,0.030509874981362373,False,2257.161975299459,0.0,0.0,False,False,0.5,10,0.0,2237.2863501305424,0.0006373820538103162,0.6296298689648132,-0.3500000032944722,-0.35000000323535574,-0.3500000032008433,-0.35,0.0,False,False,61951.62677001953,4308.505072747086,14.601735205587266,0.00010191915049350835,945.9736006315479,0.8642174456390412,1.005466653261876,0.9499434253485177,0.8914714093255712,0.32960311763802463,0.5,0.0008365525317918986,6.46762207459785e-05,0.00043271742188083696,-0.04968044093642936,0.042852932412735696,-0.01897115270827847,2221.850917262168,False
10,moderate,65,corridor_centered_nmpc,82.0,0.22365075383150626,0.04960353678156659,3.8460911459541376,0.22372496214879897,0.04960160551009592,3.846535820586026,0.27570341848234414,-0.0024359448242187443,-0.054873984375000004,0.20570341848234414,0.34570341848234415,-0.08,0.08,-0.05205266465083788,0.05203948160578534,3.9009651303291375,Solve_Succeeded,0.030620249977800995,False,2271.452179137144,0.0,0.0,False,False,0.5,10,0.0,2243.1605452414074,0.0008610903110667437,0.6320169754707983,-0.35000000347930305,-0.3500000032944722,-0.3500000032739324,-0.35,0.0,False,False,61768.90234375,4293.128184770147,14.549622177347963,0.00010489854972199755,966.6899420896243,0.8642174456390412,1.005466653261876,0.9499434253485177,0.8914714093255712,0.32960311763802463,0.5,0.0008365525317918986,6.46762207459785e-05,0.00043271742188083696,-0.04968044093642936,0.042852932412735696,-0.01897115270827847,2221.850917262168,False
10,moderate,65,corridor_centered_nmpc,82.5,0.2238511348420785,0.04964838315179146,3.870904127341274,0.2231203068701572,0.04970426647356019,3.8702877725317113,0.2752824327338468,-0.0024350878906250206,-0.05609176635742187,0.20528243273384678,0.3452824327338468,-0.08,0.08,-0.051431297891768285,0.05208347104241648,3.9269958936986957,Solve_Succeeded,0.03075962496222928,False,2289.1840772686437,0.0,0.0,False,False,0.5,10,0.0,2249.286951875252,0.0010849167870410278,0.6344065159893799,-0.3500000035307384,-0.35000000347930305,-0.35000000343425003,-0.35,0.0,False,False,61586.23504638672,4277.774049214653,14.497586258181908,0.00010796407301539614,987.8362238237378,0.8642174456390412,1.005466653261876,0.9499434253485177,0.8914714093255712,0.32960311763802463,0.5,0.0008365525317918986,6.46762207459785e-05,0.00043271742188083696,-0.04968044093642936,0.042852932412735696,-0.01897115270827847,2221.850917262168,False
10,moderate,65,corridor_centered_nmpc,83.0,0.22405190638150446,0.04969335166419247,3.8957395624812583,0.22309910640820643,0.049678165296607575,3.896103985886348,0.27484375,-0.0024340405273437504,-0.057309072265625025,0.20484375,0.34484375,-0.08,0.08,-0.050791843618495536,0.05212739219153622,3.9530486347468834,Solve_Succeeded,0.03184041701024398,False,2305.885499598782,0.0,0.0,False,False,0.5,10,0.0,2255.6726358984984,0.0013088330069453355,0.6367983010280722,-0.3500000036581587,-0.3500000035307384,-0.35000000350957133,-0.35,0.0,False,False,61403.63916015625,4262.443731424724,14.445631058592618,0.00011111793094155808,1009.4189841033219,0.8642174456390412,1.005466653261876,0.9499434253485177,0.8914714093255712,0.32960311763802463,0.5,0.0008365525317918986,6.46762207459785e-05,0.00043271742188083696,-0.04968044093642936,0.042852932412735696,-0.01897115270827847,2221.850917262168,False
10,moderate,65,corridor_centered_nmpc,83.5,0.22425308685056147,0.04973844749437724,3.9205975137399105,0.2248416830779754,0.04975601014222877,3.92017012779088,0.27438763441491365,-0.002432802734374989,-0.05852580688476562,0.20438763441491364,0.34438763441491366,-0.08,0.08,-0.05013454756435218,0.05217125022875223,3.979123320624676,Solve_Succeeded,0.03069145802874118,False,2302.1816026478937,0.0,0.0,False,False,0.5,10,0.0,2262.324749246677,0.001532810216262219,0.6391921399593407,-0.3500000038072412,-0.3500000036581587,-0.35000000362556244,-0.35,0.0,False,False,61221.128967285156,4247.138294271152,14.393760180701383,0.00011436237431063965,1031.4447575579225,0.8642174456390412,1.005466653261876,0.9499434253485177,0.8914714093255712,0.32960311763802463,0.5,0.0008365525317918986,6.46762207459785e-05,0.00043271742188083696,-0.04968044093642936,0.042852932412735696,-0.01897115270827847,2221.850917262168,False
10,moderate,65,corridor_centered_nmpc,84.0,0.2244546952182842,0.04978367596070441,3.945478046106566,0.2228937949223147,0.049830202487455226,3.9450273214649862,0.27391435011269727,-0.002431374511718737,-0.059741875000000014,0.20391435011269726,0.3439143501126973,-0.08,0.08,-0.04945965489441306,0.05221505047242315,4.005219921106566,Solve_Succeeded,0.030455041967798024,False,2334.0022170500188,0.0,0.0,False,False,0.5,10,0.0,2269.2505256530685,0.0017568193786830291,0.6415878410240256,-0.3500000038068921,-0.3500000038072412,-0.35000000376738555,-0.35,0.0,False,False,61038.71875,4231.858798176278,14.341977218331582,0.00011769969401103627,1053.9200701198633,0.8642174456390412,1.005466653261876,0.9499434253485177,0.8914714093255712,0.32960311763802463,0.5,0.0008365525317918986,6.46762207459785e-05,0.00043271742188083696,-0.04968044093642936,0.042852932412735696,-0.01897115270827847,2221.850917262168,False
10,moderate,65,corridor_centered_nmpc,84.5,0.22465675103075453,0.04982904252591029,3.9703812272658596,0.22466574586753862,0.049843696075335835,3.9703872918887533,0.2734241612274606,-0.0024297558593749935,-0.06095718139648436,0.2034241612274606,0.3434241612274606,-0.08,0.08,-0.04876741019670608,0.052258798385285285,4.031338408662344,Solve_Succeeded,0.030754499952308834,False,2333.013601098156,0.0,0.0,False,False,0.5,10,0.0,2276.4572760440174,0.001980831174123024,0.6439852113350127,-0.3500000039724347,-0.3500000038068921,-0.3500000037982254,-0.35,0.0,False,False,60856.422790527344,4216.606301138476,14.290285757091644,0.00012113222078589944,1076.8514337726751,0.8642174456390412,1.005466653261876,0.9499434253485177,0.8914714093255712,0.32960311763802463,0.5,0.0008365525317918986,6.46762207459785e-05,0.00043271742188083696,-0.04968044093642936,0.042852932412735696,-0.01897115270827847,2221.850917262168,False
10,moderate,65,corridor_centered_nmpc,85.0,0.22485927441972353,0.04987455279864319,3.995307127670297,0.22542725579657322,0.04984016030735328,3.9947587545783496,0.27291733189331335,-0.002427946777343787,-0.06217163085937501,0.20291733189331335,0.34291733189331336,-0.08,0.08,-0.04805805747358982,0.052302499575986976,4.057478758529672,Solve_Succeeded,0.030474000028334558,False,2341.1875658354384,0.0,0.0,False,False,0.5,10,0.0,2283.9523835916107,0.0022048159968219086,0.6463840568811571,-0.35000000410233123,-0.3500000039724347,-0.35000000393421765,-0.35,0.0,False,False,60674.25537109375,4201.381858756196,14.238689374456536,0.00012466232494714815,1100.2453411035403,0.8642174456390412,1.005466653261876,0.9499434253485177,0.8914714093255712,0.32960311763802463,0.5,0.0008365525317918986,6.46762207459785e-05,0.00043271742188083696,-0.04968044093642936,0.042852932412735696,-0.01897115270827847,2221.850917262168,False
10,moderate,65,corridor_centered_nmpc,85.5,0.2250622861110382,0.049920212534898485,4.0202558206135715,0.22445670053509728,0.049931068135796564,4.021053974830172,0.27239412624436515,-0.002425947265624978,-0.06338512817382815,0.20239412624436515,0.34239412624436516,-0.08,0.08,-0.04733184013332695,0.05234615980052346,4.0836409487874,Solve_Succeeded,0.03049670800101012,False,2364.7602189260924,0.0,0.0,False,False,0.5,10,0.0,2291.743298414599,0.0024287439535376695,0.6487841825314473,-0.3500000041202127,-0.35000000410233123,-0.35000000406545145,-0.35,0.0,False,False,60492.23077392578,4186.186524251644,14.187191639848015,0.0001282924160238219,1124.1082596582921,0.8642174456390412,1.005466653261876,0.9499434253485177,0.8914714093255712,0.32960311763802463,0.5,0.0008365525317918986,6.46762207459785e-05,0.00043271742188083696,-0.04968044093642936,0.042852932412735696,-0.01897115270827847,2221.850917262168,False
10,moderate,65,corridor_centered_nmpc,86.0,0.22526580743284416,0.04996602763934746,4.04522738230457,0.22462581104681947,0.04997999683272757,4.045316983088274,0.2718548084147258,-0.002423757324218734,-0.06459757812499999,0.2018548084147258,0.3418548084147258,-0.08,0.08,-0.04658900098188165,0.052389784963566194,4.10982496042957,Solve_Succeeded,0.030822333006653935,False,2377.261343588815,0.0,0.0,False,False,0.5,10,0.0,2299.8375319187044,0.00265258486184268,0.651185392039422,-0.35000000419512395,-0.3500000041202127,-0.3500000041081995,-0.35,0.0,False,False,60310.36328125,4171.021348494046,14.13579611471348,0.0001320249423415502,1148.4466260976565,0.8642174456390412,1.005466653261876,0.9499434253485177,0.8914714093255712,0.32960311763802463,0.5,0.0008365525317918986,6.46762207459785e-05,0.00043271742188083696,-0.04968044093642936,0.042852932412735696,-0.01897115270827847,2221.850917262168,False
10,moderate,65,corridor_centered_nmpc,86.5,0.2254698603235357,0.050012004166552666,4.070221891942016,0.22805567960219436,0.0499309639254191,4.071612618176956,0.2712996425385049,-0.0024213769531249985,-0.06580888549804688,0.2012996425385049,0.3412996425385049,-0.08,0.08,-0.04582978221496922,0.052433381119677665,4.136030777440063,Solve_Succeeded,0.03246129199396819,False,2366.452427642169,0.0,0.0,False,False,0.5,10,0.0,2308.2426507677383,0.002876308248530364,0.6535874880478271,-0.35000000442777957,-0.35000000419512395,-0.350000004176055,-0.35,0.0,False,False,60128.66717529297,4155.887380022547,14.084506352603574,0.00013586239052985034,1173.266840153733,0.8642174456390412,1.005466653261876,0.9499434253485177,0.8914714093255712,0.32960311763802463,0.5,0.0008365525317918986,6.46762207459785e-05,0.00043271742188083696,-0.04968044093642936,0.042852932412735696,-0.01897115270827847,2221.850917262168,False
10,moderate,65,corridor_centered_nmpc,87.0,0.2256744673394241,0.05005814832206246,4.095239431789691,0.22590100896061746,0.049976654959792734,4.095692488939427,0.2707288927498122,-0.0024188061523437443,-0.06701895507812498,0.2007288927498122,0.3407288927498122,-0.08,0.08,-0.04505442541038812,0.0524769544744062,4.1622583868678165,Solve_Succeeded,0.030470833997242153,False,2398.486411432817,0.0,0.0,False,False,0.5,10,0.0,2316.9662704772622,0.003099883348141194,0.6559902720935179,-0.35000000440866813,-0.35000000442777957,-0.3500000043725577,-0.35,0.0,False,False,59947.15673828125,4140.785665068743,14.033325899248526,0.00013980728495390258,1198.5752583859442,0.8642174456390412,1.005466653261876,0.9499434253485177,0.8914714093255712,0.32960311763802463,0.5,0.0008365525317918986,6.46762207459785e-05,0.00043271742188083696,-0.04968044093642936,0.042852932412735696,-0.01897115270827847,2221.850917262168,False
10,moderate,65,corridor_centered_nmpc,87.5,0.22587965166209453,0.05010446646337708,4.120280087252168,0.22606509780141645,0.050003179375787785,4.119801927395387,0.27014282318275734,-0.0024160449218750546,-0.06822769165039062,0.20014282318275733,0.34014282318275735,-0.08,0.08,-0.04426317152066281,0.052520511385252135,4.188507778902559,Solve_Succeeded,0.03083179099485278,False,2411.8860561899887,0.0,0.0,False,False,0.5,10,0.0,2326.016048622879,0.003323279101616422,0.6583935446126042,-0.3500000044784723,-0.35000000440866813,-0.3500000044007464,-0.35,0.0,False,False,59765.846252441406,4125.717247578832,13.982258292633263,0.00014386218706739128,1224.3781877359238,0.8642174456390412,1.005466653261876,0.9499434253485177,0.8914714093255712,0.32960311763802463,0.5,0.0008365525317918986,6.46762207459785e-05,0.00043271742188083696,-0.04968044093642936,0.042852932412735696,-0.01897115270827847,2221.850917262168,False
10,moderate,65,corridor_centered_nmpc,88.0,0.22608543710542123,0.05015096510077873,4.145343946950995,0.2264734050801075,0.05014956819918425,4.145212392210862,0.26954169797145006,-0.002413093261718763,-0.06943500000000004,0.19954169797145005,0.33954169797145006,-0.08,0.08,-0.04345626086602883,0.052564058362497494,4.214778946950996,Solve_Succeeded,0.03076233301544562,False,2422.8088829204603,0.0,0.0,False,False,0.5,10,0.0,2335.3996776556787,0.0035464641550890796,0.6607971049458362,-0.35000000449146096,-0.3500000044784723,-0.3500000044614212,-0.35,0.0,False,False,59584.75,4110.6831692354335,13.931307063071314,0.00014802969468294893,1250.6818788811647,0.8642174456390412,1.005466653261876,0.9499434253485177,0.8914714093255712,0.32960311763802463,0.5,0.0008365525317918986,6.46762207459785e-05,0.00043271742188083696,-0.04968044093642936,0.042852932412735696,-0.01897115270827847,2221.850917262168,False
10,moderate,65,corridor_centered_nmpc,88.5,0.22629184812221015,0.050197650898017594,4.170431102801262,0.22691761891414586,0.05021078845028542,4.1701718840017294,0.26892578125000005,-0.00240995117187498,-0.07064078491210939,0.19892578125000004,0.33892578125000006,-0.08,0.08,-0.0426339331277899,0.052607602069892574,4.241071887713372,Solve_Succeeded,0.03066974994726479,False,2434.802700030517,0.0,0.0,False,False,0.5,10,0.0,2345.1248773177376,0.003769406858820254,0.6632007513442304,-0.35000000453978286,-0.35000000449146096,-0.350000004484871,-0.35,0.0,False,False,59403.882263183594,4095.6844694790416,13.880475733277544,0.00015231244115668718,1277.4925193874697,0.8642174456390412,1.005466653261876,0.9499434253485177,0.8914714093255712,0.32960311763802463,0.5,0.0008365525317918986,6.46762207459785e-05,0.00043271742188083696,-0.04968044093642936,0.042852932412735696,-0.01897115270827847,2221.850917262168,False
10,moderate,65,corridor_centered_nmpc,89.0,0.22649890981043808,0.05024453067284599,4.195541650088467,0.2257409095115936,0.050166461190223666,4.1958915344184895,0.2682953371525169,-0.0024066186523437616,-0.07184495117187502,0.1982953371525169,0.3382953371525169,-0.08,0.08,-0.041796427342078835,0.05265114932518975,4.267386601260342,Solve_Succeeded,0.03065891598816961,False,2461.790900639459,0.0,0.0,False,False,0.5,10,0.0,2355.1993866511316,0.0039920752662905915,0.6656042809749362,-0.35000000458842556,-0.35000000453978286,-0.3500000045277366,-0.35,0.0,False,False,59223.25732421875,4080.722185529149,13.829767818439732,0.00015671309448325263,1304.8162266605984,0.8642174456390412,1.005466653261876,0.9499434253485177,0.8914714093255712,0.32960311763802463,0.5,0.0008365525317918986,6.46762207459785e-05,0.00043271742188083696,-0.04968044093642936,0.042852932412735696,-0.01897115270827847,2221.850917262168,False
10,moderate,65,corridor_centered_nmpc,89.5,0.22670664791905604,0.05029161139739242,4.2206756875456115,0.22722084533283785,0.05032920299879668,4.220886601432895,0.2676506298131105,-0.0024030957031249967,-0.07304740356445315,0.1976506298131105,0.3376506298131105,-0.08,0.08,-0.04094398189405446,0.052694707100517414,4.293723091110064,Solve_Succeeded,0.04429766698740423,False,2464.9878214681603,0.0,0.0,False,False,0.5,10,0.0,2365.6309555943826,0.0042144371334555605,0.6680074899273395,-0.3500000045984964,-0.35000000458842556,-0.350000004575112,-0.35,0.0,False,False,59042.88946533203,4065.797352405041,13.779186826289047,0.00016123435629780743,1332.659040697813,0.8642174456390412,1.005466653261876,0.9499434253485177,0.8914714093255712,0.32960311763802463,0.5,0.0008365525317918986,6.46762207459785e-05,0.00043271742188083696,-0.04968044093642936,0.042852932412735696,-0.01897115270827847,2221.850917262168,False
10,moderate,65,corridor_centered_nmpc,90.0,0.22691508885332476,0.05033890019836729,4.245833317430441,0.22771696369975455,0.05048858719059387,4.246195260483903,0.26699192336589034,-0.0023993823242187684,-0.07424804687500001,0.19699192336589033,0.33699192336589034,-0.08,0.08,-0.04007683451256558,0.052738282522586055,4.320081364305441,Solve_Succeeded,0.031036624975968152,False,2476.622790395853,0.0,0.0,False,False,0.5,10,0.0,2376.427336160881,0.004436459918174068,0.6704101732194035,-0.3500000045666573,-0.3500000045984964,-0.35000000459336644,-0.35,0.0,False,False,58862.79296875,4050.911002946254,13.728736257169384,0.0001658789607812985,1361.0269166403589,0.8642174456390412,1.005466653261876,0.9499434253485177,0.8914714093255712,0.32960311763802463,0.5,0.0008365525317918986,6.46762207459785e-05,0.00043271742188083696,-0.04968044093642936,0.042852932412735696,-0.01897115270827847,2221.850917262168,False
10,moderate,65,corridor_centered_nmpc,90.5,0.2271242596796493,0.05038640435709202,4.271014645602747,0.2269616772368594,0.05047780310454675,4.269761868729394,0.2663194819449662,-0.002395478515624966,-0.07544678588867192,0.19631948194496618,0.3363194819449662,-0.08,0.08,-0.03919522226531688,0.052781882872716984,4.346461431491419,Solve_Succeeded,0.03004624997265637,False,2498.0186731179883,0.0,0.0,False,False,0.5,10,0.0,2387.596273194426,0.004658110779819778,0.6728121248042477,-0.35000000459399944,-0.3500000045666573,-0.3500000045725166,-0.35,0.0,False,False,58682.98211669921,4036.0641678327297,13.678419604105663,0.00017064967346534855,1389.9257171282486,0.8642174456390412,1.005466653261876,0.9499434253485177,0.8914714093255712,0.32960311763802463,0.5,0.0008365525317918986,6.46762207459785e-05,0.00043271742188083696,-0.04968044093642936,0.042852932412735696,-0.01897115270827847,2221.850917262168,False
10,moderate,65,corridor_centered_nmpc,91.0,0.22733418812987907,0.05043413130934298,4.29621978160163,0.22673752498985672,0.05036912317188373,4.295986749772012,0.26563356968444785,-0.0023913842773437277,-0.07664352539062498,0.19563356968444784,0.33563356968444785,-0.08,0.08,-0.03829938155456877,0.05282551558668671,4.372863306992255,Solve_Succeeded,0.030270792020019144,False,2519.666256162181,0.0,0.0,False,False,0.5,10,0.0,2399.1454946976846,0.0048793565790845594,0.6752131375769588,-0.35000000468767933,-0.35000000459399944,-0.35000000458928665,-0.35,0.0,False,False,58503.47119140625,4021.257875604648,13.628240352871046,0.0001755492899330844,1419.3612044590964,0.8642174456390412,1.005466653261876,0.9499434253485177,0.8914714093255712,0.32960311763802463,0.5,0.0008365525317918986,6.46762207459785e-05,0.00043271742188083696,-0.04968044093642936,0.042852932412735696,-0.01897115270827847,2221.850917262168,False
10,moderate,65,corridor_centered_nmpc,91.5,0.22754490260503954,0.050482088645001824,4.321448838722644,0.22739868551690118,0.05050853117478789,4.321968661320706,0.2649344507184448,-0.0023870996093749985,-0.07783817016601564,0.19493445071844479,0.3349344507184448,-0.08,0.08,-0.03738954811340525,0.05286918825437682,4.39928700888866,Solve_Succeeded,0.02995758398901671,False,2532.048919782072,0.0,0.0,False,False,0.5,10,0.0,2411.0827017301217,0.005100163877983836,0.6776130033816398,-0.35000000464101266,-0.35000000468767933,-0.3500000046660945,-0.35,0.0,False,False,58324.274475097656,4006.4931526819596,13.57820198205314,0.00018058063441220125,1449.3390325531147,0.8642174456390412,1.005466653261876,0.9499434253485177,0.8914714093255712,0.32960311763802463,0.5,0.0008365525317918986,6.46762207459785e-05,0.00043271742188083696,-0.04968044093642936,0.042852932412735696,-0.01897115270827847,2221.850917262168,False
10,moderate,65,corridor_centered_nmpc,92.0,0.22775643217846084,0.05053028410750357,4.346701934094712,0.22773985434416583,0.05042420642675622,4.347515128904848,0.2642223891810669,-0.002382624511718723,-0.07903062499999998,0.19422238918106688,0.3342223891810669,-0.08,0.08,-0.03646595700260605,0.05291290861922229,4.425732559094712,Solve_Succeeded,0.03052433399716392,False,2549.3535792696466,0.0,0.0,False,False,0.5,10,0.0,2423.415557872664,0.005320498940073394,0.6800115130186897,-0.3500000047192693,-0.35000000464101266,-0.350000004646515,-0.35,0.0,False,False,58145.40625,3991.771023383624,13.528307963119177,0.00018574655825654953,1479.864738726719,0.8642174456390412,1.005466653261876,0.9499434253485177,0.8914714093255712,0.32960311763802463,0.5,0.0008365525317918986,6.46762207459785e-05,0.00043271742188083696,-0.04968044093642936,0.042852932412735696,-0.01897115270827847,2221.850917262168,False
10,moderate,65,corridor_centered_nmpc,92.5,0.2279688065982683,0.050578725593073796,4.371979188756711,0.22879611513072415,0.05063745623963215,4.372216658071555,0.26349764920642377,-0.0023779589843750393,-0.08022079467773437,0.19349764920642376,0.3334976492064238,-0.08,0.08,-0.035528842608155475,0.052956684577448836,4.452199983434445,Solve_Succeeded,0.0329843339859508,False,2558.3319104354523,0.0,0.0,False,False,0.5,10,0.0,2436.1516782572307,0.005540327730887543,0.6824084562523166,-0.35000000459092256,-0.3500000047192693,-0.3500000047033089,-0.35,0.0,False,False,57966.880798339844,3977.092509946549,13.478561760480225,0.00019104993831254303,1510.9437352776608,0.8642174456390412,1.005466653261876,0.9499434253485177,0.8914714093255712,0.32960311763802463,0.5,0.0008365525317918986,6.46762207459785e-05,0.00043271742188083696,-0.04968044093642936,0.042852932412735696,-0.01897115270827847,2221.850917262168,False
10,moderate,65,corridor_centered_nmpc,93.0,0.22818205628919955,0.05062742114974627,4.397280727733626,0.22884182735328304,0.05065371134164271,4.397495820618338,0.26276049492862513,-0.0023731030273437537,-0.08140858398437502,0.19276049492862513,0.33276049492862514,-0.08,0.08,-0.034578438639425585,0.05300052417709002,4.478689311718001,Solve_Succeeded,0.030518084007781,False,2576.906090342048,0.0,0.0,False,False,0.5,10,0.0,2449.298618160077,0.005759615918608414,0.6848036218182828,-0.35000000456699315,-0.35000000459092256,-0.35000000461557723,-0.35,0.0,False,False,57788.71240234375,3962.4586325442483,13.428966831554407,0.00019649367516668588,1542.5813008849384,0.8642174456390412,1.005466653261876,0.9499434253485177,0.8914714093255712,0.32960311763802463,0.5,0.0008365525317918986,6.46762207459785e-05,0.00043271742188083696,-0.04968044093642936,0.042852932412735696,-0.01897115270827847,2221.850917262168,False
10,moderate,65,corridor_centered_nmpc,93.5,0.22839621235371213,0.05067637897615228,4.422606680112147,0.22938289594300817,0.05062671572056581,4.423035006955133,0.2620111904817807,-0.0023680566406250325,-0.08259389770507812,0.19201119048178067,0.3320111904817807,-0.08,0.08,-0.033614978128068546,0.05304443561677731,4.5052005778172255,Solve_Succeeded,0.029330417048186064,False,2593.5879725869772,0.0,0.0,False,False,0.5,10,0.0,2462.8638611588613,0.005978328874976742,0.6871967974318803,-0.35000000456709707,-0.35000000456699315,-0.35000000457765124,-0.35,0.0,False,False,57610.91534423828,3947.870409305223,13.379526626829191,0.00020208069127054118,1574.782571827183,0.8642174456390412,1.005466653261876,0.9499434253485177,0.8914714093255712,0.32960311763802463,0.5,0.0008365525317918986,6.46762207459785e-05,0.00043271742188083696,-0.04968044093642936,0.042852932412735696,-0.01897115270827847,2221.850917262168,False
10,moderate,65,corridor_centered_nmpc,94.0,0.22861130657234538,0.050725607420073,4.447957179115615,0.22843799316914257,0.050731953803110616,4.447420618019762,0.26125000000000004,-0.002362819824218737,-0.08377664062500005,0.19125000000000003,0.33125000000000004,-0.08,0.08,-0.03263869342765466,0.05308842724429174,4.531733819740616,Solve_Succeeded,0.0302026669960469,False,2616.671527454645,0.0,0.0,False,False,0.5,10,0.0,2476.854806854249,0.0061964316764535066,0.6895877697961353,-0.3500000044332521,-0.35000000456709707,-0.3500000045694124,-0.35,0.0,False,False,57433.50390625,3933.3288563310607,13.330244589922744,0.0002078139289394914,1607.5525330236264,0.8642174456390412,1.005466653261876,0.9499434253485177,0.8914714093255712,0.32960311763802463,0.5,0.0008365525317918986,6.46762207459785e-05,0.00043271742188083696,-0.04968044093642936,0.042852932412735696,-0.01897115270827847,2221.850917262168,False
10,moderate,65,corridor_centered_nmpc,94.5,0.22882737140329998,0.050775114976746194,4.473332362178169,0.22890555953062422,0.05085051081078418,4.473644230087243,0.26047718761739297,-0.0023573925781249505,-0.08495671752929686,0.19047718761739296,0.330477187617393,-0.08,0.08,-0.03164981621409299,0.053132507554871145,4.558289079707466,Solve_Succeeded,0.0308424579561688,False,2633.8822534345427,0.0,0.0,False,False,0.5,10,0.0,2491.278758157935,0.006413889105643063,0.691976324610243,-0.3500000042518922,-0.3500000044332521,-0.3500000044631221,-0.35,0.0,False,False,57256.49237060547,3918.834987714277,13.281124157644383,0.00021369634822167785,1640.8960089021846,0.8642174456390412,1.005466653261876,0.9499434253485177,0.8914714093255712,0.32960311763802463,0.5,0.0008365525317918986,6.46762207459785e-05,0.00043271742188083696,-0.04968044093642936,0.042852932412735696,-0.01897115270827847,2221.850917262168,False
10,moderate,65,corridor_centered_nmpc,95.0,0.22904443998119825,0.05082491028691856,4.49873237101799,0.2297564355805996,0.05094719289920296,4.498936020826388,0.25969301746806916,-0.0023517749023438117,-0.086134033203125,0.18969301746806916,0.32969301746806917,-0.08,0.08,-0.030648577486870915,0.05317668518926237,4.584866404221115,Solve_Succeeded,0.03125699999509379,False,2648.9724479924125,0.0,0.0,False,False,0.5,10,0.0,2506.142908150004,0.0066306656529877064,0.6943622465782294,-0.35000000403221215,-0.3500000042518922,-0.35000000429823064,-0.35,0.0,False,False,57079.89501953125,3904.3898155558845,13.232168760054128,0.00021973092463356338,1674.817654099666,0.8642174456390412,1.005466653261876,0.9499434253485177,0.8914714093255712,0.32960311763802463,0.5,0.0008365525317918986,6.46762207459785e-05,0.00043271742188083696,-0.04968044093642936,0.042852932412735696,-0.01897115270827847,2221.850917262168,False
10,moderate,65,corridor_centered_nmpc,95.5,0.229262546114988,0.05087500213463522,4.524157351709502,0.22985543688264626,0.05082927886313106,4.524652588578389,0.25889775368613827,-0.0023459667968750153,-0.08730849243164067,0.18889775368613826,0.32889775368613827,-0.08,0.08,-0.029635207571150263,0.05322096893151024,4.611465844141143,Solve_Succeeded,0.030474958010017872,False,2670.494014431456,0.0,0.0,False,False,0.5,10,0.0,2521.4543265096536,0.0068467255187437195,0.6967453194178412,-0.35000000403847364,-0.35000000403221215,-0.35000000409056975,-0.35,0.0,False,False,56903.726135253906,3889.99434998271,13.183381820521381,0.00022592064675861377,1709.321943999486,0.8642174456390412,1.005466653261876,0.9499434253485177,0.8914714093255712,0.32960311763802463,0.5,0.0008365525317918986,6.46762207459785e-05,0.00043271742188083696,-0.04968044093642936,0.042852932412735696,-0.01897115270827847,2221.850917262168,False
10,moderate,65,corridor_centered_nmpc,96.0,0.22948172428495273,0.050925399444757796,4.549607454754407,0.22933124279803455,0.05078177467438923,4.549210495330845,0.25809166040571,-0.0023399682617187,-0.08848000000000002,0.18809166040571001,0.32809166040571003,-0.08,0.08,-0.028609936120757296,0.053265367706476496,4.638087454754407,Solve_Succeeded,0.030261082982178777,False,2693.600739697364,0.0,0.0,False,False,0.5,10,0.0,2537.219945524474,0.007062032615248903,0.6991253258696613,-0.35000000396356024,-0.35000000403847364,-0.35000000404990217,-0.35,0.0,False,False,56728.0,3875.649599164461,13.134766755782778,0.0002322685137056787,1744.4131651128232,0.8642174456390412,1.005466653261876,0.9499434253485177,0.8914714093255712,0.32960311763802463,0.5,0.0008365525317918986,6.46762207459785e-05,0.00043271742188083696,-0.04968044093642936,0.042852932412735696,-0.01897115270827847,2221.850917262168,False
10,moderate,65,corridor_centered_nmpc,96.5,0.2297020096387906,0.05097611128020266,4.5750828351514,0.22891340380267355,0.05092659215232926,4.574466428061736,0.2572750017608941,-0.002333779296874977,-0.08964846069335937,0.18727500176089407,0.3272750017608941,-0.08,0.08,-0.027572992122103485,0.053309890577077634,4.664731295844759,Solve_Succeeded,0.030129624996334314,False,2715.8674003573283,0.0,0.0,False,False,0.5,10,0.0,2553.446545684709,0.007276550569492238,0.7015020477064505,-0.35000000358167593,-0.35000000396356024,-0.3500000039825014,-0.35,0.0,False,False,56552.730895996094,3861.356569330537,13.086326975999148,0.00023877753242373126,1780.0954053095197,0.8642174456390412,1.005466653261876,0.9499434253485177,0.8914714093255712,0.32960311763802463,0.5,0.0008365525317918986,6.46762207459785e-05,0.00043271742188083696,-0.04968044093642936,0.042852932412735696,-0.01897115270827847,2221.850917262168,False
10,moderate,65,corridor_centered_nmpc,97.0,0.2299234379867247,0.051027146838891126,4.600583652464434,0.2305469895444095,0.05103507075626553,4.600847274774531,0.25644804188580017,-0.002327399902343763,-0.090813779296875,0.18644804188580016,0.3264480418858002,-0.08,0.08,-0.02652460389907546,0.05335454674123489,4.691397431761309,Solve_Succeeded,0.03016379097243771,False,2730.734437735642,0.0,0.0,False,False,0.5,10,0.0,2570.1407408701234,0.007490242725994974,0.703875265742714,-0.35000000293518013,-0.35000000358167593,-0.35000000366960676,-0.35,0.0,False,False,56377.93310546875,3847.116264786609,13.038065884811717,0.00024545071486973093,1816.3725439055816,0.8642174456390412,1.005466653261876,0.9499434253485177,0.8914714093255712,0.32960311763802463,0.5,0.0008365525317918986,6.46762207459785e-05,0.00043271742188083696,-0.04968044093642936,0.042852932412735696,-0.01897115270827847,2221.850917262168,False
10,moderate,65,corridor_centered_nmpc,97.5,0.23014604579560752,0.0510785154504035,4.626110070889391,0.23124702013281115,0.05105023027081751,4.6263234861684195,0.25561104491453795,-0.00232083007812503,-0.09197586059570313,0.18561104491453795,0.32561104491453796,-0.08,0.08,-0.025464999118930437,0.05339934552852853,4.718085931485094,Solve_Succeeded,0.028255416022147983,False,2750.2317520357146,0.0,0.0,False,False,0.5,10,0.0,2587.30896313846,0.007703072150013708,0.7062447598444915,-0.350000002360593,-0.35000000293518013,-0.3500000030962945,-0.35,0.0,False,False,56203.62091064453,3832.929687930953,12.989986879397451,0.00025229107502648294,1853.2482416145178,0.8642174456390412,1.005466653261876,0.9499434253485177,0.8914714093255712,0.32960311763802463,0.5,0.0008365525317918986,6.46762207459785e-05,0.00043271742188083696,-0.04968044093642936,0.042852932412735696,-0.01897115270827847,2221.850917262168,False
10,moderate,65,corridor_centered_nmpc,98.0,0.23036987018198146,0.051130226572328956,4.651662259318998,0.22974632696236996,0.05122313116241272,4.651328751244716,0.2547642749812171,-0.0023140698242187507,-0.09313460937500002,0.1847642749812171,0.3247642749812171,-0.08,0.08,-0.02439440479923566,0.05344429639654771,4.7447968686939985,Solve_Succeeded,0.02804254204966128,False,2777.9316644037317,0.0,0.0,False,False,0.5,10,0.0,2604.957447125788,0.007915001631075287,0.708610308939371,-0.35000000156191124,-0.350000002360593,-0.350000002521987,-0.35,0.0,False,False,56029.80859375,3818.7978392705595,12.942093350523658,0.0002593016257675039,1890.7259303703481,0.8642174456390412,1.005466653261876,0.9499434253485177,0.8914714093255712,0.32960311763802463,0.5,0.0008365525317918986,6.46762207459785e-05,0.00043271742188083696,-0.04968044093642936,0.042852932412735696,-0.01897115270827847,2221.850917262168,False
10,moderate,65,corridor_centered_nmpc,98.5,0.23059494890405918,0.051182289786303646,4.677240391405842,0.23106414410797055,0.05114236474125744,4.676518874699489,0.2539079962199474,-0.0023071191406249802,-0.09428993041992188,0.1839079962199474,0.3239079962199474,-0.08,0.08,-0.023313047315888236,0.053489408926928626,4.7715303218257645,Solve_Succeeded,0.02785920799942687,False,2795.99596757977,0.0,0.0,False,False,0.5,10,0.0,2623.0922140704106,0.008125993686853024,0.7109716910267249,-0.35000000057717584,-0.35000000156191124,-0.35000000177252716,-0.35,0.0,False,False,55856.51043701172,3804.721717437004,12.89438868260177,0.000266485375566037,1928.8088030304502,0.8642174456390412,1.005466653261876,0.9499434253485177,0.8914714093255712,0.32960311763802463,0.5,0.0008365525317918986,6.46762207459785e-05,0.00043271742188083696,-0.04968044093642936,0.042852932412735696,-0.01897115270827847,2221.850917262168,False
10,moderate,65,corridor_centered_nmpc,99.0,0.2308213203525863,0.05123471479372945,4.702844645623325,0.23210171409592964,0.05126067126592059,4.703254359386438,0.2530424727648385,-0.0022999780273437465,-0.095441728515625,0.18304247276483848,0.3230424727648385,-0.08,0.08,-0.0222211524122522,0.0535346928210732,4.79828637413895,Solve_Succeeded,0.031835292000323534,False,2817.1447714865453,0.0,0.0,False,False,0.5,10,0.0,2641.7190554734934,0.00833601056739449,0.7133286831881679,-0.3499999977631333,-0.35000000057717584,-0.3500000008394052,-0.35,0.0,False,False,55683.74072265625,3790.7023192021034,12.846876253740414,0.0002738453250455276,1967.4998029670483,0.8642174456390412,1.005466653261876,0.9499434253485177,0.8914714093255712,0.32960311763802463,0.5,0.0008365525317918986,6.46762207459785e-05,0.00043271742188083696,-0.04968044093642936,0.042852932412735696,-0.01897115270827847,2221.850917262168,False
10,moderate,65,corridor_centered_nmpc,99.5,0.23104902354054999,0.05128751141116625,4.728475205324394,0.23101482350724645,0.05128759192472891,4.728771754458061,0.25216796875,-0.002292646484374994,-0.09658990844726563,0.18216796875000002,0.32216796875000003,-0.08,0.08,-0.02111894520945004,0.05358015789554124,4.82506511377166,Solve_Succeeded,0.03078958299010992,False,2844.9490017548637,0.0,0.0,False,False,0.5,10,0.0,2660.8435011351303,0.008545013962365261,0.7156810615982359,-0.3499999727114687,-0.3499999977631333,-0.34999999843798824,-0.34999999843798824,3.124023484346594e-09,False,False,55511.513732910156,3776.7406394933505,12.7995594357977,0.00028138446336904265,2006.8016135565185,0.8642174456390412,1.005466653261876,0.9499434253485177,0.8914714093255712,0.32960311763802463,0.5,0.0008365525317918986,6.46762207459785e-05,0.00043271742188083696,-0.04968044093642936,0.042852932412735696,-0.01897115270827847,2221.850917262168,False
10,moderate,65,corridor_centered_nmpc,100.0,0.23127809809162392,0.051340689565085175,4.754132258797814,0.23111862925503704,0.05138057484233265,4.754897116385481,0.25128474830954173,-0.00228512451171875,-0.097734375,0.18128474830954172,0.32128474830954173,-0.08,0.08,-0.02000665021791781,0.053625814076803925,4.851866633797814,Solve_Succeeded,0.03015662496909499,False,2869.6471461074843,0.0,0.0,False,False,0.5,10,0.0,2680.4706619187964,0.008752962358939617,0.7180286015352851,-0.34999991908478006,-0.3499999727114687,-0.3499999783552055,-0.3499999783552055,4.016556542918437e-08,False,False,55339.84375,3762.837671409129,12.752441594432808,0.000289105764465304,2046.7166475761996,0.8642174456390412,1.005466653261876,0.9499434253485177,0.8914714093255712,0.32960311763802463,0.5,0.0008365525317918986,6.46762207459785e-05,0.00043271742188083696,-0.04968044093642936,0.042852932412735696,-0.01897115270827847,2221.850917262168,False
10,moderate,65,corridor_centered_nmpc,100.5,0.23150858422657453,0.051394259283477677,4.77981599932102,0.2316120691830616,0.05132335564787975,4.779934029111238,0.2503930755775733,-0.0022774121093749877,-0.09887503295898438,0.18039307557757328,0.3203930755775733,-0.08,0.08,-0.01888449135099876,0.053671671392852664,4.878691032280004,Solve_Succeeded,0.030519665975589305,False,2892.617379502857,0.0,0.0,False,False,0.5,10,0.0,2700.605447340742,0.008959815730477078,0.7203710773926116,-0.26000015903771473,-0.34999991908478006,-0.34999993208718727,-0.34999993208718727,9.253603650005715e-08,False,False,55168.745056152344,3748.9944062337245,12.705526089156843,0.0002970121830892295,2087.247036518966,0.8642174456390412,1.005466653261876,0.9499434253485177,0.8914714093255712,0.32960311763802463,0.5,0.0008365525317918986,6.46762207459785e-05,0.00043271742188083696,-0.04968044093642936,0.042852932412735696,-0.01897115270827847,2221.850917262168,False
10,moderate,65,corridor_centered_nmpc,101.0,0.2317405227481596,0.05144823069181688,4.8055266252098745,0.2314881939033215,0.05146630944354865,4.8060777768512,0.2494932146882044,-0.002269509277343762,-0.10001178710937499,0.1794932146882044,0.3194932146882044,-0.08,0.08,-0.017752691940044807,0.05371773996916064,4.90553841231925,Solve_Succeeded,0.030212750018108636,False,2918.956200541843,0.0,0.0,False,False,0.5,10,0.0,1985.3933306802235,-0.004339714256827193,0.7227082626897876,-0.2599999277310699,-0.26000015903771473,-0.2797437949325351,-0.2797437949325351,0.14051227430930435,False,False,54998.23193359375,3735.2118334521238,12.658816273383003,0.00030510665071508254,2128.394619836144,0.8642174456390412,1.005466653261876,0.9499434253485177,0.8914714093255712,0.32960311763802463,0.5,0.0008365525317918986,6.46762207459785e-05,0.00043271742188083696,-0.04968044093642936,0.042852932412735696,-0.01897115270827847,2221.850917262168,False
10,moderate,65,corridor_centered_nmpc,101.5,0.23197040698556967,0.05148789727335558,4.831260660628816,0.23171276228155246,0.051573386589833965,4.830810112323187,0.24858542977554474,-0.0022614160156250174,-0.10114454223632814,0.17858542977554473,0.3185854297755447,-0.08,0.08,-0.016615022789975065,0.053749313288980596,4.932405202865144,Solve_Succeeded,0.03184387495275587,False,2943.268278479172,0.0,0.0,False,False,0.5,10,0.0,1824.6348282925567,-0.007149816970448537,0.7250399300842185,-0.18974378836806657,-0.2599999277310699,-0.26433122448853097,-0.26433122448853097,0.03082514088800825,False,False,54828.31866455078,3721.4909407646123,12.612315494476045,0.000313392071260593,2170.1609341199737,0.8642174456390412,1.005466653261876,0.9499434253485177,0.8914714093255712,0.32960311763802463,0.5,0.0008365525317918986,6.46762207459785e-05,0.00043271742188083696,-0.04968044093642936,0.042852932412735696,-0.01897115270827847,2221.850917262168,False
10,moderate,65,corridor_centered_nmpc,102.0,0.23219435143285114,0.05152434896723292,4.857013725590574,0.23259120789812904,0.05154832395953159,4.856912385484928,0.24766998497370402,-0.0022531323242187262,-0.102273203125,0.177669984973704,0.317669984973704,-0.08,0.08,-0.015475633540852879,0.05377748129145165,4.959286928715573,Solve_Succeeded,0.028532415977679193,False,2968.145449030654,0.0,0.0,False,False,0.5,10,0.0,1187.5577788534085,-0.01826043560934605,0.7273658513829152,-0.17433121644189098,-0.18974378836806657,-0.20610635386343873,-0.20610635386343873,0.11644974125018448,False,False,54659.01953125,3707.8327141011764,12.566027093801093,0.0003218713166406706,2212.547202237256,0.8642174456390412,1.005466653261876,0.9499434253485177,0.8914714093255712,0.32960311763802463,0.5,0.0008365525317918986,6.46762207459785e-05,0.00043271742188083696,-0.04968044093642936,0.042852932412735696,-0.01897115270827847,2221.850917262168,False
10,moderate,65,corridor_centered_nmpc,102.5,0.23240915602827597,0.05154805990352729,4.882781831131324,0.23266695883714958,0.05164177115320735,4.882183255404703,0.2467471444167919,-0.0022446582031250273,-0.10339767456054687,0.1767471444167919,0.3167471444167919,-0.08,0.08,-0.014337988388515938,0.053792718106652315,4.986179505691871,Solve_Succeeded,0.028335875016637146,False,2994.5689980778557,0.0,0.0,False,False,0.5,10,0.0,896.4311894201294,-0.022954094966392724,0.7296857975544854,-0.11610634524695027,-0.17433121644189098,-0.18130186450579294,-0.18130186450579294,0.049608978715291574,False,False,54490.34881591797,3694.2381376357025,12.519954406771761,0.0003305472221496116,2255.5543224262456,0.8642174456390412,1.005466653261876,0.9499434253485177,0.8914714093255712,0.32960311763802463,0.5,0.0008365525317918986,6.46762207459785e-05,0.00043271742188083696,-0.04968044093642936,0.042852932412735696,-0.01897115270827847,2221.850917262168,False
10,moderate,65,corridor_centered_nmpc,103.0,0.23261140853950094,0.051565949892145746,4.908560336766995,0.23221895126730788,0.05151227625838927,4.908065852045518,0.24581717223891814,-0.0022359936523437263,-0.10451786132812503,0.17581717223891813,0.31581717223891814,-0.08,0.08,-0.0132057636994172,0.05380194354448947,5.01307819809512,Solve_Succeeded,0.02825070801191032,False,3022.721736180457,0.0,0.0,False,False,0.5,10,0.0,293.9691262630595,-0.032754194482411264,0.7319995387413384,-0.09130185589610061,-0.11610634524695027,-0.13040856569269266,-0.13040856569269266,0.10178659762620057,False,False,54322.32080078125,3680.708193799991,12.474100762897656,0.0003394225816710048,2299.182857369379,0.8642174456390412,1.005466653261876,0.9499434253485177,0.8914714093255712,0.32960311763802463,0.5,0.0008365525317918986,6.46762207459785e-05,0.00043271742188083696,-0.04968044093642936,0.042852932412735696,-0.01897115270827847,2221.850917262168,False
10,moderate,65,corridor_centered_nmpc,103.5,0.23279815927412179,0.05157179278815557,4.934344775433325,0.2319515904635396,0.051610903640739676,4.934671130161073,0.24488033257419237,-0.0022271386718749897,-0.1056336682128906,0.17488033257419236,0.31488033257419235,-0.08,0.08,-0.012082173300070581,0.05379893146003056,5.039978443646215,Solve_Succeeded,0.02755662496201694,False,3052.073698811542,0.0,0.0,False,False,0.5,10,0.0,-95.90506724033776,-0.03863449146879351,0.7343068442721085,-0.04040855866486496,-0.09130185589610061,-0.09988086241030475,-0.09988086241030475,0.061055406564775816,False,False,54154.949768066406,3667.243863297581,12.428469485831211,0.00034850014271486896,2343.4330232548664,0.8642174456390412,1.005466653261876,0.9499434253485177,0.8914714093255712,0.32960311763802463,0.5,0.0008365525317918986,6.46762207459785e-05,0.00043271742188083696,-0.04968044093642936,0.042852932412735696,-0.01897115270827847,2221.850917262168,False
10,moderate,65,corridor_centered_nmpc,104.0,0.23296634408791148,0.05156984111800945,4.960130186657425,0.23096112144570116,0.0515945004300787,4.960103821283086,0.2439368895567243,-0.00221809326171879,-0.10674500000000002,0.1739368895567243,0.3139368895567243,-0.08,0.08,-0.01097054546881282,0.05378793437972824,5.066875186657425,Solve_Succeeded,0.033483500010333955,False,3081.3875203585385,0.0,0.0,False,False,0.5,10,0.0,-692.19138140006,-0.04766132993833608,0.7366074826742901,-0.009880853586642622,-0.04040855866486496,-0.05345525279742319,-0.05345525279742319,0.09285121922576312,False,False,53988.25,3653.846125117388,12.383063893413926,0.0003577826012818864,2388.3046788405927,0.8642174456390412,1.005466653261876,0.9499434253485177,0.8914714093255712,0.32960311763802463,0.5,0.0008365525317918986,6.46762207459785e-05,0.00043271742188083696,-0.04968044093642936,0.042852932412735696,-0.01897115270827847,2221.850917262168,False
10,moderate,65,corridor_centered_nmpc,104.5,0.23311321117501044,0.051555967259464555,4.985911641194209,0.23388388690748418,0.051664911893377644,4.986381806131191,0.24298710732062362,-0.002208857421874988,-0.10785176147460938,0.1729871073206236,0.3129871073206236,-0.08,0.08,-0.009873896145613181,0.05376482468133954,5.093763402668818,Solve_Succeeded,0.03089520800858736,False,3106.6784486397505,0.0,0.0,False,False,0.5,10,0.0,-1161.2706041230344,-0.05429917423275564,0.7389012216870896,0.03654475647415572,-0.009880853586642622,-0.019439956273271476,-0.019439956273271476,0.06803059304830343,False,False,53822.235778808594,3640.5159565471645,12.337887297721966,0.0003672725965549725,2433.7973145342767,0.8642174456390412,1.005466653261876,0.9499434253485177,0.8914714093255712,0.32960311763802463,0.5,0.0008365525317918986,6.46762207459785e-05,0.00043271742188083696,-0.04968044093642936,0.042852932412735696,-0.01897115270827847,2221.850917262168,False
10,moderate,65,corridor_centered_nmpc,105.0,0.23323594966962458,0.05153271611739042,5.011683814115946,0.23138268236169782,0.051376806879357736,5.011426652991033,0.24203125000000003,-0.002199431152343778,-0.10895385742187501,0.17203125000000002,0.31203125000000004,-0.08,0.08,-0.008795300330375455,0.0537321472697342,5.120637671537821,Solve_Succeeded,0.030682124954182655,False,3136.76013260259,0.0,0.0,False,False,0.5,10,0.0,-1770.1775840836717,-0.06288075402897926,0.7411878282744888,0.070560052915438,0.03654475647415572,0.02426315012439626,0.02426315012439626,0.08740621279533548,False,False,53656.92138671875,3627.2543331867764,12.292943005111177,0.00037697270541879645,2479.910041504208,0.8642174456390412,1.005466653261876,0.9499434253485177,0.8914714093255712,0.32960311763802463,0.5,0.0008365525317918986,6.46762207459785e-05,0.00043271742188083696,-0.04968044093642936,0.042852932412735696,-0.01897115270827847,2221.850917262168,False
10,moderate,65,corridor_centered_nmpc,105.5,0.2333319588800341,0.05149729180984861,5.037441317751079,0.23292697784889022,0.051659315371125,5.035997675669029,0.2410695817289632,-0.002189814453124994,-0.11005119262695316,0.1710695817289632,0.3110695817289632,-0.08,0.08,-0.007737622848929093,0.053687106262973606,5.147492510378032,Solve_Succeeded,0.030519999971147627,False,3164.2181494160686,0.0,0.0,False,False,0.5,10,0.0,-2306.6278282107396,-0.07001139470544013,0.7434670686385235,0.11426315936955286,0.070560052915438,0.060403702951513524,0.060403702951513524,0.07228110565423453,False,False,53492.32110595703,3614.062228961312,12.248234316261492,0.0003868854368082658,2526.641580835272,0.8642174456390412,1.005466653261876,0.9499434253485177,0.8914714093255712,0.32960311763802463,0.5,0.0008365525317918986,6.46762207459785e-05,0.00043271742188083696,-0.04968044093642936,0.042852932412735696,-0.01897115270827847,2221.850917262168,False
10,moderate,65,corridor_centered_nmpc,106.0,0.23339860881726238,0.0514511442481091,5.063178427932446,0.23440768873865245,0.051348892800461884,5.062815038538317,0.24010236664162288,-0.0021800073242187468,-0.111143671875,0.17010236664162287,0.3101023666416229,-0.08,0.08,-0.006703757824360501,0.05363115157232785,5.174322099807446,Solve_Succeeded,0.030450291989836842,False,3192.6693305610916,0.0,0.0,False,False,0.5,10,0.0,-2940.7817463853844,-0.07834735901141361,0.7457387082327718,0.15040371108028794,0.11426315936955286,0.10244777960824858,0.10244777960824858,0.08408815331347011,False,False,53328.44921875,3600.9406161340166,12.20376452622078,0.00039701322588743646,2573.9902527455197,0.8642174456390412,1.005466653261876,0.9499434253485177,0.8914714093255712,0.32960311763802463,0.5,0.0008365525317918986,6.46762207459785e-05,0.00043271742188083696,-0.04968044093642936,0.042852932412735696,-0.01897115270827847,2221.850917262168,False
10,moderate,65,corridor_centered_nmpc,106.5,0.23343340947592645,0.05139232008566629,5.0888892946335496,0.23398523714535396,0.051535761898357325,5.088577482876512,0.23912986887208867,-0.0021700097656249806,-0.11223119995117191,0.16912986887208867,0.3091298688720887,-0.08,0.08,-0.005696459396162229,0.05356232985129127,5.201120494584721,Solve_Succeeded,0.0317494579940103,False,3224.511431677474,0.0,0.0,False,False,0.5,10,0.0,-3537.6796194762564,-0.08580686942607918,0.7480025117760563,0.19244778876874857,0.15040371108028794,0.13988341288508652,0.13988341288508652,0.07487126655367587,False,False,53165.32000732422,3587.890465319055,12.159536924448094,0.0004073584280607262,2621.953965878707,0.8642174456390412,1.005466653261876,0.9499434253485177,0.8914714093255712,0.32960311763802463,0.5,0.0008365525317918986,6.46762207459785e-05,0.00043271742188083696,-0.04968044093642936,0.042852932412735696,-0.01897115270827847,2221.850917262168,False
10,moderate,65,corridor_centered_nmpc,107.0,0.23343385610459164,0.051321565248786234,5.114567765970038,0.23452317007996615,0.051261942226675426,5.114500619223254,0.23815235255447037,-0.0021598217773437234,-0.11331368164062498,0.16815235255447036,0.3081523525544704,-0.08,0.08,-0.004718496449878734,0.05348138702612996,5.227881447610662,Solve_Succeeded,0.029271000006701797,False,3253.683941170266,0.0,0.0,False,False,0.5,10,0.0,-4205.751835875623,-0.09401812116394598,0.7502582432663564,0.22988342072049187,0.19244778876874857,0.1809165163741502,0.1809165163741502,0.08206620697812739,False,False,53002.94775390625,3574.912745494116,12.115554794856395,0.0004179233128187959,2670.530206688796,0.8642174456390412,1.005466653261876,0.9499434253485177,0.8914714093255712,0.32960311763802463,0.5,0.0008365525317918986,6.46762207459785e-05,0.00043271742188083696,-0.04968044093642936,0.042852932412735696,-0.01897115270827847,2221.850917262168,False
10,moderate,65,corridor_centered_nmpc,107.5,0.23339753521675421,0.05123745703410842,5.140207520862031,0.2340797764648227,0.05141125163506799,5.140520977322734,0.23717008182287758,-0.0021494433593750306,-0.11439102172851563,0.16717008182287757,0.3071700818228776,-0.08,0.08,-0.0037725466061233615,0.05338690039348345,5.254598542590546,Solve_Succeeded,0.03028179198736325,False,3286.4656843434886,0.0,0.0,False,False,0.5,10,0.0,-4859.291579371198,-0.10170441539931652,0.7525056659949317,0.27091652505139224,0.22988342072049187,0.21914134107347732,0.21914134107347732,0.07644964939865423,False,False,52841.346740722656,3562.008424012848,12.071821415854684,0.0004287100574219416,2719.7160289326016,0.8642174456390412,1.005466653261876,0.9499434253485177,0.8914714093255712,0.32960311763802463,0.5,0.0008365525317918986,6.46762207459785e-05,0.00043271742188083696,-0.04968044093642936,0.042852932412735696,-0.01897115270827847,2221.850917262168,False
10,moderate,65,corridor_centered_nmpc,108.0,0.2333220243716956,0.05114028693758398,5.165801955425004,0.23113212847566864,0.05121928689766566,5.165527448384818,0.23618332081142,-0.0021388745117187358,-0.11546312500000001,0.16618332081141998,0.30618332081141997,-0.08,0.08,-0.002861296439724381,0.05327916144930272,5.281265080425004,Solve_Succeeded,0.029795832990203053,False,3316.317511597267,0.0,0.0,False,False,0.5,10,0.0,-5567.40914598897,-0.10986354488416641,0.7547445425606546,0.3091413472085237,0.27091652505139224,0.2595583810671249,0.2595583810671249,0.0808340799872952,False,False,52680.53125,3549.1784666171407,12.028340060389635,0.00043972074042435486,2769.5080432872396,0.8642174456390412,1.005466653261876,0.9499434253485177,0.8914714093255712,0.32960311763802463,0.5,0.0008365525317918986,6.46762207459785e-05,0.00043271742188083696,-0.04968044093642936,0.042852932412735696,-0.01897115270827847,2221.850917262168,False
10,moderate,65,corridor_centered_nmpc,108.5,0.23320495824980253,0.051028964246723076,5.1913442659684765,0.23479447201309217,0.051068355732142745,5.191058544314624,0.2351923336542074,-0.0021281152343750054,-0.11652989624023437,0.16519233365420738,0.3051923336542074,-0.08,0.08,-0.0019873754044048564,0.05315707948109808,5.307874162208711,Solve_Succeeded,0.030645082995761186,False,3346.8175892500344,0.0,0.0,False,False,0.5,10,0.0,-6275.75216505156,-0.11771244975217449,0.7569746348845532,0.34955838992673727,0.3091413472085237,0.29826411944548414,0.29826411944548414,0.07741147675671844,False,False,52520.515563964844,3536.423837449245,11.98511399598667,0.0004509573350431269,2819.902407109221,0.8642174456390412,1.005466653261876,0.9499434253485177,0.8914714093255712,0.32960311763802463,0.5,0.0008365525317918986,6.46762207459785e-05,0.00043271742188083696,-0.04968044093642936,0.042852932412735696,-0.01897115270827847,2221.850917262168,False
10,moderate,65,corridor_centered_nmpc,109.0,0.23304396356692586,0.050903485350272844,5.216827375218158,0.23342660141851018,0.050868337758093234,5.216473802000595,0.23419738448534938,-0.002117165527343756,-0.11759124023437502,0.16419738448534937,0.3041973844853494,-0.08,0.08,-0.00115342091842352,0.0530206508776166,5.334418615452533,Solve_Succeeded,0.029652333992999047,False,3376.986951811875,0.0,0.0,False,False,0.5,10,0.0,-7028.393870262672,-0.1258623914767834,0.7591957042245618,0.350000006909414,0.34955838992673727,0.3383057459971176,0.3383057459971176,0.08008325310326692,False,False,52361.31396484375,3523.7454990637425,11.942146484790516,0.00046242170237643265,2870.894814352399,0.8642174456390412,1.005466653261876,0.9499434253485177,0.8914714093255712,0.32960311763802463,0.5,0.0008365525317918986,6.46762207459785e-05,0.00043271742188083696,-0.04968044093642936,0.042852932412735696,-0.01897115270827847,2221.850917262168,False
10,moderate,65,corridor_centered_nmpc,109.5,0.2328367000362961,0.05076296518349869,5.242243983728489,0.23207499358143185,0.05076909052960092,5.242981113432333,0.23319873743895572,-0.002106025390624988,-0.11864706176757812,0.16319873743895572,0.30319873743895576,-0.08,0.08,-0.0003620374026596096,0.05286899057412368,5.360891045496067,Solve_Succeeded,0.030585417000111192,False,3409.4529418987977,0.0,0.0,False,False,0.5,10,0.0,-7338.345040669229,-0.12778362642242722,0.7614075111904817,0.3500000070136665,0.350000006909414,0.34743458677902667,0.34743458677902667,0.01825768156381813,False,False,52202.94073486328,3511.1444124393643,11.899440783605273,0.0004741155844758875,2922.480485662223,0.8642174456390412,1.005466653261876,0.9499434253485177,0.8914714093255712,0.32960311763802463,0.5,0.0008365525317918986,6.46762207459785e-05,0.00043271742188083696,-0.04968044093642936,0.042852932412735696,-0.01897115270827847,2221.850917262168,False
10,moderate,65,corridor_centered_nmpc,110.0,0.2325830001677022,0.050616258139333944,5.267588784427774,0.2331577209897553,0.050640180815849256,5.267290162239729,0.23219665664913602,-0.0020946948242187846,-0.11969726562500001,0.16219665664913602,0.30219665664913603,-0.08,0.08,0.00038634351856617344,0.05271095296355273,5.387286050052774,Solve_Succeeded,0.03194112499477342,False,3440.1202268827087,0.0,0.0,False,False,0.5,10,0.0,-7544.744279193986,-0.12825276637635113,0.7636098157591469,0.3500000090272401,0.3500000070136665,0.3494372197830577,0.3494372197830577,0.004005266008062058,False,False,52045.41015625,3498.6215369906577,11.857000143933941,0.00048604059727865896,2974.6541586639464,0.8642174456390412,1.005466653261876,0.9499434253485177,0.8914714093255712,0.32960311763802463,0.5,0.0008365525317918986,6.46762207459785e-05,0.00043271742188083696,-0.04968044093642936,0.042852932412735696,-0.01897115270827847,2221.850917262168,False
10,moderate,65,corridor_centered_nmpc,110.5,0.23228527094184973,0.050465435086222504,5.292859201611277,0.2327447623039872,0.050447349101125215,5.292415393458181,0.23119140625,-0.002083173828124979,-0.12074175659179691,0.16119140625,0.30119140625,-0.08,0.08,0.0010938646918497164,0.05254860891434748,5.413600958203074,Solve_Succeeded,0.031116541009396315,False,3470.8954452868725,0.0,0.0,False,False,0.5,10,0.0,-7728.684127209964,-0.12839118755000634,0.7658023772898002,0.3500000090708715,0.3500000090272401,0.3498765475389922,0.3498765475389922,0.0008786555118690531,False,False,51888.73651123047,3486.17783057951,11.81482781201748,0.0004981982234055316,3027.4100784627676,0.8642174456390412,1.005466653261876,0.9499434253485177,0.8914714093255712,0.32960311763802463,0.5,0.0008365525317918986,6.46762207459785e-05,0.00043271742188083696,-0.04968044093642936,0.042852932412735696,-0.01897115270827847,2221.850917262168,False
10,moderate,65,corridor_centered_nmpc,111.0,0.23194625810111164,0.050310944902597104,5.318053289519938,0.23311506815824523,0.05024514845506273,5.317565482657464,0.23018325037565746,-0.002071462402343738,-0.12178043945312499,0.16018325037565745,0.30018325037565746,-0.08,0.08,0.0017630077254541798,0.05238240730494084,5.4398337289730625,Solve_Succeeded,0.0314719169982709,False,3502.4113448988965,0.0,0.0,False,False,0.5,10,0.0,-7908.325633480144,-0.12844633630687002,0.7679849545396729,0.35000000913170953,0.3500000090708715,0.34997292478554665,0.34997292478554665,0.00019275449310884873,False,False,51732.93408203125,3473.81424952653,11.772927028873381,0.0005105898048317238,3080.7419883739162,0.8642174456390412,1.005466653261876,0.9499434253485177,0.8914714093255712,0.32960311763802463,0.5,0.0008365525317918986,6.46762207459785e-05,0.00043271742188083696,-0.04968044093642936,0.042852932412735696,-0.01897115270827847,2221.850917262168,False
10,moderate,65,corridor_centered_nmpc,111.5,0.2315685463439469,0.0501528732513881,5.343169236029031,0.2309767875083114,0.050212034479841794,5.343000971516151,0.2291724531602179,-0.0020595605468750056,-0.12281321899414065,0.15917245316021789,0.2991724531602179,-0.08,0.08,0.00239609318372902,0.052212433798263104,5.4659824550231715,Solve_Succeeded,0.03146841702982783,False,3534.1335765906115,0.0,0.0,False,False,0.5,10,0.0,-8087.728548566379,-0.12847330058044218,0.7701573056797725,0.3500000091443127,0.35000000913170953,0.34999406752262574,0.34999406752262574,4.228547415818795e-05,False,False,51578.017150878906,3461.5317486222852,11.731301030333748,0.0005232165354379158,3134.643120900985,0.8642174456390412,1.005466653261876,0.9499434253485177,0.8914714093255712,0.32960311763802463,0.5,0.0008365525317918986,6.46762207459785e-05,0.00043271742188083696,-0.04968044093642936,0.042852932412735696,-0.01897115270827847,2221.850917262168,False
10,moderate,65,corridor_centered_nmpc,112.0,0.23115447212227003,0.04999122463588226,5.3682052515523555,0.2305214168367259,0.04997887010625307,5.3681400463376825,0.22815927873779118,-0.0020474682617187268,-0.12383999999999999,0.15815927873779118,0.2981592787377912,-0.08,0.08,0.0029951933844788448,0.052038692897600984,5.492045251552356,Solve_Succeeded,0.03039349999744445,False,3565.0398587079444,0.0,0.0,False,False,0.5,10,0.0,-8267.789861805224,-0.1284847755612874,0.7723191883108756,0.35000000772798323,0.3500000091443127,0.3499987057053012,0.3499987057053012,9.276365350974203e-06,False,False,51424.0,3449.3312811384008,11.68995304708292,0.0005360794534495926,3189.1061889808716,0.8642174456390412,1.005466653261876,0.9499434253485177,0.8914714093255712,0.32960311763802463,0.5,0.0008365525317918986,6.46762207459785e-05,0.00043271742188083696,-0.04968044093642936,0.042852932412735696,-0.01897115270827847,2221.850917262168,False
10,moderate,65,corridor_centered_nmpc,112.5,0.2307061263233672,0.04982598565893701,5.393159544276992,0.23021310078638244,0.0498019454728582,5.393565046602794,0.22714399124248688,-0.0020351855468749985,-0.12486068725585937,0.15714399124248687,0.2971439912424869,-0.08,0.08,0.0035621350808803243,0.05186117120581201,5.5180202315328515,Solve_Succeeded,0.0302778750192374,False,3597.1489234991427,0.0,0.0,False,False,0.5,10,0.0,-8448.694024893633,-0.12848406589344818,0.7744703594797258,0.35000000921517604,0.35000000772798323,0.34999972209768787,0.34999972209768787,2.032784773287055e-06,False,False,51270.896911621094,3437.213798838527,11.64888630469463,0.0005491794337734779,3244.1233775138166,0.8642174456390412,1.005466653261876,0.9499434253485177,0.8914714093255712,0.32960311763802463,0.5,0.0008365525317918986,6.46762207459785e-05,0.00043271742188083696,-0.04968044093642936,0.042852932412735696,-0.01897115270827847,2221.850917262168,False
10,moderate,65,corridor_centered_nmpc,113.0,0.23022537480920255,0.049657139272044695,5.418030314775513,0.22913767950807634,0.049702302499757135,5.4179932547177865,0.22612685480841474,-0.0020227124023437376,-0.125875185546875,0.15612685480841473,0.2961268548084147,-0.08,0.08,0.004098520000787809,0.05167985167438843,5.5439055003223885,Solve_Succeeded,0.030381666962057352,False,3628.2692500532175,0.0,0.0,False,False,0.5,10,0.0,-8630.461965608843,-0.1284723543160137,0.776610575695435,0.3500000092431673,0.35000000921517604,0.3499999462289823,0.3499999462289823,4.482625888257985e-07,False,False,51118.72216796875,3425.180251989168,11.60810402366871,0.0005625171802405154,3299.686335197086,0.8642174456390412,1.005466653261876,0.9499434253485177,0.8914714093255712,0.32960311763802463,0.5,0.0008365525317918986,6.46762207459785e-05,0.00043271742188083696,-0.04968044093642936,0.042852932412735696,-0.01897115270827847,2221.850917262168,False
10,moderate,65,corridor_centered_nmpc,113.5,0.22971388091551073,0.049484668043032615,5.442815754997458,0.2300828613667905,0.04957468361452167,5.442714401839262,0.22510813356968448,-0.0020100488281249995,-0.1268833996582031,0.15510813356968448,0.29510813356968446,-0.08,0.08,0.00460574734582625,0.051494716871157614,5.569699154655661,Solve_Succeeded,0.031055792002007365,False,3661.780745977087,0.0,0.0,False,False,0.5,10,0.0,-8813.074009208267,-0.1284503044979737,0.7787395929460911,0.3500000093069947,0.3500000092431673,0.3499999954194755,0.3499999954194755,9.8380986468527e-08,False,False,50967.49005126953,3413.231589370381,11.567609419467352,0.0005760932177655629,3355.7861666809144,0.8642174456390412,1.005466653261876,0.9499434253485177,0.8914714093255712,0.32960311763802463,0.5,0.0008365525317918986,6.46762207459785e-05,0.00043271742188083696,-0.04968044093642936,0.042852932412735696,-0.01897115270827847,2221.850917262168,False
10,moderate,65,corridor_centered_nmpc,114.0,0.22917312656174296,0.0493085549652725,5.467514048280037,0.22894614374828032,0.04938860423968464,5.467355803022701,0.22408809166040572,-0.0019971948242187842,-0.127885234375,0.1540880916604057,0.2940880916604057,-0.08,0.08,0.005085034901337243,0.05130574978949128,5.595399282655038,Solve_Succeeded,0.03058683400740847,False,3692.509268492648,0.0,0.0,False,False,0.5,10,0.0,-8996.497646248616,-0.12841842009625787,0.7808571667155672,0.35000000932263375,0.3500000093069947,0.3500000062604301,0.35,9.161048919459347e-09,False,False,50817.21484375,3401.3687582863445,11.527405702550928,0.000589907884434648,3412.4134250652537,0.8642174456390412,1.005466653261876,0.9499434253485177,0.8914714093255712,0.32960311763802463,0.5,0.0008365525317918986,6.46762207459785e-05,0.00043271742188083696,-0.04968044093642936,0.042852932412735696,-0.01897115270827847,2221.850917262168,False
10,moderate,65,corridor_centered_nmpc,114.5,0.22860443141136105,0.049128783711688065,5.492123369624629,0.22821573772274828,0.04918268261715329,5.492182617696777,0.22306699321468826,-0.0019841503906249947,-0.1288805944824219,0.15306699321468825,0.29306699321468827,-0.08,0.08,0.005537438196672795,0.05111293410231306,5.621003964107051,Solve_Succeeded,0.030090874992311,False,3723.8857749533768,0.0,0.0,False,False,0.5,10,0.0,-9180.694237220432,-0.12837713237498932,0.7829630520005345,0.3500000093433866,0.35000000932263375,0.350000008650865,0.35,0.0,False,False,50667.91082763672,3389.5927045758044,11.487496078413374,0.0006039613235313817,3469.558104755988,0.8642174456390412,1.005466653261876,0.9499434253485177,0.8914714093255712,0.32960311763802463,0.5,0.0008365525317918986,6.46762207459785e-05,0.00043271742188083696,-0.04968044093642936,0.042852932412735696,-0.01897115270827847,2221.850917262168,False
10,moderate,65,corridor_centered_nmpc,115.0,0.22800897012425614,0.04894533875485922,5.516641886066784,0.22893921419480154,0.04893337483337902,5.5168364438622906,0.22204510236664166,-0.0019709155273437418,-0.12986938476562498,0.15204510236664165,0.29204510236664166,-0.08,0.08,0.005963867757614483,0.05091625428220296,5.646511270832409,Solve_Succeeded,0.030479250010102987,False,3756.6992558610614,0.0,0.0,False,False,0.5,10,0.0,-9365.620080255252,-0.12832681714965563,0.7850570033276781,0.350000009383853,0.3500000093433866,0.3500000091914652,0.35,0.0,False,False,50519.59228515625,3377.9043726223863,11.447883747617162,0.0006182534755148165,3527.209634699015,0.8642174456390412,1.005466653261876,0.9499434253485177,0.8914714093255712,0.32960311763802463,0.5,0.0008365525317918986,6.46762207459785e-05,0.00043271742188083696,-0.04968044093642936,0.042852932412735696,-0.01897115270827847,2221.850917262168,False
10,moderate,65,corridor_centered_nmpc,115.5,0.2273877878638052,0.048758205465955565,5.541067757100978,0.22801756927707909,0.04871071049753137,5.540929230161542,0.22102268325037566,-0.0019574902343750256,-0.13085151000976564,0.15102268325037566,0.29102268325037567,-0.08,0.08,0.00636510461342954,0.05071569570033059,5.671919267110744,Solve_Succeeded,0.030738792032934725,False,3787.011030049764,0.0,0.0,False,False,0.5,10,0.0,-9551.227119411338,-0.12826780630895732,0.7871387747711145,0.35000000939817394,0.350000009383853,0.35000000934164804,0.35,0.0,False,False,50372.273498535156,3366.304705364795,11.408571905827854,0.000632784069961796,3585.35687201071,0.8642174456390412,1.005466653261876,0.9499434253485177,0.8914714093255712,0.32960311763802463,0.5,0.0008365525317918986,6.46762207459785e-05,0.00043271742188083696,-0.04968044093642936,0.042852932412735696,-0.01897115270827847,2221.850917262168,False
10,moderate,65,corridor_centered_nmpc,116.0,0.22674181423207926,0.048567370199672985,5.565399135151317,0.22720331916879563,0.04850385047229426,5.5649946914012025,0.22000000000000003,-0.001943874511718735,-0.131826875,0.15000000000000002,0.29000000000000004,-0.08,0.08,0.00674181423207923,0.05051124471139172,5.697226010151317,Solve_Succeeded,0.03118808299768716,False,3817.745466118688,0.0,0.0,False,False,0.5,10,0.0,-9737.463192998617,-0.12820039339368644,0.7892081199700104,0.35000000941469084,0.35000000939817394,0.35000000938577364,0.35,0.0,False,False,50225.96875,3354.794644306886,11.369563743848234,0.0006475526174875644,3643.9880960230225,0.8642174456390412,1.005466653261876,0.9499434253485177,0.8914714093255712,0.32960311763802463,0.5,0.0008365525317918986,6.46762207459785e-05,0.00043271742188083696,-0.04968044093642936,0.042852932412735696,-0.01897115270827847,2221.850917262168,False
10,moderate,65,corridor_centered_nmpc,116.5,0.22607187579252414,0.0483728203743582,5.589634166083494,0.22756707137946877,0.04840812222752103,5.589052680454019,0.21897731674962437,-0.0019300683593749812,-0.13279538452148437,0.14897731674962436,0.28897731674962435,-0.08,0.08,0.007094559042899767,0.05030288873373318,5.7224295506049785,Solve_Succeeded,0.031276917026843876,False,3851.7650590993503,0.0,0.0,False,False,0.5,10,0.0,-9924.272190875283,-0.12812483775252295,0.7912647921464034,0.3500000084942002,0.35000000941469084,0.35000000940834713,0.35,0.0,False,False,50080.692321777344,3343.3751295276165,11.330862447652041,0.0006625584016591318,3703.091002761301,0.8642174456390412,1.005466653261876,0.9499434253485177,0.8914714093255712,0.32960311763802463,0.5,0.0008365525317918986,6.46762207459785e-05,0.00043271742188083696,-0.04968044093642936,0.042852932412735696,-0.01897115270827847,2221.850917262168,False
10,moderate,65,corridor_centered_nmpc,117.0,0.22537870732540888,0.0481745445491279,5.613770989756046,0.2258740065662329,0.04823511713221688,5.613833117667532,0.2179548976333584,-0.001916071777343764,-0.133756943359375,0.1479548976333584,0.2879548976333584,-0.08,0.08,0.007423809692050476,0.05009061632647167,5.74752793311542,Solve_Succeeded,0.030835665995255113,False,3882.6274397589696,0.0,0.0,False,False,0.5,10,0.0,-10111.59420342113,-0.1280413682727016,0.7933085441232226,0.35000000850818136,0.3500000084942002,0.3500000086947405,0.35,0.0,False,False,49936.45849609375,3332.047099690892,11.292471198417331,0.0006778004709166467,3762.652699872824,0.8642174456390412,1.005466653261876,0.9499434253485177,0.8914714093255712,0.32960311763802463,0.5,0.0008365525317918986,6.46762207459785e-05,0.00043271742188083696,-0.04968044093642936,0.042852932412735696,-0.01897115270827847,2221.850917262168,False
10,moderate,65,corridor_centered_nmpc,117.5,0.2246629619466592,0.04797253249813609,5.63780774060945,0.2244802869658047,0.047887092393412094,5.637929863655577,0.2169330067853118,-0.0019018847656250282,-0.13471145629882814,0.1469330067853118,0.2869330067853118,-0.08,0.08,0.0077299551613473905,0.04987441726376112,5.772519196908278,Solve_Succeeded,0.030823040986433625,False,3911.271088622675,0.0,0.0,False,False,0.5,10,0.0,-10299.36566329627,-0.12795018672970904,0.7953391283425101,0.35000000850348284,0.35000000850818136,0.3500000085491076,0.35,0.0,False,False,49793.28155517578,3320.8114920552794,11.2543931725594,0.0006932776305187508,3822.6597020236813,0.8642174456390412,1.005466653261876,0.9499434253485177,0.8914714093255712,0.32960311763802463,0.5,0.0008365525317918986,6.46762207459785e-05,0.00043271742188083696,-0.04968044093642936,0.042852932412735696,-0.01897115270827847,2221.850917262168,False
10,moderate,65,corridor_centered_nmpc,118.0,0.2239252202071546,0.04776677528212212,5.661742548291657,0.22379012219417346,0.047776518868332625,5.662173430199346,0.2159119083395943,-0.001887507324218718,-0.13565882812500002,0.1459119083395943,0.28591190833959435,-0.08,0.08,0.008013311867560297,0.04965428260634084,5.797401376416657,Solve_Succeeded,0.030529792013112456,False,3944.020948458465,0.0,0.0,False,False,0.5,10,0.0,-10487.519481002211,-0.12785147079556014,0.797356296883841,0.3500000094786304,0.35000000850348284,0.3500000085134917,0.35,0.0,False,False,49651.17578125,3309.669242483622,11.216631541763368,0.000708988434528622,3883.097926781478,0.8642174456390412,1.005466653261876,0.9499434253485177,0.8914714093255712,0.32960311763802463,0.5,0.0008365525317918986,6.46762207459785e-05,0.00043271742188083696,-0.04968044093642936,0.042852932412735696,-0.01897115270827847,2221.850917262168,False
10,moderate,65,corridor_centered_nmpc,118.5,0.22316599827743108,0.047557265317352694,5.685573538318746,0.2229582411192609,0.04764058603768181,5.685730796850386,0.2148918664303156,-0.0018729394531249999,-0.13659896362304685,0.1448918664303156,0.2848918664303156,-0.08,0.08,0.008274131847115479,0.049430204770477694,5.822172501941792,Solve_Succeeded,0.03128037496935576,False,3975.5060272795577,0.0,0.0,False,False,0.5,10,0.0,-10675.985175176145,-0.12774537674107134,0.7993598014829447,0.35000000949583404,0.3500000094786304,0.3500000092669038,0.35,0.0,False,False,49510.15545654297,3298.6212854525365,11.179189473016363,0.0007249311778581301,3943.9526910008963,0.8642174456390412,1.005466653261876,0.9499434253485177,0.8914714093255712,0.32960311763802463,0.5,0.0008365525317918986,6.46762207459785e-05,0.00043271742188083696,-0.04968044093642936,0.042852932412735696,-0.01897115270827847,2221.850917262168,False
10,moderate,65,corridor_centered_nmpc,119.0,0.22238575531184787,0.04734399644205332,5.709298832769411,0.2236794023319411,0.04736532938153623,5.709107430240741,0.2138731451915853,-0.001858181152343763,-0.13753176757812502,0.14387314519158528,0.2838731451915853,-0.08,0.08,0.008512610120262581,0.04920217759439708,5.846830600347536,Solve_Succeeded,0.02974816702771932,False,4008.0025497619904,0.0,0.0,False,False,0.5,10,0.0,-10864.688998470861,-0.12763204186384974,0.8013493935505227,0.3500000095230998,0.35000000949583404,0.3500000094456126,0.35,0.0,False,False,49370.23486328125,3287.6685540618005,11.14207012863934,0.000741103888388256,4005.2087077289852,0.8642174456390412,1.005466653261876,0.9499434253485177,0.8914714093255712,0.32960311763802463,0.5,0.0008365525317918986,6.46762207459785e-05,0.00043271742188083696,-0.04968044093642936,0.042852932412735696,-0.01897115270827847,2221.850917262168,False
10,moderate,65,corridor_centered_nmpc,119.5,0.2215849000765218,0.047126963980408554,5.732916551012048,0.2225229592376371,0.047191297295853446,5.733752701605264,0.21285600875751315,-0.0018432324218750074,-0.13845714477539062,0.14285600875751314,0.28285600875751316,-0.08,0.08,0.008728891319008641,0.04897019640228356,5.8713736957874385,Solve_Succeeded,0.030821041960734874,False,4040.1562589249484,0.0,0.0,False,False,0.5,10,0.0,-11053.554059798236,-0.1275115866704027,0.8033248241912663,0.3500000095329295,0.3500000095230998,0.3500000095061011,0.35,0.0,False,False,49231.42828369141,3276.811980043634,11.105276666318533,0.000757504319184604,4066.8500836464755,0.8642174456390412,1.005466653261876,0.9499434253485177,0.8914714093255712,0.32960311763802463,0.5,0.0008365525317918986,6.46762207459785e-05,0.00043271742188083696,-0.04968044093642936,0.042852932412735696,-0.01897115270827847,2221.850917262168,False
10,moderate,65,corridor_centered_nmpc,120.0,0.2207637969165842,0.04690616480419567,5.756424810463246,0.22024555298136078,0.04693797765111629,5.756998622743175,0.21184072126220888,-0.0018280932617187884,-0.13937500000000003,0.14184072126220887,0.2818407212622089,-0.08,0.08,0.008923075654375334,0.04873425806591446,5.895799810463246,Solve_Succeeded,0.03032412496395409,False,4067.6873416625776,0.0,0.0,False,False,0.5,10,0.0,-11242.500443646637,-0.12738411683780443,0.8052858442230727,0.35000000952581095,0.3500000095329295,0.350000009527044,0.35,0.0,False,False,49093.75,3266.0524937718724,11.068812239136545,0.0007741299408275475,4128.860317061216,0.8642174456390412,1.005466653261876,0.9499434253485177,0.8914714093255712,0.32960311763802463,0.5,0.0008365525317918986,6.46762207459785e-05,0.00043271742188083696,-0.04968044093642936,0.042852932412735696,-0.01897115270827847,2221.850917262168,False
10,moderate,65,corridor_centered_nmpc,120.5,0.21992277113047282,0.046681597392102786,5.779821727376508,0.21894218270997662,0.0467306746931134,5.780584669697378,0.21082754683978214,-0.001812763671874995,-0.1402852380371094,0.14082754683978213,0.28082754683978217,-0.08,0.08,0.009095224290690679,0.04849436106397778,5.920106965413617,Solve_Succeeded,0.030669500003568828,False,4098.0618128854385,0.0,0.0,False,False,0.5,10,0.0,-11431.445327117799,-0.12724972497769743,0.807232204196456,0.35000000953183036,0.35000000952581095,0.35000000952608146,0.35,0.0,False,False,48957.214294433594,3255.391024271041,11.032679995603099,0.0007909779338771791,4191.222296469147,0.8642174456390412,1.005466653261876,0.9499434253485177,0.8914714093255712,0.32960311763802463,0.5,0.0008365525317918986,6.46762207459785e-05,0.00043271742188083696,-0.04968044093642936,0.042852932412735696,-0.01897115270827847,2221.850917262168,False
10,moderate,65,corridor_centered_nmpc,121.0,0.21906211381193857,0.04645326188677039,5.80310541766006,0.21897346134943882,0.04643532302620017,5.803260315045327,0.20981674962434263,-0.0017972436523437385,-0.14118776367187502,0.13981674962434262,0.27981674962434266,-0.08,0.08,0.009245364187595945,0.04825050553911413,5.944293181331934,Solve_Succeeded,0.03172625001752749,False,4128.559803337395,0.0,0.0,False,False,0.5,10,0.0,-11620.303095270272,-0.12710849222302503,0.8091636544141589,0.35000000954828236,0.35000000953183036,0.3500000095305692,0.35,0.0,False,False,48821.83544921875,3244.8284992253148,10.996883079685405,0.0008080451814939259,4253.91829969801,0.8642174456390412,1.005466653261876,0.9499434253485177,0.8914714093255712,0.32960311763802463,0.5,0.0008365525317918986,6.46762207459785e-05,0.00043271742188083696,-0.04968044093642936,0.042852932412735696,-0.01897115270827847,2221.850917262168,False
10,moderate,65,corridor_centered_nmpc,121.5,0.2181820862141428,0.04622116014958394,5.82627399772261,0.21842412018374638,0.04626003724249766,5.826341451808989,0.20880859375,-0.001781533203124963,-0.14208248168945314,0.13880859375,0.27880859375,-0.08,0.08,0.009373492464142819,0.0480026933527089,5.968356479412063,Solve_Succeeded,0.03209908300777897,False,4160.1361378904085,0.0,0.0,False,False,0.5,10,0.0,-11808.985455300073,-0.12696048965575785,0.8110799449509581,0.35000000956336735,0.35000000954828236,0.35000000954439653,0.35,0.0,False,False,48687.62774658203,3234.365844987393,10.961424630838241,0.0008253282622362686,4316.929993648274,0.8642174456390412,1.005466653261876,0.9499434253485177,0.8914714093255712,0.32960311763802463,0.5,0.0008365525317918986,6.46762207459785e-05,0.00043271742188083696,-0.04968044093642936,0.042852932412735696,-0.01897115270827847,2221.850917262168,False
10,moderate,65,corridor_centered_nmpc,122.0,0.21728292368456623,0.04598529581323534,5.849325585345944,0.21685779104243952,0.04606566163010432,5.848930842870354,0.20780334335086403,-0.0017656323242187244,-0.14296929687499998,0.13780334335086403,0.27780334335086404,-0.08,0.08,0.009479580333702192,0.04775092813745407,5.992294882220944,Solve_Succeeded,0.030921167053747922,False,4189.132084140599,0.0,0.0,False,False,0.5,10,0.0,-11997.401550037222,-0.12680577959196584,0.8129808256736674,0.35000000956627053,0.35000000956336735,0.3500000095592056,0.35,0.0,False,False,48554.60546875,3224.003986587259,10.926307784033632,0.000842823443057606,4380.2384346452445,0.8642174456390412,1.005466653261876,0.9499434253485177,0.8914714093255712,0.32960311763802463,0.5,0.0008365525317918986,6.46762207459785e-05,0.00043271742188083696,-0.04968044093642936,0.042852932412735696,-0.01897115270827847,2221.850917262168,False
10,moderate,65,corridor_centered_nmpc,122.5,0.21636483921438257,0.0457456743320619,5.8722583005832405,0.21466974334028482,0.045635208029758435,5.87222584086259,0.20680126256104436,-0.0017495410156250224,-0.14384811401367187,0.13680126256104436,0.27680126256104437,-0.08,0.08,0.009563576653338207,0.04749521534768692,6.016106414596912,Solve_Succeeded,0.030987665988504887,False,4215.627857007961,0.0,0.0,False,False,0.5,10,0.0,-12185.458071188797,-0.12664441673887677,0.8148660462613366,0.35000000955015,0.35000000956627053,0.35000000956472066,0.35,0.0,False,False,48422.78289794922,3213.743847740855,10.89153566979025,0.0008605266725248969,4443.824069415958,0.8642174456390412,1.005466653261876,0.9499434253485177,0.8914714093255712,0.32960311763802463,0.5,0.0008365525317918986,6.46762207459785e-05,0.00043271742188083696,-0.04968044093642936,0.042852932412735696,-0.01897115270827847,2221.850917262168,False
10,moderate,65,corridor_centered_nmpc,123.0,0.21542802664140473,0.0455023030301633,5.8950702666820005,0.21450053740946196,0.04542586125203271,5.895517407692772,0.20580261551465062,-0.001733259277343746,-0.144718837890625,0.13580261551465062,0.27580261551465063,-0.08,0.08,0.009625411126754108,0.04723556230750705,6.039789104572625,Solve_Succeeded,0.030508416995871812,False,4247.901416250231,0.0,0.0,False,False,0.5,10,0.0,-12373.059372711989,-0.12647644923702697,0.8167353562256445,0.35000000956756083,0.35000000955015,0.3500000095533464,0.35,0.0,False,False,48292.17431640625,3203.5863508586476,10.857111414202452,0.0008784335742821819,4507.666736703502,0.8642174456390412,1.005466653261876,0.9499434253485177,0.8914714093255712,0.32960311763802463,0.5,0.0008365525317918986,6.46762207459785e-05,0.00043271742188083696,-0.04968044093642936,0.042852932412735696,-0.01897115270827847,2221.850917262168,False
10,moderate,65,corridor_centered_nmpc,123.5,0.21447266354163563,0.04525519114729001,5.917759611030469,0.21355844352520895,0.04518355892941879,5.917673385295099,0.20480766634579267,-0.0017167871093750064,-0.14558137329101561,0.13480766634579266,0.2748076663457927,-0.08,0.08,0.009664997195842961,0.04697197825666501,6.063340984321485,Solve_Succeeded,0.03163366700755432,False,4277.170216546553,0.0,0.0,False,False,0.5,10,0.0,-12560.10758465872,-0.12630191959923828,0.8185885049314899,0.35000000957407185,0.35000000956756083,0.35000000956444255,0.35,0.0,False,False,48162.79400634766,3193.5324170541107,10.82303813896902,0.0008965394407826211,4571.745669531115,0.8642174456390412,1.005466653261876,0.9499434253485177,0.8914714093255712,0.32960311763802463,0.5,0.0008365525317918986,6.46762207459785e-05,0.00043271742188083696,-0.04968044093642936,0.042852932412735696,-0.01897115270827847,2221.850917262168,False
10,moderate,65,corridor_centered_nmpc,124.0,0.21349891384080294,0.04500434988248987,5.940324466126443,0.21372054959294542,0.04505906360305708,5.940868096396709,0.20381667918858004,-0.001700124511718748,-0.146435625,0.13381667918858003,0.27381667918858005,-0.08,0.08,0.009682234652222899,0.04670447439420862,6.086760091126442,Solve_Succeeded,0.030048541957512498,False,4311.111749661473,0.0,0.0,False,False,0.5,10,0.0,-12746.502727792235,-0.12612086555692367,0.8204252416177731,0.35000000959729655,0.35000000957407185,0.3500000095719594,0.35,0.0,False,False,48034.65624999999,3183.5829661521066,10.789318961421568,0.0009148392273131145,4636.0394981275895,0.8642174456390412,1.005466653261876,0.9499434253485177,0.8914714093255712,0.32960311763802463,0.5,0.0008365525317918986,6.46762207459785e-05,0.00043271742188083696,-0.04968044093642936,0.042852932412735696,-0.01897115270827847,2221.850917262168,False
10,moderate,65,corridor_centered_nmpc,124.5,0.21250693017397948,0.044749792435494415,5.962762970567329,0.21361862525324427,0.044849259019644774,5.962820831564466,0.2028299181771225,-0.0016832714843749708,-0.14728149780273436,0.1328299181771225,0.27282991817712254,-0.08,0.08,0.009677011996856971,0.046433063919869386,6.110044468370064,Solve_Succeeded,0.031038833025377244,False,4342.173431309364,0.0,0.0,False,False,0.5,10,0.0,-12932.142829237178,-0.12593332082312217,0.8222453154183749,0.3500000095800765,0.35000000959729655,0.3500000095917382,0.35,0.0,False,False,47907.77532958985,3173.738916697176,10.755956994552639,0.0009333275463359345,4700.526253524669,0.8642174456390412,1.005466653261876,0.9499434253485177,0.8914714093255712,0.32960311763802463,0.5,0.0008365525317918986,6.46762207459785e-05,0.00043271742188083696,-0.04968044093642936,0.042852932412735696,-0.01897115270827847,2221.850917262168,False
10,moderate,65,corridor_centered_nmpc,125.0,0.21149685601845497,0.04449153404582107,5.98507327006033,0.21281595568059003,0.04438146300446925,5.985035929947045,0.2018476474455297,-0.0016662280273437857,-0.14811889648437498,0.13184764744552968,0.2718476474455297,-0.08,0.08,0.009649208572925283,0.046157762073164854,6.133192166544705,Solve_Succeeded,0.030097375041805208,False,4369.478066573059,0.0,0.0,False,False,0.5,10,0.0,-13116.92403939043,-0.12573931578067682,0.8240484753833285,0.35000000956551325,0.3500000095800765,0.3500000095826348,0.35,0.0,False,False,47782.16552734375,3164.0011859617425,10.722955347043506,0.0009519986621722517,4765.1833718369935,0.8642174456390412,1.005466653261876,0.9499434253485177,0.8914714093255712,0.32960311763802463,0.5,0.0008365525317918986,6.46762207459785e-05,0.00043271742188083696,-0.04968044093642936,0.042852932412735696,-0.01897115270827847,2221.850917262168,False
10,moderate,65,corridor_centered_nmpc,125.5,0.21046882762239025,0.044229592029563634,6.007253518451594,0.211439767162444,0.04436946565490188,6.006395557083579,0.20087013112791136,-0.0016489941406250264,-0.14894772583007815,0.13087013112791135,0.27087013112791136,-0.08,0.08,0.009598696494478892,0.04587858617018866,6.1562012442816725,Solve_Succeeded,0.031363624962978065,False,4399.78927904681,0.0,0.0,False,False,0.5,10,0.0,-13300.740750282643,-0.1255388781030845,0.8258344705001837,0.350000009592555,0.35000000956551325,0.35000000956926924,0.35,0.0,False,False,47657.84112548828,3154.3706899542217,10.69031712329166,0.0009708464860525717,4829.9876992334775,0.8642174456390412,1.005466653261876,0.9499434253485177,0.8914714093255712,0.32960311763802463,0.5,0.0008365525317918986,6.46762207459785e-05,0.00043271742188083696,-0.04968044093642936,0.042852932412735696,-0.01897115270827847,2221.850917262168,False
10,moderate,65,corridor_centered_nmpc,126.0,0.20942297574942473,0.043963985813839715,6.029301878773174,0.20950812700606114,0.04401575252160837,6.029147193397996,0.19989763335837718,-0.0016315698242187482,-0.149767890625,0.12989763335837717,0.2698976333583772,-0.08,0.08,0.009525342391047548,0.04559555563805846,6.179069769398174,Solve_Succeeded,0.03039316600188613,False,4427.374084923697,0.0,0.0,False,False,0.5,10,0.0,-13483.48571555121,-0.12533203331475498,0.8276030497155658,0.3500000096109238,0.350000009592555,0.3500000095874467,0.35,0.0,False,False,47534.81640625,3144.848343427045,10.658045423437997,0.0009898645715595159,4894.915497609247,0.8642174456390412,1.005466653261876,0.9499434253485177,0.8914714093255712,0.32960311763802463,0.5,0.0008365525317918986,6.46762207459785e-05,0.00043271742188083696,-0.04968044093642936,0.042852932412735696,-0.01897115270827847,2221.850917262168,False
10,moderate,65,corridor_centered_nmpc,126.5,0.20835942725729084,0.04369473696886085,6.051216524306613,0.2069795448939158,0.04368725499160022,6.051361878932552,0.19893041827103683,-0.0016139550781250067,-0.1505792956542969,0.12893041827103682,0.2689304182710368,-0.08,0.08,0.009429008986254012,0.04530869204698586,6.2017958199609104,Solve_Succeeded,0.02985691698268056,False,4453.968686875582,0.0,0.0,False,False,0.5,10,0.0,-13665.050172152456,-0.12511880529670683,0.8293539619569262,0.35000000959439065,0.3500000096109238,0.35000000960577354,0.35,0.0,False,False,47413.10565185547,3135.4350598845976,10.626143343393725,0.0010090461104884313,4959.942450965784,0.8642174456390412,1.005466653261876,0.9499434253485177,0.8914714093255712,0.32960311763802463,0.5,0.0008365525317918986,6.46762207459785e-05,0.00043271742188083696,-0.04968044093642936,0.042852932412735696,-0.01897115270827847,2221.850917262168,False
10,moderate,65,corridor_centered_nmpc,127.0,0.207278306526592,0.04342186923758889,6.072995639661968,0.20809857790806816,0.043520662098594454,6.072904851100225,0.19796875000000003,-0.0015961499023437464,-0.15138184570312502,0.12796875000000002,0.26796875000000003,-0.08,0.08,0.009309556526591961,0.045018019139932634,6.2243774853650935,Solve_Succeeded,0.031068500014953315,False,4486.979319116894,0.0,0.0,False,False,0.5,10,0.0,-13845.323963912542,-0.12489921674309265,0.8310869561544854,0.35000000960550076,0.35000000959439065,0.35000000959688776,0.35,0.0,False,False,47292.72314453125,3126.131751591069,10.594613974866968,0.0010283839291514898,5025.043672506432,0.8642174456390412,1.005466653261876,0.9499434253485177,0.8914714093255712,0.32960311763802463,0.5,0.0008365525317918986,6.46762207459785e-05,0.00043271742188083696,-0.04968044093642936,0.042852932412735696,-0.01897115270827847,2221.850917262168,False
10,moderate,65,corridor_centered_nmpc,127.5,0.20617973675419993,0.043145408562940364,6.094637421871034,0.20588681421243668,0.04305957809801039,6.0953465813168135,0.19701289267937644,-0.0015781542968750228,-0.15217544555664064,0.12701289267937643,0.26701289267937645,-0.08,0.08,0.009166844074823488,0.04472356285981539,6.246812867427675,Solve_Succeeded,0.030570040980819613,False,4513.156512613209,0.0,0.0,False,False,0.5,10,0.0,-14024.195666988813,-0.12467328957337716,0.832801781263368,0.3500000096045102,0.35000000960550076,0.3500000096036113,0.35,0.0,False,False,47173.683166503906,3116.9393295782206,10.563460405389087,0.0010478704851509726,5090.193712453541,0.8642174456390412,1.005466653261876,0.9499434253485177,0.8914714093255712,0.32960311763802463,0.5,0.0008365525317918986,6.46762207459785e-05,0.00043271742188083696,-0.04968044093642936,0.042852932412735696,-0.01897115270827847,2221.850917262168,False
10,moderate,65,corridor_centered_nmpc,128.0,0.20506384112420314,0.0428653831124994,6.116140081493553,0.20393229678163696,0.04291092400149532,6.116318309116782,0.19606311044327573,-0.0015599682617187804,-0.15296000000000004,0.12606311044327573,0.26606311044327574,-0.08,0.08,0.00900073068092741,0.04442535137421818,6.269100081493553,Solve_Succeeded,0.030532542034052312,False,4541.151423596964,0.0,0.0,False,False,0.5,10,0.0,-14201.552717287123,-0.1244410453044818,0.8344981862859295,0.3500000096013764,0.3500000096045102,0.350000009604313,0.35,0.0,False,False,47055.99999999999,3107.8587036530726,10.532685718340742,0.0010674978646474224,5155.366566592769,0.8642174456390412,1.005466653261876,0.9499434253485177,0.8914714093255712,0.32960311763802463,0.5,0.0008365525317918986,6.46762207459785e-05,0.00043271742188083696,-0.04968044093642936,0.042852932412735696,-0.01897115270827847,2221.850917262168,False
10,moderate,65,corridor_centered_nmpc,128.5,0.20393074386797205,0.042581823300699,6.137501843735149,0.2041305150798724,0.042567239187893936,6.1380168203535055,0.1951196674258077,-0.0015415917968749637,-0.15373541381835942,0.12511966742580768,0.2651196674258077,-0.08,0.08,0.008811076442164362,0.04412341509757396,6.291237257553508,Solve_Succeeded,0.029997208970598876,False,4571.2747958593645,0.0,0.0,False,False,0.5,10,0.0,-14377.281539855256,-0.12420250538675401,0.8361759202942732,0.35000000961260425,0.3500000096013764,0.3500000096020206,0.35,0.0,False,False,46939.687927246094,3098.8907824055045,10.502292992977637,0.001087257780148232,5220.535685549065,0.8642174456390412,1.005466653261876,0.9499434253485177,0.8914714093255712,0.32960311763802463,0.5,0.0008365525317918986,6.46762207459785e-05,0.00043271742188083696,-0.04968044093642936,0.042852932412735696,-0.01897115270827847,2221.850917262168,False
10,moderate,65,corridor_centered_nmpc,129.0,0.20278057122368273,0.04229476180843037,6.158720949575702,0.20203977880886106,0.04229153971082767,6.158206842409806,0.19418282776108192,-0.0015230249023436837,-0.154501591796875,0.12418282776108192,0.26418282776108193,-0.08,0.08,0.00859774346260081,0.043817786710774055,6.3132225413725775,Solve_Succeeded,0.030093207955360413,False,4596.980621507084,0.0,0.0,False,False,0.5,10,0.0,-14551.267680249734,-0.12395769150721067,0.8378347324529601,0.35000000960029276,0.35000000961260425,0.3500000096102825,0.35,0.0,False,False,46824.76123046875,3090.036473215777,10.472285304456019,0.0011071415688420972,5285.673984798234,0.8642174456390412,1.005466653261876,0.9499434253485177,0.8914714093255712,0.32960311763802463,0.5,0.0008365525317918986,6.46762207459785e-05,0.00043271742188083696,-0.04968044093642936,0.042852932412735696,-0.01897115270827847,2221.850917262168,False
10,moderate,65,corridor_centered_nmpc,129.5,0.20161345230454492,0.04200423360004016,6.179795656906879,0.20274418163019842,0.042017910376051446,6.180240148513664,0.19325285558320815,-0.001504267578124996,-0.1552584387207031,0.12325285558320814,0.26325285558320816,-0.08,0.08,0.008360596721336766,0.043508501178165154,6.335054095627582,Solve_Succeeded,0.03110566601390019,False,4629.0645469797455,0.0,0.0,False,False,0.5,10,0.0,-14723.39593784971,-0.12370662586313921,0.8394743720419061,0.35000000961320415,0.35000000960029276,0.35000000960248423,0.35,0.0,False,False,46711.23419189453,3081.2966822619824,10.442665723857933,0.0011271401915044553,5350.753855416896,0.8642174456390412,1.005466653261876,0.9499434253485177,0.8914714093255712,0.32960311763802463,0.5,0.0008365525317918986,6.46762207459785e-05,0.00043271742188083696,-0.04968044093642936,0.042852932412735696,-0.01897115270827847,2221.850917262168,False
10,moderate,65,corridor_centered_nmpc,130.0,0.20042951988399788,0.04171027593767613,6.200724241677489,0.19891192383691803,0.041819877955434445,6.201301475980597,0.19233001502629604,-0.0014853198242187893,-0.156005859375,0.12233001502629604,0.26233001502629605,-0.08,0.08,0.008099504857701834,0.04319559576189492,6.356730101052489,Solve_Succeeded,0.030524667003192008,False,4654.911620237234,0.0,0.0,False,False,0.5,10,0.0,-14893.550501071077,-0.12344933140881331,0.8410945884794722,0.35000000958973754,0.35000000961320415,0.3500000096108525,0.35,0.0,False,False,46599.12109375,3072.6723145274013,10.413437318216143,0.00114724423199875,5415.747175572889,0.8642174456390412,1.005466653261876,0.9499434253485177,0.8914714093255712,0.32960311763802463,0.5,0.0008365525317918986,6.46762207459785e-05,0.00043271742188083696,-0.04968044093642936,0.042852932412735696,-0.01897115270827847,2221.850917262168,False
10,moderate,65,corridor_centered_nmpc,130.5,0.1992289111052585,0.041412928392943034,6.221504999045352,0.19882999460736892,0.04139535872751642,6.2206766033613565,0.1914145702244553,-0.0014661816406250083,-0.1567437585449219,0.12141457022445529,0.2614145702244553,-0.08,0.08,0.007814340880803211,0.04287911003356804,6.378248757590273,Solve_Succeeded,0.02990899997530505,False,4680.890696918295,0.0,0.0,False,False,0.5,10,0.0,-15061.615084414028,-0.1231858320777875,0.8426951313457428,0.3500000095917174,0.35000000958973754,0.3500000095943696,0.35,0.0,False,False,46488.43621826172,3064.164273807798,10.384603150538863,0.001167443897397923,5480.625322757509,0.8642174456390412,1.005466653261876,0.9499434253485177,0.8914714093255712,0.32960311763802463,0.5,0.0008365525317918986,6.46762207459785e-05,0.00043271742188083696,-0.04968044093642936,0.042852932412735696,-0.01897115270827847,2221.850917262168,False
10,moderate,65,corridor_centered_nmpc,131.0,0.19801176812181923,0.04111223285583173,6.2421362445343,0.19946837176123872,0.041160009522358605,6.241960274338768,0.19050678531179568,-0.001446853027343764,-0.157472041015625,0.12050678531179568,0.2605067853117957,-0.08,0.08,0.007504982810023542,0.042559085883175495,6.399608285549925,Solve_Succeeded,0.029921290988568217,False,4712.190401815292,0.0,0.0,False,False,0.5,10,0.0,-15227.47306725663,-0.12291615298297226,0.844275750405994,0.35000000961399785,0.3500000095917174,0.3500000095922992,0.35,0.0,False,False,46379.19384765625,3055.7734627186314,10.356166279834195,0.0011877290187499595,5545.359186759533,0.8642174456390412,1.005466653261876,0.9499434253485177,0.8914714093255712,0.32960311763802463,0.5,0.0008365525317918986,6.46762207459785e-05,0.00043271742188083696,-0.04968044093642936,0.042852932412735696,-0.01897115270827847,2221.850917262168,False
10,moderate,65,corridor_centered_nmpc,131.5,0.1967782386747888,0.0408082335408866,6.26261631519496,0.19718359797889043,0.04082810705729279,6.263078917608582,0.18960692442242677,-0.001427333984375001,-0.15819061157226566,0.11960692442242676,0.2596069244224268,-0.08,0.08,0.007171314252362032,0.0422355675252616,6.420806926767226,Solve_Succeeded,0.030060124990995973,False,4739.223100404089,0.0,0.0,False,False,0.5,10,0.0,-15391.007634290956,-0.12264032059645835,0.8458361956343506,0.35000000959160654,0.35000000961399785,0.3500000096092377,0.35,0.0,False,False,46271.408264160156,3047.5007827021896,10.328129761134306,0.0012080890525108174,5609.919183380806,0.8642174456390412,1.005466653261876,0.9499434253485177,0.8914714093255712,0.32960311763802463,0.5,0.0008365525317918986,6.46762207459785e-05,0.00043271742188083696,-0.04968044093642936,0.042852932412735696,-0.01897115270827847,2221.850917262168,False
10,moderate,65,corridor_centered_nmpc,132.0,0.19552847661233927,0.040500976990578495,6.282943570767915,0.19580665125260974,0.04039318076481409,6.283594431734606,0.18871525169045833,-0.0014076245117187192,-0.158899375,0.11871525169045832,0.25871525169045834,-0.08,0.08,0.006813224921880939,0.041908601502297214,6.441842945767915,Solve_Succeeded,0.030156875029206276,False,4765.8588233872815,0.0,0.0,False,False,0.5,10,0.0,-15552.101917479798,-0.12235836291084809,0.8473762172376315,0.35000000957165867,0.35000000959160654,0.3500000095954744,0.35,0.0,False,False,46165.09375,3039.3471340346637,10.300496645519406,0.0012285130826672598,5674.27526889176,0.8642174456390412,1.005466653261876,0.9499434253485177,0.8914714093255712,0.32960311763802463,0.5,0.0008365525317918986,6.46762207459785e-05,0.00043271742188083696,-0.04968044093642936,0.042852932412735696,-0.01897115270827847,2221.850917262168,False
10,moderate,65,corridor_centered_nmpc,132.5,0.1942626423559593,0.04019051207585293,6.303116394847846,0.1938435200623014,0.04003086993028307,6.303164066490454,0.18783203125000003,-0.001387724609374974,-0.15959823608398438,0.11783203125000002,0.25783203125000004,-0.08,0.08,0.006430611105959272,0.04157823668522791,6.46271463093183,Solve_Succeeded,0.03122062498005107,False,4791.540226744551,0.0,0.0,False,False,0.5,10,0.0,-15710.639139396528,-0.12207030958366606,0.8488955656793845,0.3500000095432329,0.35000000957165867,0.3500000095768832,0.35,0.0,False,False,46060.264587402344,3031.31341583313,10.273269980141405,0.001248989823571388,5738.396955224572,0.8642174456390412,1.005466653261876,0.9499434253485177,0.8914714093255712,0.32960311763802463,0.5,0.0008365525317918986,6.46762207459785e-05,0.00043271742188083696,-0.04968044093642936,0.042852932412735696,-0.01897115270827847,2221.850917262168,False
10,moderate,65,corridor_centered_nmpc,133.0,0.1929809033177106,0.03987688999382618,6.323133196047236,0.1926932283308453,0.03991855709715488,6.323480127880678,0.1869575272351615,-0.0013676342773437655,-0.16028709960937498,0.11695752723516151,0.2569575272351615,-0.08,0.08,0.006023376082549076,0.041244524271169945,6.483420295656611,Solve_Succeeded,0.029926124960184097,False,4820.8324692163305,0.0,0.0,False,False,0.5,10,0.0,-15866.502757795988,-0.12177619206625295,0.850393991704108,0.3500000095484595,0.3500000095432329,0.3500000095506149,0.35,0.0,False,False,45956.93505859375,3023.4005260624763,10.246452808247394,0.0012695076235077444,5802.253325900868,0.8642174456390412,1.005466653261876,0.9499434253485177,0.8914714093255712,0.32960311763802463,0.5,0.0008365525317918986,6.46762207459785e-05,0.00043271742188083696,-0.04968044093642936,0.042852932412735696,-0.01897115270827847,2221.850917262168,False
10,moderate,65,corridor_centered_nmpc,133.5,0.1916834342722351,0.039560164262604954,6.342992409158198,0.1905168103411534,0.0394733198702152,6.343760153830699,0.1860920037800526,-0.0013473535156250382,-0.16096587036132814,0.1160920037800526,0.2560920037800526,-0.08,0.08,0.0055914304921824975,0.04090751777822999,6.503958279519526,Solve_Succeeded,0.030670750013086945,False,4847.467357852751,0.0,0.0,False,False,0.5,10,0.0,-16019.576611249642,-0.12147604371839835,0.8518712463616613,0.3500000094996322,0.3500000095484595,0.35000000954893234,0.35,0.0,False,False,45855.11944580078,3015.6093615422524,10.22004816920285,0.0012900544690128328,5865.813052689757,0.8642174456390412,1.005466653261876,0.9499434253485177,0.8914714093255712,0.32960311763802463,0.5,0.0008365525317918986,6.46762207459785e-05,0.00043271742188083696,-0.04968044093642936,0.042852932412735696,-0.01897115270827847,2221.850917262168,False
10,moderate,65,corridor_centered_nmpc,134.0,0.19037041768685936,0.0392403907132089,6.36269249631099,0.1907947523306746,0.039373182970146234,6.363163255426303,0.18523572501878288,-0.0013268823242187366,-0.16163445312500002,0.11523572501878288,0.2552357250187829,-0.08,0.08,0.005134692668076479,0.04056727303742764,6.52432694943599,Solve_Succeeded,0.02990062499884516,False,4876.334904136332,0.0,0.0,False,False,0.5,10,0.0,-16169.745065666117,-0.12116989990983396,0.8533270810318607,0.35000000953601335,0.3500000094996322,0.3500000095104474,0.35,0.0,False,False,45754.83203125,3007.9408179534475,10.194059098514616,0.0013106179899658888,5929.044412991466,0.8642174456390412,1.005466653261876,0.9499434253485177,0.8914714093255712,0.32960311763802463,0.5,0.0008365525317918986,6.46762207459785e-05,0.00043271742188083696,-0.04968044093642936,0.042852932412735696,-0.01897115270827847,2221.850917262168,False
10,moderate,65,corridor_centered_nmpc,134.5,0.18904204401278465,0.03891762747857868,6.38223194812776,0.18872658127496714,0.038884050713723334,6.382130043155125,0.1843889550854621,-0.0013062207031249717,-0.16229275268554688,0.1143889550854621,0.2543889550854621,-0.08,0.08,0.004653088927322552,0.04022384818170365,6.544524700813307,Solve_Succeeded,0.03012170799775049,False,4901.2359515055405,0.0,0.0,False,False,0.5,10,0.0,-16316.893161505544,-0.12085779810959105,0.8547612474492646,0.35000000947702015,0.35000000953601335,0.35000000953040483,0.35,0.0,False,False,45656.087097167976,3000.3957898452063,10.168488627853662,0.001331185465468421,5991.915307940687,0.8642174456390412,1.005466653261876,0.9499434253485177,0.8914714093255712,0.32960311763802463,0.5,0.0008365525317918986,6.46762207459785e-05,0.00043271742188083696,-0.04968044093642936,0.042852932412735696,-0.01897115270827847,2221.850917262168,False
10,moderate,65,corridor_centered_nmpc,135.0,0.18769851194003376,0.03859193497965628,6.401609284870064,0.18731723324064026,0.03860249264778746,6.401194152268098,0.1835519581141999,-0.0012853686523437435,-0.162940673828125,0.11355195811419988,0.2535519581141999,-0.08,0.08,0.004146553825833871,0.039877303632000025,6.564549958698189,Solve_Succeeded,0.030207542004063725,False,4928.079358809515,0.0,0.0,False,False,0.5,10,0.0,-16460.906761485727,-0.12053977796411938,0.856173497728144,0.35000000944957005,0.35000000947702015,0.3500000094887314,0.35,0.0,False,False,45558.89892578125,2992.97517064147,10.143339785077583,0.001351743830528843,6054.393281223108,0.8642174456390412,1.005466653261876,0.9499434253485177,0.8914714093255712,0.32960311763802463,0.5,0.0008365525317918986,6.46762207459785e-05,0.00043271742188083696,-0.04968044093642936,0.042852932412735696,-0.01897115270827847,2221.850917262168,False
10,moderate,65,corridor_centered_nmpc,135.5,0.18634002861854077,0.038263375908528525,6.420823057578682,0.18617247438835682,0.03822445420273419,6.421030778611576,0.18272499823910593,-0.0012643261718749965,-0.16357812133789063,0.11272499823910592,0.25272499823910594,-0.08,0.08,0.003615030379434836,0.03952770208040352,6.584401178916572,Solve_Succeeded,0.03025849995901808,False,4955.786422208132,0.0,0.0,False,False,0.5,10,0.0,-16601.672698567556,-0.12021588136497119,0.8575635843876396,0.35000000940973824,0.35000000944957005,0.35000000945816107,0.35,0.0,False,False,45463.281799316406,2985.6798526475577,10.118615594252912,0.0013722796835670056,6116.445538597534,0.8642174456390412,1.005466653261876,0.9499434253485177,0.8914714093255712,0.32960311763802463,0.5,0.0008365525317918986,6.46762207459785e-05,0.00043271742188083696,-0.04968044093642936,0.042852932412735696,-0.01897115270827847,2221.850917262168,False
10,moderate,65,corridor_centered_nmpc,136.0,0.18496680984751906,0.037932015208628676,6.439871849204279,0.18501565166697861,0.037980301260075955,6.439253133149406,0.18190833959429,-0.0012430932617187862,-0.164205,0.11190833959429,0.25190833959429004,-0.08,0.08,0.0030584702532290564,0.03917510847034746,6.6040768492042785,Solve_Succeeded,0.030554791970644146,False,4981.947205780581,0.0,0.0,False,False,0.5,10,0.0,-16739.07892399945,-0.11988615250676925,0.8589312603771045,0.3500000093856875,0.35000000940973824,0.35000000942036097,0.35,0.0,False,False,45369.25,2978.5107270566778,10.094319075677182,0.0013927792947520782,6178.038968115697,0.8642174456390412,1.005466653261876,0.9499434253485177,0.8914714093255712,0.32960311763802463,0.5,0.0008365525317918986,6.46762207459785e-05,0.00043271742188083696,-0.04968044093642936,0.042852932412735696,-0.01897115270827847,2221.850917262168,False
10,moderate,65,corridor_centered_nmpc,136.5,0.18357908023501873,0.03759792005199586,6.4587542757274194,0.18490638455187663,0.03762073841908693,6.45855472448957,0.1811022463138618,-0.0012216699218750016,-0.1648212145996094,0.11110224631386179,0.2511022463138618,-0.08,0.08,0.00247683392115694,0.03881958997387086,6.6235754903270285,Solve_Succeeded,0.030227917013689876,False,5009.259546060089,0.0,0.0,False,False,0.5,10,0.0,-16873.014655190476,-0.11955063793610476,0.8602762791016343,0.3500000093775203,0.3500000093856875,0.35000000939329395,0.35,0.0,False,False,45276.817810058594,2971.468683956373,10.07045324590077,0.0014132286151854142,6239.140161030196,0.8642174456390412,1.005466653261876,0.9499434253485177,0.8914714093255712,0.32960311763802463,0.5,0.0008365525317918986,6.46762207459785e-05,0.00043271742188083696,-0.04968044093642936,0.042852932412735696,-0.01897115270827847,2221.850917262168,False
10,moderate,65,corridor_centered_nmpc,137.0,0.18217707332938635,0.03726115981359637,6.477468987266484,0.1813793100177778,0.03726145162924813,6.477849268339055,0.18030698253193092,-0.0012000561523436981,-0.165426669921875,0.11030698253193091,0.25030698253193095,-0.08,0.08,0.001870090797455426,0.03846121596594007,6.642895657188359,Solve_Succeeded,0.030641334014944732,False,5037.372993888261,0.0,0.0,False,False,0.5,10,0.0,-17003.37052317755,-0.11920938659194359,0.86159839444778,0.35000000773295237,0.3500000093775203,0.35000000938098064,0.35,0.0,False,False,45185.99951171875,2964.5546123349086,10.047021117748553,0.0014336132869385335,6299.715433381229,0.8642174456390412,1.005466653261876,0.9499434253485177,0.8914714093255712,0.32960311763802463,0.5,0.0008365525317918986,6.46762207459785e-05,0.00043271742188083696,-0.04968044093642936,0.042852932412735696,-0.01897115270827847,2221.850917262168,False
10,moderate,65,corridor_centered_nmpc,137.5,0.18076103172416522,0.03692180604271588,6.4960146691720055,0.1802351881520945,0.037048542951710894,6.495765088488883,0.1795228123826071,-0.0011782519531250424,-0.1660212707519531,0.10952281238260708,0.2495228123826071,-0.08,0.08,0.0012382193415581277,0.03810005799584092,6.662035939923959,Solve_Succeeded,0.030463333008810878,False,5063.736408280735,0.0,0.0,False,False,0.5,10,0.0,-17130.038719443317,-0.11886244983806123,0.862897360809448,0.35000000759072175,0.35000000773295237,0.3500000080944874,0.35,0.0,False,False,45096.80938720703,2957.7694000875917,10.024025700341314,0.0014539186539543592,6359.730848251023,0.8642174456390412,1.005466653261876,0.9499434253485177,0.8914714093255712,0.32960311763802463,0.5,0.0008365525317918986,6.46762207459785e-05,0.00043271742188083696,-0.04968044093642936,0.042852932412735696,-0.01897115270827847,2221.850917262168,False
10,moderate,65,corridor_centered_nmpc,138.0,0.1793312071378186,0.03657993243143619,6.514390043105975,0.17863188535319655,0.036502911140670155,6.51436912592997,0.17875000000000002,-0.0011562573242187568,-0.16660492187500003,0.10875000000000001,0.24875000000000003,-0.08,0.08,0.0005812071378185901,0.037736189755654945,6.680994964980975,Solve_Succeeded,0.031206541985739022,False,5090.6766409605825,0.0,0.0,False,False,0.5,10,0.0,-17252.9131418388,-0.11850988148797535,0.8641729331139841,0.3500000087948401,0.35000000759072175,0.35000000770123496,0.35,0.0,False,False,45009.26171875,2951.1139340230284,10.001469999116953,0.0014741297738180682,6419.1522386748775,0.8642174456390412,1.005466653261876,0.9499434253485177,0.8914714093255712,0.32960311763802463,0.5,0.0008365525317918986,6.46762207459785e-05,0.00043271742188083696,-0.04968044093642936,0.042852932412735696,-0.01897115270827847,2221.850917262168,False
10,moderate,65,corridor_centered_nmpc,138.5,0.17788786046952315,0.03623561478021542,6.532593868104661,0.17747154777283713,0.03610633555135065,6.532531987226404,0.1779888095182194,-0.0011340722656249524,-0.16717752807617187,0.1079888095182194,0.24798880951821942,-0.08,0.08,-0.00010094904869625831,0.03736968704584037,6.699771396180833,Solve_Succeeded,0.030663707992061973,False,5117.43775873906,0.0,0.0,False,False,0.5,10,0.0,-17371.889539359472,-0.11815173782279861,0.8654248668484424,0.3500000056443328,0.3500000087948401,0.35000000855493124,0.35,0.0,False,False,44923.37078857422,2944.589099869325,9.979357015851507,0.0014942314304018307,6477.945231196544,0.8642174456390412,1.005466653261876,0.9499434253485177,0.8914714093255712,0.32960311763802463,0.5,0.0008365525317918986,6.46762207459785e-05,0.00043271742188083696,-0.04968044093642936,0.042852932412735696,-0.01897115270827847,2221.850917262168,False
10,moderate,65,corridor_centered_nmpc,139.0,0.17643126183215865,0.03588893096059531,6.550624941623494,0.17619446013130205,0.035870529708545686,6.550219418856332,0.17723950507137493,-0.0011116967773437958,-0.167738994140625,0.10723950507137492,0.24723950507137493,-0.08,0.08,-0.000808243239216272,0.03700062773793911,6.718363935764119,Solve_Succeeded,0.031165082997176796,False,5144.1044410291815,0.0,0.0,False,False,0.5,10,0.0,-17486.865655520687,-0.1177880776023939,0.8666529180860374,0.35000000455447267,0.3500000056443328,0.3500000062828433,0.35,0.0,False,False,44839.15087890625,2938.19578228022,9.957689748679924,0.001514208147385637,6536.075270055036,0.8642174456390412,1.005466653261876,0.9499434253485177,0.8914714093255712,0.32960311763802463,0.5,0.0008365525317918986,6.46762207459785e-05,0.00043271742188083696,-0.04968044093642936,0.042852932412735696,-0.01897115270827847,2221.850917262168,False
10,moderate,65,corridor_centered_nmpc,139.5,0.17496169056351688,0.03553996087506442,6.568482100562594,0.17597023089448421,0.03558604196267603,6.568317445961228,0.1765023507935763,-0.0010891308593750093,-0.16828922485351566,0.10650235079357628,0.2465023507935763,-0.08,0.08,-0.0015406602300594152,0.03662909173443943,6.73677132541611,Solve_Succeeded,0.03005729103460908,False,5170.44882828895,0.0,0.0,False,False,0.5,10,0.0,-17597.741370076834,-0.11741896207017927,0.867856843512781,0.3500000040853457,0.35000000455447267,0.35000000493363276,0.35,0.0,False,False,44756.616271972656,2931.934864841167,9.93647119211668,0.0015340442026542207,6593.5076419893085,0.8642174456390412,1.005466653261876,0.9499434253485177,0.8914714093255712,0.32960311763802463,0.5,0.0008365525317918986,6.46762207459785e-05,0.00043271742188083696,-0.04968044093642936,0.042852932412735696,-0.01897115270827847,2221.850917262168,False
10,moderate,65,corridor_centered_nmpc,140.0,0.17347943521665912,0.0351887864141113,6.586164222271529,0.17448842792477842,0.035193591865449916,6.585474328720248,0.17577761081893314,-0.0010663745117187595,-0.168828125,0.10577761081893314,0.24577761081893315,-0.08,0.08,-0.002298175602274022,0.03625516092583006,6.754992347271529,Solve_Succeeded,0.030684040975756943,False,5196.646448189271,0.0,0.0,False,False,0.5,10,0.0,-17704.418838826987,-0.11704445495189797,0.8690364004543025,0.3500000007474533,0.3500000040853457,0.35000000427143807,0.35,0.0,False,False,44675.78125,2925.80723007535,9.91570433707618,0.0015537236435677994,6650.207501646456,0.8642174456390412,1.005466653261876,0.9499434253485177,0.8914714093255712,0.32960311763802463,0.5,0.0008365525317918986,6.46762207459785e-05,0.00043271742188083696,-0.04968044093642936,0.042852932412735696,-0.01897115270827847,2221.850917262168,False
10,moderate,65,corridor_centered_nmpc,140.5,0.1719847935302739,0.0348354914105066,6.603670225531899,0.17142369240671956,0.034881676697110606,6.603728205060386,0.1750655492815552,-0.001043427734374991,-0.16935559936523442,0.1050655492815552,0.24506554928155522,-0.08,0.08,-0.0030807557512813055,0.03587891914488159,6.773025824897133,Solve_Succeeded,0.030512291996274143,False,5226.877585825445,0.0,0.0,False,False,0.5,10,0.0,-17806.80263125024,-0.11666462244864235,0.8701913469028518,0.35000000197200276,0.3500000007474533,0.35000000152052496,0.35,0.0,False,False,44596.660095214844,2919.813759449646,9.895392170892935,0.001573230303102017,6706.139897578441,0.8642174456390412,1.005466653261876,0.9499434253485177,0.8914714093255712,0.32960311763802463,0.5,0.0008365525317918986,6.46762207459785e-05,0.00043271742188083696,-0.04968044093642936,0.042852932412735696,-0.01897115270827847,2221.850917262168,False
10,moderate,65,corridor_centered_nmpc,141.0,0.17047807237981627,0.03448016159085835,6.62099907151638,0.16977580568187203,0.034393825854034714,6.620199037314411,0.17436643031555224,-0.0010202905273437035,-0.169871552734375,0.10436643031555223,0.24436643031555225,-0.08,0.08,-0.00388835793573597,0.035500452118202054,6.790870624250755,Solve_Succeeded,0.03177395899547264,False,5252.93129030109,0.0,0.0,False,False,0.5,10,0.0,-17904.799865714558,-0.1162795332243958,0.8713214415444862,0.26000000539923734,0.35000000197200276,0.35000000187296015,0.35,0.0,False,False,44519.26708984375,2913.9553333805284,9.875537677341596,0.0015925478168500133,6761.269798811693,0.8642174456390412,1.005466653261876,0.9499434253485177,0.8914714093255712,0.32960311763802463,0.5,0.0008365525317918986,6.46762207459785e-05,0.00043271742188083696,-0.04968044093642936,0.042852932412735696,-0.01897115270827847,2221.850917262168,False
10,moderate,65,corridor_centered_nmpc,141.5,0.16895958771015143,0.03412288452448975,6.638149764722874,0.17101926757625982,0.03406118504616713,6.637903875598882,0.17368051805503382,-0.0009969628906250083,-0.17037588989257813,0.10368051805503381,0.24368051805503382,-0.08,0.08,-0.004720930344882385,0.03511984741511476,6.808525654615452,Solve_Succeeded,0.031711500021629035,False,5276.856471383089,0.0,0.0,False,False,0.5,10,0.0,-15153.783431128533,-0.09958616832877135,0.8724264437864387,0.28796815370349865,0.26000000539923734,0.27974369030759294,0.27974369030759294,-0.14051261938481407,False,False,44443.61651611328,2908.2328312399127,9.856143836656756,0.0016116596408770382,6815.562121973105,0.8642174456390412,1.005466653261876,0.9499434253485177,0.8914714093255712,0.32960311763802463,0.5,0.0008365525317918986,6.46762207459785e-05,0.00043271742188083696,-0.04968044093642936,0.042852932412735696,-0.01897115270827847,2221.850917262168,False
10,moderate,65,corridor_centered_nmpc,142.0,0.16744337927539563,0.03382063493929898,6.655135575863015,0.16733607494513106,0.03385045715800075,6.655115769106372,0.17300807663410972,-0.0009734448242187388,-0.170868515625,0.10300807663410971,0.24300807663410973,-0.08,0.08,-0.0055646973587140935,0.03479407976351772,6.826004091488015,Solve_Succeeded,0.03114341601030901,False,5307.442382036015,0.0,0.0,False,False,0.5,10,0.0,-15479.987098889877,-0.10066674680048561,0.87350611378467,0.18974368253027088,0.28796815370349865,0.2861639179235953,0.2861639179235953,0.012840455232004722,False,False,44369.72265625,2902.64713136095,9.837213625552586,0.00163054907041549,6868.981758955615,0.8642174456390412,1.005466653261876,0.9499434253485177,0.8914714093255712,0.32960311763802463,0.5,0.0008365525317918986,6.46762207459785e-05,0.00043271742188083696,-0.04968044093642936,0.042852932412735696,-0.01897115270827847,2221.850917262168,False
10,moderate,65,corridor_centered_nmpc,142.5,0.16594042536297626,0.033511859821737607,6.671968630916208,0.16574706595506947,0.03340833918547244,6.6714462455338674,0.17234937018688956,-0.000949736328125006,-0.17134933471679686,0.10234937018688955,0.24234937018688957,-0.08,0.08,-0.0064089448239132984,0.03446159614986261,6.8433179656330045,Solve_Succeeded,0.03134275000775233,False,5334.0244264874345,0.0,0.0,False,False,0.5,10,0.0,-12440.932355746208,-0.08275164354401798,0.8745602124716015,0.19616390862693417,0.18974368253027088,0.21089580276342104,0.21089580276342104,-0.15053623032034852,False,False,44297.59979248047,2897.199111043762,9.818750017242264,0.0016491992593855604,6921.493605105493,0.8642174456390412,1.005466653261876,0.9499434253485177,0.8914714093255712,0.32960311763802463,0.5,0.0008365525317918986,6.46762207459785e-05,0.00043271742188083696,-0.04968044093642936,0.042852932412735696,-0.01897115270827847,2221.850917262168,False
10,moderate,65,corridor_centered_nmpc,143.0,0.16446248141748582,0.033263860181081475,6.6886624929472696,0.1655736317607001,0.0332141788034555,6.688684491763339,0.1717046628474831,-0.0009258374023437543,-0.171818251953125,0.10170466284748308,0.2417046628474831,-0.08,0.08,-0.007242181429997274,0.03418969758342523,6.860480744900395,Solve_Succeeded,0.031119833001866937,False,5359.309489455336,0.0,0.0,False,False,0.5,10,0.0,-11997.089705746785,-0.07965328879293779,0.8755885015840311,0.12089579400506924,0.19616390862693417,0.19939570737504825,0.19939570737504825,-0.023000190776745588,False,False,44227.26220703125,2891.8896465611238,9.800755981457243,0.0016675932407240715,6973.062587913286,0.8642174456390412,1.005466653261876,0.9499434253485177,0.8914714093255712,0.32960311763802463,0.5,0.0008365525317918986,6.46762207459785e-05,0.00043271742188083696,-0.04968044093642936,0.042852932412735696,-0.01897115270827847,2221.850917262168,False
10,moderate,65,corridor_centered_nmpc,143.5,0.16302320311005325,0.033024721727626896,6.705234571763498,0.16218846735020961,0.03306233705731879,6.705428994626803,0.17107421875,-0.0009017480468749839,-0.17227517211914062,0.10107421875,0.24107421875,-0.08,0.08,-0.008051015639946757,0.03392646977450188,6.877509743882638,Solve_Succeeded,0.031399000028613955,False,5390.313661548825,0.0,0.0,False,False,0.5,10,0.0,-9457.189417440404,-0.06495373103628876,0.8765907436912289,0.10939569802877246,0.12089579400506924,0.1381166564010205,0.1381166564010205,-0.1225581019480555,False,False,44158.724182128906,2886.719613164095,9.783234484466332,0.0016857139475012703,7023.653696189362,0.8642174456390412,1.005466653261876,0.9499434253485177,0.8914714093255712,0.32960311763802463,0.5,0.0008365525317918986,6.46762207459785e-05,0.00043271742188083696,-0.04968044093642936,0.042852932412735696,-0.01897115270827847,2221.850917262168,False
10,moderate,65,corridor_centered_nmpc,144.0,0.16163286437002444,0.03283636103549468,6.721699777628092,0.16171100729426177,0.032835048127755,6.721652075635038,0.17045830202855,-0.0008774682617187501,-0.17271999999999998,0.10045830202855,0.24045830202855,-0.08,0.08,-0.008825437658525559,0.03371382929721343,6.894419777628092,Solve_Succeeded,0.030226500006392598,False,5414.793214694085,0.0,0.0,False,False,0.5,10,0.0,-8517.232340065108,-0.05930746215645066,0.8775667022232162,0.04811664885645013,0.10939569802877246,0.11569633774638874,0.11569633774638874,-0.04484063730926352,False,False,44092.0,2881.6898850875914,9.766188489094581,0.0017035442348026328,7073.232009704526,0.8642174456390412,1.005466653261876,0.9499434253485177,0.8914714093255712,0.32960311763802463,0.5,0.0008365525317918986,6.46762207459785e-05,0.00043271742188083696,-0.04968044093642936,0.042852932412735696,-0.01897115270827847,2221.850917262168,False
10,moderate,65,corridor_centered_nmpc,144.5,0.16030269376229433,0.032666771064867955,6.738075498218419,0.1605143485286798,0.032721231003528535,6.737929934574116,0.1698571768172427,-0.0008529980468749976,-0.17315264038085937,0.09985717681724268,0.2398571768172427,-0.08,0.08,-0.009554483054948354,0.03351976911174295,6.911228138599278,Solve_Succeeded,0.030706874968018383,False,5441.026350261805,0.0,0.0,False,False,0.5,10,0.0,-6270.509740338838,-0.046580158704792776,0.8785161414992242,0.02569633020486885,0.04811664885645013,0.06294189481117875,0.06294189481117875,-0.10550888587041998,False,False,44027.103942871094,2876.8013355559106,9.749620954742001,0.0017210669023499296,7121.76272927568,0.8642174456390412,1.005466653261876,0.9499434253485177,0.8914714093255712,0.32960311763802463,0.5,0.0008365525317918986,6.46762207459785e-05,0.00043271742188083696,-0.04968044093642936,0.042852932412735696,-0.01897115270827847,2221.850917262168,False
10,moderate,65,corridor_centered_nmpc,145.0,0.15904161157100324,0.032542082488290436,6.754377652039313,0.1569143139362298,0.03243156118437312,6.75410652912346,0.16927110725018785,-0.0008283374023437817,-0.17357299804687498,0.09927110725018784,0.23927110725018785,-0.08,0.08,-0.010229495679184603,0.03337041989063422,6.9279506500861885,Solve_Succeeded,0.031858749978709966,False,5473.120830602604,0.0,0.0,False,False,0.5,10,0.0,-5007.010402189884,-0.03938751239530028,0.8794388267563331,-0.0270581145056887,0.02569633020486885,0.03386704932301335,0.03386704932301335,-0.0581496909763308,False,False,43964.05029296875,2872.054836788207,9.733534837402127,0.0017382647178329508,7169.211207275661,0.8642174456390412,1.005466653261876,0.9499434253485177,0.8914714093255712,0.32960311763802463,0.5,0.0008365525317918986,6.46762207459785e-05,0.00043271742188083696,-0.04968044093642936,0.042852932412735696,-0.01897115270827847,2221.850917262168,False
10,moderate,65,corridor_centered_nmpc,145.5,0.1578589391018499,0.032442624040036776,6.770623772458624,0.1564551296364709,0.03249220555071991,6.770803757752801,0.16870035746149514,-0.0008034863281249915,-0.17398097778320315,0.09870035746149514,0.23870035746149515,-0.08,0.08,-0.01084141835964525,0.03324611036816177,6.944604750241827,Solve_Succeeded,0.030366708000656217,False,5498.285134147813,0.0,0.0,False,False,0.5,10,0.0,-2927.5921350606322,-0.027877336442931458,0.8803345241782927,-0.05613295827568578,-0.0270581145056887,-0.013692700230644325,-0.013692700230644325,-0.09511949910731535,False,False,43902.85333251953,2867.45126000391,9.717933089680376,0.0017551204409205316,7215.542978546028,0.8642174456390412,1.005466653261876,0.9499434253485177,0.8914714093255712,0.32960311763802463,0.5,0.0008365525317918986,6.46762207459785e-05,0.00043271742188083696,-0.04968044093642936,0.042852932412735696,-0.01897115270827847,2221.850917262168,False
10,moderate,65,corridor_centered_nmpc,146.0,0.15676238816881272,0.032384709609199945,6.7868305534418365,0.15582450830777797,0.032426957650599574,6.786394317478543,0.16814519158527425,-0.0007784448242186826,-0.17437648437499997,0.09814519158527424,0.23814519158527425,-0.08,0.08,-0.011382803416461529,0.03316315443341863,6.961207037816837,Solve_Succeeded,0.03116091701667756,False,5522.428179140852,0.0,0.0,False,False,0.5,10,0.0,-1450.0291891892034,-0.019754616863735336,0.8812030009245224,-0.10369270912342894,-0.05613295827568578,-0.04682265699678238,-0.04682265699678238,-0.06625991353227612,False,False,43843.52734375,2862.991475428098,9.702818660812255,0.0017716168479165865,7260.72379169066,0.8642174456390412,1.005466653261876,0.9499434253485177,0.8914714093255712,0.32960311763802463,0.5,0.0008365525317918986,6.46762207459785e-05,0.00043271742188083696,-0.04968044093642936,0.042852932412735696,-0.01897115270827847,2221.850917262168,False
10,moderate,65,corridor_centered_nmpc,146.5,0.15575975519666818,0.03235629633197755,6.803015756710614,0.15604288099236133,0.03245349801435439,6.802800311924607,0.16760587375563488,-0.0007532128906250213,-0.17475942260742183,0.09760587375563487,0.23760587375563488,-0.08,0.08,-0.011846118558966695,0.03310950922260257,6.977775179318036,Solve_Succeeded,0.03094416600652039,False,5545.872597365089,0.0,0.0,False,False,0.5,10,0.0,538.0314899864256,-0.009004342344808385,0.8820440251592905,-0.13682266287069636,-0.10369270912342894,-0.0912168820800568,-0.0912168820800568,-0.08878845016654882,False,False,43786.08660888672,2858.67635229682,9.68819449668141,0.0017877367570241537,7304.719640727783,0.8642174456390412,1.005466653261876,0.9499434253485177,0.8914714093255712,0.32960311763802463,0.5,0.0008365525317918986,6.46762207459785e-05,0.00043271742188083696,-0.04968044093642936,0.042852932412735696,-0.01897115270827847,2221.850917262168,False
10,moderate,65,corridor_centered_nmpc,147.0,0.15485768619186563,0.03236758993766597,6.819196684659543,0.1544620605286143,0.032365973764256706,6.818756996560605,0.16708266810668673,-0.0007277905273437857,-0.175129697265625,0.09708266810668673,0.23708266810668674,-0.08,0.08,-0.012224981914821104,0.033095380465009754,6.994326381925168,Solve_Succeeded,0.02991337503772229,False,5573.158307251252,0.0,0.0,False,False,0.5,10,0.0,2159.4003943648504,-0.0003320142380527358,0.8828573660810748,-0.1812168867894436,-0.13682266287069636,-0.12681792730170308,-0.12681792730170308,-0.07120209044329256,False,False,43730.54541015625,2854.506758862366,9.674063539837478,0.0018034630541775602,7347.496797077085,0.8642174456390412,1.005466653261876,0.9499434253485177,0.8914714093255712,0.32960311763802463,0.5,0.0008365525317918986,6.46762207459785e-05,0.00043271742188083696,-0.04968044093642936,0.042852932412735696,-0.01897115270827847,2221.850917262168,False
10,moderate,65,corridor_centered_nmpc,147.5,0.15406273736406315,0.03241125165363502,6.835391356415534,0.1542429831644913,0.03242931698110895,6.835238903588457,0.16657583877253945,-0.0007021777343750313,-0.17548721313476562,0.09657583877253945,0.23657583877253946,-0.08,0.08,-0.012513101408476307,0.033113429388010054,7.010878569550299,Solve_Succeeded,0.031056999985594302,False,5598.001487519291,0.0,0.0,False,False,0.5,10,0.0,4100.94071176017,0.009933919085441369,0.8836427939521009,-0.21681793511665484,-0.1812168867894436,-0.1692831539277769,-0.1692831539277769,-0.08493045325214765,False,False,43676.918029785156,2850.4835623984977,9.660428729513812,0.0018187787194000938,7389.02184185819,0.8642174456390412,1.005466653261876,0.9499434253485177,0.8914714093255712,0.32960311763802463,0.5,0.0008365525317918986,6.46762207459785e-05,0.00043271742188083696,-0.04968044093642936,0.042852932412735696,-0.01897115270827847,2221.850917262168,False
10,moderate,65,corridor_centered_nmpc,148.0,0.1533806192924962,0.03249368100835569,6.851617556260712,0.15403987200653577,0.03259085453857099,6.852137279914743,0.1660856498873028,-0.0006763745117187581,-0.17583187500000003,0.09608564988730278,0.2360856498873028,-0.08,0.08,-0.012705030594806599,0.033170055520074446,7.027449431260712,Solve_Succeeded,0.030113833025097847,False,5623.570677710542,0.0,0.0,False,False,0.5,10,0.0,5820.200634808198,0.01891985254341983,0.8844000801280599,-0.25928315498627935,-0.21681793511665484,-0.20639002646384894,-0.20639002646384894,-0.07421374507214407,False,False,43625.21875,2846.6076292056214,9.647293001645018,0.0018336668536418136,7429.261698475953,0.8642174456390412,1.005466653261876,0.9499434253485177,0.8914714093255712,0.32960311763802463,0.5,0.0008365525317918986,6.46762207459785e-05,0.00043271742188083696,-0.04968044093642936,0.042852932412735696,-0.01897115270827847,2221.850917262168,False
10,moderate,65,corridor_centered_nmpc,148.5,0.152816862122073,0.03261042812682224,6.8678935558798955,0.15150863687585833,0.03269937919927337,6.867778679032252,0.16561236558508644,-0.000650380859374966,-0.17616358764648438,0.09561236558508643,0.23561236558508644,-0.08,0.08,-0.012795503463013447,0.0332608089861972,7.04405714352638,Solve_Succeeded,0.03115916601382196,False,5652.921444688121,0.0,0.0,False,False,0.5,10,0.0,7740.673962029672,0.028866326116623965,0.8851289970880061,-0.2963900315110406,-0.25928315498627935,-0.24767976271649267,-0.24767976271649267,-0.08257947250528747,False,False,43575.461853027344,2842.879824615921,9.634659288884347,0.0018481107060494672,7468.183665467556,0.8642174456390412,1.005466653261876,0.9499434253485177,0.8914714093255712,0.32960311763802463,0.5,0.0008365525317918986,6.46762207459785e-05,0.00043271742188083696,-0.04968044093642936,0.042852932412735696,-0.01897115270827847,2221.850917262168,False
10,moderate,65,corridor_centered_nmpc,149.0,0.15237635512638278,0.03276551373330314,6.884237519642869,0.151676665516788,0.03272504344367012,6.884288887492424,0.16515625,-0.0006241967773437107,-0.176482255859375,0.09515625,0.23515625,-0.08,0.08,-0.01277989487361722,0.03338971051064685,7.0607197755022435,Solve_Succeeded,0.030958958028350025,False,5677.2604996857,0.0,0.0,False,False,0.5,10,0.0,9526.989567007655,0.03801842205256464,0.8858293184644305,-0.33767975603040734,-0.2963900315110406,-0.2857042511047974,-0.2857042511047974,-0.07604897677660949,False,False,43527.66162109375,2839.3010129984405,9.622530520620925,0.0018620937016178747,7505.755449585617,0.8642174456390412,1.005466653261876,0.9499434253485177,0.8914714093255712,0.32960311763802463,0.5,0.0008365525317918986,6.46762207459785e-05,0.00043271742188083696,-0.04968044093642936,0.042852932412735696,-0.01897115270827847,2221.850917262168,False
10,moderate,65,corridor_centered_nmpc,149.5,0.15206376490974233,0.032956250974793905,6.900667945374415,0.1521617486130303,0.03301316553716005,6.901096319883617,0.16471756726615328,-0.0005978222656249921,-0.1767877844238281,0.09471756726615327,0.23471756726615328,-0.08,0.08,-0.012653802356410948,0.0335540732404189,7.077455729798243,Solve_Succeeded,0.030520792002789676,False,5701.471211847258,0.0,0.0,False,False,0.5,10,0.0,11439.768741411808,0.047742976844919766,0.8865008190735161,-0.3499999980779302,-0.33767975603040734,-0.32627766678139786,-0.32627766678139786,-0.08114683135320089,False,False,43481.83233642579,2835.872057764125,9.61090962299683,0.0018755994691695395,7541.945199090789,0.8642174456390412,1.005466653261876,0.9499434253485177,0.8914714093255712,0.32960311763802463,0.5,0.0008365525317918986,6.46762207459785e-05,0.00043271742188083696,-0.04968044093642936,0.042852932412735696,-0.01897115270827847,2221.850917262168,False
10,moderate,65,corridor_centered_nmpc,150.0,0.1518832565462948,0.033185165948172723,6.917203290687157,0.15070678477228575,0.03309139235813775,6.91711517627305,0.16429658151765592,-0.0005712573242187546,-0.17708007812499998,0.09429658151765591,0.23429658151765592,-0.08,0.08,-0.012413324971361106,0.03375642327239148,7.094283368812157,Solve_Succeeded,0.03076941700419411,False,5729.142123368883,0.0,0.0,False,False,0.5,10,0.0,12353.254102068218,0.05223340134146418,0.8871432749455687,-0.3500000004147854,-0.3499999980779302,-0.3447959286028041,-0.3447959286028041,-0.03703652364281251,False,False,43437.98828125,2832.59382137081,9.599799518924007,0.001888611869606907,7576.721537226865,0.8642174456390412,1.005466653261876,0.9499434253485177,0.8914714093255712,0.32960311763802463,0.5,0.0008365525317918986,6.46762207459785e-05,0.00043271742188083696,-0.04968044093642936,0.042852932412735696,-0.01897115270827847,2221.850917262168,False
10,moderate,65,corridor_centered_nmpc,150.5,0.15183432946985084,0.03343227150018668,6.9338576476873754,0.1509864533929226,0.03344416303447065,6.9336031825171105,0.1638935568886176,-0.0005445019531249984,-0.17735904174804684,0.09389355688861759,0.2338935568886176,-0.08,0.08,-0.01205922741876675,0.03397677345331168,7.111216689435422,Solve_Succeeded,0.03533691697521135,False,5753.634391191833,0.0,0.0,False,False,0.5,10,0.0,12600.282200374237,0.053272617188613314,0.8877564633556255,-0.2943312916732054,-0.3500000004147854,-0.34885836088009703,-0.34885836088009703,-0.008124864554585831,False,False,43396.14373779297,2829.467165328174,9.589203128101051,0.0019011150243791882,7610.053595850336,0.8642174456390412,1.005466653261876,0.9499434253485177,0.8914714093255712,0.32960311763802463,0.5,0.0008365525317918986,6.46762207459785e-05,0.00043271742188083696,-0.04968044093642936,0.042852932412735696,-0.01897115270827847,2221.850917262168,False
10,moderate,65,corridor_centered_nmpc,151.0,0.1519086774243987,0.033684242322073184,6.950636779971719,0.15197093234958076,0.033689630535981105,6.950598223003673,0.16350875751314803,-0.0005175561523437788,-0.17762458007812498,0.09350875751314802,0.23350875751314804,-0.08,0.08,-0.011600080088749326,0.03420179847441696,7.1282613600498435,Solve_Succeeded,0.0335490420111455,False,5777.741133789024,0.0,0.0,False,False,0.5,10,0.0,10683.83092418754,0.04325437601838213,0.8883401628542431,-0.2588583524917397,-0.2943312916732054,-0.30629312851295787,-0.30629312851295787,0.08513046473427832,False,False,43356.31298828125,2826.4929502026407,9.579123367029817,0.0019130933441035961,7641.9110491860465,0.8642174456390412,1.005466653261876,0.9499434253485177,0.8914714093255712,0.32960311763802463,0.5,0.0008365525317918986,6.46762207459785e-05,0.00043271742188083696,-0.04968044093642936,0.042852932412735696,-0.01897115270827847,2221.850917262168,False
10,moderate,65,corridor_centered_nmpc,151.5,0.15208533287881373,0.03389781927464624,6.96753230436612,0.15186328579235783,0.03390963437829277,6.967290047728448,0.1631424475253569,-0.0004904199218750405,-0.17787659790039062,0.09314244752535689,0.2331424475253569,-0.08,0.08,-0.011057114646543159,0.03438823919652128,7.145408902266511,Solve_Succeeded,0.032051291957031935,False,5803.857833813398,0.0,0.0,False,False,0.5,10,0.0,8997.57529683237,0.03449786509983772,0.8888941532984604,-0.21629311980463284,-0.2588583524917397,-0.2692643225823585,-0.2692643225823585,0.07405761186119875,False,False,43318.510314941406,2823.6720356222395,9.569563149031898,0.0019245315572785394,7672.264147679275,0.8642174456390412,1.005466653261876,0.9499434253485177,0.8914714093255712,0.32960311763802463,0.5,0.0008365525317918986,6.46762207459785e-05,0.00043271742188083696,-0.04968044093642936,0.042852932412735696,-0.01897115270827847,2221.850917262168,False
10,moderate,65,corridor_centered_nmpc,152.0,0.1523365728507529,0.034077623137505016,6.984526177765862,0.15104865419705746,0.034024547693918133,6.984499906691711,0.1627948910593539,-0.0004630932617187278,-0.17811500000000002,0.0927948910593539,0.23279489105935391,-0.08,0.08,-0.01045831820860102,0.03454071639922374,7.162641177765862,Solve_Succeeded,0.029710834030993283,False,5832.274792493224,0.0,0.0,False,False,0.5,10,0.0,7088.004233919013,0.02468277453607175,0.8894182158829406,-0.17926431926572647,-0.21629311980463284,-0.2279136395583795,-0.2279136395583795,0.08270136604795797,False,False,43282.75,2821.0052802814257,9.56052538426496,0.0019354147390244847,7701.083751914373,0.8642174456390412,1.005466653261876,0.9499434253485177,0.8914714093255712,0.32960311763802463,0.5,0.0008365525317918986,6.46762207459785e-05,0.00043271742188083696,-0.04968044093642936,0.042852932412735696,-0.01897115270827847,2221.850917262168,False
10,moderate,65,corridor_centered_nmpc,152.5,0.15263756294229752,0.03421920250529421,7.001600399535344,0.1511375338600365,0.03420430316993126,7.001916911142243,0.16246635224924869,-0.0004355761718750073,-0.17833969116210935,0.09246635224924868,0.2324663522492487,-0.08,0.08,-0.009828789306951163,0.03465477867716922,7.179940090697453,Solve_Succeeded,0.030553083983249962,False,5859.37296173629,0.0,0.0,False,False,0.5,10,0.0,5315.671682142913,0.015637556352121974,0.8899121331712881,-0.137913634557736,-0.17926431926572647,-0.189936729137923,-0.189936729137923,0.07595382084091301,False,False,43249.046325683594,2818.4935419458525,9.55201297973891,0.0019457283397862684,7728.341366568742,0.8642174456390412,1.005466653261876,0.9499434253485177,0.8914714093255712,0.32960311763802463,0.5,0.0008365525317918986,6.46762207459785e-05,0.00043271742188083696,-0.04968044093642936,0.042852932412735696,-0.01897115270827847,2221.850917262168,False
10,moderate,65,corridor_centered_nmpc,153.0,0.15296568636091823,0.03432531616628574,7.018736545985463,0.15200224253628422,0.03436356402180365,7.019027541717659,0.162157095229151,-0.000407868652343768,-0.17855057617187503,0.092157095229151,0.232157095229151,-0.08,0.08,-0.009191408868232775,0.034733184818629505,7.197287122157338,Solve_Succeeded,0.03285929199773818,False,5884.697469673634,0.0,0.0,False,False,0.5,10,0.0,3402.686390462427,0.005948714353388628,0.8903756891275432,-0.09993672205570425,-0.137913634557736,-0.14932616375320862,-0.14932616375320862,0.08122113076942877,False,False,43217.41357421875,2816.1376774571086,9.544028839331956,0.001955458213929009,7754.009174370535,0.8642174456390412,1.005466653261876,0.9499434253485177,0.8914714093255712,0.32960311763802463,0.5,0.0008365525317918986,6.46762207459785e-05,0.00043271742188083696,-0.04968044093642936,0.042852932412735696,-0.01897115270827847,2221.850917262168,False
10,moderate,65,corridor_centered_nmpc,153.5,0.15330064826054235,0.03439316354471948,7.03591618308458,0.15352731439942688,0.0343735511418384,7.035646216745366,0.16186738413317056,-0.0003799707031249544,-0.17874755981445312,0.09186738413317055,0.23186738413317057,-0.08,0.08,-0.008566735872628212,0.03477313424784444,7.214663742899033,Solve_Succeeded,0.03333445795578882,False,5908.305761921485,0.0,0.0,False,False,0.5,10,0.0,1571.4669571658587,-0.0032663187494736713,0.8908086691478525,-0.059326154419181806,-0.09993672205570425,-0.11077149553216582,-0.11077149553216582,0.07710933644208559,False,False,43187.86602783203,2813.938542737408,9.536575863806503,0.001964590648158199,7778.060070027121,0.8642174456390412,1.005466653261876,0.9499434253485177,0.8914714093255712,0.32960311763802463,0.5,0.0008365525317918986,6.46762207459785e-05,0.00043271742188083696,-0.04968044093642936,0.042852932412735696,-0.01897115270827847,2221.850917262168,False
10,moderate,65,corridor_centered_nmpc,154.0,0.15362401411885163,0.03442439158861834,7.053120588481182,0.15493107426522632,0.03450065877184197,7.052909320093257,0.161597483095417,-0.000351882324218733,-0.17893054687499999,0.09159748309541699,0.231597483095417,-0.08,0.08,-0.007973468976565368,0.03477627391283707,7.232051135356182,Solve_Succeeded,0.034907458000816405,False,5933.741041537764,0.0,0.0,False,False,0.5,10,0.0,-347.78373451183825,-0.012867991705287109,0.8912108600923155,-0.020771485954667164,-0.059326154419181806,-0.07061193936067553,-0.07061193936067553,0.08031911234298059,False,False,43160.41796875,2811.8969927942394,9.529656950824899,0.001973112389693322,7800.467694090928,0.8642174456390412,1.005466653261876,0.9499434253485177,0.8914714093255712,0.32960311763802463,0.5,0.0008365525317918986,6.46762207459785e-05,0.00043271742188083696,-0.04968044093642936,0.042852932412735696,-0.01897115270827847,2221.850917262168,False
10,moderate,65,corridor_centered_nmpc,154.5,0.15391923053198636,0.03441725007233654,7.070331014091888,0.15341262897929508,0.03435502488930452,7.071159894801388,0.16134765625,-0.0003236035156249928,-0.17909944213867185,0.09134765624999999,0.23134765625,-0.08,0.08,-0.007428425718013637,0.034740853587961536,7.24943045623056,Solve_Succeeded,0.03201495797839016,False,5964.864109154581,0.0,0.0,False,False,0.5,10,0.0,-2217.6960349548617,-0.022173024527446097,0.8915820503170069,0.019388066911779217,-0.020771485954667164,-0.03170519980236844,-0.03170519980236844,0.07781347911661418,False,False,43135.08367919922,2810.013881724981,9.523274994965092,0.001981010674123063,7821.206466727899,0.8642174456390412,1.005466653261876,0.9499434253485177,0.8914714093255712,0.32960311763802463,0.5,0.0008365525317918986,6.46762207459785e-05,0.00043271742188083696,-0.04968044093642936,0.042852932412735696,-0.01897115270827847,2221.850917262168,False
10,moderate,65,corridor_centered_nmpc,155.0,0.15417130193344303,0.034372735378187066,7.087528523447751,0.15333865150381307,0.034253489385727025,7.0883173379209286,0.1611181677310293,-0.00029513427734373376,-0.17925415039062498,0.09111816773102929,0.2311181677310293,-0.08,0.08,-0.006946865797586271,0.0346678696555308,7.266782673838375,Solve_Succeeded,0.03129995899507776,False,5992.348665915099,0.0,0.0,False,False,0.5,10,0.0,-4141.611384525121,-0.03170468987073966,0.8919220297061744,0.05829480791824636,0.019388066911779217,0.00817951803992193,0.00817951803992193,0.07976943568458074,False,False,43111.87744140625,2808.2900627214676,9.517432887736097,0.0019882732528693978,7840.251621353166,0.8642174456390412,1.005466653261876,0.9499434253485177,0.8914714093255712,0.32960311763802463,0.5,0.0008365525317918986,6.46762207459785e-05,0.00043271742188083696,-0.04968044093642936,0.042852932412735696,-0.01897115270827847,2221.850917262168,False
10,moderate,65,corridor_centered_nmpc,155.5,0.15436676809517252,0.03428977605561848,7.1046941613868935,0.15551903707918321,0.034349562420474246,7.104310948688624,0.1609092816726146,-0.00026647460937501144,-0.17939457641601558,0.09090928167261458,0.2309092816726146,-0.08,0.08,-0.006542513577442066,0.034556250664993494,7.284088737802909,Solve_Succeeded,0.03153912496054545,False,6014.850165936042,0.0,0.0,False,False,0.5,10,0.0,-6034.482681026438,-0.04104483345448835,0.8922305897046117,0.09817952703950303,0.05829480791824636,0.04730080201584132,0.04730080201584132,0.07824256795183877,False,False,43090.81353759766,2806.7263880745245,9.512133517593359,0.001994888420186971,7857.579238097286,0.8642174456390412,1.005466653261876,0.9499434253485177,0.8914714093255712,0.32960311763802463,0.5,0.0008365525317918986,6.46762207459785e-05,0.00043271742188083696,-0.04968044093642936,0.042852932412735696,-0.01897115270827847,2221.850917262168,False
10,moderate,65,corridor_centered_nmpc,156.0,0.15449347353454002,0.03416900088341131,7.121808862144738,0.15297839182842957,0.034142999655605015,7.1219036654363785,0.1607212622088655,-0.0002376245117187703,-0.179520625,0.0907212622088655,0.23072126220886552,-0.08,0.08,-0.006227788674325496,0.03440662539513008,7.301329487144739,Solve_Succeeded,0.032416332978755236,False,6046.898300172458,0.0,0.0,False,False,0.5,10,0.0,-7958.845666373275,-0.05051124875346609,0.892507523350207,0.13730080820177368,0.09817952703950303,0.0870180430976749,0.0870180430976749,0.07943448216366716,False,False,43071.90625,2805.323709178458,9.50737976995398,0.0020008450396237797,7873.1662770655685,0.8642174456390412,1.005466653261876,0.9499434253485177,0.8914714093255712,0.32960311763802463,0.5,0.0008365525317918986,6.46762207459785e-05,0.00043271742188083696,-0.04968044093642936,0.042852932412735696,-0.01897115270827847,2221.850917262168,False
10,moderate,65,corridor_centered_nmpc,156.5,0.15454052499873416,0.03400978709237377,7.138853561522458,0.1553621347638064,0.03402507118948843,7.138579274123613,0.16055437347389181,-0.00020858398437501036,-0.17963220092773435,0.09055437347389181,0.23055437347389182,-0.08,0.08,-0.0060138484751576515,0.03421837107674878,7.318485762450193,Solve_Succeeded,0.02959195798030123,False,6070.116711359866,0.0,0.0,False,False,0.5,10,0.0,-9861.819319256254,-0.05984771529138527,0.8927526253066658,0.17701805093182035,0.13730080820177368,0.12627006254139977,0.12627006254139977,0.07850403888744975,False,False,43055.169860839844,2804.0828765355113,9.503174527211813,0.0020061325698687805,7886.990611351626,0.8642174456390412,1.005466653261876,0.9499434253485177,0.8914714093255712,0.32960311763802463,0.5,0.0008365525317918986,6.46762207459785e-05,0.00043271742188083696,-0.04968044093642936,0.042852932412735696,-0.01897115270827847,2221.850917262168,False
10,moderate,65,corridor_centered_nmpc,157.0,0.15449812394553822,0.03381256889332002,7.155809148238415,0.15417723087207708,0.03387154020784656,7.156012834753672,0.16040887960180317,-0.0001793530273437871,-0.179729208984375,0.09040887960180316,0.23040887960180317,-0.08,0.08,-0.005910755656264949,0.03399192192066381,7.33553835722279,Solve_Succeeded,0.029879583977162838,False,6100.083314857278,0.0,0.0,False,False,0.5,10,0.0,-11780.919332905385,-0.06924687455443318,0.8929656918964083,0.21627006723397307,0.17701805093182035,0.1658852472454792,0.1658852472454792,0.07923036940815886,False,False,43040.61865234375,2803.004739760278,9.499520668752426,0.0020107410899121454,7899.031059765746,0.8642174456390412,1.005466653261876,0.9499434253485177,0.8914714093255712,0.32960311763802463,0.5,0.0008365525317918986,6.46762207459785e-05,0.00043271742188083696,-0.04968044093642936,0.042852932412735696,-0.01897115270827847,2221.850917262168,False
10,moderate,65,corridor_centered_nmpc,157.5,0.1543575170884618,0.033577029480839224,7.172656540416952,0.1543125892881331,0.033422821920564796,7.172747495034237,0.16028504472670924,-0.00014993164062498954,-0.17981155395507814,0.09028504472670923,0.23028504472670924,-0.08,0.08,-0.005927527638247443,0.03372696112146421,7.35246809437203,Solve_Succeeded,0.0313070829724893,False,6126.9013384317705,0.0,0.0,False,False,0.5,10,0.0,-13683.029279041319,-0.07855144474657844,0.8931465211336418,0.2558852491215182,0.21627006723397307,0.205216933356268,0.205216933356268,0.0786633722215776,False,False,43028.26690673828,2802.0901475840824,9.496421070967946,0.0020146613234439327,7909.267419236959,0.8642174456390412,1.005466653261876,0.9499434253485177,0.8914714093255712,0.32960311763802463,0.5,0.0008365525317918986,6.46762207459785e-05,0.00043271742188083696,-0.04968044093642936,0.042852932412735696,-0.01897115270827847,2221.850917262168,False
10,moderate,65,corridor_centered_nmpc,158.0,0.15411087251893002,0.03330351380529732,7.1893766632683285,0.1548653047146881,0.03323960828718026,7.189439098246104,0.16018313298271974,-0.00012031982421872867,-0.179879140625,0.09018313298271974,0.23018313298271975,-0.08,0.08,-0.006072260463789725,0.03342383362951605,7.369255803893329,Solve_Succeeded,0.03254920901963487,False,6153.227957602415,0.0,0.0,False,False,0.5,10,0.0,-15590.349276988945,-0.08787789180998448,0.8932949127576065,0.2700790038166664,0.2558852491215182,0.24476992356038615,0.24476992356038615,0.0791059804082363,False,False,43018.12890625,2801.339947859319,9.493878607271759,0.0020178846624174704,7917.680496846877,0.8642174456390412,1.005466653261876,0.9499434253485177,0.8914714093255712,0.32960311763802463,0.5,0.0008365525317918986,6.46762207459785e-05,0.00043271742188083696,-0.04968044093642936,0.042852932412735696,-0.01897115270827847,2221.850917262168,False
10,moderate,65,corridor_centered_nmpc,158.5,0.15375123033009147,0.03299192221403763,7.205950503374754,0.15258255956018713,0.03304283443641945,7.206183983735886,0.16010340850394442,-9.05175781250045e-05,-0.17993187377929687,0.09010340850394441,0.23010340850394442,-0.08,0.08,-0.006352178173852946,0.03308243979216263,7.385882377154051,Solve_Succeeded,0.031130791001487523,False,6184.421885674854,0.0,0.0,False,False,0.5,10,0.0,-16535.93521859027,-0.09246626783855098,0.8934106682659959,0.15476991694837544,0.2700790038166664,0.26452684242245816,0.26452684242245816,0.03951383772414402,False,False,43010.21893310547,2800.754987563758,9.491896148113106,0.002020403189704453,7924.25214145226,0.8642174456390412,1.005466653261876,0.9499434253485177,0.8914714093255712,0.32960311763802463,0.5,0.0008365525317918986,6.46762207459785e-05,0.00043271742188083696,-0.04968044093642936,0.042852932412735696,-0.01897115270827847,2221.850917262168,False
10,moderate,65,corridor_centered_nmpc,159.0,0.15327697038506302,0.032661491357173604,7.222363831857066,0.1532260233823029,0.03271255994337228,7.2222130103669135,0.16004613542449286,-6.052490234376151e-05,-0.179969658203125,0.09004613542449286,0.23004613542449287,-0.08,0.08,-0.006769165039429842,0.032722016259517366,7.402333490060191,Solve_Succeeded,0.030540541978552938,False,6209.600142978892,0.0,0.0,False,False,0.5,10,0.0,-12384.906382435642,-0.07196102356875408,0.8934935909485493,0.17452683400614918,0.15476991694837544,0.17884776403699015,0.17884776403699015,-0.17135815677093602,False,False,43004.55126953125,2800.3361128048127,9.490476560991553,0.0020222097007696524,7928.9652748518365,0.8642174456390412,1.005466653261876,0.9499434253485177,0.8914714093255712,0.32960311763802463,0.5,0.0008365525317918986,6.46762207459785e-05,0.00043271742188083696,-0.04968044093642936,0.042852932412735696,-0.01897115270827847,2221.850917262168,False
10,moderate,65,corridor_centered_nmpc,159.5,0.15271568452122353,0.032414140490658674,7.238632710375469,0.15422455010717498,0.03239029571468041,7.2392328343285826,0.16001157787847484,-3.0341796874999716e-05,-0.17999239868164063,0.09001157787847483,0.23001157787847484,-0.08,0.08,-0.00729589335725131,0.032444482287533674,7.41862510905711,Solve_Succeeded,0.030535458005033433,False,6235.793533533419,0.0,0.0,False,False,0.5,10,0.0,-12192.293760221772,-0.07098669255683686,0.8935434859208204,0.08884776154061177,0.17452683400614918,0.17547473494373292,0.17547473494373292,-0.00674605818651447,False,False,43001.140197753906,2800.0841688237724,9.48962271047132,0.002023297724294456,7931.803922452049,0.8642174456390412,1.005466653261876,0.9499434253485177,0.8914714093255712,0.32960311763802463,0.5,0.0008365525317918986,6.46762207459785e-05,0.00043271742188083696,-0.04968044093642936,0.042852932412735696,-0.01897115270827847,2221.850917262168,False
10,moderate,65,corridor_centered_nmpc,160.0,0.15209668437521107,0.03217067902107278,7.254778882782378,0.15300893199094268,0.03210592785803036,7.254896048474616,0.16,-1.5202636718725238e-05,-0.18,0.09,0.23,-0.08,0.08,-0.007903315624788937,0.03218588165779151,7.4347788827823775,Solve_Succeeded,0.03416841599391773,False,6263.856951414329,0.0,0.0,False,False,0.5,10,0.0,-8891.198750995605,-0.05472293028001553,0.8935601601581166,0.08547472595304317,0.08884776154061177,0.10785149192336897,0.10785149192336897,-0.1352464860407279,False,False,43000.0,2800.0,9.489337458195521,0.002023661541679823,7932.7532433849055,0.8642174456390412,1.005466653261876,0.9499434253485177,0.8914714093255712,0.32960311763802463,0.5,0.0008365525317918986,6.46762207459785e-05,0.00043271742188083696,-0.04968044093642936,0.042852932412735696,-0.01897115270827847,2221.850917262168,False
