scenario_id,tier,seed,controller,residual_gain,time_s,alpha_rad,q_radps,theta_rad,measured_alpha_rad,measured_q_radps,measured_theta_rad,alpha_ref_rad,q_ref_radps,theta_ref_rad,alpha_min_rad,alpha_max_rad,q_min_radps,q_max_radps,alpha_error_rad,q_error_rad,theta_error_rad,predicted_residual_q_dot,applied_residual_q_dot,solver_status,solve_time_s,objective_value,solver_failure,pitching_moment_nm,cm,flap_effectiveness,delta_flap_raw_rad,delta_flap_delayed_rad,delta_flap_lagged_rad,delta_flap_rad,delta_flap_rate_radps,flap_saturated,flap_rate_saturated,altitude_m,velocity_mps,mach,density_kgm3,dynamic_pressure_pa,density_scale,cm_alpha_scale,cm_delta_scale,cm_q_scale,actuator_lag_s,actuator_delay_s,sensor_noise_alpha_rad,sensor_noise_q_radps,sensor_noise_theta_rad,initial_alpha_error_rad,initial_q_error_radps,initial_theta_error_rad,external_disturbance_moment_nm,corridor_violation
11,moderate,66,residual_horizon_nmpc_gain_1,1.0,0.0,0.09726367930063026,0.05237034123419307,0.08118891616634445,0.09743057985265398,0.05201600022115371,0.08050890310645166,0.12,-1.5202636718752993e-05,0.08,0.04999999999999999,0.19,-0.08,0.08,-0.022736320699369733,0.05238554387091182,0.0011889161663444503,4.838000131096153e-05,4.838000131096153e-05,Solve_Succeeded,0.06269183300901204,16835.8150886412,False,-1866.8762812365558,-0.020597535594071036,0.4015798869488264,-0.04799526837947749,0.0,0.0,0.0,0.0,False,False,82000.0,6200.0,21.012104371718653,5.631335244604286e-06,108.23426340129438,1.1271201633807792,1.057845439337298,0.8291739104917131,1.0497015221724948,0.165381683907133,1.0,0.00030848479803221776,0.0006562873235056894,0.001380134036191736,-0.02273632069936974,0.05238554387091182,0.0011889161663444536,-1809.8046884581565,False
11,moderate,66,residual_horizon_nmpc_gain_1,1.0,0.5,0.1119194493992448,0.05233284002406308,0.10736472488783545,0.11159258340067996,0.05146259365845764,0.10522309627360388,0.12002304098079561,-3.0341796874999716e-05,0.07999239868164063,0.0500230409807956,0.19002304098079562,-0.08,0.08,-0.008103591581550815,0.05236318182093808,0.027372326206194827,5.030387933640211e-05,5.030387933640211e-05,not_applicable,0.0,,False,-1882.9520408485546,-0.026396770636646562,0.40159248685423254,-0.04799526837947749,0.0,0.0,0.0,0.0,False,False,81998.8598022461,6199.7501458924335,21.01125760388222,5.632347837877232e-06,108.24500057530217,1.1271201633807792,1.057845439337298,0.8291739104917131,1.0497015221724948,0.165381683907133,1.0,0.00030848479803221776,0.0006562873235056894,0.001380134036191736,-0.02273632069936974,0.05238554387091182,0.0011889161663444536,-1809.8046884581565,False
11,moderate,66,residual_horizon_nmpc_gain_1,1.0,1.0,0.12503075967039443,0.05229503453190158,0.13352170552193554,0.12518556599403982,0.05302982449661957,0.1341304081736836,0.12009173525377229,-6.052490234374763e-05,0.079969658203125,0.05009173525377228,0.1900917352537723,-0.08,0.08,0.00493902441662214,0.05235555943424533,0.05355204731881054,4.9793583638673214e-05,4.9793583638673214e-05,not_applicable,0.0,,False,-1885.5521930090106,-0.02732605030327033,0.40162486243193063,-0.04799526837947749,-0.04799526837947749,-0.045660779369257574,-0.045660779369257574,-0.09132155873851515,False,False,81995.44873046875,6199.108143368448,21.00908182581111,5.635378249087887e-06,108.28081130201328,1.1271201633807792,1.057845439337298,0.8291739104917131,1.0497015221724948,0.165381683907133,1.0,0.00030848479803221776,0.0006562873235056894,0.001380134036191736,-0.02273632069936974,0.05238554387091182,0.0011889161663444536,-1809.8046884581565,False
11,moderate,66,residual_horizon_nmpc_gain_1,1.0,1.5,0.1367584105104825,0.052257192449490335,0.15965977299972306,0.13684647829631064,0.05244944965662007,0.15948641484562356,0.12020543981481481,-9.05175781250045e-05,0.07993187377929688,0.0502054398148148,0.1902054398148148,-0.08,0.08,0.016552970695667676,0.05234771002761534,0.07972789922042618,5.052088297265861e-05,5.052088297265861e-05,not_applicable,0.0,,False,-1897.884112526312,-0.031756502031423606,0.4016744554206741,-0.04799526837947749,-0.04799526837947749,-0.047881718875060764,-0.047881718875060764,-0.004441879011606378,False,False,81989.78106689453,6198.124722339112,21.005748963664374,5.640417032047365e-06,108.34324571572121,1.1271201633807792,1.057845439337298,0.8291739104917131,1.0497015221724948,0.165381683907133,1.0,0.00030848479803221776,0.0006562873235056894,0.001380134036191736,-0.02273632069936974,0.05238554387091182,0.0011889161663444536,-1809.8046884581565,False
11,moderate,66,residual_horizon_nmpc_gain_1,1.0,2.0,0.14724646730391147,0.05221911751397373,0.18577886009367556,0.14754659338374065,0.05170968225740469,0.18725806717991814,0.12036351165980795,-0.00012031982421875642,0.079879140625,0.050363511659807944,0.19036351165980797,-0.08,0.08,0.02688295564410352,0.052339437338192484,0.10589971946867556,5.137478030065035e-05,5.137478030065035e-05,Solve_Succeeded,0.05993624997790903,21211.46699384811,False,-1909.4364354975921,-0.03589189534495083,0.4017399997587981,-0.04791955908741835,-0.04799526837947749,-0.047989745333578866,-0.047989745333578866,-0.00021605291703620522,False,False,81981.87109375,6196.824988604601,21.00134410223131,5.647456851750512e-06,108.43297856866864,1.1271201633807792,1.057845439337298,0.8291739104917131,1.0497015221724948,0.165381683907133,1.0,0.00030848479803221776,0.0006562873235056894,0.001380134036191736,-0.02273632069936974,0.05238554387091182,0.0011889161663444536,-1809.8046884581565,False
11,moderate,66,residual_horizon_nmpc_gain_1,1.0,2.5,0.15662394654334505,0.052180823864439334,0.21187885403103424,0.15657556752406432,0.05214456348518946,0.2101881695433586,0.12056530778463648,-0.00014993164062498954,0.07981155395507812,0.05056530778463647,0.19056530778463648,-0.08,0.08,0.03605863875870857,0.05233075550506432,0.13206730007595613,5.16605166201306e-05,5.16605166201306e-05,not_applicable,0.0,,False,-1919.8371070490198,-0.03959580306204922,0.4018206300465545,-0.04791955908741835,-0.04799526837947749,-0.04799499973862208,-0.04799499973862208,-1.0508810086420906e-05,False,False,81971.73309326172,6195.226102903411,20.995925400097143,5.656492448731403e-06,108.5504275407706,1.1271201633807792,1.057845439337298,0.8291739104917131,1.0497015221724948,0.165381683907133,1.0,0.00030848479803221776,0.0006562873235056894,0.001380134036191736,-0.02273632069936974,0.05238554387091182,0.0011889161663444536,-1809.8046884581565,False
11,moderate,66,residual_horizon_nmpc_gain_1,1.0,3.0,0.16500643413783891,0.052142333236495295,0.23795965099498195,0.16503108919742773,0.05376427123265952,0.2378595806860839,0.12081018518518519,-0.00017935302734374547,0.07972920898437501,0.05081018518518518,0.1908101851851852,-0.08,0.08,0.04419624895265373,0.05232168626383904,0.15823044201060693,5.186397809909052e-05,5.186397809909052e-05,not_applicable,0.0,,False,-1929.210983821516,-0.04291154319791761,0.40191568368588926,-0.04791955908741835,-0.04791955908741835,-0.04792322851936665,-0.04792322851936665,0.00014354243851084914,False,False,81959.38134765625,6193.341204448907,20.98953738670099,5.667520607195489e-06,108.69589077974668,1.1271201633807792,1.057845439337298,0.8291739104917131,1.0497015221724948,0.165381683907133,1.0,0.00030848479803221776,0.0006562873235056894,0.001380134036191736,-0.02273632069936974,0.05238554387091182,0.0011889161663444536,-1809.8046884581565,False
11,moderate,66,residual_horizon_nmpc_gain_1,1.0,3.5,0.17249748561753922,0.05210366500733351,0.26402115743553733,0.172374086326654,0.05236140853766095,0.26538812966055114,0.12109750085733882,-0.00020858398437501036,0.07963220092773438,0.051097500857338815,0.19109750085733884,-0.08,0.08,0.0513999847602004,0.05231224899170852,0.18438895650780296,5.302733474001238e-05,5.302733474001238e-05,not_applicable,0.0,,False,-1937.637552080585,-0.04586653310809997,0.40202462079258067,-0.04791955908741835,-0.04791955908741835,-0.04791973756852381,-0.04791973756852381,6.981901685687575e-06,False,False,81944.83013916016,6191.180999058791,20.98221634458463,5.680540126795923e-06,108.86960266829645,1.1271201633807792,1.057845439337298,0.8291739104917131,1.0497015221724948,0.165381683907133,1.0,0.00030848479803221776,0.0006562873235056894,0.001380134036191736,-0.02273632069936974,0.05238554387091182,0.0011889161663444536,-1809.8046884581565,False
11,moderate,66,residual_horizon_nmpc_gain_1,1.0,4.0,0.17918987838657582,0.05206483708818734,0.29006328911468576,0.17951077924785888,0.05160571721383817,0.2884346034879872,0.12142661179698216,-0.00023762451171874255,0.079520625,0.05142661179698216,0.19142661179698217,-0.08,0.08,0.05776326658959366,0.052302461599906085,0.21054266411468575,5.382020509543152e-05,5.382020509543152e-05,Solve_Succeeded,0.056586625054478645,25493.1596657,False,-1945.2381197551908,-0.04850355683166699,0.40214698367832524,-0.047667586507621464,-0.04791955908741835,-0.04791956776873618,-0.04791956776873618,3.3959957525253603e-07,False,False,81928.09375,6188.754562618874,20.973993032370615,5.695551797931644e-06,109.07176206480656,1.1271201633807792,1.057845439337298,0.8291739104917131,1.0497015221724948,0.165381683907133,1.0,0.00030848479803221776,0.0006562873235056894,0.001380134036191736,-0.02273632069936974,0.05238554387091182,0.0011889161663444536,-1809.8046884581565,False
11,moderate,66,residual_horizon_nmpc_gain_1,1.0,4.5,0.18516673353652097,0.052025865074536166,0.316085970162046,0.18484043851642504,0.05198696600788553,0.3133090658907631,0.121796875,-0.00026647460937499756,0.07939457641601563,0.05179687499999999,0.191796875,-0.08,0.08,0.06336985853652097,0.052292339683911164,0.23669139374603035,5.444668925329299e-05,5.444668925329299e-05,not_applicable,0.0,,False,-1952.106669405012,-0.05085582361434822,0.40228237351219553,-0.047667586507621464,-0.04791955908741835,-0.047919559509677495,-0.047919559509677495,1.651811737390929e-08,False,False,81909.18646240234,6186.0698038826085,20.964894253212666,5.712558380455047e-06,109.30254857121709,1.1271201633807792,1.057845439337298,0.8291739104917131,1.0497015221724948,0.165381683907133,1.0,0.00030848479803221776,0.0006562873235056894,0.001380134036191736,-0.02273632069936974,0.05238554387091182,0.0011889161663444536,-1809.8046884581565,False
11,moderate,66,residual_horizon_nmpc_gain_1,1.0,5.0,0.1905025207366075,0.05198676278069141,0.34208913205161623,0.19098048995444808,0.051547582689618905,0.3417759002960631,0.1222076474622771,-0.0002951342773437615,0.079254150390625,0.05220764746227709,0.1922076474622771,-0.08,0.08,0.06829487327433041,0.052281897058035175,0.26283498166099123,5.5750671554680165e-05,5.5750671554680165e-05,not_applicable,0.0,,False,-1958.3891551204806,-0.052975244125527406,0.4024304356602051,-0.047667586507621464,-0.047667586507621464,-0.04767984247001178,-0.04767984247001178,0.0004794340793314311,False,False,81888.12255859375,6183.133755185188,20.95494384003998,5.731564585685436e-06,109.56213274343739,1.1271201633807792,1.057845439337298,0.8291739104917131,1.0497015221724948,0.165381683907133,1.0,0.00030848479803221776,0.0006562873235056894,0.001380134036191736,-0.02273632069936974,0.05238554387091182,0.0011889161663444536,-1809.8046884581565,False
11,moderate,66,residual_horizon_nmpc_gain_1,1.0,5.5,0.19526395831980162,0.05194754118973717,0.3680727124495461,0.19576422851278297,0.05127748120005702,0.3680753453133257,0.12265828617969822,-0.0003236035156249928,0.07909944213867187,0.05265828617969821,0.1926582861796982,-0.08,0.08,0.0726056721401034,0.05227114470536216,0.2889732703108742,5.695771820567533e-05,5.695771820567533e-05,not_applicable,0.0,,False,-1964.0373283952383,-0.05484456116276524,0.40259084988176863,-0.047667586507621464,-0.047667586507621464,-0.04766818263741667,-0.04766818263741667,2.331966519021622e-05,False,False,81864.91632080078,6179.952766846162,20.944163314397265,5.7525770616336835e-06,109.85068290841785,1.1271201633807792,1.057845439337298,0.8291739104917131,1.0497015221724948,0.165381683907133,1.0,0.00030848479803221776,0.0006562873235056894,0.001380134036191736,-0.02273632069936974,0.05238554387091182,0.0011889161663444536,-1809.8046884581565,True
11,moderate,66,residual_horizon_nmpc_gain_1,1.0,6.0,0.19951082030073575,0.05190821232810604,0.39403665476794336,0.19930081599650745,0.05229148400667408,0.3931032880737711,0.12314814814814815,-0.0003518823242187469,0.07893054687500001,0.05314814814814814,0.19314814814814815,-0.08,0.08,0.0763626721525876,0.052260094652324784,0.31510610789294335,5.781015410167905e-05,5.781015410167905e-05,Solve_Succeeded,0.0550483749830164,35030.844638820185,False,-1969.1740224595858,-0.05650773096774782,0.4027633234553852,-0.047241500140936,-0.047667586507621464,-0.04766761550336422,-0.04766761550336422,1.1342681048992498e-06,False,False,81839.58203125,6176.532643486048,20.932572348428415,5.775604381351572e-06,110.16836993479706,1.1271201633807792,1.057845439337298,0.8291739104917131,1.0497015221724948,0.165381683907133,1.0,0.00030848479803221776,0.0006562873235056894,0.001380134036191736,-0.02273632069936974,0.05238554387091182,0.0011889161663444536,-1809.8046884581565,True
11,moderate,66,residual_horizon_nmpc_gain_1,1.0,6.5,0.20329665940343608,0.05186878583549406,0.4199809078297191,0.20337796387883444,0.05133200553010857,0.42134195187894175,0.12367659036351165,-0.0003799707031250099,0.07874755981445312,0.05367659036351165,0.19367659036351165,-0.08,0.08,0.07962006903992443,0.05224875653861907,0.34123334801526595,5.971285730304622e-05,5.971285730304622e-05,not_applicable,0.0,,False,-1973.861056036839,-0.05798697337786019,0.40294758617496185,-0.047241500140936,-0.047667586507621464,-0.04766758791797388,-0.04766758791797388,5.517078068006942e-08,False,False,81812.13397216797,6172.878743248417,20.920189101145034,5.800657034326951e-06,110.51537069856919,1.1271201633807792,1.057845439337298,0.8291739104917131,1.0497015221724948,0.165381683907133,1.0,0.00030848479803221776,0.0006562873235056894,0.001380134036191736,-0.02273632069936974,0.05238554387091182,0.0011889161663444536,-1809.8046884581565,True
11,moderate,66,residual_horizon_nmpc_gain_1,1.0,7.0,0.20666945426951092,0.051829270177631365,0.4459054249790281,0.2065060507709903,0.050987347458736315,0.4462659550108813,0.12424296982167352,-0.00040786865234375413,0.078550576171875,0.05424296982167351,0.19424296982167352,-0.08,0.08,0.0824264844478374,0.05223713882997512,0.3673548488071531,6.127017352056986e-05,6.127017352056986e-05,not_applicable,0.0,,False,-1978.2590036631464,-0.05933930636545308,0.4031433865961587,-0.047241500140936,-0.047241500140936,-0.047262225042920485,-0.047262225042920485,0.0008107257501067944,False,False,81782.58642578125,6168.996052234287,20.907030470688255,5.827747420853623e-06,110.89187067959872,1.1271201633807792,1.057845439337298,0.8291739104917131,1.0497015221724948,0.165381683907133,1.0,0.00030848479803221776,0.0006562873235056894,0.001380134036191736,-0.02273632069936974,0.05238554387091182,0.0011889161663444536,-1809.8046884581565,True
11,moderate,66,residual_horizon_nmpc_gain_1,1.0,7.5,0.2096721890534149,0.05178967066446587,0.4718101629993806,0.20902184363578225,0.052833376050189014,0.4724398997002101,0.12484664351851851,-0.0004355761718749934,0.07833969116210937,0.054846643518518506,0.19484664351851852,-0.08,0.08,0.08482554553489638,0.05222524683634086,0.39347047183727124,6.248432089408541e-05,6.248432089408541e-05,not_applicable,0.0,,False,-1982.2052708207236,-0.06050776974888643,0.40335048914940924,-0.047241500140936,-0.047241500140936,-0.047242508199804176,-0.047242508199804176,3.943368623261778e-05,False,False,81750.9536743164,6164.88924175046,20.893112288346153,5.856889849311447e-06,111.29806595890464,1.1271201633807792,1.057845439337298,0.8291739104917131,1.0497015221724948,0.165381683907133,1.0,0.00030848479803221776,0.0006562873235056894,0.001380134036191736,-0.02273632069936974,0.05238554387091182,0.0011889161663444536,-1809.8046884581565,True
11,moderate,66,residual_horizon_nmpc_gain_1,1.0,8.0,0.21234337373991358,0.05174999590756932,0.49769508215059277,0.21244576045731947,0.05182664638242874,0.4993889831637902,0.1254869684499314,-0.00046309326171874166,0.078115,0.055486968449931395,0.1954869684499314,-0.08,0.08,0.08685640528998217,0.05221308916928806,0.4195800821505928,6.483303957547336e-05,6.483303957547336e-05,Solve_Succeeded,0.05562037497293204,32594.17220142701,False,-1985.838997224275,-0.061541966139243585,0.4035686718725181,-0.04663784210030374,-0.047241500140936,-0.047241549172901624,-0.047241549172901624,1.918053805102793e-06,False,False,81717.25,6160.562713271744,20.878449470932924,5.8881005362993896e-06,111.73416479119702,1.1271201633807792,1.057845439337298,0.8291739104917131,1.0497015221724948,0.165381683907133,1.0,0.00030848479803221776,0.0006562873235056894,0.001380134036191736,-0.02273632069936974,0.05238554387091182,0.0011889161663444536,-1809.8046884581565,True
11,moderate,66,residual_horizon_nmpc_gain_1,1.0,8.5,0.21471751030675704,0.05171025178011722,0.52356014631003,0.2147328883322418,0.051581898092239106,0.5227714550929699,0.12616330161179698,-0.0004904199218749988,0.07787659790039063,0.05616330161179697,0.196163301611797,-0.08,0.08,0.08855420869496006,0.05220067170199222,0.44568354840963936,6.666797524012245e-05,6.666797524012245e-05,not_applicable,0.0,,False,-1989.2025495618766,-0.06245726079891445,0.4037977245977856,-0.04663784210030374,-0.047241500140936,-0.047241502525849945,-0.047241502525849945,9.329410335934263e-08,False,False,81681.4896850586,6156.020634389981,20.86305614262193,5.92139760957033e-06,112.20038886953337,1.1271201633807792,1.057845439337298,0.8291739104917131,1.0497015221724948,0.165381683907133,1.0,0.00030848479803221776,0.0006562873235056894,0.001380134036191736,-0.02273632069936974,0.05238554387091182,0.0011889161663444536,-1809.8046884581565,True
11,moderate,66,residual_horizon_nmpc_gain_1,1.0,9.0,0.21682550939092815,0.05167044334761136,0.549405322086478,0.21689010041688303,0.05272571789093052,0.5479265156331786,0.126875,-0.0005175561523437511,0.077624580078125,0.05687499999999998,0.196875,-0.08,0.08,0.08995050939092816,0.05218799949995511,0.47178074200835296,6.850657337947007e-05,6.850657337947007e-05,not_applicable,0.0,,False,-1992.4852344228295,-0.06331987941197616,0.4040374474800409,-0.04663784210030374,-0.04663784210030374,-0.04666720413278995,-0.04666720413278995,0.0011485967861199903,False,False,81643.68701171875,6151.266968002932,20.84694573386822,5.956801113722713e-06,112.69697436276796,1.1271201633807792,1.057845439337298,0.8291739104917131,1.0497015221724948,0.165381683907133,1.0,0.00030848479803221776,0.0006562873235056894,0.001380134036191736,-0.02273632069936974,0.05238554387091182,0.0011889161663444536,-1809.8046884581565,True
11,moderate,66,residual_horizon_nmpc_gain_1,1.0,9.5,0.2186950632916765,0.05163057192485752,0.5752305776808958,0.21895910208087427,0.05174340382791182,0.5758196194768471,0.12762142061042525,-0.0005445019531249984,0.07735904174804688,0.057621420610425245,0.19762142061042526,-0.08,0.08,0.09107364268125126,0.052175073877982515,0.49787153593284894,7.152353307163413e-05,7.152353307163413e-05,not_applicable,0.0,,False,-1995.414753178991,-0.06403573525820316,0.40428764978530923,-0.04663784210030374,-0.04663784210030374,-0.04663927026904769,-0.04663927026904769,5.586772748451818e-05,False,False,81603.85626220703,6146.305496334782,20.830131062815237,5.994333018610051e-06,113.22417278294309,1.1271201633807792,1.057845439337298,0.8291739104917131,1.0497015221724948,0.165381683907133,1.0,0.00030848479803221776,0.0006562873235056894,0.001380134036191736,-0.02273632069936974,0.05238554387091182,0.0011889161663444536,-1809.8046884581565,True
11,moderate,66,residual_horizon_nmpc_gain_1,1.0,10.0,0.22035098166025543,0.051590644304296586,0.601035883318461,0.22081023273940742,0.05202574938865042,0.5995701828267707,0.12840192043895748,-0.0005712573242187546,0.077080078125,0.05840192043895748,0.1984019204389575,-0.08,0.08,0.09194906122129795,0.05216190162851534,0.523955805193461,7.379526169767154e-05,7.379526169767154e-05,Solve_Succeeded,0.0711201669764705,31997.578603005506,False,-1998.1579240051528,-0.06466340885396352,0.40454814888211915,-0.04585216932671222,-0.04663784210030374,-0.04663791156640634,-0.04663791156640634,2.7174052826955952e-06,False,False,81562.01171875,6141.139840938384,20.81262440308339,6.0340172304348305e-06,113.78225172401447,1.1271201633807792,1.057845439337298,0.8291739104917131,1.0497015221724948,0.165381683907133,1.0,0.00030848479803221776,0.0006562873235056894,0.001380134036191736,-0.02273632069936974,0.05238554387091182,0.0011889161663444536,-1809.8046884581565,True
11,moderate,66,residual_horizon_nmpc_gain_1,1.0,10.5,0.22181549224877142,0.05155066397028837,0.626821211791234,0.22177377941452814,0.05054934419546981,0.6269644858426419,0.12921585648148148,-0.000597822265625006,0.07678778442382812,0.05921585648148148,0.1992158564814815,-0.08,0.08,0.09259963576728994,0.05214848623591337,0.5500334273674058,7.72658763709428e-05,7.72658763709428e-05,not_applicable,0.0,,False,-2000.7457319872158,-0.06521410321762726,0.40481876939269756,-0.04585216932671222,-0.04663784210030374,-0.04663784547913375,-0.04663784547913375,1.3217454518377192e-07,False,False,81518.16766357422,6135.773479526905,20.794437540813334,6.075879605498911e-06,114.37149550249157,1.1271201633807792,1.057845439337298,0.8291739104917131,1.0497015221724948,0.165381683907133,1.0,0.00030848479803221776,0.0006562873235056894,0.001380134036191736,-0.02273632069936974,0.05238554387091182,0.0011889161663444536,-1809.8046884581565,True
11,moderate,66,residual_horizon_nmpc_gain_1,1.0,11.0,0.22310850894374842,0.05151063381278415,0.6525865374827806,0.22277969415606816,0.05244759334654155,0.6531026998264381,0.13006258573388202,-0.0006241967773437523,0.076482255859375,0.06006258573388201,0.20006258573388203,-0.08,0.08,0.0930459232098664,0.052134830590127905,0.5761042816234057,7.981112893467278e-05,7.981112893467278e-05,not_applicable,0.0,,False,-2003.4071037374931,-0.0657661473601814,0.4050993424719997,-0.04585216932671222,-0.04585216932671222,-0.0458903846009538,-0.0458903846009538,0.0014949217563599015,False,False,81472.33837890625,6130.2097602705635,20.7755818231183,6.119947966587557e-06,114.99220572296913,1.1271201633807792,1.057845439337298,0.8291739104917131,1.0497015221724948,0.165381683907133,1.0,0.00030848479803221776,0.0006562873235056894,0.001380134036191736,-0.02273632069936974,0.05238554387091182,0.0011889161663444536,-1809.8046884581565,True
11,moderate,66,residual_horizon_nmpc_gain_1,1.0,11.5,0.2242478715553388,0.05147055216582802,0.6783318350808119,0.22344077631908646,0.052318853136690865,0.6774588138959502,0.1309414651920439,-0.0006503808593749938,0.07616358764648437,0.06094146519204388,0.2009414651920439,-0.08,0.08,0.0933064063632949,0.052120933025203015,0.6021682474343275,8.283698540280035e-05,8.283698540280035e-05,not_applicable,0.0,,False,-2005.759027256538,-0.06618951185044875,0.40538970519014955,-0.04585216932671222,-0.04585216932671222,-0.0458540281169795,-0.0458540281169795,7.271296794859883e-05,False,False,81424.53814697266,6124.451914042717,20.75606819958672,6.166252121969349e-06,115.64470178608642,1.1271201633807792,1.057845439337298,0.8291739104917131,1.0497015221724948,0.165381683907133,1.0,0.00030848479803221776,0.0006562873235056894,0.001380134036191736,-0.02273632069936974,0.05238554387091182,0.0011889161663444536,-1809.8046884581565,True
11,moderate,66,residual_horizon_nmpc_gain_1,1.0,12.0,0.225249562658075,0.05143042504393899,0.7040570803585223,0.2250143236126372,0.05216192908139717,0.7068233364485328,0.13185185185185186,-0.0006763745117187442,0.075831875,0.06185185185185185,0.20185185185185187,-0.08,0.08,0.09339771080622314,0.05210679955565774,0.6282252053585223,8.695359112967068e-05,8.695359112967068e-05,Solve_Succeeded,0.059241959010250866,26002.11345530053,False,-2008.0049201455345,-0.06655412805881569,0.40568969999943083,-0.04487775314923708,-0.04585216932671222,-0.045852259738238144,-0.045852259738238144,3.5367574827138704e-06,False,False,81374.78125,6118.5030649893715,20.735907258102767,6.214823886999213e-06,116.32932135248178,1.1271201633807792,1.057845439337298,0.8291739104917131,1.0497015221724948,0.165381683907133,1.0,0.00030848479803221776,0.0006562873235056894,0.001380134036191736,-0.02273632069936974,0.05238554387091182,0.0011889161663444536,-1809.8046884581565,True
11,moderate,66,residual_horizon_nmpc_gain_1,1.0,12.5,0.22612790185978995,0.05139025441136505,0.7297622510823167,0.22676877806772056,0.05096254551349013,0.7281554128879838,0.13279310270919067,-0.0007021777343750035,0.07548721313476563,0.06279310270919067,0.20279310270919068,-0.08,0.08,0.09333479915059928,0.05209243214574005,0.6542750379475512,9.016152907236757e-05,9.016152907236757e-05,not_applicable,0.0,,False,-2010.1695400497524,-0.06686878559449393,0.4059991742710676,-0.04487775314923708,-0.04585216932671222,-0.04585217372432725,-0.04585217372432725,1.7202782179315257e-07,False,False,81323.08197021484,6112.36623971472,20.715109255976643,6.265697108315993e-06,117.04642077335978,1.1271201633807792,1.057845439337298,0.8291739104917131,1.0497015221724948,0.165381683907133,1.0,0.00030848479803221776,0.0006562873235056894,0.001380134036191736,-0.02273632069936974,0.05238554387091182,0.0011889161663444536,-1809.8046884581565,True
11,moderate,66,residual_horizon_nmpc_gain_1,1.0,13.0,0.22689571796917543,0.051350041753394304,0.7554473258796572,0.22728962001288103,0.05151278555011012,0.75373553218799,0.13376457475994513,-0.000727790527343744,0.075129697265625,0.06376457475994513,0.20376457475994514,-0.08,0.08,0.0931311432092303,0.05207783228073805,0.6803176286140322,9.380848532255549e-05,9.380848532255549e-05,not_applicable,0.0,,False,-2012.5311228421176,-0.06722618849496158,0.40631797989012214,-0.04487775314923708,-0.04487775314923708,-0.04492514894887913,-0.04492514894887913,0.001854049550896228,False,False,81269.45458984375,6106.044375314271,20.693684147169208,6.318907690631207e-06,117.79637549609089,1.1271201633807792,1.057845439337298,0.8291739104917131,1.0497015221724948,0.165381683907133,1.0,0.00030848479803221776,0.0006562873235056894,0.001380134036191736,-0.02273632069936974,0.05238554387091182,0.0011889161663444536,-1809.8046884581565,True
11,moderate,66,residual_horizon_nmpc_gain_1,1.0,13.5,0.2275645028367149,0.0513097830051024,0.7811122827319082,0.22804334155919248,0.05116263812525615,0.7811517862043109,0.134765625,-0.0007532128906250074,0.07475942260742188,0.064765625,0.204765625,-0.08,0.08,0.0927988778367149,0.05206299589572741,0.7063528601244864,9.82673832479325e-05,9.82673832479325e-05,not_applicable,0.0,,False,-2014.5898250840162,-0.06746034493447203,0.4066459728991729,-0.04487775314923708,-0.04487775314923708,-0.04488005848009845,-0.04488005848009845,9.018093756137102e-05,False,False,81213.91339111328,6099.540326440656,20.671641606238378,6.374493626109325e-06,118.57958045156634,1.1271201633807792,1.057845439337298,0.8291739104917131,1.0497015221724948,0.165381683907133,1.0,0.00030848479803221776,0.0006562873235056894,0.001380134036191736,-0.02273632069936974,0.05238554387091182,0.0011889161663444536,-1809.8046884581565,True
11,moderate,66,residual_horizon_nmpc_gain_1,1.0,14.0,0.22814455174342152,0.051269484111419086,0.8067571000893724,0.2277206450900579,0.05113342649561395,0.8062050814423163,0.13579561042524005,-0.0007784448242187519,0.074376484375,0.06579561042524004,0.20579561042524006,-0.08,0.08,0.09234894131818147,0.05204792893563784,0.7323806157143724,0.000102391534549791,0.000102391534549791,Solve_Succeeded,0.06440162495709956,14012.842315308044,False,-2016.5937816351718,-0.06765443129356583,0.4069830131832363,-0.0437049573665472,-0.04487775314923708,-0.04487786528048965,-0.04487786528048965,4.3863992175985356e-06,False,False,81156.47265625,6092.856871551574,20.64899104951369,6.432495026344647e-06,119.39645042874484,1.1271201633807792,1.057845439337298,0.8291739104917131,1.0497015221724948,0.165381683907133,1.0,0.00030848479803221776,0.0006562873235056894,0.001380134036191736,-0.02273632069936974,0.05238554387091182,0.0011889161663444536,-1809.8046884581565,True
11,moderate,66,residual_horizon_nmpc_gain_1,1.0,14.5,0.22864508917508553,0.051229146066177594,0.8323817581360923,0.22853696576564328,0.05049493355632121,0.8311795031407612,0.13685388803155007,-0.0008034863281249915,0.07398097778320313,0.06685388803155007,0.20685388803155008,-0.08,0.08,0.09179120114353545,0.052032632394302586,0.7584007803528892,0.00010686686276127622,0.00010686686276127622,not_applicable,0.0,,False,-2018.5648917773092,-0.0678159698749487,0.4073289641897978,-0.0437049573665472,-0.04487775314923708,-0.044877758603299234,-0.044877758603299234,2.1335438082914493e-07,False,False,81097.14666748047,6085.996718461531,20.625741653911437,6.492954156943691e-06,120.24742044081205,1.1271201633807792,1.057845439337298,0.8291739104917131,1.0497015221724948,0.165381683907133,1.0,0.00030848479803221776,0.0006562873235056894,0.001380134036191736,-0.02273632069936974,0.05238554387091182,0.0011889161663444536,-1809.8046884581565,True
11,moderate,66,residual_horizon_nmpc_gain_1,1.0,15.0,0.22907437910884282,0.05118876943563451,0.8579862374452802,0.2290986946903359,0.05085202707235459,0.8579153169372231,0.13793981481481482,-0.000828337402343754,0.073572998046875,0.06793981481481481,0.20793981481481483,-0.08,0.08,0.091134564294028,0.052017106837978264,0.7844132393984052,0.00011165835839254366,0.00011165835839254366,not_applicable,0.0,,False,-2020.840521058097,-0.06805404703888426,0.407683692678915,-0.0437049573665472,-0.0437049573665472,-0.04376200239808495,-0.04376200239808495,0.002231512410428571,False,False,81035.94970703125,6078.962509297259,20.60190237372883,6.555915474726319e-06,121.13294608658632,1.1271201633807792,1.057845439337298,0.8291739104917131,1.0497015221724948,0.165381683907133,1.0,0.00030848479803221776,0.0006562873235056894,0.001380134036191736,-0.02273632069936974,0.05238554387091182,0.0011889161663444536,-1809.8046884581565,True
11,moderate,66,residual_horizon_nmpc_gain_1,1.0,15.5,0.22943982334155244,0.05114834804807614,0.8835705171880187,0.22946555688600942,0.051242716735416034,0.8844398680532765,0.13905274777091908,-0.0008529980468749976,0.07315264038085938,0.06905274777091908,0.2090527477709191,-0.08,0.08,0.09038707557063336,0.052001346094951134,0.8104178768071594,0.00011660263059471397,0.00011660263059471397,not_applicable,0.0,,False,-2022.7929875357652,-0.06816564183886654,0.4080470684992265,-0.0437049573665472,-0.0437049573665472,-0.04370773203587834,-0.04370773203587834,0.00010854072441321416,False,False,80972.8960571289,6071.756824939426,20.577481955697145,6.621425667562333e-06,122.05350391016623,1.1271201633807792,1.057845439337298,0.8291739104917131,1.0497015221724948,0.165381683907133,1.0,0.00030848479803221776,0.0006562873235056894,0.001380134036191736,-0.02273632069936974,0.05238554387091182,0.0011889161663444536,-1809.8046884581565,True
11,moderate,66,residual_horizon_nmpc_gain_1,1.0,16.0,0.22974805276215918,0.05110788829379799,0.9091345765893505,0.22980005142513898,0.05207113147554087,0.9099981685987694,0.1401920438957476,-0.0008774682617187501,0.07272,0.0701920438957476,0.2101920438957476,-0.08,0.08,0.08955600886641157,0.05198535655551674,0.8364145765893505,0.000121441057224348,0.000121441057224348,Solve_Succeeded,0.05748545902315527,11158.373550814795,False,-2024.723538179087,-0.0682488856926958,0.40841896438639796,-0.04232509324524361,-0.0437049573665472,-0.04370509232641469,-0.04370509232641469,5.279418927306434e-06,False,False,80908.0,6064.382189019411,20.552488952527018,6.689533696864704e-06,123.00959176132505,1.1271201633807792,1.057845439337298,0.8291739104917131,1.0497015221724948,0.165381683907133,1.0,0.00030848479803221776,0.0006562873235056894,0.001380134036191736,-0.02273632069936974,0.05238554387091182,0.0011889161663444536,-1809.8046884581565,True
11,moderate,66,residual_horizon_nmpc_gain_1,1.0,16.5,0.23000500912257626,0.051067390545624335,0.9346783965644863,0.22971446236838922,0.050845012104535,0.9348956602087316,0.14135706018518518,-0.0009017480468750116,0.07227517211914063,0.07135706018518517,0.21135706018518519,-0.08,0.08,0.08864794893739109,0.051969138592499346,0.8624032244453457,0.0001268848486772091,0.0001268848486772091,not_applicable,0.0,,False,-2026.6535051339324,-0.06831079662247293,0.4087992557810987,-0.04232509324524361,-0.0437049573665472,-0.04370496393099278,-0.04370496393099278,2.567908438111388e-07,False,False,80841.2758178711,6056.841071528806,20.526931735141215,6.760290842763655e-06,124.00172915873758,1.1271201633807792,1.057845439337298,0.8291739104917131,1.0497015221724948,0.165381683907133,1.0,0.00030848479803221776,0.0006562873235056894,0.001380134036191736,-0.02273632069936974,0.05238554387091182,0.0011889161663444536,-1809.8046884581565,True
11,moderate,66,residual_horizon_nmpc_gain_1,1.0,17.0,0.2302160153225391,0.051026854756455776,0.9602019581095175,0.23007270880171515,0.051729163621206296,0.9574073533697691,0.1425471536351166,-0.0009258374023437543,0.071818251953125,0.0725471536351166,0.21254715363511661,-0.08,0.08,0.0876688616874225,0.05195269215879953,0.8883837061563925,0.0001314005105037576,0.0001314005105037576,not_applicable,0.0,,False,-2028.9890787198717,-0.0684784364145172,0.4091878206640562,-0.04232509324524361,-0.04232509324524361,-0.04239221013114029,-0.04239221013114029,0.0026255075997049793,False,False,80772.73779296875,6049.1358920902585,20.500818503759668,6.833750751990154e-06,125.03045765780891,1.1271201633807792,1.057845439337298,0.8291739104917131,1.0497015221724948,0.165381683907133,1.0,0.00030848479803221776,0.0006562873235056894,0.001380134036191736,-0.02273632069936974,0.05238554387091182,0.0011889161663444536,-1809.8046884581565,True
11,moderate,66,residual_horizon_nmpc_gain_1,1.0,17.5,0.2303858378181857,0.05098627276143147,0.9857052401670494,0.2304820460793865,0.05127214801445271,0.9838464503356922,0.1437616812414266,-0.0009497363281249921,0.07134933471679687,0.0737616812414266,0.2137616812414266,-0.08,0.08,0.08662415657675909,0.051936009089556465,0.9143559054502526,0.0001374147227205403,0.0001374147227205403,not_applicable,0.0,,False,-2030.961088084447,-0.06851048790555074,0.4095845394061104,-0.04232509324524361,-0.04232509324524361,-0.04232835780939371,-0.04232835780939371,0.0001277046434931678,False,False,80702.40020751953,6041.269022930859,20.47415729797645,6.909969488500479e-06,126.09634122459727,1.1271201633807792,1.057845439337298,0.8291739104917131,1.0497015221724948,0.165381683907133,1.0,0.00030848479803221776,0.0006562873235056894,0.001380134036191736,-0.02273632069936974,0.05238554387091182,0.0011889161663444536,-1809.8046884581565,True
11,moderate,66,residual_horizon_nmpc_gain_1,1.0,18.0,0.23051874640795803,0.05094565178453008,1.011188221444024,0.23006491106955856,0.05238682469527454,1.0116191451002483,0.145,-0.0009734448242187527,0.070868515625,0.07499999999999998,0.215,-0.08,0.08,0.08551874640795804,0.051919096608748834,0.940319705819024,0.00014353751125805283,0.00014353751125805283,Solve_Succeeded,0.054263583035208285,5881.452663824104,False,-2032.932262222633,-0.06852140831460246,0.40998929463149714,-0.04072209033817356,-0.04232509324524361,-0.04232525203358648,-0.04232525203358648,6.211551614454525e-06,False,False,80630.27734375,6033.242791593229,20.44695600594777,6.989005586877523e-06,127.19996661711095,1.1271201633807792,1.057845439337298,0.8291739104917131,1.0497015221724948,0.165381683907133,1.0,0.00030848479803221776,0.0006562873235056894,0.001380134036191736,-0.02273632069936974,0.05238554387091182,0.0011889161663444536,-1809.8046884581565,True
11,moderate,66,residual_horizon_nmpc_gain_1,1.0,18.5,0.23061856779584128,0.050904991799972064,1.036650882446537,0.23068307089531126,0.05021956026494046,1.0376866971147598,0.14626146690672154,-0.0009969628906250083,0.07037588989257812,0.07626146690672153,0.21626146690672154,-0.08,0.08,0.08435710088911974,0.05190195469059707,0.9662749925539589,0.00015037821188816983,0.00015037821188816983,not_applicable,0.0,,False,-2034.9249722185273,-0.068518216459317,0.41040197109284127,-0.04072209033817356,-0.04232509324524361,-0.042325100968705814,-0.042325100968705814,3.0212976133425773e-07,False,False,80556.38348388672,6025.059483414375,20.419222372792923,7.070920108547449e-06,128.3419437750663,1.1271201633807792,1.057845439337298,0.8291739104917131,1.0497015221724948,0.165381683907133,1.0,0.00030848479803221776,0.0006562873235056894,0.001380134036191736,-0.02273632069936974,0.05238554387091182,0.0011889161663444536,-1809.8046884581565,True
11,moderate,66,residual_horizon_nmpc_gain_1,1.0,19.0,0.2306887299550339,0.050864292338913035,1.062093203556672,0.23050716811304592,0.05050372308325559,1.0627887928210187,0.147545438957476,-0.0010202905273437451,0.069871552734375,0.07754543895747598,0.217545438957476,-0.08,0.08,0.0831432909975579,0.05188458286625678,0.992221650822297,0.00015650615985586536,0.00015650615985586536,not_applicable,0.0,,False,-2037.4268210611874,-0.06864800840530952,0.41082245555655417,-0.04072209033817356,-0.04072209033817356,-0.04080006074706169,-0.04080006074706169,0.00305008044328825,False,False,80480.73291015625,6016.721343798232,20.39096400829609,7.1557767008543775e-06,129.52290621905627,1.1271201633807792,1.057845439337298,0.8291739104917131,1.0497015221724948,0.165381683907133,1.0,0.00030848479803221776,0.0006562873235056894,0.001380134036191736,-0.02273632069936974,0.05238554387091182,0.0011889161663444536,-1809.8046884581565,True
11,moderate,66,residual_horizon_nmpc_gain_1,1.0,19.5,0.23073230120896757,0.05082354318438385,1.0875151624847348,0.23108327592174507,0.050794423159204766,1.085427712620271,0.14885127314814814,-0.001043427734374991,0.06935559936523437,0.07885127314814813,0.21885127314814815,-0.08,0.08,0.08188102806081943,0.05186697091875884,1.0181595631195004,0.00016216291341257343,0.00016216291341257343,not_applicable,0.0,,False,-2039.5060809211684,-0.06862834371582259,0.41125063669750794,-0.04072209033817356,-0.04072209033817356,-0.040725882817491156,-0.040725882817491156,0.00014835585914106664,False,False,80403.33990478516,6008.230580304267,20.362188393984678,7.2436416590386755e-06,130.74351145994072,1.1271201633807792,1.057845439337298,0.8291739104917131,1.0497015221724948,0.165381683907133,1.0,0.00030848479803221776,0.0006562873235056894,0.001380134036191736,-0.02273632069936974,0.05238554387091182,0.0011889161663444536,-1809.8046884581565,True
11,moderate,66,residual_horizon_nmpc_gain_1,1.0,20.0,0.23075202992247643,0.050782752757505316,1.1129167364917822,0.23070642659714385,0.049788708551086226,1.114381296057837,0.1501783264746228,-0.0010663745117187456,0.068828125,0.08017832647462278,0.2201783264746228,-0.08,0.08,0.08057370344785364,0.05184912726922406,1.0440886114917822,0.00017011037468086512,0.00017011037468086512,Solve_Succeeded,0.050984582980163395,1603.7260496539518,False,-2041.5979670796296,-0.06859182046306622,0.4116864050020053,-0.03880655545748345,-0.04072209033817356,-0.0407222748043009,-0.0407222748043009,7.2160263805132185e-06,False,False,80324.21875,5999.589364571574,20.332902889650182,7.334583991168145e-06,132.00444141917347,1.1271201633807792,1.057845439337298,0.8291739104917131,1.0497015221724948,0.165381683907133,1.0,0.00030848479803221776,0.0006562873235056894,0.001380134036191736,-0.02273632069936974,0.05238554387091182,0.0011889161663444536,-1809.8046884581565,True
11,moderate,66,residual_horizon_nmpc_gain_1,1.0,20.5,0.23075038006422233,0.0507419207782116,1.1382979048738782,0.23060562500606313,0.05006783112054167,1.1369717326898856,0.15152595593278462,-0.0010891308593749954,0.06828922485351563,0.08152595593278461,0.22152595593278462,-0.08,0.08,0.07922442413143771,0.0518310516375866,1.0700086800203625,0.0001760981033287548,0.0001760981033287548,not_applicable,0.0,,False,-2043.727195325158,-0.06854582922053563,0.4121296526781913,-0.03880655545748345,-0.04072209033817356,-0.04072209931060275,-0.04072209931060275,3.509873962997956e-07,False,False,80243.38372802734,5990.799834095381,20.303114739368862,7.428675486074318e-06,133.30640286068217,1.1271201633807792,1.057845439337298,0.8291739104917131,1.0497015221724948,0.165381683907133,1.0,0.00030848479803221776,0.0006562873235056894,0.001380134036191736,-0.02273632069936974,0.05238554387091182,0.0011889161663444536,-1809.8046884581565,True
11,moderate,66,residual_horizon_nmpc_gain_1,1.0,21.0,0.23072955869045106,0.05070104647495988,1.1636586466639518,0.2306381084674385,0.051040897573726283,1.165363434740201,0.1528935185185185,-0.0011116967773437542,0.06773899414062501,0.0828935185185185,0.22289351851851852,-0.08,0.08,0.07783604017193255,0.05181274325230363,1.0959196525233268,0.00018379095677331127,0.00018379095677331127,not_applicable,0.0,,False,-2046.499805245569,-0.06866612864154392,0.41258027357316207,-0.03880655545748345,-0.03880655545748345,-0.038899727476823874,-0.038899727476823874,0.003644743667557751,False,False,80160.84912109375,5981.864093870782,20.27283107707244,7.525990784349881e-06,134.65012783485227,1.1271201633807792,1.057845439337298,0.8291739104917131,1.0497015221724948,0.165381683907133,1.0,0.00030848479803221776,0.0006562873235056894,0.001380134036191736,-0.02273632069936974,0.05238554387091182,0.0011889161663444536,-1809.8046884581565,True
11,moderate,66,residual_horizon_nmpc_gain_1,1.0,21.5,0.23069153967074102,0.050660116957997235,1.1889989374793957,0.23086023769343533,0.04963795170033991,1.1876864825738458,0.15428037122770918,-0.001134072265625008,0.06717752807617187,0.08428037122770918,0.2242803712277092,-0.08,0.08,0.07641116844303183,0.05179418922362224,1.1218214094032237,0.00019057639573520982,0.00019057639573520982,not_applicable,0.0,,False,-2048.7519454270887,-0.06861309914126015,0.4130381630961138,-0.03880655545748345,-0.03880655545748345,-0.03881108734286621,-0.03881108734286621,0.0001772802679153307,False,False,80076.62921142578,5972.78421791668,20.242058931712783,7.626607452466193e-06,136.03637413509614,1.1271201633807792,1.057845439337298,0.8291739104917131,1.0497015221724948,0.165381683907133,1.0,0.00030848479803221776,0.0006562873235056894,0.001380134036191736,-0.02273632069936974,0.05238554387091182,0.0011889161663444536,-1809.8046884581565,True
11,moderate,66,residual_horizon_nmpc_gain_1,1.0,22.0,0.23063809077418407,0.05061914261691949,1.214318752312375,0.23077340814775316,0.050245020607639274,1.2146202631902074,0.15568587105624143,-0.001156257324218743,0.066604921875,0.08568587105624142,0.22568587105624144,-0.08,0.08,0.07495221971794264,0.05177539994113823,1.147713830437375,0.00019838354550588038,0.00019838354550588038,Solve_Succeeded,0.04984854202484712,611.4847429392563,False,-2051.022510446088,-0.06854477659682053,0.4135553796234184,-0.03638114890487665,-0.03880655545748345,-0.0388067758883088,-0.0388067758883088,8.622909114811006e-06,False,False,79990.73828125,5963.562250691366,20.210805232059418,7.73060606007288e-06,137.46592576742938,1.1271201633807792,1.057845439337298,0.8291739104917131,1.0497015221724948,0.165381683907133,1.0,0.00030848479803221776,0.0006562873235056894,0.001380134036191736,-0.02273632069936974,0.05238554387091182,0.0011889161663444536,-1809.8046884581565,True
11,moderate,66,residual_horizon_nmpc_gain_1,1.0,22.5,0.23057079795011695,0.050578123065446276,1.239618068655718,0.23016768892458897,0.049259085249103614,1.2394672728674896,0.157109375,-0.0011782519531250008,0.06602127075195313,0.08710937499999999,0.227109375,-0.08,0.08,0.07346142295011696,0.05175637501857128,1.173596797903765,0.00020613220563825592,0.00020613220563825592,not_applicable,0.0,,False,-2053.328139914276,-0.06846597566201823,0.41452118455903586,-0.03638114890487665,-0.03880655545748345,-0.038806566179234926,-0.038806566179234926,4.1941814775403596e-07,False,False,79903.19061279297,5954.200208409866,20.179076811164045,7.838070260545373e-06,138.93959343344096,1.1271201633807792,1.057845439337298,0.8291739104917131,1.0497015221724948,0.165381683907133,1.0,0.00030848479803221776,0.0006562873235056894,0.001380134036191736,-0.02273632069936974,0.05238554387091182,0.0011889161663444536,-1809.8046884581565,True
11,moderate,66,residual_horizon_nmpc_gain_1,1.0,23.0,0.23049108168347734,0.05053705758636407,1.264896863726227,0.23055061308827288,0.051335687698146774,1.2646696019662456,0.15855024005486967,-0.0012000561523437536,0.065426669921875,0.08855024005486967,0.22855024005486968,-0.08,0.08,0.07194084162860767,0.051737113738707825,1.199470193804352,0.00021341227736811075,0.00021341227736811075,not_applicable,0.0,,False,-2056.486600493165,-0.0686041196452334,0.41550436793117296,-0.03638114890487665,-0.03638114890487665,-0.036499121158462544,-0.036499121158462544,0.004614890041544764,False,False,79814.00048828125,5944.700080271976,20.146880410522424,7.949086874848706e-06,140.45821502698962,1.1271201633807792,1.057845439337298,0.8291739104917131,1.0497015221724948,0.165381683907133,1.0,0.00030848479803221776,0.0006562873235056894,0.001380134036191736,-0.02273632069936974,0.05238554387091182,0.0011889161663444536,-1809.8046884581565,True
11,moderate,66,residual_horizon_nmpc_gain_1,1.0,23.5,0.23040021021100787,0.05049592910883993,1.2901551102935505,0.23050122895205682,0.05164522091962733,1.291453051837211,0.16000782321673526,-0.0012216699218750016,0.06482121459960938,0.09000782321673526,0.23000782321673527,-0.08,0.08,0.07039238699427261,0.051717599030714934,1.225333895693941,0.00022185369279162197,0.00022185369279162197,not_applicable,0.0,,False,-2058.949951092264,-0.06852594568934922,0.4165048071705042,-0.03638114890487665,-0.03638114890487665,-0.03638688707321711,-0.03638688707321711,0.00022446817049086298,False,False,79723.1821899414,5935.063829608949,20.11422268396056,8.063745978789636e-06,142.02265614493345,1.1271201633807792,1.057845439337298,0.8291739104917131,1.0497015221724948,0.165381683907133,1.0,0.00030848479803221776,0.0006562873235056894,0.001380134036191736,-0.02273632069936974,0.05238554387091182,0.0011889161663444536,-1809.8046884581565,False
11,moderate,66,residual_horizon_nmpc_gain_1,1.0,24.0,0.2302993190439079,0.050454751522405576,1.3153927803318881,0.2302737323458469,0.04988558976433667,1.3164842479089942,0.16148148148148148,-0.0012430932617187584,0.064205,0.09148148148148147,0.23148148148148148,-0.08,0.08,0.06881783756242643,0.051697844784124335,1.251187780331888,0.00023055688138842647,0.00023055688138842647,Solve_Succeeded,0.04923850001068786,340.446152864131,False,-2061.4339523818385,-0.06843282984783995,0.41752238101690514,-0.03374447600503367,-0.03638114890487665,-0.03638142800928385,-0.03638142800928385,1.0918127866521576e-05,False,False,79630.75,5925.293394955936,20.08111020126924,8.182140993731783e-06,143.63381061216015,1.1271201633807792,1.057845439337298,0.8291739104917131,1.0497015221724948,0.165381683907133,1.0,0.00030848479803221776,0.0006562873235056894,0.001380134036191736,-0.02273632069936974,0.05238554387091182,0.0011889161663444536,-1809.8046884581565,False
11,moderate,66,residual_horizon_nmpc_gain_1,1.0,24.5,0.23018942853746474,0.050413524402669434,1.3406098491816179,0.23001793557829944,0.05141630541765744,1.3413247631298864,0.16297057184499314,-0.0012643261718749965,0.06357812133789062,0.09297057184499313,0.23297057184499315,-0.08,0.08,0.0672188566924716,0.05167785057454443,1.2770317278437273,0.00023837634854663274,0.00023837634854663274,not_applicable,0.0,,False,-2063.97601229123,-0.06833498242476176,0.4185569694413684,-0.03374447600503367,-0.03638114890487665,-0.036381162480510106,-0.036381162480510106,5.310575474926083e-07,False,False,79536.7182006836,5915.390691056471,20.047549451608308,8.304368780852361e-06,145.29260102116783,1.1271201633807792,1.057845439337298,0.8291739104917131,1.0497015221724948,0.165381683907133,1.0,0.00030848479803221776,0.0006562873235056894,0.001380134036191736,-0.02273632069936974,0.05238554387091182,0.0011889161663444536,-1809.8046884581565,False
11,moderate,66,residual_horizon_nmpc_gain_1,1.0,25.0,0.23007145237979826,0.050372246578307744,1.365806291784088,0.2302626944227925,0.05146036006391357,1.3661671920041023,0.164474451303155,-0.0012853686523437435,0.062940673828125,0.09447445130315499,0.234474451303155,-0.08,0.08,0.06559700107664326,0.05165761523065149,1.302865617955963,0.00024689019526147327,0.00024689019526147327,not_applicable,0.0,,False,-2067.4996465662525,-0.06847762394227974,0.41960845357147647,-0.03374447600503367,-0.03374447600503367,-0.033872724388847836,-0.033872724388847836,0.0050168761833245396,False,False,79441.10107421875,5905.35760980471,20.01354684669993,8.430529739021184e-06,146.99997928640727,1.1271201633807792,1.057845439337298,0.8291739104917131,1.0497015221724948,0.165381683907133,1.0,0.00030848479803221776,0.0006562873235056894,0.001380134036191736,-0.02273632069936974,0.05238554387091182,0.0011889161663444536,-1809.8046884581565,False
11,moderate,66,residual_horizon_nmpc_gain_1,1.0,25.5,0.2299462040767001,0.05033089840883702,1.390982077877599,0.23015423484424574,0.04992253262535672,1.3910325090097915,0.16599247685185187,-0.0013062207031249995,0.062292752685546876,0.09599247685185186,0.23599247685185187,-0.08,0.08,0.06395372722484824,0.05163711911196202,1.3286893251920522,0.0002560042820236707,0.0002560042820236707,not_applicable,0.0,,False,-2070.2265431110964,-0.06838490743207083,0.42067671562017306,-0.03374447600503367,-0.03374447600503367,-0.033750714004167785,-0.033750714004167785,0.00024402076936010098,False,False,79343.91290283203,5895.1960211304795,19.97910872382809,8.560727906386631e-06,148.7569272135873,1.1271201633807792,1.057845439337298,0.8291739104917131,1.0497015221724948,0.165381683907133,1.0,0.00030848479803221776,0.0006562873235056894,0.001380134036191736,-0.02273632069936974,0.05238554387091182,0.0011889161663444536,-1809.8046884581565,False
11,moderate,66,residual_horizon_nmpc_gain_1,1.0,26.0,0.229814411669822,0.05028949582105579,1.4161371762719477,0.2298704249105005,0.05021161754230065,1.4179113155973555,0.16752400548696844,-0.0013268823242187505,0.061634453125,0.09752400548696843,0.23752400548696845,-0.08,0.08,0.06229040618285356,0.05161637814527454,1.3545027231469478,0.00026554262010388286,0.00026554262010388286,Solve_Succeeded,0.0488194590434432,343.29855496113777,False,-2072.977559693773,-0.06827766978828019,0.4217616388175952,-0.030788806112531663,-0.03374447600503367,-0.03374477942120189,-0.03374477942120189,1.1869165931793768e-05,False,False,79245.16796875,5884.907773831726,19.944241348659794,8.695071065756092e-06,150.56445708412045,1.1271201633807792,1.057845439337298,0.8291739104917131,1.0497015221724948,0.165381683907133,1.0,0.00030848479803221776,0.0006562873235056894,0.001380134036191736,-0.02273632069936974,0.05238554387091182,0.0011889161663444536,-1809.8046884581565,False
11,moderate,66,residual_horizon_nmpc_gain_1,1.0,26.5,0.2296767309470492,0.05024803832542612,1.4412715596361776,0.2295074522811428,0.050499087866506726,1.4398097113267772,0.16906839420438957,-0.0013473535156250036,0.060965870361328126,0.09906839420438956,0.23906839420438958,-0.08,0.08,0.06060833674265964,0.05159539184105112,1.3803056892748495,0.00027339971469469634,0.00027339971469469634,not_applicable,0.0,,False,-2075.7950990003783,-0.06816693462448867,0.42286310734575583,-0.030788806112531663,-0.03374447600503367,-0.033744490763190756,-0.033744490763190756,5.773160222655171e-07,False,False,79144.88055419922,5874.494696358492,19.908950917901986,8.833670853861032e-06,152.42361225486124,1.1271201633807792,1.057845439337298,0.8291739104917131,1.0497015221724948,0.165381683907133,1.0,0.00030848479803221776,0.0006562873235056894,0.001380134036191736,-0.02273632069936974,0.05238554387091182,0.0011889161663444536,-1809.8046884581565,False
11,moderate,66,residual_horizon_nmpc_gain_1,1.0,27.0,0.22953374894953432,0.05020652458517218,1.466385200182687,0.229374929950993,0.0483431343247138,1.4667909283765141,0.170625,-0.0013676342773437516,0.060287099609375,0.10062499999999999,0.240625,-0.08,0.08,0.05890874894953432,0.05157415886251593,1.406098100573312,0.00028403807287362415,0.00028403807287362415,not_applicable,0.0,,False,-2079.77672037071,-0.0683302590696518,0.4239810062758817,-0.030788806112531663,-0.030788806112531663,-0.03093257056197872,-0.03093257056197872,0.005623840402424071,False,False,79043.06494140625,5863.958597552136,19.87324356180684,8.976642874600512e-06,154.33546777328002,1.1271201633807792,1.057845439337298,0.8291739104917131,1.0497015221724948,0.165381683907133,1.0,0.00030848479803221776,0.0006562873235056894,0.001380134036191736,-0.02273632069936974,0.05238554387091182,0.0011889161663444536,-1809.8046884581565,False
11,moderate,66,residual_horizon_nmpc_gain_1,1.0,27.5,0.22938598564393806,0.05016493131312976,1.4914780639678211,0.2292932903073278,0.04995653284495797,1.4898288303694005,0.1721931798696845,-0.0013877246093749948,0.059598236083984374,0.10219317986968449,0.2421931798696845,-0.08,0.08,0.05719280577425356,0.051552655922504756,1.4318798278838367,0.0002923315686705289,0.0002923315686705289,not_applicable,0.0,,False,-2082.8081700210105,-0.06822854338776119,0.4251152215082343,-0.030788806112531663,-0.030788806112531663,-0.030795798812825386,-0.030795798812825386,0.00027354349830666785,False,False,78939.73541259766,5853.301267343199,19.837125346536833,9.124106816359874e-06,156.30113100819793,1.1271201633807792,1.057845439337298,0.8291739104917131,1.0497015221724948,0.165381683907133,1.0,0.00030848479803221776,0.0006562873235056894,0.001380134036191736,-0.02273632069936974,0.05238554387091182,0.0011889161663444536,-1809.8046884581565,False
11,moderate,66,residual_horizon_nmpc_gain_1,1.0,28.0,0.22923390600262844,0.05012327750792974,1.5165501159757375,0.22888825496748885,0.04946555285658093,1.515367512019822,0.17377229080932782,-0.001407624511718747,0.058899375000000004,0.10377229080932782,0.24377229080932783,-0.08,0.08,0.05546161519330062,0.05153090201964849,1.4576507409757375,0.000302359085775162,0.000302359085775162,Solve_Succeeded,0.047023374994751066,334.7056949723496,False,-2085.8640636824575,-0.06811173998152274,0.42626563971425235,-0.027421960117178852,-0.030788806112531663,-0.030789146237351017,-0.030789146237351017,1.3305150948737798e-05,False,False,78834.90625,5842.524477410941,19.800602276399946,9.276186573503817e-06,158.32174229618295,1.1271201633807792,1.057845439337298,0.8291739104917131,1.0497015221724948,0.165381683907133,1.0,0.00030848479803221776,0.0006562873235056894,0.001380134036191736,-0.02273632069936974,0.05238554387091182,0.0011889161663444536,-1809.8046884581565,False
11,moderate,66,residual_horizon_nmpc_gain_1,1.0,28.5,0.2290779308600366,0.05008156267638967,1.5416013258169128,0.22928811378089245,0.048720290210094754,1.5456205229811915,0.17536168981481481,-0.001427333984375001,0.05819061157226563,0.10536168981481481,0.24536168981481482,-0.08,0.08,0.053716241045221796,0.05150889666076467,1.483410714244647,0.00031436419314440425,0.00031436419314440425,not_applicable,0.0,,False,-2088.9943488108756,-0.06799220545258049,0.42743214828087306,-0.027421960117178852,-0.030788806112531663,-0.030788822656196896,-0.030788822656196896,6.471623082426881e-07,False,False,78728.59173583984,5831.629981807371,19.763680295964555,9.433010372147022e-06,160.39847560370873,1.1271201633807792,1.057845439337298,0.8291739104917131,1.0497015221724948,0.165381683907133,1.0,0.00030848479803221776,0.0006562873235056894,0.001380134036191736,-0.02273632069936974,0.05238554387091182,0.0011889161663444536,-1809.8046884581565,False
11,moderate,66,residual_horizon_nmpc_gain_1,1.0,29.0,0.22891843673981188,0.05003978532692696,1.5666316626055867,0.2291244667988421,0.049783090133308686,1.5694184828133046,0.17696073388203018,-0.0014468530273437502,0.057472041015625,0.10696073388203017,0.2469607338820302,-0.08,0.08,0.0519577028577817,0.05148663835427071,1.5091596215899616,0.00032368111510656244,0.00032368111510656244,not_applicable,0.0,,False,-2093.5295365856946,-0.06818943415381759,0.428614635256898,-0.027421960117178852,-0.027421960117178852,-0.027585724251887173,-0.027585724251887173,0.006406196808619445,False,False,78620.80615234375,5820.619517548277,19.726365292062432,9.59471090030753e-06,162.53253920514408,1.1271201633807792,1.057845439337298,0.8291739104917131,1.0497015221724948,0.165381683907133,1.0,0.00030848479803221776,0.0006562873235056894,0.001380134036191736,-0.02273632069936974,0.05238554387091182,0.0011889161663444536,-1809.8046884581565,False
11,moderate,66,residual_horizon_nmpc_gain_1,1.0,29.5,0.2287557538232609,0.04999791735831073,1.5916410880577465,0.2284561099342137,0.049998919707350625,1.5888191986294802,0.17856878000685872,-0.0014661816406250014,0.05674375854492188,0.10856878000685871,0.24856878000685872,-0.08,0.08,0.05018697381640219,0.05146409899893573,1.5348973295128245,0.0003315799012366203,0.0003315799012366203,not_applicable,0.0,,False,-2096.9063864869686,-0.06808255013555277,0.429812989301285,-0.027421960117178852,-0.027421960117178852,-0.027429925601812087,-0.027429925601812087,0.00031159730015017234,False,False,78511.56378173828,5809.494805173575,19.68866309568782,9.761425442551707e-06,164.7251763766416,1.1271201633807792,1.057845439337298,0.8291739104917131,1.0497015221724948,0.165381683907133,1.0,0.00030848479803221776,0.0006562873235056894,0.001380134036191736,-0.02273632069936974,0.05238554387091182,0.0011889161663444536,-1809.8046884581565,False
11,moderate,66,residual_horizon_nmpc_gain_1,1.0,30.0,0.22859017695201225,0.04995598193463891,1.6166295626550582,0.2289989162080315,0.04965808209694186,1.6167528041660566,0.1801851851851852,-0.0014853198242187476,0.056005859375,0.11018518518518519,0.2501851851851852,-0.08,0.08,0.048404991766827055,0.05144130175885766,1.5606237032800583,0.0003432790822170235,0.0003432790822170235,Solve_Succeeded,0.04682575003243983,345.9087459976926,False,-2100.305225852867,-0.06795925171680892,0.4310270996332512,-0.023675734605861493,-0.027421960117178852,-0.02742234755821138,-0.02742234755821138,1.5156087201415036e-05,False,False,78400.87890625,5798.257549279098,19.65057948379968,9.933296019242235e-06,166.97766610596983,1.1271201633807792,1.057845439337298,0.8291739104917131,1.0497015221724948,0.165381683907133,1.0,0.00030848479803221776,0.0006562873235056894,0.001380134036191736,-0.02273632069936974,0.05238554387091182,0.0011889161663444536,-1809.8046884581565,False
11,moderate,66,residual_horizon_nmpc_gain_1,1.0,30.5,0.22842197553190055,0.049913978613742395,1.641597052559645,0.22864563748005037,0.04901270462865123,1.6419030075363672,0.18180930641289436,-0.0015042675781250028,0.05525843872070313,0.11180930641289435,0.25180930641289434,-0.08,0.08,0.04661266911900619,0.0514182461918674,1.586338613838942,0.0003539780552244444,0.0003539780552244444,not_applicable,0.0,,False,-2103.786222223951,-0.06783368103996983,0.43225685598409136,-0.023675734605861493,-0.027421960117178852,-0.027421978962303865,-0.027421978962303865,7.371918150297918e-07,False,False,78288.76580810547,5786.909439021749,19.61212018103368,1.0110469530503629e-05,169.29132381832267,1.1271201633807792,1.057845439337298,0.8291739104917131,1.0497015221724948,0.165381683907133,1.0,0.00030848479803221776,0.0006562873235056894,0.001380134036191736,-0.02273632069936974,0.05238554387091182,0.0011889161663444536,-1809.8046884581565,False
11,moderate,66,residual_horizon_nmpc_gain_1,1.0,31.0,0.22825139040649656,0.049871905750476675,1.6665435234117707,0.2282561690929798,0.050789109217127384,1.6677982326591763,0.1834405006858711,-0.001523024902343753,0.054501591796875,0.11344050068587108,0.2534405006858711,-0.08,0.08,0.04481088972062547,0.05139493065282043,1.6120419316148957,0.00036461838026741883,0.00036461838026741883,not_applicable,0.0,,False,-2108.930575946746,-0.06806532882375782,0.43350214855061187,-0.023675734605861493,-0.023675734605861493,-0.023857951865499792,-0.023857951865499792,0.007128054193608145,False,False,78175.23876953125,5775.452148599784,19.573290861329905,1.0293097905022398e-05,171.66750211812084,1.1271201633807792,1.057845439337298,0.8291739104917131,1.0497015221724948,0.165381683907133,1.0,0.00030848479803221776,0.0006562873235056894,0.001380134036191736,-0.02273632069936974,0.05238554387091182,0.0011889161663444536,-1809.8046884581565,False
11,moderate,66,residual_horizon_nmpc_gain_1,1.0,31.5,0.2280786289287617,0.049829730076129335,1.6914689321231955,0.22735411727314228,0.050018088489382884,1.6889757239324548,0.185078125,-0.0015415917968750054,0.053735413818359376,0.115078125,0.25507812500000004,-0.08,0.08,0.0430005039287617,0.05137132187300434,1.637733518304836,0.00037408298583386027,0.00037408298583386027,not_applicable,0.0,,False,-2112.692649102703,-0.06795545706860552,0.43476286795009866,-0.023675734605861493,-0.023675734605861493,-0.023684597650166915,-0.023684597650166915,0.0003467084306657542,False,False,78060.3120727539,5763.887337709867,19.534097149481823,1.0481338253802286e-05,174.10759154681057,1.1271201633807792,1.057845439337298,0.8291739104917131,1.0497015221724948,0.165381683907133,1.0,0.00030848479803221776,0.0006562873235056894,0.001380134036191736,-0.02273632069936974,0.05238554387091182,0.0011889161663444536,-1809.8046884581565,False
11,moderate,66,residual_horizon_nmpc_gain_1,1.0,32.0,0.22790387578574223,0.0497874792351418,1.7163732341995859,0.22757716083729349,0.0494558521661624,1.7189794462377241,0.186721536351166,-0.0015599682617187527,0.05295999999999999,0.116721536351166,0.256721536351166,-0.08,0.08,0.04118233943457622,0.05134744749686055,1.663413234199586,0.00038750393181018997,0.00038750393181018997,Solve_Succeeded,0.048348332988098264,356.2935520175623,False,-2116.4737539334765,-0.06782773024385112,0.4360389051767378,-0.019459779172857686,-0.023675734605861493,-0.023676165704180695,-0.023676165704180695,1.686389197243926e-05,False,False,77944.0,5752.216651982374,19.494544622611564,1.0675353028997124e-05,176.6130213566399,1.1271201633807792,1.057845439337298,0.8291739104917131,1.0497015221724948,0.165381683907133,1.0,0.00030848479803221776,0.0006562873235056894,0.001380134036191736,-0.02273632069936974,0.05238554387091182,0.0011889161663444536,-1809.8046884581565,False
11,moderate,66,residual_horizon_nmpc_gain_1,1.0,32.5,0.22772730275882788,0.04974515284583183,1.7412563919622852,0.22699760339674008,0.049337974059366844,1.739541850352907,0.18837009173525376,-0.0015781542968749881,0.05217544555664062,0.11837009173525376,0.25837009173525377,-0.08,0.08,0.03935721102357412,0.05132330714270682,1.6890809464056447,0.00039673175825594674,0.00039673175825594674,not_applicable,0.0,,False,-2120.3451170952294,-0.0676980097207769,0.43733015155941524,-0.019459779172857686,-0.023675734605861493,-0.02367575557447616,-0.02367575557447616,8.202594090692128e-07,False,False,77826.3168334961,5740.441723396339,19.45463881157619,1.087531018794746e-05,179.18526030038882,1.1271201633807792,1.057845439337298,0.8291739104917131,1.0497015221724948,0.165381683907133,1.0,0.00030848479803221776,0.0006562873235056894,0.001380134036191736,-0.02273632069936974,0.05238554387091182,0.0011889161663444536,-1809.8046884581565,False
11,moderate,66,residual_horizon_nmpc_gain_1,1.0,33.0,0.22754906321156346,0.04970274910224694,1.7661183671857064,0.22750455523921614,0.04975425000674627,1.7648894767599554,0.19002314814814816,-0.0015961499023437464,0.051381845703125005,0.12002314814814816,0.2600231481481482,-0.08,0.08,0.037525915063415294,0.051298899004590684,1.7147365214825814,0.0004082187522610175,0.0004082187522610175,not_applicable,0.0,,False,-2126.213472564229,-0.06797559501376237,0.4386364987208295,-0.019459779172857686,-0.019459779172857686,-0.01966484419091545,-0.01966484419091545,0.00802182276712142,False,False,77707.27685546875,5728.564170675286,19.414385202309198,1.108138336254874e-05,181.82581743699492,1.1271201633807792,1.057845439337298,0.8291739104917131,1.0497015221724948,0.165381683907133,1.0,0.00030848479803221776,0.0006562873235056894,0.001380134036191736,-0.02273632069936974,0.05238554387091182,0.0011889161663444536,-1809.8046884581565,False
11,moderate,66,residual_horizon_nmpc_gain_1,1.0,33.5,0.22736928448352475,0.04966022806411958,1.790959111207673,0.22683248987299695,0.04977918466703572,1.7899248307725495,0.1916800625857339,-0.0016139550781249998,0.05057929565429688,0.12168006258573388,0.2616800625857339,-0.08,0.08,0.03568922189779086,0.05127418314224458,1.740379815553376,0.0004197486333010203,0.0004197486333010203,not_applicable,0.0,,False,-2130.406778305392,-0.0678648212093818,0.43995783853785236,-0.019459779172857686,-0.019459779172857686,-0.019469753531730968,-0.019469753531730968,0.00039018131836896647,False,False,77586.89434814453,5716.5855996651535,19.373789237101303,1.1293752034082553e-05,184.53624295301844,1.1271201633807792,1.057845439337298,0.8291739104917131,1.0497015221724948,0.165381683907133,1.0,0.00030848479803221776,0.0006562873235056894,0.001380134036191736,-0.02273632069936974,0.05238554387091182,0.0011889161663444536,-1809.8046884581565,False
11,moderate,66,residual_horizon_nmpc_gain_1,1.0,34.0,0.2271880794445019,0.049617623232350694,1.8157785737561487,0.2274264955189484,0.05020169053280488,1.817191521098639,0.19334019204389574,-0.001631569824218762,0.049767890625000005,0.12334019204389574,0.26334019204389575,-0.08,0.08,0.03384788740060615,0.051249193056569456,1.7660106831311486,0.00043246275427167094,0.00043246275427167094,Solve_Succeeded,0.04808645899174735,380.1513329858964,False,-2134.6133182528138,-0.06773416523588908,0.4412940631030815,-0.0147932925350482,-0.019459779172857686,-0.019460264325497932,-0.019460264325497932,1.897841246607107e-05,False,False,77465.18359375,5704.507603695355,19.33285631582411,1.1512601713644247e-05,187.31812899985553,1.1271201633807792,1.057845439337298,0.8291739104917131,1.0497015221724948,0.165381683907133,1.0,0.00030848479803221776,0.0006562873235056894,0.001380134036191736,-0.02273632069936974,0.05238554387091182,0.0011889161663444536,-1809.8046884581565,False
11,moderate,66,residual_horizon_nmpc_gain_1,1.0,34.5,0.22700555692873045,0.04957493434215752,1.8405767128681227,0.22682970627098945,0.048772777479106466,1.83936666500267,0.19500289351851852,-0.0016489941406250055,0.048947725830078115,0.1250028935185185,0.2650028935185185,-0.08,0.08,0.032002663410211935,0.051223928482782524,1.7916289870380446,0.0004433152332264205,0.0004433152332264205,not_applicable,0.0,,False,-2138.918711854036,-0.0676016525256947,0.4426450646875293,-0.0147932925350482,-0.019459779172857686,-0.01945980277067358,-0.01945980277067358,9.23109648706677e-07,False,False,77342.15887451172,5692.331763924001,19.291591797100075,1.1738124128302926e-05,190.17311054659632,1.1271201633807792,1.057845439337298,0.8291739104917131,1.0497015221724948,0.165381683907133,1.0,0.00030848479803221776,0.0006562873235056894,0.001380134036191736,-0.02273632069936974,0.05238554387091182,0.0011889161663444536,-1809.8046884581565,False
11,moderate,66,residual_horizon_nmpc_gain_1,1.0,35.0,0.22682181389547737,0.049532159416558474,1.8653534860201277,0.22675624777553885,0.04960502280339732,1.8656253726253718,0.19666752400548698,-0.0016662280273437372,0.048118896484375,0.12666752400548698,0.266667524005487,-0.08,0.08,0.030154289889990388,0.05119838744390221,1.8172345895357527,0.0004557752336800981,0.0004557752336800981,not_applicable,0.0,,False,-2145.591630013611,-0.06792585557811853,0.44401073570439814,-0.0147932925350482,-0.0147932925350482,-0.015020271510871666,-0.015020271510871666,0.008879062519603825,False,False,77217.83447265625,5680.059649668205,19.25000099942194,1.1970517413132527e-05,193.10286624840563,1.1271201633807792,1.057845439337298,0.8291739104917131,1.0497015221724948,0.165381683907133,1.0,0.00030848479803221776,0.0006562873235056894,0.001380134036191736,-0.02273632069936974,0.05238554387091182,0.0011889161663444536,-1809.8046884581565,False
11,moderate,66,residual_horizon_nmpc_gain_1,1.0,35.5,0.2266369253292939,0.04948925110548547,1.8901088383569011,0.22668743187761362,0.04998786368494336,1.8899742026210953,0.19833344050068585,-0.0016832714843749985,0.04728149780273438,0.12833344050068585,0.26833344050068586,-0.08,0.08,0.028303484828608033,0.05117252258986047,1.8428273405541669,0.00046754002556423195,0.00046754002556423195,not_applicable,0.0,,False,-2150.264228917383,-0.06781531039763035,0.44539096867389644,-0.0147932925350482,-0.0147932925350482,-0.014804332788441957,-0.014804332788441957,0.0004318774448594173,False,False,77092.22467041016,5667.692818720325,19.20808920222448,1.2209986309254453e-05,196.10911933027515,1.1271201633807792,1.057845439337298,0.8291739104917131,1.0497015221724948,0.165381683907133,1.0,0.00030848479803221776,0.0006562873235056894,0.001380134036191736,-0.02273632069936974,0.05238554387091182,0.0011889161663444536,-1809.8046884581565,False
11,moderate,66,residual_horizon_nmpc_gain_1,1.0,36.0,0.22645095704509843,0.049446249416044245,1.914842713187426,0.2267794256160331,0.050214465230977307,1.9164320646143533,0.2,-0.001700124511718755,0.046435625,0.13,0.27,-0.08,0.08,0.026450957045098422,0.051146373927763,1.868407088187426,0.0004806252378996591,0.0004806252378996591,Solve_Succeeded,0.05619820801075548,401.8267557796854,False,-2154.943436731338,-0.06768279578049757,0.44678565618904953,-0.009556461644910759,-0.0147932925350482,-0.014793829532779185,-0.014793829532779185,2.1006511325544902e-05,False,False,76965.34375,5655.232817650954,19.165861646911356,1.245674236803517e-05,199.19363848598456,1.1271201633807792,1.057845439337298,0.8291739104917131,1.0497015221724948,0.165381683907133,1.0,0.00030848479803221776,0.0006562873235056894,0.001380134036191736,-0.02273632069936974,0.05238554387091182,0.0011889161663444536,-1809.8046884581565,False
11,moderate,66,residual_horizon_nmpc_gain_1,1.0,36.5,0.22626397726789407,0.049403154216665954,1.9395550637895735,0.22587063198691687,0.04959281136123186,1.937565340868351,0.2016665594993141,-0.0017167871093750064,0.04558137329101562,0.1316665594993141,0.2716665594993141,-0.08,0.08,0.02459741776857996,0.05111994132604096,1.893973690498558,0.0004912785580227196,0.0004912785580227196,not_applicable,0.0,,False,-2159.730895287586,-0.06754848498320623,0.4481946908824673,-0.009556461644910759,-0.0147932925350482,-0.014793318654608395,-0.014793318654608395,1.021756341579999e-06,False,False,76837.20599365234,5642.681182099389,19.123323537839543,1.2711004161583698e-05,202.35823879207564,1.1271201633807792,1.057845439337298,0.8291739104917131,1.0497015221724948,0.165381683907133,1.0,0.00030848479803221776,0.0006562873235056894,0.001380134036191736,-0.02273632069936974,0.05238554387091182,0.0011889161663444536,-1809.8046884581565,False
11,moderate,66,residual_horizon_nmpc_gain_1,1.0,37.0,0.2260760465636171,0.049359963343089,1.9642458428672456,0.22584816275442968,0.04989619278475253,1.9649806740055917,0.20333247599451304,-0.001733259277343746,0.044718837890624995,0.13333247599451303,0.27333247599451305,-0.08,0.08,0.02274357056910406,0.05109322262043275,1.9195270049766207,0.0005051201636260931,0.0005051201636260931,not_applicable,0.0,,False,-2167.3712711723692,-0.06793346175200382,0.44961796539402865,-0.009556461644910759,-0.009556461644910759,-0.00981118227779839,-0.00981118227779839,0.00996427275362001,False,False,76707.82568359375,5630.039437052273,19.080480043263627,1.297299749969606e-05,205.6047826366207,1.1271201633807792,1.057845439337298,0.8291739104917131,1.0497015221724948,0.165381683907133,1.0,0.00030848479803221776,0.0006562873235056894,0.001380134036191736,-0.02273632069936974,0.05238554387091182,0.0011889161663444536,-1809.8046884581565,False
11,moderate,66,residual_horizon_nmpc_gain_1,1.0,37.5,0.2258872049306393,0.04931661973805447,1.988914988318929,0.225605216130404,0.05033506445570808,1.991357144002652,0.2049971064814815,-0.0017495410156249946,0.04384811401367188,0.1349971064814815,0.2749971064814815,-0.08,0.08,0.02089009844915779,0.051066160753679465,1.945066874305257,0.000518481053893162,0.000518481053893162,not_applicable,0.0,,False,-2172.581419249721,-0.06782470047221381,0.45105537233944787,-0.009556461644910759,-0.009556461644910759,-0.00956885125201642,-0.00956885125201642,0.0004846620515639409,False,False,76577.21710205078,5617.309097111061,19.037336296242305,1.324295565339623e-05,208.9351806625521,1.1271201633807792,1.057845439337298,0.8291739104917131,1.0497015221724948,0.165381683907133,1.0,0.00030848479803221776,0.0006562873235056894,0.001380134036191736,-0.02273632069936974,0.05238554387091182,0.0011889161663444536,-1809.8046884581565,False
11,moderate,66,residual_horizon_nmpc_gain_1,1.0,38.0,0.225697486659213,0.04927317200750525,2.013562435930271,0.2256204349921525,0.0490513242491371,2.011779554177021,0.20665980795610428,-0.0017656323242187522,0.042969296875,0.13665980795610427,0.2766598079561043,-0.08,0.08,0.019037678703108712,0.051038804331724,1.970593139055271,0.0005296147189649677,0.0005296147189649677,Solve_Succeeded,0.05006599996704608,420.5229339016655,False,-2177.7873720161806,-0.06769121403918557,0.45250680427969014,-0.0036988460247870843,-0.009556461644910759,-0.009557064275182568,-0.009557064275182568,2.357395366770279e-05,False,False,76445.39453125,5604.4916667489015,18.99389739550893,1.3521119585223644e-05,212.3513927252687,1.1271201633807792,1.057845439337298,0.8291739104917131,1.0497015221724948,0.165381683907133,1.0,0.00030848479803221776,0.0006562873235056894,0.001380134036191736,-0.02273632069936974,0.05238554387091182,0.0011889161663444536,-1809.8046884581565,False
11,moderate,66,residual_horizon_nmpc_gain_1,1.0,38.5,0.22550693378403008,0.04922962023651545,2.038188133659684,0.22557065585930502,0.05026874977092375,2.039697927834652,0.20831993741426613,-0.0017815332031249978,0.042082481689453125,0.13831993741426613,0.27831993741426614,-0.08,0.08,0.01718699636976395,0.051011153439640446,1.996105651970231,0.0005437093278292445,0.0005437093278292445,not_applicable,0.0,,False,-2183.111830359598,-0.06755591141372956,0.4539721536912043,-0.0036988460247870843,-0.009556461644910759,-0.009556490956836585,-0.009556490956836585,1.1466366919669901e-06,False,False,76312.37225341797,5591.588640557487,18.950168406308123,1.380773818642053e-05,215.855428864238,1.1271201633807792,1.057845439337298,0.8291739104917131,1.0497015221724948,0.165381683907133,1.0,0.00030848479803221776,0.0006562873235056894,0.001380134036191736,-0.02273632069936974,0.05238554387091182,0.0011889161663444536,-1809.8046884581565,False
11,moderate,66,residual_horizon_nmpc_gain_1,1.0,39.0,0.22531558340987942,0.04918596205625632,2.062792028894633,0.22562730700617095,0.049473541591581995,2.0630262445873284,0.20997685185185183,-0.0017972436523437524,0.041187763671875,0.13997685185185182,0.27997685185185184,-0.08,0.08,0.01533873155802759,0.05098320570860007,2.021604265222758,0.0005564412518412887,0.0005564412518412887,not_applicable,0.0,,False,-2191.87379163588,-0.06800919812829662,0.4554513129369436,-0.0036988460247870843,-0.0036988460247870843,-0.003983761771304446,-0.003983761771304446,0.011145458371064277,False,False,76178.16455078125,5578.601503484431,18.90615436120024,1.4103068521172137e-05,219.44935028825378,1.1271201633807792,1.057845439337298,0.8291739104917131,1.0497015221724948,0.165381683907133,1.0,0.00030848479803221776,0.0006562873235056894,0.001380134036191736,-0.02273632069936974,0.05238554387091182,0.0011889161663444536,-1809.8046884581565,False
11,moderate,66,residual_horizon_nmpc_gain_1,1.0,39.5,0.22512345165172234,0.0491421287183181,2.087374051243233,0.22486652803439602,0.04893001911393841,2.0876915575387875,0.21162990826474626,-0.001812763671875002,0.04028523803710937,0.14162990826474625,0.28162990826474626,-0.08,0.08,0.013493543386976087,0.0509548923901931,2.0470888132061233,0.0005697906342797144,0.0005697906342797144,not_applicable,0.0,,False,-2197.6861832636696,-0.0679032985930226,0.4569441742381477,-0.0036988460247870843,-0.0036988460247870843,-0.0037127043216888637,-0.0037127043216888637,0.000542114899231165,False,False,76042.7857055664,5565.531731061606,18.861860260835236,1.4407376078055472e-05,223.13527037399714,1.1271201633807792,1.057845439337298,0.8291739104917131,1.0497015221724948,0.165381683907133,1.0,0.00030848479803221776,0.0006562873235056894,0.001380134036191736,-0.02273632069936974,0.05238554387091182,0.0011889161663444536,-1809.8046884581565,False
11,moderate,66,residual_horizon_nmpc_gain_1,1.0,40.0,0.22493055119152452,0.04909817921606897,2.11193412787483,0.22467876274245213,0.048613501117946496,2.1109850478829557,0.21327846364883404,-0.0018280932617187468,0.039375,0.14327846364883404,0.283278463648834,-0.08,0.08,0.011652087542690481,0.050926272477787714,2.07255912787483,0.0005826575895177865,0.0005826575895177865,Solve_Succeeded,0.04802954202750698,451.5721074156385,False,-2203.480349738072,-0.0677695675236787,0.45845062964685884,0.0026440511736968123,-0.0036988460247870843,-0.003699520092104758,-0.003699520092104758,2.6368459168211837e-05,False,False,75906.25,5552.380789624953,18.817291074697604,1.4720935028852584e-05,226.91535567751174,1.1271201633807792,1.057845439337298,0.8291739104917131,1.0497015221724948,0.165381683907133,1.0,0.00030848479803221776,0.0006562873235056894,0.001380134036191736,-0.02273632069936974,0.05238554387091182,0.0011889161663444536,-1809.8046884581565,False
11,moderate,66,residual_horizon_nmpc_gain_1,1.0,40.5,0.22473690718829092,0.04905411391565163,2.1364722007986674,0.22481298850485448,0.048677150926187095,2.1372172118106114,0.214921875,-0.0018432324218749935,0.038457144775390625,0.144921875,0.284921875,-0.08,0.08,0.009815032188290912,0.05089734633752662,2.098015056023277,0.000596807285534004,0.000596807285534004,not_applicable,0.0,,False,-2209.4043867074397,-0.06763395142104527,0.4599705710191495,0.0026440511736968123,-0.0036988460247870843,-0.003698878811409566,-0.003698878811409566,1.2825613903838518e-06,False,False,75768.5717163086,5539.150136526166,18.77245174182378,1.5044028494885205e-05,230.7918269581621,1.1271201633807792,1.057845439337298,0.8291739104917131,1.0497015221724948,0.165381683907133,1.0,0.00030848479803221776,0.0006562873235056894,0.001380134036191736,-0.02273632069936974,0.05238554387091182,0.0011889161663444536,-1809.8046884581565,False
11,moderate,66,residual_horizon_nmpc_gain_1,1.0,41.0,0.22454254163962326,0.04900993022139342,2.160988211466597,0.2243887129890952,0.04857259738238635,2.1609972618295434,0.21655949931412896,-0.001858181152343763,0.03753176757812501,0.14655949931412895,0.28655949931412894,-0.08,0.08,0.007983042325494294,0.05086811137373718,2.1234564438884718,0.0006101350623149027,0.0006101350623149027,not_applicable,0.0,,False,-2219.3542386806066,-0.06814429633087599,0.46150388998903746,0.0026440511736968123,0.0026440511736968123,0.002335531170730086,0.002335531170730086,0.012068819964279304,False,False,75629.76513671875,5525.841220336646,18.727347171493353,1.5376948821029015e-05,234.76696021462615,1.1271201633807792,1.057845439337298,0.8291739104917131,1.0497015221724948,0.165381683907133,1.0,0.00030848479803221776,0.0006562873235056894,0.001380134036191736,-0.02273632069936974,0.05238554387091182,0.0011889161663444536,-1809.8046884581565,False
11,moderate,66,residual_horizon_nmpc_gain_1,1.0,41.5,0.22434745423767602,0.04896554761914801,2.1854820805529696,0.22442662093971333,0.04931389466381922,2.1836596547243685,0.21819069358710566,-0.0018729394531250138,0.03659896362304686,0.14819069358710565,0.2881906935871057,-0.08,0.08,0.006156760650570359,0.05083848707227302,2.1488831169299227,0.0006226093565456971,0.0006226093565456971,not_applicable,0.0,,False,-2225.8350435459174,-0.06804126466419885,0.4630504779430665,0.0026440511736968123,0.0026440511736968123,0.002629044766176299,0.002629044766176299,0.0005870271908924264,False,False,75489.84454345703,5512.455481044132,18.68198224389546,1.571999785756491e-05,238.84308773241418,1.1271201633807792,1.057845439337298,0.8291739104917131,1.0497015221724948,0.165381683907133,1.0,0.00030848479803221776,0.0006562873235056894,0.001380134036191736,-0.02273632069936974,0.05238554387091182,0.0011889161663444536,-1809.8046884581565,False
11,moderate,66,residual_horizon_nmpc_gain_1,1.0,42.0,0.22415164272290278,0.04892103549238169,2.209953725949459,0.2242047108253653,0.049038234732119414,2.2092662493439605,0.21981481481481485,-0.0018875073242187387,0.03565882812499999,0.14981481481481485,0.28981481481481486,-0.08,0.08,0.004336827908087926,0.05080854281660043,2.174294897824459,0.0006372889850721028,0.0006372889850721028,Solve_Succeeded,0.04935470799682662,489.62260797240947,False,-2232.2849446955674,-0.06790782037354694,0.46461022599553314,0.009477133454895526,0.0026440511736968123,0.0026433212622988273,0.0026433212622988273,2.855299224505635e-05,False,False,75348.82421875,5498.99435024233,18.63636181077146,1.6073487250026188e-05,243.02259914238914,1.1271201633807792,1.057845439337298,0.8291739104917131,1.0497015221724948,0.165381683907133,1.0,0.00030848479803221776,0.0006562873235056894,0.001380134036191736,-0.02273632069936974,0.05238554387091182,0.0011889161663444536,-1809.8046884581565,False
11,moderate,66,residual_horizon_nmpc_gain_1,1.0,42.5,0.22395512134504209,0.04887639446123757,2.2344030830486674,0.22418677930549022,0.049633339373373435,2.2333156566139944,0.2214312199931413,-0.0019018847656249865,0.034711456298828124,0.1514312199931413,0.2914312199931413,-0.08,0.08,0.0025239013519007814,0.05077827922686256,2.199691626749839,0.0006506314525953506,0.0006506314525953506,not_applicable,0.0,,False,-2238.8775663329325,-0.0677724262441794,0.46618302496434094,0.009477133454895526,0.0026440511736968123,0.002644015670819246,0.002644015670819246,1.3888170408375006e-06,False,False,75206.71844482422,5485.459251313897,18.590490696035044,1.6437738737199297e-05,247.307942489707,1.1271201633807792,1.057845439337298,0.8291739104917131,1.0497015221724948,0.165381683907133,1.0,0.00030848479803221776,0.0006562873235056894,0.001380134036191736,-0.02273632069936974,0.05238554387091182,0.0011889161663444536,-1809.8046884581565,False
11,moderate,66,residual_horizon_nmpc_gain_1,1.0,43.0,0.22375790232597248,0.04883162167346351,2.2588300866851627,0.22399702069094624,0.04976131361841128,2.258090992410022,0.22303926611796981,-0.0019160717773437363,0.033756943359375007,0.1530392661179698,0.2930392661179698,-0.08,0.08,0.0007186362080026654,0.05074769345080725,2.2250731433257878,0.0006650080004527159,0.0006650080004527159,not_applicable,0.0,,False,-2250.173602572204,-0.06834246972469174,0.46776876534746137,0.009477133454895526,0.009477133454895526,0.009144770726004416,0.009144770726004416,0.01300151011037034,False,False,75063.54150390625,5471.851599607084,18.544373696370922,1.6813084457436497e-05,251.7016253125693,1.1271201633807792,1.057845439337298,0.8291739104917131,1.0497015221724948,0.165381683907133,1.0,0.00030848479803221776,0.0006562873235056894,0.001380134036191736,-0.02273632069936974,0.05238554387091182,0.0011889161663444536,-1809.8046884581565,False
11,moderate,66,residual_horizon_nmpc_gain_1,1.0,43.5,0.22355997327371602,0.048786623063415566,2.2832346474639835,0.22315688216449167,0.04939800054745765,2.2836575040178286,0.2246383101851852,-0.001930068359375016,0.03279538452148439,0.1546383101851852,0.2946383101851852,-0.08,0.08,-0.001078336911469191,0.05071669142279058,2.250439262942499,0.0006799321158335973,0.0006799321158335973,not_applicable,0.0,,False,-2257.4017354278803,-0.06824291751638228,0.469367337299987,0.009477133454895526,0.009477133454895526,0.009460967337605207,0.009460967337605207,0.0006323932232015807,False,False,74919.30767822266,5458.172802606335,18.49801558181297,1.7199867263436646e-05,256.2062157301172,1.1271201633807792,1.057845439337298,0.8291739104917131,1.0497015221724948,0.165381683907133,1.0,0.00030848479803221776,0.0006562873235056894,0.001380134036191736,-0.02273632069936974,0.05238554387091182,0.0011889161663444536,-1809.8046884581565,False
11,moderate,66,residual_horizon_nmpc_gain_1,1.0,44.0,0.2233613208416884,0.048741479992244804,2.307616672814037,0.223379123077066,0.05079620487396328,2.3093894324685924,0.22622770919067217,-0.0019438745117187697,0.03182687499999999,0.15622770919067216,0.2962277091906722,-0.08,0.08,-0.002866388348983784,0.050685354503963574,2.2757897978140367,0.0006948587358428925,0.0006948587358428925,Solve_Succeeded,0.04969933402026072,534.9909316815913,False,-2264.5838950706534,-0.06811025580386328,0.47097863061175976,0.017512255970124246,0.009477133454895526,0.009476347135234726,0.009476347135234726,3.0759595259038236e-05,False,False,74774.03125,5444.424260097118,18.451421096302866,1.759844104565087e-05,260.82434353877477,1.1271201633807792,1.057845439337298,0.8291739104917131,1.0497015221724948,0.165381683907133,1.0,0.00030848479803221776,0.0006562873235056894,0.001380134036191736,-0.02273632069936974,0.05238554387091182,0.0011889161663444536,-1809.8046884581565,False
11,moderate,66,residual_horizon_nmpc_gain_1,1.0,44.5,0.22316195220380644,0.04869619338190289,2.3319760907350418,0.22310841468743625,0.04920706556903121,2.3331876374427196,0.2278068201303155,-0.001957490234374991,0.030851510009765618,0.1578068201303155,0.2978068201303155,-0.08,0.08,-0.004644867926509061,0.05065368361627788,2.301124580725276,0.0007091461455869252,0.0007091461455869252,not_applicable,0.0,,False,-2271.923115763828,-0.06797555861341642,0.472602534685558,0.017512255970124246,0.009477133454895526,0.009477095208321048,0.009477095208321048,1.4961461726435699e-06,False,False,74627.72650146484,5430.607364325257,18.40459495823004,1.8009171064467275e-05,265.55870131628376,1.1271201633807792,1.057845439337298,0.8291739104917131,1.0497015221724948,0.165381683907133,1.0,0.00030848479803221776,0.0006562873235056894,0.001380134036191736,-0.02273632069936974,0.05238554387091182,0.0011889161663444536,-1809.8046884581565,False
11,moderate,66,residual_horizon_nmpc_gain_1,1.0,45.0,0.2229618732442782,0.04865076009374194,2.356312828672536,0.22328473875423285,0.04909664562173309,2.353982192416116,0.22937500000000002,-0.001970915527343728,0.029869384765625,0.15937500000000002,0.29937500000000006,-0.08,0.08,-0.00641312675572181,0.05062167562108567,2.326443443906911,0.0007218370888543851,0.0007218370888543851,not_applicable,0.0,,False,-2285.2592577640694,-0.06868201480052326,0.47423893851582877,0.017512255970124246,0.017512255970124246,0.01712142589192844,0.01712142589192844,0.015288661367214785,False,False,74480.40771484375,5416.723500150996,18.35754186095386,1.8432434291327678e-05,270.41204553263526,1.1271201633807792,1.057845439337298,0.8291739104917131,1.0497015221724948,0.165381683907133,1.0,0.00030848479803221776,0.0006562873235056894,0.001380134036191736,-0.02273632069936974,0.05238554387091182,0.0011889161663444536,-1809.8046884581565,False
11,moderate,66,residual_horizon_nmpc_gain_1,1.0,45.5,0.2227610595902735,0.048605060192544194,2.3806267833035175,0.2228425096922713,0.04876063309739495,2.382040853594619,0.23093160579561045,-0.0019841503906249877,0.02888059448242189,0.16093160579561044,0.30093160579561046,-0.08,0.08,-0.008170546205336943,0.05058921058316918,2.3517461888210955,0.0007388028140383317,0.0007388028140383317,not_applicable,0.0,,False,-2293.3608291892733,-0.06859037713926965,0.47588773066795076,0.017512255970124246,0.017512255970124246,0.017493246001991602,0.017493246001991602,0.0007436402201263237,False,False,74332.08917236328,5402.774045198055,18.310266473308733,1.8868619758926806e-05,275.3871976670455,1.1271201633807792,1.057845439337298,0.8291739104917131,1.0497015221724948,0.165381683907133,1.0,0.00030848479803221776,0.0006562873235056894,0.001380134036191736,-0.02273632069936974,0.05238554387091182,0.0011889161663444536,-1809.8046884581565,False
11,moderate,66,residual_horizon_nmpc_gain_1,1.0,46.0,0.22255948677587903,0.04855919837349098,2.4049178474949686,0.22264801385252672,0.04849408861949638,2.4096192209663525,0.23247599451303155,-0.0019971948242187704,0.027885234375000012,0.16247599451303155,0.30247599451303153,-0.08,0.08,-0.009916507737152525,0.05055639319770975,2.377032613119969,0.000755316525096666,0.000755316525096666,Solve_Succeeded,0.04837720899377018,575.7922651592506,False,-2301.375194836314,-0.06845939313453772,0.4775487992580159,0.006786909661457189,0.017512255970124246,0.01751133132560847,0.01751133132560847,3.617064723373392e-05,False,False,74182.78515625,5388.760369997873,18.26277344009299,1.9318128920642184e-05,280.4870453300791,1.1271201633807792,1.057845439337298,0.8291739104917131,1.0497015221724948,0.165381683907133,1.0,0.00030848479803221776,0.0006562873235056894,0.001380134036191736,-0.02273632069936974,0.05238554387091182,0.0011889161663444536,-1809.8046884581565,False
11,moderate,66,residual_horizon_nmpc_gain_1,1.0,46.5,0.222357157635583,0.04851317638361576,2.4291859407244765,0.22257952634189243,0.04947435600956154,2.4291681921787305,0.23400752314814816,-0.0020100488281250273,0.02688339965820312,0.16400752314814815,0.30400752314814816,-0.08,0.08,-0.011650365512565153,0.05052322521174079,2.4023025410662733,0.0007673710489056983,0.0007673710489056983,not_applicable,0.0,,False,-2309.561787524985,-0.06832610426712997,0.4792220319331153,0.006786909661457189,0.017512255970124246,0.017512210995431255,0.017512210995431255,1.7593396455725663e-06,False,False,74032.50994873047,5374.683838129254,18.215067382542145,1.9781376019339474e-05,285.7145433899623,1.1271201633807792,1.057845439337298,0.8291739104917131,1.0497015221724948,0.165381683907133,1.0,0.00030848479803221776,0.0006562873235056894,0.001380134036191736,-0.02273632069936974,0.05238554387091182,0.0011889161663444536,-1809.8046884581565,False
11,moderate,66,residual_horizon_nmpc_gain_1,1.0,47.0,0.2221540742849069,0.048466990781378706,2.4534309820459943,0.22226568248281006,0.04722600381531095,2.4537446847838646,0.235525548696845,-0.0020227124023437446,0.025875185546874985,0.165525548696845,0.305525548696845,-0.08,0.08,-0.013371474411938089,0.05048970318372245,2.4275557964991195,0.0007828647780360239,0.0007828647780360239,not_applicable,0.0,,False,-2309.448059466496,-0.067053070134617,0.48090731585211915,0.006786909661457189,0.006786909661457189,0.007308588129790655,0.007308588129790655,-0.0204072457312812,False,False,73881.27783203125,5360.54580635363,18.16715289878729,2.0258788465694984e-05,291.07271510208136,1.1271201633807792,1.057845439337298,0.8291739104917131,1.0497015221724948,0.165381683907133,1.0,0.00030848479803221776,0.0006562873235056894,0.001380134036191736,-0.02273632069936974,0.05238554387091182,0.0011889161663444536,-1809.8046884581565,False
11,moderate,66,residual_horizon_nmpc_gain_1,1.0,47.5,0.22195027784157584,0.04842080757552039,2.4776529311553612,0.22204416461232898,0.048073879446992096,2.478395902385637,0.23702942815500688,-0.0020351855468749847,0.024860687255859375,0.16702942815500688,0.3070294281550069,-0.08,0.08,-0.015079150313431045,0.050455993122395376,2.452792243899502,0.0007979886317345843,0.0007979886317345843,not_applicable,0.0,,False,-2317.40405814518,-0.06685928401020043,0.48260453766693817,0.006786909661457189,0.006786909661457189,0.00681228409298581,0.00681228409298581,-0.0009926080736096903,False,False,73729.1030883789,5346.3476247460985,18.119034564299216,2.0750807226172183e-05,296.56465324059195,1.1271201633807792,1.057845439337298,0.8291739104917131,1.0497015221724948,0.165381683907133,1.0,0.00030848479803221776,0.0006562873235056894,0.001380134036191736,-0.02273632069936974,0.05238554387091182,0.0011889161663444536,-1809.8046884581565,False
11,moderate,66,residual_horizon_nmpc_gain_1,1.0,48.0,0.221745804810439,0.048374465373277414,2.5018517489023973,0.22232086221483016,0.04810352662130752,2.501874804481138,0.23851851851851852,-0.0020474682617187406,0.02384,0.1685185185185185,0.3085185185185185,-0.08,0.08,-0.016772713708079506,0.050421933634996155,2.4780117489023974,0.0008221976783816371,0.0008221976783816371,Solve_Succeeded,0.05320479202782735,621.4302096816534,False,-2325.943981460418,-0.06671781397155671,0.48431358350425724,-0.3499999868400537,0.006786909661457189,0.006788143873360658,0.006788143873360658,-4.8280439250304036e-05,False,False,73576.0,5332.090636822434,18.070716932318835,2.1257887220785578e-05,302.1935212310196,1.1271201633807792,1.057845439337298,0.8291739104917131,1.0497015221724948,0.165381683907133,1.0,0.00030848479803221776,0.0006562873235056894,0.001380134036191736,-0.02273632069936974,0.05238554387091182,0.0011889161663444536,-1809.8046884581565,False
11,moderate,66,residual_horizon_nmpc_gain_1,1.0,48.5,0.22154064757209643,0.04832795249958566,2.5260273528698565,0.22165842518918,0.048042997714530404,2.5273099384041973,0.23999217678326476,-0.0020595605468750125,0.022813218994140634,0.16999217678326475,0.30999217678326474,-0.08,0.08,-0.018451529211168327,0.05038751304646067,2.5032141338757157,0.0008288767489287394,0.0008288767489287394,not_applicable,0.0,,False,-2334.699320019957,-0.0665785377483371,0.48603433894772885,-0.3499999868400537,0.006786909661457189,0.006786969693502476,0.006786969693502476,-2.348359716363574e-06,False,False,73421.9828491211,5317.776179662232,18.022204534274533,2.178049773077945e-05,307.96255428266664,1.1271201633807792,1.057845439337298,0.8291739104917131,1.0497015221724948,0.165381683907133,1.0,0.00030848479803221776,0.0006562873235056894,0.001380134036191736,-0.02273632069936974,0.05238554387091182,0.0011889161663444536,-1809.8046884581565,False
11,moderate,66,residual_horizon_nmpc_gain_1,1.0,49.0,0.22133479554979063,0.04828126464976924,2.5501796566455424,0.22136177900860554,0.04735591048834926,2.5510352238624776,0.24144975994513035,-0.0020714624023437656,0.021780439453124988,0.17144975994513034,0.31144975994513036,-0.08,0.08,-0.02011496439533972,0.05035272705211301,2.5283992171924172,0.0008429607388840826,0.0008429607388840826,not_applicable,0.0,,False,-2261.749887996054,-0.05624565815368007,0.4878384306542634,-0.3499999868400537,-0.3499999868400537,-0.332645875546584,-0.08321303030649752,-0.18,False,True,73267.06591796875,5303.405584028344,17.973501880186948,2.231912281634293e-05,313.8750605195653,1.1271201633807792,1.057845439337298,0.8291739104917131,1.0497015221724948,0.165381683907133,1.0,0.00030848479803221776,0.0006562873235056894,0.001380134036191736,-0.02273632069936974,0.05238554387091182,0.0011889161663444536,-1809.8046884581565,False
11,moderate,66,residual_horizon_nmpc_gain_1,1.0,49.5,0.22112863222449716,0.048236035914631895,2.574308981264784,0.22092335813001723,0.04878070771762617,2.5732451591984624,0.24289062500000003,-0.002083173828124986,0.02074175659179687,0.17289062500000002,0.31289062500000003,-0.08,0.08,-0.021761992775502864,0.05031920974275688,2.553567224672987,0.0008580717390546961,0.0008580717390546961,not_applicable,0.0,,False,-2185.201768063433,-0.04583423166982659,0.4897150181989939,-0.3499999868400537,-0.3499999868400537,-0.34915588317182494,-0.1732130303064975,-0.18,False,True,73111.26348876953,5288.980174482759,17.92461345906169,2.2874261744477527e-05,319.93442210867545,1.1271201633807792,1.057845439337298,0.8291739104917131,1.0497015221724948,0.165381683907133,1.0,0.00030848479803221776,0.0006562873235056894,0.001380134036191736,-0.02273632069936974,0.05238554387091182,0.0011889161663444536,-1809.8046884581565,False
11,moderate,66,residual_horizon_nmpc_gain_1,1.0,50.0,0.22092289823440675,0.04819233824800375,2.5984160742750317,0.22110980553886955,0.04763128509493087,2.599587374352661,0.2443141289437586,-0.002094694824218736,0.019697265625,0.17431412894375858,0.3143141289437586,-0.08,0.08,-0.02339123070935184,0.05028703307222249,2.5787188086500317,0.0008850163554297366,0.0008850163554297366,Solve_Succeeded,0.05365008400985971,673.2047362522457,False,-2104.899233492531,-0.035343674140388213,0.4916039796605237,-0.35000000393160713,-0.3499999868400537,-0.3499589296524704,-0.2632130303064975,-0.18,False,True,72954.58984375,5274.501269499071,17.875543739270487,2.3446429427125124e-05,326.14409638393766,1.1271201633807792,1.057845439337298,0.8291739104917131,1.0497015221724948,0.165381683907133,1.0,0.00030848479803221776,0.0006562873235056894,0.001380134036191736,-0.02273632069936974,0.05238554387091182,0.0011889161663444536,-1809.8046884581565,False
11,moderate,66,residual_horizon_nmpc_gain_1,1.0,50.5,0.2207182918882282,0.048150246718400506,2.6225017199793124,0.22080377584527258,0.04853058776943332,2.6234491083258002,0.2457196287722908,-0.002106025390624995,0.018647061767578132,0.1757196287722908,0.3157196287722908,-0.08,0.08,-0.025001336884062614,0.0502562721090255,2.603854658211734,0.0009003957393840991,0.0009003957393840991,not_applicable,0.0,,False,-2023.8170796371396,-0.02514185722041832,0.49350519329425013,-0.35000000393160713,-0.3499999868400537,-0.3499979898191714,-0.3499979898191714,-0.1735699190253478,False,False,72797.05926513672,5259.970181571663,17.82629716892124,2.4036156869657575e-05,332.50761696473967,1.1271201633807792,1.057845439337298,0.8291739104917131,1.0497015221724948,0.165381683907133,1.0,0.00030848479803221776,0.0006562873235056894,0.001380134036191736,-0.02273632069936974,0.05238554387091182,0.0011889161663444536,-1809.8046884581565,False
11,moderate,66,residual_horizon_nmpc_gain_1,1.0,51.0,0.22051545995476804,0.048109776898769614,2.646566725340979,0.22046927956646573,0.04774358925884526,2.6457320159050264,0.24710648148148148,-0.00211716552734377,0.017591240234375007,0.17710648148148148,0.31710648148148146,-0.08,0.08,-0.026591021526713443,0.050226942426113384,2.628975485106604,0.000915299459741269,0.000915299459741269,not_applicable,0.0,,False,-2025.434313688751,-0.024844607101261504,0.495418536625849,-0.35000000393160713,-0.35000000393160713,-0.3499999059652137,-0.3499999059652137,-3.832292084560152e-06,False,False,72638.68603515625,5245.388217321746,17.776878176217384,2.4643991629819766e-05,339.0285948672705,1.1271201633807792,1.057845439337298,0.8291739104917131,1.0497015221724948,0.165381683907133,1.0,0.00030848479803221776,0.0006562873235056894,0.001380134036191736,-0.02273632069936974,0.05238554387091182,0.0011889161663444536,-1809.8046884581565,False
11,moderate,66,residual_horizon_nmpc_gain_1,1.0,51.5,0.22031458669507795,0.048069274791928095,2.6706114877161555,0.22028283607799942,0.04831518343182914,2.6707171058363093,0.2484740440672154,-0.0021281152343750123,0.016529896240234362,0.1784740440672154,0.3184740440672154,-0.08,0.08,-0.02815945737213746,0.05019739002630311,2.6540815914759213,0.0009317623275279102,0.0009317623275279102,not_applicable,0.0,,False,-2027.052420901371,-0.02454722711001197,0.4973438864335049,-0.35000000393160713,-0.35000000393160713,-0.34999999916652347,-0.34999999916652347,-1.8640261956193171e-07,False,False,72479.48443603516,5230.756677600381,17.72729116980702,2.5270498287209336e-05,345.71071960717796,1.1271201633807792,1.057845439337298,0.8291739104917131,1.0497015221724948,0.165381683907133,1.0,0.00030848479803221776,0.0006562873235056894,0.001380134036191736,-0.02273632069936974,0.05238554387091182,0.0011889161663444536,-1809.8046884581565,False
11,moderate,66,residual_horizon_nmpc_gain_1,1.0,52.0,0.22011545279217845,0.04802874038831705,2.694635990958196,0.22010650025727205,0.04887755171569511,2.6961381215436964,0.24982167352537724,-0.0021388745117187358,0.015463124999999994,0.17982167352537723,0.31982167352537727,-0.08,0.08,-0.029706220733198785,0.05016761490003579,2.6791728659581957,0.000948659773391878,0.000948659773391878,Solve_Succeeded,0.051057540986221284,723.174389031981,False,-2028.667594758848,-0.024249451409871968,0.4992811187306089,-0.3500000004563698,-0.35000000393160713,-0.35000000369983353,-0.35,-1.6669530200630334e-09,False,False,72319.46875,5216.076857588573,17.677540539122155,2.591625892336607e-05,352.5577602918606,1.1271201633807792,1.057845439337298,0.8291739104917131,1.0497015221724948,0.165381683907133,1.0,0.00030848479803221776,0.0006562873235056894,0.001380134036191736,-0.02273632069936974,0.05238554387091182,0.0011889161663444536,-1809.8046884581565,False
11,moderate,66,residual_horizon_nmpc_gain_1,1.0,52.5,0.21991786178816844,0.0479881737541196,2.7186402189346413,0.21994088985725857,0.048097256349219075,2.716952690361261,0.25114872685185186,-0.002149443359375003,0.014391021728515627,0.18114872685185185,0.32114872685185186,-0.08,0.08,-0.031230865063683416,0.050137617113494605,2.7042491972061256,0.0009629073568371872,0.0009629073568371872,not_applicable,0.0,,False,-2030.2775777896602,-0.02395121064803247,0.5012301087489158,-0.3500000004563698,-0.35000000393160713,-0.35000000392033365,-0.35,0.0,False,False,72158.65325927734,5201.350046894582,17.627630654708497,2.658187361253301e-05,359.5735667006599,1.1271201633807792,1.057845439337298,0.8291739104917131,1.0497015221724948,0.165381683907133,1.0,0.00030848479803221776,0.0006562873235056894,0.001380134036191736,-0.02273632069936974,0.05238554387091182,0.0011889161663444536,-1809.8046884581565,False
11,moderate,66,residual_horizon_nmpc_gain_1,1.0,53.0,0.21972163773149261,0.047947575000321374,2.7426241555573534,0.22004310230256152,0.049104936972601855,2.741193659445479,0.252454561042524,-0.0021598217773437373,0.013313681640624991,0.182454561042524,0.322454561042524,-0.08,0.08,-0.03273292331103139,0.05010739677766511,2.7293104739167284,0.0009791300083365102,0.0009791300083365102,not_applicable,0.0,,False,-2031.880155712381,-0.02365245384102306,0.5031907309221533,-0.3500000004563698,-0.3500000004563698,-0.3500000006248569,-0.35,0.0,False,False,71997.05224609375,5186.577529648537,17.577565868546092,2.726796092313923e-05,366.7620703511295,1.1271201633807792,1.057845439337298,0.8291739104917131,1.0497015221724948,0.165381683907133,1.0,0.00030848479803221776,0.0006562873235056894,0.001380134036191736,-0.02273632069936974,0.05238554387091182,0.0011889161663444536,-1809.8046884581565,False
11,moderate,66,residual_horizon_nmpc_gain_1,1.0,53.5,0.21952662306189405,0.04790694428188468,2.766587784804706,0.2200419983003823,0.047948412475859244,2.7658564607385903,0.25373853309327843,-0.0021700097656250084,0.01223119995117189,0.18373853309327842,0.32373853309327844,-0.08,0.08,-0.03421191003138438,0.05007695404750969,2.754356584853534,0.000996362924539751,0.000996362924539751,not_applicable,0.0,,False,-2033.4730618931655,-0.023353137220325032,0.5051628588700733,-0.3500000004563698,-0.3500000004563698,-0.35000000046456503,-0.35,0.0,False,False,71834.67999267578,5171.76058459446,17.527350514361206,2.7975158430042315e-05,374.1272855494931,1.1271201633807792,1.057845439337298,0.8291739104917131,1.0497015221724948,0.165381683907133,1.0,0.00030848479803221776,0.0006562873235056894,0.001380134036191736,-0.02273632069936974,0.05238554387091182,0.0011889161663444536,-1809.8046884581565,False
11,moderate,66,residual_horizon_nmpc_gain_1,1.0,54.0,0.2193326767157512,0.04786628179883015,2.7905310907438414,0.2194305409874259,0.04771671054433842,2.7909041128329832,0.255,-0.0021800073242187745,0.011143671874999983,0.185,0.325,-0.08,0.08,-0.03566732328424879,0.050046289123048926,2.7793874188688417,0.0010137367425824004,0.0010137367425824004,Solve_Succeeded,0.052924250019714236,778.9438517707385,False,-2035.0539708118297,-0.023053223402447733,0.507146365382941,-0.3500000045780183,-0.3500000004563698,-0.35000000045676843,-0.35,0.0,False,False,71671.55078125,5156.900485179787,17.47698890792972,2.8704123237553922e-05,381.67331042331045,1.1271201633807792,1.057845439337298,0.8291739104917131,1.0497015221724948,0.165381683907133,1.0,0.00030848479803221776,0.0006562873235056894,0.001380134036191736,-0.02273632069936974,0.05238554387091182,0.0011889161663444536,-1809.8046884581565,False
11,moderate,66,residual_horizon_nmpc_gain_1,1.0,54.5,0.21913967242931728,0.04782558779744591,2.8144540575534984,0.21920702391262895,0.047594480254055035,2.814931515849686,0.2562383187585734,-0.0021898144531249802,0.010051192626953115,0.18623831875857338,0.3262383187585734,-0.08,0.08,-0.03709864632925611,0.05001540225057089,2.804402864926545,0.0010305045056924061,0.0010305045056924061,not_applicable,0.0,,False,-2036.6204926000783,-0.02275268073237415,0.5091411224064528,-0.3500000045780183,-0.3500000004563698,-0.3500000004563892,-0.35,0.0,False,False,71507.67889404297,5141.998499642501,17.426485347372413,2.9455532513257802e-05,389.4043279342982,1.1271201633807792,1.057845439337298,0.8291739104917131,1.0497015221724948,0.165381683907133,1.0,0.00030848479803221776,0.0006562873235056894,0.001380134036191736,-0.02273632069936974,0.05238554387091182,0.0011889161663444536,-1809.8046884581565,False
11,moderate,66,residual_horizon_nmpc_gain_1,1.0,55.0,0.21894749721930196,0.047784862571603214,2.8383566695474736,0.21883660423299814,0.046937048639368484,2.8376968517344148,0.2574528463648834,-0.0021994311523437365,0.008953857421875003,0.1874528463648834,0.3274528463648834,-0.08,0.08,-0.03850534914558146,0.04998429372394695,2.8294028121255987,0.001046635607063886,0.001046635607063886,not_applicable,0.0,,False,-2038.1701677758883,-0.022451482696078016,0.5111470010270767,-0.3500000045780183,-0.3500000045780183,-0.3500000043775423,-0.35,0.0,False,False,71343.07861328125,5127.055891095932,17.375844113442373,3.0230084032613333e-05,397.32460686915806,1.1271201633807792,1.057845439337298,0.8291739104917131,1.0497015221724948,0.165381683907133,1.0,0.00030848479803221776,0.0006562873235056894,0.001380134036191736,-0.02273632069936974,0.05238554387091182,0.0011889161663444536,-1809.8046884581565,False
11,moderate,66,residual_horizon_nmpc_gain_1,1.0,55.5,0.2187560500223726,0.0477441064641748,2.8622389111987645,0.21858199278597662,0.04828772323626058,2.862039863102777,0.25864293981481484,-0.002208857421874988,0.007851761474609378,0.18864293981481484,0.32864293981481485,-0.08,0.08,-0.03988688979244223,0.049952963886049785,2.8543871497241553,0.0010634856566185003,0.0010634856566185003,not_applicable,0.0,,False,-2039.7004621524127,-0.022149607394896326,0.5131638714578081,-0.3500000045780183,-0.3500000045780183,-0.35000000456826713,-0.35,0.0,False,False,71177.7642211914,5112.073917611333,17.325069469804838,3.102849673432164e-05,405.438502806199,1.1271201633807792,1.057845439337298,0.8291739104917131,1.0497015221724948,0.165381683907133,1.0,0.00030848479803221776,0.0006562873235056894,0.001380134036191736,-0.02273632069936974,0.05238554387091182,0.0011889161663444536,-1809.8046884581565,False
11,moderate,66,residual_horizon_nmpc_gain_1,1.0,56.0,0.21856524047706852,0.04770331986855272,2.8861007671644483,0.2187242916016923,0.04747293994849181,2.8879329208958753,0.2598079561042524,-0.002218093261718762,0.006745000000000015,0.18980795610425238,0.3298079561042524,-0.08,0.08,-0.041242715627183874,0.04992141313027148,2.8793557671644483,0.0010821862772482469,0.0010821862772482469,Solve_Succeeded,0.05106425000121817,835.1842472309862,False,-2041.208761902103,-0.021847037075294784,0.5151916030243355,-0.35000000475996734,-0.3500000045780183,-0.350000004577544,-0.35,0.0,False,False,71011.75,5097.053832298304,17.27416566330976,3.1851511286411894e-05,413.75045905542737,1.1271201633807792,1.057845439337298,0.8291739104917131,1.0497015221724948,0.165381683907133,1.0,0.00030848479803221776,0.0006562873235056894,0.001380134036191736,-0.02273632069936974,0.05238554387091182,0.0011889161663444536,-1809.8046884581565,False
11,moderate,66,residual_horizon_nmpc_gain_1,1.0,56.5,0.21837498783333992,0.04766250323026278,2.9099422223113436,0.2187295859248714,0.047295150123648357,2.910409924893988,0.260947252229081,-0.0022271386718750175,0.005633668212890616,0.190947252229081,0.330947252229081,-0.08,0.08,-0.04257226439574108,0.0498896419021378,2.904308554098453,0.0010983563507840667,0.0010983563507840667,not_applicable,0.0,,False,-2042.6923687589492,-0.021543757708239034,0.5172300641516114,-0.35000000475996734,-0.3500000045780183,-0.3500000045779952,-0.35,0.0,False,False,70845.0502319336,5081.996883383135,17.223136924257314,3.2699890662987725e-05,422.2650075697172,1.1271201633807792,1.057845439337298,0.8291739104917131,1.0497015221724948,0.165381683907133,1.0,0.00030848479803221776,0.0006562873235056894,0.001380134036191736,-0.02273632069936974,0.05238554387091182,0.0011889161663444536,-1809.8046884581565,False
11,moderate,66,residual_horizon_nmpc_gain_1,1.0,57.0,0.21818521997646312,0.047621657048673,2.9337632617425022,0.21849777657856914,0.048034261834339405,2.9357823099118394,0.2620601851851852,-0.00223599365234374,0.004517861328124997,0.1920601851851852,0.3320601851851852,-0.08,0.08,-0.04387496520872208,0.04985765070101674,2.929245400414377,0.0011165327323128978,0.0011165327323128978,not_applicable,0.0,,False,-2044.1484953436948,-0.0212397586129908,0.5192791223508177,-0.35000000475996734,-0.35000000475996734,-0.3500000047511162,-0.35,0.0,False,False,70677.67919921875,5066.904314285146,17.171987466656617,3.357442073155181e-05,430.98676982456254,1.1271201633807792,1.057845439337298,0.8291739104917131,1.0497015221724948,0.165381683907133,1.0,0.00030848479803221776,0.0006562873235056894,0.001380134036191736,-0.02273632069936974,0.05238554387091182,0.0011889161663444536,-1809.8046884581565,False
11,moderate,66,residual_horizon_nmpc_gain_1,1.0,57.5,0.21799587255346117,0.04758078187879374,2.9575638708245786,0.21828201594122237,0.047472572325537914,2.9588138459791766,0.26314611196844995,-0.0022446582031249857,0.003397674560546876,0.19314611196844994,0.33314611196844995,-0.08,0.08,-0.045150239414988774,0.04982544008191873,2.9541661962640315,0.0011334581110981849,0.0011334581110981849,not_applicable,0.0,,False,-2045.5742605987123,-0.02093503212068793,0.5213386442067272,-0.35000000475996734,-0.35000000475996734,-0.3500000047595368,-0.35,0.0,False,False,70509.65118408203,5051.777363691093,17.120721488477898,3.447591085080677e-05,439.9204576638511,1.1271201633807792,1.057845439337298,0.8291739104917131,1.0497015221724948,0.165381683907133,1.0,0.00030848479803221776,0.0006562873235056894,0.001380134036191736,-0.02273632069936974,0.05238554387091182,0.0011889161663444536,-1809.8046884581565,False
11,moderate,66,residual_horizon_nmpc_gain_1,1.0,58.0,0.21780688819139582,0.047539878333167584,2.981344035216124,0.217727314891469,0.04725766618484095,2.981132310997938,0.26420438957475995,-0.00225313232421874,0.0022732031250000118,0.19420438957475994,0.33420438957475995,-0.08,0.08,-0.046397501383364126,0.049793010657386325,2.9790708320911237,0.0011498673222674698,0.0011498673222674698,Solve_Succeeded,0.048497083014808595,890.8747437987548,False,-2046.9666853208796,-0.020629573273554497,0.5234084953654483,-0.3500000047545917,-0.35000000475996734,-0.3500000047599464,-0.35,0.0,False,False,70340.98046875,5036.617265627709,17.06934317189833,3.540519447880457e-05,449.07087410896804,1.1271201633807792,1.057845439337298,0.8291739104917131,1.0497015221724948,0.165381683907133,1.0,0.00030848479803221776,0.0006562873235056894,0.001380134036191736,-0.02273632069936974,0.05238554387091182,0.0011889161663444536,-1809.8046884581565,False
11,moderate,66,residual_horizon_nmpc_gain_1,1.0,58.5,0.2176182157980026,0.047498947083847026,3.005103740896842,0.21798982247532583,0.04670772760700321,3.0045094119451763,0.265234375,-0.0022614160156250174,0.001144542236328136,0.19523437500000002,0.33523437500000003,-0.08,0.08,-0.04761615920199741,0.049760363099472044,3.003959198660514,0.0011672975573032637,0.0011672975573032637,not_applicable,0.0,,False,-2048.322687782344,-0.020323379556019823,0.5254885405225552,-0.3500000047545917,-0.35000000475996734,-0.35000000475996634,-0.35,0.0,False,False,70171.68133544922,5021.425249532426,17.01785668354173,3.6363129791295344e-05,458.44291412848867,1.1271201633807792,1.057845439337298,0.8291739104917131,1.0497015221724948,0.165381683907133,1.0,0.00030848479803221776,0.0006562873235056894,0.001380134036191736,-0.02273632069936974,0.05238554387091182,0.0011889161663444536,-1809.8046884581565,False
11,moderate,66,residual_horizon_nmpc_gain_1,1.0,59.0,0.21742980993613334,0.04745798886445842,3.0288429741978637,0.2178463928339444,0.04843015404252021,3.0272205898640134,0.26623542524005483,-0.002269509277343776,1.1787109374994387e-05,0.19623542524005483,0.33623542524005484,-0.08,0.08,-0.048805615303921496,0.0497274981418022,3.028831187088489,0.001183731840960581,0.001183731840960581,not_applicable,0.0,,False,-2049.639079430472,-0.020016450654415735,0.5275786434115908,-0.3500000047545917,-0.3500000047545917,-0.3500000047548531,-0.35,0.0,False,False,70001.76806640625,5006.2025403223815,16.966266174712413,3.735060031009835e-05,468.04156536560254,1.1271201633807792,1.057845439337298,0.8291739104917131,1.0497015221724948,0.165381683907133,1.0,0.00030848479803221776,0.0006562873235056894,0.001380134036191736,-0.02273632069936974,0.05238554387091182,0.0011889161663444536,-1809.8046884581565,False
11,moderate,66,residual_horizon_nmpc_gain_1,1.0,59.5,0.21724163026435772,0.04741700447235066,3.052561721833066,0.21679000509598073,0.04758374311639057,3.052870847381878,0.2672068972908094,-0.0022774121093750016,-0.0011249670410156398,0.19720689729080937,0.3372068972908094,-0.08,0.08,-0.049965267026451654,0.04969441658172566,3.0536866888740817,0.0012032189538203793,0.0012032189538203793,not_applicable,0.0,,False,-2050.912560659581,-0.019708788242268363,0.5296786667929451,-0.3500000047545917,-0.3500000047545917,-0.3500000047546044,-0.35,0.0,False,False,69831.25494384766,4990.950358461709,16.914575781623235,3.83685155412908e-05,477.8719088203138,1.1271201633807792,1.057845439337298,0.8291739104917131,1.0497015221724948,0.165381683907133,1.0,0.00030848479803221776,0.0006562873235056894,0.001380134036191736,-0.02273632069936974,0.05238554387091182,0.0011889161663444536,-1809.8046884581565,False
11,moderate,66,residual_horizon_nmpc_gain_1,1.0,60.0,0.21705364103687294,0.047375994770827275,3.0762599709314924,0.21718127369016377,0.048097350303125536,3.075915972893506,0.26814814814814814,-0.0022851245117187363,-0.002265625000000007,0.19814814814814813,0.33814814814814814,-0.08,0.08,-0.051094507111275195,0.04966111928254601,3.0785255959314926,0.0012205039245684745,0.0012205039245684745,Solve_Succeeded,0.04821845795959234,943.1384718857487,False,-2052.1397166482966,-0.0194003957885146,0.5317884724430973,-0.35000000261119524,-0.3500000047545917,-0.3500000047545923,-0.35,0.0,False,False,69660.15625,4975.6699200272205,16.86278962561822,3.941781162298295e-05,487.93911948340343,1.1271201633807792,1.057845439337298,0.8291739104917131,1.0497015221724948,0.165381683907133,1.0,0.00030848479803221776,0.0006562873235056894,0.001380134036191736,-0.02273632069936974,0.05238554387091182,0.0011889161663444536,-1809.8046884581565,False
11,moderate,66,residual_horizon_nmpc_gain_1,1.0,60.5,0.2168658106565821,0.04733496069146077,3.0999377090709075,0.2165646489237989,0.04739952991814223,3.099924005772435,0.2690585348079561,-0.00229264648437498,-0.003410091552734376,0.1990585348079561,0.3390585348079561,-0.08,0.08,-0.05219272415137402,0.04962760717583575,3.103347800623642,0.0012389722519970548,0.0012389722519970548,not_applicable,0.0,,False,-2053.3170132574583,-0.019091278386250167,0.533907921144225,-0.35000000261119524,-0.3500000047545917,-0.35000000475459175,-0.35,0.0,False,False,69488.48626708984,4960.362436772506,16.81091181338977,4.0499451982413844e-05,498.24846691898586,1.1271201633807792,1.057845439337298,0.8291739104917131,1.0497015221724948,0.165381683907133,1.0,0.00030848479803221776,0.0006562873235056894,0.001380134036191736,-0.02273632069936974,0.05238554387091182,0.0011889161663444536,-1809.8046884581565,False
11,moderate,66,residual_horizon_nmpc_gain_1,1.0,61.0,0.216678111275842,0.04729390323648798,3.12359492431253,0.2169079245320055,0.04692775878835336,3.1216586689354138,0.26993741426611795,-0.0022999780273437603,-0.004558271484374987,0.19993741426611794,0.33993741426611795,-0.08,0.08,-0.05325930299027595,0.04959388126383174,3.1281531957969047,0.001255745133482214,0.001255745133482214,not_applicable,0.0,,False,-2054.440792984612,-0.01878144259986922,0.5360368726741661,-0.35000000261119524,-0.35000000261119524,-0.35000000271545,-0.35,0.0,False,False,69316.25927734375,4945.029116190508,16.758946437190744,4.1614428002074576e-05,508.8053157924733,1.1271201633807792,1.057845439337298,0.8291739104917131,1.0497015221724948,0.165381683907133,1.0,0.00030848479803221776,0.0006562873235056894,0.001380134036191736,-0.02273632069936974,0.05238554387091182,0.0011889161663444536,-1809.8046884581565,False
11,moderate,66,residual_horizon_nmpc_gain_1,1.0,61.5,0.21649051843995304,0.04725282348128543,3.147231605236982,0.21615779694630316,0.04646869232454637,3.1449177391493017,0.27078414351851854,-0.002307119140625022,-0.0057100695800781365,0.20078414351851853,0.34078414351851855,-0.08,0.08,-0.0542936250785655,0.04955994262191045,3.1529416748170602,0.0012738140674407074,0.0012738140674407074,not_applicable,0.0,,False,-2055.50727097206,-0.018470896328676774,0.5381751857967413,-0.35000000261119524,-0.35000000261119524,-0.3500000026162662,-0.35,0.0,False,False,69143.48956298828,4929.67116157462,16.706897575041523,4.27637596945271e-05,519.6151263405909,1.1271201633807792,1.057845439337298,0.8291739104917131,1.0497015221724948,0.165381683907133,1.0,0.00030848479803221776,0.0006562873235056894,0.001380134036191736,-0.02273632069936974,0.05238554387091182,0.0011889161663444536,-1809.8046884581565,False
11,moderate,66,residual_horizon_nmpc_gain_1,1.0,62.0,0.21630301076897615,0.04721172257692373,3.170847740981498,0.21684653456284994,0.047366333913612536,3.1695880370618674,0.27159807956104254,-0.002314069824218737,-0.006865390625000009,0.20159807956104253,0.34159807956104254,-0.08,0.08,-0.05529506879206639,0.049525792401142466,3.177713131606498,0.0012928168943921636,0.0012928168943921636,Solve_Succeeded,0.049632958020083606,1000.0250844539356,False,-2056.512531066408,-0.018159648685257906,0.5403227182524204,-0.3500000034286169,-0.35000000261119524,-0.3500000026114419,-0.35,0.0,False,False,68970.19140625,4914.289772078365,16.654769290932272,4.3948496385555496e-05,530.6834547800585,1.1271201633807792,1.057845439337298,0.8291739104917131,1.0497015221724948,0.165381683907133,1.0,0.00030848479803221776,0.0006562873235056894,0.001380134036191736,-0.02273632069936974,0.05238554387091182,0.0011889161663444536,-1809.8046884581565,False
11,moderate,66,residual_horizon_nmpc_gain_1,1.0,62.5,0.21611556967392187,0.047170601752799975,3.1944433212784293,0.21570991845163429,0.04671546524202685,3.19802944016057,0.27237857938957477,-0.0023208300781249885,-0.008024139404296873,0.20237857938957476,0.3423785793895748,-0.08,0.08,-0.0562630097156529,0.04949143183092496,3.202467460682726,0.0013153841507971154,0.0013153841507971154,not_applicable,0.0,,False,-2057.452521928404,-0.01784770988706564,0.5424793267493396,-0.3500000034286169,-0.35000000261119524,-0.35000000261120723,-0.35,0.0,False,False,68796.37908935547,4898.886142773685,16.602565635020465,4.516971740524538e-05,542.0159536514084,1.1271201633807792,1.057845439337298,0.8291739104917131,1.0497015221724948,0.165381683907133,1.0,0.00030848479803221776,0.0006562873235056894,0.001380134036191736,-0.02273632069936974,0.05238554387091182,0.0011889161663444536,-1809.8046884581565,False
11,moderate,66,residual_horizon_nmpc_gain_1,1.0,63.0,0.21592817910376796,0.04712946231934724,3.2180183364950836,0.2155411580363052,0.047955319821752385,3.2160347026337495,0.27312500000000006,-0.002327399902343749,-0.009186220703124998,0.20312500000000006,0.34312500000000007,-0.08,0.08,-0.0571968208962321,0.04945686222169099,3.2272045571982084,0.0013291835755248546,0.0013291835755248546,not_applicable,0.0,,False,-2058.3230531926974,-0.01753509115985117,0.54464486695466,-0.3500000034286169,-0.3500000034286169,-0.3500000033888581,-0.35,0.0,False,False,68622.06689453125,4883.461464707889,16.550290643823907,4.642853278655157e-05,553.6183720943598,1.1271201633807792,1.057845439337298,0.8291739104917131,1.0497015221724948,0.165381683907133,1.0,0.00030848479803221776,0.0006562873235056894,0.001380134036191736,-0.02273632069936974,0.05238554387091182,0.0011889161663444536,-1809.8046884581565,False
11,moderate,66,residual_horizon_nmpc_gain_1,1.0,63.5,0.21574082532013034,0.04708830567082015,3.241572777674939,0.21545415059424147,0.048109162493559836,3.240732577519372,0.273836698388203,-0.0023337792968750326,-0.010351539306640622,0.203836698388203,0.343836698388203,-0.08,0.08,-0.05809587306807268,0.049422084967695186,3.2519243169815795,0.001348824992051684,0.001348824992051684,not_applicable,0.0,,False,-2059.119791677929,-0.017221804651704115,0.5468191934862616,-0.3500000034286169,-0.3500000034286169,-0.3500000034266831,-0.35,0.0,False,False,68447.2691040039,4868.0169249593155,16.497948340409362,4.772608397086865e-05,565.4965560510343,1.1271201633807792,1.057845439337298,0.8291739104917131,1.0497015221724948,0.165381683907133,1.0,0.00030848479803221776,0.0006562873235056894,0.001380134036191736,-0.02273632069936974,0.05238554387091182,0.0011889161663444536,-1809.8046884581565,False
11,moderate,66,residual_horizon_nmpc_gain_1,1.0,64.0,0.21555349669674254,0.047047133288155664,3.26510663658027,0.2161882476334518,0.046384188790021874,3.2648411518806975,0.2745130315500686,-0.0023399682617187556,-0.01152000000000003,0.2045130315500686,0.3445130315500686,-0.08,0.08,-0.058959534853326084,0.04938710154987442,3.27662663658027,0.001368651981678861,0.001368651981678861,Solve_Succeeded,0.050488875014707446,1059.1603573861546,False,-2059.8382576483273,-0.016907863356598142,0.5490021599047784,-0.35000000426925637,-0.3500000034286169,-0.3500000034285229,-0.35,0.0,False,False,68272.0,4852.553706691728,16.445542734576904,4.906354452008186e-05,577.6564483932607,1.1271201633807792,1.057845439337298,0.8291739104917131,1.0497015221724948,0.165381683907133,1.0,0.00030848479803221776,0.0006562873235056894,0.001380134036191736,-0.02273632069936974,0.05238554387091182,0.0011889161663444536,-1809.8046884581565,False
11,moderate,66,residual_horizon_nmpc_gain_1,1.0,64.5,0.21536618354119522,0.04700594674190794,3.2886199057362226,0.21521320315759498,0.04755855448502245,3.2904452189675992,0.27515335648148154,-0.0023459667968749737,-0.012691507568359378,0.20515335648148153,0.34515335648148154,-0.08,0.08,-0.05978717294028632,0.04935191353878291,3.301311413304582,0.0013890655244389108,0.0013890655244389108,not_applicable,0.0,,False,-2060.473821128681,-0.016593281046454682,0.5511936187059596,-0.35000000426925637,-0.3500000034286169,-0.35000000342861237,-0.35,0.0,False,False,68096.2738647461,4837.072989207493,16.39307782304016,5.044212083452396e-05,590.1040889700629,1.1271201633807792,1.057845439337298,0.8291739104917131,1.0497015221724948,0.165381683907133,1.0,0.00030848479803221776,0.0006562873235056894,0.001380134036191736,-0.02273632069936974,0.05238554387091182,0.0011889161663444536,-1809.8046884581565,False
11,moderate,66,residual_horizon_nmpc_gain_1,1.0,65.0,0.2151788779366514,0.04696474769525638,3.3121125784763734,0.215383968284035,0.04712820955456921,3.312230700183022,0.2757570301783265,-0.0023517749023437423,-0.013865966796875004,0.20575703017832647,0.3457570301783265,-0.08,0.08,-0.060578152241675065,0.049316522597600124,3.3259785452732484,0.0014069004876458742,0.0014069004876458742,not_applicable,0.0,,False,-2061.021698275264,-0.0162780722108389,0.5533934213133627,-0.35000000426925637,-0.35000000426925637,-0.35000000422836747,-0.35,0.0,False,False,67920.10498046875,4821.575947999591,16.340557589602536,5.186305287622269e-05,602.8456145713978,1.1271201633807792,1.057845439337298,0.8291739104917131,1.0497015221724948,0.165381683907133,1.0,0.00030848479803221776,0.0006562873235056894,0.001380134036191736,-0.02273632069936974,0.05238554387091182,0.0011889161663444536,-1809.8046884581565,False
11,moderate,66,residual_horizon_nmpc_gain_1,1.0,65.5,0.21499157360149138,0.046923537907085706,3.335584648989813,0.21603303372021143,0.04737674954447021,3.3348497241617148,0.2763234096364884,-0.0023573925781249783,-0.01504328247070312,0.20632340963648838,0.3463234096364884,-0.08,0.08,-0.061331836034997006,0.049280930485210685,3.350627931460516,0.001425391139189023,0.001425391139189023,not_applicable,0.0,,False,-2061.4769478059384,-0.015962252003495478,0.5556014180713704,-0.35000000426925637,-0.35000000426925637,-0.3500000042672675,-0.35,0.0,False,False,67743.50762939453,4806.063754802459,16.287986005329568,5.332761489677058e-05,615.8872588040773,1.1271201633807792,1.057845439337298,0.8291739104917131,1.0497015221724948,0.165381683907133,1.0,0.00030848479803221776,0.0006562873235056894,0.001380134036191736,-0.02273632069936974,0.05238554387091182,0.0011889161663444536,-1809.8046884581565,False
11,moderate,66,residual_horizon_nmpc_gain_1,1.0,66.0,0.21480426576505302,0.046882319235136846,3.359036112369785,0.21489474639282313,0.0458649537660467,3.36089039637406,0.2768518518518519,-0.0023628198242187787,-0.016223359374999982,0.2068518518518519,0.3468518518518519,-0.08,0.08,-0.06204758608679889,0.049245139059355625,3.3752594717447852,0.0014473445209063106,0.0014473445209063106,Solve_Succeeded,0.04932470800122246,1117.6939645345049,False,-2061.834467493308,-0.01564583619501491,0.55781745823853,-0.3500000041760269,-0.35000000426925637,-0.3500000042691596,-0.35,0.0,False,False,67566.49609375,4790.537577641742,16.23536702871751,5.4837116169099226e-05,629.2353518757529,1.1271201633807792,1.057845439337298,0.8291739104917131,1.0497015221724948,0.165381683907133,1.0,0.00030848479803221776,0.0006562873235056894,0.001380134036191736,-0.02273632069936974,0.05238554387091182,0.0011889161663444536,-1809.8046884581565,False
11,moderate,66,residual_horizon_nmpc_gain_1,1.0,66.5,0.2146169510578247,0.04684109363922747,3.3824669646639216,0.21423953965594572,0.046618386773975354,3.3820460623580972,0.2773417138203018,-0.0023680566406250325,-0.0174061022949219,0.2073417138203018,0.3473417138203018,-0.08,0.08,-0.06272476276247713,0.0492091502798525,3.3998730669588433,0.0014647171260172929,0.0014647171260172929,not_applicable,0.0,,False,-2062.088990725422,-0.015328841130994093,0.5600413899812113,-0.3500000041760269,-0.35000000426925637,-0.35000000426925165,-0.35,0.0,False,False,67389.08465576172,4774.998580882961,16.182704605858262,5.639290172238772e-05,642.8963202827551,1.1271201633807792,1.057845439337298,0.8291739104917131,1.0497015221724948,0.165381683907133,1.0,0.00030848479803221776,0.0006562873235056894,0.001380134036191736,-0.02273632069936974,0.05238554387091182,0.0011889161663444536,-1809.8046884581565,False
11,moderate,66,residual_horizon_nmpc_gain_1,1.0,67.0,0.21442962741461755,0.046799863184540845,3.4058772029261006,0.21442559961564417,0.04711679860392959,3.4076710171826012,0.27779235253772294,-0.002373103027343726,-0.018591416015625015,0.20779235253772294,0.34779235253772295,-0.08,0.08,-0.0633627251231054,0.04917296621188457,3.4244686189417255,0.0014861386261741816,0.0014861386261741816,not_applicable,0.0,,False,-2062.235083139103,-0.015011283695122328,0.562273060367581,-0.3500000041760269,-0.3500000041760269,-0.3500000041805613,-0.35,0.0,False,False,67211.28759765625,4759.44792527913,16.13000267060079,5.799635307927676e-05,656.8766863974796,1.1271201633807792,1.057845439337298,0.8291739104917131,1.0497015221724948,0.165381683907133,1.0,0.00030848479803221776,0.0006562873235056894,0.001380134036191736,-0.02273632069936974,0.05238554387091182,0.0011889161663444536,-1809.8046884581565,False
11,moderate,66,residual_horizon_nmpc_gain_1,1.0,67.5,0.2142422939893973,0.04675863004498147,3.4292668252699703,0.2144042277791781,0.04604965529321061,3.4280993423534363,0.278203125,-0.00237795898437497,-0.019779205322265625,0.208203125,0.348203125,-0.08,0.08,-0.06396083101060271,0.04913658902935644,3.449046030592236,0.001503638400713438,0.001503638400713438,not_applicable,0.0,,False,-2062.267139331586,-0.014693181276682572,0.5645123153618897,-0.3500000041760269,-0.3500000041760269,-0.35000000417624744,-0.35,0.0,False,False,67033.11920166016,4743.886768017366,16.077265144709028,5.964888899450455e-05,671.1830679509552,1.1271201633807792,1.057845439337298,0.8291739104917131,1.0497015221724948,0.165381683907133,1.0,0.00030848479803221776,0.0006562873235056894,0.001380134036191736,-0.02273632069936974,0.05238554387091182,0.0011889161663444536,-1809.8046884581565,False
11,moderate,66,residual_horizon_nmpc_gain_1,1.0,68.0,0.21405495108059217,0.046717396506596065,3.452635830924163,0.21399516446526493,0.04716277496618756,3.4528116781838127,0.27857338820301786,-0.002382624511718723,-0.020969374999999985,0.20857338820301785,0.34857338820301786,-0.08,0.08,-0.06451843712242569,0.04910002101831479,3.473605205924163,0.0015244088364668473,0.0015244088364668473,Solve_Succeeded,0.04775487497681752,1167.246781576277,False,-2062.1793796567217,-0.014374551742011361,0.5667589998190704,-0.3499999776795364,-0.3500000041760269,-0.3500000041760376,-0.35,0.0,False,False,66854.59375,4728.316262764509,16.02449593801654,6.135196619402224e-05,685.8221774061745,1.1271201633807792,1.057845439337298,0.8291739104917131,1.0497015221724948,0.165381683907133,1.0,0.00030848479803221776,0.0006562873235056894,0.001380134036191736,-0.02273632069936974,0.05238554387091182,0.0011889161663444536,-1809.8046884581565,False
11,moderate,66,residual_horizon_nmpc_gain_1,1.0,68.5,0.21386760006581648,0.046676164971058115,3.475984220289239,0.21381844823792828,0.046590766074120514,3.4754373615866836,0.2789024991426612,-0.00238709960937504,-0.022161829833984348,0.20890249914266118,0.3489024991426612,-0.08,0.08,-0.0650348990768447,0.049063264580433155,3.498146050123223,0.0015439606928941123,0.0015439606928941123,not_applicable,0.0,,False,-2061.965847112535,-0.014055413409508062,0.5690129574796432,-0.3499999776795364,-0.3500000041760269,-0.3500000041760274,-0.35,0.0,False,False,66675.72552490234,4712.737559711781,15.97169894857784,6.310708011357948e-05,700.8008212176376,1.1271201633807792,1.057845439337298,0.8291739104917131,1.0497015221724948,0.165381683907133,1.0,0.00030848479803221776,0.0006562873235056894,0.001380134036191736,-0.02273632069936974,0.05238554387091182,0.0011889161663444536,-1809.8046884581565,False
11,moderate,66,residual_horizon_nmpc_gain_1,1.0,69.0,0.21368024334505842,0.04663493795921423,3.4993119949963845,0.21382149069138223,0.0464950791637402,3.499493231291261,0.27918981481481486,-0.0023913842773437832,-0.023356474609375025,0.20918981481481486,0.34918981481481487,-0.08,0.08,-0.06550957146975644,0.04902632223655801,3.5226684696057595,0.0015647976492382826,0.0015647976492382826,not_applicable,0.0,,False,-2061.620455466402,-0.013735787817298901,0.5712740309649265,-0.3499999776795364,-0.3499999776795364,-0.34999997896832524,-0.34999997896832524,4.206334947021162e-08,False,False,66496.52880859375,4697.151805618527,15.918878062816649,6.49157656357122e-05,716.1258989725656,1.1271201633807792,1.057845439337298,0.8291739104917131,1.0497015221724948,0.165381683907133,1.0,0.00030848479803221776,0.0006562873235056894,0.001380134036191736,-0.02273632069936974,0.05238554387091182,0.0011889161663444536,-1809.8046884581565,False
11,moderate,66,residual_horizon_nmpc_gain_1,1.0,69.5,0.21349288429123284,0.04659371811366753,3.5226191579676476,0.21334507788156884,0.047491612988418176,3.5212282267219144,0.27943469221536354,-0.0023954785156249797,-0.02455321411132813,0.20943469221536354,0.34943469221536355,-0.08,0.08,-0.06594180792413071,0.04898919662929251,3.547172372078976,0.001583430924694252,0.001583430924694252,not_applicable,0.0,,False,-2061.1367861763547,-0.013415688720643325,0.5735420617725491,-0.3499999776795364,-0.3499999776795364,-0.3499999777422231,-0.3499999777422231,2.4522043284846973e-09,False,False,66317.01788330078,4681.560143855039,15.866037155671014,6.677959782399367e-05,731.8044024091165,1.1271201633807792,1.057845439337298,0.8291739104917131,1.0497015221724948,0.165381683907133,1.0,0.00030848479803221776,0.0006562873235056894,0.001380134036191736,-0.02273632069936974,0.05238554387091182,0.0011889161663444536,-1809.8046884581565,False
11,moderate,66,residual_horizon_nmpc_gain_1,1.0,70.0,0.21330552720808701,0.04655250820542213,3.5459057134784744,0.21327824010834884,0.04619331659241279,3.543728900581071,0.27963648834019206,-0.0023993823242187406,-0.025751953125000004,0.20963648834019205,0.34963648834019206,-0.08,0.08,-0.06633096113210504,0.04895189052964087,3.5716576666034743,0.001603499150690987,0.001603499150690987,Solve_Succeeded,0.0509142079972662,1222.4986873435191,False,-2060.508376485816,-0.01309513813484093,0.5758168902722643,-0.3499999817028187,-0.3499999776795364,-0.34999997768258545,-0.34999997768258545,1.1927525633836922e-10,False,False,66137.20703125,4665.963714444511,15.813180090735505,6.870019265334471e-05,747.8434143069393,1.1271201633807792,1.057845439337298,0.8291739104917131,1.0497015221724948,0.165381683907133,1.0,0.00030848479803221776,0.0006562873235056894,0.001380134036191736,-0.02273632069936974,0.05238554387091182,0.0011889161663444536,-1809.8046884581565,False
11,moderate,66,residual_horizon_nmpc_gain_1,1.0,70.5,0.21311817729424806,0.04651131113476522,3.569171667222131,0.21350921855388427,0.04781089629618065,3.5685309890596097,0.2797945601851852,-0.0024030957031249828,-0.02695259643554687,0.20979456018518522,0.34979456018518523,-0.08,0.08,-0.06667638289093716,0.0489144068378902,3.596124263657678,0.0016250238452451115,0.0016250238452451115,not_applicable,0.0,,False,-2059.7285336293976,-0.012774156142667387,0.5780983557020595,-0.3499999817028187,-0.3499999776795364,-0.3499999776796847,-0.3499999776796847,5.8014704151787555e-12,False,False,65957.11053466797,4650.3636541041415,15.760310720400511,7.067920773512445e-05,764.2501072452877,1.1271201633807792,1.057845439337298,0.8291739104917131,1.0497015221724948,0.165381683907133,1.0,0.00030848479803221776,0.0006562873235056894,0.001380134036191736,-0.02273632069936974,0.05238554387091182,0.0011889161663444536,-1809.8046884581565,False
11,moderate,66,residual_horizon_nmpc_gain_1,1.0,71.0,0.21293084061232864,0.046470129935864656,3.592417026375497,0.2131638884980257,0.04582223099046755,3.5912361540666486,0.27990826474622776,-0.0024066186523437755,-0.028155048828124987,0.20990826474622776,0.34990826474622777,-0.08,0.08,-0.06697742413389912,0.04887674858820843,3.620572075203622,0.0016457572980778587,0.0016457572980778587,not_applicable,0.0,,False,-2058.7903607043827,-0.01245276254000146,0.5803862961645628,-0.3499999817028187,-0.3499999817028187,-0.3499999815071335,-0.3499999815071335,-7.654897604680855e-09,False,False,65776.74267578125,4634.761096285395,15.707432885988693,7.271834303565273e-05,781.0317422239278,1.1271201633807792,1.057845439337298,0.8291739104917131,1.0497015221724948,0.165381683907133,1.0,0.00030848479803221776,0.0006562873235056894,0.001380134036191736,-0.02273632069936974,0.05238554387091182,0.0011889161663444536,-1809.8046884581565,False
11,moderate,66,residual_horizon_nmpc_gain_1,1.0,71.5,0.2127435240633031,0.04642896778084857,3.6156417996670225,0.2126411203991566,0.04766039802589479,3.614601454224469,0.2799769590192044,-0.0024099511718750355,-0.029359215087890647,0.20997695901920438,0.3499769590192044,-0.08,0.08,-0.06723343495590128,0.0488389189527236,3.645001014754913,0.0016662322122834878,0.0016662322122834878,not_applicable,0.0,,False,-2057.6867971718425,-0.012130978994535288,0.5826805486237413,-0.3499999817028187,-0.3499999817028187,-0.3499999816933006,-0.3499999816933006,-3.723341635009092e-10,False,False,65596.1177368164,4619.157171213474,15.654550417888743,7.481934158673596e-05,798.1956671419734,1.1271201633807792,1.057845439337298,0.8291739104917131,1.0497015221724948,0.165381683907133,1.0,0.00030848479803221776,0.0006562873235056894,0.001380134036191736,-0.02273632069936974,0.05238554387091182,0.0011889161663444536,-1809.8046884581565,False
11,moderate,66,residual_horizon_nmpc_gain_1,1.0,72.0,0.21255623536528878,0.04638782798307449,3.638845997446528,0.21276301189423485,0.04649708491133672,3.6396299440460824,0.28,-0.002413093261718735,-0.030565000000000023,0.21000000000000002,0.35000000000000003,-0.08,0.08,-0.06744376463471125,0.048800921244793224,3.669410997446528,0.0016892005546625607,0.0016892005546625607,Solve_Succeeded,0.049417082977015525,1277.383910090129,False,-2056.4105576831394,-0.011808826054690316,0.5849809489018909,-0.3499999716046962,-0.3499999817028187,-0.34999998170235574,-0.34999998170235574,-1.811029104459294e-11,False,False,65415.25,4603.553005925993,15.60166713568647,7.698399018669652e-05,815.7493151298276,1.1271201633807792,1.057845439337298,0.8291739104917131,1.0497015221724948,0.165381683907133,1.0,0.00030848479803221776,0.0006562873235056894,0.001380134036191736,-0.02273632069936974,0.05238554387091182,0.0011889161663444536,-1809.8046884581565,False
11,moderate,66,residual_horizon_nmpc_gain_1,1.0,72.5,0.21236898303638038,0.046346714001621485,3.6620296317569423,0.2122260815614307,0.04593616223801729,3.6622726332270448,0.2799884221215252,-0.0024160449218749713,-0.03177230834960938,0.2099884221215252,0.3499884221215252,-0.08,0.08,-0.06761943908514481,0.048762758923496456,3.693801940106552,0.001709963275437161,0.001709963275437161,not_applicable,0.0,,False,-2054.9541675236524,-0.01148632505383431,0.5872873316769143,-0.3499999716046962,-0.3499999817028187,-0.34999998170279617,-0.34999998170279617,-8.808509477375992e-13,False,False,65234.153747558594,4587.949724310893,15.548786848293275,7.921412009031595e-05,833.7002027292672,1.1271201633807792,1.057845439337298,0.8291739104917131,1.0497015221724948,0.165381683907133,1.0,0.00030848479803221776,0.0006562873235056894,0.001380134036191736,-0.02273632069936974,0.05238554387091182,0.0011889161663444536,-1809.8046884581565,False
11,moderate,66,residual_horizon_nmpc_gain_1,1.0,73.0,0.21218177638122848,0.04630562944507286,3.685192716408109,0.21268497449351725,0.045198014475187495,3.6879946865253204,0.27995386457550714,-0.0024188061523437304,-0.032981044921874994,0.20995386457550713,0.34995386457550715,-0.08,0.08,-0.06777208819427866,0.04872443559741659,3.718173761329984,0.001733813017223031,0.001733813017223031,not_applicable,0.0,,False,-2053.3099812224173,-0.011163498999249323,0.5895995304798856,-0.3499999716046962,-0.3499999716046962,-0.3499999720958676,-0.3499999720958676,1.9213857171962445e-08,False,False,65052.84326171875,4572.348447143617,15.49591335407216,8.151160768603229e-05,852.055927916825,1.1271201633807792,1.057845439337298,0.8291739104917131,1.0497015221724948,0.165381683907133,1.0,0.00030848479803221776,0.0006562873235056894,0.001380134036191736,-0.02273632069936974,0.05238554387091182,0.0011889161663444536,-1809.8046884581565,False
11,moderate,66,residual_horizon_nmpc_gain_1,1.0,73.5,0.21199462548071715,0.04626457807492621,3.7083352670523912,0.21182852166593974,0.0466184997534572,3.7087335667979233,0.2798965914960556,-0.002421376953125026,-0.03419111450195311,0.2098965914960556,0.3498965914960556,-0.08,0.08,-0.06790196601533846,0.04868595502805124,3.7425263815543444,0.0017525925852801827,0.0017525925852801827,not_applicable,0.0,,False,-2051.470067872442,-0.010840367356162665,0.5919173776928992,-0.3499999716046962,-0.3499999716046962,-0.34999997162858676,-0.34999997162858676,9.345616502898224e-10,False,False,64871.33282470703,4556.750292123559,15.44305044096124,8.387837515863541e-05,870.8241679654816,1.1271201633807792,1.057845439337298,0.8291739104917131,1.0497015221724948,0.165381683907133,1.0,0.00030848479803221776,0.0006562873235056894,0.001380134036191736,-0.02273632069936974,0.05238554387091182,0.0011889161663444536,-1809.8046884581565,False
11,moderate,66,residual_horizon_nmpc_gain_1,1.0,74.0,0.2118075411848844,0.046223563811296504,3.731457301262555,0.2125985086703369,0.04502376481534103,3.7281689019432815,0.27981686701728026,-0.0024237573242187754,-0.03540242187500002,0.20981686701728025,0.34981686701728026,-0.08,0.08,-0.06800932583239586,0.04864732113551528,3.7668597231375553,0.0017710917897535905,0.0017710917897535905,Solve_Succeeded,0.04952091700397432,1330.7370686007418,False,-2049.426373872933,-0.010516953664745234,0.5942407045472012,-0.34999999376541635,-0.3499999716046962,-0.3499999716058582,-0.3499999716058582,4.545708254255487e-11,False,False,64689.63671875,4541.156373909807,15.390201886594888,8.631639113562685e-05,890.0126771397578,1.1271201633807792,1.057845439337298,0.8291739104917131,1.0497015221724948,0.165381683907133,1.0,0.00030848479803221776,0.0006562873235056894,0.001380134036191736,-0.02273632069936974,0.05238554387091182,0.0011889161663444536,-1809.8046884581565,False
11,moderate,66,residual_horizon_nmpc_gain_1,1.0,74.5,0.21162053510849552,0.04618259073536376,3.754558838611692,0.21141638463395385,0.045050553202546306,3.7532073007412445,0.27971495527329077,-0.002425947265624978,-0.03661487182617189,0.20971495527329076,0.3497149552732908,-0.08,0.08,-0.06809442016479525,0.04860853800098874,3.7911737104378638,0.001794561620024858,0.001794561620024858,not_applicable,0.0,,False,-2047.1706172941308,-0.01019328066500575,0.5965693411216009,-0.34999999376541635,-0.3499999716046962,-0.3499999716047527,-0.3499999716047527,2.2110091535409993e-12,False,False,64507.76922607422,4525.567804156212,15.337371458422572,8.882767131531593e-05,909.6292842192645,1.1271201633807792,1.057845439337298,0.8291739104917131,1.0497015221724948,0.165381683907133,1.0,0.00030848479803221776,0.0006562873235056894,0.001380134036191736,-0.02273632069936974,0.05238554387091182,0.0011889161663444536,-1809.8046884581565,False
11,moderate,66,residual_horizon_nmpc_gain_1,1.0,75.0,0.2114336196287457,0.04614166309393295,3.77763990075489,0.2119798227089527,0.04615074249980907,3.7764260696797427,0.2795911203981969,-0.0024279467773437313,-0.037828369140625,0.20959112039819688,0.3495911203981969,-0.08,0.08,-0.06815750076945118,0.04856960987127668,3.815468269895515,0.0018162411067664357,0.0018162411067664357,not_applicable,0.0,,False,-2044.6942397865664,-0.009869368435571013,0.598903116341161,-0.34999999376541635,-0.34999999376541635,-0.3499999926875221,-0.3499999926875221,-4.2165538727267915e-08,False,False,64325.74462890625,4509.985691545775,15.284562913825413,9.14142790746381e-05,929.681889845786,1.1271201633807792,1.057845439337298,0.8291739104917131,1.0497015221724948,0.165381683907133,1.0,0.00030848479803221776,0.0006562873235056894,0.001380134036191736,-0.02273632069936974,0.05238554387091182,0.0011889161663444536,-1809.8046884581565,False
11,moderate,66,residual_horizon_nmpc_gain_1,1.0,75.5,0.2112468078855929,0.04610078530495507,3.8007005115134285,0.21098105666802125,0.04535919786596031,3.8003760397936133,0.2794456265261082,-0.0024297558593749935,-0.03904281860351562,0.2094456265261082,0.3494456265261082,-0.08,0.08,-0.0681988186405153,0.04853054116433007,3.839743330116944,0.001839238532644328,0.001839238532644328,not_applicable,0.0,,False,-2041.9886806666427,-0.009545246016660548,0.6012418579761649,-0.34999999376541635,-0.34999999376541635,-0.34999999371298757,-0.34999999371298757,-2.0509309806016063e-09,False,False,64143.577209472656,4494.411141824394,15.231780000230545,9.407832605458496e-05,950.1784636889923,1.1271201633807792,1.057845439337298,0.8291739104917131,1.0497015221724948,0.165381683907133,1.0,0.00030848479803221776,0.0006562873235056894,0.001380134036191736,-0.02273632069936974,0.05238554387091182,0.0011889161663444536,-1809.8046884581565,False
11,moderate,66,residual_horizon_nmpc_gain_1,1.0,76.0,0.21106011378334832,0.04605996195756596,3.823740696960361,0.2110916504445071,0.04532242121722046,3.8232661475567715,0.2792787377911345,-0.0024313745117187785,-0.04025812499999999,0.20927873779113448,0.3492787377911345,-0.08,0.08,-0.06821862400778617,0.04849133646928474,3.8639988219603607,0.001851026505519034,0.001851026505519034,Solve_Succeeded,0.048852834035642445,1388.153050928019,False,-2039.0449768445376,-0.009220934422693887,0.6035853926413581,-0.14322910143478904,-0.34999999376541635,-0.3499999937628662,-0.3499999937628662,-9.975731352085404e-11,False,False,63961.28125,4478.845257833978,15.179026455223338,9.682197272104423e-05,971.1270414259062,1.1271201633807792,1.057845439337298,0.8291739104917131,1.0497015221724948,0.165381683907133,1.0,0.00030848479803221776,0.0006562873235056894,0.001380134036191736,-0.02273632069936974,0.05238554387091182,0.0011889161663444536,-1809.8046884581565,False
11,moderate,66,residual_horizon_nmpc_gain_1,1.0,76.5,0.21087355199404864,0.046019197820126,3.846760485508118,0.21087825684781847,0.04620838061505687,3.846923876261013,0.27909071832738547,-0.002432802734375031,-0.0414741931152344,0.20909071832738546,0.3490907183273855,-0.08,0.08,-0.06821716633333683,0.04845200055450103,3.8882346786233524,0.0018838511232814395,0.0018838511232814395,not_applicable,0.0,,False,-2035.8540162938389,-0.008896457504799962,0.6059335457954627,-0.14322910143478904,-0.34999999376541635,-0.34999999376529234,-0.34999999376529234,-4.852229729124247e-12,False,False,63778.871032714844,4463.289139544943,15.126306006657531,9.964742889875098e-05,992.5357215292951,1.1271201633807792,1.057845439337298,0.8291739104917131,1.0497015221724948,0.165381683907133,1.0,0.00030848479803221776,0.0006562873235056894,0.001380134036191736,-0.02273632069936974,0.05238554387091182,0.0011889161663444536,-1809.8046884581565,False
11,moderate,66,residual_horizon_nmpc_gain_1,1.0,77.0,0.21068713796306135,0.04597849784318972,3.8697599079988625,0.21015086061531932,0.04547153200611397,3.8687025448277397,0.27888183226897073,-0.0024340405273437365,-0.04269092773437502,0.20888183226897072,0.34888183226897074,-0.08,0.08,-0.06819469430590938,0.048412538370533456,3.9124508357332375,0.0018991972829064275,0.0018991972829064275,not_applicable,0.0,,False,-2362.478508445667,-0.021282089533142638,0.6082861417409636,-0.14322910143478904,-0.14322910143478904,-0.15328643400270792,-0.25999999376529237,0.17999999999999994,False,True,63596.36083984375,4447.743884088104,15.073622372763316,0.0001025569542759525,1014.4126618601911,1.1271201633807792,1.057845439337298,0.8291739104917131,1.0497015221724948,0.165381683907133,1.0,0.00030848479803221776,0.0006562873235056894,0.001380134036191736,-0.02273632069936974,0.05238554387091182,0.0011889161663444536,-1809.8046884581565,False
11,moderate,66,residual_horizon_nmpc_gain_1,1.0,77.5,0.2104992964183901,0.0459312658279832,3.8927373474501494,0.21072631604651257,0.04607863597258299,3.8906284081068603,0.27865234375000003,-0.002435087890624979,-0.043908233642578134,0.20865234375000002,0.34865234375000004,-0.08,0.08,-0.06815304733160993,0.04836635371860818,3.9366455810927277,0.0019169798587942172,0.0019169798587942172,not_applicable,0.0,,False,-2705.982177059017,-0.03376550791622482,0.610643003624165,-0.14322910143478904,-0.14322910143478904,-0.14371828991408447,-0.16999999376529237,0.18,False,True,63413.76495361328,4432.210585785984,15.020979262253448,0.00010555285887729259,1036.7660760598176,1.1271201633807792,1.057845439337298,0.8291739104917131,1.0497015221724948,0.165381683907133,1.0,0.00030848479803221776,0.0006562873235056894,0.001380134036191736,-0.02273632069936974,0.05238554387091182,0.0011889161663444536,-1809.8046884581565,False
11,moderate,66,residual_horizon_nmpc_gain_1,1.0,78.0,0.2103070019273299,0.04587716449414903,3.9156894534975346,0.21032915596121413,0.046763359054149405,3.916549033504976,0.27840251690458306,-0.0024359448242187165,-0.045126015625,0.20840251690458306,0.34840251690458307,-0.08,0.08,-0.06809551497725316,0.04831310931836775,3.960815469122535,0.001952716196743832,0.001952716196743832,Solve_Succeeded,0.04929966700728983,1446.4785975486461,False,-2822.785702463083,-0.03734372678883656,0.6130039534355131,0.18999998496636336,-0.14322910143478904,-0.14325289555382203,-0.14325289555382203,0.053494196422940676,False,False,63231.09765625,4416.690336183554,14.968380374427417,0.00010863750350232013,1059.6042297362853,1.1271201633807792,1.057845439337298,0.8291739104917131,1.0497015221724948,0.165381683907133,1.0,0.00030848479803221776,0.0006562873235056894,0.001380134036191736,-0.02273632069936974,0.05238554387091182,0.0011889161663444536,-1809.8046884581565,False
11,moderate,66,residual_horizon_nmpc_gain_1,1.0,78.5,0.21010855896633562,0.0458207280702676,3.9386139250230063,0.21032986972177614,0.047363106938657036,3.9400405971409103,0.27813261586682947,-0.0024366113281250323,-0.04634417846679685,0.20813261586682946,0.3481326158668295,-0.08,0.08,-0.06802405690049385,0.048257339398392635,3.984958103489803,0.001965028608358515,0.001965028608358515,not_applicable,0.0,,False,-2839.193520766055,-0.03713102361315174,0.6153688120101857,0.18999998496636336,-0.14322910143478904,-0.1432302587803205,-0.1432302587803205,4.5273547003066295e-05,False,False,63048.37322998047,4401.184224078418,14.91582939927376,0.00011181330012692427,1082.9354364414773,1.1271201633807792,1.057845439337298,0.8291739104917131,1.0497015221724948,0.165381683907133,1.0,0.00030848479803221776,0.0006562873235056894,0.001380134036191736,-0.02273632069936974,0.05238554387091182,0.0011889161663444536,-1809.8046884581565,False
11,moderate,66,residual_horizon_nmpc_gain_1,1.0,79.0,0.209903986462873,0.04576396451673981,3.9615100964690586,0.20998995898196773,0.045385396771303425,3.9615681108746124,0.277842904770849,-0.002437087402343774,-0.047562626953125034,0.207842904770849,0.347842904770849,-0.08,0.08,-0.06793891830797599,0.04820105191908358,4.009072723422183,0.0019867420363478654,0.0019867420363478654,not_applicable,0.0,,False,-3221.3876930686974,-0.049820701769023805,0.6177373990289489,0.18999998496636336,0.18999998496636336,0.17379167176871965,-0.053230258780320505,0.18,False,True,62865.60595703125,4385.6933355504425,14.863330017570455,0.0001150827122648945,1106.7680534336173,1.1271201633807792,1.057845439337298,0.8291739104917131,1.0497015221724948,0.165381683907133,1.0,0.00030848479803221776,0.0006562873235056894,0.001380134036191736,-0.02273632069936974,0.05238554387091182,0.0011889161663444536,-1809.8046884581565,False
11,moderate,66,residual_horizon_nmpc_gain_1,1.0,79.5,0.2096920043144741,0.045699558217462154,3.9843759753529517,0.20922756986094296,0.04652362410494234,3.9852152538354138,0.27753364775075134,-0.002437373046874969,-0.048781265869140625,0.20753364775075134,0.34753364775075135,-0.08,0.08,-0.06784164343627724,0.04813693126433712,4.033157241222092,0.0020123781432679847,0.0020123781432679847,not_applicable,0.0,,False,-3622.6773500049535,-0.06260691574145943,0.6201095330192727,0.18999998496636336,0.18999998496636336,0.18921161289737248,0.03676974121967949,0.18,False,True,62682.810119628906,4370.218753990877,14.810885900983639,0.00011844825528670852,1131.1104772212339,1.1271201633807792,1.057845439337298,0.8291739104917131,1.0497015221724948,0.165381683907133,1.0,0.00030848479803221776,0.0006562873235056894,0.001380134036191736,-0.02273632069936974,0.05238554387091182,0.0011889161663444536,-1809.8046884581565,False
11,moderate,66,residual_horizon_nmpc_gain_1,1.0,80.0,0.20946967364366628,0.045627127609213156,4.007207644882141,0.20944652969846797,0.045340424836072576,4.0073966909905465,0.27720510894064615,-0.002437468261718756,-0.05,0.20720510894064614,0.34720510894064616,-0.08,0.08,-0.06773543529697987,0.04806459587093191,4.057207644882141,0.002061670358938233,0.002061670358938233,Solve_Succeeded,0.058092207997106016,1502.090781287226,False,-4043.735442536734,-0.07548883976932583,0.6224850313567132,0.34999968001643944,0.18999998496636336,0.18996163856278725,0.1267697412196795,0.18,False,True,62500.0,4354.761560130941,14.758500712164466,0.00012191249669253539,1155.9711388841995,1.1271201633807792,1.057845439337298,0.8291739104917131,1.0497015221724948,0.165381683907133,1.0,0.00030848479803221776,0.0006562873235056894,0.001380134036191736,-0.02273632069936974,0.05238554387091182,0.0011889161663444536,-1809.8046884581565,False
11,moderate,66,residual_horizon_nmpc_gain_1,1.0,80.5,0.20923417779689596,0.04554627767697123,4.030000994118897,0.20898557150875782,0.044617084626524806,4.028376073271992,0.27685755247464316,-0.0024373730468749966,-0.05121873413085938,0.20685755247464316,0.34685755247464317,-0.08,0.08,-0.0676233746777472,0.04798365072384623,4.081219728249756,0.002066102822279082,0.002066102822279082,not_applicable,0.0,,False,-4367.793841579884,-0.08458181945972355,0.6248637102665509,0.34999968001643944,0.18999998496636336,0.18999811979796755,0.18999811979796755,0.12645675715657612,False,False,62317.189880371094,4339.322832069908,14.706178104844305,0.00012547805633634539,1181.3584991677603,1.1271201633807792,1.057845439337298,0.8291739104917131,1.0497015221724948,0.165381683907133,1.0,0.00030848479803221776,0.0006562873235056894,0.001380134036191736,-0.02273632069936974,0.05238554387091182,0.0011889161663444536,-1809.8046884581565,False
11,moderate,66,residual_horizon_nmpc_gain_1,1.0,81.0,0.20898336950511298,0.045458948734039155,4.052752298454466,0.20902102633984151,0.0455647618647162,4.053584133871212,0.27649124248685203,-0.002437087402343746,-0.052437373046875,0.20649124248685202,0.34649124248685204,-0.08,0.08,-0.06750787298173905,0.0478960361363829,4.105189671501341,0.0021005511727632386,0.0021005511727632386,not_applicable,0.0,,False,-4827.449842913904,-0.0976382131531414,0.6272453848256894,0.34999968001643944,0.34999968001643944,0.34221720694024393,0.2799981197979675,0.17999999999999994,False,True,62134.39404296875,4323.90364530272,14.653921723928308,0.00012914760659791312,1207.2810433456307,1.1271201633807792,1.057845439337298,0.8291739104917131,1.0497015221724948,0.165381683907133,1.0,0.00030848479803221776,0.0006562873235056894,0.001380134036191736,-0.02273632069936974,0.05238554387091182,0.0011889161663444536,-1809.8046884581565,False
11,moderate,66,residual_horizon_nmpc_gain_1,1.0,81.5,0.20871512234888337,0.045362429124552545,4.075457640443138,0.20850258056854173,0.04457313128999678,4.075702989504802,0.27610644311138244,-0.0024366113281250046,-0.05365582153320313,0.20610644311138243,0.34610644311138244,-0.08,0.08,-0.06739132076249907,0.04779904045267755,4.129113461976341,0.0021321971030616015,0.0021321971030616015,not_applicable,0.0,,False,-5214.857272629196,-0.10780965370539716,0.6296298689648132,0.34999968001643944,0.34999968001643944,0.34962114066282934,0.34962114066282934,0.13924604172972366,False,False,61951.62677001953,4308.505072747086,14.601735205587266,0.00013292387249939108,1233.7472758482895,1.1271201633807792,1.057845439337298,0.8291739104917131,1.0497015221724948,0.165381683907133,1.0,0.00030848479803221776,0.0006562873235056894,0.001380134036191736,-0.02273632069936974,0.05238554387091182,0.0011889161663444536,-1809.8046884581565,False
11,moderate,66,residual_horizon_nmpc_gain_1,1.0,82.0,0.2084272496780196,0.04525816417427917,4.098112786054794,0.20758334940417342,0.04547384428387882,4.097500248521844,0.27570341848234414,-0.0024359448242187443,-0.054873984375000004,0.20570341848234414,0.34570341848234415,-0.08,0.08,-0.06727616880432455,0.047694108998497915,4.152986770429794,0.0021547808642720353,0.0021547808642720353,Solve_Succeeded,0.04963770799804479,1562.6079591334842,False,-5291.968061454052,-0.10788840874777418,0.6320169754707983,0.3499999909641351,0.34999968001643944,0.3499812678689346,0.3499812678689346,0.0007202544122104637,False,False,61768.90234375,4293.128184770147,14.549622177347963,0.0001368096317630312,1260.7657146529043,1.1271201633807792,1.057845439337298,0.8291739104917131,1.0497015221724948,0.165381683907133,1.0,0.00030848479803221776,0.0006562873235056894,0.001380134036191736,-0.02273632069936974,0.05238554387091182,0.0011889161663444536,-1809.8046884581565,False
11,moderate,66,residual_horizon_nmpc_gain_1,1.0,82.5,0.2081196247219698,0.04515235998907723,4.120715414135659,0.2084579927670314,0.043698393031715604,4.118885478771076,0.2752824327338468,-0.0024350878906250206,-0.05609176635742187,0.20528243273384678,0.3452824327338468,-0.08,0.08,-0.06716280801187699,0.047587447879702253,4.176807180493081,0.002177753545301409,0.002177753545301409,not_applicable,0.0,,False,-5368.869617411863,-0.10791052563592053,0.6344065159893799,0.3499999909641351,0.34999968001643944,0.3499987844499085,0.3499987844499085,3.503316194786166e-05,False,False,61586.23504638672,4277.774049214653,14.497586258181908,0.00014080771480652735,1288.344885431418,1.1271201633807792,1.057845439337298,0.8291739104917131,1.0497015221724948,0.165381683907133,1.0,0.00030848479803221776,0.0006562873235056894,0.001380134036191736,-0.02273632069936974,0.05238554387091182,0.0011889161663444536,-1809.8046884581565,False
11,moderate,66,residual_horizon_nmpc_gain_1,1.0,83.0,0.20779357719488523,0.04504502070449369,4.1432647561061,0.20791379944796254,0.04481187863599351,4.143516564633474,0.27484375,-0.0024340405273437504,-0.057309072265625025,0.20484375,0.34484375,-0.08,0.08,-0.06705017280511477,0.04747906123183744,4.200573828371724,0.002203513507424551,0.002203513507424551,not_applicable,0.0,,False,-5447.089033928968,-0.10792414824833155,0.6367983010280722,0.3499999909641351,0.3499999909641351,0.3499999322793043,0.3499999322793043,2.2956587916178606e-06,False,False,61403.63916015625,4262.443731424724,14.445631058592618,0.0001449210046723514,1316.4933154536159,1.1271201633807792,1.057845439337298,0.8291739104917131,1.0497015221724948,0.165381683907133,1.0,0.00030848479803221776,0.0006562873235056894,0.001380134036191736,-0.02273632069936974,0.05238554387091182,0.0011889161663444536,-1809.8046884581565,False
11,moderate,66,residual_horizon_nmpc_gain_1,1.0,83.5,0.20745029289684083,0.044936119924571714,4.165760037820511,0.2071070636659722,0.04460230336843381,4.165791413214857,0.27438763441491365,-0.002432802734374989,-0.05852580688476562,0.20438763441491364,0.34438763441491366,-0.08,0.08,-0.06693734151807282,0.047368922658946704,4.2242858447052765,0.002227298149283019,0.002227298149283019,not_applicable,0.0,,False,-5526.7239564063075,-0.10793194416519453,0.6391921399593407,0.3499999909641351,0.3499999909641351,0.34999998810970595,0.34999998810970595,1.1166080327029704e-07,False,False,61221.128967285156,4247.138294271152,14.393760180701383,0.00014915243688734778,1345.2195272421088,1.1271201633807792,1.057845439337298,0.8291739104917131,1.0497015221724948,0.165381683907133,1.0,0.00030848479803221776,0.0006562873235056894,0.001380134036191736,-0.02273632069936974,0.05238554387091182,0.0011889161663444536,-1809.8046884581565,False
11,moderate,66,residual_horizon_nmpc_gain_1,1.0,84.0,0.207090821141148,0.044825629311257345,4.188200471448892,0.2067437044916711,0.04533430904317766,4.1876973704480465,0.27391435011269727,-0.002431374511718737,-0.059741875000000014,0.20391435011269726,0.3439143501126973,-0.08,0.08,-0.06682352897154928,0.04725700382297608,4.247942346448892,0.0022506177478060834,0.0022506177478060834,Solve_Succeeded,0.049730583967175335,1622.7655600299481,False,-5607.804059867623,-0.1079344438647592,0.6415878410240256,0.3499999997961691,0.3499999909641351,0.3499999908252957,0.3499999908252957,5.4311795061323664e-09,False,False,61038.71875,4231.858798176278,14.341977218331582,0.00015350499924876072,1374.5320319765126,1.1271201633807792,1.057845439337298,0.8291739104917131,1.0497015221724948,0.165381683907133,1.0,0.00030848479803221776,0.0006562873235056894,0.001380134036191736,-0.02273632069936974,0.05238554387091182,0.0011889161663444536,-1809.8046884581565,False
11,moderate,66,residual_horizon_nmpc_gain_1,1.0,84.5,0.20671608837968775,0.044713519943198714,4.210585254845551,0.20732192403202349,0.044645101183297675,4.2113076618074565,0.2734241612274606,-0.0024297558593749935,-0.06095718139648436,0.2034241612274606,0.3434241612274606,-0.08,0.08,-0.06670807284777286,0.04714327580257371,4.271542436242036,0.002276285457722035,0.002276285457722035,not_applicable,0.0,,False,-5690.353219705142,-0.10793198720499408,0.6439852113350127,0.3499999997961691,0.3499999909641351,0.34999999095738193,0.34999999095738193,2.641724616836427e-10,False,False,60856.422790527344,4216.606301138476,14.290285757091644,0.00015798173153276575,1404.439322644302,1.1271201633807792,1.057845439337298,0.8291739104917131,1.0497015221724948,0.165381683907133,1.0,0.00030848479803221776,0.0006562873235056894,0.001380134036191736,-0.02273632069936974,0.05238554387091182,0.0011889161663444536,-1809.8046884581565,False
11,moderate,66,residual_horizon_nmpc_gain_1,1.0,85.0,0.20632691075254758,0.04459976243113903,4.232913571286355,0.2064599053020291,0.04448813039111002,4.233914161470973,0.27291733189331335,-0.002427946777343787,-0.06217163085937501,0.20291733189331335,0.34291733189331336,-0.08,0.08,-0.06659042114076577,0.047027709208482815,4.29508520214573,0.002300877225545374,0.002300877225545374,not_applicable,0.0,,False,-5774.394116588885,-0.10792486769383233,0.6463840568811571,0.3499999997961691,0.3499999997961691,0.34999999936625065,0.34999999936625065,1.6817737424901225e-08,False,False,60674.25537109375,4201.381858756196,14.238689374456536,0.00016258572512148077,1434.9498669360596,1.1271201633807792,1.057845439337298,0.8291739104917131,1.0497015221724948,0.165381683907133,1.0,0.00030848479803221776,0.0006562873235056894,0.001380134036191736,-0.02273632069936974,0.05238554387091182,0.0011889161663444536,-1809.8046884581565,False
11,moderate,66,residual_horizon_nmpc_gain_1,1.0,85.5,0.20592400536285788,0.0444843269412653,4.255184589240657,0.20640485399746566,0.04479937607355301,4.255886053398691,0.27239412624436515,-0.002425947265624978,-0.06338512817382815,0.20239412624436515,0.34239412624436516,-0.08,0.08,-0.06647012088150728,0.04691027420689028,4.318569717414485,0.0023248426540982067,0.0023248426540982067,not_applicable,0.0,,False,-5859.948296576377,-0.10791333843998574,0.6487841825314473,0.3499999997961691,0.3499999997961691,0.34999999977525786,0.34999999977525786,8.180144339675621e-10,False,False,60492.23077392578,4186.186524251644,14.187191639848015,0.00016732012254434483,1466.0720998832153,1.1271201633807792,1.057845439337298,0.8291739104917131,1.0497015221724948,0.165381683907133,1.0,0.00030848479803221776,0.0006562873235056894,0.001380134036191736,-0.02273632069936974,0.05238554387091182,0.0011889161663444536,-1809.8046884581565,False
11,moderate,66,residual_horizon_nmpc_gain_1,1.0,86.0,0.2055080003879504,0.04436718321740743,4.277397462154608,0.20556466562223352,0.04509084568337029,4.277015517397199,0.2718548084147258,-0.002423757324218734,-0.06459757812499999,0.2018548084147258,0.3418548084147258,-0.08,0.08,-0.06634680802677542,0.046790940541626164,4.341995040279608,0.002348030496002846,0.002348030496002846,Solve_Succeeded,0.04781458398792893,1684.3131103082942,False,-5947.036458107011,-0.10789762353067353,0.651185392039422,0.350000003684618,0.3499999997961691,0.34999999979515195,0.34999999979515195,3.978817275651636e-11,False,False,60310.36328125,4171.021348494046,14.13579611471348,0.00017218811692965851,1497.8144162365643,1.1271201633807792,1.057845439337298,0.8291739104917131,1.0497015221724948,0.165381683907133,1.0,0.00030848479803221776,0.0006562873235056894,0.001380134036191736,-0.02273632069936974,0.05238554387091182,0.0011889161663444536,-1809.8046884581565,False
11,moderate,66,residual_horizon_nmpc_gain_1,1.0,86.5,0.20507944414641568,0.04424830059754565,4.299551328244141,0.20505996955367112,0.04350264123595101,4.300304680353598,0.2712996425385049,-0.0024213769531249985,-0.06580888549804688,0.2012996425385049,0.3412996425385049,-0.08,0.08,-0.06622019839208923,0.04666967755067065,4.365360213742188,0.0023741853790596405,0.0023741853790596405,not_applicable,0.0,,False,-6035.678289559428,-0.10787791672495003,0.6535874880478271,0.350000003684618,0.3499999997961691,0.3499999997961196,0.3499999997961196,1.935340776526573e-12,False,False,60128.66717529297,4155.887380022547,14.084506352603574,0.00017719295136199724,1530.1851625842553,1.1271201633807792,1.057845439337298,0.8291739104917131,1.0497015221724948,0.165381683907133,1.0,0.00030848479803221776,0.0006562873235056894,0.001380134036191736,-0.02273632069936974,0.05238554387091182,0.0011889161663444536,-1809.8046884581565,False
11,moderate,66,residual_horizon_nmpc_gain_1,1.0,87.0,0.20463881322929006,0.04412764803361097,4.3216453102970345,0.2044589184688247,0.044552566448704235,4.321477290451066,0.2707288927498122,-0.0024188061523437443,-0.06701895507812498,0.2007288927498122,0.3407288927498122,-0.08,0.08,-0.06609007952052215,0.04654645418595471,4.3886642653751595,0.0023975249013727567,0.0023975249013727567,not_applicable,0.0,,False,-6125.8925083759705,-0.10785438551545246,0.6559902720935179,0.350000003684618,0.350000003684618,0.3500000034954815,0.35,4.0776071408288317e-10,False,False,59947.15673828125,4140.785665068743,14.033325899248526,0.00018233791814112752,1563.1926292082433,1.1271201633807792,1.057845439337298,0.8291739104917131,1.0497015221724948,0.165381683907133,1.0,0.00030848479803221776,0.0006562873235056894,0.001380134036191736,-0.02273632069936974,0.05238554387091182,0.0011889161663444536,-1809.8046884581565,False
11,moderate,66,residual_horizon_nmpc_gain_1,1.0,87.5,0.20418651979344468,0.04400519411054341,4.343678515484673,0.20454510648959345,0.04367705108794785,4.345447667669572,0.27014282318275734,-0.0024160449218750546,-0.06822769165039062,0.20014282318275733,0.34014282318275735,-0.08,0.08,-0.06595630338931266,0.04642123903241847,4.411906207135064,0.002424572805944972,0.002424572805944972,not_applicable,0.0,,False,-6217.696854919326,-0.10782717374467321,0.6583935446126042,0.350000003684618,0.350000003684618,0.3500000036754184,0.35,0.0,False,False,59765.846252441406,4125.717247578832,13.982258292633263,0.00018762635793797625,1596.8450416785176,1.1271201633807792,1.057845439337298,0.8291739104917131,1.0497015221724948,0.165381683907133,1.0,0.00030848479803221776,0.0006562873235056894,0.001380134036191736,-0.02273632069936974,0.05238554387091182,0.0011889161663444536,-1809.8046884581565,False
11,moderate,66,residual_horizon_nmpc_gain_1,1.0,88.0,0.2037229181043127,0.04388090706550988,4.365650035183392,0.20355665414514895,0.04452138236616235,4.365301279077563,0.26954169797145006,-0.002413093261718763,-0.06943500000000004,0.19954169797145005,0.33954169797145006,-0.08,0.08,-0.06581877986713736,0.04629400032722864,4.435085035183392,0.0024467835820957407,0.0024467835820957407,Solve_Succeeded,0.0467738329898566,1746.3297793518955,False,-6311.108093041559,-0.10779640420439315,0.6607971049458362,0.35000000552851884,0.350000003684618,0.3500000036841705,0.35,0.0,False,False,59584.75,4110.6831692354335,13.931307063071314,0.00019306165884313745,1631.1505521848683,1.1271201633807792,1.057845439337298,0.8291739104917131,1.0497015221724948,0.165381683907133,1.0,0.00030848479803221776,0.0006562873235056894,0.001380134036191736,-0.02273632069936974,0.05238554387091182,0.0011889161663444536,-1809.8046884581565,False
11,moderate,66,residual_horizon_nmpc_gain_1,1.0,88.5,0.20324831040619049,0.043754754807144136,4.387558944805415,0.2032017538943546,0.04400823289666728,4.388376575289333,0.26892578125000005,-0.00240995117187498,-0.07064078491210939,0.19892578125000004,0.33892578125000006,-0.08,0.08,-0.06567747084380957,0.046164705979019116,4.458199729717524,0.002473045418862273,0.002473045418862273,not_applicable,0.0,,False,-6406.141994759749,-0.10776218067325008,0.6632007513442304,0.35000000552851884,0.350000003684618,0.3500000036845962,0.35,0.0,False,False,59403.882263183594,4095.6844694790416,13.880475733277544,0.00019864725530333027,1666.1172306062515,1.1271201633807792,1.057845439337298,0.8291739104917131,1.0497015221724948,0.165381683907133,1.0,0.00030848479803221776,0.0006562873235056894,0.001380134036191736,-0.02273632069936974,0.05238554387091182,0.0011889161663444536,-1809.8046884581565,False
11,moderate,66,residual_horizon_nmpc_gain_1,1.0,89.0,0.20276295219024326,0.04362670493512392,4.40940430363951,0.20312215003100734,0.04319724456431884,4.410180626232265,0.2682953371525169,-0.0024066186523437616,-0.07184495117187502,0.1982953371525169,0.3382953371525169,-0.08,0.08,-0.06553238496227365,0.04603332358746768,4.481249254811385,0.002498121322934343,0.002498121322934343,not_applicable,0.0,,False,-6502.813327700361,-0.10772458988540706,0.6656042809749362,0.35000000552851884,0.35000000552851884,0.3500000054388305,0.35,0.0,False,False,59223.25732421875,4080.722185529149,13.829767818439732,0.0002043866269411626,1701.7530553182658,1.1271201633807792,1.057845439337298,0.8291739104917131,1.0497015221724948,0.165381683907133,1.0,0.00030848479803221776,0.0006562873235056894,0.001380134036191736,-0.02273632069936974,0.05238554387091182,0.0011889161663444536,-1809.8046884581565,False
11,moderate,66,residual_horizon_nmpc_gain_1,1.0,89.5,0.2022670569230995,0.04349672476002693,4.431185154701494,0.20238410146929045,0.04311476450062049,4.428850287628138,0.2676506298131105,-0.0024030957031249967,-0.07304740356445315,0.1976506298131105,0.3376506298131105,-0.08,0.08,-0.06538357289001101,0.04589982046315193,4.504232558265947,0.002519625433697952,0.002519625433697952,not_applicable,0.0,,False,-6601.135838254081,-0.10768370326821557,0.6680074899273395,0.35000000552851884,0.35000000552851884,0.3500000055241564,0.35,0.0,False,False,59042.88946533203,4065.797352405041,13.779186826289047,0.0002102832972535052,1738.0659037396492,1.1271201633807792,1.057845439337298,0.8291739104917131,1.0497015221724948,0.165381683907133,1.0,0.00030848479803221776,0.0006562873235056894,0.001380134036191736,-0.02273632069936974,0.05238554387091182,0.0011889161663444536,-1809.8046884581565,False
11,moderate,66,residual_horizon_nmpc_gain_1,1.0,90.0,0.2017608002923746,0.04336478132354914,4.4529005245947495,0.2019156507996692,0.04311746580972399,4.452315930416216,0.26699192336589034,-0.0023993823242187684,-0.07424804687500001,0.19699192336589033,0.33699192336589034,-0.08,0.08,-0.06523112307351575,0.045764163647767905,4.527148571469749,0.0025466209074681543,0.0025466209074681543,Solve_Succeeded,0.04726595804095268,1803.0290547861794,False,-6701.122231875176,-0.10763957850083598,0.6704101732194035,0.3500000063220887,0.35000000552851884,0.3500000055283067,0.35,0.0,False,False,58862.79296875,4050.911002946254,13.728736257169384,0.00021634083218373393,1775.063542619162,1.1271201633807792,1.057845439337298,0.8291739104917131,1.0497015221724948,0.165381683907133,1.0,0.00030848479803221776,0.0006562873235056894,0.001380134036191736,-0.02273632069936974,0.05238554387091182,0.0011889161663444536,-1809.8046884581565,False
11,moderate,66,residual_horizon_nmpc_gain_1,1.0,90.5,0.2012443240196283,0.04323084141914,4.474549423380961,0.20091635881507836,0.0439008084706824,4.475623561725031,0.2663194819449662,-0.002395478515624966,-0.07544678588867192,0.19631948194496618,0.3363194819449662,-0.08,0.08,-0.06507515792533788,0.045626319934764965,4.549996209269633,0.002573386606601888,0.002573386606601888,not_applicable,0.0,,False,-6802.78415073406,-0.10759226091264631,0.6728121248042477,0.3500000063220887,0.35000000552851884,0.3500000055285085,0.35,0.0,False,False,58682.98211669921,4036.0641678327297,13.678419604105663,0.00022256283856305798,1812.7536180646225,1.1271201633807792,1.057845439337298,0.8291739104917131,1.0497015221724948,0.165381683907133,1.0,0.00030848479803221776,0.0006562873235056894,0.001380134036191736,-0.02273632069936974,0.05238554387091182,0.0011889161663444536,-1809.8046884581565,False
11,moderate,66,residual_horizon_nmpc_gain_1,1.0,91.0,0.2007177392860241,0.043094871613105566,4.49613084446128,0.2011328254660488,0.044023202469598496,4.497223523105997,0.26563356968444785,-0.0023913842773437277,-0.07664352539062498,0.19563356968444784,0.33563356968444785,-0.08,0.08,-0.06491583039842375,0.045486255890449294,4.572774369851905,0.0025985529591280717,0.0025985529591280717,not_applicable,0.0,,False,-6906.132148919963,-0.10754178473830098,0.6752131375769588,0.3500000063220887,0.3500000063220887,0.350000006283489,0.35,0.0,False,False,58503.47119140625,4021.257875604648,13.628240352871046,0.00022895296241612839,1851.1436453163928,1.1271201633807792,1.057845439337298,0.8291739104917131,1.0497015221724948,0.165381683907133,1.0,0.00030848479803221776,0.0006562873235056894,0.001380134036191736,-0.02273632069936974,0.05238554387091182,0.0011889161663444536,-1809.8046884581565,False
11,moderate,66,residual_horizon_nmpc_gain_1,1.0,91.5,0.20018112981126676,0.04295683826622636,4.51764376446817,0.19988836464774287,0.04400652222453309,4.518094911058724,0.2649344507184448,-0.0023870996093749985,-0.07783817016601564,0.19493445071844479,0.3349344507184448,-0.08,0.08,-0.06475332090717803,0.045343937875601356,4.5954819346341855,0.0026230147972886144,0.0026230147972886144,not_applicable,0.0,,False,-7011.1756653801485,-0.10748817424454302,0.6776130033816398,0.3500000063220887,0.3500000063220887,0.3500000063202112,0.35,0.0,False,False,58324.274475097656,4006.4931526819596,13.57820198205314,0.00023551488712609975,1890.240998268052,1.1271201633807792,1.057845439337298,0.8291739104917131,1.0497015221724948,0.165381683907133,1.0,0.00030848479803221776,0.0006562873235056894,0.001380134036191736,-0.02273632069936974,0.05238554387091182,0.0011889161663444536,-1809.8046884581565,False
11,moderate,66,residual_horizon_nmpc_gain_1,1.0,92.0,0.19963455462218913,0.04281670755593348,4.539087143168197,0.1995137403739523,0.043043924576896576,4.537737841367467,0.2642223891810669,-0.002382624511718723,-0.07903062499999998,0.19422238918106688,0.3342223891810669,-0.08,0.08,-0.06458783455887776,0.045199332067652205,4.618117768168196,0.0026464418784137686,0.0026464418784137686,Solve_Succeeded,0.049222541972994804,1868.8234196980436,False,-7117.92299477277,-0.1074314447422924,0.6800115130186897,0.35000000745771825,0.3500000063220887,0.3500000063219974,0.35,0.0,False,False,58145.40625,3991.771023383624,13.528307963119177,0.00024225233145430236,1930.052898737459,1.1271201633807792,1.057845439337298,0.8291739104917131,1.0497015221724948,0.165381683907133,1.0,0.00030848479803221776,0.0006562873235056894,0.001380134036191736,-0.02273632069936974,0.05238554387091182,0.0011889161663444536,-1809.8046884581565,False
11,moderate,66,residual_horizon_nmpc_gain_1,1.0,92.5,0.19907805054359,0.04267444549908305,4.560459923376057,0.19916986555391641,0.04242217423411919,4.5603920170894865,0.26349764920642377,-0.0023779589843750393,-0.08022079467773437,0.19349764920642376,0.3334976492064238,-0.08,0.08,-0.06441959866283375,0.04505240448345809,4.640680718053791,0.0026733645687806416,0.0026733645687806416,not_applicable,0.0,,False,-7226.381256402826,-0.10737160349612332,0.6824084562523166,0.35000000745771825,0.3500000063220887,0.3500000063220843,0.35,0.0,False,False,57966.880798339844,3977.092509946549,13.478561760480225,0.00024916904740969676,1970.5864054920066,1.1271201633807792,1.057845439337298,0.8291739104917131,1.0497015221724948,0.165381683907133,1.0,0.00030848479803221776,0.0006562873235056894,0.001380134036191736,-0.02273632069936974,0.05238554387091182,0.0011889161663444536,-1809.8046884581565,False
11,moderate,66,residual_horizon_nmpc_gain_1,1.0,93.0,0.1985116344405473,0.042530017975365556,4.581761030880152,0.19839835570556852,0.0422569318015958,4.581602791426994,0.26276049492862513,-0.0023731030273437537,-0.08140858398437502,0.19276049492862513,0.33276049492862514,-0.08,0.08,-0.06424886048807782,0.04490312100270931,4.663169614864527,0.0026986289586996516,0.0026986289586996516,not_applicable,0.0,,False,-7336.556361403514,-0.10730865054197672,0.6848036218182828,0.35000000745771825,0.35000000745771825,0.35000000740248105,0.35,0.0,False,False,57788.71240234375,3962.4586325442483,13.428966831554407,0.00025626881796328286,2011.8484030323093,1.1271201633807792,1.057845439337298,0.8291739104917131,1.0497015221724948,0.165381683907133,1.0,0.00030848479803221776,0.0006562873235056894,0.001380134036191736,-0.02273632069936974,0.05238554387091182,0.0011889161663444536,-1809.8046884581565,False
11,moderate,66,residual_horizon_nmpc_gain_1,1.0,93.5,0.19793530523840322,0.04238339075138389,4.602989374380029,0.1975244389573052,0.04255399291283507,4.602631403805337,0.2620111904817807,-0.0023680566406250325,-0.08259389770507812,0.19201119048178067,0.3320111904817807,-0.08,0.08,-0.06407588524337746,0.044751447392008925,4.685583272085108,0.002723687047752609,0.002723687047752609,not_applicable,0.0,,False,-7448.452978319543,-0.10724257942282238,0.6871967974318803,0.35000000745771825,0.35000000745771825,0.3500000074550315,0.35,0.0,False,False,57610.91534423828,3947.870409305223,13.379526626829191,0.00026355545460266704,2053.8455901391417,1.1271201633807792,1.057845439337298,0.8291739104917131,1.0497015221724948,0.165381683907133,1.0,0.00030848479803221776,0.0006562873235056894,0.001380134036191736,-0.02273632069936974,0.05238554387091182,0.0011889161663444536,-1809.8046884581565,False
11,moderate,66,residual_horizon_nmpc_gain_1,1.0,94.0,0.1973490457439043,0.042234529505430565,4.62414384543604,0.1972715705099025,0.04261568075958309,4.623833944395454,0.26125000000000004,-0.002362819824218737,-0.08377664062500005,0.19125000000000003,0.33125000000000004,-0.08,0.08,-0.06390095425609574,0.0445973493296493,4.707920486061041,0.0027491377572813596,0.0027491377572813596,Solve_Succeeded,0.04700191703159362,1934.4355750280981,False,-7562.074497243932,-0.10717337785097042,0.6895877697961353,0.35000000810524035,0.35000000745771825,0.3500000074575876,0.35,0.0,False,False,57433.50390625,3933.3288563310607,13.330244589922744,0.0002710327947220275,2096.5844681889885,1.1271201633807792,1.057845439337298,0.8291739104917131,1.0497015221724948,0.165381683907133,1.0,0.00030848479803221776,0.0006562873235056894,0.001380134036191736,-0.02273632069936974,0.05238554387091182,0.0011889161663444536,-1809.8046884581565,False
11,moderate,66,residual_horizon_nmpc_gain_1,1.0,94.5,0.19675282428854718,0.04208339985299173,4.645223318431568,0.19682198472909485,0.0430948093872502,4.645018135893313,0.26047718761739297,-0.0023573925781249505,-0.08495671752929686,0.19047718761739296,0.330477187617393,-0.08,0.08,-0.06372436332884579,0.044440792431116684,4.730180035960864,0.002774576792232015,0.002774576792232015,not_applicable,0.0,,False,-7677.422992655635,-0.10710102830482279,0.691976324610243,0.35000000810524035,0.35000000745771825,0.3500000074577119,0.35,0.0,False,False,57256.49237060547,3918.834987714277,13.281124157644383,0.00027870469884276594,2140.071329244118,1.1271201633807792,1.057845439337298,0.8291739104917131,1.0497015221724948,0.165381683907133,1.0,0.00030848479803221776,0.0006562873235056894,0.001380134036191736,-0.02273632069936974,0.05238554387091182,0.0011889161663444536,-1809.8046884581565,False
11,moderate,66,residual_horizon_nmpc_gain_1,1.0,95.0,0.1961465962130002,0.041929967373002835,4.666226650548189,0.1965591962876451,0.04197275850321594,4.663684974358268,0.25969301746806916,-0.0023517749023438117,-0.086134033203125,0.18969301746806916,0.32969301746806917,-0.08,0.08,-0.06354642125506896,0.04428174227534665,4.752360683751314,0.0027975506015347294,0.0027975506015347294,not_applicable,0.0,,False,-7794.4991851021,-0.10702550856704315,0.6943622465782294,0.35000000810524035,0.35000000810524035,0.3500000080737446,0.35,0.0,False,False,57079.89501953125,3904.3898155558845,13.232168760054128,0.0002865750476602082,2184.3122439237077,1.1271201633807792,1.057845439337298,0.8291739104917131,1.0497015221724948,0.165381683907133,1.0,0.00030848479803221776,0.0006562873235056894,0.001380134036191736,-0.02273632069936974,0.05238554387091182,0.0011889161663444536,-1809.8046884581565,False
11,moderate,66,residual_horizon_nmpc_gain_1,1.0,95.5,0.19553030520951667,0.0417741976348778,4.687152681754161,0.19592224851124718,0.04165743594573256,4.686885874438101,0.25889775368613827,-0.0023459667968750153,-0.08730849243164067,0.18889775368613826,0.32889775368613827,-0.08,0.08,-0.0633674484766216,0.04412016443175282,4.774461174185801,0.0028257826833749554,0.0028257826833749554,not_applicable,0.0,,False,-7913.302401867784,-0.10694679221039295,0.6967453194178412,0.35000000810524035,0.35000000810524035,0.3500000081037084,0.35,0.0,False,False,56903.726135253906,3889.99434998271,13.183381820521381,0.0002946477389117828,2229.31304906305,1.1271201633807792,1.057845439337298,0.8291739104917131,1.0497015221724948,0.165381683907133,1.0,0.00030848479803221776,0.0006562873235056894,0.001380134036191736,-0.02273632069936974,0.05238554387091182,0.0011889161663444536,-1809.8046884581565,False
11,moderate,66,residual_horizon_nmpc_gain_1,1.0,96.0,0.194903884537503,0.041616056226330966,4.708000234806622,0.19526436639489458,0.04200576822299267,4.707189066817744,0.25809166040571,-0.0023399682617187,-0.08848000000000002,0.18809166040571001,0.32809166040571003,-0.08,0.08,-0.06318777586820701,0.043956024488049666,4.796480234806622,0.0028505364835987395,0.0028505364835987395,Solve_Succeeded,0.047419541981071234,1997.6444904299233,False,-8033.830536767949,-0.10686484903683031,0.6991253258696613,0.35000000596581393,0.35000000810524035,0.35000000810516585,0.35,0.0,False,False,56728.0,3875.649599164461,13.134766755782778,0.0003029266840622185,2275.0793351685675,1.1271201633807792,1.057845439337298,0.8291739104917131,1.0497015221724948,0.165381683907133,1.0,0.00030848479803221776,0.0006562873235056894,0.001380134036191736,-0.02273632069936974,0.05238554387091182,0.0011889161663444536,-1809.8046884581565,False
11,moderate,66,residual_horizon_nmpc_gain_1,1.0,96.5,0.1942672581258344,0.04145550878200824,4.7287681152679015,0.1941950145970849,0.04131918874600676,4.7279321531393395,0.2572750017608941,-0.002333779296874977,-0.08964846069335937,0.18727500176089407,0.3272750017608941,-0.08,0.08,-0.06300774363505968,0.043789288078883215,4.818416575961261,0.0028761519369332293,0.0028761519369332293,not_applicable,0.0,,False,-8156.080009205079,-0.1067796454748825,0.7015020477064505,0.35000000596581393,0.35000000810524035,0.35000000810523674,0.35,0.0,False,False,56552.730895996094,3861.356569330537,13.086326975999148,0.00031141580480140363,2321.6164336768643,1.1271201633807792,1.057845439337298,0.8291739104917131,1.0497015221724948,0.165381683907133,1.0,0.00030848479803221776,0.0006562873235056894,0.001380134036191736,-0.02273632069936974,0.05238554387091182,0.0011889161663444536,-1809.8046884581565,False
11,moderate,66,residual_horizon_nmpc_gain_1,1.0,97.0,0.19362034157410107,0.041292521012941286,4.749455111536349,0.1932691749062323,0.04127152678616255,4.747668167843108,0.25644804188580017,-0.002327399902343763,-0.090813779296875,0.18644804188580016,0.3264480418858002,-0.08,0.08,-0.0628277003116991,0.04361992091528505,4.840268890833224,0.002900512231536698,0.002900512231536698,not_applicable,0.0,,False,-8280.045722624553,-0.10669114493977974,0.703875265742714,0.35000000596581393,0.35000000596581393,0.3500000060698754,0.35,0.0,False,False,56377.93310546875,3847.116264786609,13.038065884811717,0.00032011902935068725,2368.9294040267578,1.1271201633807792,1.057845439337298,0.8291739104917131,1.0497015221724948,0.165381683907133,1.0,0.00030848479803221776,0.0006562873235056894,0.001380134036191736,-0.02273632069936974,0.05238554387091182,0.0011889161663444536,-1809.8046884581565,False
11,moderate,66,residual_horizon_nmpc_gain_1,1.0,97.5,0.1929630430637061,0.04112705873683579,4.770059994892106,0.1930327429835675,0.040342125193901575,4.769051256586544,0.25561104491453795,-0.00232083007812503,-0.09197586059570313,0.18561104491453795,0.32561104491453796,-0.08,0.08,-0.06264800185083186,0.04344788881496082,4.862035855487809,0.0029271757618964276,0.0029271757618964276,not_applicable,0.0,,False,-8405.721022505126,-0.10659930816036803,0.7062447598444915,0.35000000596581393,0.35000000596581393,0.3500000059708755,0.35,0.0,False,False,56203.62091064453,3832.929687930953,12.989986879397451,0.00032904028857354473,2417.0230205537214,1.1271201633807792,1.057845439337298,0.8291739104917131,1.0497015221724948,0.165381683907133,1.0,0.00030848479803221776,0.0006562873235056894,0.001380134036191736,-0.02273632069936974,0.05238554387091182,0.0011889161663444536,-1809.8046884581565,False
11,moderate,66,residual_horizon_nmpc_gain_1,1.0,98.0,0.1922952641886016,0.04095908790920223,4.790581519558225,0.1920283273496727,0.0412126281749491,4.791303586402223,0.2547642749812171,-0.0023140698242187507,-0.09313460937500002,0.1847642749812171,0.3247642749812171,-0.08,0.08,-0.06246901079261552,0.04327315773342098,4.883716128933226,0.0029545606965866375,0.0029545606965866375,Solve_Succeeded,0.04515445901779458,2062.7974933954033,False,-8533.09765402004,-0.10650409347639933,0.708610308939371,0.35000000670820397,0.35000000596581393,0.3500000059660601,0.35,0.0,False,False,56029.80859375,3818.7978392705595,12.942093350523658,0.00033818351188670754,2465.901759216964,1.1271201633807792,1.057845439337298,0.8291739104917131,1.0497015221724948,0.165381683907133,1.0,0.00030848479803221776,0.0006562873235056894,0.001380134036191736,-0.02273632069936974,0.05238554387091182,0.0011889161663444536,-1809.8046884581565,False
11,moderate,66,residual_horizon_nmpc_gain_1,1.0,98.5,0.19161690071443524,0.04078857465533499,4.81101842277757,0.19150703089784657,0.040551311291482386,4.814140396380349,0.2539079962199474,-0.0023071191406249802,-0.09428993041992188,0.1839079962199474,0.3239079962199474,-0.08,0.08,-0.06229109550551218,0.04309569379595997,4.905308353197492,0.002983142856021913,0.002983142856021913,not_applicable,0.0,,False,-8662.165719504012,-0.10640545710941907,0.7109716910267249,0.35000000670820397,0.35000000596581393,0.3500000059658259,0.35,0.0,False,False,55856.51043701172,3804.721717437004,12.89438868260177,0.00034755262296803035,2515.5697841697856,1.1271201633807792,1.057845439337298,0.8291739104917131,1.0497015221724948,0.165381683907133,1.0,0.00030848479803221776,0.0006562873235056894,0.001380134036191736,-0.02273632069936974,0.05238554387091182,0.0011889161663444536,-1809.8046884581565,False
11,moderate,66,residual_horizon_nmpc_gain_1,1.0,99.0,0.19092784327396606,0.040615485303142684,4.831369424905919,0.19098535158058677,0.04157955583903801,4.830890468255378,0.2530424727648385,-0.0022999780273437465,-0.095441728515625,0.18304247276483848,0.3230424727648385,-0.08,0.08,-0.06211462949087243,0.04291546333048643,4.926811153421544,0.003004001039879005,0.003004001039879005,not_applicable,0.0,,False,-8792.913635862351,-0.10630335341013519,0.7133286831881679,0.35000000670820397,0.35000000670820397,0.3500000066720947,0.35,0.0,False,False,55683.74072265625,3790.7023192021034,12.846876253740414,0.0003571515352575915,2566.0309341847073,1.1271201633807792,1.057845439337298,0.8291739104917131,1.0497015221724948,0.165381683907133,1.0,0.00030848479803221776,0.0006562873235056894,0.001380134036191736,-0.02273632069936974,0.05238554387091182,0.0011889161663444536,-1809.8046884581565,False
11,moderate,66,residual_horizon_nmpc_gain_1,1.0,99.5,0.19022797800579194,0.04043978641683037,4.851633229521692,0.1901987499409131,0.03993723558742969,4.85213927813008,0.25216796875,-0.002292646484374994,-0.09658990844726563,0.18216796875000002,0.32216796875000003,-0.08,0.08,-0.061939990744208084,0.04273243290120536,4.948223137968958,0.0030310559802506805,0.0030310559802506805,not_applicable,0.0,,False,-8925.328092058571,-0.10619773508484859,0.7156810615982359,0.35000000670820397,0.35000000670820397,0.3500000067064476,0.35,0.0,False,False,55511.513732910156,3776.7406394933505,12.7995594357977,0.0003669841472487405,2617.288708945327,1.1271201633807792,1.057845439337298,0.8291739104917131,1.0497015221724948,0.165381683907133,1.0,0.00030848479803221776,0.0006562873235056894,0.001380134036191736,-0.02273632069936974,0.05238554387091182,0.0011889161663444536,-1809.8046884581565,False
11,moderate,66,residual_horizon_nmpc_gain_1,1.0,100.0,0.18951718714269605,0.04026144483143102,4.871808523552735,0.1891904877477565,0.04081825522344748,4.871763278818714,0.25128474830954173,-0.00228512451171875,-0.097734375,0.18128474830954172,0.32128474830954173,-0.08,0.08,-0.061767561166845675,0.04254656934314977,4.969542898552735,0.003055614251952269,0.003055614251952269,Solve_Succeeded,0.04828574997372925,2129.548041129552,False,-9059.394006817836,-0.1060885534032549,0.7180286015352851,0.3500000074069878,0.35000000670820397,0.35000000670811854,0.35,0.0,False,False,55339.84375,3762.837671409129,12.752441594432808,0.00037705433756605696,2669.3462552175447,1.1271201633807792,1.057845439337298,0.8291739104917131,1.0497015221724948,0.165381683907133,1.0,0.00030848479803221776,0.0006562873235056894,0.001380134036191736,-0.02273632069936974,0.05238554387091182,0.0011889161663444536,-1809.8046884581565,False
11,moderate,66,residual_horizon_nmpc_gain_1,1.0,100.5,0.18879534955526164,0.040080427688181514,4.891893977420582,0.18876273811738328,0.04022942843515123,4.890119245604485,0.2503930755775733,-0.0022774121093749877,-0.09887503295898438,0.18039307557757328,0.3203930755775733,-0.08,0.08,-0.061597726022311644,0.0423578397975565,4.990769010379567,0.00307903905099983,0.00307903905099983,not_applicable,0.0,,False,-9195.09448668472,-0.10597575838968312,0.7203710773926116,0.3500000074069878,0.35000000670820397,0.3500000067081998,0.35,0.0,False,False,55168.745056152344,3748.9944062337245,12.705526089156843,0.0003873659598274731,2722.206352913534,1.1271201633807792,1.057845439337298,0.8291739104917131,1.0497015221724948,0.165381683907133,1.0,0.00030848479803221776,0.0006562873235056894,0.001380134036191736,-0.02273632069936974,0.05238554387091182,0.0011889161663444536,-1809.8046884581565,False
11,moderate,66,residual_horizon_nmpc_gain_1,1.0,101.0,0.1880623412558124,0.039896702470735075,4.911888245202611,0.18798711750711392,0.03986807313965678,4.911920881532902,0.2494932146882044,-0.002269509277343762,-0.10001178710937499,0.1794932146882044,0.3194932146882044,-0.08,0.08,-0.06143087343239201,0.04216621174807884,5.011900032311987,0.003106751707019892,0.003106751707019892,not_applicable,0.0,,False,-9332.410784574438,-0.1058592989996197,0.7227082626897876,0.3500000074069878,0.3500000074069878,0.35000000737299874,0.35,0.0,False,False,54998.23193359375,3735.2118334521238,12.658816273383003,0.00039792283728808217,2775.8714010622525,1.1271201633807792,1.057845439337298,0.8291739104917131,1.0497015221724948,0.165381683907133,1.0,0.00030848479803221776,0.0006562873235056894,0.001380134036191736,-0.02273632069936974,0.05238554387091182,0.0011889161663444536,-1809.8046884581565,False
11,moderate,66,residual_horizon_nmpc_gain_1,1.0,101.5,0.18731803586720472,0.039710237042199864,4.9317899648125145,0.18718241730182442,0.04059973210520938,4.9310172816717595,0.24858542977554474,-0.0022614160156250174,-0.10114454223632814,0.17858542977554473,0.3185854297755447,-0.08,0.08,-0.06126739390834002,0.04197165305782488,5.032934507048843,0.0031309352643065585,0.0031309352643065585,not_applicable,0.0,,False,-9471.322258958238,-0.10573912328317,0.7250399300842185,0.3500000074069878,0.3500000074069878,0.35000000740533455,0.35,0.0,False,False,54828.31866455078,3721.4909407646123,12.612315494476045,0.00040872875726349846,2830.343403701117,1.1271201633807792,1.057845439337298,0.8291739104917131,1.0497015221724948,0.165381683907133,1.0,0.00030848479803221776,0.0006562873235056894,0.001380134036191736,-0.02273632069936974,0.05238554387091182,0.0011889161663444536,-1809.8046884581565,False
11,moderate,66,residual_horizon_nmpc_gain_1,1.0,102.0,0.18656230506052138,0.039520999682990186,4.951597758199493,0.18683141928952762,0.039367540463769994,4.949917891360657,0.24766998497370402,-0.0022531323242187262,-0.102273203125,0.177669984973704,0.317669984973704,-0.08,0.08,-0.06110767991318264,0.04177413200720891,5.053870961324493,0.0031554082902612007,0.0031554082902612007,Solve_Succeeded,0.04597849998390302,2183.8409299714244,False,-9611.806333824772,-0.10561517853693436,0.7273658513829152,0.3500000077491429,0.3500000074069878,0.35000000740690734,0.35,0.0,False,False,54659.01953125,3707.8327141011764,12.566027093801093,0.00041978746533097083,2885.623955704006,1.1271201633807792,1.057845439337298,0.8291739104917131,1.0497015221724948,0.165381683907133,1.0,0.00030848479803221776,0.0006562873235056894,0.001380134036191736,-0.02273632069936974,0.05238554387091182,0.0011889161663444536,-1809.8046884581565,False
11,moderate,66,residual_horizon_nmpc_gain_1,1.0,102.5,0.1857950189652864,0.03932895912947431,4.971310231566574,0.18591246747417234,0.03910461922300258,4.971706107508683,0.2467471444167919,-0.0022446582031250273,-0.10339767456054687,0.1767471444167919,0.3167471444167919,-0.08,0.08,-0.060952125451505496,0.04157361733259934,5.074707906127121,0.003183345314020301,0.003183345314020301,not_applicable,0.0,,False,-9753.838459560277,-0.10548741144561768,0.7296857975544854,0.3500000077491429,0.3500000074069878,0.3500000074069839,0.35,0.0,False,False,54490.34881591797,3694.2381376357025,12.519954406771761,0.0004311026593068143,2941.714228561327,1.1271201633807792,1.057845439337298,0.8291739104917131,1.0497015221724948,0.165381683907133,1.0,0.00030848479803221776,0.0006562873235056894,0.001380134036191736,-0.02273632069936974,0.05238554387091182,0.0011889161663444536,-1809.8046884581565,False
11,moderate,66,residual_horizon_nmpc_gain_1,1.0,103.0,0.18501604655543677,0.03913408461339979,4.99092597560845,0.18520699200858928,0.03904944860248257,4.990092169735951,0.24581717223891814,-0.0022359936523437263,-0.10451786132812503,0.17581717223891813,0.31581717223891814,-0.08,0.08,-0.060801125683481366,0.041370078265743515,5.095443836936575,0.0032070389605354686,0.0032070389605354686,not_applicable,0.0,,False,-9897.392074891888,-0.1053557682145509,0.7319995387413384,0.3500000077491429,0.3500000077491429,0.3500000077325003,0.35,0.0,False,False,54322.32080078125,3680.708193799991,12.474100762897656,0.0004426779829991274,2998.614956128573,1.1271201633807792,1.057845439337298,0.8291739104917131,1.0497015221724948,0.165381683907133,1.0,0.00030848479803221776,0.0006562873235056894,0.001380134036191736,-0.02273632069936974,0.05238554387091182,0.0011889161663444536,-1809.8046884581565,False
11,moderate,66,residual_horizon_nmpc_gain_1,1.0,103.5,0.18422525601393847,0.03893634590207445,5.010443565769216,0.18468278779026193,0.03824446241474864,5.009029169285961,0.24488033257419237,-0.0022271386718749897,-0.1056336682128906,0.17488033257419236,0.31488033257419235,-0.08,0.08,-0.0606550765602539,0.04116348457394944,5.116077233982106,0.003231664694767057,0.003231664694767057,not_applicable,0.0,,False,-10042.438570039412,-0.10522019469417516,0.7343068442721085,0.3500000077491429,0.3500000077491429,0.3500000077483334,0.35,0.0,False,False,54154.949768066406,3667.243863297581,12.428469485831211,0.0004545170197351812,3056.3264203603526,1.1271201633807792,1.057845439337298,0.8291739104917131,1.0497015221724948,0.165381683907133,1.0,0.00030848479803221776,0.0006562873235056894,0.001380134036191736,-0.02273632069936974,0.05238554387091182,0.0011889161663444536,-1809.8046884581565,False
11,moderate,66,residual_horizon_nmpc_gain_1,1.0,104.0,0.18342251507862403,0.03873571333927832,5.0298615625203835,0.18332839150214902,0.03769797737347502,5.030158573954036,0.2439368895567243,-0.00221809326171879,-0.10674500000000002,0.1739368895567243,0.3139368895567243,-0.08,0.08,-0.060514374478100263,0.04095380660099711,5.136606562520384,0.003259064916603638,0.003259064916603638,Solve_Succeeded,0.05017987499013543,2239.815737689967,False,-10188.947251221814,-0.10508063649742569,0.7366074826742901,0.3500000079556529,0.3500000077491429,0.35000000774910356,0.35,0.0,False,False,53988.25,3653.846125117388,12.383063893413926,0.0004666232856633072,3114.8484370474284,1.1271201633807792,1.057845439337298,0.8291739104917131,1.0497015221724948,0.165381683907133,1.0,0.00030848479803221776,0.0006562873235056894,0.001380134036191736,-0.02273632069936974,0.05238554387091182,0.0011889161663444536,-1809.8046884581565,False
11,moderate,66,residual_horizon_nmpc_gain_1,1.0,104.5,0.1826076913715465,0.038532157886878776,5.049178511659526,0.18197314598270398,0.039600488229652175,5.050736248009757,0.24298710732062362,-0.002208857421874988,-0.10785176147460938,0.1729871073206236,0.3129871073206236,-0.08,0.08,-0.060379415949077114,0.040741015308753764,5.1570302731341355,0.0032853049863112676,0.0032853049863112676,not_applicable,0.0,,False,-10336.885306665965,-0.10493703911084973,0.7389012216870896,0.3500000079556529,0.3500000077491429,0.35000000774914103,0.35,0.0,False,False,53822.235778808594,3640.5159565471645,12.337887297721966,0.0004790002228295944,3174.1803415749655,1.1271201633807792,1.057845439337298,0.8291739104917131,1.0497015221724948,0.165381683907133,1.0,0.00030848479803221776,0.0006562873235056894,0.001380134036191736,-0.02273632069936974,0.05238554387091182,0.0011889161663444536,-1809.8046884581565,False
11,moderate,66,residual_horizon_nmpc_gain_1,1.0,105.0,0.18178065271389274,0.038325651167118335,5.0683929446299,0.18192853943734347,0.03820746213120241,5.067388802190849,0.24203125000000003,-0.002199431152343778,-0.10895385742187501,0.17203125000000002,0.31203125000000004,-0.08,0.08,-0.060250597286107294,0.040525082319462113,5.177346802051775,0.003307359268205665,0.003307359268205665,not_applicable,0.0,,False,-10486.217774265546,-0.10478934800020076,0.7411878282744888,0.3500000079556529,0.3500000079556529,0.35000000794560815,0.35,0.0,False,False,53656.92138671875,3627.2543331867764,12.292943005111177,0.0004916511920301989,3234.3209747206542,1.1271201633807792,1.057845439337298,0.8291739104917131,1.0497015221724948,0.165381683907133,1.0,0.00030848479803221776,0.0006562873235056894,0.001380134036191736,-0.02273632069936974,0.05238554387091182,0.0011889161663444536,-1809.8046884581565,False
11,moderate,66,residual_horizon_nmpc_gain_1,1.0,105.5,0.1809412674282707,0.038116165505541526,5.0875033788613715,0.18083811533983468,0.037294041769144526,5.086166566776972,0.2410695817289632,-0.002189814453124994,-0.11005119262695316,0.1710695817289632,0.3110695817289632,-0.08,0.08,-0.06012831430069249,0.04030597995866652,5.1975545714883244,0.003332049667500015,0.003332049667500015,not_applicable,0.0,,False,-10636.90751103879,-0.10463750871116878,0.7434670686385235,0.3500000079556529,0.3500000079556529,0.35000000795516434,0.35,0.0,False,False,53492.32110595703,3614.062228961312,12.248234316261492,0.0005045794654405867,3295.2686685119043,1.1271201633807792,1.057845439337298,0.8291739104917131,1.0497015221724948,0.165381683907133,1.0,0.00030848479803221776,0.0006562873235056894,0.001380134036191736,-0.02273632069936974,0.05238554387091182,0.0011889161663444536,-1809.8046884581565,False
11,moderate,66,residual_horizon_nmpc_gain_1,1.0,106.0,0.18008940462997983,0.03790367397452432,5.106508318132956,0.17997433569864918,0.03765568395444916,5.107284119342625,0.24010236664162288,-0.0021800073242187468,-0.111143671875,0.17010236664162287,0.3101023666416229,-0.08,0.08,-0.06001296201164305,0.04008368129874307,5.2176519900079565,0.0033595572040939115,0.0033595572040939115,Solve_Succeeded,0.05809787503676489,2310.950050620237,False,-10788.91516453435,-0.10448146696583095,0.7457387082327718,0.3500000094160813,0.3500000079556529,0.35000000795562913,0.35,0.0,False,False,53328.44921875,3600.9406161340166,12.20376452622078,0.0005177882190236157,3357.0212321619915,1.1271201633807792,1.057845439337298,0.8291739104917131,1.0497015221724948,0.165381683907133,1.0,0.00030848479803221776,0.0006562873235056894,0.001380134036191736,-0.02273632069936974,0.05238554387091182,0.0011889161663444536,-1809.8046884581565,False
11,moderate,66,residual_horizon_nmpc_gain_1,1.0,106.5,0.17922493450868754,0.03768815043736669,5.125406252957268,0.17916732156397397,0.03906608287664565,5.125964985624092,0.23912986887208867,-0.0021700097656249806,-0.11223119995117191,0.16912986887208867,0.3091298688720887,-0.08,0.08,-0.059904934363401136,0.03985816020299167,5.23763745290844,0.003383754430933305,0.003383754430933305,not_applicable,0.0,,False,-10942.199146334237,-0.10432116875534037,0.7480025117760563,0.3500000094160813,0.3500000079556529,0.3500000079556517,0.35,0.0,False,False,53165.32000732422,3587.890465319055,12.159536924448094,0.0005312805247189067,3419.5759381053003,1.1271201633807792,1.057845439337298,0.8291739104917131,1.0497015221724948,0.165381683907133,1.0,0.00030848479803221776,0.0006562873235056894,0.001380134036191736,-0.02273632069936974,0.05238554387091182,0.0011889161663444536,-1809.8046884581565,False
11,moderate,66,residual_horizon_nmpc_gain_1,1.0,107.0,0.17834772860176826,0.037469569592905774,5.144195660987141,0.1779781883616246,0.03749967465613538,5.1408025627440335,0.23815235255447037,-0.0021598217773437234,-0.11331368164062498,0.16815235255447036,0.3081523525544704,-0.08,0.08,-0.05980462395270211,0.0396293913702495,5.257509342627766,0.003403649675413287,0.003403649675413287,not_applicable,0.0,,False,-11096.71560780309,-0.10415656042931007,0.7502582432663564,0.3500000094160813,0.3500000094160813,0.350000009345046,0.35,0.0,False,False,53002.94775390625,3574.912745494116,12.115554794856395,0.0005450593424165863,3482.9295081524842,1.1271201633807792,1.057845439337298,0.8291739104917131,1.0497015221724948,0.165381683907133,1.0,0.00030848479803221776,0.0006562873235056894,0.001380134036191736,-0.02273632069936974,0.05238554387091182,0.0011889161663444536,-1809.8046884581565,False
11,moderate,66,residual_horizon_nmpc_gain_1,1.0,107.5,0.1774576600604085,0.03724790702060433,5.162875007444682,0.17696527051839514,0.037729843514568734,5.16288572617072,0.23717008182287758,-0.0021494433593750306,-0.11439102172851563,0.16717008182287757,0.3071700818228776,-0.08,0.08,-0.059712421762469076,0.03939735037997936,5.277266029173197,0.0034326492649962275,0.0034326492649962275,not_applicable,0.0,,False,-11252.418418232275,-0.10398758878229467,0.7525056659949317,0.3500000094160813,0.3500000094160813,0.3500000094126261,0.35,0.0,False,False,52841.346740722656,3562.008424012848,12.071821415854684,0.0005591275117191097,3547.0780997866905,1.1271201633807792,1.057845439337298,0.8291739104917131,1.0497015221724948,0.165381683907133,1.0,0.00030848479803221776,0.0006562873235056894,0.001380134036191736,-0.02273632069936974,0.05238554387091182,0.0011889161663444536,-1809.8046884581565,False
11,moderate,66,residual_horizon_nmpc_gain_1,1.0,108.0,0.1765546039094452,0.03702313922606599,5.18144274557297,0.17667743514917814,0.03672314482104416,5.18101449361905,0.23618332081142,-0.0021388745117187358,-0.11546312500000001,0.16618332081141998,0.30618332081141997,-0.08,0.08,-0.0596287169019748,0.039162013737784725,5.29690587057297,0.0034568409978802204,0.0034568409978802204,Solve_Succeeded,0.05334774998482317,2418.07829524141,False,-11409.259145526907,-0.1038142011377225,0.7547445425606546,0.35000000997051256,0.3500000094160813,0.35000000941591325,0.35,0.0,False,False,52680.53125,3549.1784666171407,12.028340060389635,0.0005734877434955433,3612.0172926225387,1.1271201633807792,1.057845439337298,0.8291739104917131,1.0497015221724948,0.165381683907133,1.0,0.00030848479803221776,0.0006562873235056894,0.001380134036191736,-0.02273632069936974,0.05238554387091182,0.0011889161663444536,-1809.8046884581565,False
11,moderate,66,residual_horizon_nmpc_gain_1,1.0,108.5,0.17563843730177975,0.03679524368692617,5.199897317110615,0.17608872946869783,0.03770997043309941,5.198925306201329,0.2351923336542074,-0.0021281152343750054,-0.11652989624023437,0.16519233365420738,0.3051923336542074,-0.08,0.08,-0.05955389635242764,0.03892335892130117,5.31642721335085,0.0034803621703912114,0.0034803621703912114,not_applicable,0.0,,False,-11567.187039582446,-0.10363634542958741,0.7569746348845532,0.35000000997051256,0.3500000094160813,0.3500000094160731,0.35,0.0,False,False,52520.515563964844,3536.423837449245,11.98511399598667,0.0005881426112333599,3677.7420750498377,1.1271201633807792,1.057845439337298,0.8291739104917131,1.0497015221724948,0.165381683907133,1.0,0.00030848479803221776,0.0006562873235056894,0.001380134036191736,-0.02273632069936974,0.05238554387091182,0.0011889161663444536,-1809.8046884581565,False
11,moderate,66,residual_horizon_nmpc_gain_1,1.0,109.0,0.17470903976809773,0.036564198899064225,5.218237152789335,0.17447208486998533,0.03763028594348844,5.2182805768284855,0.23419738448534938,-0.002117165527343756,-0.11759124023437502,0.16419738448534937,0.3041973844853494,-0.08,0.08,-0.059488344717251646,0.03868136442640798,5.33582839302371,0.0035060404555714336,0.0035060404555714336,not_applicable,0.0,,False,-11726.149018496322,-0.10345397028216796,0.7591957042245618,0.35000000997051256,0.35000000997051256,0.35000000994354463,0.35,0.0,False,False,52361.31396484375,3523.7454990637425,11.942146484790516,0.000603094542193534,3744.2468310844843,1.1271201633807792,1.057845439337298,0.8291739104917131,1.0497015221724948,0.165381683907133,1.0,0.00030848479803221776,0.0006562873235056894,0.001380134036191736,-0.02273632069936974,0.05238554387091182,0.0011889161663444536,-1809.8046884581565,False
11,moderate,66,residual_horizon_nmpc_gain_1,1.0,109.5,0.17376629346252143,0.03632998442307991,5.236460672854713,0.17405770606246063,0.03713203183457924,5.238056504834664,0.23319873743895572,-0.002106025390624988,-0.11864706176757812,0.16319873743895572,0.30319873743895576,-0.08,0.08,-0.059432443976434296,0.038436009813704895,5.355107734622291,0.003532470094349376,0.003532470094349376,not_applicable,0.0,,False,-11886.08965775811,-0.10326702508800661,0.7614075111904817,0.35000000997051256,0.35000000997051256,0.35000000996920083,0.35,0.0,False,False,52202.94073486328,3511.1444124393643,11.899440783605273,0.000618345808375446,3811.5253274492993,1.1271201633807792,1.057845439337298,0.8291739104917131,1.0497015221724948,0.165381683907133,1.0,0.00030848479803221776,0.0006562873235056894,0.001380134036191736,-0.02273632069936974,0.05238554387091182,0.0011889161663444536,-1809.8046884581565,False
11,moderate,66,residual_horizon_nmpc_gain_1,1.0,110.0,0.1728100834047297,0.03609258093097404,5.254566287610242,0.17284725868812903,0.03621517417812339,5.255358356337158,0.23219665664913602,-0.0020946948242187846,-0.11969726562500001,0.16219665664913602,0.30219665664913603,-0.08,0.08,-0.05938657324440633,0.038187275755192825,5.374263553235242,0.003555736926940919,0.003555736926940919,Solve_Succeeded,0.051886499975807965,2824.4726547214023,False,-12046.951182559358,-0.10307546008434752,0.7636098157591469,0.3500000099903079,0.35000000997051256,0.3500000099704488,0.35,0.0,False,False,52045.41015625,3498.6215369906577,11.857000143933941,0.0006338985172988799,3879.5707009078205,1.1271201633807792,1.057845439337298,0.8291739104917131,1.0497015221724948,0.165381683907133,1.0,0.00030848479803221776,0.0006562873235056894,0.001380134036191736,-0.02273632069936974,0.05238554387091182,0.0011889161663444536,-1809.8046884581565,False
11,moderate,66,residual_horizon_nmpc_gain_1,1.0,110.5,0.17184029771899487,0.03585197025297073,5.272552397984743,0.17279071091579676,0.0356239852055033,5.271383008021948,0.23119140625,-0.002083173828124979,-0.12074175659179691,0.16119140625,0.30119140625,-0.08,0.08,-0.05935110853100514,0.03793514408109571,5.39329415457654,0.003577310474867377,0.003577310474867377,not_applicable,0.0,,False,-12208.673463361898,-0.10287922642820238,0.7658023772898002,0.3500000099903079,0.35000000997051256,0.35000000997050945,0.35,0.0,False,False,51888.73651123047,3486.17783057951,11.81482781201748,0.0006497546026111945,3948.3754458745016,1.1271201633807792,1.057845439337298,0.8291739104917131,1.0497015221724948,0.165381683907133,1.0,0.00030848479803221776,0.0006562873235056894,0.001380134036191736,-0.02273632069936974,0.05238554387091182,0.0011889161663444536,-1809.8046884581565,False
11,moderate,66,residual_horizon_nmpc_gain_1,1.0,111.0,0.17085682787050874,0.03560813542441557,5.290417396123223,0.17070317033770507,0.034767114329707624,5.2884519395086835,0.23018325037565746,-0.002071462402343738,-0.12178043945312499,0.16018325037565745,0.30018325037565746,-0.08,0.08,-0.05932642250514872,0.03767959782675931,5.412197835576348,0.0036003050108657088,0.0036003050108657088,not_applicable,0.0,,False,-12371.194014859757,-0.10267827627018603,0.7679849545396729,0.3500000099903079,0.3500000099903079,0.3500000099893449,0.35,0.0,False,False,51732.93408203125,3473.81424952653,11.772927028873381,0.0006659158145285358,4017.9314023248066,1.1271201633807792,1.057845439337298,0.8291739104917131,1.0497015221724948,0.165381683907133,1.0,0.00030848479803221776,0.0006562873235056894,0.001380134036191736,-0.02273632069936974,0.05238554387091182,0.0011889161663444536,-1809.8046884581565,False
11,moderate,66,residual_horizon_nmpc_gain_1,1.0,111.5,0.16985956889929985,0.03536106073268164,5.308159666001175,0.16955662845621547,0.03583254585264007,5.307052607913952,0.2291724531602179,-0.0020595605468750056,-0.12281321899414065,0.15917245316021789,0.2991724531602179,-0.08,0.08,-0.05931288426091805,0.03742062127955664,5.430972884995316,0.003625039879894232,0.003625039879894232,not_applicable,0.0,,False,-12534.4479984667,-0.10247256282723964,0.7701573056797725,0.3500000099903079,0.3500000099903079,0.35000000999026104,0.35,0.0,False,False,51578.017150878906,3461.5317486222852,11.731301030333748,0.0006823837101208221,4088.22974402907,1.1271201633807792,1.057845439337298,0.8291739104917131,1.0497015221724948,0.165381683907133,1.0,0.00030848479803221776,0.0006562873235056894,0.001380134036191736,-0.02273632069936974,0.05238554387091182,0.0011889161663444536,-1809.8046884581565,False
11,moderate,66,residual_horizon_nmpc_gain_1,1.0,112.0,0.16884841965197964,0.03511073176401251,5.325777584062324,0.16955391727972396,0.03576772825449195,5.325866471367581,0.22815927873779118,-0.0020474682617187268,-0.12383999999999999,0.15815927873779118,0.2981592787377912,-0.08,0.08,-0.059310859085811546,0.03715820002573124,5.449617584062325,0.0036503911001062868,0.0036503911001062868,Solve_Succeeded,0.050242792000062764,3563.5907320869455,False,-12698.368228457039,-0.10226204045433634,0.7723191883108756,0.350000009994707,0.3500000099903079,0.3500000099903056,0.35,0.0,False,False,51424.0,3449.3312811384008,11.68995304708292,0.0006991596434510667,4159.26096713407,1.1271201633807792,1.057845439337298,0.8291739104917131,1.0497015221724948,0.165381683907133,1.0,0.00030848479803221776,0.0006562873235056894,0.001380134036191736,-0.02273632069936974,0.05238554387091182,0.0011889161663444536,-1809.8046884581565,False
11,moderate,66,residual_horizon_nmpc_gain_1,1.0,112.5,0.1678232830114959,0.03485713545022897,5.343269519879759,0.1675443672092328,0.035670502701111606,5.343047263789467,0.22714399124248688,-0.0020351855468749985,-0.12486068725585937,0.15714399124248687,0.2971439912424869,-0.08,0.08,-0.059320708230990976,0.03689232099710397,5.468130207135618,0.003673533792669992,0.003673533792669992,not_applicable,0.0,,False,-12862.885181882863,-0.1020466647152439,0.7744703594797258,0.350000009994707,0.3500000099903079,0.3500000099903078,0.35,0.0,False,False,51270.896911621094,3437.213798838527,11.64888630469463,0.000716244755580485,4231.01487911643,1.1271201633807792,1.057845439337298,0.8291739104917131,1.0497015221724948,0.165381683907133,1.0,0.00030848479803221776,0.0006562873235056894,0.001380134036191736,-0.02273632069936974,0.05238554387091182,0.0011889161663444536,-1809.8046884581565,False
11,moderate,66,residual_horizon_nmpc_gain_1,1.0,113.0,0.16678406612501862,0.03460026011522363,5.360633836840363,0.1659794330058214,0.03571560205717156,5.358697795176981,0.22612685480841474,-0.0020227124023437376,-0.125875185546875,0.15612685480841473,0.2961268548084147,-0.08,0.08,-0.059342788683396125,0.03662297251756737,5.486509022387239,0.0036946311801451864,0.0036946311801451864,not_applicable,0.0,,False,-13027.92701238574,-0.10182639245240085,0.776610575695435,0.350000009994707,0.350000009994707,0.350000009994493,0.35,0.0,False,False,51118.72216796875,3425.180251989168,11.60810402366871,0.0007336399644517229,4303.480588132033,1.1271201633807792,1.057845439337298,0.8291739104917131,1.0497015221724948,0.165381683907133,1.0,0.00030848479803221776,0.0006562873235056894,0.001380134036191736,-0.02273632069936974,0.05238554387091182,0.0011889161663444536,-1809.8046884581565,False
11,moderate,66,residual_horizon_nmpc_gain_1,1.0,113.5,0.1657306806300332,0.03434009552116541,5.377868892852425,0.16546198402336296,0.03495474966399373,5.378415136489125,0.22510813356968448,-0.0020100488281249995,-0.1268833996582031,0.15510813356968448,0.29510813356968446,-0.08,0.08,-0.05937745293965127,0.03635014434929041,5.504752292510628,0.0037215028760314317,0.0037215028760314317,not_applicable,0.0,,False,-13193.419568015479,-0.10160118185594527,0.7787395929460911,0.350000009994707,0.350000009994707,0.35000000999469655,0.35,0.0,False,False,50967.49005126953,3413.231589370381,11.567609419467352,0.0007513459546634574,4376.646492785729,1.1271201633807792,1.057845439337298,0.8291739104917131,1.0497015221724948,0.165381683907133,1.0,0.00030848479803221776,0.0006562873235056894,0.001380134036191736,-0.02273632069936974,0.05238554387091182,0.0011889161663444536,-1809.8046884581565,False
11,moderate,66,residual_horizon_nmpc_gain_1,1.0,114.0,0.16466304287867148,0.03407663291433356,5.39497304107626,0.16446362485116775,0.03400268906009034,5.393808626058993,0.22408809166040572,-0.0019971948242187842,-0.127885234375,0.1540880916604057,0.2940880916604057,-0.08,0.08,-0.05942504878173424,0.03607382773855235,5.52285827545126,0.0037425556995634196,0.0037425556995634196,Solve_Succeeded,0.05416895798407495,3255.141531096468,False,-13359.286413162074,-0.10137099253191997,0.7808571667155672,0.35000000998344727,0.350000009994707,0.3500000099947065,0.35,0.0,False,False,50817.21484375,3401.3687582863445,11.527405702550928,0.000769363167150526,4450.500272345532,1.1271201633807792,1.057845439337298,0.8291739104917131,1.0497015221724948,0.165381683907133,1.0,0.00030848479803221776,0.0006562873235056894,0.001380134036191736,-0.02273632069936974,0.05238554387091182,0.0011889161663444536,-1809.8046884581565,False
11,moderate,66,residual_horizon_nmpc_gain_1,1.0,114.5,0.16358107416026832,0.03380986507049886,5.41194463067763,0.1637882877935677,0.03500915700898504,5.410585892441989,0.22306699321468826,-0.0019841503906249947,-0.1288805944824219,0.15306699321468825,0.29306699321468827,-0.08,0.08,-0.05948591905441994,0.03579401546112385,5.540825225160052,0.003765157044532107,0.003765157044532107,not_applicable,0.0,,False,-13525.4488547009,-0.1011357855696643,0.7829630520005345,0.35000000998344727,0.350000009994707,0.350000009994707,0.35,0.0,False,False,50667.91082763672,3389.5927045758044,11.487496078413374,0.0007876917887847022,4525.02887742563,1.1271201633807792,1.057845439337298,0.8291739104917131,1.0497015221724948,0.165381683907133,1.0,0.00030848479803221776,0.0006562873235056894,0.001380134036191736,-0.02273632069936974,0.05238554387091182,0.0011889161663444536,-1809.8046884581565,False
11,moderate,66,residual_horizon_nmpc_gain_1,1.0,115.0,0.1624847009220945,0.03353978633976759,5.428782007603733,0.16204124904925696,0.03317741481152499,5.4303709313103745,0.22204510236664166,-0.0019709155273437418,-0.12986938476562498,0.15204510236664165,0.29204510236664166,-0.08,0.08,-0.05956040144454716,0.03551070186711133,5.558651392369358,0.0037924705776854507,0.0037924705776854507,not_applicable,0.0,,False,-13691.82597244333,-0.10089552360838916,0.7850570033276781,0.35000000998344727,0.35000000998344727,0.35000000998399494,0.35,0.0,False,False,50519.59228515625,3377.9043726223863,11.447883747617162,0.0008063317419121473,4600.21852116221,1.1271201633807792,1.057845439337298,0.8291739104917131,1.0497015221724948,0.165381683907133,1.0,0.00030848479803221776,0.0006562873235056894,0.001380134036191736,-0.02273632069936974,0.05238554387091182,0.0011889161663444536,-1809.8046884581565,False
11,moderate,66,residual_horizon_nmpc_gain_1,1.0,115.5,0.1613738549881801,0.03326639269080224,5.445483515381446,0.16171387311394897,0.03388805707084165,5.445496253268148,0.22102268325037566,-0.0019574902343750256,-0.13085151000976564,0.15102268325037566,0.29102268325037567,-0.08,0.08,-0.05964882826219556,0.035223882925177266,5.576335025391212,0.0038129746845129062,0.0038129746845129062,not_applicable,0.0,,False,-13858.334653977952,-0.1006501709029211,0.7871387747711145,0.35000000998344727,0.35000000998344727,0.3500000099834739,0.35,0.0,False,False,50372.273498535156,3366.304705364795,11.408571905827854,0.0008252826738445487,4676.054670906255,1.1271201633807792,1.057845439337298,0.8291739104917131,1.0497015221724948,0.165381683907133,1.0,0.00030848479803221776,0.0006562873235056894,0.001380134036191736,-0.02273632069936974,0.05238554387091182,0.0011889161663444536,-1809.8046884581565,False
11,moderate,66,residual_horizon_nmpc_gain_1,1.0,116.0,0.16024847377611154,0.03298968175433102,5.462047495937514,0.160123514695082,0.03220054204189464,5.4607527235486195,0.22000000000000003,-0.001943874511718735,-0.131826875,0.15000000000000002,0.29000000000000004,-0.08,0.08,-0.05975152622388849,0.034933556266049756,5.593874370937514,0.003834116532919393,0.003834116532919393,Solve_Succeeded,0.05309633398428559,2986.385830242867,False,-14024.88963397901,-0.10039969338858974,0.7892081199700104,0.3500000099926273,0.35000000998344727,0.35000000998344855,0.35,0.0,False,False,50225.96875,3354.794644306886,11.369563743848234,0.000844543946321908,4752.5220404571055,1.1271201633807792,1.057845439337298,0.8291739104917131,1.0497015221724948,0.165381683907133,1.0,0.00030848479803221776,0.0006562873235056894,0.001380134036191736,-0.02273632069936974,0.05238554387091182,0.0011889161663444536,-1809.8046884581565,False
11,moderate,66,residual_horizon_nmpc_gain_1,1.0,116.5,0.1591085005116547,0.03270965286585695,5.478472290440285,0.15951342200218305,0.03259237648549948,5.478132731199548,0.21897731674962437,-0.0019300683593749812,-0.13279538452148437,0.14897731674962436,0.28897731674962435,-0.08,0.08,-0.05986881623796966,0.03463972122523193,5.61126767496177,0.0038578748631135137,0.0038578748631135137,not_applicable,0.0,,False,-14191.40353804978,-0.10014405874522382,0.7912647921464034,0.3500000099926273,0.35000000998344727,0.3500000099834473,0.35,0.0,False,False,50080.692321777344,3343.3751295276165,11.330862447652041,0.0008641146249658773,4829.604582860387,1.1271201633807792,1.057845439337298,0.8291739104917131,1.0497015221724948,0.165381683907133,1.0,0.00030848479803221776,0.0006562873235056894,0.001380134036191736,-0.02273632069936974,0.05238554387091182,0.0011889161663444536,-1809.8046884581565,False
11,moderate,66,residual_horizon_nmpc_gain_1,1.0,117.0,0.15795388444103006,0.032426307107475884,5.494756240162584,0.15790134718077387,0.0313917347608145,5.493710916286131,0.2179548976333584,-0.001916071777343764,-0.133756943359375,0.1479548976333584,0.2879548976333584,-0.08,0.08,-0.06000101319232834,0.03434237888481965,5.628513183521958,0.0038794450330435232,0.0038794450330435232,not_applicable,0.0,,False,-14357.786931159919,-0.09988323646021198,0.7933085441232226,0.3500000099926273,0.3500000099926273,0.3500000099921808,0.35,0.0,False,False,49936.45849609375,3332.047099690892,11.292471198417331,0.0008839934687435425,4907.285483793757,1.1271201633807792,1.057845439337298,0.8291739104917131,1.0497015221724948,0.165381683907133,1.0,0.00030848479803221776,0.0006562873235056894,0.001380134036191736,-0.02273632069936974,0.05238554387091182,0.0011889161663444536,-1809.8046884581565,False
11,moderate,66,residual_horizon_nmpc_gain_1,1.0,117.5,0.15678458104064008,0.03213964734871181,5.510897687365251,0.1567278323832133,0.03275869961752924,5.5113608843747315,0.2169330067853118,-0.0019018847656250282,-0.13471145629882814,0.1469330067853118,0.2869330067853118,-0.08,0.08,-0.06014842574467172,0.03404153211433684,5.645609143664079,0.003903480061243002,0.003903480061243002,not_applicable,0.0,,False,-14523.948370725442,-0.09961719789057621,0.7953391283425101,0.3500000099926273,0.3500000099926273,0.3500000099926056,0.35,0.0,False,False,49793.28155517578,3320.8114920552794,11.2543931725594,0.0009041789194624811,4985.547155563473,1.1271201633807792,1.057845439337298,0.8291739104917131,1.0497015221724948,0.165381683907133,1.0,0.00030848479803221776,0.0006562873235056894,0.001380134036191736,-0.02273632069936974,0.05238554387091182,0.0011889161663444536,-1809.8046884581565,False
11,moderate,66,residual_horizon_nmpc_gain_1,1.0,118.0,0.1556005522240268,0.031849678286276634,5.526894976200826,0.1557628988550556,0.03206544069947765,5.525251521627127,0.2159119083395943,-0.001887507324218718,-0.13565882812500002,0.1459119083395943,0.28591190833959435,-0.08,0.08,-0.06031135611556751,0.03373718561049535,5.662553804325826,0.003922707767380979,0.003922707767380979,Solve_Succeeded,0.05195799999637529,3889.895840678534,False,-14689.794464370414,-0.09934591632399922,0.797356296883841,0.3500000099893071,0.3500000099926273,0.35000000999262626,0.35,0.0,False,False,49651.17578125,3309.669242483622,11.216631541763368,0.0009246690913188887,5064.371231734581,1.1271201633807792,1.057845439337298,0.8291739104917131,1.0497015221724948,0.165381683907133,1.0,0.00030848479803221776,0.0006562873235056894,0.001380134036191736,-0.02273632069936974,0.05238554387091182,0.0011889161663444536,-1809.8046884581565,False
11,moderate,66,residual_horizon_nmpc_gain_1,1.0,118.5,0.15440176654581625,0.03155640648266115,5.542746453636827,0.1542741578481699,0.031006973557366566,5.543564053533953,0.2148918664303156,-0.0018729394531249999,-0.13659896362304685,0.1448918664303156,0.2848918664303156,-0.08,0.08,-0.060490099884499354,0.03342934593578615,5.679345417259873,0.00394821882493154,0.00394821882493154,not_applicable,0.0,,False,-14855.229932397995,-0.09906936703873925,0.7993598014829447,0.3500000099893071,0.3500000099926273,0.35000000999262726,0.35,0.0,False,False,49510.15545654297,3298.6212854525365,11.179189473016363,0.0009454617605214939,5143.738562416931,1.1271201633807792,1.057845439337298,0.8291739104917131,1.0497015221724948,0.165381683907133,1.0,0.00030848479803221776,0.0006562873235056894,0.001380134036191736,-0.02273632069936974,0.05238554387091182,0.0011889161663444536,-1809.8046884581565,False
11,moderate,66,residual_horizon_nmpc_gain_1,1.0,119.0,0.15318819940238768,0.03125984040346332,5.558450470398002,0.15311094587310758,0.03108711398302495,5.556101481410644,0.2138731451915853,-0.001858181152343763,-0.13753176757812502,0.14387314519158528,0.2838731451915853,-0.08,0.08,-0.060684945789197614,0.033118021555807085,5.695982237976127,0.003965464290411155,0.003965464290411155,not_applicable,0.0,,False,-15020.157674988259,-0.09878752736236174,0.8013493935505227,0.3500000099893071,0.3500000099893071,0.35000000998946856,0.35,0.0,False,False,49370.23486328125,3287.6685540618005,11.14207012863934,0.0009665543550149393,5223.629210229028,1.1271201633807792,1.057845439337298,0.8291739104917131,1.0497015221724948,0.165381683907133,1.0,0.00030848479803221776,0.0006562873235056894,0.001380134036191736,-0.02273632069936974,0.05238554387091182,0.0011889161663444536,-1809.8046884581565,False
11,moderate,66,residual_horizon_nmpc_gain_1,1.0,119.5,0.1519598332289879,0.030959990453359607,5.574005381926915,0.1522756960365853,0.0312931524335839,5.57395931878084,0.21285600875751315,-0.0018432324218750074,-0.13845714477539062,0.14285600875751314,0.28285600875751316,-0.08,0.08,-0.06089617552852525,0.032803222875234614,5.712462526702305,0.003990231179721868,0.003990231179721868,not_applicable,0.0,,False,-15184.478844127654,-0.09850037672920951,0.8033248241912663,0.3500000099893071,0.3500000099893071,0.3500000099893149,0.35,0.0,False,False,49231.42828369141,3276.811980043634,11.105276666318533,0.0009879439443271824,5304.022446960976,1.1271201633807792,1.057845439337298,0.8291739104917131,1.0497015221724948,0.165381683907133,1.0,0.00030848479803221776,0.0006562873235056894,0.001380134036191736,-0.02273632069936974,0.05238554387091182,0.0011889161663444536,-1809.8046884581565,False
11,moderate,66,residual_horizon_nmpc_gain_1,1.0,120.0,0.15071665769299594,0.03065686901062515,5.589409549362151,0.15072540756448738,0.030926691684501458,5.587908145254908,0.21184072126220888,-0.0018280932617187884,-0.13937500000000003,0.14184072126220887,0.2818407212622089,-0.08,0.08,-0.06112406356921293,0.03248496227234394,5.728784549362151,0.004009605529353247,0.004009605529353247,Solve_Succeeded,0.05354574997909367,4004.036603878524,False,-15348.092920263998,-0.09820789673653124,0.8052858442230727,0.35000000999645026,0.3500000099893071,0.35000000998930747,0.35,0.0,False,False,49093.75,3266.0524937718724,11.068812239136545,0.0010096272295664027,5384.896750957489,1.1271201633807792,1.057845439337298,0.8291739104917131,1.0497015221724948,0.165381683907133,1.0,0.00030848479803221776,0.0006562873235056894,0.001380134036191736,-0.02273632069936974,0.05238554387091182,0.0011889161663444536,-1809.8046884581565,False
11,moderate,66,residual_horizon_nmpc_gain_1,1.0,120.5,0.14945866988302933,0.030350490460108813,5.604661340533399,0.1493561475600371,0.03055084902576933,5.60343624715356,0.21082754683978214,-0.001812763671874995,-0.1402852380371094,0.14082754683978213,0.28082754683978217,-0.08,0.08,-0.061368876956752805,0.03216325413198381,5.7449465785705085,0.004031263370493104,0.004031263370493104,not_applicable,0.0,,False,-15510.897793667535,-0.09791007119918073,0.807232204196456,0.35000000999645026,0.3500000099893071,0.3500000099893071,0.35,0.0,False,False,48957.214294433594,3255.391024271041,11.032679995603099,0.0010316005335937208,5466.229805241114,1.1271201633807792,1.057845439337298,0.8291739104917131,1.0497015221724948,0.165381683907133,1.0,0.00030848479803221776,0.0006562873235056894,0.001380134036191736,-0.02273632069936974,0.05238554387091182,0.0011889161663444536,-1809.8046884581565,False
11,moderate,66,residual_horizon_nmpc_gain_1,1.0,121.0,0.14818587449357074,0.030040871224569405,5.619759130972608,0.14807503271319972,0.02956299688846885,5.6191951851647355,0.20981674962434263,-0.0017972436523437385,-0.14118776367187502,0.13981674962434262,0.27981674962434266,-0.08,0.08,-0.061630875130771895,0.03183811487691314,5.7609468946444835,0.004053407828907736,0.004053407828907736,not_applicable,0.0,,False,-15672.789850467003,-0.0976068862027992,0.8091636544141589,0.35000000999645026,0.35000000999645026,0.3500000099961028,0.35,0.0,False,False,48821.83544921875,3244.8284992253148,10.996883079685405,0.0010538597913989404,5547.998496395438,1.1271201633807792,1.057845439337298,0.8291739104917131,1.0497015221724948,0.165381683907133,1.0,0.00030848479803221776,0.0006562873235056894,0.001380134036191736,-0.02273632069936974,0.05238554387091182,0.0011889161663444536,-1809.8046884581565,False
11,moderate,66,residual_horizon_nmpc_gain_1,1.0,121.5,0.1468982840047833,0.029728029794280204,5.634701304940388,0.14645235425027828,0.029259640119492183,5.633356861596745,0.20880859375,-0.001781533203124963,-0.14208248168945314,0.13880859375,0.27880859375,-0.08,0.08,-0.06191030974521669,0.03150956299740516,5.776783786629841,0.004073185467402915,0.004073185467402915,not_applicable,0.0,,False,-15833.664063315711,-0.09729833015538629,0.8110799449509581,0.35000000999645026,0.35000000999645026,0.3500000099964334,0.35,0.0,False,False,48687.62774658203,3234.365844987393,10.961424630838241,0.0010764005407072675,5630.178914227208,1.1271201633807792,1.057845439337298,0.8291739104917131,1.0497015221724948,0.165381683907133,1.0,0.00030848479803221776,0.0006562873235056894,0.001380134036191736,-0.02273632069936974,0.05238554387091182,0.0011889161663444536,-1809.8046884581565,False
11,moderate,66,residual_horizon_nmpc_gain_1,1.0,122.0,0.1455959188571738,0.02941198675480981,5.649486256466749,0.14523956116252218,0.028009856707060354,5.650460756956357,0.20780334335086403,-0.0017656323242187244,-0.14296929687499998,0.13780334335086403,0.27780334335086404,-0.08,0.08,-0.06220742449369024,0.031177619079028534,5.792455553341749,0.004097388917185346,0.004097388917185346,Solve_Succeeded,0.05298266699537635,2891.4998124798076,False,-15993.414086629711,-0.09698439383716599,0.8129808256736674,0.35000000999035746,0.35000000999645026,0.3500000099964494,0.35,0.0,False,False,48554.60546875,3224.003986587259,10.926307784033632,0.0010992179128457586,5712.746352225552,1.1271201633807792,1.057845439337298,0.8291739104917131,1.0497015221724948,0.165381683907133,1.0,0.00030848479803221776,0.0006562873235056894,0.001380134036191736,-0.02273632069936974,0.05238554387091182,0.0011889161663444536,-1809.8046884581565,False
11,moderate,66,residual_horizon_nmpc_gain_1,1.0,122.5,0.1442788076207547,0.029092764812888593,5.664112390405259,0.1438670353924562,0.03011027399639781,5.664110130055087,0.20680126256104436,-0.0017495410156250224,-0.14384811401367187,0.13680126256104436,0.27680126256104437,-0.08,0.08,-0.06252245494028966,0.030842305828513616,5.80796050441893,0.004116111651519989,0.004116111651519989,not_applicable,0.0,,False,-16151.932356327168,-0.09666507044864914,0.8148660462613366,0.35000000999035746,0.35000000999645026,0.3500000099964502,0.35,0.0,False,False,48422.78289794922,3213.743847740855,10.89153566979025,0.0011223066238990117,5795.675308836051,1.1271201633807792,1.057845439337298,0.8291739104917131,1.0497015221724948,0.165381683907133,1.0,0.00030848479803221776,0.0006562873235056894,0.001380134036191736,-0.02273632069936974,0.05238554387091182,0.0011889161663444536,-1809.8046884581565,False
11,moderate,66,residual_horizon_nmpc_gain_1,1.0,123.0,0.14294698715835033,0.028770388820271456,5.678578123499632,0.14315333188065718,0.029464523774014904,5.67984896382253,0.20580261551465062,-0.001733259277343746,-0.144718837890625,0.13580261551465062,0.27580261551465063,-0.08,0.08,-0.06285562835630029,0.030503648097615202,5.823296961390257,0.004138381346033199,0.004138381346033199,not_applicable,0.0,,False,-16309.110193983226,-0.09634035565679372,0.8167353562256445,0.35000000999035746,0.35000000999035746,0.35000000999065384,0.35,0.0,False,False,48292.17431640625,3203.5863508586476,10.857111414202452,0.0011456609661842341,5878.939489566159,1.1271201633807792,1.057845439337298,0.8291739104917131,1.0497015221724948,0.165381683907133,1.0,0.00030848479803221776,0.0006562873235056894,0.001380134036191736,-0.02273632069936974,0.05238554387091182,0.0011889161663444536,-1809.8046884581565,False
11,moderate,66,residual_horizon_nmpc_gain_1,1.0,123.5,0.14160050278268702,0.028444885795509422,5.692881885461728,0.1414164065667371,0.028007374447967956,5.6937184285287366,0.20480766634579267,-0.0017167871093750064,-0.14558137329101561,0.13480766634579266,0.2748076663457927,-0.08,0.08,-0.06320716356310566,0.03016167290488443,5.838463258752744,0.0041581016152714735,0.0041581016152714735,not_applicable,0.0,,False,-16464.837915301996,-0.09601024763916316,0.8185885049314899,0.35000000999035746,0.35000000999035746,0.3500000099903719,0.35,0.0,False,False,48162.79400634766,3193.5324170541107,10.82303813896902,0.001169274800076508,5962.5118099380525,1.1271201633807792,1.057845439337298,0.8291739104917131,1.0497015221724948,0.165381683907133,1.0,0.00030848479803221776,0.0006562873235056894,0.001380134036191736,-0.02273632069936974,0.05238554387091182,0.0011889161663444536,-1809.8046884581565,False
11,moderate,66,residual_horizon_nmpc_gain_1,1.0,124.0,0.1402394084069042,0.02811628494354459,5.70702212005989,0.14012027914651481,0.027927163945507188,5.707383244577043,0.20381667918858004,-0.001700124511718748,-0.146435625,0.13381667918858003,0.27381667918858005,-0.08,0.08,-0.06357727078167585,0.02981640945526334,5.85345774505989,0.004177346037844336,0.004177346037844336,Solve_Succeeded,0.05205812497297302,3469.726949192387,False,-16619.004942792602,-0.09567474712598063,0.8204252416177731,0.3500000099955892,0.35000000999035746,0.3500000099903582,0.35,0.0,False,False,48034.65624999999,3183.5829661521066,10.789318961421568,0.001193141546215648,6046.364399303971,1.1271201633807792,1.057845439337298,0.8291739104917131,1.0497015221724948,0.165381683907133,1.0,0.00030848479803221776,0.0006562873235056894,0.001380134036191736,-0.02273632069936974,0.05238554387091182,0.0011889161663444536,-1809.8046884581565,False
11,moderate,66,residual_horizon_nmpc_gain_1,1.0,124.5,0.1388637666881209,0.027784617673045308,5.720997286216521,0.13900852296114416,0.026916953004171275,5.7212818891077415,0.2028299181771225,-0.0016832714843749708,-0.14728149780273436,0.1328299181771225,0.27282991817712254,-0.08,0.08,-0.06396615148900162,0.02946788915742028,5.868278784019256,0.004197128647352305,0.004197128647352305,not_applicable,0.0,,False,-16771.499922522136,-0.09533385743997894,0.8222453154183749,0.3500000099955892,0.35000000999035746,0.3500000099903575,0.35,0.0,False,False,47907.77532958985,3173.738916697176,10.755956994552639,0.001217254178126507,6130.468605537979,1.1271201633807792,1.057845439337298,0.8291739104917131,1.0497015221724948,0.165381683907133,1.0,0.00030848479803221776,0.0006562873235056894,0.001380134036191736,-0.02273632069936974,0.05238554387091182,0.0011889161663444536,-1809.8046884581565,False
11,moderate,66,residual_horizon_nmpc_gain_1,1.0,125.0,0.1374736491636916,0.027449917611400997,5.734805859113738,0.13708888629673904,0.027654128634788177,5.7334844972378285,0.2018476474455297,-0.0016662280273437857,-0.14811889648437498,0.13184764744552968,0.2718476474455297,-0.08,0.08,-0.0643739982818381,0.029116145638744782,5.882924755598113,0.004214166956272716,0.004214166956272716,not_applicable,0.0,,False,-16922.210844805726,-0.09498758453394424,0.8240484753833285,0.3500000099955892,0.3500000099955892,0.35000000999533476,0.35,0.0,False,False,47782.16552734375,3164.0011859617425,10.722955347043506,0.0012416052152851816,6214.7950006179,1.1271201633807792,1.057845439337298,0.8291739104917131,1.0497015221724948,0.165381683907133,1.0,0.00030848479803221776,0.0006562873235056894,0.001380134036191736,-0.02273632069936974,0.05238554387091182,0.0011889161663444536,-1809.8046884581565,False
11,moderate,66,residual_horizon_nmpc_gain_1,1.0,125.5,0.13606913637978588,0.027112220617298982,5.748446331305921,0.13623163668121308,0.027985006616993626,5.748652180134985,0.20087013112791136,-0.0016489941406250264,-0.14894772583007815,0.13087013112791135,0.27087013112791136,-0.08,0.08,-0.06480099474812548,0.02876121475792401,5.897394057135999,0.0042356627762439,0.0042356627762439,not_applicable,0.0,,False,-17071.025168677326,-0.09463593702585259,0.8258344705001837,0.3500000099955892,0.3500000099955892,0.35000000999557684,0.35,0.0,False,False,47657.84112548828,3154.3706899542217,10.69031712329166,0.0012661867166637495,6299.3133871090395,1.1271201633807792,1.057845439337298,0.8291739104917131,1.0497015221724948,0.165381683907133,1.0,0.00030848479803221776,0.0006562873235056894,0.001380134036191736,-0.02273632069936974,0.05238554387091182,0.0011889161663444536,-1809.8046884581565,False
11,moderate,66,residual_horizon_nmpc_gain_1,1.0,126.0,0.13465031801192892,0.026771564790808767,5.761917213837931,0.13511997377952292,0.027079445865876822,5.759260909671143,0.19989763335837718,-0.0016315698242187482,-0.149767890625,0.12989763335837717,0.2698976333583772,-0.08,0.08,-0.06524731534644826,0.028403134615027515,5.911685104462931,0.004250749326253352,0.004250749326253352,Solve_Succeeded,0.05443862499669194,3620.596959733427,False,-17217.82994997414,-0.09427892623150022,0.8276030497155658,0.3500000099892609,0.3500000099955892,0.3500000099955886,0.35,0.0,False,False,47534.81640625,3144.848343427045,10.658045423437997,0.0012909902747867009,6383.992805561577,1.1271201633807792,1.057845439337298,0.8291739104917131,1.0497015221724948,0.165381683907133,1.0,0.00030848479803221776,0.0006562873235056894,0.001380134036191736,-0.02273632069936974,0.05238554387091182,0.0011889161663444536,-1809.8046884581565,False
11,moderate,66,residual_horizon_nmpc_gain_1,1.0,126.5,0.13321729297714247,0.02642799048090267,5.7752170373677245,0.1333030947864463,0.02554174074820961,5.775133463197474,0.19893041827103683,-0.0016139550781250067,-0.1505792956542969,0.12893041827103682,0.2689304182710368,-0.08,0.08,-0.06571312529389436,0.028041945559027677,5.925796333022022,0.004273622822987823,0.004273622822987823,not_applicable,0.0,,False,-17362.511972851382,-0.0939165661945282,0.8293539619569262,0.3500000099892609,0.3500000099955892,0.35000000999558917,0.35,0.0,False,False,47413.10565185547,3135.4350598845976,10.626143343393725,0.0013160070103323102,6468.801542831602,1.1271201633807792,1.057845439337298,0.8291739104917131,1.0497015221724948,0.165381683907133,1.0,0.00030848479803221776,0.0006562873235056894,0.001380134036191736,-0.02273632069936974,0.05238554387091182,0.0011889161663444536,-1809.8046884581565,False
11,moderate,66,residual_horizon_nmpc_gain_1,1.0,127.0,0.13177016953733114,0.026081540290345418,5.788344353292073,0.13185271487728562,0.026025206464854168,5.788875978670428,0.19796875000000003,-0.0015961499023437464,-0.15138184570312502,0.12796875000000002,0.26796875000000003,-0.08,0.08,-0.06619858046266888,0.027677690192689165,5.939726198995198,0.004293123948615016,0.004293123948615016,not_applicable,0.0,,False,-17504.957884531937,-0.09354887371374529,0.8310869561544854,0.3500000099892609,0.3500000099892609,0.3500000099895687,0.35,0.0,False,False,47292.72314453125,3126.131751591069,10.594613974866968,0.0013412275673124084,6553.707141335143,1.1271201633807792,1.057845439337298,0.8291739104917131,1.0497015221724948,0.165381683907133,1.0,0.00030848479803221776,0.0006562873235056894,0.001380134036191736,-0.02273632069936974,0.05238554387091182,0.0011889161663444536,-1809.8046884581565,False
11,moderate,66,residual_horizon_nmpc_gain_1,1.0,127.5,0.13030906539356504,0.025732259077889265,5.801297734874054,0.13018805230730027,0.026449559424327723,5.801764462124967,0.19701289267937644,-0.0015781542968750228,-0.15217544555664064,0.12701289267937643,0.26701289267937645,-0.08,0.08,-0.0667038272858114,0.027310413374764288,5.953473180430695,0.004311411108113951,0.004311411108113951,not_applicable,0.0,,False,-17645.054333081727,-0.093175868367654,0.832801781263368,0.3500000099892609,0.3500000099892609,0.3500000099892759,0.35,0.0,False,False,47173.683166503906,3116.9393295782206,10.563460405389087,0.0013666421088640716,6638.67640924335,1.1271201633807792,1.057845439337298,0.8291739104917131,1.0497015221724948,0.165381683907133,1.0,0.00030848479803221776,0.0006562873235056894,0.001380134036191736,-0.02273632069936974,0.05238554387091182,0.0011889161663444536,-1809.8046884581565,False
11,moderate,66,residual_horizon_nmpc_gain_1,1.0,128.0,0.12883410777091653,0.02538019395771542,5.814075778370948,0.12869337988101054,0.026520508646599907,5.815031240289087,0.19606311044327573,-0.0015599682617187804,-0.15296000000000004,0.12606311044327573,0.26606311044327574,-0.08,0.08,-0.0672290026723592,0.0269401622194342,5.967035778370948,0.004330356267215721,0.004330356267215721,Solve_Succeeded,0.06483970797853544,4040.2598772748997,False,-17782.688107989212,-0.09279757253608799,0.8344981862859295,0.35000000999134767,0.3500000099892609,0.3500000099892616,0.35,0.0,False,False,47055.99999999999,3107.8587036530726,10.532685718340742,0.0013922403136867212,6723.675431626058,1.1271201633807792,1.057845439337298,0.8291739104917131,1.0497015221724948,0.165381683907133,1.0,0.00030848479803221776,0.0006562873235056894,0.001380134036191736,-0.02273632069936974,0.05238554387091182,0.0011889161663444536,-1809.8046884581565,False
11,moderate,66,residual_horizon_nmpc_gain_1,1.0,128.5,0.12734543349351823,0.025025394296067063,5.826677104161158,0.12752996207054462,0.02536819201717272,5.826729912577241,0.1951196674258077,-0.0015415917968749637,-0.15373541381835942,0.12511966742580768,0.2651196674258077,-0.08,0.08,-0.06777423393228946,0.026566986092942026,5.980412517979517,0.0043472334590987545,0.0043472334590987545,not_applicable,0.0,,False,-17917.74628331407,-0.09241401141887112,0.8361759202942732,0.35000000999134767,0.3500000099892609,0.35000000998926095,0.35,0.0,False,False,46939.687927246094,3098.8907824055045,10.502292992977637,0.0014180113731579798,6808.669582549599,1.1271201633807792,1.057845439337298,0.8291739104917131,1.0497015221724948,0.165381683907133,1.0,0.00030848479803221776,0.0006562873235056894,0.001380134036191736,-0.02273632069936974,0.05238554387091182,0.0011889161663444536,-1809.8046884581565,False
11,moderate,66,residual_horizon_nmpc_gain_1,1.0,129.0,0.1258431890495188,0.024667911705023946,5.839100357868729,0.12608002925488135,0.025579706047744382,5.8383530461049125,0.19418282776108192,-0.0015230249023436837,-0.154501591796875,0.12418282776108192,0.26418282776108193,-0.08,0.08,-0.06833963871156312,0.02619093660736763,5.993601949665604,0.004363803110539247,0.004363803110539247,not_applicable,0.0,,False,-18050.11636315933,-0.09202521305141288,0.8378347324529601,0.35000000999134767,0.35000000999134767,0.3500000099912462,0.35,0.0,False,False,46824.76123046875,3090.036473215777,10.472285304456019,0.0014439439891614511,6893.623538133983,1.1271201633807792,1.057845439337298,0.8291739104917131,1.0497015221724948,0.165381683907133,1.0,0.00030848479803221776,0.0006562873235056894,0.001380134036191736,-0.02273632069936974,0.05238554387091182,0.0011889161663444536,-1809.8046884581565,False
11,moderate,66,residual_horizon_nmpc_gain_1,1.0,129.5,0.1243275306456244,0.02430780003337357,5.851344211484024,0.12418781638898228,0.0239110725503807,5.851736600522531,0.19325285558320815,-0.001504267578124996,-0.1552584387207031,0.12325285558320814,0.26325285558320816,-0.08,0.08,-0.06892532493758374,0.025812067611498565,6.006602650204727,0.0043832795164052245,0.0043832795164052245,not_applicable,0.0,,False,-18179.686429208246,-0.09163120831715682,0.8394743720419061,0.35000000999134767,0.35000000999134767,0.35000000999134273,0.35,0.0,False,False,46711.23419189453,3081.2966822619824,10.442665723857933,0.001470026372659183,6978.501290573087,1.1271201633807792,1.057845439337298,0.8291739104917131,1.0497015221724948,0.165381683907133,1.0,0.00030848479803221776,0.0006562873235056894,0.001380134036191736,-0.02273632069936974,0.05238554387091182,0.0011889161663444536,-1809.8046884581565,False
11,moderate,66,residual_horizon_nmpc_gain_1,1.0,130.0,0.12279862425092655,0.023945115354539068,5.863407364479111,0.12303119085862324,0.02393240526557966,5.864301395075193,0.19233001502629604,-0.0014853198242187893,-0.156005859375,0.12233001502629604,0.26233001502629605,-0.08,0.08,-0.06953139077536949,0.025430435178757857,6.019413223854111,0.004401358666596649,0.004401358666596649,Solve_Succeeded,0.05430262500885874,3040.646522570172,False,-18306.34529005728,-0.09123203095680485,0.8410945884794722,0.35000000997451514,0.35000000999134767,0.35000000999134745,0.35,0.0,False,False,46599.12109375,3072.6723145274013,10.413437318216143,0.0014962462430412114,7063.266163120545,1.1271201633807792,1.057845439337298,0.8291739104917131,1.0497015221724948,0.165381683907133,1.0,0.00030848479803221776,0.0006562873235056894,0.001380134036191736,-0.02273632069936974,0.05238554387091182,0.0011889161663444536,-1809.8046884581565,False
11,moderate,66,residual_horizon_nmpc_gain_1,1.0,130.5,0.1212566456297298,0.02357991595152942,5.875288544916353,0.12133776412193165,0.022376885766340244,5.875379103950871,0.1914145702244553,-0.0014661816406250083,-0.1567437585449219,0.12141457022445529,0.2614145702244553,-0.08,0.08,-0.07015792459472549,0.02504609759215443,6.032032303461275,0.004417463324971279,0.004417463324971279,not_applicable,0.0,,False,-18429.98263206615,-0.09082771757424223,0.8426951313457428,0.35000000997451514,0.35000000999134767,0.35000000999134767,0.35,0.0,False,False,46488.43621826172,3064.164273807798,10.384603150538863,0.0015225908282840116,7147.880826043136,1.1271201633807792,1.057845439337298,0.8291739104917131,1.0497015221724948,0.165381683907133,1.0,0.00030848479803221776,0.0006562873235056894,0.001380134036191736,-0.02273632069936974,0.05238554387091182,0.0011889161663444536,-1809.8046884581565,False
11,moderate,66,residual_horizon_nmpc_gain_1,1.0,131.0,0.1197017803631087,0.02321226229888313,5.8869865105487325,0.11975293586467181,0.022804650424107505,5.8884689822949525,0.19050678531179568,-0.001446853027343764,-0.157472041015625,0.12050678531179568,0.2605067853117957,-0.08,0.08,-0.07080500494868698,0.024659115326226895,6.044458551564357,0.004436321107918809,0.004436321107918809,not_applicable,0.0,,False,-18550.489171434947,-0.09041830763909452,0.844275750405994,0.35000000997451514,0.35000000997451514,0.35000000997533387,0.35,0.0,False,False,46379.19384765625,3055.7734627186314,10.356166279834195,0.0015490468659489303,7232.307313541637,1.1271201633807792,1.057845439337298,0.8291739104917131,1.0497015221724948,0.165381683907133,1.0,0.00030848479803221776,0.0006562873235056894,0.001380134036191736,-0.02273632069936974,0.05238554387091182,0.0011889161663444536,-1809.8046884581565,False
11,moderate,66,residual_horizon_nmpc_gain_1,1.0,131.5,0.11813422385893847,0.0228422170415824,5.898500049910383,0.11784915600428593,0.02264876572383415,5.898019377325249,0.18960692442242677,-0.001427333984375001,-0.15819061157226566,0.11960692442242676,0.2596069244224268,-0.08,0.08,-0.0714727005634883,0.0242695510259574,6.056690661482649,0.004449996770327112,0.004449996770327112,not_applicable,0.0,,False,-18667.75680721123,-0.09000384348585189,0.8458361956343506,0.35000000997451514,0.35000000997451514,0.35000000997455494,0.35,0.0,False,False,46271.408264160156,3047.5007827021896,10.328129761134306,0.0015756006050510235,7316.507041638801,1.1271201633807792,1.057845439337298,0.8291739104917131,1.0497015221724948,0.165381683907133,1.0,0.00030848479803221776,0.0006562873235056894,0.001380134036191736,-0.02273632069936974,0.05238554387091182,0.0011889161663444536,-1809.8046884581565,True
11,moderate,66,residual_horizon_nmpc_gain_1,1.0,132.0,0.11655418135016157,0.022469844970920756,5.90982798339582,0.11670906994247943,0.02224415056546406,5.911575349263164,0.18871525169045833,-0.0014076245117187192,-0.158899375,0.11871525169045832,0.25871525169045834,-0.08,0.08,-0.07216107034029676,0.023877469482639475,6.06872735839582,0.004469763198277667,0.004469763198277667,Solve_Succeeded,0.04974716703873128,2998.4067796187664,False,-18781.678774920216,-0.0895843703095018,0.8473762172376315,0.35000000973009415,0.35000000997451514,0.3500000099745171,0.35,0.0,False,False,46165.09375,3039.3471340346637,10.300496645519406,0.0016022378088276737,7400.4408270323775,1.1271201633807792,1.057845439337298,0.8291739104917131,1.0497015221724948,0.165381683907133,1.0,0.00030848479803221776,0.0006562873235056894,0.001380134036191736,-0.02273632069936974,0.05238554387091182,0.0011889161663444536,-1809.8046884581565,True
11,moderate,66,residual_horizon_nmpc_gain_1,1.0,132.5,0.11496186788107035,0.022095212997313266,5.920969164326337,0.11508829528063683,0.022697243569023747,5.92110934619528,0.18783203125000003,-0.001387724609374974,-0.15959823608398438,0.11783203125000002,0.25783203125000004,-0.08,0.08,-0.07287016336892968,0.02348293760668824,6.080567400410321,0.004483397212403251,0.004483397212403251,not_applicable,0.0,,False,-18892.149800504565,-0.08915993615761632,0.8488955656793845,0.35000000973009415,0.35000000997451514,0.35000000997451525,0.35,0.0,False,False,46060.264587402344,3031.31341583313,10.273269980141405,0.0016289437584354148,7484.068906910178,1.1271201633807792,1.057845439337298,0.8291739104917131,1.0497015221724948,0.165381683907133,1.0,0.00030848479803221776,0.0006562873235056894,0.001380134036191736,-0.02273632069936974,0.05238554387091182,0.0011889161663444536,-1809.8046884581565,True
11,moderate,66,residual_horizon_nmpc_gain_1,1.0,133.0,0.11335750828140509,0.021718390120044676,5.931922480002037,0.11362258318300449,0.021851719482615235,5.930673310465111,0.1869575272351615,-0.0013676342773437655,-0.16028709960937498,0.11695752723516151,0.2569575272351615,-0.08,0.08,-0.07360001895375642,0.02308602439738844,6.092209579611413,0.004497288043484225,0.004497288043484225,not_applicable,0.0,,False,-18999.066254253587,-0.08873059191884665,0.850393991704108,0.35000000973009415,0.35000000973009415,0.3500000097419828,0.35,0.0,False,False,45956.93505859375,3023.4005260624763,10.246452808247394,0.0016557032576021778,7567.350959723112,1.1271201633807792,1.057845439337298,0.8291739104917131,1.0497015221724948,0.165381683907133,1.0,0.00030848479803221776,0.0006562873235056894,0.001380134036191736,-0.02273632069936974,0.05238554387091182,0.0011889161663444536,-1809.8046884581565,True
11,moderate,66,residual_horizon_nmpc_gain_1,1.0,133.5,0.11174133712808736,0.021339447393957323,5.94268685273798,0.11185927695292082,0.020942118318154516,5.941433841149313,0.1860920037800526,-0.0013473535156250382,-0.16096587036132814,0.1160920037800526,0.2560920037800526,-0.08,0.08,-0.07435066665196526,0.02268680090958236,6.103652723099308,0.0045129957023732105,0.0045129957023732105,not_applicable,0.0,,False,-19102.326304395872,-0.08829639130778341,0.8518712463616613,0.35000000973009415,0.35000000973009415,0.3500000097306724,0.35,0.0,False,False,45855.11944580078,3015.6093615422524,10.22004816920285,0.0016825006382608504,7650.246126910761,1.1271201633807792,1.057845439337298,0.8291739104917131,1.0497015221724948,0.165381683907133,1.0,0.00030848479803221776,0.0006562873235056894,0.001380134036191736,-0.02273632069936974,0.05238554387091182,0.0011889161663444536,-1809.8046884581565,True
11,moderate,66,residual_horizon_nmpc_gain_1,1.0,134.0,0.11011359869442937,0.020958457893087108,5.953261240882898,0.1101335960816391,0.02054775920551409,5.952237572683241,0.18523572501878288,-0.0013268823242187366,-0.16163445312500002,0.11523572501878288,0.2552357250187829,-0.08,0.08,-0.07512212632435351,0.022285340217305844,6.114895694007898,0.004510025980029864,0.004510025980029864,Solve_Succeeded,0.05035666702315211,3256.7315472856794,False,-19201.830070025084,-0.08785739084614733,0.8533270810318607,0.17160167106013582,0.35000000973009415,0.3500000097301223,0.35,0.0,False,False,45754.83203125,3007.9408179534475,10.194059098514616,0.0017093197671887025,7732.713035573258,1.1271201633807792,1.057845439337298,0.8291739104917131,1.0497015221724948,0.165381683907133,1.0,0.00030848479803221776,0.0006562873235056894,0.001380134036191736,-0.02273632069936974,0.05238554387091182,0.0011889161663444536,-1809.8046884581565,True
11,moderate,66,residual_horizon_nmpc_gain_1,1.0,134.5,0.10847454688668244,0.02057549667126244,5.963644639818978,0.10860183650787877,0.01947369833863911,5.959922631207988,0.1843889550854621,-0.0013062207031249717,-0.16229275268554688,0.1143889550854621,0.2543889550854621,-0.08,0.08,-0.07591440819877966,0.021881717374387412,6.125937392504524,0.004539882285547029,0.004539882285547029,not_applicable,0.0,,False,-19297.4797730246,-0.08741364984028223,0.8547612474492646,0.17160167106013582,0.35000000973009415,0.35000000973009554,0.35,0.0,False,False,45656.087097167976,3000.3957898452063,10.168488627853662,0.0017361440536755397,7814.709822081845,1.1271201633807792,1.057845439337298,0.8291739104917131,1.0497015221724948,0.165381683907133,1.0,0.00030848479803221776,0.0006562873235056894,0.001380134036191736,-0.02273632069936974,0.05238554387091182,0.0011889161663444536,-1809.8046884581565,True
11,moderate,66,residual_horizon_nmpc_gain_1,1.0,135.0,0.1068244451678105,0.02019064071968774,5.973836082941181,0.10691215261379856,0.021917665619799732,5.972890973258049,0.1835519581141999,-0.0012853686523437435,-0.162940673828125,0.11355195811419988,0.2535519581141999,-0.08,0.08,-0.07672751294638938,0.021476009372031483,6.136776756769306,0.004547936809178088,0.004547936809178088,not_applicable,0.0,,False,-15772.869210079389,-0.06907532883022904,0.856173497728144,0.17160167106013582,0.17160167106013582,0.18027896311679598,0.26,-0.17999999999999994,False,True,45558.89892578125,2992.97517064147,10.143339785077583,0.0017629564582418583,7896.194156619562,1.1271201633807792,1.057845439337298,0.8291739104917131,1.0497015221724948,0.165381683907133,1.0,0.00030848479803221776,0.0006562873235056894,0.001380134036191736,-0.02273632069936974,0.05238554387091182,0.0011889161663444536,-1809.8046884581565,True
11,moderate,66,residual_horizon_nmpc_gain_1,1.0,135.5,0.1051810021572554,0.019876286687385416,5.983852723058707,0.10530786383686774,0.018929189626382154,5.983897690307045,0.18272499823910593,-0.0012643261718749965,-0.16357812133789063,0.11272499823910592,0.25272499823910594,-0.08,0.08,-0.07754399608185053,0.021140612859260412,6.147430844396597,0.004556392012036614,0.004556392012036614,not_applicable,0.0,,False,-12241.746196558428,-0.0510832917377657,0.8575635843876396,0.17160167106013582,0.17160167106013582,0.1720237343932248,0.1720237343932248,-0.17595253121355042,False,False,45463.281799316406,2985.6798526475577,10.118615594252912,0.0017897395024263252,7977.123268642165,1.1271201633807792,1.057845439337298,0.8291739104917131,1.0497015221724948,0.165381683907133,1.0,0.00030848479803221776,0.0006562873235056894,0.001380134036191736,-0.02273632069936974,0.05238554387091182,0.0011889161663444536,-1809.8046884581565,True
11,moderate,66,residual_horizon_nmpc_gain_1,1.0,136.0,0.10357693325619327,0.01963254224449244,5.993729839904858,0.10391599709898866,0.01924437253183033,5.993613126416301,0.18190833959429,-0.0012430932617187862,-0.164205,0.11190833959429,0.25190833959429004,-0.08,0.08,-0.07833140633809674,0.020875635506211226,6.157934839904858,0.004560555038685111,0.004560555038685111,Solve_Succeeded,0.05772062501637265,3747.0492261198237,False,-12228.94874871387,-0.050511962737234975,0.8589312603771045,-0.0907298628507836,0.17160167106013582,0.1716222002132374,0.1716222002132374,-0.0008030683599747901,False,False,45369.25,2978.5107270566778,10.094319075677182,0.0018164752796601164,8057.453973248988,1.1271201633807792,1.057845439337298,0.8291739104917131,1.0497015221724948,0.165381683907133,1.0,0.00030848479803221776,0.0006562873235056894,0.001380134036191736,-0.02273632069936974,0.05238554387091182,0.0011889161663444536,-1809.8046884581565,True
11,moderate,66,residual_horizon_nmpc_gain_1,1.0,136.5,0.10202460265446044,0.019389028373283476,6.003485144242212,0.10174211677819286,0.01927068539915791,6.004526099253474,0.1811022463138618,-0.0012216699218750016,-0.1648212145996094,0.11110224631386179,0.2511022463138618,-0.08,0.08,-0.07907764365940136,0.020610698295158478,6.168306358841821,0.004586495249679971,0.004586495249679971,not_applicable,0.0,,False,-12232.342065731777,-0.05003357829490185,0.8602762791016343,-0.0907298628507836,0.17160167106013582,0.17160266959778178,0.17160266959778178,-3.9061230911241474e-05,False,False,45276.817810058594,2971.468683956373,10.07045324590077,0.0018431454672432938,8137.1426984512755,1.1271201633807792,1.057845439337298,0.8291739104917131,1.0497015221724948,0.165381683907133,1.0,0.00030848479803221776,0.0006562873235056894,0.001380134036191736,-0.02273632069936974,0.05238554387091182,0.0011889161663444536,-1809.8046884581565,True
11,moderate,66,residual_horizon_nmpc_gain_1,1.0,137.0,0.1005186525820644,0.01914542422767607,6.013118670900545,0.10045257259140529,0.018151535750626085,6.013153772883366,0.18030698253193092,-0.0012000561523436981,-0.165426669921875,0.11030698253193091,0.25030698253193095,-0.08,0.08,-0.07978832994986652,0.020345480380019768,6.178545340822421,0.004593458358210404,0.004593458358210404,not_applicable,0.0,,False,-8450.221640239484,-0.03157092176109237,0.86159839444778,-0.0907298628507836,-0.0907298628507836,-0.07797001308429702,0.08160266959778179,-0.18,False,True,45185.99951171875,2964.5546123349086,10.047021117748553,0.0018697313394364313,8216.145513325771,1.1271201633807792,1.057845439337298,0.8291739104917131,1.0497015221724948,0.165381683907133,1.0,0.00030848479803221776,0.0006562873235056894,0.001380134036191736,-0.02273632069936974,0.05238554387091182,0.0011889161663444536,-1809.8046884581565,True
11,moderate,66,residual_horizon_nmpc_gain_1,1.0,137.5,0.09907246092217319,0.018977433640227914,6.02264930156637,0.09912336919107123,0.019582896681836524,6.022609952094898,0.1795228123826071,-0.0011782519531250424,-0.1660212707519531,0.10952281238260708,0.2495228123826071,-0.08,0.08,-0.0804503514604339,0.020155685593352957,6.188670572318323,0.004603864135898389,0.004603864135898389,not_applicable,0.0,,False,-4585.850130262586,-0.01307376515355174,0.862897360809448,-0.0907298628507836,-0.0907298628507836,-0.09010922398246013,-0.008397330402218212,-0.18,False,True,45096.80938720703,2957.7694000875917,10.024025700341314,0.001896213781678107,8294.41815703917,1.1271201633807792,1.057845439337298,0.8291739104917131,1.0497015221724948,0.165381683907133,1.0,0.00030848479803221776,0.0006562873235056894,0.001380134036191736,-0.02273632069936974,0.05238554387091182,0.0011889161663444536,-1809.8046884581565,True
11,moderate,66,residual_horizon_nmpc_gain_1,1.0,138.0,0.0977159974434813,0.018886679540362876,6.032115250574412,0.0973201073093188,0.01852352975438123,6.0290250842930195,0.17875000000000002,-0.0011562573242187568,-0.16660492187500003,0.10875000000000001,0.24875000000000003,-0.08,0.08,-0.08103400255651871,0.020042936864581633,6.198720172449412,0.004612472690437004,0.004612472690437004,Solve_Succeeded,0.054893082997296005,4622.5865422849265,False,-973.4877134437378,0.0039021690576337593,0.8641729331139841,-0.11083286397020635,-0.0907298628507836,-0.0906996749871392,-0.0906996749871392,-0.16460468916984197,False,False,45009.26171875,2951.1139340230284,10.001469999116953,0.00192257330593655,8371.916068728888,1.1271201633807792,1.057845439337298,0.8291739104917131,1.0497015221724948,0.165381683907133,1.0,0.00030848479803221776,0.0006562873235056894,0.001380134036191736,-0.02273632069936974,0.05238554387091182,0.0011889161663444536,-1809.8046884581565,True
11,moderate,66,residual_horizon_nmpc_gain_1,1.0,138.5,0.09647526710498339,0.01886810160902199,6.041553872721581,0.09649355436310304,0.018708441759524314,6.042399855982837,0.1779888095182194,-0.0011340722656249524,-0.16717752807617187,0.1079888095182194,0.24798880951821942,-0.08,0.08,-0.08151354241323602,0.020002173874646943,6.2087314007977525,0.004632325767012509,0.004632325767012509,not_applicable,0.0,,False,-867.6622978799081,0.004356042592431398,0.8654248668484424,-0.11083286397020635,-0.0907298628507836,-0.09072839451362665,-0.09072839451362665,-5.743905297489471e-05,False,False,44923.37078857422,2944.589099869325,9.979357015851507,0.0019487900672010268,8448.59441822421,1.1271201633807792,1.057845439337298,0.8291739104917131,1.0497015221724948,0.165381683907133,1.0,0.00030848479803221776,0.0006562873235056894,0.001380134036191736,-0.02273632069936974,0.05238554387091182,0.0011889161663444536,-1809.8046884581565,True
11,moderate,66,residual_horizon_nmpc_gain_1,1.0,139.0,0.09535547928225349,0.018851560310726594,6.0509837216131475,0.09566527986985454,0.01778864485682758,6.051716619764719,0.17723950507137493,-0.0011116967773437958,-0.167738994140625,0.10723950507137492,0.24723950507137493,-0.08,0.08,-0.08188402578912143,0.01996325708807039,6.218722715753772,0.004646336927124219,0.004646336927124219,not_applicable,0.0,,False,69.47700964891715,0.00861167604218603,0.8666529180860374,-0.11083286397020635,-0.11083286397020635,-0.10985498292927533,-0.10985498292927533,-0.038253176831297364,False,False,44839.15087890625,2938.19578228022,9.957689748679924,0.0019748438811158222,8524.408137590945,1.1271201633807792,1.057845439337298,0.8291739104917131,1.0497015221724948,0.165381683907133,1.0,0.00030848479803221776,0.0006562873235056894,0.001380134036191736,-0.02273632069936974,0.05238554387091182,0.0011889161663444536,-1809.8046884581565,True
11,moderate,66,residual_horizon_nmpc_gain_1,1.0,139.5,0.09434900942521293,0.018853686751492894,6.060409973023651,0.09430823926457486,0.01914286785138326,6.059065991079144,0.1765023507935763,-0.0010891308593750093,-0.16828922485351566,0.10650235079357628,0.2465023507935763,-0.08,0.08,-0.08215334136836336,0.019942817610867903,6.228699197877167,0.004656982123267057,0.004656982123267057,not_applicable,0.0,,False,209.60669212428297,0.009173205656536428,0.867856843512781,-0.11083286397020635,-0.11083286397020635,-0.11078529985356664,-0.11078529985356664,-0.0018606338485826213,False,False,44756.616271972656,2931.934864841167,9.93647119211668,0.0020007142427568374,8599.311953481905,1.1271201633807792,1.057845439337298,0.8291739104917131,1.0497015221724948,0.165381683907133,1.0,0.00030848479803221776,0.0006562873235056894,0.001380134036191736,-0.02273632069936974,0.05238554387091182,0.0011889161663444536,-1809.8046884581565,True
11,moderate,66,residual_horizon_nmpc_gain_1,1.0,140.0,0.09344904993405605,0.01885854348662393,6.06983797616353,0.09288729594838106,0.019416889148505638,6.070974877659567,0.17577761081893314,-0.0010663745117187595,-0.168828125,0.10577761081893314,0.24577761081893315,-0.08,0.08,-0.0823285608848771,0.01992491799834269,6.23866610116353,0.004687358563618587,0.004687358563618587,Solve_Succeeded,0.057919915998354554,4979.074617880718,False,304.07784695147006,0.009520472410400082,0.8690364004543025,0.20448844777641004,-0.11083286397020635,-0.11083055045240917,-0.11083055045240917,-9.05011976850556e-05,False,False,44675.78125,2925.80723007535,9.91570433707618,0.0020263803465478264,8673.260420274513,1.1271201633807792,1.057845439337298,0.8291739104917131,1.0497015221724948,0.165381683907133,1.0,0.00030848479803221776,0.0006562873235056894,0.001380134036191736,-0.02273632069936974,0.05238554387091182,0.0011889161663444536,-1809.8046884581565,True
11,moderate,66,residual_horizon_nmpc_gain_1,1.0,140.5,0.09264557965077778,0.018865223385925528,6.079268868898547,0.09251037737518913,0.019319009975556314,6.077853610133421,0.1750655492815552,-0.001043427734374991,-0.16935559936523442,0.1050655492815552,0.24506554928155522,-0.08,0.08,-0.08241996963077743,0.01990865112030052,6.248624468263781,0.004685003044756098,0.004685003044756098,not_applicable,0.0,,False,390.31079958759324,0.009826202590200069,0.8701913469028518,0.20448844777641004,-0.11083286397020635,-0.11083275144074137,-0.11083275144074137,-4.401976664403229e-06,False,False,44596.660095214844,2919.813759449646,9.895392170892935,0.0020518211073102554,8746.207953975967,1.1271201633807792,1.057845439337298,0.8291739104917131,1.0497015221724948,0.165381683907133,1.0,0.00030848479803221776,0.0006562873235056894,0.001380134036191736,-0.02273632069936974,0.05238554387091182,0.0011889161663444536,-1809.8046884581565,True
11,moderate,66,residual_horizon_nmpc_gain_1,1.0,141.0,0.09192937214495556,0.01887356737028225,6.08870352257469,0.0921910886052502,0.01871555560019293,6.088523238913442,0.17436643031555224,-0.0010202905273437035,-0.169871552734375,0.10436643031555223,0.24436643031555225,-0.08,0.08,-0.08243705817059668,0.019893857897625954,6.258575075309065,0.004701671098191498,0.004701671098191498,not_applicable,0.0,,False,-3639.394643622597,-0.008104726160965827,0.8713214415444862,0.20448844777641004,0.20448844777641004,0.1891512301898414,-0.02083275144074137,0.18,False,True,44519.26708984375,2913.9553333805284,9.875537677341596,0.0020770151824375544,8818.108866875546,1.1271201633807792,1.057845439337298,0.8291739104917131,1.0497015221724948,0.165381683907133,1.0,0.00030848479803221776,0.0006562873235056894,0.001380134036191736,-0.02273632069936974,0.05238554387091182,0.0011889161663444536,-1809.8046884581565,True
11,moderate,66,residual_horizon_nmpc_gain_1,1.0,141.5,0.09127228193254806,0.018801272560926226,6.098122191820415,0.091298308162936,0.018286420198409942,6.097025971674595,0.17368051805503382,-0.0009969628906250083,-0.17037588989257813,0.10368051805503381,0.24368051805503382,-0.08,0.08,-0.08240823612248575,0.019798235451551235,6.268498081712993,0.004717451223718534,0.004717451223718534,not_applicable,0.0,,False,-7749.476011169911,-0.026101987511678602,0.8724264437864387,0.20448844777641004,0.20448844777641004,0.20374244578262796,0.06916724855925863,0.18,False,True,44443.61651611328,2908.2328312399127,9.856143836656756,0.002101940995181263,8888.917402922583,1.1271201633807792,1.057845439337298,0.8291739104917131,1.0497015221724948,0.165381683907133,1.0,0.00030848479803221776,0.0006562873235056894,0.001380134036191736,-0.02273632069936974,0.05238554387091182,0.0011889161663444536,-1809.8046884581565,True
11,moderate,66,residual_horizon_nmpc_gain_1,1.0,142.0,0.09062958797071158,0.01864676461910473,6.107484160922693,0.09106242860421157,0.018397879450166178,6.109479242215355,0.17300807663410972,-0.0009734448242187388,-0.170868515625,0.10300807663410971,0.24300807663410973,-0.08,0.08,-0.08237848866339814,0.019620209443323468,6.278352676547693,0.004737367687385328,0.004737367687385328,Solve_Succeeded,0.058228000008966774,4759.225504234555,False,-11934.990802795575,-0.04414926689088824,0.87350611378467,0.08879741922794199,0.20448844777641004,0.2044521622525472,0.15916724855925862,0.18,False,True,44369.72265625,2902.64713136095,9.837213625552586,0.002126576759033272,8958.587773808174,1.1271201633807792,1.057845439337298,0.8291739104917131,1.0497015221724948,0.165381683907133,1.0,0.00030848479803221776,0.0006562873235056894,0.001380134036191736,-0.02273632069936974,0.05238554387091182,0.0011889161663444536,-1809.8046884581565,True
11,moderate,66,residual_horizon_nmpc_gain_1,1.0,142.5,0.08996050566426911,0.01840856581910954,6.116747951336078,0.08957055899206202,0.018580868543582308,6.1168461407014325,0.17234937018688956,-0.000949736328125006,-0.17134933471679686,0.10234937018688955,0.24234937018688957,-0.08,0.08,-0.08238886452262045,0.019358302147234545,6.288097286052874,0.004756532679342111,0.004756532679342111,not_applicable,0.0,,False,-14094.56512795479,-0.053159356427464936,0.8745602124716015,0.08879741922794199,0.20448844777641004,0.20448668284916724,0.20448668284916724,0.09063886857981723,False,False,44297.59979248047,2897.199111043762,9.818750017242264,0.002150900503184819,9027.074195727268,1.1271201633807792,1.057845439337298,0.8291739104917131,1.0497015221724948,0.165381683907133,1.0,0.00030848479803221776,0.0006562873235056894,0.001380134036191736,-0.02273632069936974,0.05238554387091182,0.0011889161663444536,-1809.8046884581565,True
11,moderate,66,residual_horizon_nmpc_gain_1,1.0,143.0,0.0892379302437577,0.018127218262507114,6.125881851440938,0.08942387605136953,0.017877696303532448,6.126268184400256,0.1717046628474831,-0.0009258374023437543,-0.171818251953125,0.10170466284748308,0.2417046628474831,-0.08,0.08,-0.08246673260372539,0.019053055664850868,6.297700103394063,0.004764323299899641,0.004764323299899641,not_applicable,0.0,,False,-9880.205672136342,-0.03466445645781398,0.8755885015840311,0.08879741922794199,0.08879741922794199,0.0944245429766586,0.11448668284916724,-0.18,False,True,44227.26220703125,2891.8896465611238,9.800755981457243,0.002174890099039547,9094.330926797677,1.1271201633807792,1.057845439337298,0.8291739104917131,1.0497015221724948,0.165381683907133,1.0,0.00030848479803221776,0.0006562873235056894,0.001380134036191736,-0.02273632069936974,0.05238554387091182,0.0011889161663444536,-1809.8046884581565,True
11,moderate,66,residual_horizon_nmpc_gain_1,1.0,143.5,0.08847773673588595,0.017930195592489675,6.134896156305931,0.0880118348460203,0.017592458616402854,6.133526727813354,0.17107421875,-0.0009017480468749839,-0.17227517211914062,0.10107421875,0.24107421875,-0.08,0.08,-0.08259648201411406,0.01883194363936466,6.307171328425071,0.004773917116969277,0.004773917116969277,not_applicable,0.0,,False,-8671.128308588295,-0.02925887731598292,0.8765907436912289,0.08879741922794199,0.08879741922794199,0.0890711224281546,0.0890711224281546,-0.05083112084202529,False,False,44158.724182128906,2886.719613164095,9.783234484466332,0.00219852328775421,9160.31230511107,1.1271201633807792,1.057845439337298,0.8291739104917131,1.0497015221724948,0.165381683907133,1.0,0.00030848479803221776,0.0006562873235056894,0.001380134036191736,-0.02273632069936974,0.05238554387091182,0.0011889161663444536,-1809.8046884581565,True
11,moderate,66,residual_horizon_nmpc_gain_1,1.0,144.0,0.08770927477848096,0.017757366295439173,6.143817997323517,0.08762789797277083,0.018603130631388482,6.145361602581098,0.17045830202855,-0.0008774682617187501,-0.17271999999999998,0.10045830202855,0.24045830202855,-0.08,0.08,-0.08274902725006904,0.018634834557157923,6.316537997323517,0.0048064625237253635,0.0048064625237253635,Solve_Succeeded,0.051672832982148975,5020.205108912485,False,-8649.941631024807,-0.028964079946580547,0.8775667022232162,0.2693821322957166,0.08879741922794199,0.08881073214678863,0.08881073214678863,-0.0005207805627319428,False,False,44092.0,2881.6898850875914,9.766188489094581,0.0022217777087771245,9224.972787390545,1.1271201633807792,1.057845439337298,0.8291739104917131,1.0497015221724948,0.165381683907133,1.0,0.00030848479803221776,0.0006562873235056894,0.001380134036191736,-0.02273632069936974,0.05238554387091182,0.0011889161663444536,-1809.8046884581565,True
11,moderate,66,residual_horizon_nmpc_gain_1,1.0,144.5,0.08693913193164778,0.01758496608758216,6.152653530522547,0.08717300942502049,0.01674233035262002,6.152858066730428,0.1698571768172427,-0.0008529980468749976,-0.17315264038085937,0.09985717681724268,0.2398571768172427,-0.08,0.08,-0.08291804488559491,0.01843796413445716,6.325806170903406,0.004803751114264072,0.004803751114264072,not_applicable,0.0,,False,-8638.59741155577,-0.02871899742805234,0.8785161414992242,0.2693821322957166,0.08879741922794199,0.08879806676808065,0.08879806676808065,-2.5330757415953364e-05,False,False,44027.103942871094,2876.8013355559106,9.749620954742001,0.0022446309293507635,9288.266988228595,1.1271201633807792,1.057845439337298,0.8291739104917131,1.0497015221724948,0.165381683907133,1.0,0.00030848479803221776,0.0006562873235056894,0.001380134036191736,-0.02273632069936974,0.05238554387091182,0.0011889161663444536,-1809.8046884581565,True
11,moderate,66,residual_horizon_nmpc_gain_1,1.0,145.0,0.08616763893786078,0.01741279777801871,6.161402921177047,0.0859093361511878,0.017467733150557618,6.16101441686471,0.16927110725018785,-0.0008283374023437817,-0.17357299804687498,0.09927110725018784,0.23927110725018785,-0.08,0.08,-0.08310346831232707,0.01824113518036249,6.334975919223922,0.004822199445135386,0.004822199445135386,not_applicable,0.0,,False,-13024.462909757274,-0.0468519328453274,0.8794388267563331,0.2693821322957166,0.2693821322957166,0.2605985265231242,0.17879806676808063,0.17999999999999997,False,True,43964.05029296875,2872.054836788207,9.733534837402127,0.002267060474941205,9350.14971987834,1.1271201633807792,1.057845439337298,0.8291739104917131,1.0497015221724948,0.165381683907133,1.0,0.00030848479803221776,0.0006562873235056894,0.001380134036191736,-0.02273632069936974,0.05238554387091182,0.0011889161663444536,-1809.8046884581565,True
11,moderate,66,residual_horizon_nmpc_gain_1,1.0,145.5,0.08537384571635721,0.01715292901392141,6.170044300734103,0.08494104410472268,0.01699568017422534,6.169960358292216,0.16870035746149514,-0.0008034863281249915,-0.17398097778320315,0.09870035746149514,0.23870035746149515,-0.08,0.08,-0.08332651174513793,0.0179564153420464,6.344025278517306,0.0048445502710123545,0.0048445502710123545,not_applicable,0.0,,False,-17472.48086716464,-0.06501443547272624,0.8803345241782927,0.2693821322957166,0.2693821322957166,0.2689548978653537,0.2687980667680806,0.17999999999999994,False,True,43902.85333251953,2867.45126000391,9.717933089680376,0.0022890438605535227,9410.576032570238,1.1271201633807792,1.057845439337298,0.8291739104917131,1.0497015221724948,0.165381683907133,1.0,0.00030848479803221776,0.0006562873235056894,0.001380134036191736,-0.02273632069936974,0.05238554387091182,0.0011889161663444536,-1809.8046884581565,True
11,moderate,66,residual_horizon_nmpc_gain_1,1.0,146.0,0.08451825622286734,0.016804148531359076,6.178533513535227,0.0848781992755494,0.015860201511450137,6.1795178884140824,0.16814519158527425,-0.0007784448242186826,-0.17437648437499997,0.09814519158527424,0.23814519158527425,-0.08,0.08,-0.08362693536240691,0.01758259335557776,6.352909997910227,0.004840676381692026,0.004840676381692026,Solve_Succeeded,0.05319145799148828,5471.682522002057,False,-17541.402314053106,-0.06489418140202574,0.8812030009245224,-0.09120194317580643,0.2693821322957166,0.26936135162053454,0.26936135162053454,0.001126569704907876,False,False,43843.52734375,2862.991475428098,9.702818660812255,0.0023105586228884117,9469.501255325487,1.1271201633807792,1.057845439337298,0.8291739104917131,1.0497015221724948,0.165381683907133,1.0,0.00030848479803221776,0.0006562873235056894,0.001380134036191736,-0.02273632069936974,0.05238554387091182,0.0011889161663444536,-1809.8046884581565,True
11,moderate,66,residual_horizon_nmpc_gain_1,1.0,146.5,0.08358632744381884,0.01645405534970356,6.186848002518633,0.08324164318713037,0.017225838961102424,6.189389356388864,0.16760587375563488,-0.0007532128906250213,-0.17475942260742183,0.09760587375563487,0.23760587375563488,-0.08,0.08,-0.08401954631181603,0.01720726824032858,6.361607425126055,0.004874940851111932,0.004874940851111932,not_applicable,0.0,,False,-17573.88019744182,-0.06463649510924006,0.8820440251592905,-0.09120194317580643,0.2693821322957166,0.2693811215240411,0.2693811215240411,3.9539807013100337e-05,False,False,43786.08660888672,2858.67635229682,9.68819449668141,0.002331582353291782,9526.881037236892,1.1271201633807792,1.057845439337298,0.8291739104917131,1.0497015221724948,0.165381683907133,1.0,0.00030848479803221776,0.0006562873235056894,0.001380134036191736,-0.02273632069936974,0.05238554387091182,0.0011889161663444536,-1809.8046884581565,True
11,moderate,66,residual_horizon_nmpc_gain_1,1.0,147.0,0.08258556461099305,0.01610337287904917,6.194987292638586,0.08228734779844182,0.0153478910583214,6.1942218775122555,0.16708266810668673,-0.0007277905273437857,-0.175129697265625,0.09708266810668673,0.23708266810668674,-0.08,0.08,-0.08449710349569368,0.016831163406392957,6.3701169899042105,0.004874307583848478,0.004874307583848478,not_applicable,0.0,,False,-13070.662621461439,-0.04590340679993543,0.8828573660810748,-0.09120194317580643,-0.09120194317580643,-0.07366318924786402,0.1793811215240411,-0.18,False,True,43730.54541015625,2854.506758862366,9.674063539837478,0.002352092731445298,9582.671389186728,1.1271201633807792,1.057845439337298,0.8291739104917131,1.0497015221724948,0.165381683907133,1.0,0.00030848479803221776,0.0006562873235056894,0.001380134036191736,-0.02273632069936974,0.05238554387091182,0.0011889161663444536,-1809.8046884581565,True
11,moderate,66,residual_horizon_nmpc_gain_1,1.0,147.5,0.08154472614098342,0.015842797092825905,6.202973765182262,0.08183863264429309,0.01564961829159744,6.202816156350238,0.16657583877253945,-0.0007021777343750313,-0.17548721313476562,0.09657583877253945,0.23657583877253946,-0.08,0.08,-0.08503111263155604,0.016544974827200937,6.378460978317027,0.004881889681166311,0.004881889681166311,not_applicable,0.0,,False,-8501.229361994883,-0.02712342241858192,0.8836427939521009,-0.09120194317580643,-0.09120194317580643,-0.090348858493083,0.0893811215240411,-0.18,False,True,43676.918029785156,2850.4835623984977,9.660428729513812,0.0023720675597422927,9636.828725970718,1.1271201633807792,1.057845439337298,0.8291739104917131,1.0497015221724948,0.165381683907133,1.0,0.00030848479803221776,0.0006562873235056894,0.001380134036191736,-0.02273632069936974,0.05238554387091182,0.0011889161663444536,-1809.8046884581565,True
11,moderate,66,residual_horizon_nmpc_gain_1,1.0,148.0,0.08051096331029602,0.015673613841166535,6.210852798117228,0.08020571376012012,0.017430068064001318,6.209476722267619,0.1660856498873028,-0.0006763745117187581,-0.17583187500000003,0.09608564988730278,0.2360856498873028,-0.08,0.08,-0.08557468657700677,0.016349988352885293,6.386684673117228,0.004894449482576923,0.004894449482576923,Solve_Succeeded,0.05685129202902317,6204.330175619055,False,-3871.998814590862,-0.008313745644458186,0.8844000801280599,0.12709782137451064,-0.09120194317580643,-0.091160449151836,-0.0006188784759589006,-0.18,False,True,43625.21875,2846.6076292056214,9.647293001645018,0.0023914847982898827,9689.30990879606,1.1271201633807792,1.057845439337298,0.8291739104917131,1.0497015221724948,0.165381683907133,1.0,0.00030848479803221776,0.0006562873235056894,0.001380134036191736,-0.02273632069936974,0.05238554387091182,0.0011889161663444536,-1809.8046884581565,True
11,moderate,66,residual_horizon_nmpc_gain_1,1.0,148.5,0.07952709420691374,0.015596983557204095,6.218670380739357,0.07945780827347351,0.015628201749743918,6.218580511563911,0.16561236558508644,-0.000650380859374966,-0.17616358764648438,0.09561236558508643,0.23561236558508644,-0.08,0.08,-0.08608527137817269,0.016247364416579063,6.394833968385841,0.004902363259393264,0.004902363259393264,not_applicable,0.0,,False,810.7791834418765,0.010509835498956448,0.8851289970880061,0.12709782137451064,-0.09120194317580643,-0.09119992490720998,-0.0906188784759589,-0.18,False,True,43575.461853027344,2842.879824615921,9.634659288884347,0.002410322600474638,9740.072288120904,1.1271201633807792,1.057845439337298,0.8291739104917131,1.0497015221724948,0.165381683907133,1.0,0.00030848479803221776,0.0006562873235056894,0.001380134036191736,-0.02273632069936974,0.05238554387091182,0.0011889161663444536,-1809.8046884581565,True
11,moderate,66,residual_horizon_nmpc_gain_1,1.0,149.0,0.07863199649507895,0.01561394441279405,6.226473051770893,0.07888634709768799,0.01595997730790961,6.228680378720172,0.16515625,-0.0006241967773437107,-0.176482255859375,0.09515625,0.23515625,-0.08,0.08,-0.08652425350492106,0.01623814119013776,6.402955307630267,0.00491954020607864,0.00491954020607864,not_applicable,0.0,,False,-3735.997053995906,-0.0076863134577366855,0.8858293184644305,0.12709782137451064,0.12709782137451064,0.1164798228330469,-0.0006188784759589006,0.18,False,True,43527.66162109375,2839.3010129984405,9.622530520620925,0.0024285593490257643,9789.073746801641,1.1271201633807792,1.057845439337298,0.8291739104917131,1.0497015221724948,0.165381683907133,1.0,0.00030848479803221776,0.0006562873235056894,0.001380134036191736,-0.02273632069936974,0.05238554387091182,0.0011889161663444536,-1809.8046884581565,True
11,moderate,66,residual_horizon_nmpc_gain_1,1.0,149.5,0.07781623318416357,0.015539901823064639,6.234261457453053,0.07794425250200326,0.015719943618105033,6.2356158836216355,0.16471756726615328,-0.0005978222656249921,-0.1767877844238281,0.09471756726615327,0.23471756726615328,-0.08,0.08,-0.0869013340819897,0.01613772408868963,6.411049241876881,0.0049342847482519575,0.0049342847482519575,not_applicable,0.0,,False,-8340.978859812443,-0.025937059465616134,0.8865008190735161,0.12709782137451064,0.12709782137451064,0.12658136211211848,0.0893811215240411,0.18,False,True,43481.83233642579,2835.872057764125,9.61090962299683,0.002446173692506367,9836.272743513422,1.1271201633807792,1.057845439337298,0.8291739104917131,1.0497015221724948,0.165381683907133,1.0,0.00030848479803221776,0.0006562873235056894,0.001380134036191736,-0.02273632069936974,0.05238554387091182,0.0011889161663444536,-1809.8046884581565,True
11,moderate,66,residual_horizon_nmpc_gain_1,1.0,150.0,0.07702817826089317,0.015373734157446695,6.241989812165268,0.0768073498321524,0.015271679521042697,6.242111344561661,0.16429658151765592,-0.0005712573242187546,-0.17708007812499998,0.09429658151765591,0.23429658151765592,-0.08,0.08,-0.08726840325676274,0.01594499148166545,6.419069890290268,0.004940922066437106,0.004940922066437106,Solve_Succeeded,0.05713108298368752,7251.618213141085,False,-10271.604983662166,-0.03344985888049895,0.8871432749455687,-0.1488409173101608,0.12709782137451064,0.12707270080506725,0.12707270080506725,0.0753831585620523,False,False,43437.98828125,2832.59382137081,9.599799518924007,0.002463144582160298,9881.628356408664,1.1271201633807792,1.057845439337298,0.8291739104917131,1.0497015221724948,0.165381683907133,1.0,0.00030848479803221776,0.0006562873235056894,0.001380134036191736,-0.02273632069936974,0.05238554387091182,0.0011889161663444536,-1809.8046884581565,True
11,moderate,66,residual_horizon_nmpc_gain_1,1.0,150.5,0.07623422630637036,0.015168959584237094,6.2496254306484404,0.07631364780641982,0.015284652058674984,6.247694889634881,0.1638935568886176,-0.0005445019531249984,-0.17735904174804684,0.09389355688861759,0.2338935568886176,-0.08,0.08,-0.08765933058224723,0.01571346153736209,6.426984472396487,0.004956274585105669,0.004956274585105669,not_applicable,0.0,,False,-10247.215622586364,-0.03320735849072946,0.8877564633556255,-0.1488409173101608,0.12709782137451064,0.12709659951045454,0.12709659951045454,4.779741077459709e-05,False,False,43396.14373779297,2829.467165328174,9.589203128101051,0.0024794513090388415,9925.100326977048,1.1271201633807792,1.057845439337298,0.8291739104917131,1.0497015221724948,0.165381683907133,1.0,0.00030848479803221776,0.0006562873235056894,0.001380134036191736,-0.02273632069936974,0.05238554387091182,0.0011889161663444536,-1809.8046884581565,True
11,moderate,66,residual_horizon_nmpc_gain_1,1.0,151.0,0.0754261401584197,0.014964687561125099,6.25715878627133,0.07564222430647945,0.014175731135283373,6.25495116377939,0.16350875751314803,-0.0005175561523437788,-0.17762458007812498,0.09350875751314802,0.23350875751314804,-0.08,0.08,-0.08808261735472833,0.015482243713468877,6.434783366349455,0.004963714807818917,0.004963714807818917,not_applicable,0.0,,False,-5482.058731971246,-0.014392743446355754,0.8883401628542431,-0.1488409173101608,-0.1488409173101608,-0.13541932134299367,0.03709659951045455,-0.18,False,True,43356.31298828125,2826.4929502026407,9.579123367029817,0.0024950735413287934,9966.649104069937,1.1271201633807792,1.057845439337298,0.8291739104917131,1.0497015221724948,0.165381683907133,1.0,0.00030848479803221776,0.0006562873235056894,0.001380134036191736,-0.02273632069936974,0.05238554387091182,0.0011889161663444536,-1809.8046884581565,True
11,moderate,66,residual_horizon_nmpc_gain_1,1.0,151.5,0.07462848659653588,0.014855718052695553,6.264613832069531,0.07469842568750143,0.015125747819933127,6.267892777328919,0.1631424475253569,-0.0004904199218750405,-0.17787659790039062,0.09314244752535689,0.2331424475253569,-0.08,0.08,-0.08851396092882101,0.015346137974570594,6.442490429969922,0.004982471937469757,0.004982471937469757,not_applicable,0.0,,False,-672.0108865038812,0.004441737221277698,0.8888941532984604,-0.1488409173101608,-0.1488409173101608,-0.14818809111826975,-0.05290340048954545,-0.18,False,True,43318.510314941406,2823.6720356222395,9.569563149031898,0.0025099913618004607,10006.235888050562,1.1271201633807792,1.057845439337298,0.8291739104917131,1.0497015221724948,0.165381683907133,1.0,0.00030848479803221776,0.0006562873235056894,0.001380134036191736,-0.02273632069936974,0.05238554387091182,0.0011889161663444536,-1809.8046884581565,True
11,moderate,66,residual_horizon_nmpc_gain_1,1.0,152.0,0.07388551307025235,0.014842911019434257,6.27203843740047,0.07345945395952322,0.014716953830379114,6.271067830387775,0.1627948910593539,-0.0004630932617187278,-0.17811500000000002,0.0927948910593539,0.23279489105935391,-0.08,0.08,-0.08890937798910156,0.015306004281152984,6.45015343740047,0.004989148733865403,0.004989148733865403,Solve_Succeeded,0.05993037496227771,8304.043784010242,False,4175.927036007532,0.0232797464722483,0.8894182158829406,-0.17761381485918626,-0.1488409173101608,-0.14880916385566392,-0.14290340048954545,-0.18,False,True,43282.75,2821.0052802814257,9.56052538426496,0.0025241853052917567,10043.822675031022,1.1271201633807792,1.057845439337298,0.8291739104917131,1.0497015221724948,0.165381683907133,1.0,0.00030848479803221776,0.0006562873235056894,0.001380134036191736,-0.02273632069936974,0.05238554387091182,0.0011889161663444536,-1809.8046884581565,True
11,moderate,66,residual_horizon_nmpc_gain_1,1.0,152.5,0.07323723190328493,0.014926989616391753,6.279480867136345,0.07296060476795962,0.01382234329536248,6.277743671564554,0.16246635224924869,-0.0004355761718750073,-0.17833969116210935,0.09246635224924868,0.2324663522492487,-0.08,0.08,-0.08922912034596375,0.01536256578826676,6.4578205582984545,0.0049996585380645345,0.0049996585380645345,not_applicable,0.0,,False,4573.357404003145,0.02473787670370984,0.8899121331712881,-0.17761381485918626,-0.1488409173101608,-0.1488393728226923,-0.1488393728226923,-0.01187194466629371,False,False,43249.046325683594,2818.4935419458525,9.55201297973891,0.0025376363961420114,10079.372301155367,1.1271201633807792,1.057845439337298,0.8291739104917131,1.0497015221724948,0.165381683907133,1.0,0.00030848479803221776,0.0006562873235056894,0.001380134036191736,-0.02273632069936974,0.05238554387091182,0.0011889161663444536,-1809.8046884581565,True
11,moderate,66,residual_horizon_nmpc_gain_1,1.0,153.0,0.07269819039105652,0.01501892531814222,6.286967307986621,0.07239147381683628,0.01597000320088769,6.284444713412408,0.162157095229151,-0.000407868652343768,-0.17855057617187503,0.092157095229151,0.232157095229151,-0.08,0.08,-0.08945890483809449,0.015426793970485988,6.465517884158496,0.005011274429636323,0.005011274429636323,not_applicable,0.0,,False,6110.1313795462775,0.030592023904794024,0.8903756891275432,-0.17761381485918626,-0.17761381485918626,-0.1762142265043865,-0.1762142265043865,-0.05474970736338841,False,False,43217.41357421875,2816.1376774571086,9.544028839331956,0.002550326185487019,10112.848486887524,1.1271201633807792,1.057845439337298,0.8291739104917131,1.0497015221724948,0.165381683907133,1.0,0.00030848479803221776,0.0006562873235056894,0.001380134036191736,-0.02273632069936974,0.05238554387091182,0.0011889161663444536,-1809.8046884581565,True
11,moderate,66,residual_horizon_nmpc_gain_1,1.0,153.5,0.07226622379294613,0.015141507504050009,6.29450738576736,0.07248786660308223,0.015067869444122091,6.29304165047574,0.16186738413317056,-0.0003799707031249544,-0.17874755981445312,0.09186738413317055,0.23186738413317057,-0.08,0.08,-0.08960116034022443,0.015521478207174963,6.473254945581813,0.005025684869453435,0.005025684869453435,not_applicable,0.0,,False,6248.168885014624,0.03102897221412929,0.8908086691478525,-0.17761381485918626,-0.17761381485918626,-0.17754573890621358,-0.17754573890621358,-0.002663024803654157,False,False,43187.86602783203,2813.938542737408,9.536575863806503,0.0025622367883247777,10144.215881261123,1.1271201633807792,1.057845439337298,0.8291739104917131,1.0497015221724948,0.165381683907133,1.0,0.00030848479803221776,0.0006562873235056894,0.001380134036191736,-0.02273632069936974,0.05238554387091182,0.0011889161663444536,-1809.8046884581565,True
11,moderate,66,residual_horizon_nmpc_gain_1,1.0,154.0,0.07193794475980658,0.015266762086299394,6.302109429994315,0.07210564950489026,0.014970062009338333,6.302679895170772,0.161597483095417,-0.000351882324218733,-0.17893054687499999,0.09159748309541699,0.231597483095417,-0.08,0.08,-0.08965953833561041,0.015618644410518127,6.481039976869314,0.005040359484556299,0.005040359484556299,Solve_Succeeded,0.05398791702464223,8348.982962368606,False,6307.757342518265,0.031168637504094626,0.8912108600923155,-0.09925776410760434,-0.17761381485918626,-0.17761050364603045,-0.17761050364603045,-0.00012952947963373873,False,False,43160.41796875,2811.8969927942394,9.529656950824899,0.0025733509202597723,10173.440106047627,1.1271201633807792,1.057845439337298,0.8291739104917131,1.0497015221724948,0.165381683907133,1.0,0.00030848479803221776,0.0006562873235056894,0.001380134036191736,-0.02273632069936974,0.05238554387091182,0.0011889161663444536,-1809.8046884581565,True
11,moderate,66,residual_horizon_nmpc_gain_1,1.0,154.5,0.0717034409575327,0.01539312801418481,6.30977438594476,0.07140451387559983,0.01542729005374816,6.309454424642379,0.16134765625,-0.0003236035156249928,-0.17909944213867185,0.09134765624999999,0.23134765625,-0.08,0.08,-0.0896442152924673,0.015716731529809805,6.488873828083432,0.005052979936936056,0.005052979936936056,not_applicable,0.0,,False,6354.078374713045,0.03126337567517677,0.8915820503170069,-0.09925776410760434,-0.17761381485918626,-0.17761365380183658,-0.17761365380183658,-6.300311612250642e-06,False,False,43135.08367919922,2810.013881724981,9.523274994965092,0.0025836519338319932,10200.48779979745,1.1271201633807792,1.057845439337298,0.8291739104917131,1.0497015221724948,0.165381683907133,1.0,0.00030848479803221776,0.0006562873235056894,0.001380134036191736,-0.02273632069936974,0.05238554387091182,0.0011889161663444536,-1809.8046884581565,True
11,moderate,66,residual_horizon_nmpc_gain_1,1.0,155.0,0.07155340768914943,0.015520347537704258,6.317502744230046,0.07166571271569454,0.014351124160907499,6.317507947901256,0.1611181677310293,-0.00029513427734373376,-0.17925415039062498,0.09111816773102929,0.2311181677310293,-0.08,0.08,-0.08956476004187987,0.015815481815047994,6.49675689462067,0.005065321171614158,0.005065321171614158,not_applicable,0.0,,False,2350.187834526144,0.015891884269830476,0.8919220297061744,-0.09925776410760434,-0.09925776410760434,-0.10306899320483354,-0.10306899320483354,0.14908932119400609,False,False,43111.87744140625,2808.2900627214676,9.517432887736097,0.002593123854335845,10225.326661707917,1.1271201633807792,1.057845439337298,0.8291739104917131,1.0497015221724948,0.165381683907133,1.0,0.00030848479803221776,0.0006562873235056894,0.001380134036191736,-0.02273632069936974,0.05238554387091182,0.0011889161663444536,-1809.8046884581565,True
11,moderate,66,residual_horizon_nmpc_gain_1,1.0,155.5,0.0714599239706536,0.015567435533904894,6.325274683356381,0.07126231060435073,0.014973064563188459,6.326477709630718,0.1609092816726146,-0.00026647460937501144,-0.17939457641601558,0.09090928167261458,0.2309092816726146,-0.08,0.08,-0.089449357701961,0.015833910143279905,6.504669259772396,0.005080180035115692,0.005080180035115692,not_applicable,0.0,,False,2172.8179056993713,0.01518075001190047,0.8922305897046117,-0.09925776410760434,-0.09925776410760434,-0.09944314222389208,-0.09944314222389208,0.007251701961882906,False,False,43090.81353759766,2806.7263880745245,9.512133517593359,0.00260175141503298,10247.925495270214,1.1271201633807792,1.057845439337298,0.8291739104917131,1.0497015221724948,0.165381683907133,1.0,0.00030848479803221776,0.0006562873235056894,0.001380134036191736,-0.02273632069936974,0.05238554387091182,0.0011889161663444536,-1809.8046884581565,True
11,moderate,66,residual_horizon_nmpc_gain_1,1.0,156.0,0.07139761361173469,0.015610948883552711,6.33306927503207,0.07136021311679645,0.015869915095115948,6.334638059779489,0.1607212622088655,-0.0002376245117187703,-0.179520625,0.0907212622088655,0.23072126220886552,-0.08,0.08,-0.08932364859713082,0.01584857339527148,6.51258990003207,0.005097247213764047,0.005097247213764047,Solve_Succeeded,0.09510787500767037,8160.251413410918,False,2178.6191955279537,0.015172764926737676,0.892507523350207,0.06784151385761912,-0.09925776410760434,-0.09926678089592163,-0.09926678089592163,0.00035272265594091246,False,False,43071.90625,2805.323709178458,9.50737976995398,0.0026095200916625627,10268.254251646526,1.1271201633807792,1.057845439337298,0.8291739104917131,1.0497015221724948,0.165381683907133,1.0,0.00030848479803221776,0.0006562873235056894,0.001380134036191736,-0.02273632069936974,0.05238554387091182,0.0011889161663444536,-1809.8046884581565,True
11,moderate,66,residual_horizon_nmpc_gain_1,1.0,156.5,0.0713624207019475,0.01565455465586818,6.3408856484226925,0.07125583075454829,0.015208787417612746,6.340137621647188,0.16055437347389181,-0.00020858398437501036,-0.17963220092773435,0.09055437347389181,0.23055437347389182,-0.08,0.08,-0.08919195277194432,0.01586313864024319,6.520517849350427,0.005103208641462499,0.005103208641462499,not_applicable,0.0,,False,2190.0838088661267,0.015189707315298158,0.8927526253066658,0.06784151385761912,-0.09925776410760434,-0.09925820268402957,-0.09925820268402957,1.715642378410931e-05,False,False,43055.169860839844,2804.0828765355113,9.503174527211813,0.0026164161361519433,10286.284072726578,1.1271201633807792,1.057845439337298,0.8291739104917131,1.0497015221724948,0.165381683907133,1.0,0.00030848479803221776,0.0006562873235056894,0.001380134036191736,-0.02273632069936974,0.05238554387091182,0.0011889161663444536,-1809.8046884581565,True
11,moderate,66,residual_horizon_nmpc_gain_1,1.0,157.0,0.07135159198017449,0.015698368444450907,6.348723878447942,0.07086882443554306,0.016152668115249822,6.348475570549705,0.16040887960180317,-0.0001793530273437871,-0.179729208984375,0.09040887960180316,0.23040887960180317,-0.08,0.08,-0.08905728762162868,0.015877721471794694,6.528453087432316,0.0051178358383573985,0.0051178358383573985,not_applicable,0.0,,False,-2722.098808081612,-0.003459185872887672,0.8929656918964083,0.06784151385761912,0.06784151385761912,0.059713786582649975,-0.009258202684029576,0.18,False,True,43040.61865234375,2803.004739760278,9.499520668752426,0.002622426609430899,10301.987333812294,1.1271201633807792,1.057845439337298,0.8291739104917131,1.0497015221724948,0.165381683907133,1.0,0.00030848479803221776,0.0006562873235056894,0.001380134036191736,-0.02273632069936974,0.05238554387091182,0.0011889161663444536,-1809.8046884581565,True
11,moderate,66,residual_horizon_nmpc_gain_1,1.0,157.5,0.07133894992843055,0.015643934292629554,6.356559453189713,0.07148007077071164,0.015403495559215531,6.356778535562452,0.16028504472670924,-0.00014993164062498954,-0.17981155395507814,0.09028504472670923,0.23028504472670924,-0.08,0.08,-0.08894609479827868,0.015793865933254544,6.536371007144791,0.005134436284000565,0.005134436284000565,not_applicable,0.0,,False,-6921.878995453108,-0.019358590934971956,0.8931465211336418,0.06784151385761912,0.06784151385761912,0.06744618134585025,0.06744618134585025,0.15340876805975964,False,False,43028.26690673828,2802.0901475840824,9.496421070967946,0.0026275394132525944,10315.337685876855,1.1271201633807792,1.057845439337298,0.8291739104917131,1.0497015221724948,0.165381683907133,1.0,0.00030848479803221776,0.0006562873235056894,0.001380134036191736,-0.02273632069936974,0.05238554387091182,0.0011889161663444536,-1809.8046884581565,True
11,moderate,66,residual_horizon_nmpc_gain_1,1.0,158.0,0.07128160629607885,0.015505538768712116,6.364346817242341,0.07173549293143947,0.0160730907256775,6.364389487988438,0.16018313298271974,-0.00012031982421872867,-0.179879140625,0.09018313298271974,0.23018313298271975,-0.08,0.08,-0.08890152668664089,0.015625858592930843,6.544225957867341,0.005156602018544669,0.005156602018544669,Solve_Succeeded,0.05703941598767415,7783.993641379992,False,-6943.15247380786,-0.019418494697036798,0.8932949127576065,0.20859501879760814,0.06784151385761912,0.06782228489119664,0.06782228489119664,0.0007522070906927913,False,False,43018.12890625,2801.339947859319,9.493878607271759,0.0026317433209251586,10326.310097343525,1.1271201633807792,1.057845439337298,0.8291739104917131,1.0497015221724948,0.165381683907133,1.0,0.00030848479803221776,0.0006562873235056894,0.001380134036191736,-0.02273632069936974,0.05238554387091182,0.0011889161663444536,-1809.8046884581565,True
11,moderate,66,residual_horizon_nmpc_gain_1,1.0,158.5,0.07116461430195098,0.015366770245393624,6.37206488598216,0.07117070540078053,0.015276067714251464,6.3747185980987675,0.16010340850394442,-9.05175781250045e-05,-0.17993187377929687,0.09010340850394441,0.23010340850394442,-0.08,0.08,-0.08893879420199344,0.015457287823518628,6.551996759761456,0.005164159107287722,0.005164159107287722,not_applicable,0.0,,False,-6938.403895931598,-0.019384442701462952,0.8934106682659959,0.20859501879760814,0.06784151385761912,0.06784057856103037,0.06784057856103037,3.658733966746541e-05,False,False,43010.21893310547,2800.754987563758,9.491896148113106,0.0026350280068586666,10334.88089532808,1.1271201633807792,1.057845439337298,0.8291739104917131,1.0497015221724948,0.165381683907133,1.0,0.00030848479803221776,0.0006562873235056894,0.001380134036191736,-0.02273632069936974,0.05238554387091182,0.0011889161663444536,-1809.8046884581565,True
11,moderate,66,residual_horizon_nmpc_gain_1,1.0,159.0,0.07099413525834397,0.015228143846543578,6.379713602129035,0.07119205264158843,0.016555702038872456,6.376670947716036,0.16004613542449286,-6.052490234376151e-05,-0.179969658203125,0.09004613542449286,0.23004613542449287,-0.08,0.08,-0.08905200016614889,0.01528866874888734,6.55968326033216,0.0051728353687204714,0.0051728353687204714,not_applicable,0.0,,False,-11869.175556753838,-0.03799856086876669,0.8934935909485493,0.20859501879760814,0.20859501879760814,0.20174872529896715,0.15784057856103037,0.18,False,True,43004.55126953125,2800.3361128048127,9.490476560991553,0.0026373840748334927,10341.027806286858,1.1271201633807792,1.057845439337298,0.8291739104917131,1.0497015221724948,0.165381683907133,1.0,0.00030848479803221776,0.0006562873235056894,0.001380134036191736,-0.02273632069936974,0.05238554387091182,0.0011889161663444536,-1809.8046884581565,True
11,moderate,66,residual_horizon_nmpc_gain_1,1.0,159.5,0.07075201150021482,0.014990959243862734,6.387268360289104,0.0705204789029649,0.014503739108826639,6.3864680009102655,0.16001157787847484,-3.0341796874999716e-05,-0.17999239868164063,0.09001157787847483,0.23001157787847484,-0.08,0.08,-0.08925956637826002,0.015021301040737733,6.567260758970745,0.0051931245059096826,0.0051931245059096826,not_applicable,0.0,,False,-14622.030618229906,-0.04837995535646477,0.8935434859208204,0.20859501879760814,0.20859501879760814,0.20826201520219223,0.20826201520219223,0.10084287328232372,False,False,43001.140197753906,2800.0841688237724,9.48962271047132,0.0026388030848977155,10344.729996011305,1.1271201633807792,1.057845439337298,0.8291739104917131,1.0497015221724948,0.165381683907133,1.0,0.00030848479803221776,0.0006562873235056894,0.001380134036191736,-0.02273632069936974,0.05238554387091182,0.0011889161663444536,-1809.8046884581565,True
11,moderate,66,residual_horizon_nmpc_gain_1,1.0,160.0,0.07040954660398797,0.01469880267818388,6.394690775876699,0.07069726120840145,0.014786766387426077,6.395493699247621,0.16,-1.5202636718725238e-05,-0.18,0.09,0.23,-0.08,0.08,-0.08959045339601203,0.014714005314902604,6.574690775876698,0.005195758588770184,0.005195758588770184,Solve_Succeeded,0.05739104200620204,8539.739059039537,False,-14611.180993094818,-0.04833320155600714,0.8935601601581166,-0.004139788928372119,0.20859501879760814,0.2085788215085813,0.2085788215085813,0.0006336126127781672,False,False,43000.0,2800.0,9.489337458195521,0.0026392775788030456,10345.96810890794,1.1271201633807792,1.057845439337298,0.8291739104917131,1.0497015221724948,0.165381683907133,1.0,0.00030848479803221776,0.0006562873235056894,0.001380134036191736,-0.02273632069936974,0.05238554387091182,0.0011889161663444536,-1809.8046884581565,True
