scenario_id,tier,seed,controller,time_s,alpha_rad,q_radps,theta_rad,measured_alpha_rad,measured_q_radps,measured_theta_rad,alpha_ref_rad,q_ref_radps,theta_ref_rad,alpha_min_rad,alpha_max_rad,q_min_radps,q_max_radps,alpha_error_rad,q_error_rad,theta_error_rad,solver_status,solve_time_s,nn_inference_time_s,total_loop_time_s,solver_failure,residual_gain,use_residual_model,use_tightened_corridor,predicted_residual_q_dot_first,predicted_residual_q_dot_mean,predicted_residual_q_dot_max_abs,residual_correction_abs,pitching_moment_nm,cm,flap_effectiveness,delta_flap_raw_rad,delta_flap_delayed_rad,delta_flap_lagged_rad,delta_flap_rad,delta_flap_rate_radps,flap_saturated,flap_rate_saturated,altitude_m,velocity_mps,mach,density_kgm3,dynamic_pressure_pa,density_scale,cm_alpha_scale,cm_delta_scale,cm_q_scale,actuator_lag_s,actuator_delay_s,sensor_noise_alpha_rad,sensor_noise_q_radps,sensor_noise_theta_rad,initial_alpha_error_rad,initial_q_error_radps,initial_theta_error_rad,external_disturbance_moment_nm,corridor_violation
16,moderate,71,nominal_nmpc,0.0,0.07116481144650454,0.05269763280022133,0.07507370656458032,0.07526453139867399,0.05258175976242942,0.07462379901830284,0.12,-1.5202636718752993e-05,0.08,0.04999999999999999,0.19,-0.08,0.08,-0.04883518855349546,0.05271283543694008,-0.004926293435419685,Solve_Succeeded,0.038869792013429105,0.0,0.06852624996099621,False,0.0,False,False,0.0,0.0,0.0,0.0,-977.0763964244705,-0.020246797390202548,0.4015798869488264,0.3500000099823617,0.3500000099823617,0.34967985621018016,0.09,0.18,False,True,82000.0,6200.0,21.012104371718653,4.6266159894055265e-06,88.92355931637422,0.9260241032311908,1.0082616506939277,1.104394623500175,1.0539044250163887,0.07146035042271176,0.0,0.0015694963232778622,0.0003021177609268611,0.001776891772332004,-0.04883518855349546,0.05271283543694008,-0.004926293435419682,-930.9857138338967,False
16,moderate,71,nominal_nmpc,0.5,0.08869844738769564,0.05267793725538149,0.10141761169495872,0.08757732328427306,0.052390533711972054,0.10381982225456667,0.12002304098079561,-3.0341796874999716e-05,0.07999239868164063,0.0500230409807956,0.19002304098079562,-0.08,0.08,-0.03132459359309997,0.05270827905225649,0.021425213013318095,held,0.0,0.0,7.800001185387373e-05,False,0.0,False,False,0.0,0.0,0.0,0.0,-1017.6504214670068,-0.03806645128728128,0.40159248685423254,0.3500000099823617,0.3500000099823617,0.3499997171296905,0.18,0.18,False,True,81998.8598022461,6199.7501458924335,21.01125760388222,4.627447920026575e-06,88.93238080875349,0.9260241032311908,1.0082616506939277,1.104394623500175,1.0539044250163887,0.07146035042271176,0.0,0.0015694963232778622,0.0003021177609268611,0.001776891772332004,-0.04883518855349546,0.05271283543694008,-0.004926293435419682,-930.9857138338967,False
16,moderate,71,nominal_nmpc,1.0,0.10439616082741658,0.052657446343182646,0.1277514688909922,0.10749614458019636,0.05308751563347149,0.1250342239802735,0.12009173525377229,-6.052490234374763e-05,0.079969658203125,0.05009173525377228,0.1900917352537723,-0.08,0.08,-0.015695574426355705,0.05271797124552639,0.0477818106878672,held,0.0,0.0,5.608401261270046e-05,False,0.0,False,False,0.0,0.0,0.0,0.0,-1056.6809087018157,-0.055191873597709995,0.40162486243193063,0.3500000099823617,0.3500000099823617,0.35000000971448203,0.27,0.18000000000000005,False,True,81995.44873046875,6199.108143368448,21.00908182581111,4.6299376579577554e-06,88.96180233554904,0.9260241032311908,1.0082616506939277,1.104394623500175,1.0539044250163887,0.07146035042271176,0.0,0.0015694963232778622,0.0003021177609268611,0.001776891772332004,-0.04883518855349546,0.05271283543694008,-0.004926293435419682,-930.9857138338967,False
16,moderate,71,nominal_nmpc,1.5,0.1184488225524367,0.052636189234402664,0.15407488790096485,0.11723664908284347,0.052171344385383435,0.15442533232240277,0.12020543981481481,-9.05175781250045e-05,0.07993187377929688,0.0502054398148148,0.1902054398148148,-0.08,0.08,-0.0017566172623781073,0.05272670681252767,0.07414301412166797,held,0.0,0.0,5.0875009037554264e-05,False,0.0,False,False,0.0,0.0,0.0,0.0,-1091.5327749538183,-0.0704544584310532,0.4016744554206741,0.3500000099823617,0.3500000099823617,0.35000000998211667,0.35,0.15999999999999992,False,False,81989.78106689453,6198.124722339112,21.005748963664374,4.634077442359653e-06,89.01309746258434,0.9260241032311908,1.0082616506939277,1.104394623500175,1.0539044250163887,0.07146035042271176,0.0,0.0015694963232778622,0.0003021177609268611,0.001776891772332004,-0.04883518855349546,0.05271283543694008,-0.004926293435419682,-930.9857138338967,False
16,moderate,71,nominal_nmpc,2.0,0.13102744770098693,0.05261424798183142,0.18038750626428082,0.13100451993812187,0.053110327805305245,0.1815987028771116,0.12036351165980795,-0.00012031982421875642,0.079879140625,0.050363511659807944,0.19036351165980797,-0.08,0.08,0.010663936041178976,0.052734567806050174,0.10050836563928083,Solve_Succeeded,0.0391497079981491,0.0,0.0688242909964174,False,0.0,False,False,0.0,0.0,0.0,0.0,-1102.5418934359611,-0.075223396950403,0.4017399997587981,0.35000000998140673,0.35000000998140673,0.3500000099814074,0.35,0.0,False,False,81981.87109375,6196.824988604601,21.00134410223131,4.639861246908018e-06,89.08682055563217,0.9260241032311908,1.0082616506939277,1.104394623500175,1.0539044250163887,0.07146035042271176,0.0,0.0015694963232778622,0.0003021177609268611,0.001776891772332004,-0.04883518855349546,0.05271283543694008,-0.004926293435419682,-930.9857138338967,False
16,moderate,71,nominal_nmpc,2.5,0.14228537118557708,0.0525920980823441,0.20668910089454767,0.1419088886250023,0.05211911951556986,0.20695534526301443,0.12056530778463648,-0.00014993164062498954,0.07981155395507812,0.05056530778463647,0.19056530778463648,-0.08,0.08,0.021720063400940598,0.05274202972296909,0.12687754693946957,held,0.0,0.0,9.68750100582838e-05,False,0.0,False,False,0.0,0.0,0.0,0.0,-1112.4737267418568,-0.07949217319618462,0.4018206300465545,0.35000000998140673,0.35000000998140673,0.35000000998140673,0.35,0.0,False,False,81971.73309326172,6195.226102903411,20.995925400097143,4.6472847505088156e-06,89.18331477390605,0.9260241032311908,1.0082616506939277,1.104394623500175,1.0539044250163887,0.07146035042271176,0.0,0.0015694963232778622,0.0003021177609268611,0.001776891772332004,-0.04883518855349546,0.05271283543694008,-0.004926293435419682,-930.9857138338967,False
16,moderate,71,nominal_nmpc,3.0,0.15236007106880373,0.05256975986760384,0.23297957265068212,0.15087811496865744,0.052158173672468944,0.23333305644649527,0.12081018518518519,-0.00017935302734374547,0.07972920898437501,0.05081018518518518,0.1908101851851852,-0.08,0.08,0.03154988588361854,0.05274911289494758,0.15325036366630712,held,0.0,0.0,6.350001785904169e-05,False,0.0,False,False,0.0,0.0,0.0,0.0,-1121.4513474858547,-0.08331274860147206,0.40191568368588926,0.35000000998140673,0.35000000998140673,0.35000000998140673,0.35,0.0,False,False,81959.38134765625,6193.341204448907,20.98953738670099,4.656345311116093e-06,89.30282507085779,0.9260241032311908,1.0082616506939277,1.104394623500175,1.0539044250163887,0.07146035042271176,0.0,0.0015694963232778622,0.0003021177609268611,0.001776891772332004,-0.04883518855349546,0.05271283543694008,-0.004926293435419682,-930.9857138338967,False
16,moderate,71,nominal_nmpc,3.5,0.16137471396453773,0.052547251337605586,0.2592588319638829,0.16024092894651762,0.052550544427269016,0.26169351754080483,0.12109750085733882,-0.00020858398437501036,0.07963220092773438,0.051097500857338815,0.19109750085733884,-0.08,0.08,0.04027721310719891,0.052755835321980596,0.1796266310361485,held,0.0,0.0,5.6165968999266624e-05,False,0.0,False,False,0.0,0.0,0.0,0.0,-1129.5844824013116,-0.08673170343911087,0.40202462079258067,0.35000000998140673,0.35000000998140673,0.35000000998140673,0.35,0.0,False,False,81944.83013916016,6191.180999058791,20.98221634458463,4.667041942543864e-06,89.4455440116071,0.9260241032311908,1.0082616506939277,1.104394623500175,1.0539044250163887,0.07146035042271176,0.0,0.0015694963232778622,0.0003021177609268611,0.001776891772332004,-0.04883518855349546,0.05271283543694008,-0.004926293435419682,-930.9857138338967,False
16,moderate,71,nominal_nmpc,4.0,0.1694396447585361,0.05252458841360899,0.2855267977361757,0.16858535654913362,0.05224367678605557,0.28684601038044727,0.12142661179698216,-0.00023762451171874255,0.079520625,0.05142661179698216,0.19142661179698217,-0.08,0.08,0.04801303296155393,0.052762212925327734,0.20600617273617566,Solve_Succeeded,0.037777625024318695,0.0,0.06748679198790342,False,0.0,False,False,0.0,0.0,0.0,0.0,-1136.9709809986102,-0.08979079001137534,0.40214698367832524,0.35000000997973335,0.35000000997973335,0.3500000099797349,0.35,0.0,False,False,81928.09375,6188.754562618874,20.973993032370615,4.679375294171396e-06,89.61163497505994,0.9260241032311908,1.0082616506939277,1.104394623500175,1.0539044250163887,0.07146035042271176,0.0,0.0015694963232778622,0.0003021177609268611,0.001776891772332004,-0.04883518855349546,0.05271283543694008,-0.004926293435419682,-930.9857138338967,False
16,moderate,71,nominal_nmpc,4.5,0.1766537212641343,0.05250178516318264,0.31178339635833036,0.17451703580836825,0.0527262389850005,0.3110490621580856,0.121796875,-0.00026647460937499756,0.07939457641601563,0.05179687499999999,0.191796875,-0.08,0.08,0.05485684626413431,0.05276825977255764,0.23238881994231472,held,0.0,0.0,8.524995064362884e-05,False,0.0,False,False,0.0,0.0,0.0,0.0,-1143.6981233864713,-0.09252743043924555,0.40228237351219553,0.35000000997973335,0.35000000997973335,0.35000000997973335,0.35,0.0,False,False,81909.18646240234,6186.0698038826085,20.964894253212666,4.693347633449779e-06,89.80124551933024,0.9260241032311908,1.0082616506939277,1.104394623500175,1.0539044250163887,0.07146035042271176,0.0,0.0015694963232778622,0.0003021177609268611,0.001776891772332004,-0.04883518855349546,0.05271283543694008,-0.004926293435419682,-930.9857138338967,False
16,moderate,71,nominal_nmpc,5.0,0.18310550995301805,0.05247885400043667,0.33802856083398786,0.18530212978921187,0.052503548065002216,0.3371981022293344,0.1222076474622771,-0.0002951342773437615,0.079254150390625,0.05220764746227709,0.1922076474622771,-0.08,0.08,0.06089786249074096,0.05277398827778043,0.25877441044336286,held,0.0,0.0,6.012496305629611e-05,False,0.0,False,False,0.0,0.0,0.0,0.0,-1149.843784628847,-0.09497516391943613,0.4024304356602051,0.35000000997973335,0.35000000997973335,0.35000000997973335,0.35,0.0,False,False,81888.12255859375,6183.133755185188,20.95494384003998,4.70896283112445e-06,90.01451577045617,0.9260241032311908,1.0082616506939277,1.104394623500175,1.0539044250163887,0.07146035042271176,0.0,0.0015694963232778622,0.0003021177609268611,0.001776891772332004,-0.04883518855349546,0.05271283543694008,-0.004926293435419682,-930.9857138338967,False
16,moderate,71,nominal_nmpc,5.5,0.18887435722121212,0.05245580586417632,0.3642622299982839,0.18808243018322082,0.05248856246493298,0.3606861329976258,0.12265828617969822,-0.0003236035156249928,0.07909944213867187,0.05265828617969821,0.1926582861796982,-0.08,0.08,0.0662160710415139,0.052779409379801315,0.285162787859612,held,0.0,0.0,6.679201032966375e-05,False,0.0,False,False,0.0,0.0,0.0,0.0,-1155.4774710371007,-0.09716404826197958,0.40259084988176863,0.35000000997973335,0.35000000997973335,0.35000000997973335,0.35,0.0,False,False,81864.91632080078,6179.952766846162,20.944163314397265,4.72622634909602e-06,90.25158402319843,0.9260241032311908,1.0082616506939277,1.104394623500175,1.0539044250163887,0.07146035042271176,0.0,0.0015694963232778622,0.0003021177609268611,0.001776891772332004,-0.04883518855349546,0.05271283543694008,-0.004926293435419682,-930.9857138338967,False
16,moderate,71,nominal_nmpc,6.0,0.19403134914539458,0.052432650376410886,0.3904843478205504,0.19408353723344818,0.052283076212983365,0.39105710069975386,0.12314814814814815,-0.0003518823242187469,0.07893054687500001,0.05314814814814814,0.19314814814814815,-0.08,0.08,0.07088320099724643,0.05278453270062963,0.3115538009455504,Solve_Succeeded,0.03838387498399243,0.0,0.0674893330433406,False,0.0,False,False,0.0,0.0,0.0,0.0,-1160.6612422456612,-0.09912102021511363,0.4027633234553852,0.35000000990810426,0.35000000990810426,0.35000000990816976,0.35,0.0,False,False,81839.58203125,6176.532643486048,20.932572348428415,4.745145230848268e-06,90.51259066052853,0.9260241032311908,1.0082616506939277,1.104394623500175,1.0539044250163887,0.07146035042271176,0.0,0.0015694963232778622,0.0003021177609268611,0.001776891772332004,-0.04883518855349546,0.05271283543694008,-0.004926293435419682,-930.9857138338967,False
16,moderate,71,nominal_nmpc,6.5,0.19864017133625356,0.052409395983386294,0.4166948627818229,0.19726431952189014,0.05250617022367075,0.4209152925171071,0.12367659036351165,-0.0003799707031250099,0.07874755981445312,0.05367659036351165,0.19367659036351165,-0.08,0.08,0.0749635809727419,0.0527893666865113,0.33794730296736974,held,0.0,0.0,7.958296919241548e-05,False,0.0,False,False,0.0,0.0,0.0,0.0,-1165.4505315246913,-0.1008702187113037,0.40294758617496185,0.35000000990810426,0.35000000990810426,0.3500000099081043,0.35,0.0,False,False,81812.13397216797,6172.878743248417,20.920189101145034,4.765728094378544e-06,90.79768100096642,0.9260241032311908,1.0082616506939277,1.104394623500175,1.0539044250163887,0.07146035042271176,0.0,0.0015694963232778622,0.0003021177609268611,0.001776891772332004,-0.04883518855349546,0.05271283543694008,-0.004926293435419682,-930.9857138338967,True
16,moderate,71,nominal_nmpc,7.0,0.20275787928755049,0.0523860500810723,0.44289372731890714,0.20076821744919146,0.052299492504620966,0.4435517489787292,0.12424296982167352,-0.00040786865234375413,0.078550576171875,0.05424296982167351,0.19424296982167352,-0.08,0.08,0.07851490946587697,0.05279391873341605,0.36434315114703214,held,0.0,0.0,5.7416968047618866e-05,False,0.0,False,False,0.0,0.0,0.0,0.0,-1169.8948755005656,-0.10243327479048783,0.4031433865961587,0.35000000990810426,0.35000000990810426,0.35000000990810426,0.35,0.0,False,False,81782.58642578125,6168.996052234287,20.907030470688255,4.787985127572148e-06,91.10700743183575,0.9260241032311908,1.0082616506939277,1.104394623500175,1.0539044250163887,0.07146035042271176,0.0,0.0015694963232778622,0.0003021177609268611,0.001776891772332004,-0.04883518855349546,0.05271283543694008,-0.004926293435419682,-930.9857138338967,True
16,moderate,71,nominal_nmpc,7.5,0.20643558853723104,0.052362619126822184,0.4690808973276703,0.20718741036085017,0.05231361783485031,0.4685156468724422,0.12484664351851851,-0.0004355761718749934,0.07833969116210937,0.054846643518518506,0.19484664351851852,-0.08,0.08,0.08158894501871253,0.05279819529869718,0.3907412061655609,held,0.0,0.0,5.624996265396476e-05,False,0.0,False,False,0.0,0.0,0.0,0.0,-1174.0385632786902,-0.10382957159676334,0.40335048914940924,0.35000000990810426,0.35000000990810426,0.35000000990810426,0.35,0.0,False,False,81750.9536743164,6164.88924175046,20.893112288346153,4.81192808596772e-06,91.44073105020114,0.9260241032311908,1.0082616506939277,1.104394623500175,1.0539044250163887,0.07146035042271176,0.0,0.0015694963232778622,0.0003021177609268611,0.001776891772332004,-0.04883518855349546,0.05271283543694008,-0.004926293435419682,-930.9857138338967,True
16,moderate,71,nominal_nmpc,8.0,0.20971909298724847,0.05233910873873307,0.49525633171903033,0.21244226944378725,0.05219765799604512,0.49692675589295066,0.1254869684499314,-0.00046309326171874166,0.078115,0.055486968449931395,0.1954869684499314,-0.08,0.08,0.08423212453731707,0.05280220200045181,0.41714133171903034,Solve_Succeeded,0.03959225001744926,0.0,0.0685885840211995,False,0.0,False,False,0.0,0.0,0.0,0.0,-1177.9212138923697,-0.10507647751087101,0.4035686718725181,0.35000000995191916,0.35000000995191916,0.3500000099518791,0.35,0.0,False,False,81717.25,6160.562713271744,20.878449470932924,4.837570292866537e-06,91.79902295483924,0.9260241032311908,1.0082616506939277,1.104394623500175,1.0539044250163887,0.07146035042271176,0.0,0.0015694963232778622,0.0003021177609268611,0.001776891772332004,-0.04883518855349546,0.05271283543694008,-0.004926293435419682,-930.9857138338967,True
16,moderate,71,nominal_nmpc,8.5,0.21264941886000968,0.052315523784065426,0.5214199920218413,0.21254552267180163,0.052150146245574576,0.5212854515819766,0.12616330161179698,-0.0004904199218749988,0.07787659790039063,0.05616330161179697,0.196163301611797,-0.08,0.08,0.0864861172482127,0.052805943705940425,0.44354339412145066,held,0.0,0.0,6.883294554427266e-05,False,0.0,False,False,0.0,0.0,0.0,0.0,-1181.5782900327974,-0.10618955517516197,0.4037977245977856,0.35000000995191916,0.35000000995191916,0.3500000099519191,0.35,0.0,False,False,81681.4896850586,6156.020634389981,20.86305614262193,4.864926641743715e-06,92.18206528526053,0.9260241032311908,1.0082616506939277,1.104394623500175,1.0539044250163887,0.07146035042271176,0.0,0.0015694963232778622,0.0003021177609268611,0.001776891772332004,-0.04883518855349546,0.05271283543694008,-0.004926293435419682,-930.9857138338967,True
16,moderate,71,nominal_nmpc,9.0,0.21526332099101828,0.052291868457929436,0.5475718420275102,0.21328492488194875,0.05248461278035348,0.5455880613482742,0.126875,-0.0005175561523437511,0.077624580078125,0.05687499999999998,0.196875,-0.08,0.08,0.08838832099101829,0.05280942461027319,0.4699472619493852,held,0.0,0.0,5.425000563263893e-05,False,0.0,False,False,0.0,0.0,0.0,0.0,-1185.0415551435049,-0.10718274888989678,0.4040374474800409,0.35000000995191916,0.35000000995191916,0.35000000995191916,0.35,0.0,False,False,81643.68701171875,6151.266968002932,20.84694573386822,4.8940136009243716e-06,92.59005207406118,0.9260241032311908,1.0082616506939277,1.104394623500175,1.0539044250163887,0.07146035042271176,0.0,0.0015694963232778622,0.0003021177609268611,0.001776891772332004,-0.04883518855349546,0.05271283543694008,-0.004926293435419682,-930.9857138338967,True
16,moderate,71,nominal_nmpc,9.5,0.21759372745996194,0.052268146353311416,0.5737118474717526,0.2194419786223392,0.05245964031774953,0.5748650475804291,0.12762142061042525,-0.0005445019531249984,0.07735904174804688,0.057621420610425245,0.19762142061042526,-0.08,0.08,0.08997230684953669,0.052812648306436415,0.49635280572370577,held,0.0,0.0,4.999997327104211e-05,False,0.0,False,False,0.0,0.0,0.0,0.0,-1188.3394801810016,-0.10806855260827211,0.40428764978530923,0.35000000995191916,0.35000000995191916,0.35000000995191916,0.35,0.0,False,False,81603.85626220703,6146.305496334782,20.830131062815237,4.924849220492748e-06,93.02318995955798,0.9260241032311908,1.0082616506939277,1.104394623500175,1.0539044250163887,0.07146035042271176,0.0,0.0015694963232778622,0.0003021177609268611,0.001776891772332004,-0.04883518855349546,0.05271283543694008,-0.004926293435419682,-930.9857138338967,True
16,moderate,71,nominal_nmpc,10.0,0.2196701379377418,0.05224436052339409,0.5998399757494004,0.21949465708821034,0.05245147340070714,0.6020269382854547,0.12840192043895748,-0.0005712573242187546,0.077080078125,0.05840192043895748,0.1984019204389575,-0.08,0.08,0.0912682174987843,0.05281561784761284,0.5227598976244003,Solve_Succeeded,0.038492207997478545,0.0,0.06694183294894174,False,0.0,False,False,0.0,0.0,0.0,0.0,-1191.4976056444652,-0.10885816053059917,0.40454814888211915,0.3500000098320938,0.3500000098320938,0.3500000098322034,0.35,0.0,False,False,81562.01171875,6141.139840938384,20.81262440308339,4.9574531414067805e-06,93.48169879271357,0.9260241032311908,1.0082616506939277,1.104394623500175,1.0539044250163887,0.07146035042271176,0.0,0.0015694963232778622,0.0003021177609268611,0.001776891772332004,-0.04883518855349546,0.05271283543694008,-0.004926293435419682,-930.9857138338967,True
16,moderate,71,nominal_nmpc,10.5,0.22151898056721547,0.05222051353701824,0.6259561956586227,0.21933521798326522,0.051874967270106015,0.6267254274462092,0.12921585648148148,-0.000597822265625006,0.07678778442382812,0.05921585648148148,0.1992158564814815,-0.08,0.08,0.09230312408573399,0.052818335802643245,0.5491684112347945,held,0.0,0.0,8.487497689202428e-05,False,0.0,False,False,0.0,0.0,0.0,0.0,-1194.5388638537731,-0.1095616020935434,0.40481876939269756,0.3500000098320938,0.3500000098320938,0.3500000098320939,0.35,0.0,False,False,81518.16766357422,6135.773479526905,20.794437540813334,4.991846606795214e-06,93.96581216347622,0.9260241032311908,1.0082616506939277,1.104394623500175,1.0539044250163887,0.07146035042271176,0.0,0.0015694963232778622,0.0003021177609268611,0.001776891772332004,-0.04883518855349546,0.05271283543694008,-0.004926293435419682,-930.9857138338967,True
16,moderate,71,nominal_nmpc,11.0,0.22316393169395793,0.05219660752803892,0.6520604771713244,0.22363788353408157,0.052443374286329385,0.6501743611507724,0.13006258573388202,-0.0006241967773437523,0.076482255859375,0.06006258573388201,0.20006258573388203,-0.08,0.08,0.09310134596007591,0.05282080430538267,0.5755782213119495,held,0.0,0.0,5.974998930469155e-05,False,0.0,False,False,0.0,0.0,0.0,0.0,-1197.4838658995966,-0.11018786296627686,0.4050993424719997,0.3500000098320938,0.3500000098320938,0.3500000098320938,0.35,0.0,False,False,81472.33837890625,6130.2097602705635,20.7755818231183,5.0280524754184655e-06,94.47577786541174,0.9260241032311908,1.0082616506939277,1.104394623500175,1.0539044250163887,0.07146035042271176,0.0,0.0015694963232778622,0.0003021177609268611,0.001776891772332004,-0.04883518855349546,0.05271283543694008,-0.004926293435419682,-930.9857138338967,True
16,moderate,71,nominal_nmpc,11.5,0.22462620231406807,0.052172644239245426,0.6781527912268381,0.22280955778918476,0.05253518788169133,0.6775619580768315,0.1309414651920439,-0.0006503808593749938,0.07616358764648437,0.06094146519204388,0.2009414651920439,-0.08,0.08,0.09368473712202419,0.05282302509862042,0.6019892035803538,held,0.0,0.0,5.620799493044615e-05,False,0.0,False,False,0.0,0.0,0.0,0.0,-1200.3511571948939,-0.11074499349988423,0.40538970519014955,0.3500000098320938,0.3500000098320938,0.3500000098320938,0.35,0.0,False,False,81424.53814697266,6124.451914042717,20.75606819958672,5.066095237278644e-06,95.01185831303474,0.9260241032311908,1.0082616506939277,1.104394623500175,1.0539044250163887,0.07146035042271176,0.0,0.0015694963232778622,0.0003021177609268611,0.001776891772332004,-0.04883518855349546,0.05271283543694008,-0.004926293435419682,-930.9857138338967,True
16,moderate,71,nominal_nmpc,12.0,0.2259247947035369,0.05214862506144001,0.7042331095463443,0.22385402844287033,0.052488996710943245,0.704302271200851,0.13185185185185186,-0.0006763745117187442,0.075831875,0.06185185185185185,0.20185185185185187,-0.08,0.08,0.09407294285168505,0.052824999573158754,0.6284012345463443,Solve_Succeeded,0.04159354098374024,0.0,0.07144908397458494,False,0.0,False,False,0.0,0.0,0.0,0.0,-1203.1574451175552,-0.1112402059276243,0.40568969999943083,0.35000000991674557,0.35000000991674557,0.35000000991666813,0.35,0.0,False,False,81374.78125,6118.5030649893715,20.735907258102767,5.106001031368268e-06,95.57433092298628,0.9260241032311908,1.0082616506939277,1.104394623500175,1.0539044250163887,0.07146035042271176,0.0,0.0015694963232778622,0.0003021177609268611,0.001776891772332004,-0.04883518855349546,0.05271283543694008,-0.004926293435419682,-930.9857138338967,True
16,moderate,71,nominal_nmpc,12.5,0.22707673233307402,0.05212455106820392,0.7303014044657327,0.22691098035603519,0.05212826136525507,0.7319991457441788,0.13279310270919067,-0.0007021777343750035,0.07548721313476563,0.06279310270919067,0.20279310270919068,-0.08,0.08,0.09428362962388334,0.05282672880257892,0.6548141913309671,held,0.0,0.0,0.00011900003300979733,False,0.0,False,False,0.0,0.0,0.0,0.0,-1205.917801843321,-0.11167996148004075,0.4059991742710676,0.35000000991674557,0.35000000991674557,0.3500000099167455,0.35,0.0,False,False,81323.08197021484,6112.36623971472,20.715109255976643,5.147797665550597e-06,96.1634884677811,0.9260241032311908,1.0082616506939277,1.104394623500175,1.0539044250163887,0.07146035042271176,0.0,0.0015694963232778622,0.0003021177609268611,0.001776891772332004,-0.04883518855349546,0.05271283543694008,-0.004926293435419682,-930.9857138338967,True
16,moderate,71,nominal_nmpc,13.0,0.22809726584920567,0.052100423046820804,0.7563576487848682,0.22762373052324814,0.052619937311146996,0.7607866340624684,0.13376457475994513,-0.000727790527343744,0.075129697265625,0.06376457475994513,0.20376457475994514,-0.08,0.08,0.09433269108926054,0.05282821357416455,0.6812279515192432,held,0.0,0.0,5.9917045291513205e-05,False,0.0,False,False,0.0,0.0,0.0,0.0,-1208.6458451212065,-0.11207004845894489,0.40631797989012214,0.35000000991674557,0.35000000991674557,0.35000000991674557,0.35,0.0,False,False,81269.45458984375,6106.044375314271,20.693684147169208,5.191514638568858e-06,96.77963940904188,0.9260241032311908,1.0082616506939277,1.104394623500175,1.0539044250163887,0.07146035042271176,0.0,0.0015694963232778622,0.0003021177609268611,0.001776891772332004,-0.04883518855349546,0.05271283543694008,-0.004926293435419682,-930.9857138338967,True
16,moderate,71,nominal_nmpc,13.5,0.22900005761300202,0.05207624152577533,0.7824018156314474,0.22748525460865274,0.0517907446368392,0.783191485380585,0.134765625,-0.0007532128906250074,0.07475942260742188,0.064765625,0.204765625,-0.08,0.08,0.09423443261300202,0.052829454416400336,0.7076423930240255,held,0.0,0.0,5.683401832357049e-05,False,0.0,False,False,0.0,0.0,0.0,0.0,-1211.3538994355977,-0.11241565220659414,0.4066459728991729,0.35000000991674557,0.35000000991674557,0.35000000991674557,0.35,0.0,False,False,81213.91339111328,6099.540326440656,20.671641606238378,5.237183164184614e-06,97.42310821574387,0.9260241032311908,1.0082616506939277,1.104394623500175,1.0539044250163887,0.07146035042271176,0.0,0.0015694963232778622,0.0003021177609268611,0.001776891772332004,-0.04883518855349546,0.05271283543694008,-0.004926293435419682,-930.9857138338967,True
16,moderate,71,nominal_nmpc,14.0,0.2297973470284632,0.05205200679919846,0.8084338783378265,0.22753496251480299,0.05219189095397921,0.8087065665850703,0.13579561042524005,-0.0007784448242187519,0.074376484375,0.06579561042524004,0.20579561042524006,-0.08,0.08,0.09400173660322314,0.052830451623417214,0.7340573939628265,Solve_Succeeded,0.043981708004139364,0.0,0.07308791595278308,False,0.0,False,False,0.0,0.0,0.0,0.0,-1214.0531397257985,-0.11272141780972927,0.4069830131832363,0.35000000963714756,0.35000000963714756,0.3500000096374033,0.35,0.0,False,False,81156.47265625,6092.856871551574,20.64899104951369,5.284836197449464e-06,98.09423567193653,0.9260241032311908,1.0082616506939277,1.104394623500175,1.0539044250163887,0.07146035042271176,0.0,0.0015694963232778622,0.0003021177609268611,0.001776891772332004,-0.04883518855349546,0.05271283543694008,-0.004926293435419682,-930.9857138338967,True
16,moderate,71,nominal_nmpc,14.5,0.23050009866025908,0.05202771894858991,0.8344538103293792,0.2299659282634763,0.052288972616899514,0.8352431329560945,0.13685388803155007,-0.0008034863281249915,0.07398097778320313,0.06685388803155007,0.20685388803155008,-0.08,0.08,0.09364621062870901,0.0528312052767149,0.760472832546176,held,0.0,0.0,7.579202065244317e-05,False,0.0,False,False,0.0,0.0,0.0,0.0,-1216.7537195911182,-0.11299150629139901,0.4073289641897978,0.35000000963714756,0.35000000963714756,0.3500000096371478,0.35,0.0,False,False,81097.14666748047,6085.996718461531,20.625741653911437,5.334508463117382e-06,98.79337917757441,0.9260241032311908,1.0082616506939277,1.104394623500175,1.0539044250163887,0.07146035042271176,0.0,0.0015694963232778622,0.0003021177609268611,0.001776891772332004,-0.04883518855349546,0.05271283543694008,-0.004926293435419682,-930.9857138338967,True
16,moderate,71,nominal_nmpc,15.0,0.23111813493236533,0.05200337786211151,0.8604615850230967,0.23295080597984003,0.05212385887736661,0.8617248420636878,0.13793981481481482,-0.000828337402343754,0.073572998046875,0.06793981481481481,0.20793981481481483,-0.08,0.08,0.0931783201175505,0.052831715264455265,0.7868885869762217,held,0.0,0.0,5.70000265724957e-05,False,0.0,False,False,0.0,0.0,0.0,0.0,-1219.4648856942624,-0.11322964496567786,0.407683692678915,0.35000000963714756,0.35000000963714756,0.35000000963714756,0.35,0.0,False,False,81035.94970703125,6078.962509297259,20.60190237372883,5.386236486208577e-06,99.52091304544233,0.9260241032311908,1.0082616506939277,1.104394623500175,1.0539044250163887,0.07146035042271176,0.0,0.0015694963232778622,0.0003021177609268611,0.001776891772332004,-0.04883518855349546,0.05271283543694008,-0.004926293435419682,-930.9857138338967,True
16,moderate,71,nominal_nmpc,15.5,0.23166025501265153,0.051978983251713004,0.8864571757352839,0.2307490792929894,0.051862831506285366,0.8894626931426481,0.13905274777091908,-0.0008529980468749976,0.07315264038085938,0.06905274777091908,0.2090527477709191,-0.08,0.08,0.09260750724173245,0.052831981298588,0.8133045353544246,held,0.0,0.0,5.224999040365219e-05,False,0.0,False,False,0.0,0.0,0.0,0.0,-1222.195079884651,-0.11343917256057218,0.4080470684992265,0.35000000963714756,0.35000000963714756,0.35000000963714756,0.35,0.0,False,False,80972.8960571289,6071.756824939426,20.577481955697145,5.440058624738609e-06,100.27722879663614,0.9260241032311908,1.0082616506939277,1.104394623500175,1.0539044250163887,0.07146035042271176,0.0,0.0015694963232778622,0.0003021177609268611,0.001776891772332004,-0.04883518855349546,0.05271283543694008,-0.004926293435419682,-930.9857138338967,True
16,moderate,71,nominal_nmpc,16.0,0.2321343413214032,0.05195453466832281,0.9124405555973252,0.23239478927055587,0.051961326747447474,0.9111439952515037,0.1401920438957476,-0.0008774682617187501,0.07272,0.0701920438957476,0.2101920438957476,-0.08,0.08,0.0919422974256556,0.05283200293004156,0.8397205555973252,Solve_Succeeded,0.03701500000897795,0.0,0.06701174995396286,False,0.0,False,False,0.0,0.0,0.0,0.0,-1224.9520303937525,-0.11362307965178828,0.40841896438639796,0.35000000978331147,0.35000000978331147,0.35000000978317775,0.35,0.0,False,False,80908.0,6064.382189019411,20.552488952527018,5.496015104630154e-06,101.06273545665717,0.9260241032311908,1.0082616506939277,1.104394623500175,1.0539044250163887,0.07146035042271176,0.0,0.0015694963232778622,0.0003021177609268611,0.001776891772332004,-0.04883518855349546,0.05271283543694008,-0.004926293435419682,-930.9857138338967,True
16,moderate,71,nominal_nmpc,16.5,0.232547454952074,0.05193003151531074,0.938411697478605,0.23704585501682204,0.05125459812756542,0.9381680979344269,0.14135706018518518,-0.0009017480468750116,0.07227517211914063,0.07135706018518517,0.21135706018518519,-0.08,0.08,0.09119039476688881,0.05283177956218575,0.8661365253594644,held,0.0,0.0,6.695900810882449e-05,False,0.0,False,False,0.0,0.0,0.0,0.0,-1227.7428333039775,-0.1137840448938704,0.4087992557810987,0.35000000978331147,0.35000000978331147,0.35000000978331136,0.35,0.0,False,False,80841.2758178711,6056.841071528806,20.526931735141215,5.554148056827318e-06,101.87785985383351,0.9260241032311908,1.0082616506939277,1.104394623500175,1.0539044250163887,0.07146035042271176,0.0,0.0015694963232778622,0.0003021177609268611,0.001776891772332004,-0.04883518855349546,0.05271283543694008,-0.004926293435419682,-930.9857138338967,True
16,moderate,71,nominal_nmpc,17.0,0.23290592115846062,0.05190547306040688,0.9643705739157684,0.23239415164657315,0.052590648596174454,0.9635364282545821,0.1425471536351166,-0.0009258374023437543,0.071818251953125,0.0725471536351166,0.21254715363511661,-0.08,0.08,0.09035876752334401,0.052831310462750636,0.8925523219626434,held,0.0,0.0,5.52500132471323e-05,False,0.0,False,False,0.0,0.0,0.0,0.0,-1230.574025359148,-0.11392446748484433,0.4091878206640562,0.35000000978331147,0.35000000978331147,0.35000000978331147,0.35,0.0,False,False,80772.73779296875,6049.1358920902585,20.500818503759668,5.614501556635956e-06,102.72304692152247,0.9260241032311908,1.0082616506939277,1.104394623500175,1.0539044250163887,0.07146035042271176,0.0,0.0015694963232778622,0.0003021177609268611,0.001776891772332004,-0.04883518855349546,0.05271283543694008,-0.004926293435419682,-930.9857138338967,True
16,moderate,71,nominal_nmpc,17.5,0.2332154059423485,0.051880858446240644,0.9903171570475888,0.23331123681400628,0.05252789578638438,0.9924242057223283,0.1437616812414266,-0.0009497363281249921,0.07134933471679687,0.0737616812414266,0.2137616812414266,-0.08,0.08,0.08945372470092189,0.052830594774365636,0.918967822330792,held,0.0,0.0,5.066697485744953e-05,False,0.0,False,False,0.0,0.0,0.0,0.0,-1233.4516490659914,-0.11404649625533186,0.4095845394061104,0.35000000978331147,0.35000000978331147,0.35000000978331147,0.35,0.0,False,False,80702.40020751953,6041.269022930859,20.47415729797645,5.677121665316012e-06,103.59876000531955,0.9260241032311908,1.0082616506939277,1.104394623500175,1.0539044250163887,0.07146035042271176,0.0,0.0015694963232778622,0.0003021177609268611,0.001776891772332004,-0.04883518855349546,0.05271283543694008,-0.004926293435419682,-930.9857138338967,True
16,moderate,71,nominal_nmpc,18.0,0.23348098466803635,0.05185618669964595,1.0162514185547913,0.23233949299915838,0.052143108310266535,1.0168257579712987,0.145,-0.0009734448242187527,0.070868515625,0.07499999999999998,0.215,-0.08,0.08,0.08848098466803636,0.052829631523864704,0.9453829029297913,Solve_Succeeded,0.035842415993101895,0.0,0.0641960000502877,False,0.0,False,False,0.0,0.0,0.0,0.0,-1236.3813109308949,-0.11415205573259363,0.40998929463149714,0.35000000961067274,0.35000000961067274,0.35000000961083066,0.35,0.0,False,False,80630.27734375,6033.242791593229,20.44695600594777,5.742056473955194e-06,104.50548117632604,0.9260241032311908,1.0082616506939277,1.104394623500175,1.0539044250163887,0.07146035042271176,0.0,0.0015694963232778622,0.0003021177609268611,0.001776891772332004,-0.04883518855349546,0.05271283543694008,-0.004926293435419682,-930.9857138338967,True
16,moderate,71,nominal_nmpc,18.5,0.23370720353371352,0.05183145673986256,1.0421733296042475,0.23316172700432347,0.051864248734059676,1.041331807541037,0.14626146690672154,-0.0009969628906250083,0.07037588989257812,0.07626146690672153,0.21626146690672154,-0.08,0.08,0.08744573662699198,0.052828419630487566,0.9717974397116693,held,0.0,0.0,6.675004260614514e-05,False,0.0,False,False,0.0,0.0,0.0,0.0,-1239.3682335827016,-0.11424286949363745,0.41040197109284127,0.35000000961067274,0.35000000961067274,0.3500000096106729,0.35,0.0,False,False,80556.38348388672,6025.059483414375,20.419222372792923,5.809356149655681e-06,105.44371155136803,0.9260241032311908,1.0082616506939277,1.104394623500175,1.0539044250163887,0.07146035042271176,0.0,0.0015694963232778622,0.0003021177609268611,0.001776891772332004,-0.04883518855349546,0.05271283543694008,-0.004926293435419682,-930.9857138338967,True
16,moderate,71,nominal_nmpc,19.0,0.23389813464326695,0.0518066673857493,1.0680828607970203,0.23402907016745708,0.05163976604369296,1.0652097807163283,0.147545438957476,-0.0010202905273437451,0.069871552734375,0.07754543895747598,0.217545438957476,-0.08,0.08,0.08635269568579096,0.052826957913093046,0.9982113080626454,held,0.0,0.0,5.195802077651024e-05,False,0.0,False,False,0.0,0.0,0.0,0.0,-1242.417302449425,-0.11432048108896468,0.41082245555655417,0.35000000961067274,0.35000000961067274,0.35000000961067274,0.35,0.0,False,False,80480.73291015625,6016.721343798232,20.39096400829609,5.879072984068953e-06,106.41397162094682,0.9260241032311908,1.0082616506939277,1.104394623500175,1.0539044250163887,0.07146035042271176,0.0,0.0015694963232778622,0.0003021177609268611,0.001776891772332004,-0.04883518855349546,0.05271283543694008,-0.004926293435419682,-930.9857138338967,True
16,moderate,71,nominal_nmpc,19.5,0.2340574253446912,0.051781817362112424,1.0939799821197895,0.23497689062977445,0.051409030625813056,1.094499229130322,0.14885127314814814,-0.001043427734374991,0.06935559936523437,0.07885127314814813,0.21885127314814815,-0.08,0.08,0.08520615219654307,0.052825245096487415,1.0246243827545551,held,0.0,0.0,4.916597390547395e-05,False,0.0,False,False,0.0,0.0,0.0,0.0,-1245.533107583047,-0.11438627278932811,0.41125063669750794,0.35000000961067274,0.35000000961067274,0.35000000961067274,0.35,0.0,False,False,80403.33990478516,6008.230580304267,20.362188393984678,5.951261444316179e-06,107.41680158558783,0.9260241032311908,1.0082616506939277,1.104394623500175,1.0539044250163887,0.07146035042271176,0.0,0.0015694963232778622,0.0003021177609268611,0.001776891772332004,-0.04883518855349546,0.05271283543694008,-0.004926293435419682,-930.9857138338967,True
16,moderate,71,nominal_nmpc,20.0,0.2341883424319287,0.05175690530524078,1.1198646628992395,0.23656516659355067,0.0518264903270142,1.121316762105183,0.1501783264746228,-0.0010663745117187456,0.068828125,0.08017832647462278,0.2201783264746228,-0.08,0.08,0.08401001595730592,0.05282327981695953,1.0510365378992395,Solve_Succeeded,0.033103083027526736,0.0,0.06235612498130649,False,0.0,False,False,0.0,0.0,0.0,0.0,-1248.719981161171,-0.11444148238169999,0.4116864050020053,0.35000000914780915,0.35000000914780915,0.35000000914823254,0.35,0.0,False,False,80324.21875,5999.589364571574,20.332902889650182,6.02597822633465e-06,108.45276170117437,0.9260241032311908,1.0082616506939277,1.104394623500175,1.0539044250163887,0.07146035042271176,0.0,0.0015694963232778622,0.0003021177609268611,0.001776891772332004,-0.04883518855349546,0.05271283543694008,-0.004926293435419682,-930.9857138338967,True
16,moderate,71,nominal_nmpc,20.5,0.23429381174483913,0.05173192976772986,1.1457368717590337,0.23423890093706964,0.05141004439450789,1.1452236285507071,0.15152595593278462,-0.0010891308593749954,0.06828922485351563,0.08152595593278461,0.22152595593278462,-0.08,0.08,0.08276785581205451,0.05282106062710486,1.077447646905518,held,0.0,0.0,6.587500683963299e-05,False,0.0,False,False,0.0,0.0,0.0,0.0,-1251.9820311361493,-0.11448721821718026,0.4121296526781913,0.35000000914780915,0.35000000914780915,0.35000000914780954,0.35,0.0,False,False,80243.38372802734,5990.799834095381,20.303114739368862,6.103282310693165e-06,109.52243263377339,0.9260241032311908,1.0082616506939277,1.104394623500175,1.0539044250163887,0.07146035042271176,0.0,0.0015694963232778622,0.0003021177609268611,0.001776891772332004,-0.04883518855349546,0.05271283543694008,-0.004926293435419682,-930.9857138338967,True
16,moderate,71,nominal_nmpc,21.0,0.23437645364633644,0.051706889222667515,1.17159657657904,0.23446994638776078,0.051754746768594574,1.1709011573437398,0.1528935185185185,-0.0011116967773437542,0.06773899414062501,0.0828935185185185,0.22289351851851852,-0.08,0.08,0.08148293512781793,0.05281858600001127,1.103857582438415,held,0.0,0.0,5.3916010074317455e-05,False,0.0,False,False,0.0,0.0,0.0,0.0,-1255.3231714506817,-0.11452447269253933,0.41258027357316207,0.35000000914780915,0.35000000914780915,0.35000000914780915,0.35,0.0,False,False,80160.84912109375,5981.864093870782,20.27283107707244,6.183235020922394e-06,110.62641582440578,0.9260241032311908,1.0082616506939277,1.104394623500175,1.0539044250163887,0.07146035042271176,0.0,0.0015694963232778622,0.0003021177609268611,0.001776891772332004,-0.04883518855349546,0.05271283543694008,-0.004926293435419682,-930.9857138338967,True
16,moderate,71,nominal_nmpc,21.5,0.2344386148058653,0.05168178206724639,1.1974437444565,0.23375284943420446,0.051494612979924276,1.197248816607052,0.15428037122770918,-0.001134072265625008,0.06717752807617187,0.08428037122770918,0.2242803712277092,-0.08,0.08,0.08015824357815612,0.0528158543328714,1.130266216380328,held,0.0,0.0,5.0458009354770184e-05,False,0.0,False,False,0.0,0.0,0.0,0.0,-1258.7471491929753,-0.11455413432822978,0.4130381630961138,0.35000000914780915,0.35000000914780915,0.35000000914780915,0.35,0.0,False,False,80076.62921142578,5972.78421791668,20.242058931712783,6.265900084408656e-06,111.76533386415626,0.9260241032311908,1.0082616506939277,1.104394623500175,1.0539044250163887,0.07146035042271176,0.0,0.0015694963232778622,0.0003021177609268611,0.001776891772332004,-0.04883518855349546,0.05271283543694008,-0.004926293435419682,-930.9857138338967,True
16,moderate,71,nominal_nmpc,22.0,0.23448239667371232,0.051656606625861065,1.2232783416688775,0.2343981864800745,0.0517207992779992,1.223678779120955,0.15568587105624143,-0.001156257324218743,0.066604921875,0.08568587105624142,0.22568587105624144,-0.08,0.08,0.07879652561747089,0.05281286395007981,1.1566734197938775,Solve_Succeeded,0.03347291698446497,0.0,0.06188400002429262,False,0.0,False,False,0.0,0.0,0.0,0.0,-1262.2738915484138,-0.11458264406050586,0.4135553796234184,0.35000000611198107,0.35000000611198107,0.350000006114758,0.35,0.0,False,False,79990.73828125,5963.562250691366,20.210805232059418,6.351343695902046e-06,112.93983087996989,0.9260241032311908,1.0082616506939277,1.104394623500175,1.0539044250163887,0.07146035042271176,0.0,0.0015694963232778622,0.0003021177609268611,0.001776891772332004,-0.04883518855349546,0.05271283543694008,-0.004926293435419682,-930.9857138338967,True
16,moderate,71,nominal_nmpc,22.5,0.23450968091192004,0.051631360826291536,1.2491003335565214,0.23404227760977678,0.051562577802529715,1.246784979300157,0.157109375,-0.0011782519531250008,0.06602127075195313,0.08710937499999999,0.227109375,-0.08,0.08,0.07740030591192004,0.05280961277941654,1.1830790628045682,held,0.0,0.0,8.37499974295497e-05,False,0.0,False,False,0.0,0.0,0.0,0.0,-1266.030554417555,-0.11465285498968375,0.41452118455903586,0.35000000611198107,0.35000000611198107,0.3500000061119836,0.35,0.0,False,False,79903.19061279297,5954.200208409866,20.179076811164045,6.439634583693021e-06,114.1505729314526,0.9260241032311908,1.0082616506939277,1.104394623500175,1.0539044250163887,0.07146035042271176,0.0,0.0015694963232778622,0.0003021177609268611,0.001776891772332004,-0.04883518855349546,0.05271283543694008,-0.004926293435419682,-930.9857138338967,True
16,moderate,71,nominal_nmpc,23.0,0.23452215158384498,0.051606040054941606,1.2749096837881835,0.23447189748937097,0.05157118776248208,1.2765566264772394,0.15855024005486967,-0.0012000561523437536,0.065426669921875,0.08855024005486967,0.22855024005486968,-0.08,0.08,0.07597191152897531,0.05280609620728536,1.2094830138663084,held,0.0,0.0,6.17919722571969e-05,False,0.0,False,False,0.0,0.0,0.0,0.0,-1269.8872748373626,-0.11471874493828149,0.41550436793117296,0.35000000611198107,0.35000000611198107,0.35000000611198107,0.35,0.0,False,False,79814.00048828125,5944.700080271976,20.146880410522424,6.530844078513563e-06,115.39824841894925,0.9260241032311908,1.0082616506939277,1.104394623500175,1.0539044250163887,0.07146035042271176,0.0,0.0015694963232778622,0.0003021177609268611,0.001776891772332004,-0.04883518855349546,0.05271283543694008,-0.004926293435419682,-930.9857138338967,True
16,moderate,71,nominal_nmpc,23.5,0.2345213157731197,0.05158064229704619,1.300706354375397,0.23500094287611617,0.05159021893125763,1.3034537557598336,0.16000782321673526,-0.0012216699218750016,0.06482121459960938,0.09000782321673526,0.23000782321673527,-0.08,0.08,0.07451349255638443,0.05280231221892119,1.2358851397757875,held,0.0,0.0,5.320901982486248e-05,False,0.0,False,False,0.0,0.0,0.0,0.0,-1273.847610333663,-0.11478088135143424,0.4165048071705042,0.35000000611198107,0.35000000611198107,0.35000000611198107,0.35,0.0,False,False,79723.1821899414,5935.063829608949,20.11422268396056,6.6250461852221465e-06,116.68356850315088,0.9260241032311908,1.0082616506939277,1.104394623500175,1.0539044250163887,0.07146035042271176,0.0,0.0015694963232778622,0.0003021177609268611,0.001776891772332004,-0.04883518855349546,0.05271283543694008,-0.004926293435419682,-930.9857138338967,True
16,moderate,71,nominal_nmpc,24.0,0.23450852260602975,0.0515551654680967,1.326490306304761,0.23583203055285362,0.05147614952999284,1.3285994298136614,0.16148148148148148,-0.0012430932617187584,0.064205,0.09148148148148147,0.23148148148148148,-0.08,0.08,0.07302704112454828,0.05279825872981546,1.262285306304761,Solve_Succeeded,0.030824083019979298,0.0,0.060190999996848404,False,0.0,False,False,0.0,0.0,0.0,0.0,-1277.9150508704686,-0.11483976801517781,0.41752238101690514,0.349999970788648,0.349999970788648,0.3499999708209591,0.3499999708209591,-5.8358081700404796e-08,False,False,79630.75,5925.293394955936,20.08111020126924,6.7223176573338606e-06,118.00726753645128,0.9260241032311908,1.0082616506939277,1.104394623500175,1.0539044250163887,0.07146035042271176,0.0,0.0015694963232778622,0.0003021177609268611,0.001776891772332004,-0.04883518855349546,0.05271283543694008,-0.004926293435419682,-930.9857138338967,True
16,moderate,71,nominal_nmpc,24.5,0.2344849796725376,0.05152960741505319,1.3522614995033841,0.23506683726236188,0.052005970815177674,1.3523846050197326,0.16297057184499314,-0.0012643261718749965,0.06357812133789062,0.09297057184499313,0.23297057184499315,-0.08,0.08,0.07151440782754445,0.05279393358692819,1.2886833781654936,held,0.0,0.0,6.383302388712764e-05,False,0.0,False,False,0.0,0.0,0.0,0.0,-1282.0930791683957,-0.11489586634780659,0.4185569694413684,0.349999970788648,0.349999970788648,0.3499999707886775,0.3499999707886775,-6.456324364023658e-11,False,False,79536.7182006836,5915.390691056471,20.047549451608308,6.822738074460255e-06,119.37010350625808,0.9260241032311908,1.0082616506939277,1.104394623500175,1.0539044250163887,0.07146035042271176,0.0,0.0015694963232778622,0.0003021177609268611,0.001776891772332004,-0.04883518855349546,0.05271283543694008,-0.004926293435419682,-930.9857138338967,True
16,moderate,71,nominal_nmpc,25.0,0.23445176773708346,0.051503965916364414,1.378019892804633,0.2353947703272614,0.051634672115048005,1.3798992481644867,0.164474451303155,-0.0012853686523437435,0.062940673828125,0.09447445130315499,0.234474451303155,-0.08,0.08,0.06997731643392846,0.05278933456870816,1.315079218976508,held,0.0,0.0,5.295802839100361e-05,False,0.0,False,False,0.0,0.0,0.0,0.0,-1286.3851165541655,-0.11494957842585463,0.41960845357147647,0.349999970788648,0.349999970788648,0.349999970788648,0.349999970788648,-5.906386491005833e-14,False,False,79441.10107421875,5905.35760980471,20.01354684669993,6.926389922725169e-06,120.77285849043153,0.9260241032311908,1.0082616506939277,1.104394623500175,1.0539044250163887,0.07146035042271176,0.0,0.0015694963232778622,0.0003021177609268611,0.001776891772332004,-0.04883518855349546,0.05271283543694008,-0.004926293435419682,-930.9857138338967,False
16,moderate,71,nominal_nmpc,25.5,0.23440985391729785,0.05147823868308372,1.4037654439141656,0.2369923543623352,0.05113306303007499,1.4049505687069033,0.16599247685185187,-0.0013062207031249995,0.062292752685546876,0.09599247685185186,0.23599247685185187,-0.08,0.08,0.06841737706544598,0.05278445938620872,1.3414726912286188,held,0.0,0.0,5.00410096719861e-05,False,0.0,False,False,0.0,0.0,0.0,0.0,-1290.7945803405576,-0.1150012670035824,0.42067671562017306,0.349999970788648,0.349999970788648,0.349999970788648,0.349999970788648,0.0,False,False,79343.91290283203,5895.1960211304795,19.97910872382809,7.033358678226176e-06,122.21633912501683,0.9260241032311908,1.0082616506939277,1.104394623500175,1.0539044250163887,0.07146035042271176,0.0,0.0015694963232778622,0.0003021177609268611,0.001776891772332004,-0.04883518855349546,0.05271283543694008,-0.004926293435419682,-930.9857138338967,False
16,moderate,71,nominal_nmpc,26.0,0.23436010349019737,0.0514524233588488,1.429498109376236,0.23365307974307276,0.05181558115751816,1.4286297724092984,0.16752400548696844,-0.0013268823242187505,0.061634453125,0.09752400548696843,0.23752400548696845,-0.08,0.08,0.06683609800322893,0.05277930568306755,1.367863656251236,Solve_Succeeded,0.03050604200689122,0.0,0.05890279199229553,False,0.0,False,False,0.0,0.0,0.0,0.0,-1295.3248945921991,-0.11505125960448345,0.4217616388175952,0.3499999965125931,0.3499999965125931,0.34999999648906277,0.34999999648906277,5.1400829592651576e-08,False,False,79245.16796875,5884.907773831726,19.944241348659794,7.143732893613468e-06,123.70137708441545,0.9260241032311908,1.0082616506939277,1.104394623500175,1.0539044250163887,0.07146035042271176,0.0,0.0015694963232778622,0.0003021177609268611,0.001776891772332004,-0.04883518855349546,0.05271283543694008,-0.004926293435419682,-930.9857138338967,False
16,moderate,71,nominal_nmpc,26.5,0.23430329046851953,0.05142651751965649,1.4552178445399386,0.23148470733573515,0.050965584090639046,1.4557961204218228,0.16906839420438957,-0.0013473535156250036,0.060965870361328126,0.09906839420438956,0.23906839420438958,-0.08,0.08,0.06523489626412995,0.05277387103528149,1.3942519741786106,held,0.0,0.0,6.64170365780592e-05,False,0.0,False,False,0.0,0.0,0.0,0.0,-1299.979458193315,-0.11509983913495331,0.42286310734575583,0.3499999965125931,0.3499999965125931,0.3499999965125716,0.3499999965125716,4.701761202596799e-11,False,False,79144.88055419922,5874.494696358492,19.908950917901986,7.257604287860322e-06,125.22882957412065,0.9260241032311908,1.0082616506939277,1.104394623500175,1.0539044250163887,0.07146035042271176,0.0,0.0015694963232778622,0.0003021177609268611,0.001776891772332004,-0.04883518855349546,0.05271283543694008,-0.004926293435419682,-930.9857138338967,False
16,moderate,71,nominal_nmpc,27.0,0.23424010707541482,0.05140051867428536,1.480924603525499,0.23429715896428446,0.051274539761372154,1.479881958578727,0.170625,-0.0013676342773437516,0.060287099609375,0.10062499999999999,0.240625,-0.08,0.08,0.06361510707541482,0.052768152951629115,1.420637503916124,held,0.0,0.0,5.554105155169964e-05,False,0.0,False,False,0.0,0.0,0.0,0.0,-1304.7617175424725,-0.1151472675519502,0.4239810062758817,0.3499999965125931,0.3499999965125931,0.3499999965125931,0.3499999965125931,4.3076653355456074e-14,False,False,79043.06494140625,5863.958597552136,19.87324356180684,7.375067839302175e-06,126.7995798361344,0.9260241032311908,1.0082616506939277,1.104394623500175,1.0539044250163887,0.07146035042271176,0.0,0.0015694963232778622,0.0003021177609268611,0.001776891772332004,-0.04883518855349546,0.05271283543694008,-0.004926293435419682,-930.9857138338967,False
16,moderate,71,nominal_nmpc,27.5,0.23417117223205153,0.05137442426327279,1.5066183391904158,0.23546044042973396,0.05180770466313688,1.5081590756561116,0.1721931798696845,-0.0013877246093749948,0.059598236083984374,0.10219317986968449,0.2421931798696845,-0.08,0.08,0.061977992362367035,0.05276214887264778,1.4470201031064314,held,0.0,0.0,5.2749994210898876e-05,False,0.0,False,False,0.0,0.0,0.0,0.0,-1309.6751333830525,-0.11519377571937293,0.4251152215082343,0.3499999965125931,0.3499999965125931,0.3499999965125931,0.3499999965125931,0.0,False,False,78939.73541259766,5853.301267343199,19.837125346536833,7.496221882023809e-06,128.41453766716953,0.9260241032311908,1.0082616506939277,1.104394623500175,1.0539044250163887,0.07146035042271176,0.0,0.0015694963232778622,0.0003021177609268611,0.001776891772332004,-0.04883518855349546,0.05271283543694008,-0.004926293435419682,-930.9857138338967,False
16,moderate,71,nominal_nmpc,28.0,0.2340970391607797,0.05134823165856279,1.5322990030952564,0.23333283087974685,0.05171833466147467,1.5329678365047406,0.17377229080932782,-0.001407624511718747,0.058899375000000004,0.10377229080932782,0.24377229080932783,-0.08,0.08,0.06032474835145188,0.052755856170281536,1.4733996280952564,Solve_Succeeded,0.030336458992678672,0.0,0.05818841600557789,False,0.0,False,False,0.0,0.0,0.0,0.0,-1314.7231991835054,-0.11523956958299886,0.42626563971425235,0.3499999962133002,0.3499999962133002,0.34999999621357397,0.34999999621357397,-5.980382855597099e-10,False,False,78834.90625,5842.524477410941,19.800602276399946,7.621168205676135e-06,130.0746399497183,0.9260241032311908,1.0082616506939277,1.104394623500175,1.0539044250163887,0.07146035042271176,0.0,0.0015694963232778622,0.0003021177609268611,0.001776891772332004,-0.04883518855349546,0.05271283543694008,-0.004926293435419682,-930.9857138338967,False
16,moderate,71,nominal_nmpc,28.5,0.2340182021960517,0.05132193816279299,1.557966545469188,0.2355988958225707,0.051530681116695023,1.5607560154030116,0.17536168981481481,-0.001427333984375001,0.05819061157226563,0.10536168981481481,0.24536168981481482,-0.08,0.08,0.0586565123812369,0.05274927214716799,1.4997759338969223,held,0.0,0.0,6.020901491865516e-05,False,0.0,False,False,0.0,0.0,0.0,0.0,-1319.909449163422,-0.11528483291328494,0.42743214828087306,0.3499999962133002,0.3499999962133002,0.34999999621330047,0.34999999621330047,-5.470068842328146e-13,False,False,78728.59173583984,5831.629981807371,19.763680295964555,7.750012158807351e-06,131.7808511960716,0.9260241032311908,1.0082616506939277,1.104394623500175,1.0539044250163887,0.07146035042271176,0.0,0.0015694963232778622,0.0003021177609268611,0.001776891772332004,-0.04883518855349546,0.05271283543694008,-0.004926293435419682,-930.9857138338967,False
16,moderate,71,nominal_nmpc,29.0,0.233935102885503,0.05129554100842702,1.5836209151751113,0.23475164581443284,0.05182313204019782,1.5826679112701019,0.17696073388203018,-0.0014468530273437502,0.057472041015625,0.10696073388203017,0.2469607338820302,-0.08,0.08,0.05697436900347283,0.05274239403577077,1.5261488741594862,held,0.0,0.0,5.054200300946832e-05,False,0.0,False,False,0.0,0.0,0.0,0.0,-1325.2374644769952,-0.11532972938181317,0.428614635256898,0.3499999962133002,0.3499999962133002,0.3499999962133002,0.3499999962133002,-5.551115123125783e-16,False,False,78620.80615234375,5820.619517548277,19.726365292062432,7.882862755794903e-06,133.5341641053447,0.9260241032311908,1.0082616506939277,1.104394623500175,1.0539044250163887,0.07146035042271176,0.0,0.0015694963232778622,0.0003021177609268611,0.001776891772332004,-0.04883518855349546,0.05271283543694008,-0.004926293435419682,-930.9857138338967,False
16,moderate,71,nominal_nmpc,29.5,0.2338481354550695,0.05126903735676867,1.6092620596743306,0.23439941572045342,0.051181122101411104,1.6108236573519055,0.17856878000685872,-0.0014661816406250014,0.05674375854492188,0.10856878000685871,0.24856878000685872,-0.08,0.08,0.055279355448210776,0.05273521899739367,1.5525183011294086,held,0.0,0.0,5.020800745114684e-05,False,0.0,False,False,0.0,0.0,0.0,0.0,-1330.7108802262658,-0.11537440478922004,0.429812989301285,0.3499999962133002,0.3499999962133002,0.3499999962133002,0.3499999962133002,0.0,False,False,78511.56378173828,5809.494805173575,19.68866309568782,8.019832787467656e-06,135.33560013356472,0.9260241032311908,1.0082616506939277,1.104394623500175,1.0539044250163887,0.07146035042271176,0.0,0.0015694963232778622,0.0003021177609268611,0.001776891772332004,-0.04883518855349546,0.05271283543694008,-0.004926293435419682,-930.9857138338967,False
16,moderate,71,nominal_nmpc,30.0,0.23375765170432727,0.051242424296840575,1.6348899249906974,0.23334289509906517,0.05079842523573673,1.6349394465719316,0.1801851851851852,-0.0014853198242187476,0.056005859375,0.11018518518518519,0.2501851851851852,-0.08,0.08,0.053572466519142076,0.05272774412105932,1.5788840656156975,Solve_Succeeded,0.026373583998065442,0.0,0.054662374954205006,False,0.0,False,False,0.0,0.0,0.0,0.0,-1336.333389991391,-0.11541898847581882,0.4310270996332512,0.34999999317541575,0.34999999317541575,0.3499999931781946,0.3499999931781946,-6.070211222564126e-09,False,False,78400.87890625,5798.257549279098,19.65057948379968,8.161038935509836e-06,137.18621007685783,0.9260241032311908,1.0082616506939277,1.104394623500175,1.0539044250163887,0.07146035042271176,0.0,0.0015694963232778622,0.0003021177609268611,0.001776891772332004,-0.04883518855349546,0.05271283543694008,-0.004926293435419682,-930.9857138338967,False
16,moderate,71,nominal_nmpc,30.5,0.23366396539135356,0.05121569884417674,1.660504455674171,0.23525640490542032,0.05127452337207222,1.6611863230624933,0.18180930641289436,-0.0015042675781250028,0.05525843872070313,0.11180930641289435,0.25180930641289434,-0.08,0.08,0.0518546589784592,0.05271996642230174,1.605246016953468,held,0.0,0.0,8.954096119850874e-05,False,0.0,False,False,0.0,0.0,0.0,0.0,-1342.108757200758,-0.1154635965986007,0.43225685598409136,0.34999999317541575,0.34999999317541575,0.3499999931754183,0.3499999931754183,-5.5525584130577954e-12,False,False,78288.76580810547,5786.909439021749,19.61212018103368,8.306601890740837e-06,139.08707466776275,0.9260241032311908,1.0082616506939277,1.104394623500175,1.0539044250163887,0.07146035042271176,0.0,0.0015694963232778622,0.0003021177609268611,0.001776891772332004,-0.04883518855349546,0.05271283543694008,-0.004926293435419682,-930.9857138338967,False
16,moderate,71,nominal_nmpc,31.0,0.23356735616020952,0.05118885793939147,1.686105594763719,0.23354790182500415,0.05117393797312094,1.684548021398169,0.1834405006858711,-0.001523024902343753,0.054501591796875,0.11344050068587108,0.2534405006858711,-0.08,0.08,0.05012685547433843,0.052711882841735225,1.631604002966844,held,0.0,0.0,6.195798050612211e-05,False,0.0,False,False,0.0,0.0,0.0,0.0,-1348.040812070612,-0.11550833119561438,0.43350214855061187,0.34999999317541575,0.34999999317541575,0.34999999317541575,0.34999999317541575,-5.10702591327572e-15,False,False,78175.23876953125,5775.452148599784,19.573290861329905,8.456646475367062e-06,141.03930518468292,0.9260241032311908,1.0082616506939277,1.104394623500175,1.0539044250163887,0.07146035042271176,0.0,0.0015694963232778622,0.0003021177609268611,0.001776891772332004,-0.04883518855349546,0.05271283543694008,-0.004926293435419682,-930.9857138338967,False
16,moderate,71,nominal_nmpc,31.5,0.23346807305865172,0.05116189844681314,1.7116932837495185,0.23381150143967958,0.05108293707553652,1.7129017599670968,0.185078125,-0.0015415917968750054,0.053735413818359376,0.115078125,0.25507812500000004,-0.08,0.08,0.04838994805865171,0.052703490243688145,1.657957869931159,held,0.0,0.0,5.2709016017615795e-05,False,0.0,False,False,0.0,0.0,0.0,0.0,-1354.1334623121968,-0.11555328312954391,0.43476286795009866,0.34999999317541575,0.34999999317541575,0.34999999317541575,0.34999999317541575,0.0,False,False,78060.3120727539,5763.887337709867,19.534097149481823,8.611301769304816e-06,143.04404407448214,0.9260241032311908,1.0082616506939277,1.104394623500175,1.0539044250163887,0.07146035042271176,0.0,0.0015694963232778622,0.0003021177609268611,0.001776891772332004,-0.04883518855349546,0.05271283543694008,-0.004926293435419682,-930.9857138338967,False
16,moderate,71,nominal_nmpc,32.0,0.23336633768872064,0.051134817152906895,1.7372674625344213,0.23438188780483485,0.051588679818382936,1.7372093131842663,0.186721536351166,-0.0015599682617187527,0.05295999999999999,0.116721536351166,0.256721536351166,-0.08,0.08,0.04664480133755464,0.05269478541462565,1.6843074625344214,Solve_Succeeded,0.02825625002151355,0.0,0.05777108401525766,False,0.0,False,False,0.0,0.0,0.0,0.0,-1360.3906971364104,-0.11559853302463596,0.4360389051767378,0.3499999942678043,0.3499999942678043,0.34999999426680506,0.34999999426680506,2.1827786245154357e-09,False,False,77944.0,5752.216651982374,19.494544622611564,8.770701240674847e-06,145.10246558820685,0.9260241032311908,1.0082616506939277,1.104394623500175,1.0539044250163887,0.07146035042271176,0.0,0.0015694963232778622,0.0003021177609268611,0.001776891772332004,-0.04883518855349546,0.05271283543694008,-0.004926293435419682,-930.9857138338967,False
16,moderate,71,nominal_nmpc,32.5,0.23326234702837997,0.05110761076462022,1.7628280693946106,0.2331363828755877,0.051283952068195575,1.7614608394132685,0.18837009173525376,-0.0015781542968749881,0.05217544555664062,0.11837009173525376,0.25837009173525377,-0.08,0.08,0.04489225529312621,0.05268576506149521,1.71065262383797,held,0.0,0.0,7.441703928634524e-05,False,0.0,False,False,0.0,0.0,0.0,0.0,-1366.8165897054453,-0.1156441517450895,0.43733015155941524,0.3499999942678043,0.3499999942678043,0.3499999942678034,0.3499999942678034,1.996736109788344e-12,False,False,77826.3168334961,5740.441723396339,19.45463881157619,8.934982880572266e-06,147.21577642991588,0.9260241032311908,1.0082616506939277,1.104394623500175,1.0539044250163887,0.07146035042271176,0.0,0.0015694963232778622,0.0003021177609268611,0.001776891772332004,-0.04883518855349546,0.05271283543694008,-0.004926293435419682,-930.9857138338967,False
16,moderate,71,nominal_nmpc,33.0,0.23315627595844332,0.05108027590768198,1.7883750409394181,0.2327165522944877,0.05094484310776663,1.789457470989839,0.19002314814814816,-0.0015961499023437464,0.051381845703125005,0.12002314814814816,0.2600231481481482,-0.08,0.08,0.04313312781029516,0.052676425810025726,1.7369931952362931,held,0.0,0.0,5.8416975662112236e-05,False,0.0,False,False,0.0,0.0,0.0,0.0,-1373.4153048177907,-0.11569020223114937,0.4386364987208295,0.3499999942678043,0.3499999942678043,0.3499999942678043,0.3499999942678043,1.7763568394002505e-15,False,False,77707.27685546875,5728.564170675286,19.414385202309198,9.104289342216754e-06,149.3852164185698,0.9260241032311908,1.0082616506939277,1.104394623500175,1.0539044250163887,0.07146035042271176,0.0,0.0015694963232778622,0.0003021177609268611,0.001776891772332004,-0.04883518855349546,0.05271283543694008,-0.004926293435419682,-930.9857138338967,False
16,moderate,71,nominal_nmpc,33.5,0.2330482795254395,0.05105280912475012,1.8139083120702542,0.23548550785569689,0.05085763785113062,1.8120886683416673,0.1916800625857339,-0.0016139550781249998,0.05057929565429688,0.12168006258573388,0.2616800625857339,-0.08,0.08,0.041368216939705604,0.05266676420287512,1.7633290164159572,held,0.0,0.0,5.45420334674418e-05,False,0.0,False,False,0.0,0.0,0.0,0.0,-1380.1911010194463,-0.11573673976736987,0.43995783853785236,0.3499999942678043,0.3499999942678043,0.3499999942678043,0.3499999942678043,0.0,False,False,77586.89434814453,5716.5855996651535,19.373789237101303,9.278768084591147e-06,151.61205916293358,0.9260241032311908,1.0082616506939277,1.104394623500175,1.0539044250163887,0.07146035042271176,0.0,0.0015694963232778622,0.0003021177609268611,0.001776891772332004,-0.04883518855349546,0.05271283543694008,-0.004926293435419682,-930.9857138338967,False
16,moderate,71,nominal_nmpc,34.0,0.23293849496787794,0.05102520687351921,1.8394278159386,0.2292397793774696,0.05154048762388308,1.8404344068374918,0.19334019204389574,-0.001631569824218762,0.049767890625000005,0.12334019204389574,0.26334019204389575,-0.08,0.08,0.0395983029239822,0.052656776697737974,1.7896599253135999,Solve_Succeeded,0.029098582977894694,0.0,0.05733341601444408,False,0.0,False,False,0.0,0.0,0.0,0.0,-1387.148334945322,-0.11578381281442232,0.4412940631030815,0.34999999368516177,0.34999999368516177,0.34999999368569473,0.34999999368569473,-1.1642191655170109e-09,False,False,77465.18359375,5704.507603695355,19.33285631582411,9.45857152067792e-06,153.89761274941785,0.9260241032311908,1.0082616506939277,1.104394623500175,1.0539044250163887,0.07146035042271176,0.0,0.0015694963232778622,0.0003021177609268611,0.001776891772332004,-0.04883518855349546,0.05271283543694008,-0.004926293435419682,-930.9857138338967,False
16,moderate,71,nominal_nmpc,34.5,0.23282704353053021,0.05099746552474314,1.8649334839030332,0.2309834295739582,0.0507186465726863,1.8638059622579786,0.19500289351851852,-0.0016489941406250055,0.048947725830078115,0.1250028935185185,0.2650028935185185,-0.08,0.08,0.0378241500120117,0.05264645966536814,1.815985758072955,held,0.0,0.0,6.245804252102971e-05,False,0.0,False,False,0.0,0.0,0.0,0.0,-1394.2914665566043,-0.11583146401132582,0.4426450646875293,0.34999999368516177,0.34999999368516177,0.34999999368516227,0.34999999368516227,-1.0649259252204502e-12,False,False,77342.15887451172,5692.331763924001,19.291591797100075,9.643857170405299e-06,156.2432204427735,0.9260241032311908,1.0082616506939277,1.104394623500175,1.0539044250163887,0.07146035042271176,0.0,0.0015694963232778622,0.0003021177609268611,0.001776891772332004,-0.04883518855349546,0.05271283543694008,-0.004926293435419682,-930.9857138338967,False
16,moderate,71,nominal_nmpc,35.0,0.23271403208876407,0.050969581360154635,1.8904252454852386,0.23177910322347683,0.051275697334665415,1.8892806537741624,0.19666752400548698,-0.0016662280273437372,0.048118896484375,0.12666752400548698,0.266667524005487,-0.08,0.08,0.036046508083277085,0.05263580938749837,1.8423063490008635,held,0.0,0.0,5.3458032198250294e-05,False,0.0,False,False,0.0,0.0,0.0,0.0,-1401.6250611616197,-0.11587973031251828,0.44401073570439814,0.34999999368516177,0.34999999368516177,0.34999999368516177,0.34999999368516177,-9.992007221626409e-16,False,False,77217.83447265625,5680.059649668205,19.25000099942194,9.834787818416943e-06,158.6502613995396,0.9260241032311908,1.0082616506939277,1.104394623500175,1.0539044250163887,0.07146035042271176,0.0,0.0015694963232778622,0.0003021177609268611,0.001776891772332004,-0.04883518855349546,0.05271283543694008,-0.004926293435419682,-930.9857138338967,False
16,moderate,71,nominal_nmpc,35.5,0.2325995546026833,0.05094155057034607,1.9159030283249683,0.23020899113864413,0.05099116638290466,1.9171165150934342,0.19833344050068585,-0.0016832714843749985,0.04728149780273438,0.12833344050068585,0.26833344050068586,-0.08,0.08,0.03426611410199745,0.05262482205472107,1.868621530522234,held,0.0,0.0,5.0499977078288794e-05,False,0.0,False,False,0.0,0.0,0.0,0.0,-1409.1537944341558,-0.11592864385261034,0.44539096867389644,0.34999999368516177,0.34999999368516177,0.34999999368516177,0.34999999368516177,0.0,False,False,77092.22467041016,5667.692818720325,19.20808920222448,1.0031531676780653e-05,161.1201513941202,0.9260241032311908,1.0082616506939277,1.104394623500175,1.0539044250163887,0.07146035042271176,0.0,0.0015694963232778622,0.0003021177609268611,0.001776891772332004,-0.04883518855349546,0.05271283543694008,-0.004926293435419682,-930.9857138338967,False
16,moderate,71,nominal_nmpc,36.0,0.2324836934187685,0.0509133692525512,1.9413667581339182,0.23388768456580242,0.05086596274814968,1.9392421918355107,0.2,-0.001700124511718755,0.046435625,0.13,0.27,-0.08,0.08,0.0324836934187685,0.05261349376426996,1.8949311331339183,Solve_Succeeded,0.029766333056613803,0.0,0.05848874995717779,False,0.0,False,False,0.0,0.0,0.0,0.0,-1416.8823801426242,-0.11597821429672323,0.44678565618904953,0.3499998628388279,0.3499998628388279,0.3499998629585163,0.3499998629585163,-2.614532909062106e-07,False,False,76965.34375,5655.232817650954,19.165861646911356,1.0234262552753885e-05,163.65434355735653,0.9260241032311908,1.0082616506939277,1.104394623500175,1.0539044250163887,0.07146035042271176,0.0,0.0015694963232778622,0.0003021177609268611,0.001776891772332004,-0.04883518855349546,0.05271283543694008,-0.004926293435419682,-930.9857138338967,False
16,moderate,71,nominal_nmpc,36.5,0.2323665204352299,0.05088503340987363,1.966816358648857,0.23348359351070738,0.05149478949716045,1.9700406293993074,0.2016665594993141,-0.0017167871093750064,0.04558137329101562,0.1316665594993141,0.2716665594993141,-0.08,0.08,0.030699960935915788,0.05260182051924864,1.9212349853578414,held,0.0,0.0,6.454199319705367e-05,False,0.0,False,False,0.0,0.0,0.0,0.0,-1424.815874941978,-0.11602850145032001,0.4481946908824673,0.3499998628388279,0.3499998628388279,0.34999986283893736,0.34999986283893736,-2.3915791569351086e-10,False,False,76837.20599365234,5642.681182099389,19.123323537839543,1.0443160021725154e-05,166.25432912743378,0.9260241032311908,1.0082616506939277,1.104394623500175,1.0539044250163887,0.07146035042271176,0.0,0.0015694963232778622,0.0003021177609268611,0.001776891772332004,-0.04883518855349546,0.05271283543694008,-0.004926293435419682,-930.9857138338967,False
16,moderate,71,nominal_nmpc,37.0,0.23224809814413555,0.050856538944420604,1.9922517515828444,0.23033811875035418,0.05091481395993165,1.992594581517629,0.20333247599451304,-0.001733259277343746,0.044718837890624995,0.13333247599451303,0.27333247599451305,-0.08,0.08,0.02891562214962251,0.05258979822176435,1.9475329136922195,held,0.0,0.0,5.150004290044308e-05,False,0.0,False,False,0.0,0.0,0.0,0.0,-1432.9592325125464,-0.11607950752091623,0.44961796539402865,0.3499998628388279,0.3499998628388279,0.349999862838828,0.349999862838828,-2.1871393585115584e-13,False,False,76707.82568359375,5630.039437052273,19.080480043263627,1.0658409605452177e-05,168.92163821294247,0.9260241032311908,1.0082616506939277,1.104394623500175,1.0539044250163887,0.07146035042271176,0.0,0.0015694963232778622,0.0003021177609268611,0.001776891772332004,-0.04883518855349546,0.05271283543694008,-0.004926293435419682,-930.9857138338967,False
16,moderate,71,nominal_nmpc,37.5,0.2321284805638846,0.05082788165935506,2.0176728565752473,0.23053473892917223,0.05088679179002262,2.0158629655801694,0.2049971064814815,-0.0017495410156249946,0.04384811401367188,0.1349971064814815,0.2749971064814815,-0.08,0.08,0.027131374082403098,0.05257742267498006,1.9738247425615754,held,0.0,0.0,4.954199539497495e-05,False,0.0,False,False,0.0,0.0,0.0,0.0,-1441.317605087339,-0.11613124944445471,0.45105537233944787,0.3499998628388279,0.3499998628388279,0.3499998628388279,0.3499998628388279,-2.220446049250313e-16,False,False,76577.21710205078,5617.309097111061,19.037336296242305,1.0880202955719563e-05,171.65784056790307,0.9260241032311908,1.0082616506939277,1.104394623500175,1.0539044250163887,0.07146035042271176,0.0,0.0015694963232778622,0.0003021177609268611,0.001776891772332004,-0.04883518855349546,0.05271283543694008,-0.004926293435419682,-930.9857138338967,False
16,moderate,71,nominal_nmpc,38.0,0.23200771407406653,0.05079905725491811,2.043079591141273,0.2339585002739349,0.051533989547125125,2.044383658759041,0.20665980795610428,-0.0017656323242187522,0.042969296875,0.13665980795610427,0.2766598079561043,-0.08,0.08,0.025347906117962254,0.05256468957913686,2.000110294266273,Solve_Succeeded,0.02996929199434817,0.0,0.057967583008576185,False,0.0,False,False,0.0,0.0,0.0,0.0,-1444.9149821553988,-0.11506843344694764,0.45250680427969014,0.3420220332099425,0.3420220332099425,0.3420293307304473,0.3420293307304473,-0.015941064216761225,False,False,76445.39453125,5604.4916667489015,18.99389739550893,1.1108738043539408e-05,174.4645463785203,0.9260241032311908,1.0082616506939277,1.104394623500175,1.0539044250163887,0.07146035042271176,0.0,0.0015694963232778622,0.0003021177609268611,0.001776891772332004,-0.04883518855349546,0.05271283543694008,-0.004926293435419682,-930.9857138338967,False
16,moderate,71,nominal_nmpc,38.5,0.23188586218010923,0.050770160951403735,2.068471895526286,0.2303229913323261,0.05087846801998348,2.064942090705918,0.20831993741426613,-0.0017815332031249978,0.042082481689453125,0.13831993741426613,0.27831993741426614,-0.08,0.08,0.0235659247658431,0.05255169415452873,2.0263894138368332,held,0.0,0.0,8.616701234132051e-05,False,0.0,False,False,0.0,0.0,0.0,0.0,-1453.6161573809165,-0.11511706039335928,0.4539721536912043,0.3420220332099425,0.3420220332099425,0.3420220398851672,0.3420220398851672,-1.4581690560122595e-05,False,False,76312.37225341797,5591.588640557487,18.950168406308123,1.1344219354020638e-05,177.3434070614363,0.9260241032311908,1.0082616506939277,1.104394623500175,1.0539044250163887,0.07146035042271176,0.0,0.0015694963232778622,0.0003021177609268611,0.001776891772332004,-0.04883518855349546,0.05271283543694008,-0.004926293435419682,-930.9857138338967,False
16,moderate,71,nominal_nmpc,39.0,0.23176297929212028,0.05074109067312712,2.093849708261792,0.2312003005845597,0.05093244082583812,2.0967371010124363,0.20997685185185183,-0.0017972436523437524,0.041187763671875,0.13997685185185182,0.27997685185185184,-0.08,0.08,0.02178612744026845,0.05253833432547087,2.052661944589917,held,0.0,0.0,5.9917045291513205e-05,False,0.0,False,False,0.0,0.0,0.0,0.0,-1462.5504018609508,-0.1151674593901195,0.4554513129369436,0.3420220332099425,0.3420220332099425,0.3420220332160485,0.3420220332160485,-1.333823740345963e-08,False,False,76178.16455078125,5578.601503484431,18.90615436120024,1.1586858087032934e-05,180.29611607320226,0.9260241032311908,1.0082616506939277,1.104394623500175,1.0539044250163887,0.07146035042271176,0.0,0.0015694963232778622,0.0003021177609268611,0.001776891772332004,-0.04883518855349546,0.05271283543694008,-0.004926293435419682,-930.9857138338967,False
16,moderate,71,nominal_nmpc,39.5,0.2316390893070292,0.05071184175962221,2.119212941195215,0.23402932442402696,0.05005017392221477,2.121020198143756,0.21162990826474626,-0.001812763671875002,0.04028523803710937,0.14162990826474625,0.28162990826474626,-0.08,0.08,0.020009181042282942,0.052524605431497215,2.0789277031581057,held,0.0,0.0,7.116701453924179e-05,False,0.0,False,False,0.0,0.0,0.0,0.0,-1471.7187725338317,-0.11521861783979982,0.4569441742381477,0.3420220332099425,0.3420220332099425,0.3420220332099481,0.3420220332099481,-1.2200795929118158e-11,False,False,76042.7857055664,5565.531731061606,18.861860260835236,1.1836872363793028e-05,183.3244097306809,0.9260241032311908,1.0082616506939277,1.104394623500175,1.0539044250163887,0.07146035042271176,0.0,0.0015694963232778622,0.0003021177609268611,0.001776891772332004,-0.04883518855349546,0.05271283543694008,-0.004926293435419682,-930.9857138338967,False
16,moderate,71,nominal_nmpc,40.0,0.23151421142080414,0.050682409529384555,2.1445615038384798,0.22899116325092841,0.05084906563858874,2.14620104342484,0.21327846364883404,-0.0018280932617187468,0.039375,0.14327846364883404,0.283278463648834,-0.08,0.08,0.018235747771970096,0.0525105027911033,2.1051865038384796,Solve_Succeeded,0.030428250029217452,0.0,0.05832241597818211,False,0.0,False,False,0.0,0.0,0.0,0.0,-1420.2331755650291,-0.10251151638029174,0.45845062964685884,-0.017977927624316933,-0.017977927624316933,-0.017648626646719512,0.2520220332099481,-0.18000000000000005,False,True,75906.25,5552.380789624953,18.817291074697604,1.209448743950161e-05,186.43006804205825,0.9260241032311908,1.0082616506939277,1.104394623500175,1.0539044250163887,0.07146035042271176,0.0,0.0015694963232778622,0.0003021177609268611,0.001776891772332004,-0.04883518855349546,0.05271283543694008,-0.004926293435419682,-930.9857138338967,False
16,moderate,71,nominal_nmpc,40.5,0.23138865419743052,0.050654007059306054,2.169895607802778,0.23241230098874935,0.050545159362149435,2.1690860831239145,0.214921875,-0.0018432324218749935,0.038457144775390625,0.144921875,0.284921875,-0.08,0.08,0.016466779197430503,0.05249723948118105,2.1314384630273873,held,0.0,0.0,6.854202365502715e-05,False,0.0,False,False,0.0,0.0,0.0,0.0,-1366.5026568277287,-0.08972068751300294,0.4599705710191495,-0.017977927624316933,-0.017977927624316933,-0.01797762640446792,0.1620220332099481,-0.18,False,True,75768.5717163086,5539.150136526166,18.77245174182378,1.2359935922159656e-05,189.6149155481116,0.9260241032311908,1.0082616506939277,1.104394623500175,1.0539044250163887,0.07146035042271176,0.0,0.0015694963232778622,0.0003021177609268611,0.001776891772332004,-0.04883518855349546,0.05271283543694008,-0.004926293435419682,-930.9857138338967,False
16,moderate,71,nominal_nmpc,41.0,0.23126298679493074,0.05062667923890375,2.1952157791913063,0.22708441527862266,0.05047823692403663,2.1944811448946497,0.21655949931412896,-0.001858181152343763,0.03753176757812501,0.14655949931412895,0.28655949931412894,-0.08,0.08,0.014703487480801775,0.052484860391247515,2.1576840116131812,held,0.0,0.0,5.212501855567098e-05,False,0.0,False,False,0.0,0.0,0.0,0.0,-1310.4281196833556,-0.07684521878060141,0.46150388998903746,-0.017977927624316933,-0.017977927624316933,-0.017977927348783593,0.0720220332099481,-0.18,False,True,75629.76513671875,5525.841220336646,18.727347171493353,1.263345799769421e-05,192.88082217336466,0.9260241032311908,1.0082616506939277,1.104394623500175,1.0539044250163887,0.07146035042271176,0.0,0.0015694963232778622,0.0003021177609268611,0.001776891772332004,-0.04883518855349546,0.05271283543694008,-0.004926293435419682,-930.9857138338967,False
16,moderate,71,nominal_nmpc,41.5,0.2311377408167323,0.05060047293985054,2.220522567047542,0.23378891255670156,0.05065647868782532,2.2210068551357938,0.21819069358710566,-0.0018729394531250138,0.03659896362304686,0.14819069358710565,0.2881906935871057,-0.08,0.08,0.01294704722962664,0.05247341239297555,2.1839236034244953,held,0.0,0.0,4.99580055475235e-05,False,0.0,False,False,0.0,0.0,0.0,0.0,-1251.9067471651797,-0.06388420103290617,0.4630504779430665,-0.017977927624316933,-0.017977927624316933,-0.017977927624064895,-0.017977927624064888,-0.17999992166802598,False,False,75489.84454345703,5512.455481044132,18.68198224389546,1.2915301661522943e-05,196.2297040867126,0.9260241032311908,1.0082616506939277,1.104394623500175,1.0539044250163887,0.07146035042271176,0.0,0.0015694963232778622,0.0003021177609268611,0.001776891772332004,-0.04883518855349546,0.05271283543694008,-0.004926293435419682,-930.9857138338967,False
16,moderate,71,nominal_nmpc,42.0,0.23101341518000926,0.050575437090312925,2.24581654436491,0.22933452428426682,0.050531408499297895,2.2423527920981337,0.21981481481481485,-0.0018875073242187387,0.03565882812499999,0.14981481481481485,0.28981481481481486,-0.08,0.08,0.011198600365194405,0.05246294441453166,2.21015771623991,Solve_Succeeded,0.029534165980294347,0.0,0.058050166990142316,False,0.0,False,False,0.0,0.0,0.0,0.0,-1190.8317623554458,-0.05083670786728628,0.46461022599553314,-0.3499998973008089,-0.3499998973008089,-0.34969618849221623,-0.10797792762406488,-0.18,False,True,75348.82421875,5498.99435024233,18.63636181077146,1.3205722956687994e-05,199.66352457108545,0.9260241032311908,1.0082616506939277,1.104394623500175,1.0539044250163887,0.07146035042271176,0.0,0.0015694963232778622,0.0003021177609268611,0.001776891772332004,-0.04883518855349546,0.05271283543694008,-0.004926293435419682,-930.9857138338967,False
16,moderate,71,nominal_nmpc,42.5,0.2308904805132626,0.05055162275408451,2.271098309134818,0.23199438405963915,0.05091456758668275,2.2680199776216594,0.2214312199931413,-0.0019018847656249865,0.034711456298828124,0.1514312199931413,0.2914312199931413,-0.08,0.08,0.009459260520121304,0.052453507519709494,2.23638685283599,held,0.0,0.0,8.625001646578312e-05,False,0.0,False,False,0.0,0.0,0.0,0.0,-1127.092463993113,-0.03770183090086516,0.46618302496434094,-0.3499998973008089,-0.3499998973008089,-0.34999961949075764,-0.19797792762406488,-0.18,False,True,75206.71844482422,5485.459251313897,18.590490696035044,1.3504986218688705e-05,203.18429490167276,0.9260241032311908,1.0082616506939277,1.104394623500175,1.0539044250163887,0.07146035042271176,0.0,0.0015694963232778622,0.0003021177609268611,0.001776891772332004,-0.04883518855349546,0.05271283543694008,-0.004926293435419682,-930.9857138338967,False
16,moderate,71,nominal_nmpc,43.0,0.23076938313312056,0.05052908320901003,2.2963684854340825,0.23082178223718097,0.050204396788627814,2.2964730954853394,0.22303926611796981,-0.0019160717773437363,0.033756943359375007,0.1530392661179698,0.2930392661179698,-0.08,0.08,0.00773011701515075,0.05244515498635376,2.2626115420747075,held,0.0,0.0,5.8542005717754364e-05,False,0.0,False,False,0.0,0.0,0.0,0.0,-1060.5739796640019,-0.0244786589185609,0.46776876534746137,-0.3499998973008089,-0.3499998973008089,-0.34999989704668905,-0.2879779276240649,-0.18,False,True,75063.54150390625,5471.851599607084,18.544373696370922,1.3813364327143229e-05,206.79407523220954,0.9260241032311908,1.0082616506939277,1.104394623500175,1.0539044250163887,0.07146035042271176,0.0,0.0015694963232778622,0.0003021177609268611,0.001776891772332004,-0.04883518855349546,0.05271283543694008,-0.004926293435419682,-930.9857138338967,False
16,moderate,71,nominal_nmpc,43.5,0.23065054864521506,0.05050787403034786,2.3216277245527985,0.22952472602619486,0.050595688682125176,2.321794163149543,0.2246383101851852,-0.001930068359375016,0.03279538452148439,0.1546383101851852,0.2946383101851852,-0.08,0.08,0.006012238460029851,0.05243794238972287,2.288832340031314,held,0.0,0.0,6.116705480962992e-05,False,0.0,False,False,0.0,0.0,0.0,0.0,-1013.039506091336,-0.015227091537998144,0.469367337299987,-0.3499998973008089,-0.3499998973008089,-0.34999989730057646,-0.34999989730057646,-0.12404393935302316,False,False,74919.30767822266,5458.172802606335,18.49801558181297,1.4131138964407463e-05,210.49497548877287,0.9260241032311908,1.0082616506939277,1.104394623500175,1.0539044250163887,0.07146035042271176,0.0,0.0015694963232778622,0.0003021177609268611,0.001776891772332004,-0.04883518855349546,0.05271283543694008,-0.004926293435419682,-930.9857138338967,False
16,moderate,71,nominal_nmpc,44.0,0.23053427969984835,0.05048761553077374,2.3468765967528813,0.22868091997230233,0.05018999136265837,2.3486533934846583,0.22622770919067217,-0.0019438745117187697,0.03182687499999999,0.15622770919067216,0.2962277091906722,-0.08,0.08,0.004306570509176183,0.05243149004249251,2.315049721752881,Solve_Succeeded,0.03001375001622364,0.0,0.05910687503637746,False,0.0,False,False,0.0,0.0,0.0,0.0,-1012.9775351443778,-0.014946185685184299,0.47097863061175976,-0.35000000414825827,-0.35000000414825827,-0.350000004050522,-0.35,-2.0539884704184885e-07,False,False,74774.03125,5444.424260097118,18.451421096302866,1.445860088128003e-05,214.28915627052007,0.9260241032311908,1.0082616506939277,1.104394623500175,1.0539044250163887,0.07146035042271176,0.0,0.0015694963232778622,0.0003021177609268611,0.001776891772332004,-0.04883518855349546,0.05271283543694008,-0.004926293435419682,-930.9857138338967,False
16,moderate,71,nominal_nmpc,44.5,0.2304205302846362,0.05046735825895793,2.3721153400110278,0.2294643669775472,0.05042143810436511,2.373491234099353,0.2278068201303155,-0.001957490234374991,0.030851510009765618,0.1578068201303155,0.2978068201303155,-0.08,0.08,0.0026137101543206864,0.05242484849333292,2.341263830001262,held,0.0,0.0,9.02500469237566e-05,False,0.0,False,False,0.0,0.0,0.0,0.0,-1012.8930070047724,-0.014664592541148672,0.472602534685558,-0.35000000414825827,-0.35000000414825827,-0.35000000414816884,-0.35,0.0,False,False,74627.72650146484,5430.607364325257,18.40459495823004,1.4796050169919983e-05,218.17882975674647,0.9260241032311908,1.0082616506939277,1.104394623500175,1.0539044250163887,0.07146035042271176,0.0,0.0015694963232778622,0.0003021177609268611,0.001776891772332004,-0.04883518855349546,0.05271283543694008,-0.004926293435419682,-930.9857138338967,False
16,moderate,71,nominal_nmpc,45.0,0.23030903864170732,0.05044710267064153,2.397343955054675,0.23176431465456498,0.0497566177447169,2.3963231828297635,0.22937500000000002,-0.001970915527343728,0.029869384765625,0.15937500000000002,0.29937500000000006,-0.08,0.08,0.0009340386417072966,0.05241801819798526,2.3674745702890503,held,0.0,0.0,5.858403164893389e-05,False,0.0,False,False,0.0,0.0,0.0,0.0,-1012.7839557477961,-0.014382219045548768,0.47423893851582877,-0.35000000414825827,-0.35000000414825827,-0.3500000041482582,-0.35,0.0,False,False,74480.40771484375,5416.723500150996,18.35754186095386,1.514379654410292e-05,222.16626061960903,0.9260241032311908,1.0082616506939277,1.104394623500175,1.0539044250163887,0.07146035042271176,0.0,0.0015694963232778622,0.0003021177609268611,0.001776891772332004,-0.04883518855349546,0.05271283543694008,-0.004926293435419682,-930.9857138338967,False
16,moderate,71,nominal_nmpc,45.5,0.2301995705045996,0.05042684926054687,2.4225624428489034,0.2337597603066327,0.05007960125578049,2.423251903064859,0.23093160579561045,-0.0019841503906249877,0.02888059448242189,0.16093160579561044,0.30093160579561046,-0.08,0.08,-0.0007320352910108463,0.05241099965117186,2.3936818483664815,held,0.0,0.0,5.2749994210898876e-05,False,0.0,False,False,0.0,0.0,0.0,0.0,-1012.6484657616862,-0.014098997290947261,0.47588773066795076,-0.35000000414825827,-0.35000000414825827,-0.35000000414825827,-0.35,0.0,False,False,74332.08917236328,5402.774045198055,18.310266473308733,1.5502159626939103e-05,226.25376694181605,0.9260241032311908,1.0082616506939277,1.104394623500175,1.0539044250163887,0.07146035042271176,0.0,0.0015694963232778622,0.0003021177609268611,0.001776891772332004,-0.04883518855349546,0.05271283543694008,-0.004926293435419682,-930.9857138338967,False
16,moderate,71,nominal_nmpc,46.0,0.23009191625281675,0.05040659856140379,2.447770804615681,0.231590049690696,0.05088881837005916,2.4485906772546175,0.23247599451303155,-0.0019971948242187704,0.027885234375000012,0.16247599451303155,0.30247599451303153,-0.08,0.08,-0.002384078260214806,0.05240379338562256,2.419885570240681,Solve_Succeeded,0.030313583032693714,0.0,0.059747207968030125,False,0.0,False,False,0.0,0.0,0.0,0.0,-1012.4845865764239,-0.013814868553485002,0.4775487992580159,-0.3500000047241574,-0.3500000047241574,-0.3500000047236306,-0.35,0.0,False,False,74182.78515625,5388.760369997873,18.26277344009299,1.587146924617538e-05,230.44372113854615,0.9260241032311908,1.0082616506939277,1.104394623500175,1.0539044250163887,0.07146035042271176,0.0,0.0015694963232778622,0.0003021177609268611,0.001776891772332004,-0.04883518855349546,0.05271283543694008,-0.004926293435419682,-930.9857138338967,False
16,moderate,71,nominal_nmpc,46.5,0.229985888362732,0.050386351144676246,2.4729690418530472,0.23032774656520844,0.04978933179597754,2.470839494241325,0.23400752314814816,-0.0020100488281250273,0.02688339965820312,0.16400752314814815,0.30400752314814816,-0.08,0.08,-0.004021634785416145,0.05239639997280127,2.446085642194844,held,0.0,0.0,0.00014391698641702533,False,0.0,False,False,0.0,0.0,0.0,0.0,-1012.2903282467464,-0.013529782341067241,0.4792220319331153,-0.3500000047241574,-0.3500000047241574,-0.3500000047241569,-0.35,0.0,False,False,74032.50994873047,5374.683838129254,18.215067382542145,1.6252065737199815e-05,234.73855088280894,0.9260241032311908,1.0082616506939277,1.104394623500175,1.0539044250163887,0.07146035042271176,0.0,0.0015694963232778622,0.0003021177609268611,0.001776891772332004,-0.04883518855349546,0.05271283543694008,-0.004926293435419682,-930.9857138338967,False
16,moderate,71,nominal_nmpc,47.0,0.22988131912438606,0.05036610762137853,2.498157156354681,0.22927439573977706,0.05000366436871081,2.495146794419554,0.235525548696845,-0.0020227124023437446,0.025875185546874985,0.165525548696845,0.305525548696845,-0.08,0.08,-0.005644229572458942,0.05238882002372228,2.4722819708078063,held,0.0,0.0,6.141699850559235e-05,False,0.0,False,False,0.0,0.0,0.0,0.0,-1012.0636569395989,-0.013243695541478369,0.48090731585211915,-0.3500000047241574,-0.3500000047241574,-0.3500000047241574,-0.35,0.0,False,False,73881.27783203125,5360.54580635363,18.16715289878729,1.6644300253865467e-05,239.14074003342353,0.9260241032311908,1.0082616506939277,1.104394623500175,1.0539044250163887,0.07146035042271176,0.0,0.0015694963232778622,0.0003021177609268611,0.001776891772332004,-0.04883518855349546,0.05271283543694008,-0.004926293435419682,-930.9857138338967,False
16,moderate,71,nominal_nmpc,47.5,0.22977805859652373,0.050345868642977215,2.523335150229901,0.2307845357501528,0.05091093291744343,2.5228398540906225,0.23702942815500688,-0.0020351855468749847,0.024860687255859375,0.16702942815500688,0.3070294281550069,-0.08,0.08,-0.007251369558483156,0.0523810541898522,2.4984744629740416,held,0.0,0.0,5.2916991990059614e-05,False,0.0,False,False,0.0,0.0,0.0,0.0,-1011.8024907020704,-0.012956571659982902,0.48260453766693817,-0.3500000047241574,-0.3500000047241574,-0.3500000047241574,-0.35,0.0,False,False,73729.1030883789,5346.3476247460985,18.119034564299216,1.704853508724578e-05,243.6528295647305,0.9260241032311908,1.0082616506939277,1.104394623500175,1.0539044250163887,0.07146035042271176,0.0,0.0015694963232778622,0.0003021177609268611,0.001776891772332004,-0.04883518855349546,0.05271283543694008,-0.004926293435419682,-930.9857138338967,False
16,moderate,71,nominal_nmpc,48.0,0.2296759727750928,0.05032563490237542,2.5485030259241324,0.23290044445171765,0.05024839277899575,2.5465969742634003,0.23851851851851852,-0.0020474682617187406,0.02384,0.1685185185185185,0.3085185185185185,-0.08,0.08,-0.008842545743425717,0.05237310316409416,2.5246630259241325,Solve_Succeeded,0.029820375028066337,0.0,0.057668916997499764,False,0.0,False,False,0.0,0.0,0.0,0.0,-1011.5046953883148,-0.012668380137060078,0.48431358350425724,-0.3500000066749359,-0.3500000066749359,-0.3500000066731515,-0.35,0.0,False,False,73576.0,5332.090636822434,18.070716932318835,1.746514399243108e-05,248.27741849711887,0.9260241032311908,1.0082616506939277,1.104394623500175,1.0539044250163887,0.07146035042271176,0.0,0.0015694963232778622,0.0003021177609268611,0.001776891772332004,-0.04883518855349546,0.05271283543694008,-0.004926293435419682,-930.9857138338967,False
16,moderate,71,nominal_nmpc,48.5,0.229574941953008,0.05030540713497653,2.5736607862398944,0.23027111545437284,0.050048332429565294,2.5739794663751145,0.23999217678326476,-0.0020595605468750125,0.022813218994140634,0.16999217678326475,0.30999217678326474,-0.08,0.08,-0.01041723483025675,0.052364967681851546,2.5508475672457536,held,0.0,0.0,7.100001676008105e-05,False,0.0,False,False,0.0,0.0,0.0,0.0,-1011.1680807261789,-0.012379095737897798,0.48603433894772885,-0.3500000066749359,-0.3500000066749359,-0.3500000066749343,-0.35,0.0,False,False,73421.9828491211,5317.776179662232,18.022204534274533,1.7894512523470995e-05,253.01716482739346,0.9260241032311908,1.0082616506939277,1.104394623500175,1.0539044250163887,0.07146035042271176,0.0,0.0015694963232778622,0.0003021177609268611,0.001776891772332004,-0.04883518855349546,0.05271283543694008,-0.004926293435419682,-930.9857138338967,False
16,moderate,71,nominal_nmpc,49.0,0.22947485925129352,0.0502851861198247,2.5988084343583306,0.22847798275875222,0.05022262683264856,2.5992679032582617,0.24144975994513035,-0.0020714624023437656,0.021780439453124988,0.17144975994513034,0.31144975994513036,-0.08,0.08,-0.011974900693836832,0.05235664852216847,2.5770279949052055,held,0.0,0.0,5.3292023949325085e-05,False,0.0,False,False,0.0,0.0,0.0,0.0,-1010.7391374663064,-0.012080933360846521,0.4878384306542634,-0.3500000066749359,-0.3500000066749359,-0.3500000066749359,-0.35,0.0,False,False,73267.06591796875,5303.405584028344,17.973501880186948,1.833703837656252e-05,257.87478645794823,0.9260241032311908,1.0082616506939277,1.104394623500175,1.0539044250163887,0.07146035042271176,0.0,0.0015694963232778622,0.0003021177609268611,0.001776891772332004,-0.04883518855349546,0.05271283543694008,-0.004926293435419682,-930.9857138338967,False
16,moderate,71,nominal_nmpc,49.5,0.22937562955094384,0.050264973705996495,2.623945974117628,0.23253496553315914,0.05012769604671289,2.626980830045077,0.24289062500000003,-0.002083173828124986,0.02074175659179687,0.17289062500000002,0.31289062500000003,-0.08,0.08,-0.013514995449056183,0.05234814753412148,2.603204217525831,held,0.0,0.0,5.0499977078288794e-05,False,0.0,False,False,0.0,0.0,0.0,0.0,-1010.220394503419,-0.011775037690818023,0.4897150181989939,-0.3500000066749359,-0.3500000066749359,-0.3500000066749359,-0.35,0.0,False,False,73111.26348876953,5288.980174482759,17.92461345906169,1.8793131741579273e-05,262.85306212367567,0.9260241032311908,1.0082616506939277,1.104394623500175,1.0539044250163887,0.07146035042271176,0.0,0.0015694963232778622,0.0003021177609268611,0.001776891772332004,-0.04883518855349546,0.05271283543694008,-0.004926293435419682,-930.9857138338967,False
16,moderate,71,nominal_nmpc,50.0,0.22927716850437904,0.05024477169184569,2.6490734102678415,0.22791306919078508,0.05000522175920184,2.6511902294360254,0.2443141289437586,-0.002094694824218736,0.019697265625,0.17431412894375858,0.3143141289437586,-0.08,0.08,-0.015036960439379549,0.05233946651606443,2.6293761446428414,Solve_Succeeded,0.02957000001333654,0.0,0.059267166012432426,False,0.0,False,False,0.0,0.0,0.0,0.0,-1009.6513610402019,-0.01146789112718262,0.4916039796605237,-0.35000000752522564,-0.35000000752522564,-0.3500000075244479,-0.35,0.0,False,False,72954.58984375,5274.501269499071,17.875543739270487,1.9263215662030448e-05,267.9548323154709,0.9260241032311908,1.0082616506939277,1.104394623500175,1.0539044250163887,0.07146035042271176,0.0,0.0015694963232778622,0.0003021177609268611,0.001776891772332004,-0.04883518855349546,0.05271283543694008,-0.004926293435419682,-930.9857138338967,False
16,moderate,71,nominal_nmpc,50.5,0.22917940121110952,0.050224581085414985,2.6741907482606373,0.22900259485745528,0.04968846949349582,2.6744478921089807,0.2457196287722908,-0.002106025390624995,0.018647061767578132,0.1757196287722908,0.3157196287722908,-0.08,0.08,-0.016540227561181287,0.05233060647603998,2.655543686493059,held,0.0,0.0,7.704197196289897e-05,False,0.0,False,False,0.0,0.0,0.0,0.0,-1009.0294072465318,-0.011159485662389994,0.49350519329425013,-0.35000000752522564,-0.35000000752522564,-0.3500000075252249,-0.35,0.0,False,False,72797.05926513672,5259.970181571663,17.82629716892124,1.9747726403532857e-05,273.18300019914636,0.9260241032311908,1.0082616506939277,1.104394623500175,1.0539044250163887,0.07146035042271176,0.0,0.0015694963232778622,0.0003021177609268611,0.001776891772332004,-0.04883518855349546,0.05271283543694008,-0.004926293435419682,-930.9857138338967,False
16,moderate,71,nominal_nmpc,51.0,0.22908226106266136,0.050204402947235244,2.6992979940648323,0.22692706368333837,0.04979370974843529,2.7020417409807296,0.24710648148148148,-0.00211716552734377,0.017591240234375007,0.17710648148148148,0.31710648148148146,-0.08,0.08,-0.018024220418820125,0.052321568474579014,2.6817067538304573,held,0.0,0.0,5.604198668152094e-05,False,0.0,False,False,0.0,0.0,0.0,0.0,-1008.3518229275837,-0.010849816394900805,0.495418536625849,-0.35000000752522564,-0.35000000752522564,-0.35000000752522564,-0.35,0.0,False,False,72638.68603515625,5245.388217321746,17.776878176217384,2.0247113830871234e-05,278.5405325285024,0.9260241032311908,1.0082616506939277,1.104394623500175,1.0539044250163887,0.07146035042271176,0.0,0.0015694963232778622,0.0003021177609268611,0.001776891772332004,-0.04883518855349546,0.05271283543694008,-0.004926293435419682,-930.9857138338967,False
16,moderate,71,nominal_nmpc,51.5,0.22898568890407373,0.050184238391943546,2.7243951541930445,0.22967424388753457,0.050362053845171714,2.7227471526251077,0.2484740440672154,-0.0021281152343750123,0.016529896240234362,0.1784740440672154,0.3184740440672154,-0.08,0.08,-0.01948835516314168,0.05231235362631856,2.70786525795281,held,0.0,0.0,5.958403926342726e-05,False,0.0,False,False,0.0,0.0,0.0,0.0,-1007.6158139646366,-0.01053888121910386,0.4973438864335049,-0.35000000752522564,-0.35000000752522564,-0.35000000752522564,-0.35,0.0,False,False,72479.48443603516,5230.756677600381,17.72729116980702,2.0761841793715378e-05,284.0304605512533,0.9260241032311908,1.0082616506939277,1.104394623500175,1.0539044250163887,0.07146035042271176,0.0,0.0015694963232778622,0.0003021177609268611,0.001776891772332004,-0.04883518855349546,0.05271283543694008,-0.004926293435419682,-930.9857138338967,False
16,moderate,71,nominal_nmpc,52.0,0.2288896322835227,0.05016408858997132,2.7494822357291655,0.23192931057177602,0.050511795066826744,2.7501900681532545,0.24982167352537724,-0.0021388745117187358,0.015463124999999994,0.17982167352537723,0.31982167352537727,-0.08,0.08,-0.02093204124185455,0.05230296310169005,2.7340191107291654,Solve_Succeeded,0.029801624943502247,0.0,0.05917595903156325,False,0.0,False,False,0.0,0.0,0.0,0.0,-1006.8184988046047,-0.010226680548133298,0.4992811187306089,-0.350000007674212,-0.350000007674212,-0.35000000767407574,-0.35,0.0,False,False,72319.46875,5216.076857588573,17.677540539122155,2.1292388521053998e-05,289.6558809064374,0.9260241032311908,1.0082616506939277,1.104394623500175,1.0539044250163887,0.07146035042271176,0.0,0.0015694963232778622,0.0003021177609268611,0.001776891772332004,-0.04883518855349546,0.05271283543694008,-0.004926293435419682,-930.9857138338967,False
16,moderate,71,nominal_nmpc,52.5,0.22879404478092466,0.050143954769301745,2.7745592463566977,0.22959389213317935,0.04977574531848819,2.771344782790285,0.25114872685185186,-0.002149443359375003,0.014391021728515627,0.18114872685185185,0.32114872685185186,-0.08,0.08,-0.022354682070927195,0.05229339812867675,2.760168224628182,held,0.0,0.0,8.120801066979766e-05,False,0.0,False,False,0.0,0.0,0.0,0.0,-1005.9569049909946,-0.009913217066147367,0.5012301087489158,-0.350000007674212,-0.350000007674212,-0.3500000076742119,-0.35,0.0,False,False,72158.65325927734,5201.350046894582,17.627630654708497,2.183924702439628e-05,295.41995651188574,0.9260241032311908,1.0082616506939277,1.104394623500175,1.0539044250163887,0.07146035042271176,0.0,0.0015694963232778622,0.0003021177609268611,0.001776891772332004,-0.04883518855349546,0.05271283543694008,-0.004926293435419682,-930.9857138338967,False
16,moderate,71,nominal_nmpc,53.0,0.22869888540732494,0.050123838217295685,2.7996261943879848,0.2277162990207032,0.05041716043995757,2.7996214475194496,0.252454561042524,-0.0021598217773437373,0.013313681640624991,0.182454561042524,0.322454561042524,-0.08,0.08,-0.023755675635199064,0.05228365999463942,2.78631251274736,held,0.0,0.0,5.7541008573025465e-05,False,0.0,False,False,0.0,0.0,0.0,0.0,-1005.0279657299601,-0.00959849550699026,0.5031907309221533,-0.350000007674212,-0.350000007674212,-0.350000007674212,-0.35,0.0,False,False,71997.05224609375,5186.577529648537,17.577565868546092,2.240292550978222e-05,301.32591744025166,0.9260241032311908,1.0082616506939277,1.104394623500175,1.0539044250163887,0.07146035042271176,0.0,0.0015694963232778622,0.0003021177609268611,0.001776891772332004,-0.04883518855349546,0.05271283543694008,-0.004926293435419682,-930.9857138338967,False
16,moderate,71,nominal_nmpc,53.5,0.22860411806773037,0.050103740282585414,2.824683088794374,0.2277562349356818,0.050235732039228986,2.8235767392324176,0.25373853309327843,-0.0021700097656250084,0.01223119995117189,0.18373853309327842,0.32373853309327844,-0.08,0.08,-0.025134415025548057,0.05227375004821042,2.812451888843202,held,0.0,0.0,5.099998088553548e-05,False,0.0,False,False,0.0,0.0,0.0,0.0,-1004.0285164860238,-0.009282522456479952,0.5051628588700733,-0.350000007674212,-0.350000007674212,-0.350000007674212,-0.35,0.0,False,False,71834.67999267578,5171.76058459446,17.527350514361206,2.2983947798632906e-05,307.37706178205076,0.9260241032311908,1.0082616506939277,1.104394623500175,1.0539044250163887,0.07146035042271176,0.0,0.0015694963232778622,0.0003021177609268611,0.001776891772332004,-0.04883518855349546,0.05271283543694008,-0.004926293435419682,-930.9857138338967,False
16,moderate,71,nominal_nmpc,54.0,0.22850971108080942,0.050083662377035765,2.849729939237342,0.22821779769942666,0.050066250040809154,2.846084326492544,0.255,-0.0021800073242187745,0.011143671874999983,0.185,0.325,-0.08,0.08,-0.026490288919190585,0.05226366970125454,2.8385862673623423,Solve_Succeeded,0.02879650000249967,0.0,0.0573530420078896,False,0.0,False,False,0.0,0.0,0.0,0.0,-1002.9552916028723,-0.008965306175853803,0.507146365382941,-0.3500000074877711,-0.3500000074877711,-0.35000000748794163,-0.35,0.0,False,False,71671.55078125,5156.900485179787,17.47698890792972,2.3582853757460103e-05,313.57675649408327,0.9260241032311908,1.0082616506939277,1.104394623500175,1.0539044250163887,0.07146035042271176,0.0,0.0015694963232778622,0.0003021177609268611,0.001776891772332004,-0.04883518855349546,0.05271283543694008,-0.004926293435419682,-930.9857138338967,False
16,moderate,71,nominal_nmpc,54.5,0.2284156367495677,0.050063605977772145,2.8747667561006174,0.23081983835401218,0.05005152184142724,2.8723381022707617,0.2562383187585734,-0.0021898144531249802,0.010051192626953115,0.18623831875857338,0.3262383187585734,-0.08,0.08,-0.0278226820090057,0.052253420430897125,2.864715563473664,held,0.0,0.0,6.233301246538758e-05,False,0.0,False,False,0.0,0.0,0.0,0.0,-1001.8049209453986,-0.008646856444161605,0.5091411224064528,-0.3500000074877711,-0.3500000074877711,-0.35000000748777127,-0.35,0.0,False,False,71507.67889404297,5141.998499642501,17.426485347372413,2.420019973644266e-05,319.92843823155073,0.9260241032311908,1.0082616506939277,1.104394623500175,1.0539044250163887,0.07146035042271176,0.0,0.0015694963232778622,0.0003021177609268611,0.001776891772332004,-0.04883518855349546,0.05271283543694008,-0.004926293435419682,-930.9857138338967,False
16,moderate,71,nominal_nmpc,55.0,0.22832187097772086,0.05004357262927508,2.8997935505233334,0.22472389248729052,0.05011966477111722,2.900741524033547,0.2574528463648834,-0.0021994311523437365,0.008953857421875003,0.1874528463648834,0.3274528463648834,-0.08,0.08,-0.029130975387162555,0.052243003781618814,2.8908396931014586,held,0.0,0.0,5.1458016969263554e-05,False,0.0,False,False,0.0,0.0,0.0,0.0,-1000.5739265598907,-0.008327184417626851,0.5111470010270767,-0.3500000074877711,-0.3500000074877711,-0.3500000074877711,-0.35,0.0,False,False,71343.07861328125,5127.055891095932,17.375844113442373,2.4836559016864165e-05,326.43561416210565,0.9260241032311908,1.0082616506939277,1.104394623500175,1.0539044250163887,0.07146035042271176,0.0,0.0015694963232778622,0.0003021177609268611,0.001776891772332004,-0.04883518855349546,0.05271283543694008,-0.004926293435419682,-930.9857138338967,False
16,moderate,71,nominal_nmpc,55.5,0.22822839292703584,0.05002356394554099,2.924810334434247,0.22949434228174778,0.05028022369550749,2.9274801833718302,0.25864293981481484,-0.002208857421874988,0.007851761474609378,0.18864293981481484,0.32864293981481485,-0.08,0.08,-0.030414546887779004,0.05223242136741598,2.9169585729596377,held,0.0,0.0,5.21670444868505e-05,False,0.0,False,False,0.0,0.0,0.0,0.0,-999.258719349946,-0.008006302504204504,0.5131638714578081,-0.3500000074877711,-0.3500000074877711,-0.3500000074877711,-0.35,0.0,False,False,71177.7642211914,5112.073917611333,17.325069469804838,2.5492522267392977e-05,333.10186276001235,0.9260241032311908,1.0082616506939277,1.104394623500175,1.0539044250163887,0.07146035042271176,0.0,0.0015694963232778622,0.0003021177609268611,0.001776891772332004,-0.04883518855349546,0.05271283543694008,-0.004926293435419682,-930.9857138338967,False
16,moderate,71,nominal_nmpc,56.0,0.22813518471140457,0.05000358161230892,2.949817120587051,0.22681168467341625,0.050044828512245884,2.9487393949963385,0.2598079561042524,-0.002218093261718762,0.006745000000000015,0.18980795610425238,0.3298079561042524,-0.08,0.08,-0.031672771392847826,0.05222167487402768,2.943072120587051,Solve_Succeeded,0.029904792027082294,0.0,0.05870520794996992,False,0.0,False,False,0.0,0.0,0.0,0.0,-997.8555957663219,-0.007684224251748674,0.5151916030243355,-0.3500000073103234,-0.3500000073103234,-0.3500000073104857,-0.35,0.0,False,False,71011.75,5097.053832298304,17.27416566330976,2.616869800916979e-05,339.9308345785107,0.9260241032311908,1.0082616506939277,1.104394623500175,1.0539044250163887,0.07146035042271176,0.0,0.0015694963232778622,0.0003021177609268611,0.001776891772332004,-0.04883518855349546,0.05271283543694008,-0.004926293435419682,-930.9857138338967,False
16,moderate,71,nominal_nmpc,56.5,0.22804223112385483,0.04998362738935293,2.974813922596821,0.2267519291945574,0.05025834567462089,2.9751592425517512,0.260947252229081,-0.0022271386718750175,0.005633668212890616,0.190947252229081,0.330947252229081,-0.08,0.08,-0.03290502110522617,0.052210766061227945,2.96918025438393,held,0.0,0.0,9.43340128287673e-05,False,0.0,False,False,0.0,0.0,0.0,0.0,-996.3607345095305,-0.0073609642483688925,0.5172300641516114,-0.3500000073103234,-0.3500000073103234,-0.35000000731032355,-0.35,0.0,False,False,70845.0502319336,5081.996883383135,17.223136924257314,2.6865713089653326e-05,346.9262529984188,0.9260241032311908,1.0082616506939277,1.104394623500175,1.0539044250163887,0.07146035042271176,0.0,0.0015694963232778622,0.0003021177609268611,0.001776891772332004,-0.04883518855349546,0.05271283543694008,-0.004926293435419682,-930.9857138338967,False
16,moderate,71,nominal_nmpc,57.0,0.2279495193930985,0.049963703112840034,2.999800754977619,0.2321152313095204,0.04953137312753259,2.9972604512247583,0.2620601851851852,-0.00223599365234374,0.004517861328124997,0.1920601851851852,0.3320601851851852,-0.08,0.08,-0.034110665792086714,0.052199696765183774,2.995282893649494,held,0.0,0.0,6.429199129343033e-05,False,0.0,False,False,0.0,0.0,0.0,0.0,-994.7701932445691,-0.0070365380337043745,0.5192791223508177,-0.3500000073103234,-0.3500000073103234,-0.3500000073103234,-0.35,0.0,False,False,70677.67919921875,5066.904314285146,17.171987466656617,2.7584213165156972e-05,354.0919149509237,0.9260241032311908,1.0082616506939277,1.104394623500175,1.0539044250163887,0.07146035042271176,0.0,0.0015694963232778622,0.0003021177609268611,0.001776891772332004,-0.04883518855349546,0.05271283543694008,-0.004926293435419682,-930.9857138338967,False
16,moderate,71,nominal_nmpc,57.5,0.22785703896657128,0.049943810697753374,3.0247776331812988,0.22754192957122632,0.04969674176128895,3.027047488690537,0.26314611196844995,-0.0022446582031249857,0.003397674560546876,0.19314611196844994,0.33314611196844995,-0.08,0.08,-0.03528907300187867,0.05218846890087836,3.0213799586207517,held,0.0,0.0,5.666702054440975e-05,False,0.0,False,False,0.0,0.0,0.0,0.0,-993.0799053277043,-0.006710962019975966,0.5213386442067272,-0.3500000073103234,-0.3500000073103234,-0.3500000073103234,-0.35,0.0,False,False,70509.65118408203,5051.777363691093,17.120721488477898,2.8324863191992512e-05,361.43169161245595,0.9260241032311908,1.0082616506939277,1.104394623500175,1.0539044250163887,0.07146035042271176,0.0,0.0015694963232778622,0.0003021177609268611,0.001776891772332004,-0.04883518855349546,0.05271283543694008,-0.004926293435419682,-930.9857138338967,False
16,moderate,71,nominal_nmpc,58.0,0.22776478131723543,0.049923952140380444,3.0497445736375326,0.2289356360645058,0.04999783291423344,3.0495089791029084,0.26420438957475995,-0.00225313232421874,0.0022732031250000118,0.19420438957475994,0.33420438957475995,-0.08,0.08,-0.036439608257524514,0.052177084464599184,3.0474713705125325,Solve_Succeeded,0.02920187503332272,0.0,0.05787987500661984,False,0.0,False,False,0.0,0.0,0.0,0.0,-991.2856765457562,-0.006384253421797201,0.5234084953654483,-0.3500000074292121,-0.3500000074292121,-0.35000000742910337,-0.35,0.0,False,False,70340.98046875,5036.617265627709,17.06934317189833,2.9088347926116083e-05,368.94952906943587,0.9260241032311908,1.0082616506939277,1.104394623500175,1.0539044250163887,0.07146035042271176,0.0,0.0015694963232778622,0.0003021177609268611,0.001776891772332004,-0.04883518855349546,0.05271283543694008,-0.004926293435419682,-930.9857138338967,False
16,moderate,71,nominal_nmpc,58.5,0.2276727397717006,0.04990412952086617,3.074701593795104,0.22926962000128667,0.050002778504769675,3.0745568059438306,0.265234375,-0.0022614160156250174,0.001144542236328136,0.19523437500000002,0.33523437500000003,-0.08,0.08,-0.03756163522829942,0.052165545536491185,3.0735570515587756,held,0.0,0.0,7.041601929813623e-05,False,0.0,False,False,0.0,0.0,0.0,0.0,-989.3831818688261,-0.0060564301938308834,0.5254885405225552,-0.3500000074292121,-0.3500000074292121,-0.350000007429212,-0.35,0.0,False,False,70171.68133544922,5021.425249532426,17.01785668354173,2.9875372431153772e-05,376.6494489506415,0.9260241032311908,1.0082616506939277,1.104394623500175,1.0539044250163887,0.07146035042271176,0.0,0.0015694963232778622,0.0003021177609268611,0.001776891772332004,-0.04883518855349546,0.05271283543694008,-0.004926293435419682,-930.9857138338967,False
16,moderate,71,nominal_nmpc,59.0,0.22758090935747324,0.04988434500583056,3.099648712164489,0.22471750883581487,0.05025158352444139,3.102033455251351,0.26623542524005483,-0.002269509277343776,1.1787109374994387e-05,0.19623542524005483,0.33623542524005484,-0.08,0.08,-0.03865451588258159,0.05215385428317434,3.0996369250551137,held,0.0,0.0,5.5791984777897596e-05,False,0.0,False,False,0.0,0.0,0.0,0.0,-987.3679622178912,-0.005727510975474109,0.5275786434115908,-0.3500000074292121,-0.3500000074292121,-0.3500000074292121,-0.35,0.0,False,False,70001.76806640625,5006.2025403223815,16.966266174712413,3.068666259466127e-05,384.5355490248484,0.9260241032311908,1.0082616506939277,1.104394623500175,1.0539044250163887,0.07146035042271176,0.0,0.0015694963232778622,0.0003021177609268611,0.001776891772332004,-0.04883518855349546,0.05271283543694008,-0.004926293435419682,-930.9857138338967,False
16,moderate,71,nominal_nmpc,59.5,0.22748928666737211,0.049864600851050676,3.1245859483617653,0.22744200384455446,0.04961879599272961,3.124022136749957,0.2672068972908094,-0.0022774121093750016,-0.0011249670410156398,0.19720689729080937,0.3372068972908094,-0.08,0.08,-0.03971761062343726,0.05214201296042568,3.125710915402781,held,0.0,0.0,5.27920201420784e-05,False,0.0,False,False,0.0,0.0,0.0,0.0,-985.2354212491534,-0.005397515041839558,0.5296786667929451,-0.3500000074292121,-0.3500000074292121,-0.3500000074292121,-0.35,0.0,False,False,69831.25494384766,4990.950358461709,16.914575781623235,3.152296565244972e-05,392.61200376131495,0.9260241032311908,1.0082616506939277,1.104394623500175,1.0539044250163887,0.07146035042271176,0.0,0.0015694963232778622,0.0003021177609268611,0.001776891772332004,-0.04883518855349546,0.05271283543694008,-0.004926293435419682,-930.9857138338967,False
16,moderate,71,nominal_nmpc,60.0,0.22739786973935258,0.049844899404206534,3.1495133231538777,0.2274132009546808,0.05012808574500005,3.1508833712563886,0.26814814814814814,-0.0022851245117187363,-0.002265625000000007,0.19814814814814813,0.33814814814814814,-0.08,0.08,-0.040750278408795554,0.05213002391592527,3.151778948153878,Solve_Succeeded,0.02873495896346867,0.0,0.05787999997846782,False,0.0,False,False,0.0,0.0,0.0,0.0,-982.980822157494,-0.005066462260378275,0.5317884724430973,-0.3500000072647916,-0.3500000072647916,-0.35000000726494196,-0.35,0.0,False,False,69660.15625,4975.6699200272205,16.86278962561822,3.238505072078747e-05,400.8830648506352,0.9260241032311908,1.0082616506939277,1.104394623500175,1.0539044250163887,0.07146035042271176,0.0,0.0015694963232778622,0.0003021177609268611,0.001776891772332004,-0.04883518855349546,0.05271283543694008,-0.004926293435419682,-930.9857138338967,False
16,moderate,71,nominal_nmpc,60.5,0.22730665795016441,0.04982524310769069,3.1744308585052896,0.2256623812878572,0.04951437926317105,3.1735189314774077,0.2690585348079561,-0.00229264648437498,-0.003410091552734376,0.1990585348079561,0.3390585348079561,-0.08,0.08,-0.04175187685779169,0.05211788959206567,3.177840950058024,held,0.0,0.0,0.00010404095519334078,False,0.0,False,False,0.0,0.0,0.0,0.0,-980.5992845018034,-0.004734373052556286,0.533907921144225,-0.3500000072647916,-0.3500000072647916,-0.3500000072647917,-0.35,0.0,False,False,69488.48626708984,4960.362436772506,16.81091181338977,3.3273709336259575e-05,409.3530616833587,0.9260241032311908,1.0082616506939277,1.104394623500175,1.0539044250163887,0.07146035042271176,0.0,0.0015694963232778622,0.0003021177609268611,0.001776891772332004,-0.04883518855349546,0.05271283543694008,-0.004926293435419682,-930.9857138338967,False
16,moderate,71,nominal_nmpc,61.0,0.22721565192143248,0.04980563450148097,3.19933857762606,0.23136017479882157,0.04952103438666134,3.1998888356347868,0.26993741426611795,-0.0022999780273437603,-0.004558271484374987,0.19993741426611794,0.33993741426611795,-0.08,0.08,-0.04272176234468547,0.05210561252882473,3.2038968491104347,held,0.0,0.0,5.979102570563555e-05,False,0.0,False,False,0.0,0.0,0.0,0.0,-978.0857810554254,-0.0044012683600609115,0.5360368726741661,-0.3500000072647916,-0.3500000072647916,-0.3500000072647916,-0.35,0.0,False,False,69316.25927734375,4945.029116190508,16.758946437190744,3.418975600304412e-05,418.0264017837574,0.9260241032311908,1.0082616506939277,1.104394623500175,1.0539044250163887,0.07146035042271176,0.0,0.0015694963232778622,0.0003021177609268611,0.001776891772332004,-0.04883518855349546,0.05271283543694008,-0.004926293435419682,-930.9857138338967,False
16,moderate,71,nominal_nmpc,61.5,0.22712485343689578,0.049786076226075913,3.2242365050213686,0.2260054733806248,0.05011089095772266,3.225104690336879,0.27078414351851854,-0.002307119140625022,-0.0057100695800781365,0.20078414351851853,0.34078414351851855,-0.08,0.08,-0.043659290081622754,0.052093195366700935,3.229946574601447,held,0.0,0.0,5.1541952416300774e-05,False,0.0,False,False,0.0,0.0,0.0,0.0,-975.4351346853408,-0.004067169615065085,0.5381751857967413,-0.3500000072647916,-0.3500000072647916,-0.3500000072647916,-0.35,0.0,False,False,69143.48956298828,4929.67116157462,16.706897575041523,3.513402874733267e-05,426.90757119598265,0.9260241032311908,1.0082616506939277,1.104394623500175,1.0539044250163887,0.07146035042271176,0.0,0.0015694963232778622,0.0003021177609268611,0.001776891772332004,-0.04883518855349546,0.05271283543694008,-0.004926293435419682,-930.9857138338967,False
16,moderate,71,nominal_nmpc,62.0,0.22703426536967242,0.049766571025492326,3.249124666542526,0.2259104624120657,0.050193027257567566,3.2484736811111956,0.27159807956104254,-0.002314069824218737,-0.006865390625000009,0.20159807956104253,0.34159807956104254,-0.08,0.08,-0.04456381419137012,0.05208064084971106,3.255990057167526,Solve_Succeeded,0.029525083024054766,0.0,0.05851458304096013,False,0.0,False,False,0.0,0.0,0.0,0.0,-972.642015264173,-0.0037320987141296544,0.5403227182524204,-0.35000000715649254,-0.35000000715649254,-0.35000000715659163,-0.35,0.0,False,False,68970.19140625,4914.289772078365,16.654769290932272,3.610738967859659e-05,436.0011348198317,0.9260241032311908,1.0082616506939277,1.104394623500175,1.0539044250163887,0.07146035042271176,0.0,0.0015694963232778622,0.0003021177609268611,0.001776891772332004,-0.04883518855349546,0.05271283543694008,-0.004926293435419682,-930.9857138338967,False
16,moderate,71,nominal_nmpc,62.5,0.22694389161853495,0.04974712175032432,3.274003089439498,0.22644898768190516,0.049199727303328424,3.2717283121865766,0.27237857938957477,-0.0023208300781249885,-0.008024139404296873,0.20237857938957476,0.3423785793895748,-0.08,0.08,-0.04543468777103982,0.05206795182844931,3.282027228843795,held,0.0,0.0,8.183397585526109e-05,False,0.0,False,False,0.0,0.0,0.0,0.0,-969.700936619479,-0.0033960779953653986,0.5424793267493396,-0.35000000715649254,-0.35000000715649254,-0.35000000715649265,-0.35,0.0,False,False,68796.37908935547,4898.886142773685,16.602565635020465,3.711072555736692e-05,445.311736693223,0.9260241032311908,1.0082616506939277,1.104394623500175,1.0539044250163887,0.07146035042271176,0.0,0.0015694963232778622,0.0003021177609268611,0.001776891772332004,-0.04883518855349546,0.05271283543694008,-0.004926293435419682,-930.9857138338967,False
16,moderate,71,nominal_nmpc,63.0,0.22685373705228695,0.0497277313608631,3.2988718024149732,0.22733310621607625,0.04983118593316023,3.2980995105629742,0.27312500000000006,-0.002327399902343749,-0.009186220703124998,0.20312500000000006,0.34312500000000007,-0.08,0.08,-0.04627126294771311,0.05205513126320685,3.308058023118098,held,0.0,0.0,8.775002788752317e-05,False,0.0,False,False,0.0,0.0,0.0,0.0,-966.6062535252281,-0.003059130218517503,0.54464486695466,-0.35000000715649254,-0.35000000715649254,-0.35000000715649254,-0.35,0.0,False,False,68622.06689453125,4883.461464707889,16.550290643823907,3.8144948369166516e-05,454.8441002184396,0.9260241032311908,1.0082616506939277,1.104394623500175,1.0539044250163887,0.07146035042271176,0.0,0.0015694963232778622,0.0003021177609268611,0.001776891772332004,-0.04883518855349546,0.05271283543694008,-0.004926293435419682,-930.9857138338967,False
16,moderate,71,nominal_nmpc,63.5,0.22676380746142508,0.049708402930276605,3.3237308356800077,0.2287608899633962,0.04944593611620472,3.3237201430630647,0.273836698388203,-0.0023337792968750326,-0.010351539306640622,0.203836698388203,0.343836698388203,-0.08,0.08,-0.04707289092677794,0.05204218222715164,3.3340823749866484,held,0.0,0.0,9.116600267589092e-05,False,0.0,False,False,0.0,0.0,0.0,0.0,-963.3521587407655,-0.0027212785476702153,0.5468191934862616,-0.35000000715649254,-0.35000000715649254,-0.35000000715649254,-0.35,0.0,False,False,68447.2691040039,4868.0169249593155,16.497948340409362,3.9210995904195725e-05,464.6030283290874,0.9260241032311908,1.0082616506939277,1.104394623500175,1.0539044250163887,0.07146035042271176,0.0,0.0015694963232778622,0.0003021177609268611,0.001776891772332004,-0.04883518855349546,0.05271283543694008,-0.004926293435419682,-930.9857138338967,False
16,moderate,71,nominal_nmpc,64.0,0.22667410951635616,0.04968913964784813,3.348580221011273,0.22570463034701155,0.0498262868417033,3.3478375237719007,0.2745130315500686,-0.0023399682617187556,-0.01152000000000003,0.2045130315500686,0.3445130315500686,-0.08,0.08,-0.047838922033712455,0.052029107909566885,3.360100221011273,Solve_Succeeded,0.028973416017834097,0.0,0.05848970904480666,False,0.0,False,False,0.0,0.0,0.0,0.0,-959.932680102957,-0.002382546536299615,0.5490021599047784,-0.35000000730993946,-0.35000000730993946,-0.3500000073097991,-0.35,0.0,False,False,68272.0,4852.553706691728,16.445542734576904,4.0309832342342066e-05,474.5934035946871,0.9260241032311908,1.0082616506939277,1.104394623500175,1.0539044250163887,0.07146035042271176,0.0,0.0015694963232778622,0.0003021177609268611,0.001776891772332004,-0.04883518855349546,0.05271283543694008,-0.004926293435419682,-930.9857138338967,False
16,moderate,71,nominal_nmpc,64.5,0.22658465073151393,0.04966994482227282,3.373419991809938,0.22463268875797215,0.04992337453509553,3.3745313643354278,0.27515335648148154,-0.0023459667968749737,-0.012691507568359378,0.20515335648148153,0.34515335648148154,-0.08,0.08,-0.048568705749967606,0.052015911619147794,3.3861114993782975,held,0.0,0.0,0.00013816700084134936,False,0.0,False,False,0.0,0.0,0.0,0.0,-956.3416776776384,-0.0020429581144331896,0.5511936187059596,-0.35000000730993946,-0.35000000730993946,-0.35000000730993935,-0.35,0.0,False,False,68096.2738647461,4837.072989207493,16.39307782304016,4.14424488430423e-05,484.8201882596894,0.9260241032311908,1.0082616506939277,1.104394623500175,1.0539044250163887,0.07146035042271176,0.0,0.0015694963232778622,0.0003021177609268611,0.001776891772332004,-0.04883518855349546,0.05271283543694008,-0.004926293435419682,-930.9857138338967,False
16,moderate,71,nominal_nmpc,65.0,0.22649543943478814,0.049650821885010854,3.3982501831622125,0.22556627868977913,0.04966471860779159,3.3996667791013158,0.2757570301783265,-0.0023517749023437423,-0.013865966796875004,0.20575703017832647,0.3457570301783265,-0.08,0.08,-0.049261590743538336,0.052002596787354596,3.4121161499590875,held,0.0,0.0,5.866604624316096e-05,False,0.0,False,False,0.0,0.0,0.0,0.0,-952.5728409768672,-0.0017025375776973106,0.5533934213133627,-0.35000000730993946,-0.35000000730993946,-0.35000000730993946,-0.35,0.0,False,False,67920.10498046875,4821.575947999591,16.340557589602536,4.260986413949104e-05,495.2884242136827,0.9260241032311908,1.0082616506939277,1.104394623500175,1.0539044250163887,0.07146035042271176,0.0,0.0015694963232778622,0.0003021177609268611,0.001776891772332004,-0.04883518855349546,0.05271283543694008,-0.004926293435419682,-930.9857138338967,False
16,moderate,71,nominal_nmpc,65.5,0.22640648474173913,0.04963177439369599,3.4230708319015837,0.22744750011426915,0.0500841214538244,3.424770679917047,0.2763234096364884,-0.0023573925781249783,-0.01504328247070312,0.20632340963648838,0.3463234096364884,-0.08,0.08,-0.04991692489474925,0.05198916697182097,3.438114114372287,held,0.0,0.0,5.145900649949908e-05,False,0.0,False,False,0.0,0.0,0.0,0.0,-948.6196862488989,-0.001361309578058592,0.5556014180713704,-0.35000000730993946,-0.35000000730993946,-0.35000000730993946,-0.35,0.0,False,False,67743.50762939453,4806.063754802459,16.287986005329568,4.3813125136647154e-05,506.00323288945236,0.9260241032311908,1.0082616506939277,1.104394623500175,1.0539044250163887,0.07146035042271176,0.0,0.0015694963232778622,0.0003021177609268611,0.001776891772332004,-0.04883518855349546,0.05271283543694008,-0.004926293435419682,-930.9857138338967,False
16,moderate,71,nominal_nmpc,66.0,0.22631779653412526,0.049612806035598055,3.4478819766727673,0.2261379937812707,0.049362280518588694,3.451766015959757,0.2768518518518519,-0.0023628198242187787,-0.016223359374999982,0.2068518518518519,0.3468518518518519,-0.08,0.08,-0.050534055317726645,0.05197562585981683,3.4641053360477674,Solve_Succeeded,0.03137266600970179,0.0,0.06113441596971825,False,0.0,False,False,0.0,0.0,0.0,0.0,-944.4755538482028,-0.0010192991160841297,0.55781745823853,-0.35000000751788446,-0.35000000751788446,-0.3500000075176942,-0.35,0.0,False,False,67566.49609375,4790.537577641742,16.23536702871751,4.5053307512447876e-05,516.9698150855061,0.9260241032311908,1.0082616506939277,1.104394623500175,1.0539044250163887,0.07146035042271176,0.0,0.0015694963232778622,0.0003021177609268611,0.001776891772332004,-0.04883518855349546,0.05271283543694008,-0.004926293435419682,-930.9857138338967,False
16,moderate,71,nominal_nmpc,66.5,0.2262293854423191,0.04959392063113773,3.4726836579974054,0.2255207988695395,0.04936391120797741,3.473762035762177,0.2773417138203018,-0.0023680566406250325,-0.0174061022949219,0.2073417138203018,0.3473417138203018,-0.08,0.08,-0.05111232837798271,0.051961977271762765,3.490089760292327,held,0.0,0.0,9.070796659216285e-05,False,0.0,False,False,0.0,0.0,0.0,0.0,-940.1336056932297,-0.0006765315345639428,0.5600413899812113,-0.35000000751788446,-0.35000000751788446,-0.3500000075178843,-0.35,0.0,False,False,67389.08465576172,4774.998580882961,16.182704605858262,4.6331516321597985e-05,528.1934507096078,0.9260241032311908,1.0082616506939277,1.104394623500175,1.0539044250163887,0.07146035042271176,0.0,0.0015694963232778622,0.0003021177609268611,0.001776891772332004,-0.04883518855349546,0.05271283543694008,-0.004926293435419682,-930.9857138338967,False
16,moderate,71,nominal_nmpc,67.0,0.22614126283123168,0.04957512213745189,3.4974759183415336,0.22516405214452845,0.04967230426717441,3.4953739506377857,0.27779235253772294,-0.002373103027343726,-0.018591416015625015,0.20779235253772294,0.34779235253772295,-0.08,0.08,-0.051651089706491266,0.051948225164795615,3.5160673343571585,held,0.0,0.0,5.524995503947139e-05,False,0.0,False,False,0.0,0.0,0.0,0.0,-935.5868228200511,-0.00033303251335516787,0.562273060367581,-0.35000000751788446,-0.35000000751788446,-0.35000000751788446,-0.35,0.0,False,False,67211.28759765625,4759.44792527913,16.13000267060079,4.764888660125324e-05,539.6794984397803,0.9260241032311908,1.0082616506939277,1.104394623500175,1.0539044250163887,0.07146035042271176,0.0,0.0015694963232778622,0.0003021177609268611,0.001776891772332004,-0.04883518855349546,0.05271283543694008,-0.004926293435419682,-930.9857138338967,False
16,moderate,71,nominal_nmpc,67.5,0.22605344078940273,0.04955641465200755,3.5222588021848424,0.22726341699604205,0.0492856606642801,3.5248365119306295,0.278203125,-0.00237795898437497,-0.019779205322265625,0.208203125,0.348203125,-0.08,0.08,-0.052149684210597264,0.05193437363638252,3.542038007507108,held,0.0,0.0,5.3333002142608166e-05,False,0.0,False,False,0.0,0.0,0.0,0.0,-930.8280030403847,1.1171934678019801e-05,0.5645123153618897,-0.35000000751788446,-0.35000000751788446,-0.35000000751788446,-0.35,0.0,False,False,67033.11920166016,4743.886768017366,16.077265144709028,4.900658397787196e-05,551.4333952991916,0.9260241032311908,1.0082616506939277,1.104394623500175,1.0539044250163887,0.07146035042271176,0.0,0.0015694963232778622,0.0003021177609268611,0.001776891772332004,-0.04883518855349546,0.05271283543694008,-0.004926293435419682,-930.9857138338967,False
16,moderate,71,nominal_nmpc,68.0,0.22596593212094987,0.049537802416262405,3.5470323560917576,0.2256222021821303,0.049044461231296514,3.5480268819765346,0.27857338820301786,-0.002382624511718723,-0.020969374999999985,0.20857338820301785,0.34857338820301786,-0.08,0.08,-0.05260745608206799,0.05192042692798113,3.5680017310917576,Solve_Succeeded,0.029881416994612664,0.0,0.05947520799236372,False,0.0,False,False,0.0,0.0,0.0,0.0,-925.8497587129212,0.0003560554667419377,0.5667589998190704,-0.35000000762919903,-0.35000000762919903,-0.3500000076290972,-0.35,0.0,False,False,66854.59375,4728.316262764509,16.02449593801654,5.04058052744606e-05,563.4606561412932,0.9260241032311908,1.0082616506939277,1.104394623500175,1.0539044250163887,0.07146035042271176,0.0,0.0015694963232778622,0.0003021177609268611,0.001776891772332004,-0.04883518855349546,0.05271283543694008,-0.004926293435419682,-930.9857138338967,False
16,moderate,71,nominal_nmpc,68.5,0.22587875034010008,0.04951928981936955,3.571796628784363,0.22376481324604952,0.04932086810115973,3.5696477681673557,0.2789024991426612,-0.00238709960937504,-0.022161829833984348,0.20890249914266118,0.3489024991426612,-0.08,0.08,-0.05302374880256111,0.05190638942874459,3.5939584586183475,held,0.0,0.0,7.73330102674663e-05,False,0.0,False,False,0.0,0.0,0.0,0.0,-920.6445146372643,0.0007015914123099584,0.5690129574796432,-0.35000000762919903,-0.35000000762919903,-0.3500000076291989,-0.35,0.0,False,False,66675.72552490234,4712.737559711781,15.97169894857784,5.184777911738395e-05,575.7668730414725,0.9260241032311908,1.0082616506939277,1.104394623500175,1.0539044250163887,0.07146035042271176,0.0,0.0015694963232778622,0.0003021177609268611,0.001776891772332004,-0.04883518855349546,0.05271283543694008,-0.004926293435419682,-930.9857138338967,False
16,moderate,71,nominal_nmpc,69.0,0.2257919096680553,0.049500881401924074,3.5965516712171848,0.22455503064109605,0.04878378465394328,3.5956776135266493,0.27918981481481486,-0.0023913842773437832,-0.023356474609375025,0.20918981481481486,0.34918981481481487,-0.08,0.08,-0.05339790514675957,0.05189226567926786,3.61990814582656,held,0.0,0.0,5.383399548009038e-05,False,0.0,False,False,0.0,0.0,0.0,0.0,-915.2045060801934,0.0010477527745294465,0.5712740309649265,-0.35000000762919903,-0.35000000762919903,-0.35000000762919903,-0.35,0.0,False,False,66496.52880859375,4697.151805618527,15.918878062816649,5.333376654186263e-05,588.3577145914884,0.9260241032311908,1.0082616506939277,1.104394623500175,1.0539044250163887,0.07146035042271176,0.0,0.0015694963232778622,0.0003021177609268611,0.001776891772332004,-0.04883518855349546,0.05271283543694008,-0.004926293435419682,-930.9857138338967,False
16,moderate,71,nominal_nmpc,69.5,0.22570542503196767,0.049482581859748735,3.6212975366538585,0.2269716522725651,0.04945418647779037,3.622796904639008,0.27943469221536354,-0.0023954785156249797,-0.02455321411132813,0.20943469221536354,0.34943469221536355,-0.08,0.08,-0.05372926718339588,0.051878060375373715,3.6458507507651867,held,0.0,0.0,5.1042006816715e-05,False,0.0,False,False,0.0,0.0,0.0,0.0,-909.5217769443498,0.001394512230921248,0.5735420617725491,-0.35000000762919903,-0.35000000762919903,-0.35000000762919903,-0.35,0.0,False,False,66317.01788330078,4681.560143855039,15.866037155671014,5.486506159522215e-05,601.2389250928521,0.9260241032311908,1.0082616506939277,1.104394623500175,1.0539044250163887,0.07146035042271176,0.0,0.0015694963232778622,0.0003021177609268611,0.001776891772332004,-0.04883518855349546,0.05271283543694008,-0.004926293435419682,-930.9857138338967,False
16,moderate,71,nominal_nmpc,70.0,0.2256193120658229,0.049464396047715964,3.6460342807457,0.22530137371573727,0.04960988919491812,3.6474000035432432,0.27963648834019206,-0.0023993823242187406,-0.025751953125000004,0.20963648834019205,0.34963648834019206,-0.08,0.08,-0.054017176274369166,0.051863778371934705,3.6717862338706997,Solve_Succeeded,0.030233707977458835,0.0,0.059453750029206276,False,0.0,False,False,0.0,0.0,0.0,0.0,-903.5881780898408,0.001741842133445623,0.5758168902722643,-0.35000000738763676,-0.35000000738763676,-0.35000000738785775,-0.35,0.0,False,False,66137.20703125,4665.963714444511,15.813180090735505,5.64429919369043e-05,614.416323645324,0.9260241032311908,1.0082616506939277,1.104394623500175,1.0539044250163887,0.07146035042271176,0.0,0.0015694963232778622,0.0003021177609268611,0.001776891772332004,-0.04883518855349546,0.05271283543694008,-0.004926293435419682,-930.9857138338967,False
16,moderate,71,nominal_nmpc,70.5,0.22553358711304924,0.04944632898360307,3.6707619616121936,0.2260077258926061,0.04939246067953045,3.6728193430839298,0.2797945601851852,-0.0024030957031249828,-0.02695259643554687,0.20979456018518522,0.34979456018518523,-0.08,0.08,-0.05426097307213598,0.051849424686728054,3.6977145580477404,held,0.0,0.0,8.629204239696264e-05,False,0.0,False,False,0.0,0.0,0.0,0.0,-897.395365819645,0.0020897145080011822,0.5780983557020595,-0.35000000738763676,-0.35000000738763676,-0.350000007387637,-0.35,0.0,False,False,65957.11053466797,4650.3636541041415,15.760310720400511,5.8068919434190106e-05,627.8958031266,0.9260241032311908,1.0082616506939277,1.104394623500175,1.0539044250163887,0.07146035042271176,0.0,0.0015694963232778622,0.0003021177609268611,0.001776891772332004,-0.04883518855349546,0.05271283543694008,-0.004926293435419682,-930.9857138338967,False
16,moderate,71,nominal_nmpc,71.0,0.22544826723068734,0.04942838585197736,3.695480639923418,0.2269573340340392,0.049619612239561905,3.6955462406276274,0.27990826474622776,-0.0024066186523437755,-0.028155048828124987,0.20990826474622776,0.34990826474622777,-0.08,0.08,-0.054459997515540426,0.05183500450432114,3.723635688751543,held,0.0,0.0,6.616697646677494e-05,False,0.0,False,False,0.0,0.0,0.0,0.0,-890.9348005400789,0.002438101053417352,0.5803862961645628,-0.35000000738763676,-0.35000000738763676,-0.35000000738763676,-0.35,0.0,False,False,65776.74267578125,4634.761096285395,15.707432885988693,5.9744240752526634e-05,641.6833290592705,0.9260241032311908,1.0082616506939277,1.104394623500175,1.0539044250163887,0.07146035042271176,0.0,0.0015694963232778622,0.0003021177609268611,0.001776891772332004,-0.04883518855349546,0.05271283543694008,-0.004926293435419682,-930.9857138338967,False
16,moderate,71,nominal_nmpc,71.5,0.22536337019497157,0.0494105720081077,3.7201903789844177,0.22859589427252136,0.049076139782429674,3.721521336699254,0.2799769590192044,-0.0024099511718750355,-0.029359215087890647,0.20997695901920438,0.3499769590192044,-0.08,0.08,-0.05461358882423281,0.05182052317998274,3.7495495940723083,held,0.0,0.0,5.687499651685357e-05,False,0.0,False,False,0.0,0.0,0.0,0.0,-884.1977456079817,0.0027869731399938827,0.5826805486237413,-0.35000000738763676,-0.35000000738763676,-0.35000000738763676,-0.35,0.0,False,False,65596.1177368164,4619.157171213474,15.654550417888743,6.147038793928369e-05,655.7849383610563,0.9260241032311908,1.0082616506939277,1.104394623500175,1.0539044250163887,0.07146035042271176,0.0,0.0015694963232778622,0.0003021177609268611,0.001776891772332004,-0.04883518855349546,0.05271283543694008,-0.004926293435419682,-930.9857138338967,False
16,moderate,71,nominal_nmpc,72.0,0.22527891450818763,0.04939289298189874,3.7448912448215386,0.22634053369962065,0.049225421956233674,3.744631388023119,0.28,-0.002413093261718735,-0.030565000000000023,0.21000000000000002,0.35000000000000003,-0.08,0.08,-0.0547210854918124,0.05180598624361747,3.7754562448215387,Solve_Succeeded,0.030904042010661215,0.0,0.0602944580023177,False,0.0,False,False,0.0,0.0,0.0,0.0,-877.1752663766191,0.0031363018076376453,0.5849809489018909,-0.35000000758132876,-0.35000000758132876,-0.3500000075811516,-0.35,0.0,False,False,65415.25,4603.553005925993,15.60166713568647,6.324882899970851e-05,670.2067379743572,0.9260241032311908,1.0082616506939277,1.104394623500175,1.0539044250163887,0.07146035042271176,0.0,0.0015694963232778622,0.0003021177609268611,0.001776891772332004,-0.04883518855349546,0.05271283543694008,-0.004926293435419682,-930.9857138338967,False
16,moderate,71,nominal_nmpc,72.5,0.22519491940668307,0.04937535448184378,3.7695833062707353,0.22686759272486387,0.04895257699430903,3.768454273342289,0.2799884221215252,-0.0024160449218749713,-0.03177230834960938,0.2099884221215252,0.3499884221215252,-0.08,0.08,-0.054793502714842124,0.051791399403718755,3.801355614620345,held,0.0,0.0,7.299997378140688e-05,False,0.0,False,False,0.0,0.0,0.0,0.0,-869.8582294527099,0.0034860577636403114,0.5872873316769143,-0.35000000758132876,-0.35000000758132876,-0.3500000075813286,-0.35,0.0,False,False,65234.153747558594,4587.949724310893,15.548786848293275,6.508106846377227e-05,684.9549033710392,0.9260241032311908,1.0082616506939277,1.104394623500175,1.0539044250163887,0.07146035042271176,0.0,0.0015694963232778622,0.0003021177609268611,0.001776891772332004,-0.04883518855349546,0.05271283543694008,-0.004926293435419682,-930.9857138338967,False
16,moderate,71,nominal_nmpc,73.0,0.22511140486991857,0.04935796239899219,3.7942666350678573,0.2254407722129136,0.04932493857017074,3.796795747960502,0.27995386457550714,-0.0024188061523437304,-0.032981044921874994,0.20995386457550713,0.34995386457550715,-0.08,0.08,-0.05484245970558857,0.05177676855133592,3.8272476799897324,held,0.0,0.0,5.3292023949325085e-05,False,0.0,False,False,0.0,0.0,0.0,0.0,-862.2373021773049,0.0038362113801379896,0.5895995304798856,-0.35000000758132876,-0.35000000758132876,-0.35000000758132876,-0.35,0.0,False,False,65052.84326171875,4572.348447143617,15.49591335407216,6.696864794254453e-05,700.0356769284758,0.9260241032311908,1.0082616506939277,1.104394623500175,1.0539044250163887,0.07146035042271176,0.0,0.0015694963232778622,0.0003021177609268611,0.001776891772332004,-0.04883518855349546,0.05271283543694008,-0.004926293435419682,-930.9857138338967,False
16,moderate,71,nominal_nmpc,73.5,0.22502839163045726,0.04934072281092665,3.818941305940922,0.22579119758094132,0.04938718379151771,3.8187419700577663,0.2798965914960556,-0.002421376953125026,-0.03419111450195311,0.2098965914960556,0.3498965914960556,-0.08,0.08,-0.05486819986559835,0.051762099764051675,3.853132420442875,held,0.0,0.0,5.0665985327214e-05,False,0.0,False,False,0.0,0.0,0.0,0.0,-854.3029523436171,0.004186732691289642,0.5919173776928992,-0.35000000758132876,-0.35000000758132876,-0.35000000758132876,-0.35,0.0,False,False,64871.33282470703,4556.750292123559,15.44305044096124,6.891314667265344e-05,715.455366172748,0.9260241032311908,1.0082616506939277,1.104394623500175,1.0539044250163887,0.07146035042271176,0.0,0.0015694963232778622,0.0003021177609268611,0.001776891772332004,-0.04883518855349546,0.05271283543694008,-0.004926293435419682,-930.9857138338967,False
16,moderate,71,nominal_nmpc,74.0,0.2249459011847979,0.049323641985745695,3.843607396704378,0.22503911402301802,0.049467066612435225,3.8411861624974,0.27981686701728026,-0.0024237573242187754,-0.03540242187500002,0.20981686701728025,0.34981686701728026,-0.08,0.08,-0.054870965832482355,0.05174739930996447,3.879009818579378,Solve_Succeeded,0.029973500000778586,0.0,0.059119332989212126,False,0.0,False,False,0.0,0.0,0.0,0.0,-846.0454481652351,0.0045375913902078735,0.5942407045472012,-0.35000000735902215,-0.35000000735902215,-0.3500000073592255,-0.35,0.0,False,False,64689.63671875,4541.156373909807,15.390201886594888,7.091618204732457e-05,731.220341884969,0.9260241032311908,1.0082616506939277,1.104394623500175,1.0539044250163887,0.07146035042271176,0.0,0.0015694963232778622,0.0003021177609268611,0.001776891772332004,-0.04883518855349546,0.05271283543694008,-0.004926293435419682,-930.9857138338967,False
16,moderate,71,nominal_nmpc,74.5,0.22486395580496552,0.04930672638604641,3.868264988355359,0.22645998708264106,0.04923092277818994,3.8700820155888875,0.27971495527329077,-0.002425947265624978,-0.03661487182617189,0.20971495527329076,0.3497149552732908,-0.08,0.08,-0.05485099946832525,0.05173267365167139,3.9048798601815307,held,0.0,0.0,6.904103793203831e-05,False,0.0,False,False,0.0,0.0,0.0,0.0,-837.4548585084774,0.004888756825673031,0.5965693411216009,-0.35000000735902215,-0.35000000735902215,-0.3500000073590223,-0.35,0.0,False,False,64507.76922607422,4525.567804156212,15.337371458422572,7.297941013241492e-05,747.3370360666718,0.9260241032311908,1.0082616506939277,1.104394623500175,1.0539044250163887,0.07146035042271176,0.0,0.0015694963232778622,0.0003021177609268611,0.001776891772332004,-0.04883518855349546,0.05271283543694008,-0.004926293435419682,-930.9857138338967,False
16,moderate,71,nominal_nmpc,75.0,0.224782578550779,0.049289982672902,3.8929141651719292,0.22421637295786973,0.049493318208632245,3.8942932916995425,0.2795911203981969,-0.0024279467773437313,-0.037828369140625,0.20959112039819688,0.3495911203981969,-0.08,0.08,-0.0548085418474179,0.05171792945024573,3.930742534312554,held,0.0,0.0,5.3709023632109165e-05,False,0.0,False,False,0.0,0.0,0.0,0.0,-828.5210534029642,0.00524019799865897,0.598903116341161,-0.35000000735902215,-0.35000000735902215,-0.35000000735902215,-0.35,0.0,False,False,64325.74462890625,4509.985691545775,15.284562913825413,7.510452616578674e-05,763.8119397602144,0.9260241032311908,1.0082616506939277,1.104394623500175,1.0539044250163887,0.07146035042271176,0.0,0.0015694963232778622,0.0003021177609268611,0.001776891772332004,-0.04883518855349546,0.05271283543694008,-0.004926293435419682,-930.9857138338967,False
16,moderate,71,nominal_nmpc,75.5,0.22470179328272175,0.049273417709828675,3.917555014813313,0.22570104327099944,0.04955094217959272,3.9194113216308373,0.2794456265261082,-0.0024297558593749935,-0.03904281860351562,0.2094456265261082,0.3494456265261082,-0.08,0.08,-0.05474383324338647,0.05170317356920367,3.9565978334168284,held,0.0,0.0,5.0915987230837345e-05,False,0.0,False,False,0.0,0.0,0.0,0.0,-819.233704844776,0.005591883558696865,0.6012418579761649,-0.35000000735902215,-0.35000000735902215,-0.35000000735902215,-0.35,0.0,False,False,64143.577209472656,4494.411141824394,15.231780000230545,7.729326503828762e-05,780.6516007201743,0.9260241032311908,1.0082616506939277,1.104394623500175,1.0539044250163887,0.07146035042271176,0.0,0.0015694963232778622,0.0003021177609268611,0.001776891772332004,-0.04883518855349546,0.05271283543694008,-0.004926293435419682,-930.9857138338967,False
16,moderate,71,nominal_nmpc,76.0,0.22462162467534594,0.04925703856673599,3.9421876284221047,0.2245361689728859,0.04892653299975831,3.9402671707209596,0.2792787377911345,-0.0024313745117187785,-0.04025812499999999,0.20927873779113448,0.3492787377911345,-0.08,0.08,-0.05465711311578855,0.051688413078454766,3.9824457534221045,Solve_Succeeded,0.02961704198969528,0.0,0.05817187501816079,False,0.0,False,False,0.0,0.0,0.0,0.0,-809.5822879068571,0.005943781800101133,0.6035853926413581,-0.3500000075404268,-0.3500000075404268,-0.3500000075402609,-0.35,0.0,False,False,63961.28125,4478.845257833978,15.179026455223338,7.954740175452775e-05,797.8626209317265,0.9260241032311908,1.0082616506939277,1.104394623500175,1.0539044250163887,0.07146035042271176,0.0,0.0015694963232778622,0.0003021177609268611,0.001776891772332004,-0.04883518855349546,0.05271283543694008,-0.004926293435419682,-930.9857138338967,False
16,moderate,71,nominal_nmpc,76.5,0.22454209823114535,0.04924085252385443,3.9668121007284496,0.22296335383590793,0.04954591528476769,3.968621313969951,0.27909071832738547,-0.002432802734375031,-0.0414741931152344,0.20909071832738546,0.3490907183273855,-0.08,0.08,-0.05454862009624012,0.05167365525822946,4.008286293843684,held,0.0,0.0,7.71670020185411e-05,False,0.0,False,False,0.0,0.0,0.0,0.0,-799.5560821715904,0.006295860658080035,0.6059335457954627,-0.3500000075404268,-0.3500000075404268,-0.35000000754042665,-0.35,0.0,False,False,63778.871032714844,4463.289139544943,15.126306006657531,8.186875187156579e-05,815.4516539720364,0.9260241032311908,1.0082616506939277,1.104394623500175,1.0539044250163887,0.07146035042271176,0.0,0.0015694963232778622,0.0003021177609268611,0.001776891772332004,-0.04883518855349546,0.05271283543694008,-0.004926293435419682,-930.9857138338967,False
16,moderate,71,nominal_nmpc,77.0,0.22446324029483597,0.049224867075633845,3.9914285301561776,0.21989192197309212,0.04948419632784754,3.9941846675463504,0.27888183226897073,-0.0024340405273437365,-0.04269092773437502,0.20888183226897072,0.34888183226897074,-0.08,0.08,-0.05441859197413476,0.05165890760297758,4.034119457890553,held,0.0,0.0,5.8334029745310545e-05,False,0.0,False,False,0.0,0.0,0.0,0.0,-789.1441735006999,0.006648087704752434,0.6082861417409636,-0.3500000075404268,-0.3500000075404268,-0.3500000075404268,-0.35,0.0,False,False,63596.36083984375,4447.743884088104,15.073622372763316,8.425917191353359e-05,833.425402210729,0.9260241032311908,1.0082616506939277,1.104394623500175,1.0539044250163887,0.07146035042271176,0.0,0.0015694963232778622,0.0003021177609268611,0.001776891772332004,-0.04883518855349546,0.05271283543694008,-0.004926293435419682,-930.9857138338967,False
16,moderate,71,nominal_nmpc,77.5,0.22438507806798608,0.049209089934605946,4.0160370189308825,0.22385720762533307,0.04933651491651864,4.016099004367134,0.27865234375000003,-0.002435087890624979,-0.043908233642578134,0.20865234375000002,0.34865234375000004,-0.08,0.08,-0.054267265682013954,0.051644177825230925,4.059945252573461,held,0.0,0.0,5.241698818281293e-05,False,0.0,False,False,0.0,0.0,0.0,0.0,-778.3354561578844,0.007000430145090129,0.610643003624165,-0.3500000075404268,-0.3500000075404268,-0.3500000075404268,-0.35,0.0,False,False,63413.76495361328,4432.210585785984,15.020979262253448,8.672055976015036e-05,851.7906138455522,0.9260241032311908,1.0082616506939277,1.104394623500175,1.0539044250163887,0.07146035042271176,0.0,0.0015694963232778622,0.0003021177609268611,0.001776891772332004,-0.04883518855349546,0.05271283543694008,-0.004926293435419682,-930.9857138338967,False
16,moderate,71,nominal_nmpc,78.0,0.22430763962394093,0.04919352903520375,4.040637673189915,0.22662906250588824,0.04917457414403047,4.041538042278883,0.27840251690458306,-0.0024359448242187165,-0.045126015625,0.20840251690458306,0.34840251690458307,-0.08,0.08,-0.054094877280642134,0.051629473859422466,4.0857636888149145,Solve_Succeeded,0.030411916028242558,0.0,0.059627417009323835,False,0.0,False,False,0.0,0.0,0.0,0.0,-767.1186352997654,0.007352854812804822,0.6130039534355131,-0.35000000723597874,-0.35000000723597874,-0.35000000723625724,-0.35,0.0,False,False,63231.09765625,4416.690336183554,14.968380374427417,8.925485500699444e-05,870.5540797694268,0.9260241032311908,1.0082616506939277,1.104394623500175,1.0539044250163887,0.07146035042271176,0.0,0.0015694963232778622,0.0003021177609268611,0.001776891772332004,-0.04883518855349546,0.05271283543694008,-0.004926293435419682,-930.9857138338967,False
16,moderate,71,nominal_nmpc,78.5,0.2242309539229892,0.04917819253753069,4.065230603094281,0.2220939488579618,0.04911006761744528,4.063654990377962,0.27813261586682947,-0.0024366113281250323,-0.04634417846679685,0.20813261586682946,0.3481326158668295,-0.08,0.08,-0.05390166194384027,0.05161480386565572,4.111574781561078,held,0.0,0.0,9.133398998528719e-05,False,0.0,False,False,0.0,0.0,0.0,0.0,-755.4822298509239,0.007705328166197199,0.6153688120101857,-0.35000000723597874,-0.35000000723597874,-0.350000007235979,-0.35,0.0,False,False,63048.37322998047,4401.184224078418,14.91582939927376,9.186403929531612e-05,889.7226302651187,0.9260241032311908,1.0082616506939277,1.104394623500175,1.0539044250163887,0.07146035042271176,0.0,0.0015694963232778622,0.0003021177609268611,0.001776891772332004,-0.04883518855349546,0.05271283543694008,-0.004926293435419682,-930.9857138338967,False
16,moderate,71,nominal_nmpc,79.0,0.2241550508277201,0.04916308883107158,4.089815922942402,0.22402420627603734,0.049414350843030676,4.091109454203265,0.277842904770849,-0.002437087402343774,-0.047562626953125034,0.207842904770849,0.347842904770849,-0.08,0.08,-0.05368785394312889,0.051600176233415354,4.137378549895527,held,0.0,0.0,5.841703386977315e-05,False,0.0,False,False,0.0,0.0,0.0,0.0,-743.4145757789327,0.008057816283985816,0.6177373990289489,-0.35000000723597874,-0.35000000723597874,-0.35000000723597874,-0.35,0.0,False,False,62865.60595703125,4385.6933355504425,14.863330017570455,9.455013660908962e-05,909.3031315238322,0.9260241032311908,1.0082616506939277,1.104394623500175,1.0539044250163887,0.07146035042271176,0.0,0.0015694963232778622,0.0003021177609268611,0.001776891772332004,-0.04883518855349546,0.05271283543694008,-0.004926293435419682,-930.9857138338967,False
16,moderate,71,nominal_nmpc,79.5,0.2240799611185222,0.04914822653833753,4.114393751285721,0.22497304164757184,0.049258260537660775,4.115975353416971,0.27753364775075134,-0.002437373046874969,-0.048781265869140625,0.20753364775075134,0.34753364775075135,-0.08,0.08,-0.05345368663222916,0.0515855995852125,4.163175017154862,held,0.0,0.0,5.462497938424349e-05,False,0.0,False,False,0.0,0.0,0.0,0.0,-730.903829785429,0.00841028486113108,0.6201095330192727,-0.35000000723597874,-0.35000000723597874,-0.35000000723597874,-0.35,0.0,False,False,62682.810119628906,4370.218753990877,14.810885900983639,9.731521353692419e-05,929.302481984202,0.9260241032311908,1.0082616506939277,1.104394623500175,1.0539044250163887,0.07146035042271176,0.0,0.0015694963232778622,0.0003021177609268611,0.001776891772332004,-0.04883518855349546,0.05271283543694008,-0.004926293435419682,-930.9857138338967,False
16,moderate,71,nominal_nmpc,80.0,0.22400571650917542,0.049133614518436376,4.138964211046107,0.2248536100231813,0.04931637701842483,4.136294308422632,0.27720510894064615,-0.002437468261718756,-0.05,0.20720510894064614,0.34720510894064616,-0.08,0.08,-0.05319939243147073,0.05157108278015513,4.188964211046107,Solve_Succeeded,0.029932500037830323,0.0,0.05967429099837318,False,0.0,False,False,0.0,0.0,0.0,0.0,-717.937973429335,0.00876269920467116,0.6224850313567132,-0.3500000065472054,-0.3500000065472054,-0.3500000065478355,-0.35,0.0,False,False,62500.0,4354.761560130941,14.758500712164466,0.00010016137949635919,949.7276084881312,0.9260241032311908,1.0082616506939277,1.104394623500175,1.0539044250163887,0.07146035042271176,0.0,0.0015694963232778622,0.0003021177609268611,0.001776891772332004,-0.04883518855349546,0.05271283543694008,-0.004926293435419682,-930.9857138338967,False
16,moderate,71,nominal_nmpc,80.5,0.22393234966248973,0.04911926187056002,4.16352742963503,0.22423983785974527,0.049224673730582855,4.160976727179266,0.27685755247464316,-0.0024373730468749966,-0.05121873413085938,0.20685755247464316,0.34685755247464317,-0.08,0.08,-0.05292520281215343,0.051556634917435014,4.21474616376589,held,0.0,0.0,8.804199751466513e-05,False,0.0,False,False,0.0,0.0,0.0,0.0,-704.5048176984143,0.009115024229584413,0.6248637102665509,-0.3500000065472054,-0.3500000065472054,-0.350000006547206,-0.35,0.0,False,False,62317.189880371094,4339.322832069908,14.706178104844305,0.00010309078691798918,970.5854622501256,0.9260241032311908,1.0082616506939277,1.104394623500175,1.0539044250163887,0.07146035042271176,0.0,0.0015694963232778622,0.0003021177609268611,0.001776891772332004,-0.04883518855349546,0.05271283543694008,-0.004926293435419682,-930.9857138338967,False
16,moderate,71,nominal_nmpc,81.0,0.2238598942059436,0.049105177937379715,4.188083539074448,0.22166067999513173,0.048615524237176966,4.188784823173647,0.27649124248685203,-0.002437087402343746,-0.052437373046875,0.20649124248685202,0.34649124248685204,-0.08,0.08,-0.05263134828090843,0.05154226533972346,4.2405209121213225,held,0.0,0.0,5.7582976296544075e-05,False,0.0,False,False,0.0,0.0,0.0,0.0,-690.5920080453471,0.009467224454693217,0.6272453848256894,-0.3500000065472054,-0.3500000065472054,-0.3500000065472054,-0.35,0.0,False,False,62134.39404296875,4323.90364530272,14.653921723928308,0.00010610563138677903,991.8830146368923,0.9260241032311908,1.0082616506939277,1.104394623500175,1.0539044250163887,0.07146035042271176,0.0,0.0015694963232778622,0.0003021177609268611,0.001776891772332004,-0.04883518855349546,0.05271283543694008,-0.004926293435419682,-930.9857138338967,False
16,moderate,71,nominal_nmpc,81.5,0.22378838474727686,0.049091372308339966,4.212632676119377,0.22451001295852702,0.04946850457911086,4.211269789853085,0.27610644311138244,-0.0024366113281250046,-0.05365582153320313,0.20610644311138243,0.34610644311138244,-0.08,0.08,-0.05231805836410558,0.05152798363646497,4.26628849765258,held,0.0,0.0,5.1708018872886896e-05,False,0.0,False,False,0.0,0.0,0.0,0.0,-676.1870299044857,0.009819263998624775,0.6296298689648132,-0.3500000065472054,-0.3500000065472054,-0.3500000065472054,-0.35,0.0,False,False,61951.62677001953,4308.505072747086,14.601735205587266,0.00010920815173783877,1013.6272527540336,0.9260241032311908,1.0082616506939277,1.104394623500175,1.0539044250163887,0.07146035042271176,0.0,0.0015694963232778622,0.0003021177609268611,0.001776891772332004,-0.04883518855349546,0.05271283543694008,-0.004926293435419682,-930.9857138338967,False
16,moderate,71,nominal_nmpc,82.0,0.2237178568899921,0.04907785482284138,4.23717498238207,0.2209722203632067,0.04923021772996466,4.236691310771451,0.27570341848234414,-0.0024359448242187443,-0.054873984375000004,0.20570341848234414,0.34570341848234415,-0.08,0.08,-0.05198556159235204,0.05151379964706013,4.29204896675707,Solve_Succeeded,0.02993754204362631,0.0,0.05759433301864192,False,0.0,False,False,0.0,0.0,0.0,0.0,-661.2772147054218,0.010171106575841811,0.6320169754707983,-0.35000000549526933,-0.35000000549526933,-0.35000000549623156,-0.35,0.0,False,False,61768.90234375,4293.128184770147,14.549622177347963,0.00011240063010384686,1035.8251748368966,0.9260241032311908,1.0082616506939277,1.104394623500175,1.0539044250163887,0.07146035042271176,0.0,0.0015694963232778622,0.0003021177609268611,0.001776891772332004,-0.04883518855349546,0.05271283543694008,-0.004926293435419682,-930.9857138338967,False
16,moderate,71,nominal_nmpc,82.5,0.22364834724871932,0.04906463557330263,4.261710604457768,0.22184950336276896,0.04880897020008817,4.258906830104312,0.2752824327338468,-0.0024350878906250206,-0.05609176635742187,0.20528243273384678,0.3452824327338468,-0.08,0.08,-0.05163408548512746,0.05149972346392765,4.3178023708151905,held,0.0,0.0,6.78329961374402e-05,False,0.0,False,False,0.0,0.0,0.0,0.0,-645.8497463993419,0.01052271549275885,0.6344065159893799,-0.35000000549526933,-0.35000000549526933,-0.3500000054952702,-0.35,0.0,False,False,61586.23504638672,4277.774049214653,14.497586258181908,0.00011568539191122354,1058.4837854427342,0.9260241032311908,1.0082616506939277,1.104394623500175,1.0539044250163887,0.07146035042271176,0.0,0.0015694963232778622,0.0003021177609268611,0.001776891772332004,-0.04883518855349546,0.05271283543694008,-0.004926293435419682,-930.9857138338967,False
16,moderate,71,nominal_nmpc,83.0,0.2235798934643983,0.0490517249080911,4.286239694051936,0.22535181723118447,0.04923552980506367,4.285233965768152,0.27484375,-0.0024340405273437504,-0.057309072265625025,0.20484375,0.34484375,-0.08,0.08,-0.0512638565356017,0.05148576543543485,4.343548766317561,held,0.0,0.0,5.425000563263893e-05,False,0.0,False,False,0.0,0.0,0.0,0.0,-629.8916685140429,0.01087405364395707,0.6367983010280722,-0.35000000549526933,-0.35000000549526933,-0.35000000549526933,-0.35,0.0,False,False,61403.63916015625,4262.443731424724,14.445631058592618,0.00011906480582207455,1081.610090441561,0.9260241032311908,1.0082616506939277,1.104394623500175,1.0539044250163887,0.07146035042271176,0.0,0.0015694963232778622,0.0003021177609268611,0.001776891772332004,-0.04883518855349546,0.05271283543694008,-0.004926293435419682,-930.9857138338967,False
16,moderate,71,nominal_nmpc,83.5,0.22351253421923295,0.04903913343431183,4.310762408108943,0.2229589244383545,0.04951275021154567,4.311334403185578,0.27438763441491365,-0.002432802734374989,-0.05852580688476562,0.20438763441491364,0.34438763441491366,-0.08,0.08,-0.0508751001956807,0.05147193616868682,4.369288214993708,held,0.0,0.0,5.212501855567098e-05,False,0.0,False,False,0.0,0.0,0.0,0.0,-613.3898917532483,0.011225083508512729,0.6391921399593407,-0.35000000549526933,-0.35000000549526933,-0.35000000549526933,-0.35,0.0,False,False,61221.128967285156,4247.138294271152,14.393760180701383,0.00012254128361883614,1105.2110918031892,0.9260241032311908,1.0082616506939277,1.104394623500175,1.0539044250163887,0.07146035042271176,0.0,0.0015694963232778622,0.0003021177609268611,0.001776891772332004,-0.04883518855349546,0.05271283543694008,-0.004926293435419682,-930.9857138338967,False
16,moderate,71,nominal_nmpc,84.0,0.22344630925137166,0.04902687202044366,4.335278908942085,0.22479516726809393,0.04932059831301304,4.334595238504072,0.27391435011269727,-0.002431374511718737,-0.059741875000000014,0.20391435011269726,0.3439143501126973,-0.08,0.08,-0.050468040861325614,0.0514582465321624,4.395020783942085,Solve_Succeeded,0.029553874977864325,0.0,0.05721787502989173,False,0.0,False,False,0.0,0.0,0.0,0.0,-596.331202155646,0.011575767146452608,0.6415878410240256,-0.3500000006825486,-0.3500000006825486,-0.3500000006869509,-0.35,0.0,False,False,61038.71875,4231.858798176278,14.341977218331582,0.00012611728002847857,1129.293782178205,0.9260241032311908,1.0082616506939277,1.104394623500175,1.0539044250163887,0.07146035042271176,0.0,0.0015694963232778622,0.0003021177609268611,0.001776891772332004,-0.04883518855349546,0.05271283543694008,-0.004926293435419682,-930.9857138338967,False
16,moderate,71,nominal_nmpc,84.5,0.2233812593692672,0.04901495179881155,4.359789364364898,0.22168555349370678,0.04946798542652152,4.358976759375047,0.2734241612274606,-0.0024297558593749935,-0.06095718139648436,0.2034241612274606,0.3434241612274606,-0.08,0.08,-0.050042901858193406,0.051444707658186546,4.420746545761383,held,0.0,0.0,6.604200461879373e-05,False,0.0,False,False,0.0,0.0,0.0,0.0,-578.7022698287415,0.011926066195350735,0.6439852113350127,-0.3500000006825486,-0.3500000006825486,-0.35000000068255266,-0.35,0.0,False,False,60856.422790527344,4216.606301138476,14.290285757091644,0.00012979529248304008,1153.8651392708186,0.9260241032311908,1.0082616506939277,1.104394623500175,1.0539044250163887,0.07146035042271176,0.0,0.0015694963232778622,0.0003021177609268611,0.001776891772332004,-0.04883518855349546,0.05271283543694008,-0.004926293435419682,-930.9857138338967,False
16,moderate,71,nominal_nmpc,85.0,0.2233174264656692,0.049003384167883426,4.384293947823654,0.22080823194238716,0.04941336155097827,4.384984751239822,0.27291733189331335,-0.002427946777343787,-0.06217163085937501,0.20291733189331335,0.34291733189331336,-0.08,0.08,-0.04959990542764414,0.05143133094522721,4.4464655786830285,held,0.0,0.0,9.754201164469123e-05,False,0.0,False,False,0.0,0.0,0.0,0.0,-560.4896582722827,0.012275941867080947,0.6463840568811571,-0.3500000006825486,-0.3500000006825486,-0.3500000006825486,-0.35,0.0,False,False,60674.25537109375,4201.381858756196,14.238689374456536,0.00013357786081318504,1178.9321200017148,0.9260241032311908,1.0082616506939277,1.104394623500175,1.0539044250163887,0.07146035042271176,0.0,0.0015694963232778622,0.0003021177609268611,0.001776891772332004,-0.04883518855349546,0.05271283543694008,-0.004926293435419682,-930.9857138338967,False
16,moderate,71,nominal_nmpc,85.5,0.22325485353120145,0.04899218079437983,4.40879283853096,0.22296140596461372,0.0486098868519172,4.409804207678194,0.27239412624436515,-0.002425947265624978,-0.06338512817382815,0.20239412624436515,0.34239412624436516,-0.08,0.08,-0.049139272713163706,0.05141812806000481,4.4721779667047885,held,0.0,0.0,5.9833982959389687e-05,False,0.0,False,False,0.0,0.0,0.0,0.0,-541.6798343055945,0.012625354944738876,0.6487841825314473,-0.3500000006825486,-0.3500000006825486,-0.3500000006825486,-0.35,0.0,False,False,60492.23077392578,4186.186524251644,14.187191639848015,0.00013746756687140827,1204.5016544593338,0.9260241032311908,1.0082616506939277,1.104394623500175,1.0539044250163887,0.07146035042271176,0.0,0.0015694963232778622,0.0003021177609268611,0.001776891772332004,-0.04883518855349546,0.05271283543694008,-0.004926293435419682,-930.9857138338967,False
16,moderate,71,nominal_nmpc,86.0,0.22319358466747585,0.0489813536151843,4.433286221600369,0.22396040845743734,0.04874706274871768,4.433983968735903,0.2718548084147258,-0.002423757324218734,-0.06459757812499999,0.2018548084147258,0.3418548084147258,-0.08,0.08,-0.04866122374724996,0.05140511093940303,4.497883799725369,Solve_Succeeded,0.029669040988665074,0.0,0.05983820796245709,False,0.0,False,False,0.0,0.0,0.0,0.0,-522.2592148508367,0.012974264629435482,0.651185392039422,-0.349999994281608,-0.349999994281608,-0.3499999942874631,-0.3499999942874631,1.1425073775939154e-08,False,False,60310.36328125,4171.021348494046,14.13579611471348,0.00014146703408142894,1230.580639638184,0.9260241032311908,1.0082616506939277,1.104394623500175,1.0539044250163887,0.07146035042271176,0.0,0.0015694963232778622,0.0003021177609268611,0.001776891772332004,-0.04883518855349546,0.05271283543694008,-0.004926293435419682,-930.9857138338967,False
16,moderate,71,nominal_nmpc,86.5,0.2231336650995192,0.04897091483831735,4.457774288181702,0.22317118170510664,0.04829582533433168,4.456565210275303,0.2712996425385049,-0.0024213769531249985,-0.06580888549804688,0.2012996425385049,0.3412996425385049,-0.08,0.08,-0.04816597743898571,0.05139229179144235,4.523583173679749,held,0.0,0.0,8.612498641014099e-05,False,0.0,False,False,0.0,0.0,0.0,0.0,-502.214034112442,0.013322633133489088,0.6535874880478271,-0.349999994281608,-0.349999994281608,-0.3499999942816133,-0.3499999942816133,1.16995302334999e-11,False,False,60128.66717529297,4155.887380022547,14.084506352603574,0.00014557892691025178,1257.1759329631054,0.9260241032311908,1.0082616506939277,1.104394623500175,1.0539044250163887,0.07146035042271176,0.0,0.0015694963232778622,0.0003021177609268611,0.001776891772332004,-0.04883518855349546,0.05271283543694008,-0.004926293435419682,-930.9857138338967,False
16,moderate,71,nominal_nmpc,87.0,0.22307514118800698,0.04896087694656608,4.482257235597528,0.2194567320125272,0.04899655741910658,4.484578780681925,0.2707288927498122,-0.0024188061523437443,-0.06701895507812498,0.2007288927498122,0.3407288927498122,-0.08,0.08,-0.047653751561805235,0.05137968309890983,4.549276190675653,held,0.0,0.0,6.454100366681814e-05,False,0.0,False,False,0.0,0.0,0.0,0.0,-481.5305699391419,0.01367041879344641,0.6559902720935179,-0.349999994281608,-0.349999994281608,-0.349999994281608,-0.349999994281608,1.0658141036401503e-14,False,False,59947.15673828125,4140.785665068743,14.033325899248526,0.00014980595025930425,1284.2943455986585,0.9260241032311908,1.0082616506939277,1.104394623500175,1.0539044250163887,0.07146035042271176,0.0,0.0015694963232778622,0.0003021177609268611,0.001776891772332004,-0.04883518855349546,0.05271283543694008,-0.004926293435419682,-930.9857138338967,False
16,moderate,71,nominal_nmpc,87.5,0.22301806044084965,0.04895125269658576,4.506735267480325,0.22370005711867302,0.04904346076775115,4.507498895044407,0.27014282318275734,-0.0024160449218750546,-0.06822769165039062,0.20014282318275733,0.34014282318275735,-0.08,0.08,-0.04712476274190769,0.05136729761846082,4.5749629591307155,held,0.0,0.0,5.387497367337346e-05,False,0.0,False,False,0.0,0.0,0.0,0.0,-460.19501429116656,0.014017580649229588,0.6583935446126042,-0.349999994281608,-0.349999994281608,-0.349999994281608,-0.349999994281608,0.0,False,False,59765.846252441406,4125.717247578832,13.982258292633263,0.00015415084877099428,1311.9426355430767,0.9260241032311908,1.0082616506939277,1.104394623500175,1.0539044250163887,0.07146035042271176,0.0,0.0015694963232778622,0.0003021177609268611,0.001776891772332004,-0.04883518855349546,0.05271283543694008,-0.004926293435419682,-930.9857138338967,False
16,moderate,71,nominal_nmpc,88.0,0.22296247152377133,0.048942055120591396,4.531208593909838,0.22623102492105907,0.049025112447976894,4.531852202559446,0.26954169797145006,-0.002413093261718763,-0.06943500000000004,0.19954169797145005,0.33954169797145006,-0.08,0.08,-0.04657922644767873,0.05135514838231016,4.6006435939098385,Solve_Succeeded,0.02942345797782764,0.0,0.057818915985990316,False,0.0,False,False,0.0,0.0,0.0,0.0,-1069.1204165174656,-0.0040263981013278285,0.6607971049458362,0.009999587201431286,0.009999587201431286,0.009670286570835906,-0.259999994281608,0.17999999999999994,False,True,59584.75,4110.6831692354335,13.931307063071314,0.0001586164060469785,1340.1275005065822,0.9260241032311908,1.0082616506939277,1.104394623500175,1.0539044250163887,0.07146035042271176,0.0,0.0015694963232778622,0.0003021177609268611,0.001776891772332004,-0.04883518855349546,0.05271283543694008,-0.004926293435419682,-930.9857138338967,False
16,moderate,71,nominal_nmpc,88.5,0.22290538215738517,0.04892067923854134,4.555674276949129,0.2241905022918802,0.048479078552405436,4.553542468010539,0.26892578125000005,-0.00240995117187498,-0.07064078491210939,0.19892578125000004,0.33892578125000006,-0.08,0.08,-0.04602039909261488,0.05133063041041632,4.626315061861239,held,0.0,0.0,6.504100747406483e-05,False,0.0,False,False,0.0,0.0,0.0,0.0,-1709.067331067375,-0.02220381304393943,0.6632007513442304,0.009999587201431286,0.009999587201431286,0.009999285981899685,-0.16999999428160803,0.18,False,True,59403.882263183594,4095.6844694790416,13.880475733277544,0.00016320544377437294,1368.8555705741176,0.9260241032311908,1.0082616506939277,1.104394623500175,1.0539044250163887,0.07146035042271176,0.0,0.0015694963232778622,0.0003021177609268611,0.001776891772332004,-0.04883518855349546,0.05271283543694008,-0.004926293435419682,-930.9857138338967,False
16,moderate,71,nominal_nmpc,89.0,0.2228410329807835,0.048886505310987094,4.580126072452875,0.22427899306877283,0.048300214680460286,4.57984619466573,0.2682953371525169,-0.0024066186523437616,-0.07184495117187502,0.1982953371525169,0.3382953371525169,-0.08,0.08,-0.045454304171733406,0.051293123963330856,4.65197102362475,held,0.0,0.0,5.279097240418196e-05,False,0.0,False,False,0.0,0.0,0.0,0.0,-2381.0266330425966,-0.04051274605137001,0.6656042809749362,0.009999587201431286,0.009999587201431286,0.009999586925898238,-0.07999999428160803,0.18,False,True,59223.25732421875,4080.722185529149,13.829767818439732,0.0001679208207560894,1398.1334006529132,0.9260241032311908,1.0082616506939277,1.104394623500175,1.0539044250163887,0.07146035042271176,0.0,0.0015694963232778622,0.0003021177609268611,0.001776891772332004,-0.04883518855349546,0.05271283543694008,-0.004926293435419682,-930.9857138338967,False
16,moderate,71,nominal_nmpc,89.5,0.22276396634957382,0.04883889378607231,4.604557421452454,0.22201174029118398,0.04888505489867423,4.604152700738074,0.2676506298131105,-0.0024030957031249967,-0.07304740356445315,0.1976506298131105,0.3376506298131105,-0.08,0.08,-0.044886663463536675,0.05124198948919731,4.677604825016907,held,0.0,0.0,4.941702354699373e-05,False,0.0,False,False,0.0,0.0,0.0,0.0,-3086.0066917638437,-0.058951278057055724,0.6680074899273395,0.009999587201431286,0.009999587201431286,0.00999958720117925,0.009999587201179244,0.17999916296557456,False,False,59042.88946533203,4065.797352405041,13.779186826289047,0.00017276543184144028,1427.9674627056402,0.9260241032311908,1.0082616506939277,1.104394623500175,1.0539044250163887,0.07146035042271176,0.0,0.0015694963232778622,0.0003021177609268611,0.001776891772332004,-0.04883518855349546,0.05271283543694008,-0.004926293435419682,-930.9857138338967,False
16,moderate,71,nominal_nmpc,90.0,0.22266898544279876,0.048777184953243125,4.628961440162874,0.2215281370076293,0.04892496694802666,4.631389582799514,0.26699192336589034,-0.0023993823242187684,-0.07424804687500001,0.19699192336589033,0.33699192336589034,-0.08,0.08,-0.04432293792309158,0.05117656727746189,4.703209487037873,Solve_Succeeded,0.02979333302937448,0.0,0.05901133402949199,False,0.0,False,False,0.0,0.0,0.0,0.0,-3825.0454644234164,-0.07751782019286851,0.6704101732194035,0.349999945635077,0.349999945635077,0.349688938794531,0.09999958720117924,0.18,False,True,58862.79296875,4050.911002946254,13.728736257169384,0.00017774220675311546,1458.3641377702647,0.9260241032311908,1.0082616506939277,1.104394623500175,1.0539044250163887,0.07146035042271176,0.0,0.0015694963232778622,0.0003021177609268611,0.001776891772332004,-0.04883518855349546,0.05271283543694008,-0.004926293435419682,-930.9857138338967,False
16,moderate,71,nominal_nmpc,90.5,0.22255111740722247,0.04870069835497857,4.653330909756066,0.22372649946968973,0.04830721958335335,4.656487462034517,0.2663194819449662,-0.002395478515624966,-0.07544678588867192,0.19631948194496618,0.3363194819449662,-0.08,0.08,-0.043768364537743715,0.051096176870603534,4.728777695644737,held,0.0,0.0,6.670900620520115e-05,False,0.0,False,False,0.0,0.0,0.0,0.0,-4599.191270944288,-0.09621058307455674,0.6728121248042477,0.349999945635077,0.349999945635077,0.34999966114933323,0.18999958720117924,0.18,False,True,58682.98211669921,4036.0641678327297,13.678419604105663,0.00018285410880660203,1489.329707768064,0.9260241032311908,1.0082616506939277,1.104394623500175,1.0539044250163887,0.07146035042271176,0.0,0.0015694963232778622,0.0003021177609268611,0.001776891772332004,-0.04883518855349546,0.05271283543694008,-0.004926293435419682,-930.9857138338967,False
16,moderate,71,nominal_nmpc,91.0,0.22240558015486867,0.048608732582934154,4.677658265936156,0.22018422689872197,0.04865387723658363,4.675912103573324,0.26563356968444785,-0.0023913842773437277,-0.07664352539062498,0.19563356968444784,0.33563356968444785,-0.08,0.08,-0.04322798952957918,0.05100011686027788,4.754301791326781,held,0.0,0.0,5.2541960030794144e-05,False,0.0,False,False,0.0,0.0,0.0,0.0,-5409.514672927605,-0.11502791003716092,0.6752131375769588,0.349999945635077,0.349999945635077,0.3499999453748508,0.27999958720117923,0.18,False,True,58503.47119140625,4021.257875604648,13.628240352871046,0.00018810413351809914,1520.8703471016818,0.9260241032311908,1.0082616506939277,1.104394623500175,1.0539044250163887,0.07146035042271176,0.0,0.0015694963232778622,0.0003021177609268611,0.001776891772332004,-0.04883518855349546,0.05271283543694008,-0.004926293435419682,-930.9857138338967,False
16,moderate,71,nominal_nmpc,91.5,0.22222775246530457,0.048500564836421796,4.7019355883533995,0.22207574034671848,0.0481739845448079,4.7032330874184725,0.2649344507184448,-0.0023870996093749985,-0.07783817016601564,0.19493445071844479,0.3349344507184448,-0.08,0.08,-0.04270669825314022,0.050887664445796794,4.779773758519415,held,0.0,0.0,5.0166971050202847e-05,False,0.0,False,False,0.0,0.0,0.0,0.0,-6090.496971919229,-0.12977748354043214,0.6776130033816398,0.349999945635077,0.349999945635077,0.349999945634839,0.349999945634839,0.14000071686731952,False,False,58324.274475097656,4006.4931526819596,13.57820198205314,0.0001934953070969618,1552.9921140454805,0.9260241032311908,1.0082616506939277,1.104394623500175,1.0539044250163887,0.07146035042271176,0.0,0.0015694963232778622,0.0003021177609268611,0.001776891772332004,-0.04883518855349546,0.05271283543694008,-0.004926293435419682,-930.9857138338967,False
16,moderate,71,nominal_nmpc,92.0,0.22201395033534363,0.04837878263490324,4.72615542284493,0.21818757628571353,0.04831340999818661,4.7247747393603365,0.2642223891810669,-0.002382624511718723,-0.07903062499999998,0.19422238918106688,0.3342223891810669,-0.08,0.08,-0.042208438845723256,0.050761407146621966,4.80518604784493,Solve_Succeeded,0.030230000033043325,0.0,0.05921858304645866,False,0.0,False,False,0.0,0.0,0.0,0.0,-6204.111710115669,-0.12989932640069266,0.6800115130186897,0.3499999655286174,0.3499999655286174,0.34999996551042006,0.34999996551042006,3.975116213972285e-08,False,False,58145.40625,3991.771023383624,13.528307963119177,0.00019903068481869467,1585.700941930815,0.9260241032311908,1.0082616506939277,1.104394623500175,1.0539044250163887,0.07146035042271176,0.0,0.0015694963232778622,0.0003021177609268611,0.001776891772332004,-0.04883518855349546,0.05271283543694008,-0.004926293435419682,-930.9857138338967,False
16,moderate,71,nominal_nmpc,92.5,0.22176421062793183,0.04825473363712787,4.750313799082119,0.21920331687303896,0.04773734861581638,4.752211323511593,0.26349764920642377,-0.0023779589843750393,-0.08022079467773437,0.19349764920642376,0.3334976492064238,-0.08,0.08,-0.04173343857849193,0.05063269262150291,4.830534593759853,held,0.0,0.0,6.216601468622684e-05,False,0.0,False,False,0.0,0.0,0.0,0.0,-6319.41279193381,-0.1300093210604978,0.6824084562523166,0.3499999655286174,0.3499999655286174,0.34999996552860074,0.34999996552860074,3.636135836870835e-11,False,False,57966.880798339844,3977.092509946549,13.478561760480225,0.00020471334927452977,1619.002630129356,0.9260241032311908,1.0082616506939277,1.104394623500175,1.0539044250163887,0.07146035042271176,0.0,0.0015694963232778622,0.0003021177609268611,0.001776891772332004,-0.04883518855349546,0.05271283543694008,-0.004926293435419682,-930.9857138338967,False
16,moderate,71,nominal_nmpc,93.0,0.2214811953646157,0.04812838394906029,4.774409575206877,0.2199927253758832,0.04791229388533577,4.775378213553247,0.26276049492862513,-0.0023731030273437537,-0.08140858398437502,0.19276049492862513,0.33276049492862514,-0.08,0.08,-0.04127929956400944,0.050501486976404046,4.855818159191252,held,0.0,0.0,5.295802839100361e-05,False,0.0,False,False,0.0,0.0,0.0,0.0,-6436.432041452093,-0.13010837215586873,0.6848036218182828,0.3499999655286174,0.3499999655286174,0.3499999655286174,0.3499999655286174,3.3306690738754696e-14,False,False,57788.71240234375,3962.4586325442483,13.428966831554407,0.00021054640849362091,1652.902834837945,0.9260241032311908,1.0082616506939277,1.104394623500175,1.0539044250163887,0.07146035042271176,0.0,0.0015694963232778622,0.0003021177609268611,0.001776891772332004,-0.04883518855349546,0.05271283543694008,-0.004926293435419682,-930.9857138338967,False
16,moderate,71,nominal_nmpc,93.5,0.2211672730779411,0.04799969906494229,4.798441592259136,0.22092155969863705,0.04789360613677262,4.797946258259288,0.2620111904817807,-0.0023680566406250325,-0.08259389770507812,0.19201119048178067,0.3320111904817807,-0.08,0.08,-0.04084391740383958,0.05036775570556732,4.881035489964215,held,0.0,0.0,4.979199729859829e-05,False,0.0,False,False,0.0,0.0,0.0,0.0,-6555.198387995922,-0.13019727891120556,0.6871967974318803,0.3499999655286174,0.3499999655286174,0.3499999655286174,0.3499999655286174,0.0,False,False,57610.91534423828,3947.870409305223,13.379526626829191,0.00021653299393391498,1687.4070596689387,0.9260241032311908,1.0082616506939277,1.104394623500175,1.0539044250163887,0.07146035042271176,0.0,0.0015694963232778622,0.0003021177609268611,0.001776891772332004,-0.04883518855349546,0.05271283543694008,-0.004926293435419682,-930.9857138338967,False
16,moderate,71,nominal_nmpc,94.0,0.2208245491069778,0.04786864392340583,4.822408673885158,0.22156215710623786,0.048460435788477384,4.823179906573548,0.26125000000000004,-0.002362819824218737,-0.08377664062500005,0.19125000000000003,0.33125000000000004,-0.08,0.08,-0.04042545089302224,0.05023146374762457,4.906185314510158,Solve_Succeeded,0.029413792013656348,0.0,0.05736837501171976,False,0.0,False,False,0.0,0.0,0.0,0.0,-6675.7384402892,-0.13027675685147494,0.6895877697961353,0.3499999985158363,0.3499999985158363,0.34999999848566204,0.34999999848566204,6.591408929779163e-08,False,False,57433.50390625,3933.3288563310607,13.330244589922744,0.0002226762583377886,1722.5206460504521,0.9260241032311908,1.0082616506939277,1.104394623500175,1.0539044250163887,0.07146035042271176,0.0,0.0015694963232778622,0.0003021177609268611,0.001776891772332004,-0.04883518855349546,0.05271283543694008,-0.004926293435419682,-930.9857138338967,False
16,moderate,71,nominal_nmpc,94.5,0.22045489276091376,0.047735182952257836,4.846309626071059,0.2215066554199575,0.04767274514034971,4.845713109908592,0.26047718761739297,-0.0023573925781249505,-0.08495671752929686,0.19047718761739296,0.330477187617393,-0.08,0.08,-0.04002229485647921,0.05009257553038279,4.931266343600355,held,0.0,0.0,6.566697265952826e-05,False,0.0,False,False,0.0,0.0,0.0,0.0,-6798.075340973273,-0.1303474191624403,0.691976324610243,0.3499999985158363,0.3499999985158363,0.3499999985158087,0.3499999985158087,6.029332588752823e-11,False,False,57256.49237060547,3918.834987714277,13.281124157644383,0.00022897937344857952,1758.2487634413492,0.9260241032311908,1.0082616506939277,1.104394623500175,1.0539044250163887,0.07146035042271176,0.0,0.0015694963232778622,0.0003021177609268611,0.001776891772332004,-0.04883518855349546,0.05271283543694008,-0.004926293435419682,-930.9857138338967,False
16,moderate,71,nominal_nmpc,95.0,0.22005996167988465,0.0475992801363156,4.8701432369044815,0.2207057244209837,0.04795031420126313,4.869843315092147,0.25969301746806916,-0.0023517749023438117,-0.086134033203125,0.18969301746806916,0.32969301746806917,-0.08,0.08,-0.03963305578818452,0.04995105503865941,4.9562772701076065,held,0.0,0.0,5.262496415525675e-05,False,0.0,False,False,0.0,0.0,0.0,0.0,-6922.2306766472875,-0.1304098272138136,0.6943622465782294,0.3499999985158363,0.3499999985158363,0.3499999985158363,0.3499999985158363,5.517808432387028e-14,False,False,57079.89501953125,3904.3898155558845,13.232168760054128,0.0002354455275842025,1794.5963993663524,0.9260241032311908,1.0082616506939277,1.104394623500175,1.0539044250163887,0.07146035042271176,0.0,0.0015694963232778622,0.0003021177609268611,0.001776891772332004,-0.04883518855349546,0.05271283543694008,-0.004926293435419682,-930.9857138338967,False
16,moderate,71,nominal_nmpc,95.5,0.21964122368116987,0.047460899047170234,4.89390827636065,0.22038583282590585,0.04721643704807107,4.89359922329589,0.25889775368613827,-0.0023459667968750153,-0.08730849243164067,0.18889775368613826,0.32889775368613827,-0.08,0.08,-0.0392565300049684,0.04980686584404525,4.98121676879229,held,0.0,0.0,4.962499951943755e-05,False,0.0,False,False,0.0,0.0,0.0,0.0,-7048.22332544957,-0.13046447013460225,0.6967453194178412,0.3499999985158363,0.3499999985158363,0.3499999985158363,0.3499999985158363,0.0,False,False,56903.726135253906,3889.99434998271,13.183381820521381,0.0002420779230640943,1831.5683492770409,0.9260241032311908,1.0082616506939277,1.104394623500175,1.0539044250163887,0.07146035042271176,0.0,0.0015694963232778622,0.0003021177609268611,0.001776891772332004,-0.04883518855349546,0.05271283543694008,-0.004926293435419682,-930.9857138338967,False
16,moderate,71,nominal_nmpc,96.0,0.2191999763494319,0.04732000289611691,4.917603496109087,0.21953118106963218,0.04785939702326888,4.915698023797537,0.25809166040571,-0.0023399682617187,-0.08848000000000002,0.18809166040571001,0.32809166040571003,-0.08,0.08,-0.03889168405627813,0.04965997115783561,5.0060834961090865,Solve_Succeeded,0.029742332990281284,0.0,0.05929441598709673,False,0.0,False,False,0.0,0.0,0.0,0.0,-7176.069826939365,-0.13051177889787863,0.6991253258696613,0.350000001407641,0.350000001407641,0.35000000140499576,0.35,2.9683273616853967e-09,False,False,56728.0,3875.649599164461,13.134766755782778,0.0002488797734858248,1869.169206245089,0.9260241032311908,1.0082616506939277,1.104394623500175,1.0539044250163887,0.07146035042271176,0.0,0.0015694963232778622,0.0003021177609268611,0.001776891772332004,-0.04883518855349546,0.05271283543694008,-0.004926293435419682,-930.9857138338967,False
16,moderate,71,nominal_nmpc,96.5,0.2187373646096195,0.0471765545797947,4.941227629344976,0.21903972233797028,0.04660093373414627,4.940549227543226,0.2572750017608941,-0.002333779296874977,-0.08964846069335937,0.18727500176089407,0.3272750017608941,-0.08,0.08,-0.03853763715127456,0.04951033387666968,5.030876090038335,held,0.0,0.0,7.433304563164711e-05,False,0.0,False,False,0.0,0.0,0.0,0.0,-7305.784365333011,-0.13055213112613295,0.7015020477064505,0.350000001407641,0.350000001407641,0.35000000140763854,0.35,0.0,False,False,56552.730895996094,3861.356569330537,13.086326975999148,0.0002558543008477929,1907.4033504945064,0.9260241032311908,1.0082616506939277,1.104394623500175,1.0539044250163887,0.07146035042271176,0.0,0.0015694963232778622,0.0003021177609268611,0.001776891772332004,-0.04883518855349546,0.05271283543694008,-0.004926293435419682,-930.9857138338967,False
16,moderate,71,nominal_nmpc,97.0,0.21825439649108316,0.0470305167262597,4.964779390643429,0.21831308370940736,0.04697087011747676,4.966590951831142,0.25644804188580017,-0.002327399902343763,-0.090813779296875,0.18644804188580016,0.3264480418858002,-0.08,0.08,-0.03819364539471701,0.04935791662860346,5.055593169940304,held,0.0,0.0,5.295802839100361e-05,False,0.0,False,False,0.0,0.0,0.0,0.0,-7437.378896190518,-0.13058585846308618,0.703875265742714,0.350000001407641,0.350000001407641,0.350000001407641,0.35,0.0,False,False,56377.93310546875,3847.116264786609,13.038065884811717,0.00026300473251454257,1946.2749387802198,0.9260241032311908,1.0082616506939277,1.104394623500175,1.0539044250163887,0.07146035042271176,0.0,0.0015694963232778622,0.0003021177609268611,0.001776891772332004,-0.04883518855349546,0.05271283543694008,-0.004926293435419682,-930.9857138338967,False
16,moderate,71,nominal_nmpc,97.5,0.21775195727082802,0.04688185173861372,4.988257475836184,0.21627268626814214,0.04686322528305526,4.988198593678075,0.25561104491453795,-0.00232083007812503,-0.09197586059570313,0.18561104491453795,0.32561104491453796,-0.08,0.08,-0.03785908764370993,0.04920268181673875,5.080233336431887,held,0.0,0.0,5.000003147870302e-05,False,0.0,False,False,0.0,0.0,0.0,0.0,-7570.863114157107,-0.1306132501780974,0.7062447598444915,0.350000001407641,0.350000001407641,0.350000001407641,0.35,0.0,False,False,56203.62091064453,3832.929687930953,12.989986879397451,0.0002703342980213471,1985.7878936207596,0.9260241032311908,1.0082616506939277,1.104394623500175,1.0539044250163887,0.07146035042271176,0.0,0.0015694963232778622,0.0003021177609268611,0.001776891772332004,-0.04883518855349546,0.05271283543694008,-0.004926293435419682,-930.9857138338967,False
16,moderate,71,nominal_nmpc,98.0,0.21723082216435102,0.04673052183935954,5.0116605619102845,0.2184297426161546,0.046928366260000354,5.009985746106718,0.2547642749812171,-0.0023140698242187507,-0.09313460937500002,0.1847642749812171,0.3247642749812171,-0.08,0.08,-0.0375334528168661,0.04904459166357829,5.104795171285285,Solve_Succeeded,0.030069167027249932,0.0,0.05946395901264623,False,0.0,False,False,0.0,0.0,0.0,0.0,-7706.24448912958,-0.13063455786438727,0.708610308939371,0.3500000074000982,0.3500000074000982,0.35000000739461673,0.35,0.0,False,False,56029.80859375,3818.7978392705595,12.942093350523658,0.00027784622571485755,2025.9458923934328,0.9260241032311908,1.0082616506939277,1.104394623500175,1.0539044250163887,0.07146035042271176,0.0,0.0015694963232778622,0.0003021177609268611,0.001776891772332004,-0.04883518855349546,0.05271283543694008,-0.004926293435419682,-930.9857138338967,False
16,moderate,71,nominal_nmpc,98.5,0.2166916677153666,0.04657648911410675,5.034987306928775,0.21542668527821676,0.04651989346659515,5.037601610786852,0.2539079962199474,-0.0023071191406249802,-0.09428993041992188,0.1839079962199474,0.3239079962199474,-0.08,0.08,-0.037216328504580815,0.04888360825473173,5.129277237348697,held,0.0,0.0,9.879196295514703e-05,False,0.0,False,False,0.0,0.0,0.0,0.0,-7843.528281185999,-0.13064999936446142,0.7109716910267249,0.3500000074000982,0.3500000074000982,0.3500000074000932,0.35,0.0,False,False,55856.51043701172,3804.721717437004,12.89438868260177,0.00028554373922675476,2066.752356300745,0.9260241032311908,1.0082616506939277,1.104394623500175,1.0539044250163887,0.07146035042271176,0.0,0.0015694963232778622,0.0003021177609268611,0.001776891772332004,-0.04883518855349546,0.05271283543694008,-0.004926293435419682,-930.9857138338967,False
16,moderate,71,nominal_nmpc,99.0,0.21613508201974616,0.046419715555046384,5.058236349973178,0.21376367151500986,0.04652727066300744,5.0591735081164275,0.2530424727648385,-0.0022999780273437465,-0.095441728515625,0.18304247276483848,0.3230424727648385,-0.08,0.08,-0.03690739074509233,0.04871969358239013,5.153678078488803,held,0.0,0.0,5.616701673716307e-05,False,0.0,False,False,0.0,0.0,0.0,0.0,-7982.717549875608,-0.13065976228996434,0.7133286831881679,0.3500000074000982,0.3500000074000982,0.3500000074000982,0.35,0.0,False,False,55683.74072265625,3790.7023192021034,12.846876253740414,0.00029343005377752444,2108.210439217496,0.9260241032311908,1.0082616506939277,1.104394623500175,1.0539044250163887,0.07146035042271176,0.0,0.0015694963232778622,0.0003021177609268611,0.001776891772332004,-0.04883518855349546,0.05271283543694008,-0.004926293435419682,-930.9857138338967,False
16,moderate,71,nominal_nmpc,99.5,0.2155615739050229,0.046260163104300665,5.081406311107679,0.2162340656515519,0.046364706153733656,5.081511152090737,0.25216796875,-0.002292646484374994,-0.09658990844726563,0.18216796875000002,0.32216796875000003,-0.08,0.08,-0.03660639484497713,0.04855280958867566,5.177996219554944,held,0.0,0.0,5.304202204570174e-05,False,0.0,False,False,0.0,0.0,0.0,0.0,-8123.813158432923,-0.13066400717847976,0.7156810615982359,0.3500000074000982,0.3500000074000982,0.3500000074000982,0.35,0.0,False,False,55511.513732910156,3776.7406394933505,12.7995594357977,0.0003015083723076561,2150.3230164283905,0.9260241032311908,1.0082616506939277,1.104394623500175,1.0539044250163887,0.07146035042271176,0.0,0.0015694963232778622,0.0003021177609268611,0.001776891772332004,-0.04883518855349546,0.05271283543694008,-0.004926293435419682,-930.9857138338967,False
16,moderate,71,nominal_nmpc,100.0,0.21497158117422088,0.0460977936972439,5.104495791364967,0.21388077444902537,0.04642781417355267,5.103489855695779,0.25128474830954173,-0.00228512451171875,-0.097734375,0.18128474830954172,0.32128474830954173,-0.08,0.08,-0.036313167135320845,0.04838291820896265,5.202230166364967,Solve_Succeeded,0.03109987499192357,0.0,0.06075574998976663,False,0.0,False,False,0.0,0.0,0.0,0.0,-8266.813773443364,-0.13066287032534757,0.7180286015352851,0.3500000041823022,0.3500000041823022,0.35000000418524563,0.35,0.0,False,False,55339.84375,3762.837671409129,12.752441594432808,0.0003097818814337723,2193.0926732665325,0.9260241032311908,1.0082616506939277,1.104394623500175,1.0539044250163887,0.07146035042271176,0.0,0.0015694963232778622,0.0003021177609268611,0.001776891772332004,-0.04883518855349546,0.05271283543694008,-0.004926293435419682,-930.9857138338967,False
16,moderate,71,nominal_nmpc,100.5,0.21436547801148098,0.045932569305880126,5.12750337275376,0.21490221134680193,0.046148730810648866,5.132759064799565,0.2503930755775733,-0.0022774121093749877,-0.09887503295898438,0.18039307557757328,0.3203930755775733,-0.08,0.08,-0.036027597566092306,0.048209981415255114,5.226378405712745,held,0.0,0.0,7.95419909991324e-05,False,0.0,False,False,0.0,0.0,0.0,0.0,-8411.715860455013,-0.13065646632458436,0.7203710773926116,0.3500000041823022,0.3500000041823022,0.3500000041823049,0.35,0.0,False,False,55168.745056152344,3748.9944062337245,12.705526089156843,0.00031825374722742924,2236.5216936638053,0.9260241032311908,1.0082616506939277,1.104394623500175,1.0539044250163887,0.07146035042271176,0.0,0.0015694963232778622,0.0003021177609268611,0.001776891772332004,-0.04883518855349546,0.05271283543694008,-0.004926293435419682,-930.9857138338967,False
16,moderate,71,nominal_nmpc,101.0,0.21374358163684137,0.04576445198235376,5.15042761828803,0.21308363456380214,0.04558484959554635,5.151729991304663,0.2494932146882044,-0.002269509277343762,-0.10001178710937499,0.1794932146882044,0.3194932146882044,-0.08,0.08,-0.03574963305136303,0.04803396125969752,5.2504394053974055,held,0.0,0.0,5.366600817069411e-05,False,0.0,False,False,0.0,0.0,0.0,0.0,-8558.513676000446,-0.1306448903494294,0.7227082626897876,0.3500000041823022,0.3500000041823022,0.3500000041823022,0.35,0.0,False,False,54998.23193359375,3735.2118334521238,12.658816273383003,0.000326927110814555,2280.6120486244654,0.9260241032311908,1.0082616506939277,1.104394623500175,1.0539044250163887,0.07146035042271176,0.0,0.0015694963232778622,0.0003021177609268611,0.001776891772332004,-0.04883518855349546,0.05271283543694008,-0.004926293435419682,-930.9857138338967,False
16,moderate,71,nominal_nmpc,101.5,0.21310615828846458,0.04559340390266058,5.173267072038043,0.2125506648960581,0.04567450286805186,5.174825565401315,0.24858542977554474,-0.0022614160156250174,-0.10114454223632814,0.17858542977554473,0.3185854297755447,-0.08,0.08,-0.03547927148708016,0.0478548199182856,5.2744116142743716,held,0.0,0.0,5.2916991990059614e-05,False,0.0,False,False,0.0,0.0,0.0,0.0,-8707.199256465878,-0.13062822019984455,0.7250399300842185,0.3500000041823022,0.3500000041823022,0.3500000041823022,0.35,0.0,False,False,54828.31866455078,3721.4909407646123,12.612315494476045,0.00033580508379376994,2325.365384633965,0.9260241032311908,1.0082616506939277,1.104394623500175,1.0539044250163887,0.07146035042271176,0.0,0.0015694963232778622,0.0003021177609268611,0.001776891772332004,-0.04883518855349546,0.05271283543694008,-0.004926293435419682,-930.9857138338967,False
16,moderate,71,nominal_nmpc,102.0,0.21245342860247735,0.045419387410618024,5.196020259203314,0.21265931028671328,0.045553021900903205,5.195296465888784,0.24766998497370402,-0.0022531323242187262,-0.102273203125,0.177669984973704,0.317669984973704,-0.08,0.08,-0.03521655637122667,0.04767251973483675,5.2982934623283136,Solve_Succeeded,0.030124915996566415,0.0,0.058849207998719066,False,0.0,False,False,0.0,0.0,0.0,0.0,-8857.762404220071,-0.13060651814143776,0.7273658513829152,0.3500000052424626,0.3500000052424626,0.35000000524149283,0.35,0.0,False,False,54659.01953125,3707.8327141011764,12.566027093801093,0.0003448907434721134,2370.783012015462,0.9260241032311908,1.0082616506939277,1.104394623500175,1.0539044250163887,0.07146035042271176,0.0,0.0015694963232778622,0.0003021177609268611,0.001776891772332004,-0.04883518855349546,0.05271283543694008,-0.004926293435419682,-930.9857138338967,False
16,moderate,71,nominal_nmpc,102.5,0.2117855724533069,0.04524236506214568,5.2186856862076185,0.21128483264648484,0.045029635656397504,5.216545107697025,0.2467471444167919,-0.0022446582031250273,-0.10339767456054687,0.1767471444167919,0.3167471444167919,-0.08,0.08,-0.03496157196348501,0.047487023265270704,5.322083360768166,held,0.0,0.0,7.287500193342566e-05,False,0.0,False,False,0.0,0.0,0.0,0.0,-9010.190671392924,-0.13057983255771924,0.7296857975544854,0.3500000052424626,0.3500000052424626,0.3500000052424617,0.35,0.0,False,False,54490.34881591797,3694.2381376357025,12.519954406771761,0.0003541871279169967,2416.8658932469516,0.9260241032311908,1.0082616506939277,1.104394623500175,1.0539044250163887,0.07146035042271176,0.0,0.0015694963232778622,0.0003021177609268611,0.001776891772332004,-0.04883518855349546,0.05271283543694008,-0.004926293435419682,-930.9857138338967,False
16,moderate,71,nominal_nmpc,103.0,0.21110273331086904,0.04506229966989961,5.241261840816233,0.2110971913831821,0.045105651837609076,5.241572685377703,0.24581717223891814,-0.0022359936523437263,-0.10451786132812503,0.17581717223891813,0.31581717223891814,-0.08,0.08,-0.034714438928049096,0.047298293322243334,5.345779702144358,held,0.0,0.0,5.2332994528114796e-05,False,0.0,False,False,0.0,0.0,0.0,0.0,-9164.469341673737,-0.1305481994353077,0.7319995387413384,0.3500000052424626,0.3500000052424626,0.3500000052424626,0.35,0.0,False,False,54322.32080078125,3680.708193799991,12.474100762897656,0.00036369723082353456,2463.614631252502,0.9260241032311908,1.0082616506939277,1.104394623500175,1.0539044250163887,0.07146035042271176,0.0,0.0015694963232778622,0.0003021177609268611,0.001776891772332004,-0.04883518855349546,0.05271283543694008,-0.004926293435419682,-930.9857138338967,False
16,moderate,71,nominal_nmpc,103.5,0.21040502216511214,0.044879154348296764,5.2637471922755905,0.21063264790214264,0.04462695205484749,5.263222525500042,0.24488033257419237,-0.0022271386718749897,-0.1056336682128906,0.17488033257419236,0.31488033257419235,-0.08,0.08,-0.03447531040908022,0.047106293020171754,5.369380860488481,held,0.0,0.0,4.9875001423060894e-05,False,0.0,False,False,0.0,0.0,0.0,0.0,-9320.581410480545,-0.13051164369964935,0.7343068442721085,0.3500000052424626,0.3500000052424626,0.3500000052424626,0.35,0.0,False,False,54154.949768066406,3667.243863297581,12.428469485831211,0.0003734239961967502,2511.0294576815613,0.9260241032311908,1.0082616506939277,1.104394623500175,1.0539044250163887,0.07146035042271176,0.0,0.0015694963232778622,0.0003021177609268611,0.001776891772332004,-0.04883518855349546,0.05271283543694008,-0.004926293435419682,-930.9857138338967,False
16,moderate,71,nominal_nmpc,104.0,0.2096925210631755,0.04469289255895907,5.286140191475543,0.20844829863500516,0.04479011568123563,5.2862393130435095,0.2439368895567243,-0.00221809326171879,-0.10674500000000002,0.1739368895567243,0.3139368895567243,-0.08,0.08,-0.03424436849354878,0.04691098582067786,5.392885191475543,Solve_Succeeded,0.030691708030644804,0.0,0.061038542015012354,False,0.0,False,False,0.0,0.0,0.0,0.0,-9478.507563835285,-0.13047018041697478,0.7366074826742901,0.350000005733051,0.350000005733051,0.35000000573260226,0.35,0.0,False,False,53988.25,3653.846125117388,12.383063893413926,0.00038337031284851246,2559.1102211907332,0.9260241032311908,1.0082616506939277,1.104394623500175,1.0539044250163887,0.07146035042271176,0.0,0.0015694963232778622,0.0003021177609268611,0.001776891772332004,-0.04883518855349546,0.05271283543694008,-0.004926293435419682,-930.9857138338967,False
16,moderate,71,nominal_nmpc,104.5,0.2089652862997193,0.04450347815660032,5.308439271134463,0.2092980232004416,0.04465154809550911,5.310077732996172,0.24298710732062362,-0.002208857421874988,-0.10785176147460938,0.1729871073206236,0.3129871073206236,-0.08,0.08,-0.034021821020904314,0.04671233557847531,5.416291032609073,held,0.0,0.0,6.849999772384763e-05,False,0.0,False,False,0.0,0.0,0.0,0.0,-9638.226156264565,-0.13042381587657254,0.7389012216870896,0.350000005733051,0.350000005733051,0.3500000057330506,0.35,0.0,False,False,53822.235778808594,3640.5159565471645,12.337887297721966,0.0003935390087094593,2607.856375742978,0.9260241032311908,1.0082616506939277,1.104394623500175,1.0539044250163887,0.07146035042271176,0.0,0.0015694963232778622,0.0003021177609268611,0.001776891772332004,-0.04883518855349546,0.05271283543694008,-0.004926293435419682,-930.9857138338967,False
16,moderate,71,nominal_nmpc,105.0,0.20822335129676736,0.04431087543537274,5.330642846007404,0.20711949641730018,0.04453140311639544,5.329530894542955,0.24203125000000003,-0.002199431152343778,-0.10895385742187501,0.17203125000000002,0.31203125000000004,-0.08,0.08,-0.03380789870323267,0.046510306587716516,5.439596703429279,held,0.0,0.0,5.341600626707077e-05,False,0.0,False,False,0.0,0.0,0.0,0.0,-9799.71318803179,-0.13037254856598213,0.7411878282744888,0.350000005733051,0.350000005733051,0.350000005733051,0.35,0.0,False,False,53656.92138671875,3627.2543331867764,12.292943005111177,0.00040393284495656887,2657.2669689395775,0.9260241032311908,1.0082616506939277,1.104394623500175,1.0539044250163887,0.07146035042271176,0.0,0.0015694963232778622,0.0003021177609268611,0.001776891772332004,-0.04883518855349546,0.05271283543694008,-0.004926293435419682,-930.9857138338967,False
16,moderate,71,nominal_nmpc,105.5,0.20746672920562556,0.044115049175684186,5.3527493131175365,0.20833086671321893,0.044025814419614534,5.3560383170982195,0.2410695817289632,-0.002189814453124994,-0.11005119262695316,0.1710695817289632,0.3110695817289632,-0.08,0.08,-0.03360285252333764,0.04630486362880918,5.4628005057444895,held,0.0,0.0,5.2332994528114796e-05,False,0.0,False,False,0.0,0.0,0.0,0.0,-9962.942281993752,-0.13031637005039004,0.7434670686385235,0.350000005733051,0.350000005733051,0.350000005733051,0.35,0.0,False,False,53492.32110595703,3614.062228961312,12.248234316261492,0.0004145545099574615,2707.3406304006267,0.9260241032311908,1.0082616506939277,1.104394623500175,1.0539044250163887,0.07146035042271176,0.0,0.0015694963232778622,0.0003021177609268611,0.001776891772332004,-0.04883518855349546,0.05271283543694008,-0.004926293435419682,-930.9857138338967,False
16,moderate,71,nominal_nmpc,106.0,0.20669541526005025,0.043915964691491345,5.374757052011129,0.20919035638890668,0.0440807542096326,5.378704530165399,0.24010236664162288,-0.0021800073242187468,-0.111143671875,0.17010236664162287,0.3101023666416229,-0.08,0.08,-0.033406951381572625,0.04609597201571009,5.48590072388613,Solve_Succeeded,0.03222158399876207,0.0,0.0624081669957377,False,0.0,False,False,0.0,0.0,0.0,0.0,-10127.884660363605,-0.13025526576632715,0.7457387082327718,0.3500000089263585,0.3500000089263585,0.3500000089234375,0.35,0.0,False,False,53328.44921875,3600.9406161340166,12.20376452622078,0.00042540661303300026,2758.0755602103955,0.9260241032311908,1.0082616506939277,1.104394623500175,1.0539044250163887,0.07146035042271176,0.0,0.0015694963232778622,0.0003021177609268611,0.001776891772332004,-0.04883518855349546,0.05271283543694008,-0.004926293435419682,-930.9857138338967,False
16,moderate,71,nominal_nmpc,106.5,0.2059093889068034,0.04371358787806863,5.39666442503628,0.2070688663083509,0.044106560418654545,5.394218776759763,0.23912986887208867,-0.0021700097656249806,-0.11223119995117191,0.16912986887208867,0.3091298688720887,-0.08,0.08,-0.033220479965285266,0.04588359764369361,5.508895624987452,held,0.0,0.0,6.670801667496562e-05,False,0.0,False,False,0.0,0.0,0.0,0.0,-10294.509121651075,-0.13018921573870945,0.7480025117760563,0.3500000089263585,0.3500000089263585,0.35000000892635585,0.35,0.0,False,False,53165.32000732422,3587.890465319055,12.159536924448094,0.00043649167804020125,2809.469517444105,0.9260241032311908,1.0082616506939277,1.104394623500175,1.0539044250163887,0.07146035042271176,0.0,0.0015694963232778622,0.0003021177609268611,0.001776891772332004,-0.04883518855349546,0.05271283543694008,-0.004926293435419682,-930.9857138338967,False
16,moderate,71,nominal_nmpc,107.0,0.20510861573700728,0.04350788526024739,5.418469777645657,0.2057938267155234,0.04358688535485403,5.417428921173652,0.23815235255447037,-0.0021598217773437234,-0.11331368164062498,0.16815235255447036,0.3081523525544704,-0.08,0.08,-0.03304373681746309,0.04566770703759111,5.531783459286282,held,0.0,0.0,5.470798350870609e-05,False,0.0,False,False,0.0,0.0,0.0,0.0,-10462.782018041209,-0.13011819522931117,0.7502582432663564,0.3500000089263585,0.3500000089263585,0.3500000089263585,0.35,0.0,False,False,53002.94775390625,3574.912745494116,12.115554794856395,0.00044781213677798815,2861.5198087932254,0.9260241032311908,1.0082616506939277,1.104394623500175,1.0539044250163887,0.07146035042271176,0.0,0.0015694963232778622,0.0003021177609268611,0.001776891772332004,-0.04883518855349546,0.05271283543694008,-0.004926293435419682,-930.9857138338967,False
16,moderate,71,nominal_nmpc,107.5,0.20429304923926872,0.043298824041114826,5.4401714387234685,0.20611893509103682,0.042546738764109235,5.4410309869322635,0.23717008182287758,-0.0021494433593750306,-0.11439102172851563,0.16717008182287757,0.3071700818228776,-0.08,0.08,-0.032877032583608856,0.04544826740048986,5.554562460451984,held,0.0,0.0,5.0667033065110445e-05,False,0.0,False,False,0.0,0.0,0.0,0.0,-10632.667233463728,-0.13004217532391218,0.7525056659949317,0.3500000089263585,0.3500000089263585,0.3500000089263585,0.35,0.0,False,False,52841.346740722656,3562.008424012848,12.071821415854684,0.00045937032221883605,2914.223277306672,0.9260241032311908,1.0082616506939277,1.104394623500175,1.0539044250163887,0.07146035042271176,0.0,0.0015694963232778622,0.0003021177609268611,0.001776891772332004,-0.04883518855349546,0.05271283543694008,-0.004926293435419682,-930.9857138338967,False
16,moderate,71,nominal_nmpc,108.0,0.2034626323933526,0.043086372151157196,5.461767720936896,0.20636302871315507,0.0428613564605394,5.459074934105323,0.23618332081142,-0.0021388745117187358,-0.11546312500000001,0.16618332081141998,0.30618332081141997,-0.08,0.08,-0.032720688418067384,0.04522524666287593,5.577230845936896,Solve_Succeeded,0.030079832999035716,0.0,0.05797137500485405,False,0.0,False,False,0.0,0.0,0.0,0.0,-10804.126162596696,-0.1299611234645978,0.7547445425606546,0.35000000894287425,0.35000000894287425,0.35000000894285915,0.35,0.0,False,False,52680.53125,3549.1784666171407,12.028340060389635,0.00047116846156990307,2967.5762912657156,0.9260241032311908,1.0082616506939277,1.104394623500175,1.0539044250163887,0.07146035042271176,0.0,0.0015694963232778622,0.0003021177609268611,0.001776891772332004,-0.04883518855349546,0.05271283543694008,-0.004926293435419682,-930.9857138338967,False
16,moderate,71,nominal_nmpc,108.5,0.20261729912121948,0.042870498297826964,5.483256921112204,0.20331902739734026,0.04284450796545209,5.484750552133695,0.2351923336542074,-0.0021281152343750054,-0.11652989624023437,0.16519233365420738,0.3051923336542074,-0.08,0.08,-0.032575034532987907,0.04499861353220197,5.599786817352439,held,0.0,0.0,8.183304453268647e-05,False,0.0,False,False,0.0,0.0,0.0,0.0,-10977.117691039999,-0.129875003933008,0.7569746348845532,0.35000000894287425,0.35000000894287425,0.35000000894287425,0.35,0.0,False,False,52520.515563964844,3536.423837449245,11.98511399598667,0.000483208669167803,3021.57473321067,0.9260241032311908,1.0082616506939277,1.104394623500175,1.0539044250163887,0.07146035042271176,0.0,0.0015694963232778622,0.0003021177609268611,0.001776891772332004,-0.04883518855349546,0.05271283543694008,-0.004926293435419682,-930.9857138338967,False
16,moderate,71,nominal_nmpc,109.0,0.2017569756104798,0.04265117201550923,5.504637320635733,0.20199905937185786,0.04292223125325348,5.5048642712081675,0.23419738448534938,-0.002117165527343756,-0.11759124023437502,0.16419738448534937,0.3041973844853494,-0.08,0.08,-0.03244040887486957,0.04476833754285298,5.6222285608701075,held,0.0,0.0,5.5875047110021114e-05,False,0.0,False,False,0.0,0.0,0.0,0.0,-11151.598176886624,-0.1297837782897205,0.7591957042245618,0.35000000894287425,0.35000000894287425,0.35000000894287425,0.35,0.0,False,False,52361.31396484375,3523.7454990637425,11.942146484790516,0.00049549293921177,3076.2139891378015,0.9260241032311908,1.0082616506939277,1.104394623500175,1.0539044250163887,0.07146035042271176,0.0,0.0015694963232778622,0.0003021177609268611,0.001776891772332004,-0.04883518855349546,0.05271283543694008,-0.004926293435419682,-930.9857138338967,False
16,moderate,71,nominal_nmpc,109.5,0.20088158152373703,0.04242836371585793,5.525907185879964,0.20131271150245983,0.04227448576612697,5.526206403990477,0.23319873743895572,-0.002106025390624988,-0.11864706176757812,0.16319873743895572,0.30319873743895576,-0.08,0.08,-0.03231715591521869,0.04453438910648292,5.644554247647542,held,0.0,0.0,5.062500713393092e-05,False,0.0,False,False,0.0,0.0,0.0,0.0,-11327.52143391256,-0.1296874057744054,0.7614075111904817,0.35000000894287425,0.35000000894287425,0.35000000894287425,0.35,0.0,False,False,52202.94073486328,3511.1444124393643,11.899440783605273,0.0005080231383405687,3131.488937885146,0.9260241032311908,1.0082616506939277,1.104394623500175,1.0539044250163887,0.07146035042271176,0.0,0.0015694963232778622,0.0003021177609268611,0.001776891772332004,-0.04883518855349546,0.05271283543694008,-0.004926293435419682,-930.9857138338967,False
16,moderate,71,nominal_nmpc,110.0,0.19999103110587263,0.04220204473846844,5.547064768654844,0.1984319981528271,0.04185269566652931,5.5478873738749925,0.23219665664913602,-0.0020946948242187846,-0.11969726562500001,0.16219665664913602,0.30219665664913603,-0.08,0.08,-0.032205625543263394,0.044296739562687225,5.666762034279844,Solve_Succeeded,0.03156024997588247,0.0,0.06133166694780812,False,0.0,False,False,0.0,0.0,0.0,0.0,-11504.838716598782,-0.1295858436708969,0.7636098157591469,0.35000000876035686,0.35000000876035686,0.35000000876052384,0.35,0.0,False,False,52045.41015625,3498.6215369906577,11.857000143933941,0.0005208009980591275,3187.393940726153,0.9260241032311908,1.0082616506939277,1.104394623500175,1.0539044250163887,0.07146035042271176,0.0,0.0015694963232778622,0.0003021177609268611,0.001776891772332004,-0.04883518855349546,0.05271283543694008,-0.004926293435419682,-930.9857138338967,False
16,moderate,71,nominal_nmpc,110.5,0.19908523420005472,0.041972187401848514,5.568108306684515,0.19945834298106055,0.041880810438580815,5.569587409224818,0.23119140625,-0.002083173828124979,-0.12074175659179691,0.16119140625,0.30119140625,-0.08,0.08,-0.032106172049945286,0.04405536122997349,5.688850063276312,held,0.0,0.0,8.304195944219828e-05,False,0.0,False,False,0.0,0.0,0.0,0.0,-11683.498707192515,-0.12947904764088863,0.7658023772898002,0.35000000876035686,0.35000000876035686,0.35000000876035703,0.35,0.0,False,False,51888.73651123047,3486.17783057951,11.81482781201748,0.0005338281070215398,3243.9228311904217,0.9260241032311908,1.0082616506939277,1.104394623500175,1.0539044250163887,0.07146035042271176,0.0,0.0015694963232778622,0.0003021177609268611,0.001776891772332004,-0.04883518855349546,0.05271283543694008,-0.004926293435419682,-930.9857138338967,False
16,moderate,71,nominal_nmpc,111.0,0.1981640971821091,0.04173876505464592,5.589036024109593,0.19711712707678417,0.04159972349718008,5.591399438113246,0.23018325037565746,-0.002071462402343738,-0.12178043945312499,0.16018325037565745,0.30018325037565746,-0.08,0.08,-0.032019153193548366,0.043810227456989655,5.710816463562717,held,0.0,0.0,0.0001121670356951654,False,0.0,False,False,0.0,0.0,0.0,0.0,-11863.447505007638,-0.12936697202956426,0.7679849545396729,0.35000000876035686,0.35000000876035686,0.35000000876035686,0.35,0.0,False,False,51732.93408203125,3473.81424952653,11.772927028873381,0.0005471059031777153,3301.0689051308286,0.9260241032311908,1.0082616506939277,1.104394623500175,1.0539044250163887,0.07146035042271176,0.0,0.0015694963232778622,0.0003021177609268611,0.001776891772332004,-0.04883518855349546,0.05271283543694008,-0.004926293435419682,-930.9857138338967,False
16,moderate,71,nominal_nmpc,111.5,0.19722752382186717,0.041501752127086865,5.609846132015118,0.1956777383970076,0.04157481073381053,5.6097079822863245,0.2291724531602179,-0.0020595605468750056,-0.12281321899414065,0.15917245316021789,0.2991724531602179,-0.08,0.08,-0.03194492933835072,0.04356131267396187,5.732659351009259,held,0.0,0.0,6.30829599685967e-05,False,0.0,False,False,0.0,0.0,0.0,0.0,-12044.62861815789,-0.12924957014612132,0.7701573056797725,0.35000000876035686,0.35000000876035686,0.35000000876035686,0.35,0.0,False,False,51578.017150878906,3461.5317486222852,11.731301030333748,0.0005606356657916772,3358.824911056648,0.9260241032311908,1.0082616506939277,1.104394623500175,1.0539044250163887,0.07146035042271176,0.0,0.0015694963232778622,0.0003021177609268611,0.001776891772332004,-0.04883518855349546,0.05271283543694008,-0.004926293435419682,-930.9857138338967,False
16,moderate,71,nominal_nmpc,112.0,0.19627541607918542,0.04126112418257571,5.630536828984263,0.19451170763090098,0.04136885904953451,5.631376505165465,0.22815927873779118,-0.0020474682617187268,-0.12383999999999999,0.15815927873779118,0.2981592787377912,-0.08,0.08,-0.031883862658605766,0.043308592444294434,5.754376828984263,Solve_Succeeded,0.031491999980062246,0.0,0.06122745800530538,False,0.0,False,False,0.0,0.0,0.0,0.0,-12226.98295790971,-0.12912679452182996,0.7723191883108756,0.35000000899258904,0.35000000899258904,0.3500000089923766,0.35,0.0,False,False,51424.0,3449.3312811384008,11.68995304708292,0.0005744185073401854,3417.183040752355,0.9260241032311908,1.0082616506939277,1.104394623500175,1.0539044250163887,0.07146035042271176,0.0,0.0015694963232778622,0.0003021177609268611,0.001776891772332004,-0.04883518855349546,0.05271283543694008,-0.004926293435419682,-930.9857138338967,False
16,moderate,71,nominal_nmpc,112.5,0.19530767484150463,0.041016857969402624,5.651106301677867,0.1968435490057386,0.041788948166778556,5.650062160346294,0.22714399124248688,-0.0020351855468749985,-0.12486068725585937,0.15714399124248687,0.2971439912424869,-0.08,0.08,-0.03183631640098225,0.04305204351627762,5.775966988933726,held,0.0,0.0,6.862496957182884e-05,False,0.0,False,False,0.0,0.0,0.0,0.0,-12410.448835834926,-0.12899859714798356,0.7744703594797258,0.35000000899258904,0.35000000899258904,0.3500000089925888,0.35,0.0,False,False,51270.896911621094,3437.213798838527,11.64888630469463,0.0005884553653010912,3476.1349202019173,0.9260241032311908,1.0082616506939277,1.104394623500175,1.0539044250163887,0.07146035042271176,0.0,0.0015694963232778622,0.0003021177609268611,0.001776891772332004,-0.04883518855349546,0.05271283543694008,-0.004926293435419682,-930.9857138338967,False
16,moderate,71,nominal_nmpc,113.0,0.19432420060907624,0.04076893147250256,5.671552725439838,0.19358020889490182,0.041495653239784276,5.6703771576749356,0.22612685480841474,-0.0020227124023437376,-0.125875185546875,0.15612685480841473,0.2961268548084147,-0.08,0.08,-0.031802654199338504,0.0427916438748463,5.7974279109867135,held,0.0,0.0,5.304202204570174e-05,False,0.0,False,False,0.0,0.0,0.0,0.0,-12594.961963936601,-0.12886492969584373,0.776610575695435,0.35000000899258904,0.35000000899258904,0.35000000899258904,0.35,0.0,False,False,51118.72216796875,3425.180251989168,11.60810402366871,0.0006027469938415572,3535.6716008384396,0.9260241032311908,1.0082616506939277,1.104394623500175,1.0539044250163887,0.07146035042271176,0.0,0.0015694963232778622,0.0003021177609268611,0.001776891772332004,-0.04883518855349546,0.05271283543694008,-0.004926293435419682,-930.9857138338967,False
16,moderate,71,nominal_nmpc,113.5,0.1933248941333167,0.04051732396520519,5.691874264928433,0.1959324191252675,0.04043127663359269,5.694618705322586,0.22510813356968448,-0.0020100488281249995,-0.1268833996582031,0.15510813356968448,0.29510813356968446,-0.08,0.08,-0.031783239436367794,0.04252737279333019,5.818757664586636,held,0.0,0.0,5.0332979299128056e-05,False,0.0,False,False,0.0,0.0,0.0,0.0,-12780.455457914688,-0.12872574372045337,0.7787395929460911,0.35000000899258904,0.35000000899258904,0.35000000899258904,0.35,0.0,False,False,50967.49005126953,3413.231589370381,11.567609419467352,0.0006172939554170307,3595.7835511391177,0.9260241032311908,1.0082616506939277,1.104394623500175,1.0539044250163887,0.07146035042271176,0.0,0.0015694963232778622,0.0003021177609268611,0.001776891772332004,-0.04883518855349546,0.05271283543694008,-0.004926293435419682,-930.9857138338967,False
16,moderate,71,nominal_nmpc,114.0,0.19230965701315297,0.04026201606091249,5.712069074773396,0.192272036595508,0.040180173688917846,5.710328188313036,0.22408809166040572,-0.0019971948242187842,-0.127885234375,0.1540880916604057,0.2940880916604057,-0.08,0.08,-0.031778434647252746,0.04225921088513127,5.839954309148396,Solve_Succeeded,0.03149645798839629,0.0,0.060374290973413736,False,0.0,False,False,0.0,0.0,0.0,0.0,-12966.859843730737,-0.12858099084998734,0.7808571667155672,0.35000000904968687,0.35000000904968687,0.35000000904963463,0.35,0.0,False,False,50817.21484375,3401.3687582863445,11.527405702550928,0.000632096612292602,3656.4606485853783,0.9260241032311908,1.0082616506939277,1.104394623500175,1.0539044250163887,0.07146035042271176,0.0,0.0015694963232778622,0.0003021177609268611,0.001776891772332004,-0.04883518855349546,0.05271283543694008,-0.004926293435419682,-930.9857138338967,False
16,moderate,71,nominal_nmpc,114.5,0.1912783922536848,0.040002989764637356,5.732135300258898,0.18838191285304773,0.04021830947362947,5.732783261811645,0.22306699321468826,-0.0019841503906249947,-0.1288805944824219,0.15306699321468825,0.29306699321468827,-0.08,0.08,-0.03178860096100347,0.04198714015526235,5.86101589474132,held,0.0,0.0,6.145797669887543e-05,False,0.0,False,False,0.0,0.0,0.0,0.0,-13154.103067624057,-0.12843062296212532,0.7829630520005345,0.35000000904968687,0.35000000904968687,0.3500000090496868,0.35,0.0,False,False,50667.91082763672,3389.5927045758044,11.487496078413374,0.0006471551179991651,3717.692172008186,0.9260241032311908,1.0082616506939277,1.104394623500175,1.0539044250163887,0.07146035042271176,0.0,0.0015694963232778622,0.0003021177609268611,0.001776891772332004,-0.04883518855349546,0.05271283543694008,-0.004926293435419682,-930.9857138338967,False
16,moderate,71,nominal_nmpc,115.0,0.19023100479100602,0.03974022852433366,5.752071078032201,0.18965277176046583,0.0397554126104668,5.752033393391177,0.22204510236664166,-0.0019709155273437418,-0.12986938476562498,0.15204510236664165,0.29204510236664166,-0.08,0.08,-0.031814097575635636,0.041711144051677404,5.881940462797826,held,0.0,0.0,5.1332986913621426e-05,False,0.0,False,False,0.0,0.0,0.0,0.0,-13342.11050972361,-0.1282745923487677,0.7850570033276781,0.35000000904968687,0.35000000904968687,0.35000000904968687,0.35,0.0,False,False,50519.59228515625,3377.9043726223863,11.447883747617162,0.0006624694087375541,3779.4667943382424,0.9260241032311908,1.0082616506939277,1.104394623500175,1.0539044250163887,0.07146035042271176,0.0,0.0015694963232778622,0.0003021177609268611,0.001776891772332004,-0.04883518855349546,0.05271283543694008,-0.004926293435419682,-930.9857138338967,False
16,moderate,71,nominal_nmpc,115.5,0.18916740198659487,0.03947371728194542,5.771874536837909,0.1911549456294191,0.03980141925256405,5.773319448319148,0.22102268325037566,-0.0019574902343750256,-0.13085151000976564,0.15102268325037566,0.29102268325037567,-0.08,0.08,-0.03185528126378079,0.04143120751632044,5.9027260468476745,held,0.0,0.0,4.962499951943755e-05,False,0.0,False,False,0.0,0.0,0.0,0.0,-13530.805001392893,-0.12811285187026658,0.7871387747711145,0.35000000904968687,0.35000000904968687,0.35000000904968687,0.35,0.0,False,False,50372.273498535156,3366.304705364795,11.408571905827854,0.0006780391947446284,3841.772575780918,0.9260241032311908,1.0082616506939277,1.104394623500175,1.0539044250163887,0.07146035042271176,0.0,0.0015694963232778622,0.0003021177609268611,0.001776891772332004,-0.04883518855349546,0.05271283543694008,-0.004926293435419682,-930.9857138338967,False
16,moderate,71,nominal_nmpc,116.0,0.18808749409429082,0.03920344252409992,5.7915437982776625,0.1883506547936304,0.0397688906647292,5.790115132659028,0.22000000000000003,-0.001943874511718735,-0.131826875,0.15000000000000002,0.29000000000000004,-0.08,0.08,-0.03191250590570921,0.041147317035818656,5.923370673277662,Solve_Succeeded,0.031200541998259723,0.0,0.05950187495909631,False,0.0,False,False,0.0,0.0,0.0,0.0,-13720.10684643644,-0.12794535510021154,0.7892081199700104,0.35000000922825847,0.35000000922825847,0.3500000092280951,0.35,0.0,False,False,50225.96875,3354.794644306886,11.369563743848234,0.0006938639516360659,3904.59695743547,0.9260241032311908,1.0082616506939277,1.104394623500175,1.0539044250163887,0.07146035042271176,0.0,0.0015694963232778622,0.0003021177609268611,0.001776891772332004,-0.04883518855349546,0.05271283543694008,-0.004926293435419682,-930.9857138338967,False
16,moderate,71,nominal_nmpc,116.5,0.18699119470252729,0.038929392332367356,5.81107697759507,0.18663385489329057,0.03840577031262301,5.812553113690921,0.21897731674962437,-0.0019300683593749812,-0.13279538452148437,0.14897731674962436,0.28897731674962435,-0.08,0.08,-0.03198612204709708,0.04085946069174234,5.943872362116554,held,0.0,0.0,8.720799814909697e-05,False,0.0,False,False,0.0,0.0,0.0,0.0,-13909.933846288379,-0.12777205646169093,0.7912647921464034,0.35000000922825847,0.35000000922825847,0.3500000092282583,0.35,0.0,False,False,50080.692321777344,3343.3751295276165,11.330862447652041,0.0007099429117413913,3967.9267553779314,0.9260241032311908,1.0082616506939277,1.104394623500175,1.0539044250163887,0.07146035042271176,0.0,0.0015694963232778622,0.0003021177609268611,0.001776891772332004,-0.04883518855349546,0.05271283543694008,-0.004926293435419682,-930.9857138338967,False
16,moderate,71,nominal_nmpc,117.0,0.18587842115417258,0.038651556433006835,5.8304721844856395,0.18366857545379503,0.038376491586276346,5.83158729770506,0.2179548976333584,-0.001916071777343764,-0.133756943359375,0.1479548976333584,0.2879548976333584,-0.08,0.08,-0.03207647647918582,0.0405676282103506,5.964229127845014,held,0.0,0.0,5.562498699873686e-05,False,0.0,False,False,0.0,0.0,0.0,0.0,-14100.201329295043,-0.12759291135584183,0.7933085441232226,0.35000000922825847,0.35000000922825847,0.35000000922825847,0.35,0.0,False,False,49936.45849609375,3332.047099690892,11.292471198417331,0.0007262750554475868,4031.748155226949,0.9260241032311908,1.0082616506939277,1.104394623500175,1.0539044250163887,0.07146035042271176,0.0,0.0015694963232778622,0.0003021177609268611,0.001776891772332004,-0.04883518855349546,0.05271283543694008,-0.004926293435419682,-930.9857138338967,False
16,moderate,71,nominal_nmpc,117.5,0.18474909494604888,0.038369926246116834,5.8497275239314375,0.18435438652410244,0.038678814897409285,5.847728442441277,0.2169330067853118,-0.0019018847656250282,-0.13471145629882814,0.1469330067853118,0.2869330067853118,-0.08,0.08,-0.03218391183926292,0.04027181101174186,5.984438980230266,held,0.0,0.0,5.3916999604552984e-05,False,0.0,False,False,0.0,0.0,0.0,0.0,-14290.822184194307,-0.1274078762834069,0.7953391283425101,0.35000000922825847,0.35000000922825847,0.35000000922825847,0.35,0.0,False,False,49793.28155517578,3320.8114920552794,11.2543931725594,0.0007428591025683975,4096.046707211456,0.9260241032311908,1.0082616506939277,1.104394623500175,1.0539044250163887,0.07146035042271176,0.0,0.0015694963232778622,0.0003021177609268611,0.001776891772332004,-0.04883518855349546,0.05271283543694008,-0.004926293435419682,-930.9857138338967,False
16,moderate,71,nominal_nmpc,118.0,0.1836031421099436,0.03808449493410585,5.868841097060152,0.18251795571357268,0.0383041752215622,5.868366810866931,0.2159119083395943,-0.001887507324218718,-0.13565882812500002,0.1459119083395943,0.28591190833959435,-0.08,0.08,-0.032308766229650704,0.03997200225832457,6.004499925185152,Solve_Succeeded,0.031231749977450818,0.0,0.061006916977930814,False,0.0,False,False,0.0,0.0,0.0,0.0,-14481.706897885355,-0.12721690895992888,0.797356296883841,0.35000000902874473,0.35000000902874473,0.35000000902892725,0.35,0.0,False,False,49651.17578125,3309.669242483622,11.216631541763368,0.0007596935037572373,4160.80732175892,0.9260241032311908,1.0082616506939277,1.104394623500175,1.0539044250163887,0.07146035042271176,0.0,0.0015694963232778622,0.0003021177609268611,0.001776891772332004,-0.04883518855349546,0.05271283543694008,-0.004926293435419682,-930.9857138338967,False
16,moderate,71,nominal_nmpc,118.5,0.18244049357669875,0.03779525744939735,5.887811002028203,0.18441663996734312,0.03765359868997686,5.886869833565773,0.2148918664303156,-0.0018729394531249999,-0.13659896362304685,0.1448918664303156,0.2848918664303156,-0.08,0.08,-0.03245137285361685,0.03966819690252235,6.024409965651249,held,0.0,0.0,9.333400521427393e-05,False,0.0,False,False,0.0,0.0,0.0,0.0,-14672.763597572544,-0.12701996842513796,0.7993598014829447,0.35000000902874473,0.35000000902874473,0.3500000090287449,0.35,0.0,False,False,49510.15545654297,3298.6212854525365,11.179189473016363,0.0007767764319823625,4226.014265622408,0.9260241032311908,1.0082616506939277,1.104394623500175,1.0539044250163887,0.07146035042271176,0.0,0.0015694963232778622,0.0003021177609268611,0.001776891772332004,-0.04883518855349546,0.05271283543694008,-0.004926293435419682,-930.9857138338967,False
16,moderate,71,nominal_nmpc,119.0,0.18126108552475695,0.037502210581281475,5.90663533492749,0.17950144395370557,0.037580233439724275,5.907213780119954,0.2138731451915853,-0.001858181152343763,-0.13753176757812502,0.14387314519158528,0.2838731451915853,-0.08,0.08,-0.03261205966682834,0.03936039173362524,6.0441671025056145,held,0.0,0.0,6.049999501556158e-05,False,0.0,False,False,0.0,0.0,0.0,0.0,-14863.898097357467,-0.12681701514701593,0.8013493935505227,0.35000000902874473,0.35000000902874473,0.35000000902874473,0.35,0.0,False,False,49370.23486328125,3287.6685540618005,11.14207012863934,0.000794105774083763,4291.651158564553,0.9260241032311908,1.0082616506939277,1.104394623500175,1.0539044250163887,0.07146035042271176,0.0,0.0015694963232778622,0.0003021177609268611,0.001776891772332004,-0.04883518855349546,0.05271283543694008,-0.004926293435419682,-930.9857138338967,False
16,moderate,71,nominal_nmpc,119.5,0.18006485971435804,0.0372053530018245,5.925312190715334,0.1820289386666614,0.037115170837228005,5.926178528539242,0.21285600875751315,-0.0018432324218750074,-0.13845714477539062,0.14285600875751314,0.28285600875751316,-0.08,0.08,-0.03279114904315511,0.03904858542369951,6.063769335490725,held,0.0,0.0,5.0499977078288794e-05,False,0.0,False,False,0.0,0.0,0.0,0.0,-15055.013949342492,-0.1266080111209604,0.8033248241912663,0.35000000902874473,0.35000000902874473,0.35000000902874473,0.35,0.0,False,False,49231.42828369141,3276.811980043634,11.105276666318533,0.0008116791224319479,4357.700970615873,0.9260241032311908,1.0082616506939277,1.104394623500175,1.0539044250163887,0.07146035042271176,0.0,0.0015694963232778622,0.0003021177609268611,0.001776891772332004,-0.04883518855349546,0.05271283543694008,-0.004926293435419682,-930.9857138338967,False
16,moderate,71,nominal_nmpc,120.0,0.178851763808413,0.03690468531074588,5.943839664167115,0.18022156004697992,0.03725147873422103,5.943768299915959,0.21184072126220888,-0.0018280932617187884,-0.13937500000000003,0.14184072126220887,0.2818407212622089,-0.08,0.08,-0.032988957453795875,0.03873277857246467,6.083214664167115,Solve_Succeeded,0.032184667012188584,0.0,0.061331374978180975,False,0.0,False,False,0.0,0.0,0.0,0.0,-15246.012499299033,-0.12639291996441568,0.8052858442230727,0.3500000091231976,0.3500000091231976,0.35000000912311124,0.35,0.0,False,False,49093.75,3266.0524937718724,11.068812239136545,0.000829493766709562,4424.1460199247085,0.9260241032311908,1.0082616506939277,1.104394623500175,1.0539044250163887,0.07146035042271176,0.0,0.0015694963232778622,0.0003021177609268611,0.001776891772332004,-0.04883518855349546,0.05271283543694008,-0.004926293435419682,-930.9857138338967,False
16,moderate,71,nominal_nmpc,120.5,0.1776217516809321,0.03660021007917165,5.962215850851063,0.17588757131298915,0.036792059930591474,5.961778801806251,0.21082754683978214,-0.001812763671874995,-0.1402852380371094,0.14082754683978213,0.28082754683978217,-0.08,0.08,-0.03320579515885003,0.038412973751046645,6.1025010888881726,held,0.0,0.0,6.200000643730164e-05,False,0.0,False,False,0.0,0.0,0.0,0.0,-15436.792946941949,-0.12617170700728683,0.807232204196456,0.3500000091231976,0.3500000091231976,0.35000000912319756,0.35,0.0,False,False,48957.214294433594,3255.391024271041,11.032679995603099,0.0008475466858374487,4490.9679712152765,0.9260241032311908,1.0082616506939277,1.104394623500175,1.0539044250163887,0.07146035042271176,0.0,0.0015694963232778622,0.0003021177609268611,0.001776891772332004,-0.04883518855349546,0.05271283543694008,-0.004926293435419682,-930.9857138338967,False
16,moderate,71,nominal_nmpc,121.0,0.17637478371374957,0.036291931892172266,5.980438848124637,0.17543896203082598,0.03603973303572527,5.98167799759311,0.20981674962434263,-0.0017972436523437385,-0.14118776367187502,0.13981674962434262,0.27981674962434266,-0.08,0.08,-0.03344196591059306,0.038089175544516005,6.121626611796511,held,0.0,0.0,5.183398025110364e-05,False,0.0,False,False,0.0,0.0,0.0,0.0,-15627.25241084118,-0.12594433937840932,0.8091636544141589,0.3500000091231976,0.3500000091231976,0.3500000091231976,0.35,0.0,False,False,48821.83544921875,3244.8284992253148,10.996883079685405,0.0008658345400675099,4558.147834870143,0.9260241032311908,1.0082616506939277,1.104394623500175,1.0539044250163887,0.07146035042271176,0.0,0.0015694963232778622,0.0003021177609268611,0.001776891772332004,-0.04883518855349546,0.05271283543694008,-0.004926293435419682,-930.9857138338967,False
16,moderate,71,nominal_nmpc,121.5,0.17511082708216585,0.035979857389992265,5.998506756151828,0.17403477636655898,0.03540849348556022,5.999284490946008,0.20880859375,-0.001781533203124963,-0.14208248168945314,0.13880859375,0.27880859375,-0.08,0.08,-0.03369776666783414,0.03776139059311723,6.140589237841281,held,0.0,0.0,5.099998088553548e-05,False,0.0,False,False,0.0,0.0,0.0,0.0,-15817.285997989296,-0.12571078608830505,0.8110799449509581,0.3500000091231976,0.3500000091231976,0.3500000091231976,0.35,0.0,False,False,48687.62774658203,3234.365844987393,10.961424630838241,0.0008843536632653361,4625.665966652619,0.9260241032311908,1.0082616506939277,1.104394623500175,1.0539044250163887,0.07146035042271176,0.0,0.0015694963232778622,0.0003021177609268611,0.001776891772332004,-0.04883518855349546,0.05271283543694008,-0.004926293435419682,-930.9857138338967,False
16,moderate,71,nominal_nmpc,122.0,0.17382985603002044,0.035663995307878976,6.016417678940744,0.17351643653818036,0.03544447517714925,6.0184062757005945,0.20780334335086403,-0.0017656323242187244,-0.14296929687499998,0.13780334335086403,0.27780334335086404,-0.08,0.08,-0.0339734873208436,0.0374296276320977,6.159386975815744,Solve_Succeeded,0.03168250003363937,0.0,0.06108720903284848,False,0.0,False,False,0.0,0.0,0.0,0.0,-16006.78687803197,-0.12547101810842132,0.8129808256736674,0.3500000086562401,0.3500000086562401,0.35000000865666725,0.35,0.0,False,False,48554.60546875,3224.003986587259,10.926307784033632,0.0009031000554062249,4693.5020680840535,0.9260241032311908,1.0082616506939277,1.104394623500175,1.0539044250163887,0.07146035042271176,0.0,0.0015694963232778622,0.0003021177609268611,0.001776891772332004,-0.04883518855349546,0.05271283543694008,-0.004926293435419682,-930.9857138338967,False
16,moderate,71,nominal_nmpc,122.5,0.17253185213460992,0.03534435651441733,6.0341697254007265,0.17279509381930439,0.0350961651809107,6.033676679660461,0.20680126256104436,-0.0017495410156250224,-0.14384811401367187,0.13680126256104436,0.27680126256104437,-0.08,0.08,-0.03426941042643444,0.03709389753004235,6.178017839414398,held,0.0,0.0,9.137502638623118e-05,False,0.0,False,False,0.0,0.0,0.0,0.0,-16195.646362156816,-0.12522500844701528,0.8148660462613366,0.3500000086562401,0.3500000086562401,0.3500000086562405,0.35,0.0,False,False,48422.78289794922,3213.743847740855,10.89153566979025,0.0009220693753088354,4761.635187490588,0.9260241032311908,1.0082616506939277,1.104394623500175,1.0539044250163887,0.07146035042271176,0.0,0.0015694963232778622,0.0003021177609268611,0.001776891772332004,-0.04883518855349546,0.05271283543694008,-0.004926293435419682,-930.9857138338967,False
16,moderate,71,nominal_nmpc,123.0,0.17121680456177987,0.035020954048277896,6.0517610104182396,0.17075950010034874,0.03544030064200215,6.052392434732662,0.20580261551465062,-0.001733259277343746,-0.144718837890625,0.13580261551465062,0.27580261551465063,-0.08,0.08,-0.03458581095287075,0.03675421332562164,6.196479848308865,held,0.0,0.0,6.216700421646237e-05,False,0.0,False,False,0.0,0.0,0.0,0.0,-16383.75398662258,-0.12497273222181884,0.8167353562256445,0.3500000086562401,0.3500000086562401,0.3500000086562401,0.35,0.0,False,False,48292.17431640625,3203.5863508586476,10.857111414202452,0.0009412569336312404,4830.043721732939,0.9260241032311908,1.0082616506939277,1.104394623500175,1.0539044250163887,0.07146035042271176,0.0,0.0015694963232778622,0.0003021177609268611,0.001776891772332004,-0.04883518855349546,0.05271283543694008,-0.004926293435419682,-930.9857138338967,False
16,moderate,71,nominal_nmpc,123.5,0.16988471031144003,0.03469380315328593,6.069189655950719,0.16896574806824505,0.0347444489409548,6.068006176920799,0.20480766634579267,-0.0017167871093750064,-0.14558137329101561,0.13480766634579266,0.2748076663457927,-0.08,0.08,-0.03492295603435264,0.036410590262660934,6.214771029241735,held,0.0,0.0,5.63750509172678e-05,False,0.0,False,False,0.0,0.0,0.0,0.0,-16570.997600899143,-0.12471416672959365,0.8185885049314899,0.3500000086562401,0.3500000086562401,0.3500000086562401,0.35,0.0,False,False,48162.79400634766,3193.5324170541107,10.82303813896902,0.0009606576861546924,4898.705418632409,0.9260241032311908,1.0082616506939277,1.104394623500175,1.0539044250163887,0.07146035042271176,0.0,0.0015694963232778622,0.0003021177609268611,0.001776891772332004,-0.04883518855349546,0.05271283543694008,-0.004926293435419682,-930.9857138338967,False
16,moderate,71,nominal_nmpc,124.0,0.16853557445368364,0.03436292131171954,6.086453792137511,0.1675352267135532,0.034137796526457986,6.082834387468091,0.20381667918858004,-0.001700124511718748,-0.146435625,0.13381667918858003,0.27381667918858005,-0.08,0.08,-0.0352811047348964,0.036063045823438285,6.23288941713751,Solve_Succeeded,0.030686749960295856,0.0,0.06085820798762143,False,0.0,False,False,0.0,0.0,0.0,0.0,-16757.26346037545,-0.12444929151266046,0.8204252416177731,0.35000000840091516,0.35000000840091516,0.3500000084011487,0.35,0.0,False,False,48034.65624999999,3183.5829661521066,10.789318961421568,0.0009802662273809017,4967.597380105513,0.9260241032311908,1.0082616506939277,1.104394623500175,1.0539044250163887,0.07146035042271176,0.0,0.0015694963232778622,0.0003021177609268611,0.001776891772332004,-0.04883518855349546,0.05271283543694008,-0.004926293435419682,-930.9857138338967,False
16,moderate,71,nominal_nmpc,124.5,0.1671694103556289,0.03402832827574629,6.10355155842699,0.16660625023766784,0.03402456270145457,6.104212613064191,0.2028299181771225,-0.0016832714843749708,-0.14728149780273436,0.1328299181771225,0.27282991817712254,-0.08,0.08,-0.0356605078214936,0.03571159976012126,6.250833056229725,held,0.0,0.0,6.900000153109431e-05,False,0.0,False,False,0.0,0.0,0.0,0.0,-16942.436323579223,-0.12417808842247106,0.8222453154183749,0.35000000840091516,0.35000000840091516,0.3500000084009154,0.35,0.0,False,False,47907.77532958985,3173.738916697176,10.755956994552639,0.0010000767844689955,5036.696066018656,0.9260241032311908,1.0082616506939277,1.104394623500175,1.0539044250163887,0.07146035042271176,0.0,0.0015694963232778622,0.0003021177609268611,0.001776891772332004,-0.04883518855349546,0.05271283543694008,-0.004926293435419682,-930.9857138338967,False
16,moderate,71,nominal_nmpc,125.0,0.16578623989904623,0.033690046096908566,6.12048110471892,0.16610404362600836,0.03389404533371667,6.123400085049081,0.2018476474455297,-0.0016662280273437857,-0.14811889648437498,0.13184764744552968,0.2718476474455297,-0.08,0.08,-0.03606140754648346,0.03535627412425235,6.2686000012032945,held,0.0,0.0,5.512498319149017e-05,False,0.0,False,False,0.0,0.0,0.0,0.0,-17126.39955384086,-0.12390054168026844,0.8240484753833285,0.35000000840091516,0.35000000840091516,0.35000000840091516,0.35,0.0,False,False,47782.16552734375,3164.0011859617425,10.722955347043506,0.0010200832115388246,5105.977298774158,0.9260241032311908,1.0082616506939277,1.104394623500175,1.0539044250163887,0.07146035042271176,0.0,0.0015694963232778622,0.0003021177609268611,0.001776891772332004,-0.04883518855349546,0.05271283543694008,-0.004926293435419682,-930.9857138338967,False
16,moderate,71,nominal_nmpc,125.5,0.16438609368878548,0.03334809915356942,6.1372405925210325,0.16409194287320433,0.03305506784722389,6.134128429008945,0.20087013112791136,-0.0016489941406250264,-0.14894772583007815,0.13087013112791135,0.27087013112791136,-0.08,0.08,-0.03648403743912587,0.03499709329419445,6.286188318351111,held,0.0,0.0,5.0708011258393526e-05,False,0.0,False,False,0.0,0.0,0.0,0.0,-17309.035225318086,-0.1236166379348686,0.8258344705001837,0.35000000840091516,0.35000000840091516,0.35000000840091516,0.35,0.0,False,False,47657.84112548828,3154.3706899542217,10.69031712329166,0.0010402789843674172,5175.416268637182,0.9260241032311908,1.0082616506939277,1.104394623500175,1.0539044250163887,0.07146035042271176,0.0,0.0015694963232778622,0.0003021177609268611,0.001776891772332004,-0.04883518855349546,0.05271283543694008,-0.004926293435419682,-930.9857138338967,False
16,moderate,71,nominal_nmpc,126.0,0.16296901125197555,0.0330025141762325,6.153828196118815,0.1649160600584527,0.033199597241491983,6.1528170608118025,0.19989763335837718,-0.0016315698242187482,-0.149767890625,0.12989763335837717,0.2698976333583772,-0.08,0.08,-0.03692862210640163,0.034634084000451246,6.303596086743815,Solve_Succeeded,0.031777333992067724,0.0,0.0608774580177851,False,0.0,False,False,0.0,0.0,0.0,0.0,-17490.224233287696,-0.1233263663175809,0.8276030497155658,0.3500000085571497,0.3500000085571497,0.3500000085570068,0.35,0.0,False,False,47534.81640625,3144.848343427045,10.658045423437997,0.0010606571955058416,5244.987539813314,0.9260241032311908,1.0082616506939277,1.104394623500175,1.0539044250163887,0.07146035042271176,0.0,0.0015694963232778622,0.0003021177609268611,0.001776891772332004,-0.04883518855349546,0.05271283543694008,-0.004926293435419682,-930.9857138338967,False
16,moderate,71,nominal_nmpc,126.5,0.16153504122792975,0.0326533202706514,6.17024210375739,0.16210141662266075,0.032605432919241534,6.1698816445640405,0.19893041827103683,-0.0016139550781250067,-0.1505792956542969,0.12893041827103682,0.2689304182710368,-0.08,0.08,-0.03739537704310708,0.0342672753487764,6.320821399411687,held,0.0,0.0,6.233400199562311e-05,False,0.0,False,False,0.0,0.0,0.0,0.0,-17669.846408595484,-0.12302971849427352,0.8293539619569262,0.3500000085571497,0.3500000085571497,0.3500000085571496,0.35,0.0,False,False,47413.10565185547,3135.4350598845976,10.626143343393725,0.001081210549843775,5314.665057284991,0.9260241032311908,1.0082616506939277,1.104394623500175,1.0539044250163887,0.07146035042271176,0.0,0.0015694963232778622,0.0003021177609268611,0.001776891772332004,-0.04883518855349546,0.05271283543694008,-0.004926293435419682,-930.9857138338967,False
16,moderate,71,nominal_nmpc,127.0,0.16008424154865916,0.03230054893864614,6.186480518834388,0.16252162192690578,0.03246692578634517,6.185006800733689,0.19796875000000003,-0.0015961499023437464,-0.15138184570312502,0.12796875000000002,0.26796875000000003,-0.08,0.08,-0.037884508451340865,0.033896698840989885,6.337862364537513,held,0.0,0.0,5.358300404623151e-05,False,0.0,False,False,0.0,0.0,0.0,0.0,-17847.780636143147,-0.12272668871457851,0.8310869561544854,0.3500000085571497,0.3500000085571497,0.3500000085571497,0.35,0.0,False,False,47292.72314453125,3126.131751591069,10.594613974866968,0.0011019313606492832,5384.422154414472,0.9260241032311908,1.0082616506939277,1.104394623500175,1.0539044250163887,0.07146035042271176,0.0,0.0015694963232778622,0.0003021177609268611,0.001776891772332004,-0.04883518855349546,0.05271283543694008,-0.004926293435419682,-930.9857138338967,False
16,moderate,71,nominal_nmpc,127.5,0.15861667960986695,0.031944234096546856,6.20254166110263,0.15921497864984768,0.03205294800921067,6.20120313898005,0.19701289267937644,-0.0015781542968750228,-0.15217544555664064,0.12701289267937643,0.26701289267937645,-0.08,0.08,-0.038396213069509494,0.03352238839342188,6.354717106659271,held,0.0,0.0,5.087495082989335e-05,False,0.0,False,False,0.0,0.0,0.0,0.0,-18023.904977277758,-0.12241727385822276,0.832801781263368,0.3500000085571497,0.3500000085571497,0.3500000085571497,0.35,0.0,False,False,47173.683166503906,3116.9393295782206,10.563460405389087,0.001122811546111337,5454.231561320029,0.9260241032311908,1.0082616506939277,1.104394623500175,1.0539044250163887,0.07146035042271176,0.0,0.0015694963232778622,0.0003021177609268611,0.001776891772332004,-0.04883518855349546,0.05271283543694008,-0.004926293435419682,-930.9857138338967,False
16,moderate,71,nominal_nmpc,128.0,0.1571324324322732,0.03158441209118761,6.2184237678814185,0.15733096171003114,0.031530386533354805,6.219743478993919,0.19606311044327573,-0.0015599682617187804,-0.15296000000000004,0.12606311044327573,0.26606311044327574,-0.08,0.08,-0.03893067801100253,0.03314438035290639,6.371383767881419,Solve_Succeeded,0.032769542012829334,0.0,0.06232925003860146,False,0.0,False,False,0.0,0.0,0.0,0.0,-18198.09679593671,-0.12210147347846291,0.8344981862859295,0.35000000734060377,0.35000000734060377,0.3500000073417166,0.35,0.0,False,False,47055.99999999999,3107.8587036530726,10.532685718340742,0.0011438426264125897,5524.0654140313345,0.9260241032311908,1.0082616506939277,1.104394623500175,1.0539044250163887,0.07146035042271176,0.0,0.0015694963232778622,0.0003021177609268611,0.001776891772332004,-0.04883518855349546,0.05271283543694008,-0.004926293435419682,-930.9857138338967,False
16,moderate,71,nominal_nmpc,128.5,0.1556315868130997,0.03122112171337614,6.234125095275201,0.15370743990034752,0.031338664317735875,6.230178216911037,0.1951196674258077,-0.0015415917968749637,-0.15373541381835942,0.12511966742580768,0.2651196674258077,-0.08,0.08,-0.039488080612708004,0.032762713510251104,6.38786050909356,held,0.0,0.0,7.504201494157314e-05,False,0.0,False,False,0.0,0.0,0.0,0.0,-18370.232888387494,-0.12177928984259556,0.8361759202942732,0.35000000734060377,0.35000000734060377,0.35000000734060477,0.35,0.0,False,False,46939.687927246094,3098.8907824055045,10.502292992977637,0.0011650157213598119,5593.895264428819,0.9260241032311908,1.0082616506939277,1.104394623500175,1.0539044250163887,0.07146035042271176,0.0,0.0015694963232778622,0.0003021177609268611,0.001776891772332004,-0.04883518855349546,0.05271283543694008,-0.004926293435419682,-930.9857138338967,False
16,moderate,71,nominal_nmpc,129.0,0.15411423946752695,0.03085440420876869,6.249643919398311,0.15099717431084422,0.030877691812219072,6.249767606972186,0.19418282776108192,-0.0015230249023436837,-0.154501591796875,0.12418282776108192,0.26418282776108193,-0.08,0.08,-0.040068588293554974,0.03237742911111237,6.404145511195186,held,0.0,0.0,5.512498319149017e-05,False,0.0,False,False,0.0,0.0,0.0,0.0,-18540.189616390373,-0.12145072796950947,0.8378347324529601,0.35000000734060377,0.35000000734060377,0.35000000734060377,0.35,0.0,False,False,46824.76123046875,3090.036473215777,10.472285304456019,0.001186321548599228,5663.692090971256,0.9260241032311908,1.0082616506939277,1.104394623500175,1.0539044250163887,0.07146035042271176,0.0,0.0015694963232778622,0.0003021177609268611,0.001776891772332004,-0.04883518855349546,0.05271283543694008,-0.004926293435419682,-930.9857138338967,False
16,moderate,71,nominal_nmpc,129.5,0.15258049715992372,0.0304843032860825,6.26497853760449,0.15256035421672584,0.03036619399661147,6.264456860324323,0.19325285558320815,-0.001504267578124996,-0.1552584387207031,0.12325285558320814,0.26325285558320816,-0.08,0.08,-0.04067235842328443,0.03198857086420749,6.420236976325193,held,0.0,0.0,5.099998088553548e-05,False,0.0,False,False,0.0,0.0,0.0,0.0,-18707.84304359834,-0.1211157956642407,0.8394743720419061,0.35000000734060377,0.35000000734060377,0.35000000734060377,0.35,0.0,False,False,46711.23419189453,3081.2966822619824,10.442665723857933,0.0012077504224436751,5733.426310214522,0.9260241032311908,1.0082616506939277,1.104394623500175,1.0539044250163887,0.07146035042271176,0.0,0.0015694963232778622,0.0003021177609268611,0.001776891772332004,-0.04883518855349546,0.05271283543694008,-0.004926293435419682,-930.9857138338967,False
16,moderate,71,nominal_nmpc,130.0,0.15103047682463772,0.030110865122582313,6.2801272697198245,0.15140110656683012,0.029692999569176294,6.280113214187776,0.19233001502629604,-0.0014853198242187893,-0.156005859375,0.12233001502629604,0.26233001502629605,-0.08,0.08,-0.041299538201658326,0.0315961849468011,6.4361331290948245,Solve_Succeeded,0.03231191699160263,0.0,0.06096054200315848,False,0.0,False,False,0.0,0.0,0.0,0.0,-18873.0690749976,-0.12077450354948963,0.8410945884794722,0.35000000568982487,0.35000000568982487,0.3500000056913349,0.35,0.0,False,False,46599.12109375,3072.6723145274013,10.413437318216143,0.001229292253338198,5803.067789123766,0.9260241032311908,1.0082616506939277,1.104394623500175,1.0539044250163887,0.07146035042271176,0.0,0.0015694963232778622,0.0003021177609268611,0.001776891772332004,-0.04883518855349546,0.05271283543694008,-0.004926293435419682,-930.9857138338967,False
16,moderate,71,nominal_nmpc,130.5,0.1494643056761301,0.029734138366781213,6.2950884592777365,0.14981738152820276,0.030218062406973493,6.296576646551234,0.1914145702244553,-0.0014661816406250083,-0.1567437585449219,0.12141457022445529,0.2614145702244553,-0.08,0.08,-0.041950264548325206,0.03120032000740622,6.451832217822658,held,0.0,0.0,8.116703247651458e-05,False,0.0,False,False,0.0,0.0,0.0,0.0,-19035.7435991806,-0.12042686509405529,0.8426951313457428,0.35000000568982487,0.35000000568982487,0.35000000568982625,0.35,0.0,False,False,46488.43621826172,3064.164273807798,10.384603150538863,0.0012509365479902316,5872.585858180464,0.9260241032311908,1.0082616506939277,1.104394623500175,1.0539044250163887,0.07146035042271176,0.0,0.0015694963232778622,0.0003021177609268611,0.001776891772332004,-0.04883518855349546,0.05271283543694008,-0.004926293435419682,-930.9857138338967,False
16,moderate,71,nominal_nmpc,131.0,0.1478821213082311,0.029354174138300312,6.309860474754612,0.15009045839698704,0.029867075102393364,6.312075983991552,0.19050678531179568,-0.001446853027343764,-0.157472041015625,0.12050678531179568,0.2605067853117957,-0.08,0.08,-0.04262466400356457,0.030801027165644076,6.467332515770237,held,0.0,0.0,5.887501174584031e-05,False,0.0,False,False,0.0,0.0,0.0,0.0,-19195.742633230682,-0.12007289663814112,0.844275750405994,0.35000000568982487,0.35000000568982487,0.35000000568982487,0.35,0.0,False,False,46379.19384765625,3055.7734627186314,10.356166279834195,0.0012726724101898952,5941.949325284323,0.9260241032311908,1.0082616506939277,1.104394623500175,1.0539044250163887,0.07146035042271176,0.0,0.0015694963232778622,0.0003021177609268611,0.001776891772332004,-0.04883518855349546,0.05271283543694008,-0.004926293435419682,-930.9857138338967,False
16,moderate,71,nominal_nmpc,131.5,0.14628407178229277,0.02897102602483626,6.324441710804635,0.14532113575758673,0.029253305385826954,6.323308371234718,0.18960692442242677,-0.001427333984375001,-0.15819061157226566,0.11960692442242676,0.2596069244224268,-0.08,0.08,-0.043322852640133996,0.03039836000921126,6.482632322376901,held,0.0,0.0,5.2749994210898876e-05,False,0.0,False,False,0.0,0.0,0.0,0.0,-19352.942469988786,-0.11971261741548522,0.8458361956343506,0.35000000568982487,0.35000000568982487,0.35000000568982487,0.35,0.0,False,False,46271.408264160156,3047.5007827021896,10.328129761134306,0.0012944885423454013,6011.126490449759,0.9260241032311908,1.0082616506939277,1.104394623500175,1.0539044250163887,0.07146035042271176,0.0,0.0015694963232778622,0.0003021177609268611,0.001776891772332004,-0.04883518855349546,0.05271283543694008,-0.004926293435419682,-930.9857138338967,False
16,moderate,71,nominal_nmpc,132.0,0.14467031570401398,0.028584750076190164,6.338830589492368,0.1469593376522476,0.028535268731058716,6.34239007328732,0.18871525169045833,-0.0014076245117187192,-0.158899375,0.11871525169045832,0.25871525169045834,-0.08,0.08,-0.04404493598644435,0.029992374587908883,6.497729964492368,Solve_Succeeded,0.031473000010009855,0.0,0.061638708983082324,False,0.0,False,False,0.0,0.0,0.0,0.0,-19507.2198274609,-0.11934604957226821,0.8473762172376315,0.35000000404257553,0.35000000404257553,0.3500000040440823,0.35,0.0,False,False,46165.09375,3039.3471340346637,10.300496645519406,0.0013163732477577078,6080.0851612952465,0.9260241032311908,1.0082616506939277,1.104394623500175,1.0539044250163887,0.07146035042271176,0.0,0.0015694963232778622,0.0003021177609268611,0.001776891772332004,-0.04883518855349546,0.05271283543694008,-0.004926293435419682,-930.9857138338967,False
16,moderate,71,nominal_nmpc,132.5,0.14304102228871693,0.028195404795316376,6.353025561521609,0.14220360794132242,0.028230841635249103,6.352660276460074,0.18783203125000003,-0.001387724609374974,-0.15959823608398438,0.11783203125000002,0.25783203125000004,-0.08,0.08,-0.0447910089612831,0.02958312940469135,6.512623797605594,held,0.0,0.0,7.895799353718758e-05,False,0.0,False,False,0.0,0.0,0.0,0.0,-19658.452000115507,-0.11897321818275167,0.8488955656793845,0.35000000404257553,0.35000000404257553,0.3500000040425769,0.35,0.0,False,False,46060.264587402344,3031.31341583313,10.273269980141405,0.0013383144336577696,6148.792669323052,0.9260241032311908,1.0082616506939277,1.104394623500175,1.0539044250163887,0.07146035042271176,0.0,0.0015694963232778622,0.0003021177609268611,0.001776891772332004,-0.04883518855349546,0.05271283543694008,-0.004926293435419682,-930.9857138338967,False
16,moderate,71,nominal_nmpc,133.0,0.14139637141485772,0.02780305112635459,6.367025107459008,0.14306110790651957,0.02761276828895745,6.367437664295923,0.1869575272351615,-0.0013676342773437655,-0.16028709960937498,0.11695752723516151,0.2569575272351615,-0.08,0.08,-0.04556115582030379,0.029170685403698354,6.527312207068383,held,0.0,0.0,5.629198858514428e-05,False,0.0,False,False,0.0,0.0,0.0,0.0,-19806.51701181165,-0.11859415126160168,0.850393991704108,0.35000000404257553,0.35000000404257553,0.35000000404257553,0.35,0.0,False,False,45956.93505859375,3023.4005260624763,10.246452808247394,0.0013602996150287518,6217.215886986044,0.9260241032311908,1.0082616506939277,1.104394623500175,1.0539044250163887,0.07146035042271176,0.0,0.0015694963232778622,0.0003021177609268611,0.001776891772332004,-0.04883518855349546,0.05271283543694008,-0.004926293435419682,-930.9857138338967,False
16,moderate,71,nominal_nmpc,133.5,0.13973655366556065,0.02740775243961396,6.3808277389509405,0.14056998355835398,0.027609947021921842,6.38207975609359,0.1860920037800526,-0.0013473535156250382,-0.16096587036132814,0.1160920037800526,0.2560920037800526,-0.08,0.08,-0.046355450114491964,0.028755105955239,6.541793609312268,held,0.0,0.0,5.887501174584031e-05,False,0.0,False,False,0.0,0.0,0.0,0.0,-19951.29377008874,-0.11820887977285371,0.8518712463616613,0.35000000404257553,0.35000000404257553,0.35000000404257553,0.35,0.0,False,False,45855.11944580078,3015.6093615422524,10.22004816920285,0.0013823159192344718,6285.321245537072,0.9260241032311908,1.0082616506939277,1.104394623500175,1.0539044250163887,0.07146035042271176,0.0,0.0015694963232778622,0.0003021177609268611,0.001776891772332004,-0.04883518855349546,0.05271283543694008,-0.004926293435419682,-930.9857138338967,False
16,moderate,71,nominal_nmpc,134.0,0.13806177035797446,0.027009574513483344,6.39443199993211,0.1361281597575136,0.027073693882661908,6.392232178397691,0.18523572501878288,-0.0013268823242187366,-0.16163445312500002,0.11523572501878288,0.2552357250187829,-0.08,0.08,-0.047173954660808426,0.02833645683770208,6.55606645305711,Solve_Succeeded,0.031032208004035056,0.0,0.059771333006210625,False,0.0,False,False,0.0,0.0,0.0,0.0,-16230.199651415927,-0.09406870965793351,0.8533270810318607,0.2111954762434469,0.2111954762434469,0.21132244422031354,0.26,-0.17999999999999994,False,True,45754.83203125,3007.9408179534475,10.194059098514616,0.0014043500914742474,6353.074753655832,0.9260241032311908,1.0082616506939277,1.104394623500175,1.0539044250163887,0.07146035042271176,0.0,0.0015694963232778622,0.0003021177609268611,0.001776891772332004,-0.04883518855349546,0.05271283543694008,-0.004926293435419682,-930.9857138338967,False
16,moderate,71,nominal_nmpc,134.5,0.13639085632079456,0.026685827842800325,6.407855779227325,0.1392860066551868,0.026431687774207433,6.405807783067754,0.1843889550854621,-0.0013062207031249717,-0.16229275268554688,0.1143889550854621,0.2543889550854621,-0.08,0.08,-0.04799809876466754,0.027992048545925297,6.570148531912872,held,0.0,0.0,9.104202035814524e-05,False,0.0,False,False,0.0,0.0,0.0,0.0,-14201.267975466813,-0.0807374943165685,0.8547612474492646,0.2111954762434469,0.2111954762434469,0.21119559238423427,0.21119559238423427,-0.09760881523153148,False,False,45656.087097167976,3000.3957898452063,10.168488627853662,0.001426388501082929,6420.44201684692,0.9260241032311908,1.0082616506939277,1.104394623500175,1.0539044250163887,0.07146035042271176,0.0,0.0015694963232778622,0.0003021177609268611,0.001776891772332004,-0.04883518855349546,0.05271283543694008,-0.004926293435419682,-930.9857138338967,False
16,moderate,71,nominal_nmpc,135.0,0.13475048856080274,0.026402653899586122,6.421127828976711,0.13687195906186084,0.026070773215100335,6.41937221718594,0.1835519581141999,-0.0012853686523437435,-0.162940673828125,0.11355195811419988,0.2535519581141999,-0.08,0.08,-0.04880146955339715,0.027688022551929866,6.584068502804835,held,0.0,0.0,5.629099905490875e-05,False,0.0,False,False,0.0,0.0,0.0,0.0,-14265.92780603003,-0.08029366438273723,0.856173497728144,0.2111954762434469,0.2111954762434469,0.21119547634968378,0.21119547634968378,-2.3206910099160538e-07,False,False,45558.89892578125,2992.97517064147,10.143339785077583,0.0014484171486936002,6487.388257602074,0.9260241032311908,1.0082616506939277,1.104394623500175,1.0539044250163887,0.07146035042271176,0.0,0.0015694963232778622,0.0003021177609268611,0.001776891772332004,-0.04883518855349546,0.05271283543694008,-0.004926293435419682,-930.9857138338967,False
16,moderate,71,nominal_nmpc,135.5,0.1331465999730955,0.026118175830247937,6.4342579666046165,0.1321882323896857,0.02641549834403173,6.434381421965934,0.18272499823910593,-0.0012643261718749965,-0.16357812133789063,0.11272499823910592,0.25272499823910594,-0.08,0.08,-0.04957839826601043,0.027382502002122933,6.5978360879425075,held,0.0,0.0,5.137501284480095e-05,False,0.0,False,False,0.0,0.0,0.0,0.0,-14329.952540828537,-0.07986067406516542,0.8575635843876396,0.2111954762434469,0.2111954762434469,0.21119547624354407,0.21119547624354407,-2.1227941626733582e-10,False,False,45463.281799316406,2985.6798526475577,10.118615594252912,0.0014704216742788137,6553.878336318472,0.9260241032311908,1.0082616506939277,1.104394623500175,1.0539044250163887,0.07146035042271176,0.0,0.0015694963232778622,0.0003021177609268611,0.001776891772332004,-0.04883518855349546,0.05271283543694008,-0.004926293435419682,-930.9857138338967,False
16,moderate,71,nominal_nmpc,136.0,0.1315747765760602,0.025832408260774826,6.447245543546891,0.13242721113489112,0.02611059323467164,6.447559974148153,0.18190833959429,-0.0012430932617187862,-0.164205,0.11190833959429,0.25190833959429004,-0.08,0.08,-0.050333563018229804,0.027075501522493613,6.611450543546891,Solve_Succeeded,0.03041012497851625,0.0,0.05982358398614451,False,0.0,False,False,0.0,0.0,0.0,0.0,-11849.8505994989,-0.06442992433608095,0.8589312603771045,0.15464259475528627,0.15464259475528627,0.1546943250919143,0.1546943250919143,-0.11300230230325953,False,False,45369.25,2978.5107270566778,10.094319075677182,0.001492387366084778,6619.876772964603,0.9260241032311908,1.0082616506939277,1.104394623500175,1.0539044250163887,0.07146035042271176,0.0,0.0015694963232778622,0.0003021177609268611,0.001776891772332004,-0.04883518855349546,0.05271283543694008,-0.004926293435419682,-930.9857138338967,False
16,moderate,71,nominal_nmpc,136.5,0.13004333442115995,0.025596230719827664,6.4601026353555016,0.1295616250824613,0.025826502870436314,6.458880038252725,0.1811022463138618,-0.0012216699218750016,-0.1648212145996094,0.11110224631386179,0.2511022463138618,-0.08,0.08,-0.05105891189270184,0.026817900641702665,6.624923849955111,held,0.0,0.0,8.529197657480836e-05,False,0.0,False,False,0.0,0.0,0.0,0.0,-11881.047746014421,-0.06398123371898988,0.8602762791016343,0.15464259475528627,0.15464259475528627,0.15464264207432038,0.15464264207432038,-0.00010336603518784626,False,False,45276.817810058594,2971.468683956373,10.07045324590077,0.0015142991704709585,6685.347769483503,0.9260241032311908,1.0082616506939277,1.104394623500175,1.0539044250163887,0.07146035042271176,0.0,0.0015694963232778622,0.0003021177609268611,0.001776891772332004,-0.04883518855349546,0.05271283543694008,-0.004926293435419682,-930.9857138338967,False
16,moderate,71,nominal_nmpc,137.0,0.12855943716333212,0.0253594109875521,6.472841479330904,0.12616940365724566,0.025556157693185533,6.472945968157805,0.18030698253193092,-0.0012000561523436981,-0.165426669921875,0.11030698253193091,0.25030698253193095,-0.08,0.08,-0.051747545368598796,0.0265594671398958,6.638268149252779,held,0.0,0.0,5.629198858514428e-05,False,0.0,False,False,0.0,0.0,0.0,0.0,-11914.709090937342,-0.06356081060838584,0.86159839444778,0.15464259475528627,0.15464259475528627,0.15464259479857018,0.15464259479857018,-9.455150040693638e-08,False,False,45185.99951171875,2964.5546123349086,10.047021117748553,0.0015361417026659504,6750.255232923299,0.9260241032311908,1.0082616506939277,1.104394623500175,1.0539044250163887,0.07146035042271176,0.0,0.0015694963232778622,0.0003021177609268611,0.001776891772332004,-0.04883518855349546,0.05271283543694008,-0.004926293435419682,-930.9857138338967,False
16,moderate,71,nominal_nmpc,137.5,0.12711781669040734,0.025121902129756707,6.485461742451257,0.12681091821690044,0.025031294152744132,6.487712211778502,0.1795228123826071,-0.0011782519531250424,-0.1660212707519531,0.10952281238260708,0.2495228123826071,-0.08,0.08,-0.05240499569219975,0.02630015408288175,6.65148301320321,held,0.0,0.0,5.512504139915109e-05,False,0.0,False,False,0.0,0.0,0.0,0.0,-11948.24971964018,-0.0631532627848222,0.862897360809448,0.15464259475528627,0.15464259475528627,0.15464259475532585,0.15464259475532585,-8.648864957550018e-11,False,False,45096.80938720703,2957.7694000875917,10.024025700341314,0.0015578992584483454,6814.562799283238,0.9260241032311908,1.0082616506939277,1.104394623500175,1.0539044250163887,0.07146035042271176,0.0,0.0015694963232778622,0.0003021177609268611,0.001776891772332004,-0.04883518855349546,0.05271283543694008,-0.004926293435419682,-930.9857138338967,False
16,moderate,71,nominal_nmpc,138.0,0.12571374385316839,0.024883708694734243,6.497963081116106,0.12614265674730848,0.024392963231681216,6.496324518109446,0.17875000000000002,-0.0011562573242187568,-0.16660492187500003,0.10875000000000001,0.24875000000000003,-0.08,0.08,-0.053036256146831634,0.026039966018953,6.664568002991106,Solve_Succeeded,0.03194391599390656,0.0,0.06112583301728591,False,0.0,False,False,0.0,0.0,0.0,0.0,-7746.5312726707825,-0.0387064839442709,0.8641729331139841,-0.060240909851177034,-0.060240909851177034,-0.06004435052941348,0.06464259475532586,-0.18,False,True,45009.26171875,2951.1139340230284,10.001469999116953,0.0015795558267594025,6878.233858063255,0.9260241032311908,1.0082616506939277,1.104394623500175,1.0539044250163887,0.07146035042271176,0.0,0.0015694963232778622,0.0003021177609268611,0.001776891772332004,-0.04883518855349546,0.05271283543694008,-0.004926293435419682,-930.9857138338967,False
16,moderate,71,nominal_nmpc,138.5,0.12436340376411345,0.0247295295920024,6.510366328578011,0.12376060290282939,0.024277232173993694,6.508647258819349,0.1779888095182194,-0.0011340722656249524,-0.16717752807617187,0.1079888095182194,0.24798880951821942,-0.08,0.08,-0.05362540575410596,0.02586360185762735,6.677543856654183,held,0.0,0.0,8.416600758209825e-05,False,0.0,False,False,0.0,0.0,0.0,0.0,-3455.4624615071916,-0.014206754500971185,0.8654248668484424,-0.060240909851177034,-0.060240909851177034,-0.0602407300534441,-0.02535740524467414,-0.18,False,True,44923.37078857422,2944.589099869325,9.979357015851507,0.001601095103252109,6941.231577503987,0.9260241032311908,1.0082616506939277,1.104394623500175,1.0539044250163887,0.07146035042271176,0.0,0.0015694963232778622,0.0003021177609268611,0.001776891772332004,-0.04883518855349546,0.05271283543694008,-0.004926293435419682,-930.9857138338967,False
16,moderate,71,nominal_nmpc,139.0,0.123101406023582,0.02466113176518686,6.522713935394205,0.12146908224116659,0.024784426978615395,6.524417770577941,0.17723950507137493,-0.0011116967773437958,-0.167738994140625,0.10723950507137492,0.24723950507137493,-0.08,0.08,-0.05413809904779293,0.025772828542530657,6.69045292953483,held,0.0,0.0,5.908298771828413e-05,False,0.0,False,False,0.0,0.0,0.0,0.0,-1726.6442013689061,-0.004437827608913526,0.8666529180860374,-0.060240909851177034,-0.060240909851177034,-0.060240909686711544,-0.060240909686711544,-0.0697670088840748,False,False,44839.15087890625,2938.19578228022,9.957689748679924,0.0016225005047789827,7003.518930503353,0.9260241032311908,1.0082616506939277,1.104394623500175,1.0539044250163887,0.07146035042271176,0.0,0.0015694963232778622,0.0003021177609268611,0.001776891772332004,-0.04883518855349546,0.05271283543694008,-0.004926293435419682,-930.9857138338967,False
16,moderate,71,nominal_nmpc,139.5,0.12194680732730068,0.024627256448965375,6.535035978458659,0.12112749985478026,0.02483168760355185,6.5322407190498835,0.1765023507935763,-0.0010891308593750093,-0.16828922485351566,0.10650235079357628,0.2465023507935763,-0.08,0.08,-0.05455554346627561,0.025716387308340385,6.703325203312175,held,0.0,0.0,5.16669824719429e-05,False,0.0,False,False,0.0,0.0,0.0,0.0,-1661.5159649946568,-0.004039080078748397,0.867856843512781,-0.060240909851177034,-0.060240909851177034,-0.06024090985102659,-0.06024090985102659,-3.2863009535866183e-10,False,False,44756.616271972656,2931.934864841167,9.93647119211668,0.0016437551848186246,7065.058721195206,0.9260241032311908,1.0082616506939277,1.104394623500175,1.0539044250163887,0.07146035042271176,0.0,0.0015694963232778622,0.0003021177609268611,0.001776891772332004,-0.04883518855349546,0.05271283543694008,-0.004926293435419682,-930.9857138338967,False
16,moderate,71,nominal_nmpc,140.0,0.12089674406048721,0.024594629100613257,6.547341400333002,0.1208307913743676,0.024227093947860233,6.546435300469332,0.17577761081893314,-0.0010663745117187595,-0.168828125,0.10577761081893314,0.24577761081893315,-0.08,0.08,-0.05488086675844593,0.025661003612332017,6.716169525333002,Solve_Succeeded,0.031179249985143542,0.0,0.058982875023502856,False,0.0,False,False,0.0,0.0,0.0,0.0,-4135.294501990974,-0.017565476568673095,0.8690364004543025,-0.008501218522491567,-0.008501218522491567,-0.008548546113571281,-0.008548546113571281,0.10338472747491062,False,False,44675.78125,2925.80723007535,9.91570433707618,0.0016648420498385878,7125.813612174663,0.9260241032311908,1.0082616506939277,1.104394623500175,1.0539044250163887,0.07146035042271176,0.0,0.0015694963232778622,0.0003021177609268611,0.001776891772332004,-0.04883518855349546,0.05271283543694008,-0.004926293435419682,-930.9857138338967,False
16,moderate,71,nominal_nmpc,140.5,0.11992867770479496,0.024512481590207035,6.559618131963161,0.11980376366148582,0.024375211737057905,6.55929986998154,0.1750655492815552,-0.001043427734374991,-0.16935559936523442,0.1050655492815552,0.24506554928155522,-0.08,0.08,-0.055136871576760255,0.025555909324582026,6.728973731328395,held,0.0,0.0,6.287498399615288e-05,False,0.0,False,False,0.0,0.0,0.0,0.0,-4105.694509671732,-0.01725806335321059,0.8701913469028518,-0.008501218522491567,-0.008501218522491567,-0.008501261814224082,-0.008501261814224082,9.456859869439935e-05,False,False,44596.660095214844,2919.813759449646,9.895392170892935,0.0016857437765896057,7185.74615235405,0.9260241032311908,1.0082616506939277,1.104394623500175,1.0539044250163887,0.07146035042271176,0.0,0.0015694963232778622,0.0003021177609268611,0.001776891772332004,-0.04883518855349546,0.05271283543694008,-0.004926293435419682,-930.9857138338967,False
16,moderate,71,nominal_nmpc,141.0,0.11902269296516572,0.02443089427401494,6.571853932491814,0.11768551877306331,0.024539975108502483,6.573036746315334,0.17436643031555224,-0.0010202905273437035,-0.169871552734375,0.10436643031555223,0.24436643031555225,-0.08,0.08,-0.055343737350386515,0.025451184801358644,6.74172548522619,held,0.0,0.0,5.3541967645287514e-05,False,0.0,False,False,0.0,0.0,0.0,0.0,-4076.1325491068806,-0.016957953201082624,0.8713214415444862,-0.008501218522491567,-0.008501218522491567,-0.008501218562091599,-0.008501218562091599,8.650426496642494e-08,False,False,44519.26708984375,2913.9553333805284,9.875537677341596,0.001706442830323608,7244.818805432693,0.9260241032311908,1.0082616506939277,1.104394623500175,1.0539044250163887,0.07146035042271176,0.0,0.0015694963232778622,0.0003021177609268611,0.001776891772332004,-0.04883518855349546,0.05271283543694008,-0.004926293435419682,-930.9857138338967,False
16,moderate,71,nominal_nmpc,141.5,0.11817258861566138,0.024349869411799924,6.5840490823336575,0.11596958793065923,0.02466665808107898,6.5852879476558766,0.17368051805503382,-0.0009969628906250083,-0.17037588989257813,0.10368051805503381,0.24368051805503382,-0.08,0.08,-0.05550792943937244,0.025346832302424932,6.754424972226236,held,0.0,0.0,4.962499951943755e-05,False,0.0,False,False,0.0,0.0,0.0,0.0,-4048.6501158728424,-0.016675868288466105,0.8724264437864387,-0.008501218522491567,-0.008501218522491567,-0.00850121852252779,-0.00850121852252779,7.91276176526079e-11,False,False,44443.61651611328,2908.2328312399127,9.856143836656756,0.00172692148392525,7302.9939789629,0.9260241032311908,1.0082616506939277,1.104394623500175,1.0539044250163887,0.07146035042271176,0.0,0.0015694963232778622,0.0003021177609268611,0.001776891772332004,-0.04883518855349546,0.05271283543694008,-0.004926293435419682,-930.9857138338967,False
16,moderate,71,nominal_nmpc,142.0,0.1173728005652714,0.024269368147852022,6.596203852777638,0.1155093787295943,0.02397036440010577,6.594851095801272,0.17300807663410972,-0.0009734448242187388,-0.170868515625,0.10300807663410971,0.24300807663410973,-0.08,0.08,-0.05563527606883832,0.02524281297207076,6.767072368402638,Solve_Succeeded,0.030522707966156304,0.0,0.05999445798806846,False,0.0,False,False,0.0,0.0,0.0,0.0,-4461.315541380643,-0.018736293965231958,0.87350611378467,0.00011868405121108471,0.00011868405121108471,0.00011079921050791142,0.00011079921050791142,0.017224035466071402,False,False,44369.72265625,2902.64713136095,9.837213625552586,0.0017471618379439767,7360.234053994117,0.9260241032311908,1.0082616506939277,1.104394623500175,1.0539044250163887,0.07146035042271176,0.0,0.0015694963232778622,0.0003021177609268611,0.001776891772332004,-0.04883518855349546,0.05271283543694008,-0.004926293435419682,-930.9857138338967,False
16,moderate,71,nominal_nmpc,142.5,0.11661621375322243,0.024180590914285142,6.608316305420093,0.11473760805270014,0.02424404200863597,6.609351320294073,0.17234937018688956,-0.000949736328125006,-0.17134933471679686,0.10234937018688955,0.24234937018688957,-0.08,0.08,-0.055733156433667136,0.02513032724241015,6.77966564013689,held,0.0,0.0,8.108402835205197e-05,False,0.0,False,False,0.0,0.0,0.0,0.0,-4441.432936529671,-0.018489424724453984,0.8745602124716015,0.00011868405121108471,0.00011868405121108471,0.0001186768387498785,0.0001186768387498785,1.5755256483934163e-05,False,False,44297.59979248047,2897.199111043762,9.818750017242264,0.0017671458415107306,7416.501415276089,0.9260241032311908,1.0082616506939277,1.104394623500175,1.0539044250163887,0.07146035042271176,0.0,0.0015694963232778622,0.0003021177609268611,0.001776891772332004,-0.04883518855349546,0.05271283543694008,-0.004926293435419682,-930.9857138338967,False
16,moderate,71,nominal_nmpc,143.0,0.11589649583796635,0.024092192401293556,6.620384465675758,0.11763993572768368,0.024419449458605656,6.62295537098804,0.1717046628474831,-0.0009258374023437543,-0.171818251953125,0.10170466284748308,0.2417046628474831,-0.08,0.08,-0.05580816700951674,0.02501802980363731,6.792202717628883,held,0.0,0.0,5.4958974942564964e-05,False,0.0,False,False,0.0,0.0,0.0,0.0,-4422.251761879293,-0.01825240742594735,0.8755885015840311,0.00011868405121108471,0.00011868405121108471,0.00011868404461366586,0.00011868404461366586,1.441172757472636e-08,False,False,44227.26220703125,2891.8896465611238,9.800755981457243,0.0017868553141206602,7471.75848200172,0.9260241032311908,1.0082616506939277,1.104394623500175,1.0539044250163887,0.07146035042271176,0.0,0.0015694963232778622,0.0003021177609268611,0.001776891772332004,-0.04883518855349546,0.05271283543694008,-0.004926293435419682,-930.9857138338967,False
16,moderate,71,nominal_nmpc,143.5,0.1152099825804975,0.024004160428572188,6.632408519708452,0.11568319047030859,0.02386673955850581,6.634686209713991,0.17107421875,-0.0009017480468749839,-0.17227517211914062,0.10107421875,0.24107421875,-0.08,0.08,-0.05586423616950251,0.024905908475447172,6.804683691827592,held,0.0,0.0,5.454104393720627e-05,False,0.0,False,False,0.0,0.0,0.0,0.0,-4404.0011086584345,-0.018026208530773313,0.8765907436912289,0.00011868405121108471,0.00011868405121108471,0.00011868405120504989,0.00011868405120504989,1.3182768055343755e-11,False,False,44158.724182128906,2886.719613164095,9.783234484466332,0.0018062719682601317,7525.967739069174,0.9260241032311908,1.0082616506939277,1.104394623500175,1.0539044250163887,0.07146035042271176,0.0,0.0015694963232778622,0.0003021177609268611,0.001776891772332004,-0.04883518855349546,0.05271283543694008,-0.004926293435419682,-930.9857138338967,False
16,moderate,71,nominal_nmpc,144.0,0.11455338452942401,0.0239164780578895,6.644388646416767,0.11485855737659256,0.024001612556478497,6.644094933408523,0.17045830202855,-0.0008774682617187501,-0.17271999999999998,0.10045830202855,0.24045830202855,-0.08,0.08,-0.05590491749912599,0.02479394631960825,6.817108646416767,Solve_Succeeded,0.03035366698168218,0.0,0.05907070799730718,False,0.0,False,False,0.0,0.0,0.0,0.0,-8512.853305749995,-0.03907680654122246,0.8775667022232162,0.07855939728731946,0.07855939728731946,0.07848764560297974,0.07848764560297974,0.1567379231035494,False,False,44092.0,2881.6898850875914,9.766188489094581,0.0018253774328534664,7579.091768842313,0.9260241032311908,1.0082616506939277,1.104394623500175,1.0539044250163887,0.07146035042271176,0.0,0.0015694963232778622,0.0003021177609268611,0.001776891772332004,-0.04883518855349546,0.05271283543694008,-0.004926293435419682,-930.9857138338967,False
16,moderate,71,nominal_nmpc,144.5,0.11390385278877044,0.02374661352989702,6.656304386497729,0.11249922213061155,0.023945118541921186,6.655234905133817,0.1698571768172427,-0.0008529980468749976,-0.17315264038085937,0.09985717681724268,0.2398571768172427,-0.08,0.08,-0.05595332402847225,0.024599611576772016,6.829457026878589,held,0.0,0.0,0.00012425001477822661,False,0.0,False,False,0.0,0.0,0.0,0.0,-8531.342764390016,-0.038905165519813614,0.8785161414992242,0.07855939728731946,0.07855939728731946,0.07855933165425733,0.07855933165425733,0.00014337210255516153,False,False,44027.103942871094,2876.8013355559106,9.749620954742001,0.001844153277501806,7631.093283388008,0.9260241032311908,1.0082616506939277,1.104394623500175,1.0539044250163887,0.07146035042271176,0.0,0.0015694963232778622,0.0003021177609268611,0.001776891772332004,-0.04883518855349546,0.05271283543694008,-0.004926293435419682,-930.9857138338967,False
16,moderate,71,nominal_nmpc,145.0,0.11324146500051151,0.023576389729639786,6.668135103629391,0.11292192179085878,0.02369849257650425,6.670745059565008,0.16927110725018785,-0.0008283374023437817,-0.17357299804687498,0.09927110725018784,0.23927110725018785,-0.08,0.08,-0.05602964224967634,0.024404727131983567,6.841708101676266,held,0.0,0.0,6.36249897070229e-05,False,0.0,False,False,0.0,0.0,0.0,0.0,-8543.57659247363,-0.03870988560992908,0.8794388267563331,0.07855939728731946,0.07855939728731946,0.07855939722728325,0.07855939722728325,1.31146051851605e-07,False,False,43964.05029296875,2872.054836788207,9.733534837402127,0.001862581037483467,7681.935157167966,0.9260241032311908,1.0082616506939277,1.104394623500175,1.0539044250163887,0.07146035042271176,0.0,0.0015694963232778622,0.0003021177609268611,0.001776891772332004,-0.04883518855349546,0.05271283543694008,-0.004926293435419682,-930.9857138338967,False
16,moderate,71,nominal_nmpc,145.5,0.11256742026494489,0.0234059310705156,6.679880649336816,0.11300387858079546,0.023814163833212543,6.67743276005595,0.16870035746149514,-0.0008034863281249915,-0.17398097778320315,0.09870035746149514,0.23870035746149515,-0.08,0.08,-0.056132937196550256,0.024209417398640593,6.853861627120019,held,0.0,0.0,5.9166981372982264e-05,False,0.0,False,False,0.0,0.0,0.0,0.0,-8553.359654809447,-0.03851075256909457,0.8803345241782927,0.07855939728731946,0.07855939728731946,0.07855939728726455,0.07855939728726455,1.1996259541291465e-10,False,False,43902.85333251953,2867.45126000391,9.717933089680376,0.0018806422394821705,7731.580460162318,0.9260241032311908,1.0082616506939277,1.104394623500175,1.0539044250163887,0.07146035042271176,0.0,0.0015694963232778622,0.0003021177609268611,0.001776891772332004,-0.04883518855349546,0.05271283543694008,-0.004926293435419682,-930.9857138338967,False
16,moderate,71,nominal_nmpc,146.0,0.11188283334332552,0.02323528589917916,6.691540918332292,0.11212550371143243,0.02319689531963247,6.693407786581819,0.16814519158527425,-0.0007784448242186826,-0.17437648437499997,0.09814519158527424,0.23814519158527425,-0.08,0.08,-0.05626235824194872,0.024013730723397842,6.865917402707292,Solve_Succeeded,0.03163199999835342,0.0,0.06136158399749547,False,0.0,False,False,0.0,0.0,0.0,0.0,-4843.032258311191,-0.019641962162886464,0.8812030009245224,0.00999570360735043,0.00999570360735043,0.010058420534608314,0.010058420534608314,-0.13700195350531247,False,False,43843.52734375,2862.991475428098,9.702818660812255,0.001898318428006417,7779.992491401257,0.9260241032311908,1.0082616506939277,1.104394623500175,1.0539044250163887,0.07146035042271176,0.0,0.0015694963232778622,0.0003021177609268611,0.001776891772332004,-0.04883518855349546,0.05271283543694008,-0.004926293435419682,-930.9857138338967,False
16,moderate,71,nominal_nmpc,146.5,0.11120665018005,0.023138847677823125,6.703134416738235,0.11092072613193679,0.023249810297910525,6.702509392256241,0.16760587375563488,-0.0007532128906250213,-0.17475942260742183,0.09760587375563487,0.23760587375563488,-0.08,0.08,-0.05639922357558487,0.023892060568448146,6.877893839345657,held,0.0,0.0,0.00010525004472583532,False,0.0,False,False,0.0,0.0,0.0,0.0,-4819.686096859991,-0.019407147358951618,0.8820440251592905,0.00999570360735043,0.00999570360735043,0.009995760976094054,0.009995760976094054,-0.00012531911702852103,False,False,43786.08660888672,2858.67635229682,9.68819449668141,0.0019155911924603505,7827.134812880744,0.9260241032311908,1.0082616506939277,1.104394623500175,1.0539044250163887,0.07146035042271176,0.0,0.0015694963232778622,0.0003021177609268611,0.001776891772332004,-0.04883518855349546,0.05271283543694008,-0.004926293435419682,-930.9857138338967,False
16,moderate,71,nominal_nmpc,147.0,0.11055535089553391,0.023042863052293278,6.714679810523822,0.11229783002679684,0.023121738594998574,6.71442860992712,0.16708266810668673,-0.0007277905273437857,-0.175129697265625,0.09708266810668673,0.23708266810668674,-0.08,0.08,-0.056527317211152825,0.023770653579637063,6.889809507789447,held,0.0,0.0,5.924998549744487e-05,False,0.0,False,False,0.0,0.0,0.0,0.0,-4800.201205274454,-0.019197482714649397,0.8828573660810748,0.00999570360735043,0.00999570360735043,0.009995703659827056,0.009995703659827056,-1.146325339963783e-07,False,False,43730.54541015625,2854.506758862366,9.674063539837478,0.001932442194823375,7872.971283837253,0.9260241032311908,1.0082616506939277,1.104394623500175,1.0539044250163887,0.07146035042271176,0.0,0.0015694963232778622,0.0003021177609268611,0.001776891772332004,-0.04883518855349546,0.05271283543694008,-0.004926293435419682,-930.9857138338967,False
16,moderate,71,nominal_nmpc,147.5,0.10992653980222479,0.02294725607807352,6.726177307395682,0.11218145487978376,0.02296622039271663,6.726953734467426,0.16657583877253945,-0.0007021777343750313,-0.17548721313476562,0.09657583877253945,0.23657583877253946,-0.08,0.08,-0.05664929897031466,0.02364943381244855,6.901664520530447,held,0.0,0.0,5.41249755769968e-05,False,0.0,False,False,0.0,0.0,0.0,0.0,-4781.062112638252,-0.01899516935304664,0.8836427939521009,0.00999570360735043,0.00999570360735043,0.009995703607398432,0.009995703607398432,-1.0485724788455997e-10,False,False,43676.918029785156,2850.4835623984977,9.660428729513812,0.0019488531978928611,7917.466095356157,0.9260241032311908,1.0082616506939277,1.104394623500175,1.0539044250163887,0.07146035042271176,0.0,0.0015694963232778622,0.0003021177609268611,0.001776891772332004,-0.04883518855349546,0.05271283543694008,-0.004926293435419682,-930.9857138338967,False
16,moderate,71,nominal_nmpc,148.0,0.10931805173504186,0.022852021005911594,6.737627094646639,0.1120648555807544,0.022900583446466165,6.739181548308521,0.1660856498873028,-0.0006763745117187581,-0.17583187500000003,0.09608564988730278,0.2360856498873028,-0.08,0.08,-0.05676759815226093,0.023528395517630352,6.913458969646639,Solve_Succeeded,0.03162975003942847,0.0,0.06092904100660235,False,0.0,False,False,0.0,0.0,0.0,0.0,-3911.5505744338993,-0.014625600045797603,0.8844000801280599,-0.005280285050320511,-0.005280285050320511,-0.005266311721025983,-0.005266311721025983,-0.03052403065684883,False,False,43625.21875,2846.6076292056214,9.647293001645018,0.0019648060940413293,7960.583805287437,0.9260241032311908,1.0082616506939277,1.104394623500175,1.0539044250163887,0.07146035042271176,0.0,0.0015694963232778622,0.0003021177609268611,0.001776891772332004,-0.04883518855349546,0.05271283543694008,-0.004926293435419682,-930.9857138338967,False
16,moderate,71,nominal_nmpc,148.5,0.10873204598956741,0.022774164434794394,6.749033610016416,0.10721602710878951,0.02231636543068707,6.747355160583307,0.16561236558508644,-0.000650380859374966,-0.17616358764648438,0.09561236558508643,0.23561236558508644,-0.08,0.08,-0.05688031959551902,0.02342454529416936,6.9251971976629,held,0.0,0.0,9.899999713525176e-05,False,0.0,False,False,0.0,0.0,0.0,0.0,-3887.1095202986135,-0.01443006879671996,0.8851289970880061,-0.005280285050320511,-0.005280285050320511,-0.0052802722685663505,-0.0052802722685663505,-2.7921095080735148e-05,False,False,43575.461853027344,2842.879824615921,9.634659288884347,0.001980282934436643,8002.289373441921,0.9260241032311908,1.0082616506939277,1.104394623500175,1.0539044250163887,0.07146035042271176,0.0,0.0015694963232778622,0.0003021177609268611,0.001776891772332004,-0.04883518855349546,0.05271283543694008,-0.004926293435419682,-930.9857138338967,False
16,moderate,71,nominal_nmpc,149.0,0.10817033397148156,0.022696782834155247,6.7604013169782355,0.10766413294011126,0.022876583400702984,6.760819038393966,0.16515625,-0.0006241967773437107,-0.176482255859375,0.09515625,0.23515625,-0.08,0.08,-0.05698591602851845,0.023320979611498958,6.93688357283761,held,0.0,0.0,6.233301246538758e-05,False,0.0,False,False,0.0,0.0,0.0,0.0,-3864.156980774095,-0.014246355733001986,0.8858293184644305,-0.005280285050320511,-0.005280285050320511,-0.00528028503862872,-0.00528028503862872,-2.554012473905687e-08,False,False,43527.66162109375,2839.3010129984405,9.622530520620925,0.00199526595867095,8042.548197040414,0.9260241032311908,1.0082616506939277,1.104394623500175,1.0539044250163887,0.07146035042271176,0.0,0.0015694963232778622,0.0003021177609268611,0.001776891772332004,-0.04883518855349546,0.05271283543694008,-0.004926293435419682,-930.9857138338967,False
16,moderate,71,nominal_nmpc,149.5,0.10763060302938986,0.022619847722126614,6.771730445791281,0.10423733983644473,0.02236000972349352,6.7721618203468665,0.16471756726615328,-0.0005978222656249921,-0.1767877844238281,0.09471756726615327,0.23471756726615328,-0.08,0.08,-0.05708696423676342,0.023217669987751606,6.948518230215109,held,0.0,0.0,5.6541990488767624e-05,False,0.0,False,False,0.0,0.0,0.0,0.0,-3841.7989265255633,-0.014069923557236774,0.8865008190735161,-0.005280285050320511,-0.005280285050320511,-0.005280285050309816,-0.005280285050309816,-2.3362192388964864e-11,False,False,43481.83233642579,2835.872057764125,9.61090962299683,0.002009737624741323,8081.326146387304,0.9260241032311908,1.0082616506939277,1.104394623500175,1.0539044250163887,0.07146035042271176,0.0,0.0015694963232778622,0.0003021177609268611,0.001776891772332004,-0.04883518855349546,0.05271283543694008,-0.004926293435419682,-930.9857138338967,False
16,moderate,71,nominal_nmpc,150.0,0.10711077221601356,0.02254334837428945,6.783021216923323,0.10824809139599322,0.02235634399778752,6.779427614539193,0.16429658151765592,-0.0005712573242187546,-0.17708007812499998,0.09429658151765591,0.23429658151765592,-0.08,0.08,-0.057185809301642354,0.023114605698508206,6.9601012950483225,Solve_Succeeded,0.03105916699860245,0.0,0.06138416699832305,False,0.0,False,False,0.0,0.0,0.0,0.0,1311.5100285711637,0.010789742337722844,0.8871432749455687,-0.10709074288240299,-0.10709074288240299,-0.10699761430756632,-0.09528028505030982,-0.18,False,True,43437.98828125,2832.59382137081,9.599799518924007,0.002023680639322553,8118.589600739711,0.9260241032311908,1.0082616506939277,1.104394623500175,1.0539044250163887,0.07146035042271176,0.0,0.0015694963232778622,0.0003021177609268611,0.001776891772332004,-0.04883518855349546,0.05271283543694008,-0.004926293435419682,-930.9857138338967,False
16,moderate,71,nominal_nmpc,150.5,0.10663371353231176,0.02256989317519169,6.794299501649434,0.10790144175979645,0.02263572294366854,6.793102139311542,0.1638935568886176,-0.0005445019531249984,-0.17735904174804684,0.09389355688861759,0.2338935568886176,-0.08,0.08,-0.05725984335630584,0.02311439512831669,6.9716585433974805,held,0.0,0.0,7.612502668052912e-05,False,0.0,False,False,0.0,0.0,0.0,0.0,2034.2362633394855,0.01420464118075405,0.8877564633556255,-0.10709074288240299,-0.10709074288240299,-0.1070906576953639,-0.1070906576953639,-0.023620745290108158,False,False,43396.14373779297,2829.467165328174,9.589203128101051,0.0020370779882698435,8154.30548434216,0.9260241032311908,1.0082616506939277,1.104394623500175,1.0539044250163887,0.07146035042271176,0.0,0.0015694963232778622,0.0003021177609268611,0.001776891772332004,-0.04883518855349546,0.05271283543694008,-0.004926293435419682,-930.9857138338967,False
16,moderate,71,nominal_nmpc,151.0,0.10622239452972174,0.022610851093441697,6.805594665507851,0.10624816236387567,0.02279451259604797,6.804465137714035,0.16350875751314803,-0.0005175561523437788,-0.17762458007812498,0.09350875751314802,0.23350875751314804,-0.08,0.08,-0.05728636298342629,0.023128407245785475,6.983219245585976,held,0.0,0.0,5.5165961384773254e-05,False,0.0,False,False,0.0,0.0,0.0,0.0,2078.750832367391,0.01435777939798018,0.8883401628542431,-0.10709074288240299,-0.10709074288240299,-0.10709074280448026,-0.10709074280448026,-1.7021823273122294e-07,False,False,43356.31298828125,2826.4929502026407,9.579123367029817,0.00204991296728697,8188.441302596345,0.9260241032311908,1.0082616506939277,1.104394623500175,1.0539044250163887,0.07146035042271176,0.0,0.0015694963232778622,0.0003021177609268611,0.001776891772332004,-0.04883518855349546,0.05271283543694008,-0.004926293435419682,-930.9857138338967,False
16,moderate,71,nominal_nmpc,151.5,0.10587352172089805,0.022652659068581403,6.8169105241397805,0.10451267891235023,0.022792851563306005,6.816840258801721,0.1631424475253569,-0.0004904199218750405,-0.17787659790039062,0.09314244752535689,0.2331424475253569,-0.08,0.08,-0.057268925804458845,0.023143078990456444,6.994787122040171,held,0.0,0.0,5.3333991672843695e-05,False,0.0,False,False,0.0,0.0,0.0,0.0,2118.565556975598,0.014490159480292688,0.8888941532984604,-0.10709074288240299,-0.10709074288240299,-0.10709074288233171,-0.10709074288233171,-1.557028950216477e-10,False,False,43318.510314941406,2823.6720356222395,9.569563149031898,0.0020621692126929644,8220.965178334234,0.9260241032311908,1.0082616506939277,1.104394623500175,1.0539044250163887,0.07146035042271176,0.0,0.0015694963232778622,0.0003021177609268611,0.001776891772332004,-0.04883518855349546,0.05271283543694008,-0.004926293435419682,-930.9857138338967,False
16,moderate,71,nominal_nmpc,152.0,0.10558097078098033,0.0226952268069752,6.82824747969651,0.10521063275074773,0.02315496670538869,6.826825997149137,0.1627948910593539,-0.0004630932617187278,-0.17811500000000002,0.0927948910593539,0.23279489105935391,-0.08,0.08,-0.057213920278373576,0.02315832006869393,7.00636247969651,Solve_Succeeded,0.03178937500342727,0.0,0.0606280830106698,False,0.0,False,False,0.0,0.0,0.0,0.0,-3075.0315677794456,-0.010149461381712481,0.8894182158829406,0.04627832567592039,0.04627832567592039,0.04613803514896479,-0.017090742882331714,0.18,False,True,43282.75,2821.0052802814257,9.56052538426496,0.002073830732218457,8251.845888162477,0.9260241032311908,1.0082616506939277,1.104394623500175,1.0539044250163887,0.07146035042271176,0.0,0.0015694963232778622,0.0003021177609268611,0.001776891772332004,-0.04883518855349546,0.05271283543694008,-0.004926293435419682,-930.9857138338967,False
16,moderate,71,nominal_nmpc,152.5,0.10531400278738492,0.022633901540517948,6.839579747159473,0.10622212185372501,0.022182599419963714,6.838075115155906,0.16246635224924869,-0.0004355761718750073,-0.17833969116210935,0.09246635224924868,0.2324663522492487,-0.08,0.08,-0.05715234946186376,0.023069477712392955,7.017919438321582,held,0.0,0.0,6.883300375193357e-05,False,0.0,False,False,0.0,0.0,0.0,0.0,-6760.179514713209,-0.027496851623616064,0.8899121331712881,0.04627832567592039,0.04627832567592039,0.04627819734866289,0.04627819734866288,0.1267378804619892,False,False,43249.046325683594,2818.4935419458525,9.55201297973891,0.0020848819357607014,8281.05289884469,0.9260241032311908,1.0082616506939277,1.104394623500175,1.0539044250163887,0.07146035042271176,0.0,0.0015694963232778622,0.0003021177609268611,0.001776891772332004,-0.04883518855349546,0.05271283543694008,-0.004926293435419682,-930.9857138338967,False
16,moderate,71,nominal_nmpc,153.0,0.10502804003104013,0.022498883283941232,6.850862927612611,0.1070605918528296,0.022452252847622135,6.850817015009011,0.162157095229151,-0.000407868652343768,-0.17855057617187503,0.092157095229151,0.232157095229151,-0.08,0.08,-0.05712905519811087,0.022906751936285,7.029413503784486,held,0.0,0.0,5.558400880545378e-05,False,0.0,False,False,0.0,0.0,0.0,0.0,-6760.914406391858,-0.02740928489718955,0.8903756891275432,0.04627832567592039,0.04627832567592039,0.04627832555853623,0.04627832555853623,2.564197466997653e-07,False,False,43217.41357421875,2816.1376774571086,9.544028839331956,0.0020953076660245947,8308.55640368772,0.9260241032311908,1.0082616506939277,1.104394623500175,1.0539044250163887,0.07146035042271176,0.0,0.0015694963232778622,0.0003021177609268611,0.001776891772332004,-0.04883518855349546,0.05271283543694008,-0.004926293435419682,-930.9857138338967,False
16,moderate,71,nominal_nmpc,153.5,0.10470793656535472,0.02236387384788408,6.862078599214252,0.10683524200694403,0.021660579242015476,6.862076052068238,0.16186738413317056,-0.0003799707031249544,-0.17874755981445312,0.09186738413317055,0.23186738413317057,-0.08,0.08,-0.05715944756781584,0.022743844551009033,7.040826159028705,held,0.0,0.0,5.141698056831956e-05,False,0.0,False,False,0.0,0.0,0.0,0.0,-6758.030682090155,-0.027311015546987713,0.8908086691478525,0.04627832567592039,0.04627832567592039,0.04627832567581302,0.04627832567581302,2.345535710102098e-10,False,False,43187.86602783203,2813.938542737408,9.536575863806503,0.0021050932289753055,8334.3273588966,0.9260241032311908,1.0082616506939277,1.104394623500175,1.0539044250163887,0.07146035042271176,0.0,0.0015694963232778622,0.0003021177609268611,0.001776891772332004,-0.04883518855349546,0.05271283543694008,-0.004926293435419682,-930.9857138338967,False
16,moderate,71,nominal_nmpc,154.0,0.10435726992996347,0.022228943296480112,6.873226784080183,0.10739793917000988,0.022090840467696583,6.872417841645563,0.161597483095417,-0.000351882324218733,-0.17893054687499999,0.09159748309541699,0.231597483095417,-0.08,0.08,-0.057240213165453524,0.022580825620698845,7.052157330955183,Solve_Succeeded,0.03165374998934567,0.0,0.0597018749685958,False,0.0,False,False,0.0,0.0,0.0,0.0,-1444.5490747561153,-0.002400126668533297,0.8912108600923155,-0.11493925538973238,-0.11493925538973238,-0.11479178563188089,-0.04372167432418698,-0.18,False,True,43160.41796875,2811.8969927942394,9.529656950824899,0.002114224424026795,8358.337519862382,0.9260241032311908,1.0082616506939277,1.104394623500175,1.0539044250163887,0.07146035042271176,0.0,0.0015694963232778622,0.0003021177609268611,0.001776891772332004,-0.04883518855349546,0.05271283543694008,-0.004926293435419682,-930.9857138338967,False
16,moderate,71,nominal_nmpc,154.5,0.10400486528722024,0.02220028904194444,6.8843340726504305,0.10520679425515898,0.022522638076705,6.881491472775496,0.16134765625,-0.0003236035156249928,-0.17909944213867185,0.09134765624999999,0.23134765625,-0.08,0.08,-0.05734279096277976,0.022523892557569432,7.063433514789103,held,0.0,0.0,6.36249897070229e-05,False,0.0,False,False,0.0,0.0,0.0,0.0,2791.9967030612816,0.017353137466906882,0.8915820503170069,-0.11493925538973238,-0.11493925538973238,-0.11493912049545263,-0.11493912049545263,-0.14243489234253132,False,False,43135.08367919922,2810.013881724981,9.523274994965092,0.002122687573889163,8380.559477345623,0.9260241032311908,1.0082616506939277,1.104394623500175,1.0539044250163887,0.07146035042271176,0.0,0.0015694963232778622,0.0003021177609268611,0.001776891772332004,-0.04883518855349546,0.05271283543694008,-0.004926293435419682,-930.9857138338967,False
16,moderate,71,nominal_nmpc,155.0,0.10369602551865603,0.022256340683104173,6.895448212978838,0.10353056660970611,0.02231258778492409,6.894702237498976,0.1611181677310293,-0.00029513427734373376,-0.17925415039062498,0.09111816773102929,0.2311181677310293,-0.08,0.08,-0.05742214221237327,0.022551474960447907,7.074702363369463,held,0.0,0.0,5.212501855567098e-05,False,0.0,False,False,0.0,0.0,0.0,0.0,2824.970400709726,0.017464303939875227,0.8919220297061744,-0.11493925538973238,-0.11493925538973238,-0.1149392552663412,-0.1149392552663412,-2.695417771481079e-07,False,False,43111.87744140625,2808.2900627214676,9.517432887736097,0.002130469553996898,8400.966693517616,0.9260241032311908,1.0082616506939277,1.104394623500175,1.0539044250163887,0.07146035042271176,0.0,0.0015694963232778622,0.0003021177609268611,0.001776891772332004,-0.04883518855349546,0.05271283543694008,-0.004926293435419682,-930.9857138338967,False
16,moderate,71,nominal_nmpc,155.5,0.10344604818763012,0.022313012365019265,6.906590537371508,0.10281204257082067,0.02293770091934911,6.907371823003305,0.1609092816726146,-0.00026647460937501144,-0.17939457641601558,0.09090928167261458,0.2309092816726146,-0.08,0.08,-0.05746323348498447,0.022579486974394276,7.085985113787523,held,0.0,0.0,5.1166978664696217e-05,False,0.0,False,False,0.0,0.0,0.0,0.0,2852.9752887786526,0.01755572039716867,0.8922305897046117,-0.11493925538973238,-0.11493925538973238,-0.11493925538961951,-0.11493925538961951,-2.465566084630666e-10,False,False,43090.81353759766,2806.7263880745245,9.512133517593359,0.0021375578214391853,8419.533537820025,0.9260241032311908,1.0082616506939277,1.104394623500175,1.0539044250163887,0.07146035042271176,0.0,0.0015694963232778622,0.0003021177609268611,0.001776891772332004,-0.04883518855349546,0.05271283543694008,-0.004926293435419682,-930.9857138338967,False
16,moderate,71,nominal_nmpc,156.0,0.10324907207961943,0.022370208481175772,6.917761331637935,0.10440568839766162,0.02244638846197279,6.917077401527362,0.1607212622088655,-0.0002376245117187703,-0.179520625,0.0907212622088655,0.23072126220886552,-0.08,0.08,-0.05747219012924608,0.022607832992894542,7.097281956637936,Solve_Succeeded,0.031306207994930446,0.0,0.059671792027074844,False,0.0,False,False,0.0,0.0,0.0,0.0,-1709.283038410337,-0.0036037685150640264,0.892507523350207,-0.0379349931508121,-0.0379349931508121,-0.03800543087745975,-0.03800543087745975,0.1538676490243195,False,False,43071.90625,2805.323709178458,9.50737976995398,0.0021439404433129913,8436.235322602859,0.9260241032311908,1.0082616506939277,1.104394623500175,1.0539044250163887,0.07146035042271176,0.0,0.0015694963232778622,0.0003021177609268611,0.001776891772332004,-0.04883518855349546,0.05271283543694008,-0.004926293435419682,-930.9857138338967,False
16,moderate,71,nominal_nmpc,156.5,0.10307769366576999,0.02233613803863066,6.9289379086828555,0.10448345003330374,0.022224026333112743,6.929223737916071,0.16055437347389181,-0.00020858398437501036,-0.17963220092773435,0.09055437347389181,0.23055437347389182,-0.08,0.08,-0.05747667980812182,0.02254472202300567,7.10857010961059,held,0.0,0.0,8.291698759421706e-05,False,0.0,False,False,0.0,0.0,0.0,0.0,-1702.154810742873,-0.003564503673559276,0.8927526253066658,-0.0379349931508121,-0.0379349931508121,-0.037935057581964235,-0.037935057581964235,0.00014074659099103104,False,False,43055.169860839844,2804.0828765355113,9.503174527211813,0.002149606124419225,8451.04833849905,0.9260241032311908,1.0082616506939277,1.104394623500175,1.0539044250163887,0.07146035042271176,0.0,0.0015694963232778622,0.0003021177609268611,0.001776891772332004,-0.04883518855349546,0.05271283543694008,-0.004926293435419682,-930.9857138338967,False
16,moderate,71,nominal_nmpc,157.0,0.10290806952386158,0.02230220916278171,6.940097485980284,0.10179287695649687,0.0224635287231433,6.94153052319139,0.16040887960180317,-0.0001793530273437871,-0.179729208984375,0.09040887960180316,0.23040887960180317,-0.08,0.08,-0.05750081007794158,0.0224815621901255,7.119826694964659,held,0.0,0.0,5.362502997741103e-05,False,0.0,False,False,0.0,0.0,0.0,0.0,-1690.893450550749,-0.0035070973189892628,0.8929656918964083,-0.0379349931508121,-0.0379349931508121,-0.037934993209748885,-0.037934993209748885,1.2874443069965658e-07,False,False,43040.61865234375,2803.004739760278,9.499520668752426,0.0021545442342223936,8463.949889493477,0.9260241032311908,1.0082616506939277,1.104394623500175,1.0539044250163887,0.07146035042271176,0.0,0.0015694963232778622,0.0003021177609268611,0.001776891772332004,-0.04883518855349546,0.05271283543694008,-0.004926293435419682,-930.9857138338967,False
16,moderate,71,nominal_nmpc,157.5,0.1027401038837397,0.022268504557179304,6.951240154986498,0.10101908769402354,0.02235815654004626,6.947543635275097,0.16028504472670924,-0.00014993164062498954,-0.17981155395507814,0.09028504472670923,0.23028504472670924,-0.08,0.08,-0.05754494084296953,0.022418436197804294,7.131051708941576,held,0.0,0.0,5.6541990488767624e-05,False,0.0,False,False,0.0,0.0,0.0,0.0,-1679.6877839734138,-0.0034509093166636886,0.8931465211336418,-0.0379349931508121,-0.0379349931508121,-0.03793499315086601,-0.03793499315086601,1.1776575548072543e-10,False,False,43028.26690673828,2802.0901475840824,9.496421070967946,0.0021587448329942064,8474.918327642365,0.9260241032311908,1.0082616506939277,1.104394623500175,1.0539044250163887,0.07146035042271176,0.0,0.0015694963232778622,0.0003021177609268611,0.001776891772332004,-0.04883518855349546,0.05271283543694008,-0.004926293435419682,-930.9857138338967,False
16,moderate,71,nominal_nmpc,158.0,0.10257372990838562,0.02223502312592733,6.9623660275612025,0.10182603674477476,0.02150314592391221,6.964057260505886,0.16018313298271974,-0.00012031982421872867,-0.179879140625,0.09018313298271974,0.23018313298271975,-0.08,0.08,-0.057609403074334126,0.02235534295014606,7.142245168186203,Solve_Succeeded,0.030294083000626415,0.0,0.061310250021051615,False,0.0,False,False,0.0,0.0,0.0,0.0,3730.9962675696543,0.02146512346014113,0.8932949127576065,-0.23655485251827343,-0.23655485251827343,-0.23637316996000765,-0.127934993150866,-0.18,False,True,43018.12890625,2801.339947859319,9.493878607271759,0.0021621986970621473,8483.933087398085,0.9260241032311908,1.0082616506939277,1.104394623500175,1.0539044250163887,0.07146035042271176,0.0,0.0015694963232778622,0.0003021177609268611,0.001776891772332004,-0.04883518855349546,0.05271283543694008,-0.004926293435419682,-930.9857138338967,False
16,moderate,71,nominal_nmpc,158.5,0.10243492049659395,0.02230974161599073,6.973502210995787,0.10079609258961714,0.02222317717929719,6.977711081537547,0.16010340850394442,-9.05175781250045e-05,-0.17993187377929687,0.09010340850394441,0.23010340850394442,-0.08,0.08,-0.05766848800735047,0.022400259194115736,7.153434084775084,held,0.0,0.0,7.804099004715681e-05,False,0.0,False,False,0.0,0.0,0.0,0.0,9150.11818016398,0.04637784634492374,0.8934106682659959,-0.23655485251827343,-0.23655485251827343,-0.23655468632868856,-0.217934993150866,-0.18,False,True,43010.21893310547,2800.754987563758,9.491896148113106,0.0021648973430848126,8490.974719493297,0.9260241032311908,1.0082616506939277,1.104394623500175,1.0539044250163887,0.07146035042271176,0.0,0.0015694963232778622,0.0003021177609268611,0.001776891772332004,-0.04883518855349546,0.05271283543694008,-0.004926293435419682,-930.9857138338967,False
16,moderate,71,nominal_nmpc,159.0,0.10237207018908027,0.022492795560178924,6.984702841857137,0.10337090488629902,0.022634717134478406,6.98177394100964,0.16004613542449286,-6.052490234376151e-05,-0.179969658203125,0.09004613542449286,0.23004613542449287,-0.08,0.08,-0.05767406523541259,0.022553320462522685,7.164672500060262,held,0.0,0.0,5.620799493044615e-05,False,0.0,False,False,0.0,0.0,0.0,0.0,10280.508205053071,0.05154751605683545,0.8934935909485493,-0.23655485251827343,-0.23655485251827343,-0.23655485236625565,-0.23655485236625565,-0.03723971843077928,False,False,43004.55126953125,2800.3361128048127,9.490476560991553,0.0021668330512767376,8496.024924336738,0.9260241032311908,1.0082616506939277,1.104394623500175,1.0539044250163887,0.07146035042271176,0.0,0.0015694963232778622,0.0003021177609268611,0.001776891772332004,-0.04883518855349546,0.05271283543694008,-0.004926293435419682,-930.9857138338967,False
16,moderate,71,nominal_nmpc,159.5,0.10240787883950249,0.022698390692237235,6.9960006405424116,0.10306629307854057,0.022833560666566662,6.9972308903875176,0.16001157787847484,-3.0341796874999716e-05,-0.17999239868164063,0.09001157787847483,0.23001157787847484,-0.08,0.08,-0.05760369903897235,0.022728732489112235,7.1759930392240525,held,0.0,0.0,5.441700341179967e-05,False,0.0,False,False,0.0,0.0,0.0,0.0,10282.812965308141,0.05153966103568037,0.8935434859208204,-0.23655485251827343,-0.23655485251827343,-0.23655485251813438,-0.23655485251813438,-3.037574636266527e-10,False,False,43001.140197753906,2800.0841688237724,9.48962271047132,0.0021679988875068844,8499.066584872106,0.9260241032311908,1.0082616506939277,1.104394623500175,1.0539044250163887,0.07146035042271176,0.0,0.0015694963232778622,0.0003021177609268611,0.001776891772332004,-0.04883518855349546,0.05271283543694008,-0.004926293435419682,-930.9857138338967,False
16,moderate,71,nominal_nmpc,160.0,0.10253730338123845,0.022903967664280194,7.007401237517572,0.10235927683878879,0.023020213221616844,7.007192734156087,0.16,-1.5202636718725238e-05,-0.18,0.09,0.23,-0.08,0.08,-0.05746269661876155,0.02291917030099892,7.187401237517571,Solve_Succeeded,0.030393416003789753,0.0,0.058264999999664724,False,0.0,False,False,0.0,0.0,0.0,0.0,4864.105680906161,0.02663159128356634,0.8935601601581166,0.05355613119957711,0.05355613119957711,0.053290759419178574,-0.14655485251813438,0.18,False,True,43000.0,2800.0,9.489337458195521,0.0021683887241963937,8500.083798849864,0.9260241032311908,1.0082616506939277,1.104394623500175,1.0539044250163887,0.07146035042271176,0.0,0.0015694963232778622,0.0003021177609268611,0.001776891772332004,-0.04883518855349546,0.05271283543694008,-0.004926293435419682,-930.9857138338967,False
