scenario_id,tier,seed,controller,time_s,alpha_rad,q_radps,theta_rad,measured_alpha_rad,measured_q_radps,measured_theta_rad,alpha_ref_rad,q_ref_radps,theta_ref_rad,alpha_min_rad,alpha_max_rad,q_min_radps,q_max_radps,alpha_error_rad,q_error_rad,theta_error_rad,solver_status,solve_time_s,nn_inference_time_s,total_loop_time_s,solver_failure,residual_gain,use_residual_model,use_tightened_corridor,predicted_residual_q_dot_first,predicted_residual_q_dot_mean,predicted_residual_q_dot_max_abs,residual_correction_abs,pitching_moment_nm,cm,flap_effectiveness,delta_flap_raw_rad,delta_flap_delayed_rad,delta_flap_lagged_rad,delta_flap_rad,delta_flap_rate_radps,flap_saturated,flap_rate_saturated,altitude_m,velocity_mps,mach,density_kgm3,dynamic_pressure_pa,density_scale,cm_alpha_scale,cm_delta_scale,cm_q_scale,actuator_lag_s,actuator_delay_s,sensor_noise_alpha_rad,sensor_noise_q_radps,sensor_noise_theta_rad,initial_alpha_error_rad,initial_q_error_radps,initial_theta_error_rad,external_disturbance_moment_nm,corridor_violation
19,stress,10074,residual_corrected_nmpc,0.0,0.11266316194733887,0.03818647995220577,0.07086771040712005,0.10509048999290685,0.039201510430348266,0.06505608404564266,0.12,-1.5202636718752993e-05,0.08,0.04999999999999999,0.19,-0.08,0.08,-0.007336838052661124,0.03820168258892452,-0.009132289592879955,Solve_Succeeded,0.03196541598299518,0.000532749982085079,0.06357779202517122,False,1.0,True,False,3.347148231114261e-05,4.383399282232858e-05,4.616383375832811e-05,3.347148231114261e-05,-4141.26345609421,-0.03202120410388301,0.4015798869488264,0.3500000034133296,0.0,0.0,0.0,0.0,False,False,82000.0,6200.0,21.012104371718653,5.838674744450461e-06,112.21932858833786,1.1686194740754903,1.197072184874164,1.315775439579345,1.3899363884744338,0.2764832856885641,0.5,0.005223174260304792,0.002174959482399838,0.0036267500384379574,-0.007336838052661127,0.03820168258892452,-0.00913228959287995,-4049.2724666509357,False
19,stress,10074,residual_corrected_nmpc,0.5,0.11898809733500132,0.03810357261504744,0.08994023026543913,0.11733188479962475,0.03789427506216139,0.08667692389850871,0.12002304098079561,-3.0341796874999716e-05,0.07999239868164063,0.0500230409807956,0.19002304098079562,-0.08,0.08,-0.0010349436457942895,0.03813391441192244,0.0099478315837985,held,0.0,0.0,9.758397936820984e-05,False,1.0,True,False,3.347148231114261e-05,4.383399282232858e-05,4.616383375832811e-05,3.347148231114261e-05,-4187.579568029691,-0.048138634511387356,0.40159248685423254,0.3500000034133296,0.3500000034133296,0.29263091771730076,0.09,0.18,False,True,81998.8598022461,6199.7501458924335,21.01125760388222,5.839724620281387e-06,112.23046109314942,1.1686194740754903,1.197072184874164,1.315775439579345,1.3899363884744338,0.2764832856885641,0.5,0.005223174260304792,0.002174959482399838,0.0036267500384379574,-0.007336838052661127,0.03820168258892452,-0.00913228959287995,-4049.2724666509357,False
19,stress,10074,residual_corrected_nmpc,1.0,0.1246147143306171,0.038019748000230356,0.10897106639472764,0.12610822525162602,0.04049787464728914,0.11357754241539908,0.12009173525377229,-6.052490234374763e-05,0.079969658203125,0.05009173525377228,0.1900917352537723,-0.08,0.08,0.004522979076844819,0.038080272902574104,0.029001408191602643,held,0.0,0.0,6.36249897070229e-05,False,1.0,True,False,3.347148231114261e-05,4.383399282232858e-05,4.616383375832811e-05,3.347148231114261e-05,-4233.061535047072,-0.06394775609824987,0.40162486243193063,0.3500000034133296,0.3500000034133296,0.3405965406661834,0.18,0.18,False,True,81995.44873046875,6199.108143368448,21.00908182581111,5.842866607862023e-06,112.26759033098496,1.1686194740754903,1.197072184874164,1.315775439579345,1.3899363884744338,0.2764832856885641,0.5,0.005223174260304792,0.002174959482399838,0.0036267500384379574,-0.007336838052661127,0.03820168258892452,-0.00913228959287995,-4049.2724666509357,False
19,stress,10074,residual_corrected_nmpc,1.5,0.1296153233350103,0.03793502184090914,0.12795976416725074,0.13642632344662145,0.03950905002121367,0.1301799472905655,0.12020543981481481,-9.05175781250045e-05,0.07993187377929688,0.0502054398148148,0.1902054398148148,-0.08,0.08,0.009409883520195492,0.038025539419034145,0.04802789038795387,held,0.0,0.0,5.625002086162567e-05,False,1.0,True,False,3.347148231114261e-05,4.383399282232858e-05,4.616383375832811e-05,3.347148231114261e-05,-4277.840436248404,-0.07948234340205557,0.4016744554206741,0.3500000034133296,0.3500000034133296,0.34845866611356,0.27,0.18000000000000005,False,True,81989.78106689453,6198.124722339112,21.005748963664374,5.848090913205319e-06,112.33232351035842,1.1686194740754903,1.197072184874164,1.315775439579345,1.3899363884744338,0.2764832856885641,0.5,0.005223174260304792,0.002174959482399838,0.0036267500384379574,-0.007336838052661127,0.03820168258892452,-0.00913228959287995,-4049.2724666509357,False
19,stress,10074,residual_corrected_nmpc,2.0,0.13405470931692412,0.037849407349685324,0.1469058761834356,0.13933152251243228,0.03702480019944534,0.15127147931212015,0.12036351165980795,-0.00012031982421875642,0.079879140625,0.050363511659807944,0.19036351165980797,-0.08,0.08,0.01369119765711617,0.03796972717390408,0.0670267355584356,Solve_Succeeded,0.030437583045568317,0.0005282919737510383,0.06095529196318239,False,1.0,True,False,4.212992644170299e-05,4.748968203784898e-05,4.9736237997421995e-05,4.212992644170299e-05,-4317.669170602261,-0.09325517149259502,0.4017399997587981,0.35000000226187206,0.3500000034133296,0.34974736023968783,0.34974736023968783,0.15949472047937563,False,False,81981.87109375,6196.824988604601,21.00134410223131,5.855389931239387e-06,112.42536022713952,1.1686194740754903,1.197072184874164,1.315775439579345,1.3899363884744338,0.2764832856885641,0.5,0.005223174260304792,0.002174959482399838,0.0036267500384379574,-0.007336838052661127,0.03820168258892452,-0.00913228959287995,-4049.2724666509357,False
19,stress,10074,residual_corrected_nmpc,2.5,0.13799093562035825,0.03776300277185084,0.16580898290076168,0.140141756343518,0.037345581095189,0.16796848993456748,0.12056530778463648,-0.00014993164062498954,0.07981155395507812,0.05056530778463647,0.19056530778463648,-0.08,0.08,0.01742562783572177,0.03791293441247583,0.08599742894568356,held,0.0,0.0,9.770900942385197e-05,False,1.0,True,False,4.212992644170299e-05,4.748968203784898e-05,4.9736237997421995e-05,4.212992644170299e-05,-4323.090635130887,-0.09503593623261944,0.4018206300465545,0.35000000226187206,0.35000000226187206,0.34995859128564416,0.34995859128564416,0.0004224620919126565,False,False,81971.73309326172,6195.226102903411,20.995925400097143,5.864758208850618e-06,112.54713353975315,1.1686194740754903,1.197072184874164,1.315775439579345,1.3899363884744338,0.2764832856885641,0.5,0.005223174260304792,0.002174959482399838,0.0036267500384379574,-0.007336838052661127,0.03820168258892452,-0.00913228959287995,-4049.2724666509357,False
19,stress,10074,residual_corrected_nmpc,3.0,0.14147620594234606,0.03767649557420369,0.1846688611982706,0.13901424655223082,0.03419824201435138,0.1848576449630257,0.12081018518518519,-0.00017935302734374547,0.07972920898437501,0.05081018518518518,0.1908101851851852,-0.08,0.08,0.02066602075716087,0.037855848601547434,0.1049396522138956,held,0.0,0.0,6.495800334960222e-05,False,1.0,True,False,4.212992644170299e-05,4.748968203784898e-05,4.9736237997421995e-05,4.212992644170299e-05,-4327.945758453912,-0.09659159915940155,0.40191568368588926,0.35000000226187206,0.35000000226187206,0.3499932145195269,0.3499932145195269,6.92464677655158e-05,False,False,81959.38134765625,6193.341204448907,20.98953738670099,5.876192411842484e-06,112.69795257338632,1.1686194740754903,1.197072184874164,1.315775439579345,1.3899363884744338,0.2764832856885641,0.5,0.005223174260304792,0.002174959482399838,0.0036267500384379574,-0.007336838052661127,0.03820168258892452,-0.00913228959287995,-4049.2724666509357,False
19,stress,10074,residual_corrected_nmpc,3.5,0.14455744848605787,0.03758989647501897,0.20348546249547828,0.14069663522319248,0.03447704609292961,0.21067329675001836,0.12109750085733882,-0.00020858398437501036,0.07963220092773438,0.051097500857338815,0.19109750085733884,-0.08,0.08,0.023459947628719044,0.037798480459393984,0.1238532615677439,held,0.0,0.0,5.383300594985485e-05,False,1.0,True,False,4.212992644170299e-05,4.748968203784898e-05,4.9736237997421995e-05,4.212992644170299e-05,-4332.359082421401,-0.09796474970584909,0.40202462079258067,0.35000000226187206,0.35000000226187206,0.3499988896716764,0.3499988896716764,1.1350304298995972e-05,False,False,81944.83013916016,6191.180999058791,20.98221634458463,5.8896912956727025e-06,112.87806034044887,1.1686194740754903,1.197072184874164,1.315775439579345,1.3899363884744338,0.2764832856885641,0.5,0.005223174260304792,0.002174959482399838,0.0036267500384379574,-0.007336838052661127,0.03820168258892452,-0.00913228959287995,-4049.2724666509357,False
19,stress,10074,residual_corrected_nmpc,4.0,0.14727670762901296,0.03750321376685675,0.2222587429592741,0.14445497522184653,0.041860546141375805,0.2222258501162272,0.12142661179698216,-0.00023762451171874255,0.079520625,0.05142661179698216,0.19142661179698217,-0.08,0.08,0.025850095832030795,0.037740838278575495,0.1427381179592741,Solve_Succeeded,0.030682000040542334,0.0005185829941183329,0.059464541962370276,False,1.0,True,False,4.369043745100498e-05,4.632788804883603e-05,4.839086250285618e-05,4.369043745100498e-05,-4336.395881410806,-0.09917755915574601,0.40214698367832524,0.35000000464557535,0.35000000226187206,0.34999981989535306,0.34999981989535306,1.8604473532857213e-06,False,False,81928.09375,6188.754562618874,20.973993032370615,5.9052556798418236e-06,113.08766302107206,1.1686194740754903,1.197072184874164,1.315775439579345,1.3899363884744338,0.2764832856885641,0.5,0.005223174260304792,0.002174959482399838,0.0036267500384379574,-0.007336838052661127,0.03820168258892452,-0.00913228959287995,-4049.2724666509357,False
19,stress,10074,residual_corrected_nmpc,4.5,0.14967165178645186,0.0374164544948847,0.24098866258622,0.15337841103628483,0.03675143993147941,0.23574493931227855,0.121796875,-0.00026647460937499756,0.07939457641601563,0.05179687499999999,0.191796875,-0.08,0.08,0.027874776786451866,0.037682929104259695,0.16159408617020438,held,0.0,0.0,6.962497718632221e-05,False,1.0,True,False,4.369043745100498e-05,4.632788804883603e-05,4.839086250285618e-05,4.369043745100498e-05,-4340.106841404113,-0.1002472764120616,0.40228237351219553,0.35000000464557535,0.35000000464557535,0.34999997436285757,0.34999997436285757,3.0893500901907345e-07,False,False,81909.18646240234,6186.0698038826085,20.964894253212666,5.922888425816936e-06,113.32694682993963,1.1686194740754903,1.197072184874164,1.315775439579345,1.3899363884744338,0.2764832856885641,0.5,0.005223174260304792,0.002174959482399838,0.0036267500384379574,-0.007336838052661127,0.03820168258892452,-0.00913228959287995,-4049.2724666509357,False
19,stress,10074,residual_corrected_nmpc,5.0,0.15177602871535456,0.03732962474237193,0.25967518465074163,0.15581322271085937,0.04052675101685203,0.26343810554169556,0.1222076474622771,-0.0002951342773437615,0.079254150390625,0.05220764746227709,0.1922076474622771,-0.08,0.08,0.029568381253077466,0.03762475901971569,0.18042103426011663,held,0.0,0.0,5.4750009439885616e-05,False,1.0,True,False,4.369043745100498e-05,4.632788804883603e-05,4.839086250285618e-05,4.369043745100498e-05,-4343.5359323463945,-0.10118892974332341,0.4024304356602051,0.35000000464557535,0.35000000464557535,0.34999999968188444,0.34999999968188444,5.0638053750162726e-08,False,False,81888.12255859375,6183.133755185188,20.95494384003998,5.9425944183828804e-06,113.59608860263981,1.1686194740754903,1.197072184874164,1.315775439579345,1.3899363884744338,0.2764832856885641,0.5,0.005223174260304792,0.002174959482399838,0.0036267500384379574,-0.007336838052661127,0.03820168258892452,-0.00913228959287995,-4049.2724666509357,False
19,stress,10074,residual_corrected_nmpc,5.5,0.1536200734887104,0.037242729759415207,0.278318275256819,0.1621668855071811,0.03689740458318873,0.28208881349339865,0.12265828617969822,-0.0003236035156249928,0.07909944213867187,0.05265828617969821,0.1926582861796982,-0.08,0.08,0.03096178730901218,0.0375663332750402,0.19921883311814714,held,0.0,0.0,5.1709008403122425e-05,False,1.0,True,False,4.369043745100498e-05,4.632788804883603e-05,4.839086250285618e-05,4.369043745100498e-05,-4346.722186354891,-0.10201591693797717,0.40259084988176863,0.35000000464557535,0.35000000464557535,0.3500000038319685,0.35,6.3623106782984e-10,False,False,81864.91632080078,6179.952766846162,20.944163314397265,5.964380550322896e-06,113.89526286373405,1.1686194740754903,1.197072184874164,1.315775439579345,1.3899363884744338,0.2764832856885641,0.5,0.005223174260304792,0.002174959482399838,0.0036267500384379574,-0.007336838052661127,0.03820168258892452,-0.00913228959287995,-4049.2724666509357,False
19,stress,10074,residual_corrected_nmpc,6.0,0.15523087402532404,0.03715577405670952,0.29691790294525144,0.15435026860385098,0.03893970760644686,0.30335427233551376,0.12314814814814815,-0.0003518823242187469,0.07893054687500001,0.05314814814814814,0.19314814814814815,-0.08,0.08,0.032082725877175894,0.03750765638092827,0.21798735607025144,Solve_Succeeded,0.030094749992713332,0.00043354195076972246,0.058640040981117636,False,1.0,True,False,4.346600690041669e-05,4.5843796760891566e-05,4.808310768567026e-05,4.346600690041669e-05,-4349.700420865693,-0.10274023420558612,0.4027633234553852,0.3499999802720784,0.35000000464557535,0.3500000045122157,0.35,0.0,False,False,81839.58203125,6176.532643486048,20.932572348428415,5.988255710338995e-06,114.22464677305415,1.1686194740754903,1.197072184874164,1.315775439579345,1.3899363884744338,0.2764832856885641,0.5,0.005223174260304792,0.002174959482399838,0.0036267500384379574,-0.007336838052661127,0.03820168258892452,-0.00913228959287995,-4049.2724666509357,False
19,stress,10074,residual_corrected_nmpc,6.5,0.15663269858494164,0.03706876148539891,0.3154740383442834,0.1515547898107357,0.035854706004789516,0.323443728398801,0.12367659036351165,-0.0003799707031250099,0.07874755981445312,0.05367659036351165,0.19367659036351165,-0.08,0.08,0.03295610822142998,0.03744873218852392,0.23672647852983025,held,0.0,0.0,6.787502206861973e-05,False,1.0,True,False,4.346600690041669e-05,4.5843796760891566e-05,4.808310768567026e-05,4.346600690041669e-05,-4352.5017214217405,-0.10337262587745072,0.40294758617496185,0.3499999802720784,0.3499999802720784,0.3499999842453198,0.3499999842453198,-3.1509360343129345e-08,False,False,81812.13397216797,6172.878743248417,20.920189101145034,6.014230774130301e-06,114.58442371897165,1.1686194740754903,1.197072184874164,1.315775439579345,1.3899363884744338,0.2764832856885641,0.5,0.005223174260304792,0.002174959482399838,0.0036267500384379574,-0.007336838052661127,0.03820168258892452,-0.00913228959287995,-4049.2724666509357,False
19,stress,10074,residual_corrected_nmpc,7.0,0.15784728918516622,0.03698169530775586,0.333986653857823,0.15701229599206715,0.036869911193493345,0.3412086485664425,0.12424296982167352,-0.00040786865234375413,0.078550576171875,0.05424296982167351,0.19424296982167352,-0.08,0.08,0.0336043193634927,0.03738956396009961,0.255436077685948,held,0.0,0.0,5.483301356434822e-05,False,1.0,True,False,4.346600690041669e-05,4.5843796760891566e-05,4.808310768567026e-05,4.346600690041669e-05,-4355.153891863242,-0.10392272590325269,0.4031433865961587,0.3499999802720784,0.3499999802720784,0.34999998092333906,0.34999998092333906,-6.643961492081019e-09,False,False,81782.58642578125,6168.996052234287,20.907030470688255,6.042318598555641e-06,114.97478601051336,1.1686194740754903,1.197072184874164,1.315775439579345,1.3899363884744338,0.2764832856885641,0.5,0.005223174260304792,0.002174959482399838,0.0036267500384379574,-0.007336838052661127,0.03820168258892452,-0.00913228959287995,-4049.2724666509357,False
19,stress,10074,residual_corrected_nmpc,7.5,0.15889412448575024,0.03689457825928847,0.3524557233868222,0.15443527648204597,0.03830872844642603,0.35809417091673346,0.12484664351851851,-0.0004355761718749934,0.07833969116210937,0.054846643518518506,0.19484664351851852,-0.08,0.08,0.03404748096723173,0.03733015443116346,0.2741160322247128,held,0.0,0.0,5.083298310637474e-05,False,1.0,True,False,4.346600690041669e-05,4.5843796760891566e-05,4.808310768567026e-05,4.346600690041669e-05,-4357.681786601634,-0.10439916152319778,0.40335048914940924,0.3499999802720784,0.3499999802720784,0.3499999803788276,0.3499999803788276,-1.0890228718807293e-09,False,False,81750.9536743164,6164.88924175046,20.893112288346153,6.072534018813508e-06,115.39593694818322,1.1686194740754903,1.197072184874164,1.315775439579345,1.3899363884744338,0.2764832856885641,0.5,0.005223174260304792,0.002174959482399838,0.0036267500384379574,-0.007336838052661127,0.03820168258892452,-0.00913228959287995,-4049.2724666509357,False
19,stress,10074,residual_corrected_nmpc,8.0,0.15979065531722023,0.036807412604586316,0.3708812220801133,0.15469766529368204,0.03575346640453942,0.36517782274419724,0.1254869684499314,-0.00046309326171874166,0.078115,0.055486968449931395,0.1954869684499314,-0.08,0.08,0.034303686867288824,0.03727050586630506,0.2927662220801133,Solve_Succeeded,0.029531125037465245,0.0003670420264825225,0.05885166599182412,False,1.0,True,False,4.0604110836284235e-05,4.506081095314585e-05,4.7705310862511396e-05,4.0604110836284235e-05,-4360.107656914214,-0.10480966377965044,0.4035686718725181,0.3499999437568567,0.3499999802720784,0.34999998028957585,0.34999998028957585,-1.7850354527837453e-10,False,False,81717.25,6160.562713271744,20.878449470932924,6.104893848580001e-06,115.84809245439811,1.1686194740754903,1.197072184874164,1.315775439579345,1.3899363884744338,0.2764832856885641,0.5,0.005223174260304792,0.002174959482399838,0.0036267500384379574,-0.007336838052661127,0.03820168258892452,-0.00913228959287995,-4049.2724666509357,False
19,stress,10074,residual_corrected_nmpc,8.5,0.16055251570031762,0.03672020018658253,0.38926312611149494,0.14976110256323488,0.03407400277772123,0.38847924124442695,0.12616330161179698,-0.0004904199218749988,0.07787659790039063,0.05616330161179697,0.196163301611797,-0.08,0.08,0.03438921408852064,0.03721062010845753,0.3113865282111043,held,0.0,0.0,0.00010287499753758311,False,1.0,True,False,4.0604110836284235e-05,4.506081095314585e-05,4.7705310862511396e-05,4.0604110836284235e-05,-4362.451425501572,-0.10516115525500414,0.4037977245977856,0.3499999437568567,0.3499999437568567,0.3499999497449958,0.3499999497449958,-6.108916006386522e-08,False,False,81681.4896850586,6156.020634389981,20.86305614262193,6.139416883051698e-06,116.33148238470734,1.1686194740754903,1.197072184874164,1.315775439579345,1.3899363884744338,0.2764832856885641,0.5,0.005223174260304792,0.002174959482399838,0.0036267500384379574,-0.007336838052661127,0.03820168258892452,-0.00913228959287995,-4049.2724666509357,False
19,stress,10074,residual_corrected_nmpc,9.0,0.1611937119064956,0.036632942470629266,0.4076014124801268,0.1608492179517058,0.03946216260834992,0.41200650005942907,0.126875,-0.0005175561523437511,0.077624580078125,0.05687499999999998,0.196875,-0.08,0.08,0.0343187119064956,0.03715049862297302,0.3299768324020018,held,0.0,0.0,5.791697185486555e-05,False,1.0,True,False,4.0604110836284235e-05,4.506081095314585e-05,4.7705310862511396e-05,4.0604110836284235e-05,-4364.730995804584,-0.10545985070107779,0.4040374474800409,0.3499999437568567,0.3499999437568567,0.34999994473838264,0.34999994473838264,-1.0013226359184557e-08,False,False,81643.68701171875,6151.266968002932,20.84694573386822,6.176123904846861e-06,116.84635160343967,1.1686194740754903,1.197072184874164,1.315775439579345,1.3899363884744338,0.2764832856885641,0.5,0.005223174260304792,0.002174959482399838,0.0036267500384379574,-0.007336838052661127,0.03820168258892452,-0.00913228959287995,-4049.2724666509357,False
19,stress,10074,residual_corrected_nmpc,9.5,0.16172679184421224,0.03654564058265789,0.425896058831462,0.15678695982003937,0.03625570998446117,0.42694435336730935,0.12762142061042525,-0.0005445019531249984,0.07735904174804688,0.057621420610425245,0.19762142061042526,-0.08,0.08,0.034105371233786985,0.03709014253578289,0.3485370170834151,held,0.0,0.0,6.212497828528285e-05,False,1.0,True,False,4.0604110836284235e-05,4.506081095314585e-05,4.7705310862511396e-05,4.0604110836284235e-05,-4366.9624091166315,-0.10571130742610019,0.40428764978530923,0.3499999437568567,0.3499999437568567,0.34999994391774025,0.34999994391774025,-1.6412847747560022e-09,False,False,81603.85626220703,6146.305496334782,20.830131062815237,6.2150376927245746e-06,117.39296088303105,1.1686194740754903,1.197072184874164,1.315775439579345,1.3899363884744338,0.2764832856885641,0.5,0.005223174260304792,0.002174959482399838,0.0036267500384379574,-0.007336838052661127,0.03820168258892452,-0.00913228959287995,-4049.2724666509357,False
19,stress,10074,residual_corrected_nmpc,10.0,0.16216299681832644,0.036458295344438216,0.44414704329651333,0.17076831601200826,0.03360726402306906,0.44392275851273677,0.12840192043895748,-0.0005712573242187546,0.077080078125,0.05840192043895748,0.1984019204389575,-0.08,0.08,0.033761076379368954,0.03702955266865697,0.3670669651715133,Solve_Succeeded,0.028530375042464584,0.0004855829756706953,0.05856745899654925,False,1.0,True,False,3.650726284831762e-05,4.4125541535322554e-05,4.7266032197512686e-05,3.650726284831762e-05,-4369.160090845254,-0.10592050651254865,0.40454814888211915,0.24274816787334894,0.3499999437568567,0.3499999437832274,0.3499999437832274,-2.6902569061348913e-10,False,False,81562.01171875,6141.139840938384,20.81262440308339,6.2561830330871064e-06,117.971587669949,1.1686194740754903,1.197072184874164,1.315775439579345,1.3899363884744338,0.2764832856885641,0.5,0.005223174260304792,0.002174959482399838,0.0036267500384379574,-0.007336838052661127,0.03820168258892452,-0.00913228959287995,-4049.2724666509357,False
19,stress,10074,residual_corrected_nmpc,10.5,0.16251239749690716,0.036370907304127294,0.4623543443475553,0.1532265877013288,0.036594056694014034,0.46520461438085003,0.12921585648148148,-0.000597822265625006,0.07678778442382812,0.05921585648148148,0.1992158564814815,-0.08,0.08,0.033296541015425674,0.0369687295697523,0.3855665599237272,held,0.0,0.0,6.837502587586641e-05,False,1.0,True,False,3.650726284831762e-05,4.4125541535322554e-05,4.7266032197512686e-05,3.650726284831762e-05,-4330.737798714559,-0.09271804063523527,0.40481876939269756,0.24274816787334894,0.24274816787334894,0.26032798576826144,0.26032798576826144,-0.17934391602993194,False,False,81518.16766357422,6135.773479526905,20.794437540813334,6.299586734236589e-06,118.58252674892059,1.1686194740754903,1.197072184874164,1.315775439579345,1.3899363884744338,0.2764832856885641,0.5,0.005223174260304792,0.002174959482399838,0.0036267500384379574,-0.007336838052661127,0.03820168258892452,-0.00913228959287995,-4049.2724666509357,False
19,stress,10074,residual_corrected_nmpc,11.0,0.16278421148600472,0.036284288746213415,0.48051814366415246,0.16177685061381442,0.03678778201790537,0.4764474317842132,0.13006258573388202,-0.0006241967773437523,0.076482255859375,0.06006258573388201,0.20006258573388203,-0.08,0.08,0.0327216257521227,0.03690848552355717,0.40403588780477745,held,0.0,0.0,5.41249755769968e-05,False,1.0,True,False,3.650726284831762e-05,4.4125541535322554e-05,4.7266032197512686e-05,3.650726284831762e-05,-4325.961892846498,-0.09065281462796462,0.4050993424719997,0.24274816787334894,0.24274816787334894,0.24562970521477231,0.24562970521477231,-0.029396561106978247,False,False,81472.33837890625,6130.2097602705635,20.7755818231183,6.345277643362297e-06,119.22609082928626,1.1686194740754903,1.197072184874164,1.315775439579345,1.3899363884744338,0.2764832856885641,0.5,0.005223174260304792,0.002174959482399838,0.0036267500384379574,-0.007336838052661127,0.03820168258892452,-0.00913228959287995,-4049.2724666509357,False
19,stress,10074,residual_corrected_nmpc,11.5,0.1629867227447645,0.036197766638234485,0.4986386577379087,0.16313525092075196,0.034054285715719675,0.4998255244690329,0.1309414651920439,-0.0006503808593749938,0.07616358764648437,0.06094146519204388,0.2009414651920439,-0.08,0.08,0.03204525755272061,0.03684814749760948,0.4224750700914244,held,0.0,0.0,5.104095907881856e-05,False,1.0,True,False,3.650726284831762e-05,4.4125541535322554e-05,4.7266032197512686e-05,3.650726284831762e-05,-4326.723602956814,-0.09038948289016752,0.40538970519014955,0.24274816787334894,0.24274816787334894,0.24322048547638964,0.24322048547638964,-0.004818439476765357,False,False,81424.53814697266,6124.451914042717,20.75606819958672,6.393286666240097e-06,119.90261107166157,1.1686194740754903,1.197072184874164,1.315775439579345,1.3899363884744338,0.2764832856885641,0.5,0.005223174260304792,0.002174959482399838,0.0036267500384379574,-0.007336838052661127,0.03820168258892452,-0.00913228959287995,-4049.2724666509357,False
19,stress,10074,residual_corrected_nmpc,12.0,0.16312716919446055,0.036111230137137545,0.5167159070904499,0.16104603759843053,0.031461668572028915,0.5112180714234644,0.13185185185185186,-0.0006763745117187442,0.075831875,0.06185185185185185,0.20185185185185187,-0.08,0.08,0.03127531734260869,0.03678760464885629,0.4408840320904499,Solve_Succeeded,0.0295608330052346,0.0006722499965690076,0.05985166598111391,False,1.0,True,False,2.374900213908404e-05,4.314154248277191e-05,4.7896748583298177e-05,2.374900213908404e-05,-4328.396993476,-0.0903994815863734,0.40568969999943083,-0.11677938292004578,0.24274816787334894,0.24282558624129275,0.24282558624129275,-0.000789798470193781,False,False,81374.78125,6118.5030649893715,20.735907258102767,6.4436467896309004e-06,120.61243756897395,1.1686194740754903,1.197072184874164,1.315775439579345,1.3899363884744338,0.2764832856885641,0.5,0.005223174260304792,0.002174959482399838,0.0036267500384379574,-0.007336838052661127,0.03820168258892452,-0.00913228959287995,-4049.2724666509357,False
19,stress,10074,residual_corrected_nmpc,12.5,0.16321200463751573,0.03602466092862097,0.5347498799532487,0.17644893024151326,0.03800544713365343,0.5357580992432319,0.13279310270919067,-0.0007021777343750035,0.07548721313476563,0.06279310270919067,0.20279310270919068,-0.08,0.08,0.030418901928325054,0.036726838662995975,0.4592626668184831,held,0.0,0.0,6.46670232526958e-05,False,1.0,True,False,2.374900213908404e-05,4.314154248277191e-05,4.7896748583298177e-05,2.374900213908404e-05,-4288.433924127832,-0.07698217696336558,0.4059991742710676,-0.11677938292004578,-0.11677938292004578,-0.057835931230499515,0.15282558624129275,-0.18,False,True,81323.08197021484,6112.36623971472,20.715109255976643,6.496393106369142e-06,121.35593979288296,1.1686194740754903,1.197072184874164,1.315775439579345,1.3899363884744338,0.2764832856885641,0.5,0.005223174260304792,0.002174959482399838,0.0036267500384379574,-0.007336838052661127,0.03820168258892452,-0.00913228959287995,-4049.2724666509357,False
19,stress,10074,residual_corrected_nmpc,13.0,0.1632472070957006,0.035938891667834254,0.5527407681425202,0.16160424589500366,0.03661695790077943,0.5533938787562229,0.13376457475994513,-0.000727790527343744,0.075129697265625,0.06376457475994513,0.20376457475994514,-0.08,0.08,0.02948263233575546,0.036666682195178,0.47761107087689514,held,0.0,0.0,5.329196574166417e-05,False,1.0,True,False,2.374900213908404e-05,4.314154248277191e-05,4.7896748583298177e-05,2.374900213908404e-05,-4247.881601238811,-0.06352203837829404,0.40631797989012214,-0.11677938292004578,-0.11677938292004578,-0.1071178632108476,0.06282558624129275,-0.18,False,True,81269.45458984375,6106.044375314271,20.693684147169208,6.551562843137882e-06,122.13350701431362,1.1686194740754903,1.197072184874164,1.315775439579345,1.3899363884744338,0.2764832856885641,0.5,0.005223174260304792,0.002174959482399838,0.0036267500384379574,-0.007336838052661127,0.03820168258892452,-0.00913228959287995,-4049.2724666509357,False
19,stress,10074,residual_corrected_nmpc,13.5,0.1632383282147993,0.03585393407001947,0.5706889745666601,0.166725922092122,0.03495884109623566,0.5680192648784749,0.134765625,-0.0007532128906250074,0.07475942260742188,0.064765625,0.204765625,-0.08,0.08,0.028472703214799305,0.03660714696064448,0.49592955195923827,held,0.0,0.0,0.00013566698180511594,False,1.0,True,False,2.374900213908404e-05,4.314154248277191e-05,4.7896748583298177e-05,2.374900213908404e-05,-4206.707655078375,-0.050020615733712144,0.4066459728991729,-0.11677938292004578,-0.11677938292004578,-0.1151957470722018,-0.027174413758707244,-0.18,False,True,81213.91339111328,6099.540326440656,20.671641606238378,6.609195390930825e-06,122.94554870507328,1.1686194740754903,1.197072184874164,1.315775439579345,1.3899363884744338,0.2764832856885641,0.5,0.005223174260304792,0.002174959482399838,0.0036267500384379574,-0.007336838052661127,0.03820168258892452,-0.00913228959287995,-4049.2724666509357,False
19,stress,10074,residual_corrected_nmpc,14.0,0.16319034705353272,0.03576980050498493,0.5885949081547397,0.1673670692065046,0.03646739495504233,0.5905202806621043,0.13579561042524005,-0.0007784448242187519,0.074376484375,0.06579561042524004,0.20579561042524006,-0.08,0.08,0.02739473662829267,0.036548245329203685,0.5142184237797397,Solve_Succeeded,0.02907487499760464,0.0005062500131316483,0.05840570799773559,False,1.0,True,False,5.047295417170972e-06,3.777134006668348e-05,4.294252721592784e-05,5.047295417170972e-06,-4165.189381243043,-0.03657737473466381,0.4069830131832363,0.024496564488815535,-0.11677938292004578,-0.11651980652067365,-0.11651980652067365,-0.1786907855239328,False,False,81156.47265625,6092.856871551574,20.64899104951369,6.669332338206556e-06,123.79249492618874,1.1686194740754903,1.197072184874164,1.315775439579345,1.3899363884744338,0.2764832856885641,0.5,0.005223174260304792,0.002174959482399838,0.0036267500384379574,-0.007336838052661127,0.03820168258892452,-0.00913228959287995,-4049.2724666509357,False
19,stress,10074,residual_corrected_nmpc,14.5,0.16310772854419592,0.0356864978030541,0.6064589826353358,0.16314474521512312,0.03452266791925446,0.6052741374256684,0.13685388803155007,-0.0008034863281249915,0.07398097778320313,0.06685388803155007,0.20685388803155008,-0.08,0.08,0.026253840512645843,0.03648998413117909,0.5324780048521327,held,0.0,0.0,9.124999633058906e-05,False,1.0,True,False,5.047295417170972e-06,3.777134006668348e-05,4.294252721592784e-05,5.047295417170972e-06,-4208.885740324308,-0.050009253413835296,0.4073289641897978,0.024496564488815535,0.024496564488815535,0.0013823353628444057,-0.02651980652067365,0.18,False,True,81097.14666748047,6085.996718461531,20.625741653911437,6.732017506744214e-06,124.67479670754729,1.1686194740754903,1.197072184874164,1.315775439579345,1.3899363884744338,0.2764832856885641,0.5,0.005223174260304792,0.002174959482399838,0.0036267500384379574,-0.007336838052661127,0.03820168258892452,-0.00913228959287995,-4049.2724666509357,False
19,stress,10074,residual_corrected_nmpc,15.0,0.16299406322128057,0.0356023216251656,0.6242811873588817,0.15481085149930357,0.0350127744663249,0.626981948829854,0.13793981481481482,-0.000828337402343754,0.073572998046875,0.06793981481481481,0.20793981481481483,-0.08,0.08,0.02505424840646575,0.03643065902750935,0.5507081893120067,held,0.0,0.0,5.8542005717754364e-05,False,1.0,True,False,5.047295417170972e-06,3.777134006668348e-05,4.294252721592784e-05,5.047295417170972e-06,-4232.62043447525,-0.05702574338492328,0.407683692678915,0.024496564488815535,0.024496564488815535,0.020707872549977167,0.020707872549977163,0.09445535814130163,False,False,81035.94970703125,6078.962509297259,20.60190237372883,6.797296990214316e-06,125.59292642260898,1.1686194740754903,1.197072184874164,1.315775439579345,1.3899363884744338,0.2764832856885641,0.5,0.005223174260304792,0.002174959482399838,0.0036267500384379574,-0.007336838052661127,0.03820168258892452,-0.00913228959287995,-4049.2724666509357,False
19,stress,10074,residual_corrected_nmpc,15.5,0.1628522677685773,0.03551767116952434,0.6420611853898578,0.16875086192463423,0.034857738784682554,0.6443897384878416,0.13905274777091908,-0.0008529980468749976,0.07315264038085938,0.06905274777091908,0.2090527477709191,-0.08,0.08,0.023799519997658225,0.03637066921639934,0.5689085450089985,held,0.0,0.0,5.199998850002885e-05,False,1.0,True,False,5.047295417170972e-06,3.777134006668348e-05,4.294252721592784e-05,5.047295417170972e-06,-4235.285409431735,-0.05741826249543973,0.4080470684992265,0.024496564488815535,0.024496564488815535,0.023875553659114514,0.023875553659114514,0.006335362218274701,False,False,80972.8960571289,6071.756824939426,20.577481955697145,6.865219195482099e-06,126.54737816129604,1.1686194740754903,1.197072184874164,1.315775439579345,1.3899363884744338,0.2764832856885641,0.5,0.005223174260304792,0.002174959482399838,0.0036267500384379574,-0.007336838052661127,0.03820168258892452,-0.00913228959287995,-4049.2724666509357,False
19,stress,10074,residual_corrected_nmpc,16.0,0.16268514940687281,0.03543296779650248,0.6597988449323029,0.1630178621759539,0.03409568024393137,0.6616150563772155,0.1401920438957476,-0.0008774682617187501,0.07272,0.0701920438957476,0.2101920438957476,-0.08,0.08,0.02249310551112521,0.03631043605822123,0.5870788449323029,Solve_Succeeded,0.03297174995532259,0.0004904580418951809,0.06365316698793322,False,1.0,True,False,4.3705294956453145e-06,3.842619917122647e-05,4.40578005509451e-05,4.3705294956453145e-06,-4236.687912658478,-0.057401539223536344,0.40841896438639796,-0.29808029969097743,0.024496564488815535,0.024394773565501723,0.024394773565501723,0.0010384398127744193,False,False,80908.0,6064.382189019411,20.552488952527018,6.935834886665299e-06,127.53866810365663,1.1686194740754903,1.197072184874164,1.315775439579345,1.3899363884744338,0.2764832856885641,0.5,0.005223174260304792,0.002174959482399838,0.0036267500384379574,-0.007336838052661127,0.03820168258892452,-0.00913228959287995,-4049.2724666509357,False
19,stress,10074,residual_corrected_nmpc,16.5,0.16249532694219235,0.03534823672328184,0.6774941458344647,0.1706553507895609,0.03736575128273475,0.6830735006912101,0.14135706018518518,-0.0009017480468750116,0.07227517211914063,0.07135706018518517,0.21135706018518519,-0.08,0.08,0.021138266757007168,0.036249984770156854,0.6052189737153241,held,0.0,0.0,9.8082993645221e-05,False,1.0,True,False,4.3705294956453145e-06,3.842619917122647e-05,4.40578005509451e-05,4.3705294956453145e-06,-4193.240125552971,-0.04374156686369475,0.4087992557810987,-0.29808029969097743,-0.29808029969097743,-0.24522287131365084,-0.06560522643449827,-0.18,False,True,80841.2758178711,6056.841071528806,20.526931735141215,7.009197231971493e-06,128.56733489646527,1.1686194740754903,1.197072184874164,1.315775439579345,1.3899363884744338,0.2764832856885641,0.5,0.005223174260304792,0.002174959482399838,0.0036267500384379574,-0.007336838052661127,0.03820168258892452,-0.00913228959287995,-4049.2724666509357,False
19,stress,10074,residual_corrected_nmpc,17.0,0.16228536849856676,0.035264374924570914,0.6951472984925495,0.15995118909339687,0.037346836472440664,0.6939960862988036,0.1425471536351166,-0.0009258374023437543,0.071818251953125,0.0725471536351166,0.21254715363511661,-0.08,0.08,0.01973821486345015,0.03619021232691467,0.6233290465394246,held,0.0,0.0,6.200000643730164e-05,False,1.0,True,False,4.3705294956453145e-06,3.842619917122647e-05,4.40578005509451e-05,4.3705294956453145e-06,-4148.985856698834,-0.030046562634033925,0.4091878206640562,-0.29808029969097743,-0.29808029969097743,-0.28941635023761275,-0.15560522643449826,-0.17999999999999997,False,True,80772.73779296875,6049.1358920902585,20.500818503759668,7.0853618533446115e-06,129.63394003459467,1.1686194740754903,1.197072184874164,1.315775439579345,1.3899363884744338,0.2764832856885641,0.5,0.005223174260304792,0.002174959482399838,0.0036267500384379574,-0.007336838052661127,0.03820168258892452,-0.00913228959287995,-4049.2724666509357,False
19,stress,10074,residual_corrected_nmpc,17.5,0.16205778702303827,0.0351813984981484,0.7127587415708674,0.16403137592244296,0.03645175366663691,0.7093291323373817,0.1437616812414266,-0.0009497363281249921,0.07134933471679687,0.0737616812414266,0.2137616812414266,-0.08,0.08,0.01829610578161167,0.03613113482627339,0.6414094068540706,held,0.0,0.0,5.51670091226697e-05,False,1.0,True,False,4.3705294956453145e-06,3.842619917122647e-05,4.40578005509451e-05,4.3705294956453145e-06,-4103.883624142722,-0.01631683909101133,0.4095845394061104,-0.29808029969097743,-0.29808029969097743,-0.2966601772515237,-0.24560522643449825,-0.18,False,True,80702.40020751953,6041.269022930859,20.47415729797645,7.164386878953441e-06,130.73906824870605,1.1686194740754903,1.197072184874164,1.315775439579345,1.3899363884744338,0.2764832856885641,0.5,0.005223174260304792,0.002174959482399838,0.0036267500384379574,-0.007336838052661127,0.03820168258892452,-0.00913228959287995,-4049.2724666509357,False
19,stress,10074,residual_corrected_nmpc,18.0,0.1618148415221949,0.03509932437459271,0.7303289219905587,0.15793395212783354,0.03413129841561745,0.7310929110649933,0.145,-0.0009734448242187527,0.070868515625,0.07499999999999998,0.215,-0.08,0.08,0.016814841522194923,0.036072769198811465,0.6594604063655587,Solve_Succeeded,0.030447333003394306,0.0004903750377707183,0.05988604202866554,False,1.0,True,False,-4.4105945562478155e-06,3.0743090974283405e-05,3.67110114893876e-05,4.4105945562478155e-06,-4077.145813289532,-0.008255801702933267,0.40998929463149714,-0.3500000004120247,-0.29808029969097743,-0.2978475250477393,-0.2978475250477393,-0.10448459722648212,False,False,80630.27734375,6033.242791593229,20.44695600594777,7.246332998559108e-06,131.88332790058487,1.1686194740754903,1.197072184874164,1.315775439579345,1.3899363884744338,0.2764832856885641,0.5,0.005223174260304792,0.002174959482399838,0.0036267500384379574,-0.007336838052661127,0.03820168258892452,-0.00913228959287995,-4049.2724666509357,False
19,stress,10074,residual_corrected_nmpc,18.5,0.16155847107191565,0.035017785240560144,0.7478581990767257,0.17039765453461753,0.033960219422632255,0.7442864075919873,0.14626146690672154,-0.0009969628906250083,0.07037588989257812,0.07626146690672153,0.21626146690672154,-0.08,0.08,0.015297004165194111,0.03601474813118515,0.6774823091841475,held,0.0,0.0,8.241698378697038e-05,False,1.0,True,False,-4.4105945562478155e-06,3.0743090974283405e-05,3.67110114893876e-05,4.4105945562478155e-06,-4054.307037187996,-0.0014779200874870599,0.41040197109284127,-0.3500000004120247,-0.3500000004120247,-0.34145160098558125,-0.34145160098558125,-0.08720815187568387,False,False,80556.38348388672,6025.059483414375,20.419222372792923,7.3312635218015665e-06,133.06735138724943,1.1686194740754903,1.197072184874164,1.315775439579345,1.3899363884744338,0.2764832856885641,0.5,0.005223174260304792,0.002174959482399838,0.0036267500384379574,-0.007336838052661127,0.03820168258892452,-0.00913228959287995,-4049.2724666509357,False
19,stress,10074,residual_corrected_nmpc,19.0,0.161290308595703,0.034936703094897395,0.7653468208255088,0.1552240698094571,0.032976474997006525,0.7640900515704574,0.147545438957476,-0.0010202905273437451,0.069871552734375,0.07754543895747598,0.217545438957476,-0.08,0.08,0.01374486963822702,0.03595699362224114,0.6954752680911338,held,0.0,0.0,5.9833982959389687e-05,False,1.0,True,False,-4.4105945562478155e-06,3.0743090974283405e-05,3.67110114893876e-05,4.4105945562478155e-06,-4049.9530429319766,-0.00019796452097713135,0.41082245555655417,-0.3500000004120247,-0.3500000004120247,-0.3485988179706624,-0.3485988179706624,-0.014294433970162279,False,False,80480.73291015625,6016.721343798232,20.39096400829609,7.41924443944935e-06,134.29179555481613,1.1686194740754903,1.197072184874164,1.315775439579345,1.3899363884744338,0.2764832856885641,0.5,0.005223174260304792,0.002174959482399838,0.0036267500384379574,-0.007336838052661127,0.03820168258892452,-0.00913228959287995,-4049.2724666509357,False
19,stress,10074,residual_corrected_nmpc,19.5,0.1610117096626747,0.03485570822496977,0.7827949233042895,0.14776523984087378,0.0342717366291291,0.7804405098436601,0.14885127314814814,-0.001043427734374991,0.06935559936523437,0.07885127314814813,0.21885127314814815,-0.08,0.08,0.012160436514526557,0.03589913595934476,0.7134393239390551,held,0.0,0.0,5.312502617016435e-05,False,1.0,True,False,-4.4105945562478155e-06,3.0743090974283405e-05,3.67110114893876e-05,4.4105945562478155e-06,-4048.6311112610315,0.0001848143709944558,0.41125063669750794,-0.3500000004120247,-0.3500000004120247,-0.349770330255538,-0.349770330255538,-0.0023430245697512175,False,False,80403.33990478516,6008.230580304267,20.362188393984678,7.510344487659835e-06,135.55734212296343,1.1686194740754903,1.197072184874164,1.315775439579345,1.3899363884744338,0.2764832856885641,0.5,0.005223174260304792,0.002174959482399838,0.0036267500384379574,-0.007336838052661127,0.03820168258892452,-0.00913228959287995,-4049.2724666509357,False
19,stress,10074,residual_corrected_nmpc,20.0,0.16072378809547402,0.03477473997624391,0.8002025349883819,0.15986588578268893,0.03156120614811184,0.8080330991690684,0.1501783264746228,-0.0010663745117187456,0.068828125,0.08017832647462278,0.2201783264746228,-0.08,0.08,0.010545461620851238,0.03584111448796266,0.7313744099883819,Solve_Succeeded,0.02963587496196851,0.00044416700256988406,0.06001799996010959,False,1.0,True,False,-5.310979759087786e-06,2.822680053213844e-05,3.576430390239693e-05,5.310979759087786e-06,-4047.783839123737,0.0004248686007395433,0.4116864050020053,-0.35000000679129667,-0.3500000004120247,-0.3499623547927081,-0.3499623547927081,-0.0003840490743401981,False,False,80324.21875,5999.589364571574,20.332902889650182,7.6046352153011214e-06,136.86469812073457,1.1686194740754903,1.197072184874164,1.315775439579345,1.3899363884744338,0.2764832856885641,0.5,0.005223174260304792,0.002174959482399838,0.0036267500384379574,-0.007336838052661127,0.03820168258892452,-0.00913228959287995,-4049.2724666509357,False
19,stress,10074,residual_corrected_nmpc,20.5,0.16042752530719964,0.03469378884406331,0.8175696668131589,0.16073217092406275,0.03413493206514247,0.819278479925326,0.15152595593278462,-0.0010891308593749954,0.06828922485351563,0.08152595593278461,0.22152595593278462,-0.08,0.08,0.008901569374415025,0.035782919703438304,0.7492804419596433,held,0.0,0.0,8.891697507351637e-05,False,1.0,True,False,-5.310979759087786e-06,2.822680053213844e-05,3.576430390239693e-05,5.310979759087786e-06,-4046.9880953253946,0.0006456138300191816,0.4121296526781913,-0.35000000679129667,-0.35000000679129667,-0.3499938351892607,-0.3499938351892607,-6.296079310519342e-05,False,False,80243.38372802734,5990.799834095381,20.303114739368862,7.702191054389665e-06,138.21459633431877,1.1686194740754903,1.197072184874164,1.315775439579345,1.3899363884744338,0.2764832856885641,0.5,0.005223174260304792,0.002174959482399838,0.0036267500384379574,-0.007336838052661127,0.03820168258892452,-0.00913228959287995,-4049.2724666509357,False
19,stress,10074,residual_corrected_nmpc,21.0,0.16012379802150625,0.03461285378777522,0.8348963270775538,0.1598269503486537,0.03278315453316315,0.8299876849012382,0.1528935185185185,-0.0011116967773437542,0.06773899414062501,0.0828935185185185,0.22289351851851852,-0.08,0.08,0.007230279502987741,0.03572455056511897,0.7671573329369288,held,0.0,0.0,5.6416960433125496e-05,False,1.0,True,False,-5.310979759087786e-06,2.822680053213844e-05,3.576430390239693e-05,5.310979759087786e-06,-4046.173980675832,0.0008669616745769423,0.41258027357316207,-0.35000000679129667,-0.35000000679129667,-0.34999899519368916,-0.34999899519368916,-1.0320008856923302e-05,False,False,80160.84912109375,5981.864093870782,20.27283107707244,7.803089393701752e-06,139.60779576738247,1.1686194740754903,1.197072184874164,1.315775439579345,1.3899363884744338,0.2764832856885641,0.5,0.005223174260304792,0.002174959482399838,0.0036267500384379574,-0.007336838052661127,0.03820168258892452,-0.00913228959287995,-4049.2724666509357,False
19,stress,10074,residual_corrected_nmpc,21.5,0.1598133914819873,0.0345319351659114,0.8521825239098714,0.16314036086438802,0.03293916604735331,0.8439274816254221,0.15428037122770918,-0.001134072265625008,0.06717752807617187,0.08428037122770918,0.2242803712277092,-0.08,0.08,0.005533020254278126,0.03566600743153641,0.7850049958336995,held,0.0,0.0,5.945796146988869e-05,False,1.0,True,False,-5.310979759087786e-06,2.822680053213844e-05,3.576430390239693e-05,5.310979759087786e-06,-4045.3299691574803,0.001091876483953827,0.4130381630961138,-0.35000000679129667,-0.35000000679129667,-0.3499998409786416,-0.3499998409786416,-1.691569904926915e-06,False,False,80076.62921142578,5972.78421791668,20.242058931712783,7.907410655619936e-06,141.04508211444855,1.1686194740754903,1.197072184874164,1.315775439579345,1.3899363884744338,0.2764832856885641,0.5,0.005223174260304792,0.002174959482399838,0.0036267500384379574,-0.007336838052661127,0.03820168258892452,-0.00913228959287995,-4049.2724666509357,False
19,stress,10074,residual_corrected_nmpc,22.0,0.15949700936227043,0.034451033568599465,0.869428265675493,0.16501878948329657,0.039098959779342586,0.8731603308911928,0.15568587105624143,-0.001156257324218743,0.066604921875,0.08568587105624142,0.22568587105624144,-0.08,0.08,0.0038111383060289994,0.03560729089281821,0.802823343800493,Solve_Succeeded,0.030052792048081756,0.0004468339611776173,0.05979374999878928,False,1.0,True,False,-2.1632222342304885e-06,2.93130062345881e-05,3.7130397686269134e-05,2.1632222342304885e-06,-4044.429561103519,0.0013272968763921589,0.4135553796234184,-0.34999999172892593,-0.35000000679129667,-0.34999997961266716,-0.34999997961266716,-2.7726805107430863e-07,False,False,79990.73828125,5963.562250691366,20.210805232059418,8.015238376278723e-06,142.52726824776204,1.1686194740754903,1.197072184874164,1.315775439579345,1.3899363884744338,0.2764832856885641,0.5,0.005223174260304792,0.002174959482399838,0.0036267500384379574,-0.007336838052661127,0.03820168258892452,-0.00913228959287995,-4049.2724666509357,False
19,stress,10074,residual_corrected_nmpc,22.5,0.15917528244464976,0.03437015011692823,0.8866335611675252,0.1620347318145316,0.030601886463540395,0.8862374663276539,0.157109375,-0.0011782519531250008,0.06602127075195313,0.08710937499999999,0.227109375,-0.08,0.08,0.002065907444649767,0.035548402070053234,0.8206122904155722,held,0.0,0.0,7.1291986387223e-05,False,1.0,True,False,-2.1632222342304885e-06,2.93130062345881e-05,3.7130397686269134e-05,2.1632222342304885e-06,-4043.286351443859,0.0016232155024615003,0.41452118455903586,-0.34999999172892593,-0.34999999172892593,-0.3499999897429297,-0.3499999897429297,-2.0260525035453725e-08,False,False,79903.19061279297,5954.200208409866,20.179076811164045,8.12665928907778e-06,144.05519471804269,1.1686194740754903,1.197072184874164,1.315775439579345,1.3899363884744338,0.2764832856885641,0.5,0.005223174260304792,0.002174959482399838,0.0036267500384379574,-0.007336838052661127,0.03820168258892452,-0.00913228959287995,-4049.2724666509357,False
19,stress,10074,residual_corrected_nmpc,23.0,0.15884877723526514,0.03428928966094908,0.903798420671789,0.15846151489284,0.03231120305588544,0.9065330832776419,0.15855024005486967,-0.0012000561523437536,0.065426669921875,0.08855024005486967,0.22855024005486968,-0.08,0.08,0.00029853718039546395,0.035489345813292834,0.838371750749914,held,0.0,0.0,5.420797970145941e-05,False,1.0,True,False,-2.1632222342304885e-06,2.93130062345881e-05,3.7130397686269134e-05,2.1632222342304885e-06,-4042.1003537063766,0.0019237875492760514,0.41550436793117296,-0.34999999172892593,-0.34999999172892593,-0.34999999140339794,-0.34999999140339794,-3.320936525774698e-09,False,False,79814.00048828125,5944.700080271976,20.146880410522424,8.2417634116335e-06,145.62973026946904,1.1686194740754903,1.197072184874164,1.315775439579345,1.3899363884744338,0.2764832856885641,0.5,0.005223174260304792,0.002174959482399838,0.0036267500384379574,-0.007336838052661127,0.03820168258892452,-0.00913228959287995,-4049.2724666509357,False
19,stress,10074,residual_corrected_nmpc,23.5,0.15851800256185292,0.03420845305121301,0.9209228558991925,0.1625844793737174,0.0345877565351874,0.9223833463899838,0.16000782321673526,-0.0012216699218750016,0.06482121459960938,0.09000782321673526,0.23000782321673527,-0.08,0.08,-0.0014898206548823456,0.035430122973088014,0.8561016412995832,held,0.0,0.0,5.12079568579793e-05,False,1.0,True,False,-2.1632222342304885e-06,2.93130062345881e-05,3.7130397686269134e-05,2.1632222342304885e-06,-4040.870817666515,0.0022287637572948604,0.4165048071705042,-0.34999999172892593,-0.34999999172892593,-0.3499999916755681,-0.3499999916755681,-5.443403505722699e-10,False,False,79723.1821899414,5935.063829608949,20.11422268396056,8.360644136243648e-06,147.2517723692127,1.1686194740754903,1.197072184874164,1.315775439579345,1.3899363884744338,0.2764832856885641,0.5,0.005223174260304792,0.002174959482399838,0.0036267500384379574,-0.007336838052661127,0.03820168258892452,-0.00913228959287995,-4049.2724666509357,False
19,stress,10074,residual_corrected_nmpc,24.0,0.15818341465618901,0.034127641153991584,0.9380068789897911,0.1544085776092955,0.03511267480155673,0.938532016501712,0.16148148148148148,-0.0012430932617187584,0.064205,0.09148148148148147,0.23148148148148148,-0.08,0.08,-0.0032980668252924616,0.03537073441571034,0.8738018789897911,Solve_Succeeded,0.029508583014830947,0.00039541698060929775,0.05948195903329179,False,1.0,True,False,-2.2453241399489343e-06,3.019313662662171e-05,3.859347270918079e-05,2.2453241399489343e-06,-4039.5968853662202,0.0025379176022383293,0.41752238101690514,-0.35000000657769753,-0.34999999172892593,-0.34999999172018,-0.34999999172018,-8.922373950781548e-11,False,False,79630.75,5925.293394955936,20.08111020126924,8.483398323942542e-06,148.92224775179952,1.1686194740754903,1.197072184874164,1.315775439579345,1.3899363884744338,0.2764832856885641,0.5,0.005223174260304792,0.002174959482399838,0.0036267500384379574,-0.007336838052661127,0.03820168258892452,-0.00913228959287995,-4049.2724666509357,False
19,stress,10074,residual_corrected_nmpc,24.5,0.15784542264073748,0.034046854853363624,0.9550505025211742,0.16329717850383613,0.03429893082585505,0.9616284384031374,0.16297057184499314,-0.0012643261718749965,0.06357812133789062,0.09297057184499313,0.23297057184499315,-0.08,0.08,-0.0051251492042556634,0.03531118102523862,0.8914723811832835,held,0.0,0.0,0.00010112498421221972,False,1.0,True,False,-2.2453241399489343e-06,3.019313662662171e-05,3.859347270918079e-05,2.2453241399489343e-06,-4038.2775886019035,0.0028510448725016097,0.4185569694413684,-0.35000000657769753,-0.35000000657769753,-0.350000004142377,-0.35,-1.6559639992586028e-08,False,False,79536.7182006836,5915.390691056471,20.047549451608308,8.610126402228198e-06,150.64211297855718,1.1686194740754903,1.197072184874164,1.315775439579345,1.3899363884744338,0.2764832856885641,0.5,0.005223174260304792,0.002174959482399838,0.0036267500384379574,-0.007336838052661127,0.03820168258892452,-0.00913228959287995,-4049.2724666509357,False
19,stress,10074,residual_corrected_nmpc,25.0,0.15750439344477946,0.03396609505335922,0.9720537395179106,0.1529889492671353,0.03331001523634282,0.9730681303958446,0.164474451303155,-0.0012853686523437435,0.062940673828125,0.09447445130315499,0.234474451303155,-0.08,0.08,-0.006970057858375539,0.035251463705702965,0.9091130656897857,held,0.0,0.0,0.00010041700443252921,False,1.0,True,False,-2.2453241399489343e-06,3.019313662662171e-05,3.859347270918079e-05,2.2453241399489343e-06,-4036.9118724687673,0.0031679564967142457,0.41960845357147647,-0.35000000657769753,-0.35000000657769753,-0.35000000617852006,-0.35,0.0,False,False,79441.10107421875,5905.35760980471,20.01354684669993,8.74093246654514e-06,152.41235501236773,1.1686194740754903,1.197072184874164,1.315775439579345,1.3899363884744338,0.2764832856885641,0.5,0.005223174260304792,0.002174959482399838,0.0036267500384379574,-0.007336838052661127,0.03820168258892452,-0.00913228959287995,-4049.2724666509357,False
19,stress,10074,residual_corrected_nmpc,25.5,0.15716065620935268,0.03388536267963913,0.9890166034619481,0.16550698974192218,0.03304111064929424,0.9916688485611285,0.16599247685185187,-0.0013062207031249995,0.062292752685546876,0.09599247685185186,0.23599247685185187,-0.08,0.08,-0.008831820642499183,0.03519158338276413,0.9267238507764012,held,0.0,0.0,9.654101449996233e-05,False,1.0,True,False,-2.2453241399489343e-06,3.019313662662171e-05,3.859347270918079e-05,2.2453241399489343e-06,-4035.498569696957,0.003488484240457286,0.42067671562017306,-0.35000000657769753,-0.35000000657769753,-0.3500000065122677,-0.35,0.0,False,False,79343.91290283203,5895.1960211304795,19.97910872382809,8.87592438561065e-06,154.23399180793402,1.1686194740754903,1.197072184874164,1.315775439579345,1.3899363884744338,0.2764832856885641,0.5,0.005223174260304792,0.002174959482399838,0.0036267500384379574,-0.007336838052661127,0.03820168258892452,-0.00913228959287995,-4049.2724666509357,False
19,stress,10074,residual_corrected_nmpc,26.0,0.15681450623426707,0.03380465868169311,1.0059391083039821,0.16164700352767677,0.0333532812148295,1.0071625360180592,0.16752400548696844,-0.0013268823242187505,0.061634453125,0.09752400548696843,0.23752400548696845,-0.08,0.08,-0.010709499252701371,0.035131541005911864,0.9443046551789821,Solve_Succeeded,0.03362816700246185,0.0003673330065794289,0.06245699996361509,False,1.0,True,False,-4.834655555896461e-07,3.136379054922145e-05,4.012565841549076e-05,4.834655555896461e-07,-4034.0364232351567,0.0038124738509997744,0.4217616388175952,-0.3500000099579228,-0.35000000657769753,-0.35000000656697283,-0.35,0.0,False,False,79245.16796875,5884.907773831726,19.944241348659794,9.015213910675193e-06,156.1080729177443,1.1686194740754903,1.197072184874164,1.315775439579345,1.3899363884744338,0.2764832856885641,0.5,0.005223174260304792,0.002174959482399838,0.0036267500384379574,-0.007336838052661127,0.03820168258892452,-0.00913228959287995,-4049.2724666509357,False
19,stress,10074,residual_corrected_nmpc,26.5,0.1564662085149093,0.03372398403459165,1.0228212684758127,0.1606640818193275,0.03485632639493139,1.025224913375858,0.16906839420438957,-0.0013473535156250036,0.060965870361328126,0.09906839420438956,0.23906839420438958,-0.08,0.08,-0.012602185689480266,0.03507133755021665,0.9618553981144845,held,0.0,0.0,6.554101128131151e-05,False,1.0,True,False,-4.834655555896461e-07,3.136379054922145e-05,4.012565841549076e-05,4.834655555896461e-07,-4032.5240839724706,0.0041397847492797915,0.42286310734575583,-0.3500000099579228,-0.3500000099579228,-0.3500000094021065,-0.35,0.0,False,False,79144.88055419922,5874.494696358492,19.908950917901986,9.158916788810511e-06,158.0356801138919,1.1686194740754903,1.197072184874164,1.315775439579345,1.3899363884744338,0.2764832856885641,0.5,0.005223174260304792,0.002174959482399838,0.0036267500384379574,-0.007336838052661127,0.03820168258892452,-0.00913228959287995,-4049.2724666509357,False
19,stress,10074,residual_corrected_nmpc,27.0,0.1561160009114747,0.03364333974078776,1.0396630989035873,0.15613792753801278,0.03281362228451542,1.0373672237182177,0.170625,-0.0013676342773437516,0.060287099609375,0.10062499999999999,0.240625,-0.08,0.08,-0.014508999088525293,0.03501097401813151,0.9793759992942124,held,0.0,0.0,5.345797399058938e-05,False,1.0,True,False,-4.834655555896461e-07,3.136379054922145e-05,4.012565841549076e-05,4.834655555896461e-07,-4030.96011282326,0.004470288612147343,0.4239810062758817,-0.3500000099579228,-0.3500000099579228,-0.350000009866818,-0.35,0.0,False,False,79043.06494140625,5863.958597552136,19.87324356180684,9.307152880322643e-06,160.01792802589918,1.1686194740754903,1.197072184874164,1.315775439579345,1.3899363884744338,0.2764832856885641,0.5,0.005223174260304792,0.002174959482399838,0.0036267500384379574,-0.007336838052661127,0.03820168258892452,-0.00913228959287995,-4049.2724666509357,False
19,stress,10074,residual_corrected_nmpc,27.5,0.1557640969889175,0.03356272683188123,1.056464615021937,0.16288600319556645,0.034629540009103496,1.0564692512604976,0.1721931798696845,-0.0013877246093749948,0.059598236083984374,0.10219317986968449,0.2421931798696845,-0.08,0.08,-0.016429082880767,0.034950451441256226,0.9968663789379526,held,0.0,0.0,5.158298881724477e-05,False,1.0,True,False,-4.834655555896461e-07,3.136379054922145e-05,4.012565841549076e-05,4.834655555896461e-07,-4029.342982364877,0.004803868101433489,0.4251152215082343,-0.3500000099579228,-0.3500000099579228,-0.35000000994298963,-0.35,0.0,False,False,78939.73541259766,5853.301267343199,19.837125346536833,9.460046280390145e-06,162.0559647946756,1.1686194740754903,1.197072184874164,1.315775439579345,1.3899363884744338,0.2764832856885641,0.5,0.005223174260304792,0.002174959482399838,0.0036267500384379574,-0.007336838052661127,0.03820168258892452,-0.00913228959287995,-4049.2724666509357,False
19,stress,10074,residual_corrected_nmpc,28.0,0.15541068856190365,0.03348214637035369,1.0732258327889859,0.15113883861603558,0.033076322729764594,1.0767767013209713,0.17377229080932782,-0.001407624511718747,0.058899375000000004,0.10377229080932782,0.24377229080932783,-0.08,0.08,-0.01836160224742417,0.034889770882072436,1.014326457788986,Solve_Succeeded,0.03249945800052956,0.0005550000350922346,0.061665458022616804,False,1.0,True,False,6.854970706626773e-07,3.2573039788985625e-05,4.1699473513290286e-05,6.854970706626773e-07,-4027.671078068781,0.00514041572457196,0.42626563971425235,-0.35000000992722674,-0.3500000099579228,-0.3500000099554751,-0.35,0.0,False,False,78834.90625,5842.524477410941,19.800602276399946,9.617725445030412e-06,164.1509727427131,1.1686194740754903,1.197072184874164,1.315775439579345,1.3899363884744338,0.2764832856885641,0.5,0.005223174260304792,0.002174959482399838,0.0036267500384379574,-0.007336838052661127,0.03820168258892452,-0.00913228959287995,-4049.2724666509357,False
19,stress,10074,residual_corrected_nmpc,28.5,0.1550559479754828,0.03340159945128236,1.0899467687022224,0.1441155003103485,0.03594597045965614,1.088243223000878,0.17536168981481481,-0.001427333984375001,0.05819061157226563,0.10536168981481481,0.24536168981481482,-0.08,0.08,-0.02030574183933201,0.034828933435657364,1.0317561571299567,held,0.0,0.0,8.829199941828847e-05,False,1.0,True,False,6.854970706626773e-07,3.2573039788985625e-05,4.1699473513290286e-05,6.854970706626773e-07,-4025.9426991611035,0.0054798328130868865,0.42743214828087306,-0.35000000992722674,-0.35000000992722674,-0.350000009931857,-0.35,0.0,False,False,78728.59173583984,5831.629981807371,19.763680295964555,9.78032332150104e-06,166.30416906062504,1.1686194740754903,1.197072184874164,1.315775439579345,1.3899363884744338,0.2764832856885641,0.5,0.005223174260304792,0.002174959482399838,0.0036267500384379574,-0.007336838052661127,0.03820168258892452,-0.00913228959287995,-4049.2724666509357,False
19,stress,10074,residual_corrected_nmpc,29.0,0.15470003014900036,0.03332108720403956,1.1066274398152247,0.14206888849246843,0.03338509125053582,1.1080323594239392,0.17696073388203018,-0.0014468530273437502,0.057472041015625,0.10696073388203017,0.2469607338820302,-0.08,0.08,-0.022260703733029824,0.03476794023138331,1.0491553987995996,held,0.0,0.0,5.466601578518748e-05,False,1.0,True,False,6.854970706626773e-07,3.2573039788985625e-05,4.1699473513290286e-05,6.854970706626773e-07,-4024.1560591447897,0.005822028606684036,0.428614635256898,-0.35000000992722674,-0.35000000992722674,-0.3500000099279857,-0.35,0.0,False,False,78620.80615234375,5820.619517548277,19.726365292062432,9.947977483245304e-06,168.51680651009858,1.1686194740754903,1.197072184874164,1.315775439579345,1.3899363884744338,0.2764832856885641,0.5,0.005223174260304792,0.002174959482399838,0.0036267500384379574,-0.007336838052661127,0.03820168258892452,-0.00913228959287995,-4049.2724666509357,False
19,stress,10074,residual_corrected_nmpc,29.5,0.1543430744079062,0.03324061079398437,1.1232678637552325,0.14993532378648072,0.031246053024417984,1.1246294164640287,0.17856878000685872,-0.0014661816406250014,0.05674375854492188,0.10856878000685871,0.24856878000685872,-0.08,0.08,-0.024225705598952513,0.03470679243460937,1.0665241052103105,held,0.0,0.0,5.145795876160264e-05,False,1.0,True,False,6.854970706626773e-07,3.2573039788985625e-05,4.1699473513290286e-05,6.854970706626773e-07,-4022.3092860119095,0.006166919431957796,0.429812989301285,-0.35000000992722674,-0.35000000992722674,-0.35000000992735114,-0.35,0.0,False,False,78511.56378173828,5809.494805173575,19.68866309568782,1.0120830269494596e-05,170.79017414333128,1.1686194740754903,1.197072184874164,1.315775439579345,1.3899363884744338,0.2764832856885641,0.5,0.005223174260304792,0.002174959482399838,0.0036267500384379574,-0.007336838052661127,0.03820168258892452,-0.00913228959287995,-4049.2724666509357,False
19,stress,10074,residual_corrected_nmpc,30.0,0.1539852061255525,0.033160171424152424,1.1398680587415648,0.15350961356668139,0.031294863538779985,1.1412592160379975,0.1801851851851852,-0.0014853198242187476,0.056005859375,0.11018518518518519,0.2501851851851852,-0.08,0.08,-0.0261999790596327,0.03464549124837117,1.083862199366565,Solve_Succeeded,0.035524917009752244,0.0004140420351177454,0.06436145899351686,False,1.0,True,False,2.379987563472241e-06,3.392066100786906e-05,4.3284453568048775e-05,2.379987563472241e-06,-4020.400422171628,0.006514427965868472,0.4310270996332512,-0.3500000099722809,-0.35000000992722674,-0.3500000099272471,-0.35,0.0,False,False,78400.87890625,5798.257549279098,19.65057948379968,1.0299028929643382e-05,173.12559803899865,1.1686194740754903,1.197072184874164,1.315775439579345,1.3899363884744338,0.2764832856885641,0.5,0.005223174260304792,0.002174959482399838,0.0036267500384379574,-0.007336838052661127,0.03820168258892452,-0.00913228959287995,-4049.2724666509357,False
19,stress,10074,residual_corrected_nmpc,30.5,0.15362653819477273,0.033079770336949324,1.1564280436048833,0.14724589077381553,0.0291787625595279,1.1520057487359912,0.18180930641289436,-0.0015042675781250028,0.05525843872070313,0.11180930641289435,0.25180930641289434,-0.08,0.08,-0.02818276821812163,0.03458403791507433,1.1011696048841801,held,0.0,0.0,9.495799895375967e-05,False,1.0,True,False,2.379987563472241e-06,3.392066100786906e-05,4.3284453568048775e-05,2.379987563472241e-06,-4018.4274241165,0.006864482575169341,0.43225685598409136,-0.3500000099722809,-0.3500000099722809,-0.3500000099648994,-0.35,0.0,False,False,78288.76580810547,5786.909439021749,19.61212018103368,1.0482725772515361e-05,175.5244420547871,1.1686194740754903,1.197072184874164,1.315775439579345,1.3899363884744338,0.2764832856885641,0.5,0.005223174260304792,0.002174959482399838,0.0036267500384379574,-0.007336838052661127,0.03820168258892452,-0.00913228959287995,-4049.2724666509357,False
19,stress,10074,residual_corrected_nmpc,31.0,0.15326717234697682,0.032999408815852546,1.1729478378073035,0.14974197234720518,0.03740957645595557,1.1745269078119698,0.1834405006858711,-0.001523024902343753,0.054501591796875,0.11344050068587108,0.2534405006858711,-0.08,0.08,-0.030173328338894273,0.0345224337181963,1.1184462460104285,held,0.0,0.0,6.258301436901093e-05,False,1.0,True,False,2.379987563472241e-06,3.392066100786906e-05,4.3284453568048775e-05,2.379987563472241e-06,-4016.388161847286,0.007217016723878929,0.43350214855061187,-0.3500000099722809,-0.3500000099722809,-0.350000009971071,-0.35,0.0,False,False,78175.23876953125,5775.452148599784,19.573290861329905,1.0672078320642286e-05,177.98810859650754,1.1686194740754903,1.197072184874164,1.315775439579345,1.3899363884744338,0.2764832856885641,0.5,0.005223174260304792,0.002174959482399838,0.0036267500384379574,-0.007336838052661127,0.03820168258892452,-0.00913228959287995,-4049.2724666509357,False
19,stress,10074,residual_corrected_nmpc,31.5,0.1529072003346501,0.03291908818712666,1.1894274614633613,0.14724945361181221,0.0345243581887658,1.1854690828149173,0.185078125,-0.0015415917968750054,0.053735413818359376,0.115078125,0.25507812500000004,-0.08,0.08,-0.032170924665349904,0.034460679984001666,1.1356920476450019,held,0.0,0.0,5.3333002142608166e-05,False,1.0,True,False,2.379987563472241e-06,3.392066100786906e-05,4.3284453568048775e-05,2.379987563472241e-06,-4014.2804180742646,0.007571968441717272,0.43476286795009866,-0.3500000099722809,-0.3500000099722809,-0.3500000099720826,-0.35,0.0,False,False,78060.3120727539,5763.887337709867,19.534097149481823,1.0867249469680298e-05,180.5180394037956,1.1686194740754903,1.197072184874164,1.315775439579345,1.3899363884744338,0.2764832856885641,0.5,0.005223174260304792,0.002174959482399838,0.0036267500384379574,-0.007336838052661127,0.03820168258892452,-0.00913228959287995,-4049.2724666509357,False
19,stress,10074,residual_corrected_nmpc,32.0,0.1525467049914932,0.032838809821556,1.2058669353618403,0.14862133089642415,0.033963895975341794,1.2004944152208108,0.186721536351166,-0.0015599682617187527,0.05295999999999999,0.116721536351166,0.256721536351166,-0.08,0.08,-0.03417483135967281,0.03439877808327475,1.1529069353618404,Solve_Succeeded,0.034787499986123294,0.0005109579651616514,0.06466408399865031,False,1.0,True,False,4.445486410986632e-06,3.537545053404756e-05,4.484840974328108e-05,4.445486410986632e-06,-4012.1018872110308,0.007929279847160658,0.4360389051767378,-0.3500000099806182,-0.3500000099722809,-0.3500000099722484,-0.35,0.0,False,False,77944.0,5752.216651982374,19.494544622611564,1.1068407653090835e-05,183.11571635237723,1.1686194740754903,1.197072184874164,1.315775439579345,1.3899363884744338,0.2764832856885641,0.5,0.005223174260304792,0.002174959482399838,0.0036267500384379574,-0.007336838052661127,0.03820168258892452,-0.00913228959287995,-4049.2724666509357,False
19,stress,10074,residual_corrected_nmpc,32.5,0.15218576118295662,0.03275857513619886,1.2222662809884715,0.15136586766038854,0.02735141540735196,1.224683120100343,0.18837009173525376,-0.0015781542968749881,0.05217544555664062,0.11837009173525376,0.25837009173525377,-0.08,0.08,-0.03618433055229714,0.03433672943307385,1.170090835431831,held,0.0,0.0,8.73749959282577e-05,False,1.0,True,False,4.445486410986632e-06,3.537545053404756e-05,4.484840974328108e-05,4.445486410986632e-06,-4009.8501741750174,0.008288896719429659,0.43733015155941524,-0.3500000099806182,-0.3500000099806182,-0.3500000099792463,-0.35,0.0,False,False,77826.3168334961,5740.441723396339,19.45463881157619,1.1275727012216904e-05,185.78266227287608,1.1686194740754903,1.197072184874164,1.315775439579345,1.3899363884744338,0.2764832856885641,0.5,0.005223174260304792,0.002174959482399838,0.0036267500384379574,-0.007336838052661127,0.03820168258892452,-0.00913228959287995,-4049.2724666509357,False
19,stress,10074,residual_corrected_nmpc,33.0,0.15182443665859915,0.032678385596166946,1.2386255205495158,0.1461754939285033,0.03955098625439477,1.2392489650808298,0.19002314814814816,-0.0015961499023437464,0.051381845703125005,0.12002314814814816,0.2600231481481482,-0.08,0.08,-0.03819871148954901,0.03427453549851069,1.1872436748463908,held,0.0,0.0,6.674998439848423e-05,False,1.0,True,False,4.445486410986632e-06,3.537545053404756e-05,4.484840974328108e-05,4.445486410986632e-06,-4007.5227930074134,0.008650768114316608,0.4386364987208295,-0.3500000099806182,-0.3500000099806182,-0.3500000099803933,-0.35,0.0,False,False,77707.27685546875,5728.564170675286,19.414385202309198,1.1489387571887201e-05,188.52044178610126,1.1686194740754903,1.197072184874164,1.315775439579345,1.3899363884744338,0.2764832856885641,0.5,0.005223174260304792,0.002174959482399838,0.0036267500384379574,-0.007336838052661127,0.03820168258892452,-0.00913228959287995,-4049.2724666509357,False
19,stress,10074,residual_corrected_nmpc,33.5,0.15146279281650882,0.03259824271643349,1.2549446769962438,0.1509897017360245,0.030369593726244322,1.258041178985095,0.1916800625857339,-0.0016139550781249998,0.05057929565429688,0.12168006258573388,0.2616800625857339,-0.08,0.08,-0.04021726976922507,0.03421219779455849,1.2043653813419468,held,0.0,0.0,5.216698627918959e-05,False,1.0,True,False,4.445486410986632e-06,3.537545053404756e-05,4.484840974328108e-05,4.445486410986632e-06,-4005.1171653237393,0.009014846019288272,0.43995783853785236,-0.3500000099806182,-0.3500000099806182,-0.35000000998058134,-0.35,0.0,False,False,77586.89434814453,5716.5855996651535,19.373789237101303,1.1709575421684465e-05,191.33066215475782,1.1686194740754903,1.197072184874164,1.315775439579345,1.3899363884744338,0.2764832856885641,0.5,0.005223174260304792,0.002174959482399838,0.0036267500384379574,-0.007336838052661127,0.03820168258892452,-0.00913228959287995,-4049.2724666509357,False
19,stress,10074,residual_corrected_nmpc,34.0,0.15110088538896133,0.032518148063673424,1.2712237740503272,0.1441941341188345,0.03320922591110027,1.2782611200648235,0.19334019204389574,-0.001631569824218762,0.049767890625000005,0.12334019204389574,0.26334019204389575,-0.08,0.08,-0.042239306654934416,0.034149717887892186,1.221455883425327,Solve_Succeeded,0.038245500007178634,0.00044124998385086656,0.06791083299322054,False,1.0,True,False,6.02303771302104e-06,3.68324344890425e-05,4.635884761228226e-05,6.02303771302104e-06,-4002.630618605124,0.009381085043774398,0.4412940631030815,-0.3500000099870315,-0.3500000099806182,-0.35000000998061215,-0.35,0.0,False,False,77465.18359375,5704.507603695355,19.33285631582411,1.1936482903016227e-05,194.2149741514854,1.1686194740754903,1.197072184874164,1.315775439579345,1.3899363884744338,0.2764832856885641,0.5,0.005223174260304792,0.002174959482399838,0.0036267500384379574,-0.007336838052661127,0.03820168258892452,-0.00913228959287995,-4049.2724666509357,False
19,stress,10074,residual_corrected_nmpc,34.5,0.15073876505753595,0.03243810325813858,1.2874628362301586,0.1479382960814681,0.03777889515011847,1.2921011802916196,0.19500289351851852,-0.0016489941406250055,0.048947725830078115,0.1250028935185185,0.2650028935185185,-0.08,0.08,-0.04426412846098257,0.03408709739876359,1.2385151104000804,held,0.0,0.0,7.358298171311617e-05,False,1.0,True,False,6.02303771302104e-06,3.68324344890425e-05,4.635884761228226e-05,6.02303771302104e-06,-4000.060384339203,0.009749442140978046,0.4426450646875293,-0.3500000099870315,-0.3500000099870315,-0.3500000099859793,-0.35,0.0,False,False,77342.15887451172,5692.331763924001,19.291591797100075,1.2170308802129013e-05,197.17507294311733,1.1686194740754903,1.197072184874164,1.315775439579345,1.3899363884744338,0.2764832856885641,0.5,0.005223174260304792,0.002174959482399838,0.0036267500384379574,-0.007336838052661127,0.03820168258892452,-0.00913228959287995,-4049.2724666509357,False
19,stress,10074,residual_corrected_nmpc,35.0,0.1503764780050544,0.0323581099755709,1.3036618888781193,0.14782912300844783,0.03184586870453382,1.3039730719715064,0.19666752400548698,-0.0016662280273437372,0.048118896484375,0.12666752400548698,0.266667524005487,-0.08,0.08,-0.04629104600043257,0.034024338002914635,1.2555429923937442,held,0.0,0.0,5.46250375919044e-05,False,1.0,True,False,6.02303771302104e-06,3.68324344890425e-05,4.635884761228226e-05,6.02303771302104e-06,-3997.4035960185997,0.010119876357924523,0.44401073570439814,-0.3500000099870315,-0.3500000099870315,-0.35000000998685904,-0.35,0.0,False,False,77217.83447265625,5680.059649668205,19.25000099942194,1.241125854920979e-05,200.21269899103447,1.1686194740754903,1.197072184874164,1.315775439579345,1.3899363884744338,0.2764832856885641,0.5,0.005223174260304792,0.002174959482399838,0.0036267500384379574,-0.007336838052661127,0.03820168258892452,-0.00913228959287995,-4049.2724666509357,False
19,stress,10074,residual_corrected_nmpc,35.5,0.15001406641094223,0.032278169949156346,1.3198209581888134,0.14622801429025967,0.0319902706882503,1.3203886891388434,0.19833344050068585,-0.0016832714843749985,0.04728149780273438,0.12833344050068585,0.26833344050068586,-0.08,0.08,-0.04831937408974363,0.033961441433531345,1.2725394603860791,held,0.0,0.0,0.00014779198681935668,False,1.0,True,False,6.02303771302104e-06,3.68324344890425e-05,4.635884761228226e-05,6.02303771302104e-06,-3994.657287004056,0.010492348610807833,0.44539096867389644,-0.3500000099870315,-0.3500000099870315,-0.35000000998700326,-0.35,0.0,False,False,77092.22467041016,5667.692818720325,19.20808920222448,1.2659544423720316e-05,203.32963896745588,1.1686194740754903,1.197072184874164,1.315775439579345,1.3899363884744338,0.2764832856885641,0.5,0.005223174260304792,0.002174959482399838,0.0036267500384379574,-0.007336838052661127,0.03820168258892452,-0.00913228959287995,-4049.2724666509357,False
19,stress,10074,residual_corrected_nmpc,36.0,0.1496515688959261,0.03219828497152231,1.3359400712382892,0.152194643950275,0.030550550116792634,1.335736604414627,0.2,-0.001700124511718755,0.046435625,0.13,0.27,-0.08,0.08,-0.050348431104073915,0.03389840948324106,1.2895044462382892,Solve_Succeeded,0.040122542006429285,0.000602708023507148,0.0691109590115957,False,1.0,True,False,7.97137909103185e-06,3.835563911707141e-05,4.778441143571399e-05,7.97137909103185e-06,-3991.818388258552,0.010866821482998168,0.44678565618904953,-0.35000000998395564,-0.3500000099870315,-0.3500000099870269,-0.35,0.0,False,False,76965.34375,5655.232817650954,19.165861646911356,1.2915385766113056e-05,206.52772668749884,1.1686194740754903,1.197072184874164,1.315775439579345,1.3899363884744338,0.2764832856885641,0.5,0.005223174260304792,0.002174959482399838,0.0036267500384379574,-0.007336838052661127,0.03820168258892452,-0.00913228959287995,-4049.2724666509357,False
19,stress,10074,residual_corrected_nmpc,36.5,0.1492890209213656,0.032118456896780785,1.352019256014271,0.1542577554319993,0.02827791674286633,1.3443315057212617,0.2016665594993141,-0.0017167871093750064,0.04558137329101562,0.1316665594993141,0.2716665594993141,-0.08,0.08,-0.052377538577948524,0.03383524400615579,1.3064378827232555,held,0.0,0.0,8.491601329296827e-05,False,1.0,True,False,7.97137909103185e-06,3.835563911707141e-05,4.778441143571399e-05,7.97137909103185e-06,-3988.883725958036,0.011243259043349621,0.4481946908824673,-0.35000000998395564,-0.35000000998395564,-0.35000000998445907,-0.35,0.0,False,False,76837.20599365234,5642.681182099389,19.123323537839543,1.317900919607896e-05,209.80884405680447,1.1686194740754903,1.197072184874164,1.315775439579345,1.3899363884744338,0.2764832856885641,0.5,0.005223174260304792,0.002174959482399838,0.0036267500384379574,-0.007336838052661127,0.03820168258892452,-0.00913228959287995,-4049.2724666509357,False
19,stress,10074,residual_corrected_nmpc,37.0,0.14892645514796732,0.03203868764261996,1.3680585414474253,0.1432431084788539,0.03183761328052402,1.3672240908591233,0.20333247599451304,-0.001733259277343746,0.044718837890624995,0.13333247599451303,0.27333247599451305,-0.08,0.08,-0.05440602084654572,0.033771946919963707,1.3233397035568004,held,0.0,0.0,5.491595948114991e-05,False,1.0,True,False,7.97137909103185e-06,3.835563911707141e-05,4.778441143571399e-05,7.97137909103185e-06,-3985.850018983816,0.011621626682691594,0.44961796539402865,-0.35000000998395564,-0.35000000998395564,-0.3500000099840382,-0.35,0.0,False,False,76707.82568359375,5630.039437052273,19.080480043263627,1.3450648837479568e-05,213.17492203450237,1.1686194740754903,1.197072184874164,1.315775439579345,1.3899363884744338,0.2764832856885641,0.5,0.005223174260304792,0.002174959482399838,0.0036267500384379574,-0.007336838052661127,0.03820168258892452,-0.00913228959287995,-4049.2724666509357,False
19,stress,10074,residual_corrected_nmpc,37.5,0.14856390175813583,0.031958979192446335,1.3840579574436844,0.1441044008525736,0.03329828985591749,1.3814838706023007,0.2049971064814815,-0.0017495410156249946,0.04384811401367188,0.1349971064814815,0.2749971064814815,-0.08,0.08,-0.056433204723345676,0.03370852020807133,1.3402098434300125,held,0.0,0.0,5.199998850002885e-05,False,1.0,True,False,7.97137909103185e-06,3.835563911707141e-05,4.778441143571399e-05,7.97137909103185e-06,-3982.713876301133,0.01200189096660776,0.45105537233944787,-0.35000000998395564,-0.35000000998395564,-0.3500000099839692,-0.35,0.0,False,False,76577.21710205078,5617.309097111061,19.037336296242305,1.3730546550118486e-05,216.62794161127235,1.1686194740754903,1.197072184874164,1.315775439579345,1.3899363884744338,0.2764832856885641,0.5,0.005223174260304792,0.002174959482399838,0.0036267500384379574,-0.007336838052661127,0.03820168258892452,-0.00913228959287995,-4049.2724666509357,False
19,stress,10074,residual_corrected_nmpc,38.0,0.14820138874577352,0.03187933359757973,1.4000175349176542,0.1491524729971015,0.029562824503906536,1.4052605111790946,0.20665980795610428,-0.0017656323242187522,0.042969296875,0.13665980795610427,0.2766598079561043,-0.08,0.08,-0.058458419210330764,0.033644965921798484,1.3570482380426543,Solve_Succeeded,0.03846066602272913,0.0005177080165594816,0.06788225000491366,False,1.0,True,False,9.47340959100984e-06,3.98394804506097e-05,4.909627023153007e-05,9.47340959100984e-06,-3979.4717942279813,0.012384019502804038,0.45250680427969014,-0.35000000999515035,-0.35000000998395564,-0.35000000998395786,-0.35,0.0,False,False,76445.39453125,5604.4916667489015,18.99389739550893,1.4018952168507823e-05,220.16993480220907,1.1686194740754903,1.197072184874164,1.315775439579345,1.3899363884744338,0.2764832856885641,0.5,0.005223174260304792,0.002174959482399838,0.0036267500384379574,-0.007336838052661127,0.03820168258892452,-0.00913228959287995,-4049.2724666509357,False
19,stress,10074,residual_corrected_nmpc,38.5,0.1478389421769459,0.03179975297950328,1.4159373058271343,0.14045409430294956,0.030676963701869054,1.41511328080583,0.20831993741426613,-0.0017815332031249978,0.042082481689453125,0.13831993741426613,0.27831993741426614,-0.08,0.08,-0.06048099523732023,0.033581286182628275,1.3738548241376811,held,0.0,0.0,7.02909892424941e-05,False,1.0,True,False,9.47340959100984e-06,3.98394804506097e-05,4.909627023153007e-05,9.47340959100984e-06,-3976.120153597834,0.012767980821542714,0.4539721536912043,-0.35000000999515035,-0.35000000999515035,-0.35000000999331576,-0.35,0.0,False,False,76312.37225341797,5591.588640557487,18.950168406308123,1.4316123747788495e-05,223.80298565419747,1.1686194740754903,1.197072184874164,1.315775439579345,1.3899363884744338,0.2764832856885641,0.5,0.005223174260304792,0.002174959482399838,0.0036267500384379574,-0.007336838052661127,0.03820168258892452,-0.00913228959287995,-4049.2724666509357,False
19,stress,10074,residual_corrected_nmpc,39.0,0.14747658642447353,0.03172023953217048,1.4318173032087758,0.15589398538325108,0.032190954849274665,1.4329329495489802,0.20997685185185183,-0.0017972436523437524,0.041187763671875,0.13997685185185182,0.27997685185185184,-0.08,0.08,-0.0625002654273783,0.03351748318451423,1.3906295395369008,held,0.0,0.0,5.287496605888009e-05,False,1.0,True,False,9.47340959100984e-06,3.98394804506097e-05,4.909627023153007e-05,9.47340959100984e-06,-3972.655216819607,0.01315374426777869,0.4554513129369436,-0.35000000999515035,-0.35000000999515035,-0.35000000999484965,-0.35,0.0,False,False,76178.16455078125,5578.601503484431,18.90615436120024,1.462232781696312e-05,227.52923126744628,1.1686194740754903,1.197072184874164,1.315775439579345,1.3899363884744338,0.2764832856885641,0.5,0.005223174260304792,0.002174959482399838,0.0036267500384379574,-0.007336838052661127,0.03820168258892452,-0.00913228959287995,-4049.2724666509357,False
19,stress,10074,residual_corrected_nmpc,39.5,0.147114344379194,0.031640795524371344,1.447657561214909,0.14204971098366645,0.0278123443534833,1.4496493084402726,0.21162990826474626,-0.001812763671875002,0.04028523803710937,0.14162990826474625,0.28162990826474626,-0.08,0.08,-0.06451556388555227,0.033453559196246346,1.4073723231777997,held,0.0,0.0,5.0125003326684237e-05,False,1.0,True,False,9.47340959100984e-06,3.98394804506097e-05,4.909627023153007e-05,9.47340959100984e-06,-3969.0731248378916,0.01354127990377546,0.4569441742381477,-0.35000000999515035,-0.35000000999515035,-0.35000000999510106,-0.35,0.0,False,False,76042.7857055664,5565.531731061606,18.861860260835236,1.4937839639602796e-05,231.35086283081537,1.1686194740754903,1.197072184874164,1.315775439579345,1.3899363884744338,0.2764832856885641,0.5,0.005223174260304792,0.002174959482399838,0.0036267500384379574,-0.007336838052661127,0.03820168258892452,-0.00913228959287995,-4049.2724666509357,False
19,stress,10074,residual_corrected_nmpc,40.0,0.14675223764035272,0.03156142330215958,1.4634581151515682,0.14434970741080505,0.031315028061925064,1.4597298255697762,0.21327846364883404,-0.0018280932617187468,0.039375,0.14327846364883404,0.283278463648834,-0.08,0.08,-0.06652622600848132,0.03338951656387833,1.4240831151515683,Solve_Succeeded,0.04047537496080622,0.00038820802001282573,0.06957770802546293,False,1.0,True,False,1.1289306712569669e-05,4.1334967681905256e-05,5.0269372877664864e-05,1.1289306712569669e-05,-3965.3698939962246,0.013930558421105167,0.45845062964685884,-0.35000000999443853,-0.35000000999515035,-0.35000000999514225,-0.35,0.0,False,False,75906.25,5552.380789624953,18.817291074697604,1.5262943482189626e-05,235.27012667053194,1.1686194740754903,1.197072184874164,1.315775439579345,1.3899363884744338,0.2764832856885641,0.5,0.005223174260304792,0.002174959482399838,0.0036267500384379574,-0.007336838052661127,0.03820168258892452,-0.00913228959287995,-4049.2724666509357,False
19,stress,10074,residual_corrected_nmpc,40.5,0.14639028668732604,0.03148212529134274,1.4792190015177464,0.14098237503114155,0.0295478304168622,1.480243707571383,0.214921875,-0.0018432324218749935,0.038457144775390625,0.144921875,0.284921875,-0.08,0.08,-0.06853158831267397,0.033325357713217735,1.440761856742356,held,0.0,0.0,0.00011262501357123256,False,1.0,True,False,1.1289306712569669e-05,4.1334967681905256e-05,5.0269372877664864e-05,1.1289306712569669e-05,-3961.541412805992,0.014321551061051034,0.4599705710191495,-0.35000000999443853,-0.35000000999443853,-0.3500000099945539,-0.35,0.0,False,False,75768.5717163086,5539.150136526166,18.77245174182378,1.559793289025748e-05,239.28932531185012,1.1686194740754903,1.197072184874164,1.315775439579345,1.3899363884744338,0.2764832856885641,0.5,0.005223174260304792,0.002174959482399838,0.0036267500384379574,-0.007336838052661127,0.03820168258892452,-0.00913228959287995,-4049.2724666509357,False
19,stress,10074,residual_corrected_nmpc,41.0,0.14602851103465106,0.0314029040000372,1.494940258045911,0.1548314823799511,0.033460383558230236,1.4925610399532887,0.21655949931412896,-0.001858181152343763,0.03753176757812501,0.14655949931412895,0.28655949931412894,-0.08,0.08,-0.0705309882794779,0.033261085152380965,1.457408490467786,held,0.0,0.0,6.841699359938502e-05,False,1.0,True,False,1.1289306712569669e-05,4.1334967681905256e-05,5.0269372877664864e-05,1.1289306712569669e-05,-3957.583438623355,0.01471422954253268,0.46150388998903746,-0.35000000999443853,-0.35000000999443853,-0.35000000999445746,-0.35,0.0,False,False,75629.76513671875,5525.841220336646,18.727347171493353,1.5943110972495177e-05,243.41081855318754,1.1686194740754903,1.197072184874164,1.315775439579345,1.3899363884744338,0.2764832856885641,0.5,0.005223174260304792,0.002174959482399838,0.0036267500384379574,-0.007336838052661127,0.03820168258892452,-0.00913228959287995,-4049.2724666509357,False
19,stress,10074,residual_corrected_nmpc,41.5,0.1456669293721327,0.031323762021289725,1.5106219237438137,0.15157575116911418,0.030962464528249693,1.513900448757401,0.21819069358710566,-0.0018729394531250138,0.03659896362304686,0.14819069358710565,0.2881906935871057,-0.08,0.08,-0.07252376421497297,0.03319670147441474,1.4740229601207668,held,0.0,0.0,5.583401070907712e-05,False,1.0,True,False,1.1289306712569669e-05,4.1334967681905256e-05,5.0269372877664864e-05,1.1289306712569669e-05,-3953.491594236481,0.015108565996765078,0.4630504779430665,-0.35000000999443853,-0.35000000999443853,-0.35000000999444164,-0.35,0.0,False,False,75489.84454345703,5512.455481044132,18.68198224389546,1.6298790692975208e-05,247.63702455221272,1.1686194740754903,1.197072184874164,1.315775439579345,1.3899363884744338,0.2764832856885641,0.5,0.005223174260304792,0.002174959482399838,0.0036267500384379574,-0.007336838052661127,0.03820168258892452,-0.00913228959287995,-4049.2724666509357,True
19,stress,10074,residual_corrected_nmpc,42.0,0.145305559691614,0.031244702035767454,1.526264038937628,0.1554049114110186,0.030926722862715687,1.5268995636848361,0.21981481481481485,-0.0018875073242187387,0.03565882812499999,0.14981481481481485,0.28981481481481486,-0.08,0.08,-0.07450925512320086,0.03313220935998619,1.490605210812628,Solve_Succeeded,0.03775708295870572,0.0005589170032180846,0.06694287504069507,False,1.0,True,False,1.4085795555729419e-05,4.2883608693955465e-05,5.128339398652315e-05,1.4085795555729419e-05,-3949.2613643652467,0.015504532907945283,0.46461022599553314,-0.35000000998843445,-0.35000000999443853,-0.35000000999443903,-0.35,0.0,False,False,75348.82421875,5498.99435024233,18.63636181077146,1.6665295171672752e-05,251.97042092333893,1.1686194740754903,1.197072184874164,1.315775439579345,1.3899363884744338,0.2764832856885641,0.5,0.005223174260304792,0.002174959482399838,0.0036267500384379574,-0.007336838052661127,0.03820168258892452,-0.00913228959287995,-4049.2724666509357,True
19,stress,10074,residual_corrected_nmpc,42.5,0.14494441940183192,0.031165726814518013,1.541866645316451,0.14528662647432466,0.03297717580440446,1.5400319292507065,0.2214312199931413,-0.0019018847656249865,0.034711456298828124,0.1514312199931413,0.2914312199931413,-0.08,0.08,-0.07648680059130938,0.033067611580143,1.5071551890176227,held,0.0,0.0,7.316702976822853e-05,False,1.0,True,False,1.4085795555729419e-05,4.2883608693955465e-05,5.128339398652315e-05,1.4085795555729419e-05,-3944.8880920755128,0.01590210305933308,0.46618302496434094,-0.35000000998843445,-0.35000000998843445,-0.35000000998941866,-0.35,0.0,False,False,75206.71844482422,5485.459251313897,18.590490696035044,1.7042957993438494e-05,256.41354584602175,1.1686194740754903,1.197072184874164,1.315775439579345,1.3899363884744338,0.2764832856885641,0.5,0.005223174260304792,0.002174959482399838,0.0036267500384379574,-0.007336838052661127,0.03820168258892452,-0.00913228959287995,-4049.2724666509357,True
19,stress,10074,residual_corrected_nmpc,43.0,0.14458352543263325,0.031086839221801423,1.5574297859781994,0.15039146236806347,0.0344435918684044,1.5531838112969298,0.22303926611796981,-0.0019160717773437363,0.033756943359375007,0.1530392661179698,0.2930392661179698,-0.08,0.08,-0.07845574068533656,0.03300291099914516,1.5236728426188244,held,0.0,0.0,5.308300023898482e-05,False,1.0,True,False,1.4085795555729419e-05,4.2883608693955465e-05,5.128339398652315e-05,1.4085795555729419e-05,-3940.3669751100265,0.016301249484157662,0.46776876534746137,-0.35000000998843445,-0.35000000998843445,-0.35000000998859576,-0.35,0.0,False,False,75063.54150390625,5471.851599607084,18.544373696370922,1.743212352558939e-05,260.96899918323015,1.1686194740754903,1.197072184874164,1.315775439579345,1.3899363884744338,0.2764832856885641,0.5,0.005223174260304792,0.002174959482399838,0.0036267500384379574,-0.007336838052661127,0.03820168258892452,-0.00913228959287995,-4049.2724666509357,True
19,stress,10074,residual_corrected_nmpc,43.5,0.14422289432969332,0.03100804221799547,1.5729535054769441,0.14551295076108958,0.029529401547546186,1.5790172499755688,0.2246383101851852,-0.001930068359375016,0.03279538452148439,0.1546383101851852,0.2946383101851852,-0.08,0.08,-0.08041541585549189,0.032938110577370484,1.5401581209554598,held,0.0,0.0,5.183299072086811e-05,False,1.0,True,False,1.4085795555729419e-05,4.2883608693955465e-05,5.128339398652315e-05,1.4085795555729419e-05,-3935.6930621379906,0.016701945420841843,0.469367337299987,-0.35000000998843445,-0.35000000998843445,-0.35000000998846087,-0.35,0.0,False,False,74919.30767822266,5458.172802606335,18.49801558181297,1.7833147244279297e-05,265.6394436093955,1.1686194740754903,1.197072184874164,1.315775439579345,1.3899363884744338,0.2764832856885641,0.5,0.005223174260304792,0.002174959482399838,0.0036267500384379574,-0.007336838052661127,0.03820168258892452,-0.00913228959287995,-4049.2724666509357,True
19,stress,10074,residual_corrected_nmpc,44.0,0.143862542340762,0.03092933886257614,1.588437849871713,0.14226721554285598,0.02686065703294098,1.5938842541094438,0.22622770919067217,-0.0019438745117187697,0.03182687499999999,0.15622770919067216,0.2962277091906722,-0.08,0.08,-0.08236516684991016,0.03287321337429491,1.5566109748717132,Solve_Succeeded,0.03971604100661352,0.00040804099990054965,0.06855241704033688,False,1.0,True,False,1.3798657164443284e-05,4.405466206662823e-05,5.2123330533504486e-05,1.3798657164443284e-05,-3930.8612489253414,0.017104164272087323,0.47097863061175976,-0.35000000999673025,-0.35000000998843445,-0.3500000099884388,-0.35,0.0,False,False,74774.03125,5444.424260097118,18.451421096302866,1.8246396069812118e-05,270.427605747121,1.1686194740754903,1.197072184874164,1.315775439579345,1.3899363884744338,0.2764832856885641,0.5,0.005223174260304792,0.002174959482399838,0.0036267500384379574,-0.007336838052661127,0.03820168258892452,-0.00913228959287995,-4049.2724666509357,True
19,stress,10074,residual_corrected_nmpc,44.5,0.1435024854943556,0.03085073231717469,1.6038828667768057,0.14233234868001238,0.029758044020182926,1.608149986215603,0.2278068201303155,-0.001957490234374991,0.030851510009765618,0.1578068201303155,0.2978068201303155,-0.08,0.08,-0.0843043346359599,0.03280822255154968,1.57303135676704,held,0.0,0.0,8.50000069476664e-05,False,1.0,True,False,1.3798657164443284e-05,4.405466206662823e-05,5.2123330533504486e-05,1.3798657164443284e-05,-3925.8662744278136,0.017507879567412003,0.472602534685558,-0.35000000999673025,-0.35000000999673025,-0.3500000099953712,-0.35,0.0,False,False,74627.72650146484,5430.607364325257,18.40459495823004,1.8672248711057154e-05,275.3362773118658,1.1686194740754903,1.197072184874164,1.315775439579345,1.3899363884744338,0.2764832856885641,0.5,0.005223174260304792,0.002174959482399838,0.0036267500384379574,-0.007336838052661127,0.03820168258892452,-0.00913228959287995,-4049.2724666509357,True
19,stress,10074,residual_corrected_nmpc,45.0,0.1431427396717178,0.030772225848712878,1.6192886054136533,0.14093320054760156,0.032254344764458355,1.6234200075122054,0.22937500000000002,-0.001970915527343728,0.029869384765625,0.15937500000000002,0.29937500000000006,-0.08,0.08,-0.08623226032828221,0.032743141376056606,1.5894192206480282,held,0.0,0.0,5.9999991208314896e-05,False,1.0,True,False,1.3798657164443284e-05,4.405466206662823e-05,5.2123330533504486e-05,1.3798657164443284e-05,-3920.7027168089194,0.01791306492877269,0.47423893851582877,-0.35000000999673025,-0.35000000999673025,-0.3500000099965075,-0.35,0.0,False,False,74480.40771484375,5416.723500150996,18.35754186095386,1.9111096019125404e-05,280.36831626378006,1.1686194740754903,1.197072184874164,1.315775439579345,1.3899363884744338,0.2764832856885641,0.5,0.005223174260304792,0.002174959482399838,0.0036267500384379574,-0.007336838052661127,0.03820168258892452,-0.00913228959287995,-4049.2724666509357,True
19,stress,10074,residual_corrected_nmpc,45.5,0.1427833206727887,0.030693822832617824,1.634655116664269,0.14687109480533492,0.0323462999758853,1.6299501533744474,0.23093160579561045,-0.0019841503906249877,0.02888059448242189,0.16093160579561044,0.30093160579561046,-0.08,0.08,-0.08814828512282175,0.03267797322324281,1.6057745221818471,held,0.0,0.0,5.858304211869836e-05,False,1.0,True,False,1.3798657164443284e-05,4.405466206662823e-05,5.2123330533504486e-05,1.3798657164443284e-05,-3915.364989385041,0.018319694038944595,0.47588773066795076,-0.35000000999673025,-0.35000000999673025,-0.35000000999669373,-0.35,0.0,False,False,74332.08917236328,5402.774045198055,18.310266473308733,1.9563341350462675e-05,285.52664796580626,1.1686194740754903,1.197072184874164,1.315775439579345,1.3899363884744338,0.2764832856885641,0.5,0.005223174260304792,0.002174959482399838,0.0036267500384379574,-0.007336838052661127,0.03820168258892452,-0.00913228959287995,-4049.2724666509357,True
19,stress,10074,residual_corrected_nmpc,46.0,0.1424242442768437,0.030615526756117988,1.6499824531263245,0.13975757792806703,0.03309386988055359,1.6466154007873957,0.23247599451303155,-0.0019971948242187704,0.027885234375000012,0.16247599451303155,0.30247599451303153,-0.08,0.08,-0.09005175023618786,0.03261272158033676,1.6220972187513245,Solve_Succeeded,0.03882712498307228,0.000492582970764488,0.06927879201248288,False,1.0,True,False,1.6821091776364483e-05,4.546494074020302e-05,5.277982563711703e-05,1.6821091776364483e-05,-3909.8473364999386,0.01872774061236248,0.4775487992580159,-0.35000000998649056,-0.35000000999673025,-0.35000000999672426,-0.35,0.0,False,False,74182.78515625,5388.760369997873,18.26277344009299,2.002940093951332e-05,290.8142663471181,1.1686194740754903,1.197072184874164,1.315775439579345,1.3899363884744338,0.2764832856885641,0.5,0.005223174260304792,0.002174959482399838,0.0036267500384379574,-0.007336838052661127,0.03820168258892452,-0.00913228959287995,-4049.2724666509357,True
19,stress,10074,residual_corrected_nmpc,46.5,0.1420655262983963,0.030537341221621595,1.6652706691698946,0.14336200931993634,0.0319274365415754,1.6655858373930041,0.23400752314814816,-0.0020100488281250273,0.02688339965820312,0.16400752314814815,0.30400752314814816,-0.08,0.08,-0.09194199684975185,0.03254739004974662,1.6383872695116914,held,0.0,0.0,9.237497579306364e-05,False,1.0,True,False,1.6821091776364483e-05,4.546494074020302e-05,5.277982563711703e-05,1.6821091776364483e-05,-3904.143829331072,0.019137178368159508,0.4792220319331153,-0.35000000998649056,-0.35000000998649056,-0.350000009988168,-0.35,0.0,False,False,74032.50994873047,5374.683838129254,18.215067382542145,2.0509704281104535e-05,296.2342350709032,1.1686194740754903,1.197072184874164,1.315775439579345,1.3899363884744338,0.2764832856885641,0.5,0.005223174260304792,0.002174959482399838,0.0036267500384379574,-0.007336838052661127,0.03820168258892452,-0.00913228959287995,-4049.2724666509357,True
19,stress,10074,residual_corrected_nmpc,47.0,0.14170718263889787,0.030459269950178926,1.6805198209959136,0.13174047107423942,0.030059258834031367,1.6787135922430838,0.235525548696845,-0.0020227124023437446,0.025875185546874985,0.165525548696845,0.305525548696845,-0.08,0.08,-0.09381836605794713,0.03248198235252267,1.6546446354490385,held,0.0,0.0,6.325001595541835e-05,False,1.0,True,False,1.6821091776364483e-05,4.546494074020302e-05,5.277982563711703e-05,1.6821091776364483e-05,-3898.2483616302857,0.019547981005166283,0.48090731585211915,-0.35000000998649056,-0.35000000998649056,-0.3500000099867655,-0.35,0.0,False,False,73881.27783203125,5360.54580635363,18.16715289878729,2.1004694522698312e-05,301.78968870544827,1.1686194740754903,1.197072184874164,1.315775439579345,1.3899363884744338,0.2764832856885641,0.5,0.005223174260304792,0.002174959482399838,0.0036267500384379574,-0.007336838052661127,0.03820168258892452,-0.00913228959287995,-4049.2724666509357,True
19,stress,10074,residual_corrected_nmpc,47.5,0.1413492293347115,0.030381316785029717,1.695729966696383,0.14219791338859578,0.03194893277853643,1.6973638015897368,0.23702942815500688,-0.0020351855468749847,0.024860687255859375,0.16702942815500688,0.3070294281550069,-0.08,0.08,-0.09568019882029538,0.0324165023319047,1.6708692794405235,held,0.0,0.0,5.429197335615754e-05,False,1.0,True,False,1.6821091776364483e-05,4.546494074020302e-05,5.277982563711703e-05,1.6821091776364483e-05,-3892.154645401542,0.019960122178657655,0.48260453766693817,-0.35000000998649056,-0.35000000998649056,-0.35000000998653563,-0.35,0.0,False,False,73729.1030883789,5346.3476247460985,18.119034564299216,2.151482886665281e-05,307.48383389741315,1.1686194740754903,1.197072184874164,1.315775439579345,1.3899363884744338,0.2764832856885641,0.5,0.005223174260304792,0.002174959482399838,0.0036267500384379574,-0.007336838052661127,0.03820168258892452,-0.00913228959287995,-4049.2724666509357,True
19,stress,10074,residual_corrected_nmpc,48.0,0.14099168260178946,0.030303485695236946,1.7109011663163745,0.14059298284420424,0.03118492587274677,1.713756820744473,0.23851851851851852,-0.0020474682617187406,0.02384,0.1685185185185185,0.3085185185185185,-0.08,0.08,-0.09752683591672906,0.03235095395695568,1.6870611663163744,Solve_Succeeded,0.03919229103485122,0.000550209020730108,0.06928791699465364,False,1.0,True,False,1.8253351299790666e-05,4.66046421934152e-05,5.324920857674442e-05,1.8253351299790666e-05,-3885.856206518567,0.020373575478656814,0.48431358350425724,-0.3500000099962347,-0.35000000998649056,-0.35000000998649794,-0.35,0.0,False,False,73576.0,5332.090636822434,18.070716932318835,2.204057898263145e-05,313.3199505461326,1.1686194740754903,1.197072184874164,1.315775439579345,1.3899363884744338,0.2764832856885641,0.5,0.005223174260304792,0.002174959482399838,0.0036267500384379574,-0.007336838052661127,0.03820168258892452,-0.00913228959287995,-4049.2724666509357,True
19,stress,10074,residual_corrected_nmpc,48.5,0.14063455887743823,0.030225780779408188,1.7260334819178726,0.13921013610620375,0.03269781050555922,1.723126893479739,0.23999217678326476,-0.0020595605468750125,0.022813218994140634,0.16999217678326475,0.30999217678326474,-0.08,0.08,-0.09935761790582653,0.032285341326283204,1.703220262923732,held,0.0,0.0,7.324997568503022e-05,False,1.0,True,False,1.8253351299790666e-05,4.66046421934152e-05,5.324920857674442e-05,1.8253351299790666e-05,-3879.3463802854462,0.020788314409624788,0.48603433894772885,-0.3500000099962347,-0.3500000099962347,-0.35000000999463876,-0.35,0.0,False,False,73421.9828491211,5317.776179662232,18.022204534274533,2.2582431430291935e-05,319.3013929777167,1.1686194740754903,1.197072184874164,1.315775439579345,1.3899363884744338,0.2764832856885641,0.5,0.005223174260304792,0.002174959482399838,0.0036267500384379574,-0.007336838052661127,0.03820168258892452,-0.00913228959287995,-4049.2724666509357,True
19,stress,10074,residual_corrected_nmpc,49.0,0.14027787485951648,0.030148206269505637,1.7411269776454992,0.13143214865610253,0.033942935244616765,1.7373622032053446,0.24144975994513035,-0.0020714624023437656,0.021780439453124988,0.17144975994513034,0.31144975994513036,-0.08,0.08,-0.10117188508561387,0.0322196686718494,1.7193465381923743,held,0.0,0.0,5.370797589421272e-05,False,1.0,True,False,1.8253351299790666e-05,4.66046421934152e-05,5.324920857674442e-05,1.8253351299790666e-05,-3872.541238109504,0.021213563167578338,0.4878384306542634,-0.3500000099962347,-0.3500000099962347,-0.35000000999597314,-0.35,0.0,False,False,73267.06591796875,5303.405584028344,17.973501880186948,2.314088809238113e-05,325.4315911176451,1.1686194740754903,1.197072184874164,1.315775439579345,1.3899363884744338,0.2764832856885641,0.5,0.005223174260304792,0.002174959482399838,0.0036267500384379574,-0.007336838052661127,0.03820168258892452,-0.00913228959287995,-4049.2724666509357,True
19,stress,10074,residual_corrected_nmpc,49.5,0.1399216479149779,0.030070768076113343,1.7561817201795085,0.14502765673201456,0.02718558132291104,1.7538433964425975,0.24289062500000003,-0.002083173828124986,0.02074175659179687,0.17289062500000002,0.31289062500000003,-0.08,0.08,-0.10296897708502212,0.03215394190423833,1.7354399635877116,held,0.0,0.0,4.9540947657078505e-05,False,1.0,True,False,1.8253351299790666e-05,4.66046421934152e-05,5.324920857674442e-05,1.8253351299790666e-05,-3865.4410022302277,0.02164791193797031,0.4897150181989939,-0.3500000099962347,-0.3500000099962347,-0.35000000999619185,-0.35,0.0,False,False,73111.26348876953,5288.980174482759,17.92461345906169,2.37164666183562e-05,331.71405166050283,1.1686194740754903,1.197072184874164,1.315775439579345,1.3899363884744338,0.2764832856885641,0.5,0.005223174260304792,0.002174959482399838,0.0036267500384379574,-0.007336838052661127,0.03820168258892452,-0.00913228959287995,-4049.2724666509357,True
19,stress,10074,residual_corrected_nmpc,50.0,0.13956589639921527,0.029993472105403207,1.7711977791543414,0.1407374473344958,0.02931426135697753,1.773746883751593,0.2443141289437586,-0.002094694824218736,0.019697265625,0.17431412894375858,0.3143141289437586,-0.08,0.08,-0.10474823254454332,0.03208816692962194,1.7515005135293413,Solve_Succeeded,0.03799395798705518,0.0004229999613016844,0.0672074580215849,False,1.0,True,False,1.9579800209612586e-05,4.760577157867374e-05,5.353325468604453e-05,1.9579800209612586e-05,-3858.1013931458497,0.022083595914211836,0.4916039796605237,-0.350000009996956,-0.3500000099962347,-0.35000000999622766,-0.35,0.0,False,False,72954.58984375,5274.501269499071,17.875543739270487,2.4309700878643968e-05,338.1523592354206,1.1686194740754903,1.197072184874164,1.315775439579345,1.3899363884744338,0.2764832856885641,0.5,0.005223174260304792,0.002174959482399838,0.0036267500384379574,-0.007336838052661127,0.03820168258892452,-0.00913228959287995,-4049.2724666509357,True
19,stress,10074,residual_corrected_nmpc,50.5,0.1392106392834147,0.029916323149178303,1.7861752268789288,0.14019477560024407,0.03014577876120482,1.7841216747013469,0.2457196287722908,-0.002106025390624995,0.018647061767578132,0.1757196287722908,0.3157196287722908,-0.08,0.08,-0.1065089894888761,0.0320223485398033,1.7675281651113508,held,0.0,0.0,8.466700091958046e-05,False,1.0,True,False,1.9579800209612586e-05,4.760577157867374e-05,5.353325468604453e-05,1.9579800209612586e-05,-3850.514672587194,0.022520586894070042,0.49350519329425013,-0.350000009996956,-0.350000009996956,-0.3500000099968366,-0.35,0.0,False,False,72797.05926513672,5259.970181571663,17.82629716892124,2.492114142964344e-05,344.75017756572146,1.1686194740754903,1.197072184874164,1.315775439579345,1.3899363884744338,0.2764832856885641,0.5,0.005223174260304792,0.002174959482399838,0.0036267500384379574,-0.007336838052661127,0.03820168258892452,-0.00913228959287995,-4049.2724666509357,True
19,stress,10074,residual_corrected_nmpc,51.0,0.13885589586876113,0.029839326154060965,1.8011141380968037,0.1384881830625935,0.029306436591145547,1.8018341658202428,0.24710648148148148,-0.00211716552734377,0.017591240234375007,0.17710648148148148,0.31710648148148146,-0.08,0.08,-0.10825058561272036,0.031956491681404735,1.7835228978624287,held,0.0,0.0,5.545897874981165e-05,False,1.0,True,False,1.9579800209612586e-05,4.760577157867374e-05,5.353325468604453e-05,1.9579800209612586e-05,-3842.6728796188086,0.022958856520753093,0.495418536625849,-0.350000009996956,-0.350000009996956,-0.3500000099969364,-0.35,0.0,False,False,72638.68603515625,5245.388217321746,17.776878176217384,2.55513559895666e-05,351.51125062119394,1.1686194740754903,1.197072184874164,1.315775439579345,1.3899363884744338,0.2764832856885641,0.5,0.005223174260304792,0.002174959482399838,0.0036267500384379574,-0.007336838052661127,0.03820168258892452,-0.00913228959287995,-4049.2724666509357,True
19,stress,10074,residual_corrected_nmpc,51.5,0.1385016858264408,0.02976248622594376,1.816014590064623,0.1362737369691513,0.02932513986154921,1.8156633791932943,0.2484740440672154,-0.0021281152343750123,0.016529896240234362,0.1784740440672154,0.3184740440672154,-0.08,0.08,-0.10997235824077461,0.031890601460318774,1.7994846938243887,held,0.0,0.0,5.0458009354770184e-05,False,1.0,True,False,1.9579800209612586e-05,4.760577157867374e-05,5.353325468604453e-05,1.9579800209612586e-05,-3834.5678257050035,0.023398376263717192,0.4973438864335049,-0.350000009996956,-0.350000009996956,-0.3500000099969528,-0.35,0.0,False,False,72479.48443603516,5230.756677600381,17.72729116980702,2.6200929925203884e-05,358.43940376134793,1.1686194740754903,1.197072184874164,1.315775439579345,1.3899363884744338,0.2764832856885641,0.5,0.005223174260304792,0.002174959482399838,0.0036267500384379574,-0.007336838052661127,0.03820168258892452,-0.00913228959287995,-4049.2724666509357,True
19,stress,10074,residual_corrected_nmpc,52.0,0.13814802923560823,0.029685808634538957,1.8308766626329411,0.13582847111305504,0.029955667131104178,1.8343360200870666,0.24982167352537724,-0.0021388745117187358,0.015463124999999994,0.17982167352537723,0.31982167352537727,-0.08,0.08,-0.111673644289769,0.03182468314625769,1.8154135376329412,Solve_Succeeded,0.0351472080219537,0.0004659169935621321,0.06437187502160668,False,1.0,True,False,2.103292899846565e-05,4.847907093790127e-05,5.3638712415704504e-05,2.103292899846565e-05,-3826.1910897420053,0.023839117400474626,0.4992811187306089,-0.35000000999697173,-0.350000009996956,-0.35000000999695546,-0.35,0.0,False,False,72319.46875,5216.076857588573,17.677540539122155,2.687046674968991e-05,365.53854486792403,1.1686194740754903,1.197072184874164,1.315775439579345,1.3899363884744338,0.2764832856885641,0.5,0.005223174260304792,0.002174959482399838,0.0036267500384379574,-0.007336838052661127,0.03820168258892452,-0.00913228959287995,-4049.2724666509357,True
19,stress,10074,residual_corrected_nmpc,52.5,0.1377949466195763,0.02960929881802714,1.8457004383292819,0.13543305035157238,0.031283918830236415,1.840796007587423,0.25114872685185186,-0.002149443359375003,0.014391021728515627,0.18114872685185185,0.32114872685185186,-0.08,0.08,-0.11335378023227555,0.03175874217740214,1.8313094166007662,held,0.0,0.0,7.412501145154238e-05,False,1.0,True,False,2.103292899846565e-05,4.847907093790127e-05,5.3638712415704504e-05,2.103292899846565e-05,-3817.534013061621,0.024281050999287783,0.5012301087489158,-0.35000000999697173,-0.35000000999697173,-0.35000000999696906,-0.35,0.0,False,False,72158.65325927734,5201.350046894582,17.627630654708497,2.756058863133387e-05,372.812665464857,1.1686194740754903,1.197072184874164,1.315775439579345,1.3899363884744338,0.2764832856885641,0.5,0.005223174260304792,0.002174959482399838,0.0036267500384379574,-0.007336838052661127,0.03820168258892452,-0.00913228959287995,-4049.2724666509357,True
19,stress,10074,residual_corrected_nmpc,53.0,0.13744245898046165,0.02953296238780558,1.86048600244356,0.13427803841361977,0.028070917116189448,1.8595274595314295,0.252454561042524,-0.0021598217773437373,0.013313681640624991,0.182454561042524,0.322454561042524,-0.08,0.08,-0.11501210206206236,0.03169278416514931,1.8471723208029351,held,0.0,0.0,5.416700150817633e-05,False,1.0,True,False,2.103292899846565e-05,4.847907093790127e-05,5.3638712415704504e-05,2.103292899846565e-05,-3808.5876944121883,0.024724147902646418,0.5031907309221533,-0.35000000999697173,-0.35000000999697173,-0.3500000099969713,-0.35,0.0,False,False,71997.05224609375,5186.577529648537,17.577565868546092,2.827193691356635e-05,380.2658418238035,1.1686194740754903,1.197072184874164,1.315775439579345,1.3899363884744338,0.2764832856885641,0.5,0.005223174260304792,0.002174959482399838,0.0036267500384379574,-0.007336838052661127,0.03820168258892452,-0.00913228959287995,-4049.2724666509357,True
19,stress,10074,residual_corrected_nmpc,53.5,0.13709058783249353,0.029456805133336705,1.8752334431159021,0.1356763465491533,0.029839703798899764,1.8707691965121658,0.25373853309327843,-0.0021700097656250084,0.01223119995117189,0.18373853309327842,0.32373853309327844,-0.08,0.08,-0.1166479452607849,0.031626814898961714,1.8630022431647302,held,0.0,0.0,5.170796066522598e-05,False,1.0,True,False,2.103292899846565e-05,4.847907093790127e-05,5.3638712415704504e-05,2.103292899846565e-05,-3799.342984922894,0.025168378711435742,0.5051628588700733,-0.35000000999697173,-0.35000000999697173,-0.3500000099969717,-0.35,0.0,False,False,71834.67999267578,5171.76058459446,17.527350514361206,2.9005172646042e-05,387.90223605327714,1.1686194740754903,1.197072184874164,1.315775439579345,1.3899363884744338,0.2764832856885641,0.5,0.005223174260304792,0.002174959482399838,0.0036267500384379574,-0.007336838052661127,0.03820168258892452,-0.00913228959287995,-4049.2724666509357,True
19,stress,10074,residual_corrected_nmpc,54.0,0.1367393552341732,0.029380833027097097,1.8899428514269159,0.13530900218348058,0.030035250903680682,1.8897853645237515,0.255,-0.0021800073242187745,0.011143671874999983,0.185,0.325,-0.08,0.08,-0.11826064476582682,0.03156084035131587,1.8787991795519159,Solve_Succeeded,0.03479866700945422,0.0004104999825358391,0.06441916699986905,False,1.0,True,False,2.2745378373656422e-05,4.922954285575542e-05,5.3638712415704504e-05,2.2745378373656422e-05,-3789.79048305795,0.025613713769712984,0.507146365382941,-0.3500000099971808,-0.35000000999697173,-0.35000000999697173,-0.35,0.0,False,False,71671.55078125,5156.900485179787,17.47698890792972,2.9760977126922323e-05,395.7260971693363,1.1686194740754903,1.197072184874164,1.315775439579345,1.3899363884744338,0.2764832856885641,0.5,0.005223174260304792,0.002174959482399838,0.0036267500384379574,-0.007336838052661127,0.03820168258892452,-0.00913228959287995,-4049.2724666509357,True
19,stress,10074,residual_corrected_nmpc,54.5,0.13638878381945052,0.029305052229627083,1.9046143214904612,0.1324535727054318,0.02774875104379027,1.9078206603309007,0.2562383187585734,-0.0021898144531249802,0.010051192626953115,0.18623831875857338,0.3262383187585734,-0.08,0.08,-0.11984953493912287,0.03149486668275206,1.894563128863508,held,0.0,0.0,9.920896263793111e-05,False,1.0,True,False,2.2745378373656422e-05,4.922954285575542e-05,5.3638712415704504e-05,2.2745378373656422e-05,-3779.920529567488,0.026060123150018225,0.5091411224064528,-0.3500000099971808,-0.3500000099971808,-0.35000000999714653,-0.35,0.0,False,False,71507.67889404297,5141.998499642501,17.426485347372413,3.0540052456348275e-05,403.74176214569485,1.1686194740754903,1.197072184874164,1.315775439579345,1.3899363884744338,0.2764832856885641,0.5,0.005223174260304792,0.002174959482399838,0.0036267500384379574,-0.007336838052661127,0.03820168258892452,-0.00913228959287995,-4049.2724666509357,True
19,stress,10074,residual_corrected_nmpc,55.0,0.1360388968280687,0.02922946909468106,1.9192479505489688,0.13812930806747878,0.028680115210947526,1.9175936500419124,0.2574528463648834,-0.0021994311523437365,0.008953857421875003,0.1874528463648834,0.3274528463648834,-0.08,0.08,-0.12141394953681472,0.0314289002470248,1.9102940931270938,held,0.0,0.0,6.358395330607891e-05,False,1.0,True,False,2.2745378373656422e-05,4.922954285575542e-05,5.3638712415704504e-05,2.2745378373656422e-05,-3769.7232024424557,0.02650757663915297,0.5111470010270767,-0.3500000099971808,-0.3500000099971808,-0.3500000099971752,-0.35,0.0,False,False,71343.07861328125,5127.055891095932,17.375844113442373,3.13431221010955e-05,411.9536569410329,1.1686194740754903,1.197072184874164,1.315775439579345,1.3899363884744338,0.2764832856885641,0.5,0.005223174260304792,0.002174959482399838,0.0036267500384379574,-0.007336838052661127,0.03820168258892452,-0.00913228959287995,-4049.2724666509357,True
19,stress,10074,residual_corrected_nmpc,55.5,0.13568971813521052,0.029154090174478408,1.9338438390713613,0.12550649855587565,0.02669704149935012,1.9280476307925802,0.25864293981481484,-0.002208857421874988,0.007851761474609378,0.18864293981481484,0.32864293981481485,-0.08,0.08,-0.12295322167960432,0.0313629475963534,1.9259920775967518,held,0.0,0.0,6.00829953327775e-05,False,1.0,True,False,2.2745378373656422e-05,4.922954285575542e-05,5.3638712415704504e-05,2.2745378373656422e-05,-3759.1883118811966,0.026956043724367294,0.5131638714578081,-0.3500000099971808,-0.3500000099971808,-0.35000000999717984,-0.35,0.0,False,False,71177.7642211914,5112.073917611333,17.325069469804838,3.2170931470388396e-05,420.36629750120767,1.1686194740754903,1.197072184874164,1.315775439579345,1.3899363884744338,0.2764832856885641,0.5,0.005223174260304792,0.002174959482399838,0.0036267500384379574,-0.007336838052661127,0.03820168258892452,-0.00913228959287995,-4049.2724666509357,True
19,stress,10074,residual_corrected_nmpc,56.0,0.13534127228056736,0.029078922225054746,1.9484020908536228,0.14139713226843506,0.030122167868964864,1.9494662893077994,0.2598079561042524,-0.002218093261718762,0.006745000000000015,0.18980795610425238,0.3298079561042524,-0.08,0.08,-0.12446668382368503,0.03129701548677351,1.9416570908536228,Solve_Succeeded,0.03379070799564943,0.000447375001385808,0.06330204103142023,False,1.0,True,False,2.5107468900387175e-05,4.989565877622226e-05,5.3638712415704504e-05,2.5107468900387175e-05,-3748.305395275876,0.027405493579901928,0.5151916030243355,-0.3500000099974799,-0.3500000099971808,-0.3500000099971806,-0.35,0.0,False,False,71011.75,5097.053832298304,17.27416566330976,3.3024248502829114e-05,428.9842907339578,1.1686194740754903,1.197072184874164,1.315775439579345,1.3899363884744338,0.2764832856885641,0.5,0.005223174260304792,0.002174959482399838,0.0036267500384379574,-0.007336838052661127,0.03820168258892452,-0.00913228959287995,-4049.2724666509357,True
19,stress,10074,residual_corrected_nmpc,56.5,0.13499358449693757,0.02900397221171311,1.9629228131220717,0.12678455061151644,0.028664964890571066,1.9646369222105184,0.260947252229081,-0.0022271386718750175,0.005633668212890616,0.190947252229081,0.330947252229081,-0.08,0.08,-0.12595366773214342,0.03123111088358813,1.9572891449091812,held,0.0,0.0,6.854196544736624e-05,False,1.0,True,False,2.5107468900387175e-05,4.989565877622226e-05,5.3638712415704504e-05,2.5107468900387175e-05,-3737.0637122273333,0.02785589505383842,0.5172300641516114,-0.3500000099974799,-0.3500000099974799,-0.3500000099974308,-0.35,0.0,False,False,70845.0502319336,5081.996883383135,17.223136924257314,3.3903864264379116e-05,437.812335453621,1.1686194740754903,1.197072184874164,1.315775439579345,1.3899363884744338,0.2764832856885641,0.5,0.005223174260304792,0.002174959482399838,0.0036267500384379574,-0.007336838052661127,0.03820168258892452,-0.00913228959287995,-4049.2724666509357,True
19,stress,10074,residual_corrected_nmpc,57.0,0.1346466807384512,0.02892924731457449,1.977406116639381,0.12075408239504269,0.027257628259120835,1.976937631699598,0.2620601851851852,-0.00223599365234374,0.004517861328124997,0.1920601851851852,0.3320601851851852,-0.08,0.08,-0.127413504446734,0.03116524096691823,1.9728882553112561,held,0.0,0.0,5.3333002142608166e-05,False,1.0,True,False,2.5107468900387175e-05,4.989565877622226e-05,5.3638712415704504e-05,2.5107468900387175e-05,-3725.452239597448,0.028307216655213983,0.5192791223508177,-0.3500000099974799,-0.3500000099974799,-0.35000000999747183,-0.35,0.0,False,False,70677.67919921875,5066.904314285146,17.171987466656617,3.481059355730838e-05,446.85522329327847,1.1686194740754903,1.197072184874164,1.315775439579345,1.3899363884744338,0.2764832856885641,0.5,0.005223174260304792,0.002174959482399838,0.0036267500384379574,-0.007336838052661127,0.03820168258892452,-0.00913228959287995,-4049.2724666509357,True
19,stress,10074,residual_corrected_nmpc,57.5,0.13430058770850653,0.028854754934226887,1.9918521158134008,0.12887120229480706,0.0299758391083113,1.9869045435923083,0.26314611196844995,-0.0022446582031249857,0.003397674560546876,0.19314611196844994,0.33314611196844995,-0.08,0.08,-0.12884552425994342,0.031099413137351872,1.988454441252854,held,0.0,0.0,4.995899507775903e-05,False,1.0,True,False,2.5107468900387175e-05,4.989565877622226e-05,5.3638712415704504e-05,2.5107468900387175e-05,-3713.4596666085777,0.02875942654136389,0.5213386442067272,-0.3500000099974799,-0.3500000099974799,-0.35000000999747855,-0.35,0.0,False,False,70509.65118408203,5051.777363691093,17.120721488477898,3.5745275540006675e-05,456.1178395816689,1.1686194740754903,1.197072184874164,1.315775439579345,1.3899363884744338,0.2764832856885641,0.5,0.005223174260304792,0.002174959482399838,0.0036267500384379574,-0.007336838052661127,0.03820168258892452,-0.00913228959287995,-4049.2724666509357,True
19,stress,10074,residual_corrected_nmpc,58.0,0.13395533288749462,0.028780502697472024,2.006260928808829,0.14163992795758304,0.02738409612454644,2.0041124097268854,0.26420438957475995,-0.00225313232421874,0.0022732031250000118,0.19420438957475994,0.33420438957475995,-0.08,0.08,-0.13024905668726533,0.031033635021690764,2.003987725683829,Solve_Succeeded,0.03325224999571219,0.00041108299046754837,0.06210070801898837,False,1.0,True,False,2.6183573936577886e-05,5.0290907165617685e-05,5.3638712415704504e-05,2.6183573936577886e-05,-3701.0743900001557,0.029212492505456863,0.5234084953654483,-0.35000000999444947,-0.3500000099974799,-0.35000000999747966,-0.35,0.0,False,False,70340.98046875,5036.617265627709,17.06934317189833,3.670877435752439e-05,465.60516418208215,1.1686194740754903,1.197072184874164,1.315775439579345,1.3899363884744338,0.2764832856885641,0.5,0.005223174260304792,0.002174959482399838,0.0036267500384379574,-0.007336838052661127,0.03820168258892452,-0.00913228959287995,-4049.2724666509357,True
19,stress,10074,residual_corrected_nmpc,58.5,0.13361094456038042,0.028706498463168445,2.020632677661779,0.126576072295967,0.02820394169563769,2.020798727516528,0.265234375,-0.0022614160156250174,0.001144542236328136,0.19523437500000002,0.33523437500000003,-0.08,0.08,-0.1316234304396196,0.030967914478793462,2.019488135425451,held,0.0,0.0,6.387499161064625e-05,False,1.0,True,False,2.6183573936577886e-05,5.0290907165617685e-05,5.3638712415704504e-05,2.6183573936577886e-05,-3688.284509253037,0.02966638196419407,0.5254885405225552,-0.35000000999444947,-0.35000000999444947,-0.3500000099949461,-0.35,0.0,False,False,70171.68133544922,5021.425249532426,17.01785668354173,3.770197978268819e-05,475.32227229039177,1.1686194740754903,1.197072184874164,1.315775439579345,1.3899363884744338,0.2764832856885641,0.5,0.005223174260304792,0.002174959482399838,0.0036267500384379574,-0.007336838052661127,0.03820168258892452,-0.00913228959287995,-4049.2724666509357,True
19,stress,10074,residual_corrected_nmpc,59.0,0.13326745184420027,0.028632750328169698,2.034967488397294,0.13832079512196757,0.026516865080740908,2.034424345754982,0.26623542524005483,-0.002269509277343776,1.1787109374994387e-05,0.19623542524005483,0.33623542524005484,-0.08,0.08,-0.13296797339585456,0.030902259605513474,2.0349557012879194,held,0.0,0.0,5.3499999921768904e-05,False,1.0,True,False,2.6183573936577886e-05,5.0290907165617685e-05,5.3638712415704504e-05,2.6183573936577886e-05,-3675.0778218927376,0.030121061945644317,0.5275786434115908,-0.35000000999444947,-0.35000000999444947,-0.3500000099945309,-0.35,0.0,False,False,70001.76806640625,5006.2025403223815,16.966266174712413,3.872580786760799e-05,485.27433518926165,1.1686194740754903,1.197072184874164,1.315775439579345,1.3899363884744338,0.2764832856885641,0.5,0.005223174260304792,0.002174959482399838,0.0036267500384379574,-0.007336838052661127,0.03820168258892452,-0.00913228959287995,-4049.2724666509357,True
19,stress,10074,residual_corrected_nmpc,59.5,0.13292488471552938,0.028559266633355954,2.049265491149853,0.13913516381183566,0.026468724119756055,2.0499740015785055,0.2672068972908094,-0.0022774121093750016,-0.0011249670410156398,0.19720689729080937,0.3372068972908094,-0.08,0.08,-0.13428201257528,0.030836678742730956,2.0503904581908685,held,0.0,0.0,5.1125010941177607e-05,False,1.0,True,False,2.6183573936577886e-05,5.0290907165617685e-05,5.3638712415704504e-05,2.6183573936577886e-05,-3661.4418188832688,0.030576499077192572,0.5296786667929451,-0.35000000999444947,-0.35000000999444947,-0.3500000099944628,-0.35,0.0,False,False,69831.25494384766,4990.950358461709,16.914575781623235,3.978120160536306e-05,495.46662095546446,1.1686194740754903,1.197072184874164,1.315775439579345,1.3899363884744338,0.2764832856885641,0.5,0.005223174260304792,0.002174959482399838,0.0036267500384379574,-0.007336838052661127,0.03820168258892452,-0.00913228959287995,-4049.2724666509357,True
19,stress,10074,residual_corrected_nmpc,60.0,0.13258327403796594,0.028486055969757246,2.063526820286914,0.13092914064675812,0.02896588761979033,2.0682385275562596,0.26814814814814814,-0.0022851245117187363,-0.002265625000000007,0.19814814814814813,0.33814814814814814,-0.08,0.08,-0.1355648741101822,0.030771180481475983,2.065792445286914,Solve_Succeeded,0.03496270801406354,0.0004866250092163682,0.06507891596993431,False,1.0,True,False,2.7252917789155617e-05,5.055415967945009e-05,5.3638712415704504e-05,2.7252917789155617e-05,-3647.363680123818,0.031032659573580097,0.5317884724430973,-0.3500000099978268,-0.35000000999444947,-0.35000000999445163,-0.35,0.0,False,False,69660.15625,4975.6699200272205,16.86278962561822,4.086913160162761e-05,505.90449511718543,1.1686194740754903,1.197072184874164,1.315775439579345,1.3899363884744338,0.2764832856885641,0.5,0.005223174260304792,0.002174959482399838,0.0036267500384379574,-0.007336838052661127,0.03820168258892452,-0.00913228959287995,-4049.2724666509357,True
19,stress,10074,residual_corrected_nmpc,60.5,0.13224265158967344,0.028413127184766226,2.077751614535545,0.12139749240655734,0.02578583864707803,2.0814377792393843,0.2690585348079561,-0.00229264648437498,-0.003410091552734376,0.1990585348079561,0.3390585348079561,-0.08,0.08,-0.13681588321828267,0.030705773669141206,2.081161706088279,held,0.0,0.0,9.20419697649777e-05,False,1.0,True,False,2.7252917789155617e-05,5.055415967945009e-05,5.3638712415704504e-05,2.7252917789155617e-05,-3632.830270061142,0.03148950922501901,0.533907921144225,-0.3500000099978268,-0.3500000099978268,-0.3500000099972736,-0.35,0.0,False,False,69488.48626708984,4960.362436772506,16.81091181338977,4.1990596755959985e-05,516.5934212580282,1.1686194740754903,1.197072184874164,1.315775439579345,1.3899363884744338,0.2764832856885641,0.5,0.005223174260304792,0.002174959482399838,0.0036267500384379574,-0.007336838052661127,0.03820168258892452,-0.00913228959287995,-4049.2724666509357,True
19,stress,10074,residual_corrected_nmpc,61.0,0.13190305009101652,0.028340489388438125,2.0919400171121794,0.13193415049532933,0.030404824940565525,2.0902764185950633,0.26993741426611795,-0.0022999780273437603,-0.004558271484374987,0.19993741426611794,0.33993741426611795,-0.08,0.08,-0.13803436417510143,0.030640467415781886,2.096498288596554,held,0.0,0.0,6.220798240974545e-05,False,1.0,True,False,2.7252917789155617e-05,5.055415967945009e-05,5.3638712415704504e-05,2.7252917789155617e-05,-3617.8281334311114,0.031947013385363786,0.5360368726741661,-0.3500000099978268,-0.3500000099978268,-0.3500000099977361,-0.35,0.0,False,False,69316.25927734375,4945.029116190508,16.758946437190744,4.314662495245186e-05,527.5389615644184,1.1686194740754903,1.197072184874164,1.315775439579345,1.3899363884744338,0.2764832856885641,0.5,0.005223174260304792,0.002174959482399838,0.0036267500384379574,-0.007336838052661127,0.03820168258892452,-0.00913228959287995,-4049.2724666509357,True
19,stress,10074,residual_corrected_nmpc,61.5,0.13156450323232152,0.02826815195987528,2.106092175855546,0.12939743162447093,0.026871186106545958,2.109348463555413,0.27078414351851854,-0.002307119140625022,-0.0057100695800781365,0.20078414351851853,0.34078414351851855,-0.08,0.08,-0.13921964028619702,0.030575271100500304,2.1118022454356242,held,0.0,0.0,6.0416990891098976e-05,False,1.0,True,False,2.7252917789155617e-05,5.055415967945009e-05,5.3638712415704504e-05,2.7252917789155617e-05,-3602.3434911434656,0.032405136960327874,0.5381751857967413,-0.3500000099978268,-0.3500000099978268,-0.35000000999781194,-0.35,0.0,False,False,69143.48956298828,4929.67116157462,16.706897575041523,4.433827375939313e-05,538.7467773129237,1.1686194740754903,1.197072184874164,1.315775439579345,1.3899363884744338,0.2764832856885641,0.5,0.005223174260304792,0.002174959482399838,0.0036267500384379574,-0.007336838052661127,0.03820168258892452,-0.00913228959287995,-4049.2724666509357,True
19,stress,10074,residual_corrected_nmpc,62.0,0.13122704570178803,0.02819612455369335,2.120208243362808,0.131915958389983,0.028463920983092042,2.12357490748556,0.27159807956104254,-0.002314069824218737,-0.006865390625000009,0.20159807956104253,0.34159807956104254,-0.08,0.08,-0.1403710338592545,0.030510194377912088,2.127073633987808,Solve_Succeeded,0.03363354201428592,0.0004987089778296649,0.06342937500448897,False,1.0,True,False,2.8925889637321234e-05,5.0760755766532387e-05,5.3638712415704504e-05,2.8925889637321234e-05,-3586.3622363244713,0.03286384439573114,0.5403227182524204,-0.3500000099980439,-0.3500000099978268,-0.3500000099978244,-0.35,0.0,False,False,68970.19140625,4914.289772078365,16.654769290932272,4.556663113757607e-05,550.2226292939831,1.1686194740754903,1.197072184874164,1.315775439579345,1.3899363884744338,0.2764832856885641,0.5,0.005223174260304792,0.002174959482399838,0.0036267500384379574,-0.007336838052661127,0.03820168258892452,-0.00913228959287995,-4049.2724666509357,True
19,stress,10074,residual_corrected_nmpc,62.5,0.13089071321357362,0.028124417106566012,2.134288377128958,0.137051837413644,0.027809592807524656,2.128599416127648,0.27237857938957477,-0.0023208300781249885,-0.008024139404296873,0.20237857938957476,0.3423785793895748,-0.08,0.08,-0.14148786617600115,0.030445247184691,2.142312516533255,held,0.0,0.0,0.00011208397336304188,False,1.0,True,False,2.8925889637321234e-05,5.0760755766532387e-05,5.3638712415704504e-05,2.8925889637321234e-05,-3569.8699305327905,0.033323099665770343,0.5424793267493396,-0.3500000099980439,-0.3500000099980439,-0.35000000999800795,-0.35,0.0,False,False,68796.37908935547,4898.886142773685,16.602565635020465,4.6832816156819484e-05,561.9723781683841,1.1686194740754903,1.197072184874164,1.315775439579345,1.3899363884744338,0.2764832856885641,0.5,0.005223174260304792,0.002174959482399838,0.0036267500384379574,-0.007336838052661127,0.03820168258892452,-0.00913228959287995,-4049.2724666509357,True
19,stress,10074,residual_corrected_nmpc,63.0,0.13055554253607002,0.02805303984384466,2.148332739689503,0.12681051828926804,0.03127110819299775,2.1515438819002393,0.27312500000000006,-0.002327399902343749,-0.009186220703124998,0.20312500000000006,0.34312500000000007,-0.08,0.08,-0.14256945746393004,0.03038043974618841,2.1575189603926277,held,0.0,0.0,6.062502507120371e-05,False,1.0,True,False,2.8925889637321234e-05,5.0760755766532387e-05,5.3638712415704504e-05,2.8925889637321234e-05,-3552.8518001645243,0.0337828662613029,0.54464486695466,-0.3500000099980439,-0.3500000099980439,-0.35000000999803804,-0.35,0.0,False,False,68622.06689453125,4883.461464707889,16.550290643823907,4.813797972025686e-05,574.0019847527755,1.1686194740754903,1.197072184874164,1.315775439579345,1.3899363884744338,0.2764832856885641,0.5,0.005223174260304792,0.002174959482399838,0.0036267500384379574,-0.007336838052661127,0.03820168258892452,-0.00913228959287995,-4049.2724666509357,True
19,stress,10074,residual_corrected_nmpc,63.5,0.13022157152038538,0.0279820032862493,2.1623414987664753,0.13927256131396226,0.03153901444059629,2.1582771868541393,0.273836698388203,-0.0023337792968750326,-0.010351539306640622,0.203836698388203,0.343836698388203,-0.08,0.08,-0.14361512686781763,0.030315782583124333,2.172693038073116,held,0.0,0.0,5.662499461323023e-05,False,1.0,True,False,2.8925889637321234e-05,5.0760755766532387e-05,5.3638712415704504e-05,2.8925889637321234e-05,-3535.292733064074,0.03424310717813693,0.5468191934862616,-0.3500000099980439,-0.3500000099980439,-0.350000009998043,-0.35,0.0,False,False,68447.2691040039,4868.0169249593155,16.497948340409362,4.948330529588529e-05,586.317510230365,1.1686194740754903,1.197072184874164,1.315775439579345,1.3899363884744338,0.2764832856885641,0.5,0.005223174260304792,0.002174959482399838,0.0036267500384379574,-0.007336838052661127,0.03820168258892452,-0.00913228959287995,-4049.2724666509357,True
19,stress,10074,residual_corrected_nmpc,64.0,0.12988883912904392,0.02791131825662646,2.17631482741781,0.12868820808271692,0.025452209984090774,2.1768475453325586,0.2745130315500686,-0.0023399682617187556,-0.01152000000000003,0.2045130315500686,0.3445130315500686,-0.08,0.08,-0.1446241924210247,0.030251286518345216,2.18783482741781,Solve_Succeeded,0.032341749989427626,0.0004794169799424708,0.06326616602018476,False,1.0,True,False,2.961934296763502e-05,5.076938687125221e-05,5.3638712415704504e-05,2.961934296763502e-05,-3517.1772753580562,0.0347037849053236,0.5490021599047784,-0.350000009995593,-0.3500000099980439,-0.35000000999804376,-0.35,0.0,False,False,68272.0,4852.553706691728,16.445542734576904,5.087000965483325e-05,598.925116282912,1.1686194740754903,1.197072184874164,1.315775439579345,1.3899363884744338,0.2764832856885641,0.5,0.005223174260304792,0.002174959482399838,0.0036267500384379574,-0.007336838052661127,0.03820168258892452,-0.00913228959287995,-4049.2724666509357,True
19,stress,10074,residual_corrected_nmpc,64.5,0.12955738546491088,0.027840995886769644,2.1902529041901126,0.12364229560301404,0.028022395253190797,2.1924138140241203,0.27515335648148154,-0.0023459667968749737,-0.012691507568359378,0.20515335648148153,0.34515335648148154,-0.08,0.08,-0.14559597101657065,0.030186962683644618,2.202944411758472,held,0.0,0.0,8.362496737390757e-05,False,1.0,True,False,2.961934296763502e-05,5.076938687125221e-05,5.3638712415704504e-05,2.961934296763502e-05,-3498.4896285302902,0.03516486141344579,0.5511936187059596,-0.350000009995593,-0.350000009995593,-0.35000000999599473,-0.35,0.0,False,False,68096.2738647461,4837.072989207493,16.39307782304016,5.2299343615751834e-05,611.8310651399629,1.1686194740754903,1.197072184874164,1.315775439579345,1.3899363884744338,0.2764832856885641,0.5,0.005223174260304792,0.002174959482399838,0.0036267500384379574,-0.007336838052661127,0.03820168258892452,-0.00913228959287995,-4049.2724666509357,True
19,stress,10074,residual_corrected_nmpc,65.0,0.12922725180034797,0.02777104762429746,2.204155913274854,0.12934565874498205,0.028158621352233883,2.2046215771119733,0.2757570301783265,-0.0023517749023437423,-0.013865966796875004,0.20575703017832647,0.3457570301783265,-0.08,0.08,-0.1465297783779785,0.030122822526641203,2.218021880071729,held,0.0,0.0,5.5333017371594906e-05,False,1.0,True,False,2.961934296763502e-05,5.076938687125221e-05,5.3638712415704504e-05,2.961934296763502e-05,-3479.2136467564383,0.035626298142901865,0.5533934213133627,-0.350000009995593,-0.350000009995593,-0.35000000999565883,-0.35,0.0,False,False,67920.10498046875,4821.575947999591,16.340557589602536,5.377259279469142e-05,625.041719541255,1.1686194740754903,1.197072184874164,1.315775439579345,1.3899363884744338,0.2764832856885641,0.5,0.005223174260304792,0.002174959482399838,0.0036267500384379574,-0.007336838052661127,0.03820168258892452,-0.00913228959287995,-4049.2724666509357,True
19,stress,10074,residual_corrected_nmpc,65.5,0.1288984806066009,0.02770148523958421,2.218024044668017,0.12565516646221683,0.02735721654591338,2.21364237782784,0.2763234096364884,-0.0023573925781249783,-0.01504328247070312,0.20632340963648838,0.3463234096364884,-0.08,0.08,-0.1474249290298875,0.03005887781770919,2.2330673271387202,held,0.0,0.0,5.3541967645287514e-05,False,1.0,True,False,2.961934296763502e-05,5.076938687125221e-05,5.3638712415704504e-05,2.961934296763502e-05,-3459.332834517655,0.036088055992182275,0.5556014180713704,-0.350000009995593,-0.350000009995593,-0.35000000999560377,-0.35,0.0,False,False,67743.50762939453,4806.063754802459,16.287986005329568,5.529107835977078e-05,638.5635426080693,1.1686194740754903,1.197072184874164,1.315775439579345,1.3899363884744338,0.2764832856885641,0.5,0.005223174260304792,0.002174959482399838,0.0036267500384379574,-0.007336838052661127,0.03820168258892452,-0.00913228959287995,-4049.2724666509357,True
19,stress,10074,residual_corrected_nmpc,66.0,0.1285711155834189,0.027632320832737298,2.2318574943332194,0.12854105608031344,0.025536081446868208,2.232232084756283,0.2768518518518519,-0.0023628198242187787,-0.016223359374999982,0.2068518518518519,0.3468518518518519,-0.08,0.08,-0.148280736268433,0.029995140656956076,2.2480808537082195,Solve_Succeeded,0.0323190419585444,0.000464749988168478,0.06231329101137817,False,1.0,True,False,3.1299936381401494e-05,5.079568545625079e-05,5.3638712415704504e-05,3.1299936381401494e-05,-3438.8303445132337,0.03655009530613851,0.55781745823853,-0.35000000999588776,-0.350000009995593,-0.3500000099955948,-0.35,0.0,False,False,67566.49609375,4790.537577641742,16.23536702871751,5.685615778989454e-05,652.4030976192614,1.1686194740754903,1.197072184874164,1.315775439579345,1.3899363884744338,0.2764832856885641,0.5,0.005223174260304792,0.002174959482399838,0.0036267500384379574,-0.007336838052661127,0.03820168258892452,-0.00913228959287995,-4049.2724666509357,True
19,stress,10074,residual_corrected_nmpc,66.5,0.12824520168890235,0.027563566840615467,2.245656464368337,0.1369472287951165,0.027209083821777114,2.2433231180198607,0.2773417138203018,-0.0023680566406250325,-0.0174061022949219,0.2073417138203018,0.3473417138203018,-0.08,0.08,-0.14909651213139946,0.0299316234812405,2.263062566663259,held,0.0,0.0,8.141598664224148e-05,False,1.0,True,False,3.1299936381401494e-05,5.079568545625079e-05,5.3638712415704504e-05,3.1299936381401494e-05,-3417.6889758929415,0.03701237586424539,0.5600413899812113,-0.35000000999588776,-0.35000000999588776,-0.35000000999583974,-0.35,0.0,False,False,67389.08465576172,4774.998580882961,16.182704605858262,5.8469225636720054e-05,666.5670476876087,1.1686194740754903,1.197072184874164,1.315775439579345,1.3899363884744338,0.2764832856885641,0.5,0.005223174260304792,0.002174959482399838,0.0036267500384379574,-0.007336838052661127,0.03820168258892452,-0.00913228959287995,-4049.2724666509357,True
19,stress,10074,residual_corrected_nmpc,67.0,0.1279207851695726,0.027495236043881408,2.2594211631756442,0.13203592024377148,0.025813285914293126,2.262775817513419,0.27779235253772294,-0.002373103027343726,-0.018591416015625015,0.20779235253772294,0.34779235253772295,-0.08,0.08,-0.14987156736815035,0.029868339071225134,2.278012579191269,held,0.0,0.0,6.0999998822808266e-05,False,1.0,True,False,3.1299936381401494e-05,5.079568545625079e-05,5.3638712415704504e-05,3.1299936381401494e-05,-3395.8911728304447,0.03747485686885824,0.562273060367581,-0.35000000999588776,-0.35000000999588776,-0.3500000099958799,-0.35,0.0,False,False,67211.28759765625,4759.44792527913,16.13000267060079,6.013171428901493e-05,681.0621553320034,1.1686194740754903,1.197072184874164,1.315775439579345,1.3899363884744338,0.2764832856885641,0.5,0.005223174260304792,0.002174959482399838,0.0036267500384379574,-0.007336838052661127,0.03820168258892452,-0.00913228959287995,-4049.2724666509357,True
19,stress,10074,residual_corrected_nmpc,67.5,0.12759791359065562,0.027427341574081898,2.2731518056354876,0.12687538919638827,0.02965234373267015,2.2729206010954615,0.278203125,-0.00237795898437497,-0.019779205322265625,0.208203125,0.348203125,-0.08,0.08,-0.15060521140934438,0.029805300558456867,2.292931010957753,held,0.0,0.0,8.479203097522259e-05,False,1.0,True,False,3.1299936381401494e-05,5.079568545625079e-05,5.3638712415704504e-05,3.1299936381401494e-05,-3373.419023459892,0.037937496933467645,0.5645123153618897,-0.35000000999588776,-0.35000000999588776,-0.3500000099958865,-0.35,0.0,False,False,67033.11920166016,4743.886768017366,16.077265144709028,6.184509473848874e-05,695.8952819409699,1.1686194740754903,1.197072184874164,1.315775439579345,1.3899363884744338,0.2764832856885641,0.5,0.005223174260304792,0.002174959482399838,0.0036267500384379574,-0.007336838052661127,0.03820168258892452,-0.00913228959287995,-4049.2724666509357,True
19,stress,10074,residual_corrected_nmpc,68.0,0.1272766358665685,0.027359896920748143,2.2868486132835035,0.1293896174199045,0.0253356817768904,2.283931739511405,0.27857338820301786,-0.002382624511718723,-0.020969374999999985,0.20857338820301785,0.34857338820301786,-0.08,0.08,-0.15129675233644935,0.029742521432466865,2.3078179882835035,Solve_Succeeded,0.0341567910509184,0.0003779580001719296,0.06430829101009294,False,1.0,True,False,3.298041337984614e-05,5.076105662737973e-05,5.3638712415704504e-05,3.298041337984614e-05,-3350.2542591983874,0.03840025407095563,0.5667589998190704,-0.3500000099986341,-0.35000000999588776,-0.35000000999588754,-0.35,0.0,False,False,66854.59375,4728.316262764509,16.02449593801654,6.361087734612181e-05,711.0733871229214,1.1686194740754903,1.197072184874164,1.315775439579345,1.3899363884744338,0.2764832856885641,0.5,0.005223174260304792,0.002174959482399838,0.0036267500384379574,-0.007336838052661127,0.03820168258892452,-0.00913228959287995,-4049.2724666509357,True
19,stress,10074,residual_corrected_nmpc,68.5,0.12695700229159507,0.027292915938508588,2.300511814491392,0.1337830638338137,0.02905686689499039,2.2995399883546614,0.2789024991426612,-0.00238709960937504,-0.022161829833984348,0.20890249914266118,0.3489024991426612,-0.08,0.08,-0.15194549685106612,0.029680015547883628,2.322673644325376,held,0.0,0.0,6.845803000032902e-05,False,1.0,True,False,3.298041337984614e-05,5.076105662737973e-05,5.3638712415704504e-05,3.298041337984614e-05,-3326.3782544778305,0.03886308568185794,0.5690129574796432,-0.3500000099986341,-0.3500000099986341,-0.3500000099981839,-0.35,0.0,False,False,66675.72552490234,4712.737559711781,15.97169894857784,6.543061260794468e-05,726.603527938442,1.1686194740754903,1.197072184874164,1.315775439579345,1.3899363884744338,0.2764832856885641,0.5,0.005223174260304792,0.002174959482399838,0.0036267500384379574,-0.007336838052661127,0.03820168258892452,-0.00913228959287995,-4049.2724666509357,True
19,stress,10074,residual_corrected_nmpc,69.0,0.12663906457073507,0.02722641285420594,2.3141416446512455,0.12080637636232469,0.02926041867489656,2.310774250787383,0.27918981481481486,-0.0023913842773437832,-0.023356474609375025,0.20918981481481486,0.34918981481481487,-0.08,0.08,-0.1525507502440798,0.029617797131549724,2.3374981192606206,held,0.0,0.0,0.00014408398419618607,False,1.0,True,False,3.298041337984614e-05,5.076105662737973e-05,5.3638712415704504e-05,3.298041337984614e-05,-3301.772026910198,0.03932594854263776,0.5712740309649265,-0.3500000099986341,-0.3500000099986341,-0.35000000999856035,-0.35,0.0,False,False,66496.52880859375,4697.151805618527,15.918878062816649,6.730589191916097e-05,742.4928580098796,1.1686194740754903,1.197072184874164,1.315775439579345,1.3899363884744338,0.2764832856885641,0.5,0.005223174260304792,0.002174959482399838,0.0036267500384379574,-0.007336838052661127,0.03820168258892452,-0.00913228959287995,-4049.2724666509357,True
19,stress,10074,residual_corrected_nmpc,69.5,0.1263228758507089,0.027160402274009725,2.3277383463634367,0.11262017828661265,0.031653124397851555,2.3261861248082014,0.27943469221536354,-0.0023954785156249797,-0.02455321411132813,0.20943469221536354,0.34943469221536355,-0.08,0.08,-0.15311181636465465,0.029555880789634704,2.352291560474765,held,0.0,0.0,6.42499653622508e-05,False,1.0,True,False,3.298041337984614e-05,5.076105662737973e-05,5.3638712415704504e-05,3.298041337984614e-05,-3276.41623791106,0.039788798793977835,0.5735420617725491,-0.3500000099986341,-0.3500000099986341,-0.350000009998622,-0.35,0.0,False,False,66317.01788330078,4681.560143855039,15.866037155671014,6.923834833543271e-05,758.7486265034144,1.1686194740754903,1.197072184874164,1.315775439579345,1.3899363884744338,0.2764832856885641,0.5,0.005223174260304792,0.002174959482399838,0.0036267500384379574,-0.007336838052661127,0.03820168258892452,-0.00913228959287995,-4049.2724666509357,True
19,stress,10074,residual_corrected_nmpc,70.0,0.12600849075109694,0.027094899190515127,2.3413021696280585,0.12485932577576474,0.028311622788948658,2.342875265221092,0.27963648834019206,-0.0023993823242187406,-0.025751953125000004,0.20963648834019205,0.34963648834019206,-0.08,0.08,-0.15362799758909512,0.029494281514733867,2.3670541227530584,Solve_Succeeded,0.034935624978970736,0.0005053339991718531,0.06578666699351743,False,1.0,True,False,3.4784694435074925e-05,5.069833496236242e-05,5.357668123906478e-05,3.4784694435074925e-05,-3250.29119380672,0.04025159192909809,0.5758168902722643,-0.3500000099958433,-0.3500000099986341,-0.3500000099986321,-0.35,0.0,False,False,66137.20703125,4665.963714444511,15.813180090735505,7.122965733007989e-05,775.3781769787632,1.1686194740754903,1.197072184874164,1.315775439579345,1.3899363884744338,0.2764832856885641,0.5,0.005223174260304792,0.002174959482399838,0.0036267500384379574,-0.007336838052661127,0.03820168258892452,-0.00913228959287995,-4049.2724666509357,True
19,stress,10074,residual_corrected_nmpc,70.5,0.12569596539559097,0.027029918989818432,2.354833372039908,0.11896792129581503,0.024313446249198567,2.35728608823386,0.2797945601851852,-0.0024030957031249828,-0.02695259643554687,0.20979456018518522,0.34979456018518523,-0.08,0.08,-0.15409859478959426,0.029433014692943415,2.3817859684754548,held,0.0,0.0,8.295901352539659e-05,False,1.0,True,False,3.4784694435074925e-05,5.069833496236242e-05,5.357668123906478e-05,3.4784694435074925e-05,-3223.3768474510603,0.04071428278210708,0.5780983557020595,-0.3500000099958433,-0.3500000099958433,-0.35000000999630043,-0.35,0.0,False,False,65957.11053466797,4650.3636541041415,15.760310720400511,7.3281537545868e-05,792.3889461015701,1.1686194740754903,1.197072184874164,1.315775439579345,1.3899363884744338,0.2764832856885641,0.5,0.005223174260304792,0.002174959482399838,0.0036267500384379574,-0.007336838052661127,0.03820168258892452,-0.00913228959287995,-4049.2724666509357,True
19,stress,10074,residual_corrected_nmpc,71.0,0.12538535744333232,0.026965477458558807,2.3683322189869993,0.12673696748375196,0.02285608218956526,2.3675585189857182,0.27990826474622776,-0.0024066186523437755,-0.028155048828124987,0.20990826474622776,0.34990826474622777,-0.08,0.08,-0.15452290730289545,0.029372096110902583,2.3964872678151243,held,0.0,0.0,5.816703196614981e-05,False,1.0,True,False,3.4784694435074925e-05,5.069833496236242e-05,5.357668123906478e-05,3.4784694435074925e-05,-3195.6528003787284,0.04117682551639686,0.5803862961645628,-0.3500000099958433,-0.3500000099958433,-0.35000000999591824,-0.35,0.0,False,False,65776.74267578125,4634.761096285395,15.707432885988693,7.539575153998594e-05,809.7884622135358,1.1686194740754903,1.197072184874164,1.315775439579345,1.3899363884744338,0.2764832856885641,0.5,0.005223174260304792,0.002174959482399838,0.0036267500384379574,-0.007336838052661127,0.03820168258892452,-0.00913228959287995,-4049.2724666509357,True
19,stress,10074,residual_corrected_nmpc,71.5,0.12507672612030915,0.026901590790915673,2.3817989838525877,0.12201139022267818,0.026193305355029194,2.3758574514135025,0.2799769590192044,-0.0024099511718750355,-0.029359215087890647,0.20997695901920438,0.3499769590192044,-0.08,0.08,-0.15490023289889523,0.029311541962790708,2.4111581989404782,held,0.0,0.0,5.541701102629304e-05,False,1.0,True,False,3.4784694435074925e-05,5.069833496236242e-05,5.357668123906478e-05,3.4784694435074925e-05,-3167.098305521963,0.041639173613090774,0.5826805486237413,-0.3500000099958433,-0.3500000099958433,-0.35000000999585557,-0.35,0.0,False,False,65596.1177368164,4619.157171213474,15.654550417888743,7.757410652073237e-05,827.5843437552462,1.1686194740754903,1.197072184874164,1.315775439579345,1.3899363884744338,0.2764832856885641,0.5,0.005223174260304792,0.002174959482399838,0.0036267500384379574,-0.007336838052661127,0.03820168258892452,-0.00913228959287995,-4049.2724666509357,True
19,stress,10074,residual_corrected_nmpc,72.0,0.1247701322507831,0.026838275595550312,2.395233948220677,0.12567912417207583,0.026033530142282192,2.397953322730274,0.28,-0.002413093261718735,-0.030565000000000023,0.21000000000000002,0.35000000000000003,-0.08,0.08,-0.15522986774921693,0.029251368857269047,2.425798948220677,Solve_Succeeded,0.03427566704340279,0.00045383296674117446,0.06543083395808935,False,1.0,True,False,3.598828334361315e-05,5.0554954214021564e-05,5.339533890946768e-05,3.598828334361315e-05,-3137.6922705188354,0.042101279859555606,0.5849809489018909,-0.35000000999876135,-0.3500000099958433,-0.3500000099958453,-0.35,0.0,False,False,65415.25,4603.553005925993,15.60166713568647,7.981845507435641e-05,845.7842975366979,1.1686194740754903,1.197072184874164,1.315775439579345,1.3899363884744338,0.2764832856885641,0.5,0.005223174260304792,0.002174959482399838,0.0036267500384379574,-0.007336838052661127,0.03820168258892452,-0.00913228959287995,-4049.2724666509357,True
19,stress,10074,residual_corrected_nmpc,72.5,0.12446563828871275,0.026775548902479865,2.4086374020849814,0.12158637783778284,0.028009698137334078,2.4096450810027945,0.2799884221215252,-0.0024160449218749713,-0.03177230834960938,0.2099884221215252,0.3499884221215252,-0.08,0.08,-0.15552278383281243,0.029191593824354836,2.440409710434591,held,0.0,0.0,8.48339986987412e-05,False,1.0,True,False,3.598828334361315e-05,5.0554954214021564e-05,5.339533890946768e-05,3.598828334361315e-05,-3107.4132616413526,0.04256309633798983,0.5872873316769143,-0.35000000999876135,-0.35000000999876135,-0.3500000099982834,-0.35,0.0,False,False,65234.153747558594,4587.949724310893,15.548786848293275,8.213069588040373e-05,864.3961168503749,1.1686194740754903,1.197072184874164,1.315775439579345,1.3899363884744338,0.2764832856885641,0.5,0.005223174260304792,0.002174959482399838,0.0036267500384379574,-0.007336838052661127,0.03820168258892452,-0.00913228959287995,-4049.2724666509357,True
19,stress,10074,residual_corrected_nmpc,73.0,0.12416330834913955,0.02671342816987127,2.422009644061306,0.11634188261186712,0.031998504777284324,2.4227931105431266,0.27995386457550714,-0.0024188061523437304,-0.032981044921874994,0.20995386457550713,0.34995386457550715,-0.08,0.08,-0.1557905562263676,0.029132234322215,2.454990688983181,held,0.0,0.0,9.349995525553823e-05,False,1.0,True,False,3.598828334361315e-05,5.0554954214021564e-05,5.339533890946768e-05,3.598828334361315e-05,-3076.239508372236,0.0430245744141005,0.5895995304798856,-0.35000000999876135,-0.35000000999876135,-0.350000009998683,-0.35,0.0,False,False,65052.84326171875,4572.348447143617,15.49591335407216,8.451277441384751e-05,883.427679421855,1.1686194740754903,1.197072184874164,1.315775439579345,1.3899363884744338,0.2764832856885641,0.5,0.005223174260304792,0.002174959482399838,0.0036267500384379574,-0.007336838052661127,0.03820168258892452,-0.00913228959287995,-4049.2724666509357,True
19,stress,10074,residual_corrected_nmpc,73.5,0.12386320823949869,0.02665193129074211,2.4353509816032983,0.12835137922878026,0.023068394346591484,2.436190884160308,0.2798965914960556,-0.002421376953125026,-0.03419111450195311,0.2098965914960556,0.3498965914960556,-0.08,0.08,-0.1560333832565569,0.029073308243867137,2.4695420961052514,held,0.0,0.0,5.504197906702757e-05,False,1.0,True,False,3.598828334361315e-05,5.0554954214021564e-05,5.339533890946768e-05,3.598828334361315e-05,-3044.148908659788,0.04348566472588269,0.5919173776928992,-0.35000000999876135,-0.35000000999876135,-0.35000000999874853,-0.35,0.0,False,False,64871.33282470703,4556.750292123559,15.44305044096124,8.696668363218348e-05,902.8869451927699,1.1686194740754903,1.197072184874164,1.315775439579345,1.3899363884744338,0.2764832856885641,0.5,0.005223174260304792,0.002174959482399838,0.0036267500384379574,-0.007336838052661127,0.03820168258892452,-0.00913228959287995,-4049.2724666509357,True
19,stress,10074,residual_corrected_nmpc,74.0,0.12356540549081567,0.026591076599554776,2.448661731221526,0.12277711551939906,0.025122394350358658,2.4484553380487544,0.27981686701728026,-0.0024237573242187754,-0.03540242187500002,0.20981686701728025,0.34981686701728026,-0.08,0.08,-0.15625146152646457,0.02901483392377355,2.484064153096526,Solve_Succeeded,0.034540000022388995,0.0005151249933987856,0.06369954202091321,False,1.0,True,False,3.71025234926492e-05,5.0397147060721184e-05,5.314575173542835e-05,3.71025234926492e-05,-3011.119034880644,0.04394631717251568,0.5942407045472012,-0.35000000999888564,-0.35000000999876135,-0.35000000999875924,-0.35,0.0,False,False,64689.63671875,4541.156373909807,15.390201886594888,8.949446464558803e-05,922.781953931035,1.1686194740754903,1.197072184874164,1.315775439579345,1.3899363884744338,0.2764832856885641,0.5,0.005223174260304792,0.002174959482399838,0.0036267500384379574,-0.007336838052661127,0.03820168258892452,-0.00913228959287995,-4049.2724666509357,True
19,stress,10074,residual_corrected_nmpc,74.5,0.12326996938874647,0.026530882878689706,2.4619422187058206,0.13325903750286197,0.022958319833279544,2.4572705015201564,0.27971495527329077,-0.002425947265624978,-0.03661487182617189,0.20971495527329076,0.3497149552732908,-0.08,0.08,-0.1564449858845443,0.028956830144314685,2.4985570905319925,held,0.0,0.0,7.466599345207214e-05,False,1.0,True,False,3.71025234926492e-05,5.0397147060721184e-05,5.314575173542835e-05,3.71025234926492e-05,-2977.127140540597,0.04440648090339153,0.5965693411216009,-0.35000000999888564,-0.35000000999888564,-0.35000000999886494,-0.35,0.0,False,False,64507.76922607422,4525.567804156212,15.337371458422572,9.209820736814015e-05,943.1208226632183,1.1686194740754903,1.197072184874164,1.315775439579345,1.3899363884744338,0.2764832856885641,0.5,0.005223174260304792,0.002174959482399838,0.0036267500384379574,-0.007336838052661127,0.03820168258892452,-0.00913228959287995,-4049.2724666509357,True
19,stress,10074,residual_corrected_nmpc,75.0,0.12297697100441674,0.026471369364782966,2.475192779350824,0.12087917019216689,0.026986776081929193,2.4709196339320743,0.2795911203981969,-0.0024279467773437313,-0.037828369140625,0.20959112039819688,0.3495911203981969,-0.08,0.08,-0.15661414939378016,0.028899316142126697,2.513021148491449,held,0.0,0.0,5.345797399058938e-05,False,1.0,True,False,3.71025234926492e-05,5.0397147060721184e-05,5.314575173542835e-05,3.71025234926492e-05,-2942.1501677440665,0.044866104307292175,0.598903116341161,-0.35000000999888564,-0.35000000999888564,-0.35000000999888226,-0.35,0.0,False,False,64325.74462890625,4509.985691545775,15.284562913825413,9.47800511480189e-05,963.9117429239466,1.1686194740754903,1.197072184874164,1.315775439579345,1.3899363884744338,0.2764832856885641,0.5,0.005223174260304792,0.002174959482399838,0.0036267500384379574,-0.007336838052661127,0.03820168258892452,-0.00913228959287995,-4049.2724666509357,True
19,stress,10074,residual_corrected_nmpc,75.5,0.12268648322501297,0.026412555754912647,2.4884137581846675,0.1232746877281072,0.024710430441122817,2.48804158793456,0.2794456265261082,-0.0024297558593749935,-0.03904281860351562,0.2094456265261082,0.3494456265261082,-0.08,0.08,-0.15675914330109525,0.02884231161428764,2.527456576788183,held,0.0,0.0,5.154201062396169e-05,False,1.0,True,False,3.71025234926492e-05,5.0397147060721184e-05,5.314575173542835e-05,3.71025234926492e-05,-2906.1647554630727,0.045325135001732186,0.6012418579761649,-0.35000000999888564,-0.35000000999888564,-0.3500000099988851,-0.35,0.0,False,False,64143.577209472656,4494.411141824394,15.231780000230545,9.754218537448835e-05,985.1629778172622,1.1686194740754903,1.197072184874164,1.315775439579345,1.3899363884744338,0.2764832856885641,0.5,0.005223174260304792,0.002174959482399838,0.0036267500384379574,-0.007336838052661127,0.03820168258892452,-0.00913228959287995,-4049.2724666509357,True
19,stress,10074,residual_corrected_nmpc,76.0,0.12239858078407623,0.026354462212618147,2.501605510200699,0.12396061175067147,0.021443940411177677,2.5029436695366893,0.2792787377911345,-0.0024313745117187785,-0.04025812499999999,0.20927873779113448,0.3492787377911345,-0.08,0.08,-0.15688015700705826,0.028785836724336926,2.541863635200699,Solve_Succeeded,0.03343591600423679,0.0004327080096118152,0.0633729170076549,False,1.0,True,False,3.805537198786624e-05,5.022714722144883e-05,5.284657527226955e-05,3.805537198786624e-05,-2869.1472486368157,0.04578351982248541,0.6035853926413581,-0.3500000099976071,-0.35000000999888564,-0.35000000999888553,-0.35,0.0,False,False,63961.28125,4478.845257833978,15.179026455223338,0.0001003868500593871,1006.8828588848777,1.1686194740754903,1.197072184874164,1.315775439579345,1.3899363884744338,0.2764832856885641,0.5,0.005223174260304792,0.002174959482399838,0.0036267500384379574,-0.007336838052661127,0.03820168258892452,-0.00913228959287995,-4049.2724666509357,True
19,stress,10074,residual_corrected_nmpc,76.5,0.12211334029144603,0.026297109373735608,2.514768400592179,0.12394056741885835,0.024016995875898017,2.514777751543323,0.27909071832738547,-0.002432802734375031,-0.0414741931152344,0.20909071832738546,0.3490907183273855,-0.08,0.08,-0.15697737803593942,0.02872991210811064,2.5562425937074136,held,0.0,0.0,8.341699140146375e-05,False,1.0,True,False,3.805537198786624e-05,5.022714722144883e-05,5.284657527226955e-05,3.805537198786624e-05,-2831.0737081331554,0.04624120481331432,0.6059335457954627,-0.3500000099976071,-0.3500000099976071,-0.35000000999781666,-0.35,0.0,False,False,63778.871032714844,4463.289139544943,15.126306006657531,0.0001033163363907389,1029.0797827763195,1.1686194740754903,1.197072184874164,1.315775439579345,1.3899363884744338,0.2764832856885641,0.5,0.005223174260304792,0.002174959482399838,0.0036267500384379574,-0.007336838052661127,0.03820168258892452,-0.00913228959287995,-4049.2724666509357,True
19,stress,10074,residual_corrected_nmpc,77.0,0.1218308402627998,0.026240518352032255,2.5279028049898393,0.12075871309756123,0.024983242752436928,2.527262353806028,0.27888183226897073,-0.0024340405273437365,-0.04269092773437502,0.20888183226897072,0.34888183226897074,-0.08,0.08,-0.15705099200617093,0.02867455887937599,2.5705937327242143,held,0.0,0.0,5.720899207517505e-05,False,1.0,True,False,3.805537198786624e-05,5.022714722144883e-05,5.284657527226955e-05,3.805537198786624e-05,-2791.919921603436,0.04669813521592207,0.6082861417409636,-0.3500000099976071,-0.3500000099976071,-0.35000000999764147,-0.35,0.0,False,False,63596.36083984375,4447.743884088104,15.073622372763316,0.00010633298725599882,1051.762207715989,1.1686194740754903,1.197072184874164,1.315775439579345,1.3899363884744338,0.2764832856885641,0.5,0.005223174260304792,0.002174959482399838,0.0036267500384379574,-0.007336838052661127,0.03820168258892452,-0.00913228959287995,-4049.2724666509357,True
19,stress,10074,residual_corrected_nmpc,77.5,0.12155116114873038,0.02618471074462173,2.541009109702208,0.10791022358009716,0.029066500080877078,2.5425229158433895,0.27865234375000003,-0.002435087890624979,-0.043908233642578134,0.20865234375000002,0.34865234375000004,-0.08,0.08,-0.15710118260126965,0.028619798635246708,2.5849173433447863,held,0.0,0.0,5.2667048294097185e-05,False,1.0,True,False,3.805537198786624e-05,5.022714722144883e-05,5.284657527226955e-05,3.805537198786624e-05,-2751.6614152621232,0.047154255460148106,0.610643003624165,-0.3500000099976071,-0.3500000099976071,-0.3500000099976127,-0.35,0.0,False,False,63413.76495361328,4432.210585785984,15.020979262253448,0.00010943919773234855,1074.9386497622431,1.1686194740754903,1.197072184874164,1.315775439579345,1.3899363884744338,0.2764832856885641,0.5,0.005223174260304792,0.002174959482399838,0.0036267500384379574,-0.007336838052661127,0.03820168258892452,-0.00913228959287995,-4049.2724666509357,True
19,stress,10074,residual_corrected_nmpc,78.0,0.12127438536330164,0.02612970863714187,2.55408771195858,0.1311701880428948,0.029480604266052726,2.5536274230550613,0.27840251690458306,-0.0024359448242187165,-0.045126015625,0.20840251690458306,0.34840251690458307,-0.08,0.08,-0.1571281315412814,0.028565653461360585,2.5992137275835803,Solve_Succeeded,0.03789437498198822,0.00048099999548867345,0.06725383299635723,False,1.0,True,False,4.1545503336237743e-05,5.0321229718974794e-05,5.251631955616176e-05,4.1545503336237743e-05,-2710.2734666227207,0.0476095091544289,0.6130039534355131,-0.3500000099967024,-0.3500000099976071,-0.35000000999760805,-0.35,0.0,False,False,63231.09765625,4416.690336183554,14.968380374427417,0.00011263741554135039,1098.6176788536893,1.1686194740754903,1.197072184874164,1.315775439579345,1.3899363884744338,0.2764832856885641,0.5,0.005223174260304792,0.002174959482399838,0.0036267500384379574,-0.007336838052661127,0.03820168258892452,-0.00913228959287995,-4049.2724666509357,True
19,stress,10074,residual_corrected_nmpc,78.5,0.1210005973120194,0.02607553460867576,2.5671390201545154,0.12003614048751314,0.026605706429278314,2.5564361667921505,0.27813261586682947,-0.0024366113281250323,-0.04634417846679685,0.20813261586682946,0.3481326158668295,-0.08,0.08,-0.15713201855481007,0.028512145936800792,2.6134831986213123,held,0.0,0.0,7.599999662488699e-05,False,1.0,True,False,4.1545503336237743e-05,5.0321229718974794e-05,5.251631955616176e-05,4.1545503336237743e-05,-2667.73111822135,0.048063839076546336,0.6153688120101857,-0.3500000099967024,-0.3500000099967024,-0.3500000099968508,-0.35,0.0,False,False,63048.37322998047,4401.184224078418,14.91582939927376,0.00011593014146516284,1122.8079146379434,1.1686194740754903,1.197072184874164,1.315775439579345,1.3899363884744338,0.2764832856885641,0.5,0.005223174260304792,0.002174959482399838,0.0036267500384379574,-0.007336838052661127,0.03820168258892452,-0.00913228959287995,-4049.2724666509357,True
19,stress,10074,residual_corrected_nmpc,79.0,0.12072988341915226,0.02602221173639631,2.5801634540997265,0.11680680778723344,0.023839171600667675,2.58440988910183,0.277842904770849,-0.002437087402343774,-0.047562626953125034,0.207842904770849,0.347842904770849,-0.08,0.08,-0.15711302135169675,0.028459299138740082,2.6277260810528515,held,0.0,0.0,5.420797970145941e-05,False,1.0,True,False,4.1545503336237743e-05,5.0321229718974794e-05,5.251631955616176e-05,4.1545503336237743e-05,-2624.009192359229,0.04851718716468809,0.6177373990289489,-0.3500000099967024,-0.3500000099967024,-0.3500000099967267,-0.35,0.0,False,False,62865.60595703125,4385.6933355504425,14.863330017570455,0.0001193199297214129,1147.5180220781808,1.1686194740754903,1.197072184874164,1.315775439579345,1.3899363884744338,0.2764832856885641,0.5,0.005223174260304792,0.002174959482399838,0.0036267500384379574,-0.007336838052661127,0.03820168258892452,-0.00913228959287995,-4049.2724666509357,True
19,stress,10074,residual_corrected_nmpc,79.5,0.12046233215433426,0.025969763599913858,2.593161445268215,0.1241412135840383,0.02559749002405101,2.5951697773782723,0.27753364775075134,-0.002437373046874969,-0.048781265869140625,0.20753364775075134,0.34753364775075135,-0.08,0.08,-0.15707131559641707,0.028407136646788827,2.6419427111373555,held,0.0,0.0,5.05829812027514e-05,False,1.0,True,False,4.1545503336237743e-05,5.0321229718974794e-05,5.251631955616176e-05,4.1545503336237743e-05,-2579.0823068949203,0.048969494508843206,0.6201095330192727,-0.3500000099967024,-0.3500000099967024,-0.3500000099967064,-0.35,0.0,False,False,62682.810119628906,4370.218753990877,14.810885900983639,0.0001228093882937213,1172.7567068330352,1.1686194740754903,1.197072184874164,1.315775439579345,1.3899363884744338,0.2764832856885641,0.5,0.005223174260304792,0.002174959482399838,0.0036267500384379574,-0.007336838052661127,0.03820168258892452,-0.00913228959287995,-4049.2724666509357,True
19,stress,10074,residual_corrected_nmpc,80.0,0.12019803405837842,0.025918214285305878,2.606133437050503,0.11966448277649555,0.025962361351348304,2.611029961970256,0.27720510894064615,-0.002437468261718756,-0.05,0.20720510894064614,0.34720510894064616,-0.08,0.08,-0.15700707488226773,0.028355682547024634,2.656133437050503,Solve_Succeeded,0.03625516704050824,0.00043949997052550316,0.0656138330232352,False,1.0,True,False,4.140137752983719e-05,5.006501087336801e-05,5.217268335400149e-05,4.140137752983719e-05,-2532.924892116999,0.049420701342559645,0.6224850313567132,-0.35000000999904457,-0.3500000099967024,-0.35000000999670305,-0.35,0.0,False,False,62500.0,4354.761560130941,14.758500712164466,0.00012640117921475753,1198.532710405361,1.1686194740754903,1.197072184874164,1.315775439579345,1.3899363884744338,0.2764832856885641,0.5,0.005223174260304792,0.002174959482399838,0.0036267500384379574,-0.007336838052661127,0.03820168258892452,-0.00913228959287995,-4049.2724666509357,True
19,stress,10074,residual_corrected_nmpc,80.5,0.11993708176822773,0.025867588388807046,2.6190798850077943,0.11567516473291048,0.024740282979539133,2.6177444687409777,0.27685755247464316,-0.0024373730468749966,-0.05121873413085938,0.20685755247464316,0.34685755247464317,-0.08,0.08,-0.15692047070641543,0.028304961435682043,2.6702986191386535,held,0.0,0.0,9.383301949128509e-05,False,1.0,True,False,4.140137752983719e-05,5.006501087336801e-05,5.217268335400149e-05,4.140137752983719e-05,-2485.5112087272796,0.049870747035089036,0.6248637102665509,-0.35000000999904457,-0.35000000999904457,-0.35000000999866077,-0.35,0.0,False,False,62317.189880371094,4339.322832069908,14.706178104844305,0.00013009801879860085,1224.854805055634,1.1686194740754903,1.197072184874164,1.315775439579345,1.3899363884744338,0.2764832856885641,0.5,0.005223174260304792,0.002174959482399838,0.0036267500384379574,-0.007336838052661127,0.03820168258892452,-0.00913228959287995,-4049.2724666509357,True
19,stress,10074,residual_corrected_nmpc,81.0,0.1196795700409672,0.02581791102013751,2.6320012571278895,0.12376040421987614,0.02247331802661313,2.6352569529607557,0.27649124248685203,-0.002437087402343746,-0.052437373046875,0.20649124248685202,0.34649124248685204,-0.08,0.08,-0.15681167244588484,0.028254998422481255,2.6844386301747645,held,0.0,0.0,5.745800444856286e-05,False,1.0,True,False,4.140137752983719e-05,5.006501087336801e-05,5.217268335400149e-05,4.140137752983719e-05,-2436.8153669641,0.050319570083946406,0.6272453848256894,-0.35000000999904457,-0.35000000999904457,-0.3500000099989817,-0.35,0.0,False,False,62134.39404296875,4323.90364530272,14.653921723928308,0.00013390267781907667,1251.7317884759077,1.1686194740754903,1.197072184874164,1.315775439579345,1.3899363884744338,0.2764832856885641,0.5,0.005223174260304792,0.002174959482399838,0.0036267500384379574,-0.007336838052661127,0.03820168258892452,-0.00913228959287995,-4049.2724666509357,True
19,stress,10074,residual_corrected_nmpc,81.5,0.11942559577681797,0.025769207805446483,2.6448980340826718,0.10670682746751518,0.02213921586825648,2.646129612042473,0.27610644311138244,-0.0024366113281250046,-0.05365582153320313,0.20610644311138243,0.34610644311138244,-0.08,0.08,-0.15668084733456447,0.028205819133571487,2.698553855615875,held,0.0,0.0,5.2667048294097185e-05,False,1.0,True,False,4.140137752983719e-05,5.006501087336801e-05,5.217268335400149e-05,4.140137752983719e-05,-2386.811346894673,0.05076710810791332,0.6296298689648132,-0.35000000999904457,-0.35000000999904457,-0.35000000999903425,-0.35,0.0,False,False,61951.62677001953,4308.505072747086,14.601735205587266,0.00013781798163062201,1279.172478220332,1.1686194740754903,1.197072184874164,1.315775439579345,1.3899363884744338,0.2764832856885641,0.5,0.005223174260304792,0.002174959482399838,0.0036267500384379574,-0.007336838052661127,0.03820168258892452,-0.00913228959287995,-4049.2724666509357,True
19,stress,10074,residual_corrected_nmpc,82.0,0.11917525804103175,0.025721504889847792,2.65777070948696,0.11611058741811445,0.022647029031673795,2.658104133198923,0.27570341848234414,-0.0024359448242187443,-0.054873984375000004,0.20570341848234414,0.34570341848234415,-0.08,0.08,-0.1565281604413124,0.028157449714066536,2.71264469386196,Solve_Succeeded,0.035271374974399805,0.00044241698924452066,0.06505012500565499,False,1.0,True,False,4.1967130528064445e-05,4.989154258510098e-05,5.18316010129638e-05,4.1967130528064445e-05,-2335.473019904583,0.05121329784051258,0.6320169754707983,-0.35000000999923675,-0.35000000999904457,-0.3500000099990429,-0.35,0.0,False,False,61768.90234375,4293.128184770147,14.549622177347963,0.00014184681022813244,1307.185705888519,1.1686194740754903,1.197072184874164,1.315775439579345,1.3899363884744338,0.2764832856885641,0.5,0.005223174260304792,0.002174959482399838,0.0036267500384379574,-0.007336838052661127,0.03820168258892452,-0.00913228959287995,-4049.2724666509357,True
19,stress,10074,residual_corrected_nmpc,82.5,0.11892865808460124,0.025674828939523383,2.6706197901585225,0.11736500299433131,0.023468210210402737,2.6730954266429885,0.2752824327338468,-0.0024350878906250206,-0.05609176635742187,0.20528243273384678,0.3452824327338468,-0.08,0.08,-0.15635377464924555,0.028109916830148404,2.7267115565159443,held,0.0,0.0,8.387496927753091e-05,False,1.0,True,False,4.1967130528064445e-05,4.989154258510098e-05,5.18316010129638e-05,4.1967130528064445e-05,-2282.774171411679,0.05165807512398539,0.6344065159893799,-0.35000000999923675,-0.35000000999923675,-0.350000009999205,-0.35,0.0,False,False,61586.23504638672,4277.774049214653,14.497586258181908,0.00014599209824213292,1335.780311058169,1.1686194740754903,1.197072184874164,1.315775439579345,1.3899363884744338,0.2764832856885641,0.5,0.005223174260304792,0.002174959482399838,0.0036267500384379574,-0.007336838052661127,0.03820168258892452,-0.00913228959287995,-4049.2724666509357,True
19,stress,10074,residual_corrected_nmpc,83.0,0.1186858993636992,0.025629207143370327,2.6834457963790292,0.12458192655090868,0.027008701192597247,2.685720426668493,0.27484375,-0.0024340405273437504,-0.057309072265625025,0.20484375,0.34484375,-0.08,0.08,-0.1561578506363008,0.028063247670714078,2.7407548686446543,held,0.0,0.0,6.233400199562311e-05,False,1.0,True,False,4.1967130528064445e-05,4.989154258510098e-05,5.18316010129638e-05,4.1967130528064445e-05,-2228.6885248305452,0.052101374903801186,0.6367983010280722,-0.35000000999923675,-0.35000000999923675,-0.35000000999923153,-0.35,0.0,False,False,61403.63916015625,4262.443731424724,14.445631058592618,0.00015025683486551229,1364.9651349636556,1.1686194740754903,1.197072184874164,1.315775439579345,1.3899363884744338,0.2764832856885641,0.5,0.005223174260304792,0.002174959482399838,0.0036267500384379574,-0.007336838052661127,0.03820168258892452,-0.00913228959287995,-4049.2724666509357,True
19,stress,10074,residual_corrected_nmpc,83.5,0.11844708755775664,0.025584667214166273,2.6962492621557077,0.12230609809864436,0.028055962344858715,2.694319192755575,0.27438763441491365,-0.002432802734374989,-0.05852580688476562,0.20438763441491364,0.34438763441491366,-0.08,0.08,-0.15594054685715703,0.028017469948541263,2.7547750690404733,held,0.0,0.0,5.483301356434822e-05,False,1.0,True,False,4.1967130528064445e-05,4.989154258510098e-05,5.18316010129638e-05,4.1967130528064445e-05,-2173.1897668126667,0.052543131223731984,0.6391921399593407,-0.35000000999923675,-0.35000000999923675,-0.3500000099992359,-0.35,0.0,False,False,61221.128967285156,4247.138294271152,14.393760180701383,0.0001546440637079481,1394.749013917393,1.1686194740754903,1.197072184874164,1.315775439579345,1.3899363884744338,0.2764832856885641,0.5,0.005223174260304792,0.002174959482399838,0.0036267500384379574,-0.007336838052661127,0.03820168258892452,-0.00913228959287995,-4049.2724666509357,True
19,stress,10074,residual_corrected_nmpc,84.0,0.1182123305860876,0.02554123738922784,2.709030735483452,0.12075413744769345,0.0248899596741699,2.7110076800416825,0.27391435011269727,-0.002431374511718737,-0.059741875000000014,0.20391435011269726,0.3439143501126973,-0.08,0.08,-0.15570201952660967,0.027972611900946576,2.768772610483452,Solve_Succeeded,0.036529374949168414,0.00045320799108594656,0.0665254169725813,False,1.0,True,False,4.4068805436836556e-05,4.987762367818505e-05,5.1506489398889244e-05,4.4068805436836556e-05,-2116.2515737859994,0.05298327722152405,0.6415878410240256,-0.3500000099992124,-0.35000000999923675,-0.35000000999923664,-0.35,0.0,False,False,61038.71875,4231.858798176278,14.341977218331582,0.0001591568825740558,1425.140772471163,1.1686194740754903,1.197072184874164,1.315775439579345,1.3899363884744338,0.2764832856885641,0.5,0.005223174260304792,0.002174959482399838,0.0036267500384379574,-0.007336838052661127,0.03820168258892452,-0.00913228959287995,-4049.2724666509357,True
19,stress,10074,residual_corrected_nmpc,84.5,0.11798173862296558,0.025498946430535966,2.721790778607134,0.12295094052821207,0.023873843621112823,2.717378593681552,0.2734241612274606,-0.0024297558593749935,-0.06095718139648436,0.2034241612274606,0.3434241612274606,-0.08,0.08,-0.15544242260449503,0.02792870228991096,2.782747960003618,held,0.0,0.0,0.00011099997209385037,False,1.0,True,False,4.4068805436836556e-05,4.987762367818505e-05,5.1506489398889244e-05,4.4068805436836556e-05,-2057.8476398163048,0.05342174512519947,0.6439852113350127,-0.3500000099992124,-0.3500000099992124,-0.3500000099992164,-0.35,0.0,False,False,60856.422790527344,4216.606301138476,14.290285757091644,0.00016379844316118846,1456.149216314792,1.1686194740754903,1.197072184874164,1.315775439579345,1.3899363884744338,0.2764832856885641,0.5,0.005223174260304792,0.002174959482399838,0.0036267500384379574,-0.007336838052661127,0.03820168258892452,-0.00913228959287995,-4049.2724666509357,True
19,stress,10074,residual_corrected_nmpc,85.0,0.11775542411105423,0.025457823624301792,2.7345299682838293,0.11929176221408523,0.02736242048966738,2.731252466537206,0.27291733189331335,-0.002427946777343787,-0.06217163085937501,0.20291733189331335,0.34291733189331336,-0.08,0.08,-0.15516190778225913,0.02788577040164558,2.7967015991432045,held,0.0,0.0,5.88749535381794e-05,False,1.0,True,False,4.4068805436836556e-05,4.987762367818505e-05,5.1506489398889244e-05,4.4068805436836556e-05,-1997.9517058110337,0.0538584662500229,0.6463840568811571,-0.3500000099992124,-0.3500000099992124,-0.35000000999921305,-0.35,0.0,False,False,60674.25537109375,4201.381858756196,14.238689374456536,0.0001685719506727149,1487.7831249098112,1.1686194740754903,1.197072184874164,1.315775439579345,1.3899363884744338,0.2764832856885641,0.5,0.005223174260304792,0.002174959482399838,0.0036267500384379574,-0.007336838052661127,0.03820168258892452,-0.00913228959287995,-4049.2724666509357,True
19,stress,10074,residual_corrected_nmpc,85.5,0.11753350177309223,0.025417898779946223,2.747248896044688,0.117634752450181,0.02704880662247269,2.746213768886716,0.27239412624436515,-0.002425947265624978,-0.06338512817382815,0.20239412624436515,0.34239412624436516,-0.08,0.08,-0.1548606244712729,0.0278438460455712,2.8106340242185164,held,0.0,0.0,5.3916999604552984e-05,False,1.0,True,False,4.4068805436836556e-05,4.987762367818505e-05,5.1506489398889244e-05,4.4068805436836556e-05,-1936.537590084769,0.0542933709961671,0.6487841825314473,-0.3500000099992124,-0.3500000099992124,-0.3500000099992125,-0.35,0.0,False,False,60492.23077392578,4186.186524251644,14.187191639848015,0.00017348066334251267,1520.0512438561254,1.1686194740754903,1.197072184874164,1.315775439579345,1.3899363884744338,0.2764832856885641,0.5,0.005223174260304792,0.002174959482399838,0.0036267500384379574,-0.007336838052661127,0.03820168258892452,-0.00913228959287995,-4049.2724666509357,True
19,stress,10074,residual_corrected_nmpc,86.0,0.11731608862173017,0.02537920222846599,2.759948168456136,0.11920343661727013,0.026180032637992567,2.7615301727889445,0.2718548084147258,-0.002423757324218734,-0.06459757812499999,0.2018548084147258,0.3418548084147258,-0.08,0.08,-0.15453871979299566,0.027802959552684723,2.824545746581136,Solve_Succeeded,0.037345833028666675,0.0005440829554572701,0.06649429100798443,False,1.0,True,False,4.5434575440594926e-05,4.978572833351791e-05,5.120721471030265e-05,4.5434575440594926e-05,-1873.5792203034162,0.05472638884711417,0.651185392039422,-0.3500000099991872,-0.3500000099992124,-0.3500000099992124,-0.35,0.0,False,False,60310.36328125,4171.021348494046,14.13579611471348,0.00017852789186631457,1552.962276989916,1.1686194740754903,1.197072184874164,1.315775439579345,1.3899363884744338,0.2764832856885641,0.5,0.005223174260304792,0.002174959482399838,0.0036267500384379574,-0.007336838052661127,0.03820168258892452,-0.00913228959287995,-4049.2724666509357,True
19,stress,10074,residual_corrected_nmpc,86.5,0.11710330396741471,0.025341764820158628,2.7726284073801026,0.11253045026961192,0.023672828319629875,2.769939369820809,0.2712996425385049,-0.0024213769531249985,-0.06580888549804688,0.2012996425385049,0.3412996425385049,-0.08,0.08,-0.15419633857109022,0.027763141773283626,2.8384372928781496,held,0.0,0.0,9.804201545193791e-05,False,1.0,True,False,4.5434575440594926e-05,4.978572833351791e-05,5.120721471030265e-05,4.5434575440594926e-05,-1809.050666822267,0.05515744836882776,0.6535874880478271,-0.3500000099991872,-0.3500000099991872,-0.3500000099991913,-0.35,0.0,False,False,60128.66717529297,4155.887380022547,14.084506352603574,0.00018371699873546271,1586.524878211424,1.1686194740754903,1.197072184874164,1.315775439579345,1.3899363884744338,0.2764832856885641,0.5,0.005223174260304792,0.002174959482399838,0.0036267500384379574,-0.007336838052661127,0.03820168258892452,-0.00913228959287995,-4049.2724666509357,True
19,stress,10074,residual_corrected_nmpc,87.0,0.11689526942421324,0.02530561792167857,2.7852902502329413,0.11950027272275644,0.024111795161058373,2.7775560354234456,0.2707288927498122,-0.0024188061523437443,-0.06701895507812498,0.2007288927498122,0.3407288927498122,-0.08,0.08,-0.15383362332559897,0.027724424074022314,2.8523092053110664,held,0.0,0.0,6.187497638165951e-05,False,1.0,True,False,4.5434575440594926e-05,4.978572833351791e-05,5.120721471030265e-05,4.5434575440594926e-05,-1742.926177430837,0.05558647720973407,0.6559902720935179,-0.3500000099991872,-0.3500000099991872,-0.35000000999918784,-0.35,0.0,False,False,59947.15673828125,4140.785665068743,14.033325899248526,0.00018905139746853893,1620.7476430415638,1.1686194740754903,1.197072184874164,1.315775439579345,1.3899363884744338,0.2764832856885641,0.5,0.005223174260304792,0.002174959482399838,0.0036267500384379574,-0.007336838052661127,0.03820168258892452,-0.00913228959287995,-4049.2724666509357,True
19,stress,10074,residual_corrected_nmpc,87.5,0.11669210891347002,0.025270793412396225,2.7979343502427074,0.11155063869447213,0.0267652345284315,2.796465444129581,0.27014282318275734,-0.0024160449218750546,-0.06822769165039062,0.20014282318275733,0.34014282318275735,-0.08,0.08,-0.1534507142692873,0.02768683833427128,2.866162041893098,held,0.0,0.0,5.429197335615754e-05,False,1.0,True,False,4.5434575440594926e-05,4.978572833351791e-05,5.120721471030265e-05,4.5434575440594926e-05,-1675.1802135151083,0.05601340210154882,0.6583935446126042,-0.3500000099991872,-0.3500000099991872,-0.3500000099991873,-0.35,0.0,False,False,59765.846252441406,4125.717247578832,13.982258292633263,0.00019453455173625776,1655.6390999066625,1.1686194740754903,1.197072184874164,1.315775439579345,1.3899363884744338,0.2764832856885641,0.5,0.005223174260304792,0.002174959482399838,0.0036267500384379574,-0.007336838052661127,0.03820168258892452,-0.00913228959287995,-4049.2724666509357,True
19,stress,10074,residual_corrected_nmpc,88.0,0.1164939486651829,0.02523732368003178,2.810561376704431,0.112321326231271,0.027058060298988308,2.812694346684034,0.26954169797145006,-0.002413093261718763,-0.06943500000000004,0.19954169797145005,0.33954169797145006,-0.08,0.08,-0.15304774930626716,0.027650416941750543,2.879996376704431,Solve_Succeeded,0.03765091602690518,0.0004415829898789525,0.06627508398378268,False,1.0,True,False,4.6257046051323414e-05,4.9620424033491875e-05,5.093928484711796e-05,4.6257046051323414e-05,-1605.787487645126,0.05643814886098862,0.6607971049458362,-0.3500000099976528,-0.3500000099991872,-0.3500000099991872,-0.35,0.0,False,False,59584.75,4110.6831692354335,13.931307063071314,0.0002001699743749402,1691.20770115107,1.1686194740754903,1.197072184874164,1.315775439579345,1.3899363884744338,0.2764832856885641,0.5,0.005223174260304792,0.002174959482399838,0.0036267500384379574,-0.007336838052661127,0.03820168258892452,-0.00913228959287995,-4049.2724666509357,True
19,stress,10074,residual_corrected_nmpc,88.5,0.11630091721698775,0.02520524161553527,2.82317201523302,0.11355198041953887,0.022183086314171378,2.8173416726964073,0.26892578125000005,-0.00240995117187498,-0.07064078491210939,0.19892578125000004,0.33892578125000006,-0.08,0.08,-0.1526248640330123,0.02761519278741025,2.8938128001451298,held,0.0,0.0,8.541601710021496e-05,False,1.0,True,False,4.6257046051323414e-05,4.9620424033491875e-05,5.093928484711796e-05,4.6257046051323414e-05,-1534.7230025933222,0.05686064239240548,0.6632007513442304,-0.3500000099976528,-0.3500000099976528,-0.3500000099979043,-0.35,0.0,False,False,59403.882263183594,4095.6844694790416,13.880475733277544,0.00020596122628381344,1727.4618137777102,1.1686194740754903,1.197072184874164,1.315775439579345,1.3899363884744338,0.2764832856885641,0.5,0.005223174260304792,0.002174959482399838,0.0036267500384379574,-0.007336838052661127,0.03820168258892452,-0.00913228959287995,-4049.2724666509357,True
19,stress,10074,residual_corrected_nmpc,89.0,0.1161131454106361,0.02517458060718436,2.835766968013409,0.11045187669555279,0.027989283608876325,2.837485042864281,0.2682953371525169,-0.0024066186523437616,-0.07184495117187502,0.1982953371525169,0.3382953371525169,-0.08,0.08,-0.1521821917418808,0.027581199259528122,2.907611919185284,held,0.0,0.0,5.845801206305623e-05,False,1.0,True,False,4.6257046051323414e-05,4.9620424033491875e-05,5.093928484711796e-05,4.6257046051323414e-05,-1461.9620917859993,0.057280806691383704,0.6656042809749362,-0.3500000099976528,-0.3500000099976528,-0.35000000999769404,-0.35,0.0,False,False,59223.25732421875,4080.722185529149,13.829767818439732,0.00021191191520131934,1764.4097099170958,1.1686194740754903,1.197072184874164,1.315775439579345,1.3899363884744338,0.2764832856885641,0.5,0.005223174260304792,0.002174959482399838,0.0036267500384379574,-0.007336838052661127,0.03820168258892452,-0.00913228959287995,-4049.2724666509357,True
19,stress,10074,residual_corrected_nmpc,89.5,0.11593076638584962,0.025145374533871306,2.8483469540475506,0.1088704398059941,0.027860690559500134,2.85325360282097,0.2676506298131105,-0.0024030957031249967,-0.07304740356445315,0.1976506298131105,0.3376506298131105,-0.08,0.08,-0.15171986342726088,0.027548470236996303,2.921394357612004,held,0.0,0.0,5.35410363227129e-05,False,1.0,True,False,4.6257046051323414e-05,4.9620424033491875e-05,5.093928484711796e-05,4.6257046051323414e-05,-1387.4804611873428,0.05769856484933877,0.6680074899273395,-0.3500000099976528,-0.3500000099976528,-0.35000000999765957,-0.35,0.0,False,False,59042.88946533203,4065.797352405041,13.779186826289047,0.00021802569435556407,1802.0595570257613,1.1686194740754903,1.197072184874164,1.315775439579345,1.3899363884744338,0.2764832856885641,0.5,0.005223174260304792,0.002174959482399838,0.0036267500384379574,-0.007336838052661127,0.03820168258892452,-0.00913228959287995,-4049.2724666509357,True
19,stress,10074,residual_corrected_nmpc,90.0,0.11575391557143423,0.025117657757550454,2.860912709397846,0.10635109495755633,0.02287143098788108,2.862832556899765,0.26699192336589034,-0.0023993823242187684,-0.07424804687500001,0.19699192336589033,0.33699192336589034,-0.08,0.08,-0.15123800779445612,0.027517040081769223,2.9351607562728463,Solve_Succeeded,0.03946054098196328,0.0004589160089381039,0.0694490410387516,False,1.0,True,False,4.6460965677397326e-05,4.9355628289049494e-05,5.070302722742781e-05,4.6460965677397326e-05,-1311.254232612093,0.058113839059158276,0.6704101732194035,-0.3500000099993684,-0.3500000099976528,-0.3500000099976539,-0.35,0.0,False,False,58862.79296875,4050.911002946254,13.728736257169384,0.00022430626098399225,1840.4194078155163,1.1686194740754903,1.197072184874164,1.315775439579345,1.3899363884744338,0.2764832856885641,0.5,0.005223174260304792,0.002174959482399838,0.0036267500384379574,-0.007336838052661127,0.03820168258892452,-0.00913228959287995,-4049.2724666509357,True
19,stress,10074,residual_corrected_nmpc,90.5,0.11558273067353456,0.025091465114817916,2.873464987426578,0.11837744985035885,0.02620280864185474,2.8755874743606267,0.2663194819449662,-0.002395478515624966,-0.07544678588867192,0.19631948194496618,0.3363194819449662,-0.08,0.08,-0.15073675127143163,0.02748694363044288,2.94891177331525,held,0.0,0.0,0.00010766700142994523,False,1.0,True,False,4.6460965677397326e-05,4.9355628289049494e-05,5.070302722742781e-05,4.6460965677397326e-05,-1233.2599884596234,0.0585265506219254,0.6728121248042477,-0.3500000099993684,-0.3500000099993684,-0.35000000999908737,-0.35,0.0,False,False,58682.98211669921,4036.0641678327297,13.678419604105663,0.00023075735471732615,1879.4971899153647,1.1686194740754903,1.197072184874164,1.315775439579345,1.3899363884744338,0.2764832856885641,0.5,0.005223174260304792,0.002174959482399838,0.0036267500384379574,-0.007336838052661127,0.03820168258892452,-0.00913228959287995,-4049.2724666509357,True
19,stress,10074,residual_corrected_nmpc,91.0,0.1154173516609092,0.02506683190759502,2.8860045590309107,0.11353757418978803,0.021779857101485316,2.8891361547983894,0.26563356968444785,-0.0023913842773437277,-0.07664352539062498,0.19563356968444784,0.33563356968444785,-0.08,0.08,-0.15021621802353863,0.02745821618493875,2.9626480844215357,held,0.0,0.0,6.162497447803617e-05,False,1.0,True,False,4.6460965677397326e-05,4.9355628289049494e-05,5.070302722742781e-05,4.6460965677397326e-05,-1153.4748178585287,0.05893661995476499,0.6752131375769588,-0.3500000099993684,-0.3500000099993684,-0.35000000999932235,-0.35,0.0,False,False,58503.47119140625,4021.257875604648,13.628240352871046,0.0002373827558227889,1919.300695268459,1.1686194740754903,1.197072184874164,1.315775439579345,1.3899363884744338,0.2764832856885641,0.5,0.005223174260304792,0.002174959482399838,0.0036267500384379574,-0.007336838052661127,0.03820168258892452,-0.00913228959287995,-4049.2724666509357,True
19,stress,10074,residual_corrected_nmpc,91.5,0.11525792074710581,0.025043793892887516,2.898532212873003,0.10706824435686657,0.025095063849280674,2.901076766008309,0.2649344507184448,-0.0023870996093749985,-0.07783817016601564,0.19493445071844479,0.3349344507184448,-0.08,0.08,-0.14967652997133898,0.027430893502262514,2.976370383039019,held,0.0,0.0,5.3916999604552984e-05,False,1.0,True,False,4.6460965677397326e-05,4.9355628289049494e-05,5.070302722742781e-05,4.6460965677397326e-05,-1071.8763642070162,0.05934396659985368,0.6776130033816398,-0.3500000099993684,-0.3500000099993684,-0.3500000099993609,-0.35,0.0,False,False,58324.274475097656,4006.4931526819596,13.57820198205314,0.0002441862833016058,1959.8375692669383,1.1686194740754903,1.197072184874164,1.315775439579345,1.3899363884744338,0.2764832856885641,0.5,0.005223174260304792,0.002174959482399838,0.0036267500384379574,-0.007336838052661127,0.03820168258892452,-0.00913228959287995,-4049.2724666509357,True
19,stress,10074,residual_corrected_nmpc,92.0,0.1151045823694147,0.025022387271592728,2.9110487556047597,0.11151290417025447,0.02591002856292343,2.904645036833259,0.2642223891810669,-0.002382624511718723,-0.07903062499999998,0.19422238918106688,0.3342223891810669,-0.08,0.08,-0.14911780681165218,0.02740501178331145,2.99007938060476,Solve_Succeeded,0.037053083011414856,0.0005732499994337559,0.06765808304771781,False,1.0,True,False,4.846357478527352e-05,4.921145082334988e-05,5.049290484748781e-05,4.846357478527352e-05,-988.4428740905873,0.059748509234634,0.6800115130186897,-0.3500000099979924,-0.3500000099993684,-0.3500000099993672,-0.35,0.0,False,False,58145.40625,3991.771023383624,13.528307963119177,0.00025117179283576277,2001.1152996279611,1.1686194740754903,1.197072184874164,1.315775439579345,1.3899363884744338,0.2764832856885641,0.5,0.005223174260304792,0.002174959482399838,0.0036267500384379574,-0.007336838052661127,0.03820168258892452,-0.00913228959287995,-4049.2724666509357,True
19,stress,10074,residual_corrected_nmpc,92.5,0.1149574831644792,0.025002648676327288,2.923555012086744,0.11229910519663122,0.026787727516330115,2.923575495468258,0.26349764920642377,-0.0023779589843750393,-0.08022079467773437,0.19349764920642376,0.3334976492064238,-0.08,0.08,-0.1485401660419446,0.027380607660702327,3.0037758067644784,held,0.0,0.0,7.912499131634831e-05,False,1.0,True,False,4.846357478527352e-05,4.921145082334988e-05,5.049290484748781e-05,4.846357478527352e-05,-903.1532475541303,0.06015016568327376,0.6824084562523166,-0.3500000099979924,-0.3500000099979924,-0.35000000999821773,-0.35,0.0,False,False,57966.880798339844,3977.092509946549,13.478561760480225,0.00025834317457901695,2043.1412050148851,1.1686194740754903,1.197072184874164,1.315775439579345,1.3899363884744338,0.2764832856885641,0.5,0.005223174260304792,0.002174959482399838,0.0036267500384379574,-0.007336838052661127,0.03820168258892452,-0.00913228959287995,-4049.2724666509357,True
19,stress,10074,residual_corrected_nmpc,93.0,0.11481677194044049,0.024984615158248527,2.936051825600751,0.12229313777432228,0.025855774493657085,2.936578495158133,0.26276049492862513,-0.0023731030273437537,-0.08140858398437502,0.19276049492862513,0.33276049492862514,-0.08,0.08,-0.14794372298818464,0.02735771818559228,3.017460409585126,held,0.0,0.0,5.425000563263893e-05,False,1.0,True,False,4.846357478527352e-05,4.921145082334988e-05,5.049290484748781e-05,4.846357478527352e-05,-815.9870897014171,0.06054885292941112,0.6848036218182828,-0.3500000099979924,-0.3500000099979924,-0.3500000099980293,-0.35,0.0,False,False,57788.71240234375,3962.4586325442483,13.428966831554407,0.0002657043507871525,2085.9224234079793,1.1686194740754903,1.197072184874164,1.315775439579345,1.3899363884744338,0.2764832856885641,0.5,0.005223174260304792,0.002174959482399838,0.0036267500384379574,-0.007336838052661127,0.03820168258892452,-0.00913228959287995,-4049.2724666509357,True
19,stress,10074,residual_corrected_nmpc,93.5,0.11468259964549553,0.02496832417284314,2.9485400580555354,0.11456290401999983,0.022872892299295268,2.949792606056718,0.2620111904817807,-0.0023680566406250325,-0.08259389770507812,0.19201119048178067,0.3320111904817807,-0.08,0.08,-0.14732859083628513,0.02733638081346817,3.0311339557606134,held,0.0,0.0,5.270796827971935e-05,False,1.0,True,False,4.846357478527352e-05,4.921145082334988e-05,5.049290484748781e-05,4.846357478527352e-05,-726.9247635903935,0.060944487130225954,0.6871967974318803,-0.3500000099979924,-0.3500000099979924,-0.35000000999799846,-0.35,0.0,False,False,57610.91534423828,3947.870409305223,13.379526626829191,0.00027325927328250983,2129.4659002296744,1.1686194740754903,1.197072184874164,1.315775439579345,1.3899363884744338,0.2764832856885641,0.5,0.005223174260304792,0.002174959482399838,0.0036267500384379574,-0.007336838052661127,0.03820168258892452,-0.00913228959287995,-4049.2724666509357,True
19,stress,10074,residual_corrected_nmpc,94.0,0.11455511933274604,0.02495381356465744,2.961020590185168,0.11232297485056733,0.024956208690216742,2.959557099715513,0.26125000000000004,-0.002362819824218737,-0.08377664062500005,0.19125000000000003,0.33125000000000004,-0.08,0.08,-0.146694880667254,0.027316633388876178,3.044797230810168,Solve_Succeeded,0.039742166991345584,0.0004219169495627284,0.06876291695516557,False,1.0,True,False,4.9564165237825364e-05,4.889426381851081e-05,5.029726889915764e-05,4.9564165237825364e-05,-635.9474443880958,0.06133698363187711,0.6895877697961353,-0.35000000999819947,-0.3500000099979924,-0.3500000099979934,-0.35,0.0,False,False,57433.50390625,3933.3288563310607,13.330244589922744,0.0002810119207478525,2173.7783762299064,1.1686194740754903,1.197072184874164,1.315775439579345,1.3899363884744338,0.2764832856885641,0.5,0.005223174260304792,0.002174959482399838,0.0036267500384379574,-0.007336838052661127,0.03820168258892452,-0.00913228959287995,-4049.2724666509357,True
19,stress,10074,residual_corrected_nmpc,94.5,0.11443448612121804,0.024941121550944228,2.973494321739485,0.11322327620380863,0.02231749889104642,2.9744588266378216,0.26047718761739297,-0.0023573925781249505,-0.08495671752929686,0.19047718761739296,0.330477187617393,-0.08,0.08,-0.14604270149617493,0.02729851412906918,3.058451039268782,held,0.0,0.0,7.879198528826237e-05,False,1.0,True,False,4.9564165237825364e-05,4.889426381851081e-05,5.029726889915764e-05,4.9564165237825364e-05,-543.0371747441077,0.061726256986346095,0.691976324610243,-0.35000000999819947,-0.35000000999819947,-0.3500000099981657,-0.35,0.0,False,False,57256.49237060547,3918.834987714277,13.281124157644383,0.00028896629584468597,2218.866375137677,1.1686194740754903,1.197072184874164,1.315775439579345,1.3899363884744338,0.2764832856885641,0.5,0.005223174260304792,0.002174959482399838,0.0036267500384379574,-0.007336838052661127,0.03820168258892452,-0.00913228959287995,-4049.2724666509357,True
19,stress,10074,residual_corrected_nmpc,95.0,0.11432085715293182,0.02493028670420208,2.9859621716660865,0.11637280145214716,0.025432947108716162,2.9898396548596096,0.25969301746806916,-0.0023517749023438117,-0.086134033203125,0.18969301746806916,0.32969301746806917,-0.08,0.08,-0.14537216031513733,0.027282061606545893,3.0720962048692115,held,0.0,0.0,5.3875031881034374e-05,False,1.0,True,False,4.9564165237825364e-05,4.889426381851081e-05,5.029726889915764e-05,4.9564165237825364e-05,-448.1769213365301,0.06211222096972552,0.6943622465782294,-0.35000000999819947,-0.35000000999819947,-0.3500000099981939,-0.35,0.0,False,False,57079.89501953125,3904.3898155558845,13.232168760054128,0.00029712642215122146,2264.7361910856107,1.1686194740754903,1.197072184874164,1.315775439579345,1.3899363884744338,0.2764832856885641,0.5,0.005223174260304792,0.002174959482399838,0.0036267500384379574,-0.007336838052661127,0.03820168258892452,-0.00913228959287995,-4049.2724666509357,True
19,stress,10074,residual_corrected_nmpc,95.5,0.1142143915459039,0.02492134793358395,2.998425078283321,0.11403089199599424,0.026550357518821566,2.9974096365887073,0.25889775368613827,-0.0023459667968750153,-0.08730849243164067,0.18889775368613826,0.32889775368613827,-0.08,0.08,-0.14468336214023436,0.027267314730458965,3.0857335707149613,held,0.0,0.0,5.2916002459824085e-05,False,1.0,True,False,4.9564165237825364e-05,4.889426381851081e-05,5.029726889915764e-05,4.9564165237825364e-05,-351.3506325393755,0.06249478860199161,0.6967453194178412,-0.35000000999819947,-0.35000000999819947,-0.3500000099981986,-0.35,0.0,False,False,56903.726135253906,3889.99434998271,13.183381820521381,0.00030549634091524394,2311.3938758147815,1.1686194740754903,1.197072184874164,1.315775439579345,1.3899363884744338,0.2764832856885641,0.5,0.005223174260304792,0.002174959482399838,0.0036267500384379574,-0.007336838052661127,0.03820168258892452,-0.00913228959287995,-4049.2724666509357,True
19,stress,10074,residual_corrected_nmpc,96.0,0.11411525034296392,0.024914344465152807,3.010883999443684,0.11047844028682001,0.028640066914111854,3.0081249684433633,0.25809166040571,-0.0023399682617187,-0.08848000000000002,0.18809166040571001,0.32809166040571003,-0.08,0.08,-0.14397641006274609,0.027254312726871507,3.099363999443684,Solve_Succeeded,0.04047741700196639,0.0004462500219233334,0.06891616701614112,False,1.0,True,False,5.09475648868829e-05,4.849840624956414e-05,5.09475648868829e-05,5.09475648868829e-05,-252.5432971548803,0.06287387216829793,0.6991253258696613,-0.3500000099973804,-0.35000000999819947,-0.3500000099981993,-0.35,0.0,False,False,56728.0,3875.649599164461,13.134766755782778,0.0003140801076172628,2358.84522566784,1.1686194740754903,1.197072184874164,1.315775439579345,1.3899363884744338,0.2764832856885641,0.5,0.005223174260304792,0.002174959482399838,0.0036267500384379574,-0.007336838052661127,0.03820168258892452,-0.00913228959287995,-4049.2724666509357,True
19,stress,10074,residual_corrected_nmpc,96.5,0.11402359645627133,0.0249093158209634,3.0233399126870553,0.11354843122408893,0.027380667235818043,3.026932119203926,0.2572750017608941,-0.002333779296874977,-0.08964846069335937,0.18727500176089407,0.3272750017608941,-0.08,0.08,-0.14325140530462274,0.027243095117838376,3.1129883733804147,held,0.0,0.0,6.970798131078482e-05,False,1.0,True,False,5.09475648868829e-05,4.849840624956414e-05,5.09475648868829e-05,5.09475648868829e-05,-151.74100414898157,0.06324938324182777,0.7015020477064505,-0.3500000099973804,-0.3500000099973804,-0.3500000099975146,-0.35,0.0,False,False,56552.730895996094,3861.356569330537,13.086326975999148,0.0003228817883394258,2407.0957683789575,1.1686194740754903,1.197072184874164,1.315775439579345,1.3899363884744338,0.2764832856885641,0.5,0.005223174260304792,0.002174959482399838,0.0036267500384379574,-0.007336838052661127,0.03820168258892452,-0.00913228959287995,-4049.2724666509357,True
19,stress,10074,residual_corrected_nmpc,97.0,0.11393959460741938,0.024906301796950303,3.035793815383173,0.1214893298625124,0.02650289651305409,3.0387785914704613,0.25644804188580017,-0.002327399902343763,-0.090813779296875,0.18644804188580016,0.3264480418858002,-0.08,0.08,-0.1425084472783808,0.027233701699294066,3.126607594680048,held,0.0,0.0,5.437503568828106e-05,False,1.0,True,False,5.09475648868829e-05,4.849840624956414e-05,5.09475648868829e-05,5.09475648868829e-05,-48.93100332251697,0.06362123270824088,0.703875265742714,-0.3500000099973804,-0.3500000099973804,-0.3500000099974024,-0.35,0.0,False,False,56377.93310546875,3847.116264786609,13.038065884811717,0.00033190545593582275,2456.150749669858,1.1686194740754903,1.197072184874164,1.315775439579345,1.3899363884744338,0.2764832856885641,0.5,0.005223174260304792,0.002174959482399838,0.0036267500384379574,-0.007336838052661127,0.03820168258892452,-0.00913228959287995,-4049.2724666509357,True
19,stress,10074,residual_corrected_nmpc,97.5,0.11386341126301629,0.024905342439603895,3.0482467248627536,0.11954107296117901,0.024256410297858882,3.0492729085357237,0.25561104491453795,-0.00232083007812503,-0.09197586059570313,0.18561104491453795,0.32561104491453796,-0.08,0.08,-0.14174763365152165,0.027226172517728926,3.140222585458457,held,0.0,0.0,5.162495654076338e-05,False,1.0,True,False,5.09475648868829e-05,4.849840624956414e-05,5.09475648868829e-05,5.09475648868829e-05,55.89823315477406,0.0639893307917494,0.7062447598444915,-0.3500000099973804,-0.3500000099973804,-0.350000009997384,-0.35,0.0,False,False,56203.62091064453,3832.929687930953,12.989986879397451,0.0003411551859999497,2506.01511966174,1.1686194740754903,1.197072184874164,1.315775439579345,1.3899363884744338,0.2764832856885641,0.5,0.005223174260304792,0.002174959482399838,0.0036267500384379574,-0.007336838052661127,0.03820168258892452,-0.00913228959287995,-4049.2724666509357,True
19,stress,10074,residual_corrected_nmpc,98.0,0.11379521456563671,0.024906478021417308,3.0606996785366394,0.1076563998628492,0.02576455009631699,3.0603966120548556,0.2547642749812171,-0.0023140698242187507,-0.09313460937500002,0.1847642749812171,0.3247642749812171,-0.08,0.08,-0.1409690604155804,0.02722054784563606,3.1538342879116392,Solve_Succeeded,0.040596375009045005,0.0004200830007903278,0.0698660840280354,False,1.0,True,False,5.1492803322616965e-05,4.788860351254698e-05,5.1492803322616965e-05,5.1492803322616965e-05,162.7569484262949,0.06435358708285624,0.708610308939371,-0.3500000099980731,-0.3500000099973804,-0.350000009997381,-0.35,0.0,False,False,56029.80859375,3818.7978392705595,12.942093350523658,0.0003506350526252913,2556.693519113648,1.1686194740754903,1.197072184874164,1.315775439579345,1.3899363884744338,0.2764832856885641,0.5,0.005223174260304792,0.002174959482399838,0.0036267500384379574,-0.007336838052661127,0.03820168258892452,-0.00913228959287995,-4049.2724666509357,True
19,stress,10074,residual_corrected_nmpc,98.5,0.1137351742600402,0.024909749015089057,3.073153734002359,0.11922730537199089,0.02463383961256773,3.0744865206985468,0.2539079962199474,-0.0023071191406249802,-0.09428993041992188,0.1839079962199474,0.3239079962199474,-0.08,0.08,-0.1401728219599072,0.027216868155714037,3.1674436644222808,held,0.0,0.0,9.170803241431713e-05,False,1.0,True,False,5.1492803322616965e-05,4.788860351254698e-05,5.1492803322616965e-05,5.1492803322616965e-05,271.6540379311882,0.06471391056778875,0.7109716910267249,-0.3500000099980731,-0.3500000099980731,-0.35000000999795966,-0.35,0.0,False,False,55856.51043701172,3804.721717437004,12.89438868260177,0.00036034912395515657,2608.190265498378,1.1686194740754903,1.197072184874164,1.315775439579345,1.3899363884744338,0.2764832856885641,0.5,0.005223174260304792,0.002174959482399838,0.0036267500384379574,-0.007336838052661127,0.03820168258892452,-0.00913228959287995,-4049.2724666509357,True
19,stress,10074,residual_corrected_nmpc,99.0,0.11368346161455717,0.024915196066467707,3.0856099691374754,0.11657224634890322,0.026031145050408846,3.0815606349867153,0.2530424727648385,-0.0022999780273437465,-0.095441728515625,0.18304247276483848,0.3230424727648385,-0.08,0.08,-0.13935901115028132,0.027215174093811453,3.1810516976531003,held,0.0,0.0,5.537504330277443e-05,False,1.0,True,False,5.1492803322616965e-05,4.788860351254698e-05,5.1492803322616965e-05,5.1492803322616965e-05,382.5969857780474,0.06507020965965732,0.7133286831881679,-0.3500000099980731,-0.3500000099980731,-0.35000000999805453,-0.35,0.0,False,False,55683.74072265625,3790.7023192021034,12.846876253740414,0.0003703014575181345,2660.509338927783,1.1686194740754903,1.197072184874164,1.315775439579345,1.3899363884744338,0.2764832856885641,0.5,0.005223174260304792,0.002174959482399838,0.0036267500384379574,-0.007336838052661127,0.03820168258892452,-0.00913228959287995,-4049.2724666509357,True
19,stress,10074,residual_corrected_nmpc,99.5,0.11364024933754711,0.024922859966226785,3.098069482179087,0.11193547564227456,0.02304553040876971,3.0971272871987034,0.25216796875,-0.002292646484374994,-0.09658990844726563,0.18216796875000002,0.32216796875000003,-0.08,0.08,-0.1385277194124529,0.02721550645060178,3.1946593906263527,held,0.0,0.0,5.3291034419089556e-05,False,1.0,True,False,5.1492803322616965e-05,4.788860351254698e-05,5.1492803322616965e-05,5.1492803322616965e-05,495.5918006061802,0.06542239223136825,0.7156810615982359,-0.3500000099980731,-0.3500000099980731,-0.35000000999807007,-0.35,0.0,False,False,55511.513732910156,3776.7406394933505,12.7995594357977,0.00038049609534576337,2713.654367939919,1.1686194740754903,1.197072184874164,1.315775439579345,1.3899363884744338,0.2764832856885641,0.5,0.005223174260304792,0.002174959482399838,0.0036267500384379574,-0.007336838052661127,0.03820168258892452,-0.00913228959287995,-4049.2724666509357,True
19,stress,10074,residual_corrected_nmpc,100.0,0.11360571148883906,0.02493278162026011,3.110533391788847,0.11477882910850054,0.021614705444308633,3.108414824249866,0.25128474830954173,-0.00228512451171875,-0.097734375,0.18128474830954172,0.32128474830954173,-0.08,0.08,-0.13767903682070265,0.027217906131978862,3.208267766788847,Solve_Succeeded,0.03793737501837313,0.0004952080198563635,0.06748725002398714,False,1.0,True,False,5.2607167162932456e-05,4.718501186289359e-05,5.2607167162932456e-05,5.2607167162932456e-05,610.6429510368625,0.06577036565031813,0.7180286015352851,-0.35000000999873593,-0.3500000099980731,-0.3500000099980726,-0.35,0.0,False,False,55339.84375,3762.837671409129,12.752441594432808,0.00039093705886926553,2767.628615161107,1.1686194740754903,1.197072184874164,1.315775439579345,1.3899363884744338,0.2764832856885641,0.5,0.005223174260304792,0.002174959482399838,0.0036267500384379574,-0.007336838052661127,0.03820168258892452,-0.00913228959287995,-4049.2724666509357,True
19,stress,10074,residual_corrected_nmpc,100.5,0.11358002338606886,0.024945002018789734,3.1230028371028586,0.11624438739038209,0.024747978151681546,3.1243549489113365,0.2503930755775733,-0.0022774121093749877,-0.09887503295898438,0.18039307557757328,0.3203930755775733,-0.08,0.08,-0.13681305219150441,0.027222414128164722,3.221877870061843,held,0.0,0.0,6.462499732151628e-05,False,1.0,True,False,5.2607167162932456e-05,4.718501186289359e-05,5.2607167162932456e-05,5.2607167162932456e-05,727.7533008231912,0.06611403681489403,0.7203710773926116,-0.35000000999873593,-0.35000000999873593,-0.3500000099986272,-0.35,0.0,False,False,55168.745056152344,3748.9944062337245,12.705526089156843,0.0004016283435924989,2822.434962856793,1.1686194740754903,1.197072184874164,1.315775439579345,1.3899363884744338,0.2764832856885641,0.5,0.005223174260304792,0.002174959482399838,0.0036267500384379574,-0.007336838052661127,0.03820168258892452,-0.00913228959287995,-4049.2724666509357,True
19,stress,10074,residual_corrected_nmpc,101.0,0.11356336150583417,0.024959562204180934,3.1354789777658003,0.11487656499919839,0.02593959168161134,3.12751693162173,0.2494932146882044,-0.002269509277343762,-0.10001178710937499,0.1794932146882044,0.3194932146882044,-0.08,0.08,-0.13592985318237022,0.027229071481524696,3.235490764875175,held,0.0,0.0,5.3750001825392246e-05,False,1.0,True,False,5.2607167162932456e-05,4.718501186289359e-05,5.2607167162932456e-05,5.2607167162932456e-05,846.9240438128982,0.06645331219280265,0.7227082626897876,-0.35000000999873593,-0.35000000999873593,-0.3500000099987181,-0.35,0.0,False,False,54998.23193359375,3735.2118334521238,12.658816273383003,0.00041257391353855666,2878.075898385514,1.1686194740754903,1.197072184874164,1.315775439579345,1.3899363884744338,0.2764832856885641,0.5,0.005223174260304792,0.002174959482399838,0.0036267500384379574,-0.007336838052661127,0.03820168258892452,-0.00913228959287995,-4049.2724666509357,True
19,stress,10074,residual_corrected_nmpc,101.5,0.11355590337959384,0.02497650323746095,3.1479629939486333,0.1200932305838615,0.02637286304186586,3.147013291315414,0.24858542977554474,-0.0022614160156250174,-0.10114454223632814,0.17858542977554473,0.3185854297755447,-0.08,0.08,-0.1350295263959509,0.027237919253085968,3.2491075361849613,held,0.0,0.0,5.083403084427118e-05,False,1.0,True,False,5.2607167162932456e-05,4.718501186289359e-05,5.2607167162932456e-05,5.2607167162932456e-05,968.1546388448032,0.06678809786124931,0.7250399300842185,-0.35000000999873593,-0.35000000999873593,-0.350000009998733,-0.35,0.0,False,False,54828.31866455078,3721.4909407646123,12.612315494476045,0.0004237776954678013,2934.553499571115,1.1686194740754903,1.197072184874164,1.315775439579345,1.3899363884744338,0.2764832856885641,0.5,0.005223174260304792,0.002174959482399838,0.0036267500384379574,-0.007336838052661127,0.03820168258892452,-0.00913228959287995,-4049.2724666509357,True
19,stress,10074,residual_corrected_nmpc,102.0,0.11355782748424517,0.024995866163540627,3.160456086349244,0.10782073886148456,0.021545680805285718,3.1632312573380053,0.24766998497370402,-0.0022531323242187262,-0.102273203125,0.177669984973704,0.317669984973704,-0.08,0.08,-0.13411215748945884,0.027248998487759354,3.2627292894742443,Solve_Succeeded,0.03987849998520687,0.0003642920055426657,0.06925499998033047,False,1.0,True,False,5.310484630172141e-05,4.625271212717052e-05,5.310484630172141e-05,5.310484630172141e-05,1091.4427447053677,0.06711829954898382,0.7273658513829152,-0.35000000999953573,-0.35000000999873593,-0.35000000999873543,-0.35,0.0,False,False,54659.01953125,3707.8327141011764,12.566027093801093,0.0004352435728654696,2991.869420008956,1.1686194740754903,1.197072184874164,1.315775439579345,1.3899363884744338,0.2764832856885641,0.5,0.005223174260304792,0.002174959482399838,0.0036267500384379574,-0.007336838052661127,0.03820168258892452,-0.00913228959287995,-4049.2724666509357,True
19,stress,10074,residual_corrected_nmpc,102.5,0.11356931312731966,0.025017691975140626,3.1729594761753757,0.11974741756036258,0.0256230868685827,3.1681348447077777,0.2467471444167919,-0.0022446582031250273,-0.10339767456054687,0.1767471444167919,0.3167471444167919,-0.08,0.08,-0.13317783128947225,0.027262350178265653,3.2763571507359224,held,0.0,0.0,8.56660190038383e-05,False,1.0,True,False,5.310484630172141e-05,4.625271212717052e-05,5.310484630172141e-05,5.310484630172141e-05,1216.7841552777936,0.06744382268022968,0.7296857975544854,-0.35000000999953573,-0.35000000999953573,-0.35000000999940456,-0.35,0.0,False,False,54490.34881591797,3694.2381376357025,12.519954406771761,0.0004469753796973603,3050.0248743224183,1.1686194740754903,1.197072184874164,1.315775439579345,1.3899363884744338,0.2764832856885641,0.5,0.005223174260304792,0.002174959482399838,0.0036267500384379574,-0.007336838052661127,0.03820168258892452,-0.00913228959287995,-4049.2724666509357,True
19,stress,10074,residual_corrected_nmpc,103.0,0.11359054032674545,0.025042021575426607,3.1854744051091943,0.10330555701820938,0.02587948179842081,3.1848359792483625,0.24581717223891814,-0.0022359936523437263,-0.10451786132812503,0.17581717223891813,0.31581717223891814,-0.08,0.08,-0.13222663191217268,0.027278015227770333,3.2899922664373196,held,0.0,0.0,6.049999501556158e-05,False,1.0,True,False,5.310484630172141e-05,4.625271212717052e-05,5.310484630172141e-05,5.310484630172141e-05,1344.1727350218562,0.06776457242050796,0.7319995387413384,-0.35000000999953573,-0.35000000999953573,-0.35000000999951425,-0.35,0.0,False,False,54322.32080078125,3680.708193799991,12.474100762897656,0.0004589768939325329,3109.020623386738,1.1686194740754903,1.197072184874164,1.315775439579345,1.3899363884744338,0.2764832856885641,0.5,0.005223174260304792,0.002174959482399838,0.0036267500384379574,-0.007336838052661127,0.03820168258892452,-0.00913228959287995,-4049.2724666509357,True
19,stress,10074,residual_corrected_nmpc,103.5,0.11362168968513288,0.025068895739360452,3.198002135252857,0.10947834628772143,0.027602152546499177,3.192893453944268,0.24488033257419237,-0.0022271386718749897,-0.1056336682128906,0.17488033257419236,0.31488033257419235,-0.08,0.08,-0.13125864288905947,0.027296034411235442,3.3036358034657476,held,0.0,0.0,5.6791992392390966e-05,False,1.0,True,False,5.310484630172141e-05,4.625271212717052e-05,5.310484630172141e-05,5.310484630172141e-05,1473.6003549285542,0.0680804537243666,0.7343068442721085,-0.35000000999953573,-0.35000000999953573,-0.35000000999953224,-0.35,0.0,False,False,54154.949768066406,3667.243863297581,12.428469485831211,0.0004712518308323828,3168.856959537779,1.1686194740754903,1.197072184874164,1.315775439579345,1.3899363884744338,0.2764832856885641,0.5,0.005223174260304792,0.002174959482399838,0.0036267500384379574,-0.007336838052661127,0.03820168258892452,-0.00913228959287995,-4049.2724666509357,True
19,stress,10074,residual_corrected_nmpc,104.0,0.11366294225854792,0.025098355073777615,3.210543949054432,0.11266027037261105,0.026190789067770382,3.212728486373224,0.2439368895567243,-0.00221809326171879,-0.10674500000000002,0.1739368895567243,0.3139368895567243,-0.08,0.08,-0.13027394729817637,0.027316448335496405,3.317288949054432,Solve_Succeeded,0.040924625005573034,0.0004642910207621753,0.07027283299248666,False,1.0,True,False,5.485684596351348e-05,4.526817319856491e-05,5.485684596351348e-05,5.485684596351348e-05,1605.0568290989613,0.06839137138502038,0.7366074826742901,-0.35000000999918385,-0.35000000999953573,-0.3500000099995352,-0.35,0.0,False,False,53988.25,3653.846125117388,12.383063893413926,0.00048380383600591206,3229.533691783925,1.1686194740754903,1.197072184874164,1.315775439579345,1.3899363884744338,0.2764832856885641,0.5,0.005223174260304792,0.002174959482399838,0.0036267500384379574,-0.007336838052661127,0.03820168258892452,-0.00913228959287995,-4049.2724666509357,True
19,stress,10074,residual_corrected_nmpc,104.5,0.11371447941974794,0.02513043997620359,3.223101149213543,0.11920739512822533,0.024972885390233724,3.2253990713864233,0.24298710732062362,-0.002208857421874988,-0.10785176147460938,0.1729871073206236,0.3129871073206236,-0.08,0.08,-0.12927262790087568,0.02733929739807858,3.3309529106881524,held,0.0,0.0,0.00018079194705933332,False,1.0,True,False,5.485684596351348e-05,4.526817319856491e-05,5.485684596351348e-05,5.485684596351348e-05,1738.5298521023842,0.06869723008590546,0.7389012216870896,-0.35000000999918385,-0.35000000999918385,-0.3500000099992414,-0.35,0.0,False,False,53822.235778808594,3640.5159565471645,12.337887297721966,0.0004966364782315178,3291.0501310399613,1.1686194740754903,1.197072184874164,1.315775439579345,1.3899363884744338,0.2764832856885641,0.5,0.005223174260304792,0.002174959482399838,0.0036267500384379574,-0.007336838052661127,0.03820168258892452,-0.00913228959287995,-4049.2724666509357,True
19,stress,10074,residual_corrected_nmpc,105.0,0.1137764827158631,0.025165190592425665,3.2356750585661125,0.11111147241251891,0.025256072525749393,3.239751830718625,0.24203125000000003,-0.002199431152343778,-0.10895385742187501,0.17203125000000002,0.31203125000000004,-0.08,0.08,-0.12825476728413693,0.027364621744769443,3.3446289159879874,held,0.0,0.0,6.23750383965671e-05,False,1.0,True,False,5.485684596351348e-05,4.526817319856491e-05,5.485684596351348e-05,5.485684596351348e-05,1874.004937273895,0.06899793445414751,0.7411878282744888,-0.35000000999918385,-0.35000000999918385,-0.3500000099991933,-0.35,0.0,False,False,53656.92138671875,3627.2543331867764,12.292943005111177,0.0005097532420461326,3353.405075402303,1.1686194740754903,1.197072184874164,1.315775439579345,1.3899363884744338,0.2764832856885641,0.5,0.005223174260304792,0.002174959482399838,0.0036267500384379574,-0.007336838052661127,0.03820168258892452,-0.00913228959287995,-4049.2724666509357,True
19,stress,10074,residual_corrected_nmpc,105.5,0.11384913372051757,0.025202646772839274,3.248267019947579,0.10613061310354643,0.024874345757464122,3.2530197734079174,0.2410695817289632,-0.002189814453124994,-0.11005119262695316,0.1710695817289632,0.3110695817289632,-0.08,0.08,-0.12722044800844562,0.027392461225964268,3.358318212574532,held,0.0,0.0,5.358399357646704e-05,False,1.0,True,False,5.485684596351348e-05,4.526817319856491e-05,5.485684596351348e-05,5.485684596351348e-05,2011.4653561163768,0.06929338911594007,0.7434670686385235,-0.35000000999918385,-0.35000000999918385,-0.3500000099991854,-0.35,0.0,False,False,53492.32110595703,3614.062228961312,12.248234316261492,0.0005231575201030831,3416.5967954854636,1.1686194740754903,1.197072184874164,1.315775439579345,1.3899363884744338,0.2764832856885641,0.5,0.005223174260304792,0.002174959482399838,0.0036267500384379574,-0.007336838052661127,0.03820168258892452,-0.00913228959287995,-4049.2724666509357,True
19,stress,10074,residual_corrected_nmpc,106.0,0.11393261388039463,0.02524284802759169,3.2608783960339895,0.12073847703641455,0.028649927746521295,3.2576840056010896,0.24010236664162288,-0.0021800073242187468,-0.111143671875,0.17010236664162287,0.3101023666416229,-0.08,0.08,-0.12616975276122824,0.027422855351810438,3.3720220679089894,Solve_Succeeded,0.03832054097438231,0.0004912919830530882,0.06830279203131795,False,1.0,True,False,5.65097107028123e-05,4.409235189086758e-05,5.65097107028123e-05,5.65097107028123e-05,2150.8920789771146,0.06958349875382423,0.7457387082327718,-0.3500000099961808,-0.35000000999918385,-0.3500000099991841,-0.35,0.0,False,False,53328.44921875,3600.9406161340166,12.20376452622078,0.0005368526053006473,3480.6230198403896,1.1686194740754903,1.197072184874164,1.315775439579345,1.3899363884744338,0.2764832856885641,0.5,0.005223174260304792,0.002174959482399838,0.0036267500384379574,-0.007336838052661127,0.03820168258892452,-0.00913228959287995,-4049.2724666509357,True
19,stress,10074,residual_corrected_nmpc,106.5,0.11402710435626158,0.025285833480549053,3.2735105691603685,0.11794391724159946,0.022005125544726417,3.2749662265416624,0.23912986887208867,-0.0021700097656249806,-0.11223119995117191,0.16912986887208867,0.3091298688720887,-0.08,0.08,-0.12510276451582708,0.027455843246174033,3.3857417691115406,held,0.0,0.0,8.470902685075998e-05,False,1.0,True,False,5.65097107028123e-05,4.409235189086758e-05,5.65097107028123e-05,5.65097107028123e-05,2292.263717173165,0.06986816816585897,0.7480025117760563,-0.3500000099961808,-0.3500000099961808,-0.3500000099966731,-0.35,0.0,False,False,53165.32000732422,3587.890465319055,12.159536924448094,0.0005508416826838456,3545.480920475532,1.1686194740754903,1.197072184874164,1.315775439579345,1.3899363884744338,0.2764832856885641,0.5,0.005223174260304792,0.002174959482399838,0.0036267500384379574,-0.007336838052661127,0.03820168258892452,-0.00913228959287995,-4049.2724666509357,True
19,stress,10074,residual_corrected_nmpc,107.0,0.11413278585848112,0.025331641822116335,3.2861649411157816,0.1177812052233826,0.024602749439247618,3.282955066920333,0.23815235255447037,-0.0021598217773437234,-0.11331368164062498,0.16815235255447036,0.3081523525544704,-0.08,0.08,-0.12401956669598925,0.02749146359946006,3.3994786227564067,held,0.0,0.0,5.600001895800233e-05,False,1.0,True,False,5.65097107028123e-05,4.409235189086758e-05,5.65097107028123e-05,5.65097107028123e-05,2435.5564667441577,0.07014730232666559,0.7502582432663564,-0.3500000099961808,-0.3500000099961808,-0.3500000099962615,-0.35,0.0,False,False,53002.94775390625,3574.912745494116,12.115554794856395,0.0005651278211226665,3611.16709850226,1.1686194740754903,1.197072184874164,1.315775439579345,1.3899363884744338,0.2764832856885641,0.5,0.005223174260304792,0.002174959482399838,0.0036267500384379574,-0.007336838052661127,0.03820168258892452,-0.00913228959287995,-4049.2724666509357,True
19,stress,10074,residual_corrected_nmpc,107.5,0.11424983847704871,0.025380311260943405,3.29884293291453,0.11640043676680005,0.02755892204178915,3.301278492760357,0.23717008182287758,-0.0021494433593750306,-0.11439102172851563,0.16717008182287757,0.3071700818228776,-0.08,0.08,-0.12292024334582886,0.027529754620318436,3.413233954643046,held,0.0,0.0,5.212501855567098e-05,False,1.0,True,False,5.65097107028123e-05,4.409235189086758e-05,5.65097107028123e-05,5.65097107028123e-05,2580.7440540147027,0.07042080645032611,0.7525056659949317,-0.3500000099961808,-0.3500000099961808,-0.350000009996194,-0.35,0.0,False,False,52841.346740722656,3562.008424012848,12.071821415854684,0.0005797139647705695,3677.677569926525,1.1686194740754903,1.197072184874164,1.315775439579345,1.3899363884744338,0.2764832856885641,0.5,0.005223174260304792,0.002174959482399838,0.0036267500384379574,-0.007336838052661127,0.03820168258892452,-0.00913228959287995,-4049.2724666509357,True
19,stress,10074,residual_corrected_nmpc,108.0,0.11437844150620734,0.025431879474553956,3.3115459845429305,0.11879230757402025,0.025858188066887933,3.3178890196586215,0.23618332081142,-0.0021388745117187358,-0.11546312500000001,0.16618332081141998,0.30618332081141997,-0.08,0.08,-0.12180487930521265,0.027570753986272692,3.4270091095429307,Solve_Succeeded,0.040864999988116324,0.0004420829936861992,0.07090079196495935,False,1.0,True,False,5.696216248907149e-05,4.261920039425604e-05,5.696216248907149e-05,5.696216248907149e-05,2727.797683152334,0.07068858605511111,0.7547445425606546,-0.3500000099990946,-0.3500000099961808,-0.35000000999618297,-0.35,0.0,False,False,52680.53125,3549.1784666171407,12.028340060389635,0.0005946029243078042,3745.007751609272,1.1686194740754903,1.197072184874164,1.315775439579345,1.3899363884744338,0.2764832856885641,0.5,0.005223174260304792,0.002174959482399838,0.0036267500384379574,-0.007336838052661127,0.03820168258892452,-0.00913228959287995,-4049.2724666509357,True
19,stress,10074,residual_corrected_nmpc,108.5,0.11451877326370419,0.025486383558937807,3.3242755546811433,0.1057449148826205,0.027268800065656736,3.3230058244661005,0.2351923336542074,-0.0021281152343750054,-0.11652989624023437,0.16519233365420738,0.3051923336542074,-0.08,0.08,-0.1206735603905032,0.027614498793312812,3.4408054509213777,held,0.0,0.0,7.879198528826237e-05,False,1.0,True,False,5.696216248907149e-05,4.261920039425604e-05,5.696216248907149e-05,5.696216248907149e-05,2876.6859859097167,0.07095054703000833,0.7569746348845532,-0.3500000099990946,-0.3500000099990946,-0.35000000999861736,-0.35,0.0,False,False,52520.515563964844,3536.423837449245,11.98511399598667,0.0006097973679747901,3813.1524474183984,1.1686194740754903,1.197072184874164,1.315775439579345,1.3899363884744338,0.2764832856885641,0.5,0.005223174260304792,0.002174959482399838,0.0036267500384379574,-0.007336838052661127,0.03820168258892452,-0.00913228959287995,-4049.2724666509357,True
19,stress,10074,residual_corrected_nmpc,109.0,0.11467101090476739,0.02554385997715088,3.337033120399555,0.11588366917963154,0.02686806543457531,3.3379132458378007,0.23419738448534938,-0.002117165527343756,-0.11759124023437502,0.16419738448534937,0.3041973844853494,-0.08,0.08,-0.11952637358058199,0.027661025504494636,3.45462436063393,held,0.0,0.0,5.41660119779408e-05,False,1.0,True,False,5.696216248907149e-05,4.261920039425604e-05,5.696216248907149e-05,5.696216248907149e-05,3027.3749737424705,0.07120659570301734,0.7591957042245618,-0.3500000099990946,-0.3500000099990946,-0.35000000999901637,-0.35,0.0,False,False,52361.31396484375,3523.7454990637425,11.942146484790516,0.0006252998124015505,3882.105834595513,1.1686194740754903,1.197072184874164,1.315775439579345,1.3899363884744338,0.2764832856885641,0.5,0.005223174260304792,0.002174959482399838,0.0036267500384379574,-0.007336838052661127,0.03820168258892452,-0.00913228959287995,-4049.2724666509357,True
19,stress,10074,residual_corrected_nmpc,109.5,0.1148353302308943,0.025604344506970942,3.349820176829218,0.11365706847090386,0.027830221068713648,3.3478864160831163,0.23319873743895572,-0.002106025390624988,-0.11864706176757812,0.16319873743895572,0.30319873743895576,-0.08,0.08,-0.11836340720806142,0.02771036989759593,3.4684672385967965,held,0.0,0.0,5.0875009037554264e-05,False,1.0,True,False,5.696216248907149e-05,4.261920039425604e-05,5.696216248907149e-05,5.696216248907149e-05,3179.8279924962353,0.07145663891117261,0.7614075111904817,-0.3500000099990946,-0.3500000099990946,-0.35000000999908176,-0.35,0.0,False,False,52202.94073486328,3511.1444124393643,11.899440783605273,0.000641112613239956,3951.8614503611043,1.1686194740754903,1.197072184874164,1.315775439579345,1.3899363884744338,0.2764832856885641,0.5,0.005223174260304792,0.002174959482399838,0.0036267500384379574,-0.007336838052661127,0.03820168258892452,-0.00913228959287995,-4049.2724666509357,True
19,stress,10074,residual_corrected_nmpc,110.0,0.11501190549355733,0.025667872187661107,3.362638236805897,0.12631480856799213,0.022798867690882508,3.3527122944002685,0.23219665664913602,-0.0020946948242187846,-0.11969726562500001,0.16219665664913602,0.30219665664913603,-0.08,0.08,-0.11718475115557869,0.02776256701187989,3.4823355024308973,Solve_Succeeded,0.041406249976716936,0.0005032499902881682,0.0721647500176914,False,1.0,True,False,5.798097845399752e-05,4.10376422223635e-05,5.798097845399752e-05,5.798097845399752e-05,3334.0056798579444,0.0717005840722509,0.7636098157591469,-0.35000000999943315,-0.3500000099990946,-0.3500000099990925,-0.35,0.0,False,False,52045.41015625,3498.6215369906577,11.857000143933941,0.0006572379556063247,4022.4121787819777,1.1686194740754903,1.197072184874164,1.315775439579345,1.3899363884744338,0.2764832856885641,0.5,0.005223174260304792,0.002174959482399838,0.0036267500384379574,-0.007336838052661127,0.03820168258892452,-0.00913228959287995,-4049.2724666509357,True
19,stress,10074,residual_corrected_nmpc,110.5,0.11520090919294763,0.025734477265896928,3.375488830487284,0.11468971677630287,0.0224834564951167,3.375502184041407,0.23119140625,-0.002083173828124979,-0.12074175659179691,0.16119140625,0.30119140625,-0.08,0.08,-0.11599049705705237,0.027817651094021907,3.496230587079081,held,0.0,0.0,6.737496005371213e-05,False,1.0,True,False,5.798097845399752e-05,4.10376422223635e-05,5.798097845399752e-05,5.798097845399752e-05,3489.865925767802,0.07193833925811488,0.7658023772898002,-0.35000000999943315,-0.35000000999943315,-0.3500000099993773,-0.35,0.0,False,False,51888.73651123047,3486.17783057951,11.81482781201748,0.0006736778443427603,4093.7502379252746,1.1686194740754903,1.197072184874164,1.315775439579345,1.3899363884744338,0.2764832856885641,0.5,0.005223174260304792,0.002174959482399838,0.0036267500384379574,-0.007336838052661127,0.03820168258892452,-0.00913228959287995,-4049.2724666509357,True
19,stress,10074,residual_corrected_nmpc,111.0,0.1154025118718919,0.025804193140916903,3.3883735049429857,0.11238013458895012,0.02384094740732199,3.3874881897528146,0.23018325037565746,-0.002071462402343738,-0.12178043945312499,0.16018325037565745,0.30018325037565746,-0.08,0.08,-0.11478073850376555,0.02787565554326064,3.5101539443961105,held,0.0,0.0,5.345797399058938e-05,False,1.0,True,False,5.798097845399752e-05,4.10376422223635e-05,5.798097845399752e-05,5.798097845399752e-05,3647.3638359884535,0.07216981326963874,0.7679849545396729,-0.35000000999943315,-0.35000000999943315,-0.350000009999424,-0.35,0.0,False,False,51732.93408203125,3473.81424952653,11.772927028873381,0.0006904340941064207,4165.867167323434,1.1686194740754903,1.197072184874164,1.315775439579345,1.3899363884744338,0.2764832856885641,0.5,0.005223174260304792,0.002174959482399838,0.0036267500384379574,-0.007336838052661127,0.03820168258892452,-0.00913228959287995,-4049.2724666509357,True
19,stress,10074,residual_corrected_nmpc,111.5,0.11561688190509274,0.02587705230896008,3.4012938237169026,0.12101591348689618,0.027395254345736326,3.397404577346913,0.2291724531602179,-0.0020595605468750056,-0.12281321899414065,0.15917245316021789,0.2991724531602179,-0.08,0.08,-0.11355557125512515,0.027936612855835086,3.524107042711043,held,0.0,0.0,5.158298881724477e-05,False,1.0,True,False,5.798097845399752e-05,4.10376422223635e-05,5.798097845399752e-05,5.798097845399752e-05,3806.451699028288,0.07239491571315776,0.7701573056797725,-0.35000000999943315,-0.35000000999943315,-0.35000000999943165,-0.35,0.0,False,False,51578.017150878906,3461.5317486222852,11.731301030333748,0.0007075083192968065,4238.75381577483,1.1686194740754903,1.197072184874164,1.315775439579345,1.3899363884744338,0.2764832856885641,0.5,0.005223174260304792,0.002174959482399838,0.0036267500384379574,-0.007336838052661127,0.03820168258892452,-0.00913228959287995,-4049.2724666509357,True
19,stress,10074,residual_corrected_nmpc,112.0,0.11584418528385827,0.02595308630705838,3.414251366361666,0.11929836535786356,0.024274253454183596,3.413038989641371,0.22815927873779118,-0.0020474682617187268,-0.12383999999999999,0.15815927873779118,0.2981592787377912,-0.08,0.08,-0.11231509345393291,0.028000554568777106,3.538091366361666,Solve_Succeeded,0.040670791000593454,0.00038729101652279496,0.06983933399897069,False,1.0,True,False,5.840822268510237e-05,3.925215205526911e-05,5.840822268510237e-05,5.840822268510237e-05,3967.078956614828,0.07261355707837706,0.7723191883108756,-0.3500000099991555,-0.35000000999943315,-0.3500000099994329,-0.35,0.0,False,False,51424.0,3449.3312811384008,11.68995304708292,0.0007249019238320247,4312.400329504938,1.1686194740754903,1.197072184874164,1.315775439579345,1.3899363884744338,0.2764832856885641,0.5,0.005223174260304792,0.002174959482399838,0.0036267500384379574,-0.007336838052661127,0.03820168258892452,-0.00913228959287995,-4049.2724666509357,True
19,stress,10074,residual_corrected_nmpc,112.5,0.11608458539650279,0.026032325656255156,3.4272477279448266,0.1144792193681186,0.02495374182621948,3.4231824088978944,0.22714399124248688,-0.0020351855468749985,-0.12486068725585937,0.15714399124248687,0.2971439912424869,-0.08,0.08,-0.11105940584598409,0.028067511203130155,3.552108415200686,held,0.0,0.0,7.166602881625295e-05,False,1.0,True,False,5.840822268510237e-05,3.925215205526911e-05,5.840822268510237e-05,5.840822268510237e-05,4129.192177912972,0.07282564881767048,0.7744703594797258,-0.3500000099991555,-0.3500000099991555,-0.35000000999920095,-0.35,0.0,False,False,51270.896911621094,3437.213798838527,11.64888630469463,0.0007426160907858958,4386.796140713007,1.1686194740754903,1.197072184874164,1.315775439579345,1.3899363884744338,0.2764832856885641,0.5,0.005223174260304792,0.002174959482399838,0.0036267500384379574,-0.007336838052661127,0.03820168258892452,-0.00913228959287995,-4049.2724666509357,True
19,stress,10074,residual_corrected_nmpc,113.0,0.11633824280461563,0.02611479980432543,3.4402845185265254,0.12268002473367591,0.027188173747542857,3.447340485924138,0.22612685480841474,-0.0020227124023437376,-0.125875185546875,0.15612685480841473,0.2961268548084147,-0.08,0.08,-0.10978861200379911,0.028137512206669168,3.5661597040734003,held,0.0,0.0,5.329097621142864e-05,False,1.0,True,False,5.840822268510237e-05,3.925215205526911e-05,5.840822268510237e-05,5.840822268510237e-05,4292.735037680829,0.0730311034266943,0.776610575695435,-0.3500000099991555,-0.3500000099991555,-0.3500000099991629,-0.35,0.0,False,False,51118.72216796875,3425.180251989168,11.60810402366871,0.0007606517718986927,4461.929956529336,1.1686194740754903,1.197072184874164,1.315775439579345,1.3899363884744338,0.2764832856885641,0.5,0.005223174260304792,0.002174959482399838,0.0036267500384379574,-0.007336838052661127,0.03820168258892452,-0.00913228959287995,-4049.2724666509357,True
19,stress,10074,residual_corrected_nmpc,113.5,0.11660531501541185,0.026200537068076957,3.4533633626084184,0.1228707957766288,0.025490546195135994,3.456343793320225,0.22510813356968448,-0.0020100488281249995,-0.1268833996582031,0.15510813356968448,0.29510813356968446,-0.08,0.08,-0.10850281855427263,0.028210585896201956,3.5802467622666216,held,0.0,0.0,5.0458009354770184e-05,False,1.0,True,False,5.840822268510237e-05,3.925215205526911e-05,5.840822268510237e-05,5.840822268510237e-05,4457.648298553332,0.07322983452623627,0.7787395929460911,-0.3500000099991555,-0.3500000099991555,-0.3500000099991567,-0.35,0.0,False,False,50967.49005126953,3413.231589370381,11.567609419467352,0.0007790096769752544,4537.789748408308,1.1686194740754903,1.197072184874164,1.315775439579345,1.3899363884744338,0.2764832856885641,0.5,0.005223174260304792,0.002174959482399838,0.0036267500384379574,-0.007336838052661127,0.03820168258892452,-0.00913228959287995,-4049.2724666509357,True
19,stress,10074,residual_corrected_nmpc,114.0,0.1168859562503944,0.026289564575315193,3.466485898553668,0.11280988711411229,0.024340807189559655,3.4676364291710593,0.22408809166040572,-0.0019971948242187842,-0.127885234375,0.1540880916604057,0.2940880916604057,-0.08,0.08,-0.10720213541001132,0.028286759399533977,3.594371132928668,Solve_Succeeded,0.04027699999278411,0.0004860830376856029,0.07017675001407042,False,1.0,True,False,5.8748715673573315e-05,3.734081328730099e-05,5.8748715673573315e-05,5.8748715673573315e-05,4623.869797640183,0.07342175694521329,0.7808571667155672,-0.3500000099990215,-0.3500000099991555,-0.3500000099991557,-0.35,0.0,False,False,50817.21484375,3401.3687582863445,11.527405702550928,0.0007976902631851484,4614.362741982292,1.1686194740754903,1.197072184874164,1.315775439579345,1.3899363884744338,0.2764832856885641,0.5,0.005223174260304792,0.002174959482399838,0.0036267500384379574,-0.007336838052661127,0.03820168258892452,-0.00913228959287995,-4049.2724666509357,True
19,stress,10074,residual_corrected_nmpc,114.5,0.11718031721057368,0.026381908206558842,3.4796537779778505,0.11594216740988318,0.023899990050188245,3.4777843201560805,0.22306699321468826,-0.0019841503906249947,-0.1288805944824219,0.15306699321468825,0.29306699321468827,-0.08,0.08,-0.10588667600411458,0.028366058597183837,3.6085343724602725,held,0.0,0.0,8.849997539073229e-05,False,1.0,True,False,5.8748715673573315e-05,3.734081328730099e-05,5.8748715673573315e-05,5.8748715673573315e-05,4791.334437620936,0.07360678680472732,0.7829630520005345,-0.3500000099990215,-0.3500000099990215,-0.35000000999904346,-0.35,0.0,False,False,50667.91082763672,3389.5927045758044,11.487496078413374,0.0008166937242805592,4691.635407401605,1.1686194740754903,1.197072184874164,1.315775439579345,1.3899363884744338,0.2764832856885641,0.5,0.005223174260304792,0.002174959482399838,0.0036267500384379574,-0.007336838052661127,0.03820168258892452,-0.00913228959287995,-4049.2724666509357,True
19,stress,10074,residual_corrected_nmpc,115.0,0.11748854483850676,0.026477592536596282,3.492868665110682,0.12340741354765088,0.02890223308562468,3.4942709741213176,0.22204510236664166,-0.0019709155273437418,-0.12986938476562498,0.15204510236664165,0.29204510236664166,-0.08,0.08,-0.10455655752813489,0.028448508063940024,3.622738049876307,held,0.0,0.0,5.600001895800233e-05,False,1.0,True,False,5.8748715673573315e-05,3.734081328730099e-05,5.8748715673573315e-05,5.8748715673573315e-05,4959.9741825147075,0.07378484160308255,0.7850570033276781,-0.3500000099990215,-0.3500000099990215,-0.3500000099990251,-0.35,0.0,False,False,50519.59228515625,3377.9043726223863,11.447883747617162,0.0008360199797485199,4769.5934501854435,1.1686194740754903,1.197072184874164,1.315775439579345,1.3899363884744338,0.2764832856885641,0.5,0.005223174260304792,0.002174959482399838,0.0036267500384379574,-0.007336838052661127,0.03820168258892452,-0.00913228959287995,-4049.2724666509357,True
19,stress,10074,residual_corrected_nmpc,115.5,0.11781078207743483,0.026576640775976747,3.5061322361285048,0.10849556820981633,0.024392784396082258,3.508384211895573,0.22102268325037566,-0.0019574902343750256,-0.13085151000976564,0.15102268325037566,0.29102268325037567,-0.08,0.08,-0.10321190117294084,0.028534131010351772,3.6369837461382706,held,0.0,0.0,5.1292008720338345e-05,False,1.0,True,False,5.8748715673573315e-05,3.734081328730099e-05,5.8748715673573315e-05,5.8748715673573315e-05,5129.718058296828,0.07395584030166166,0.7871387747711145,-0.3500000099990215,-0.3500000099990215,-0.3500000099990221,-0.35,0.0,False,False,50372.273498535156,3366.304705364795,11.408571905827854,0.0008556686639151269,4848.2218026088185,1.1686194740754903,1.197072184874164,1.315775439579345,1.3899363884744338,0.2764832856885641,0.5,0.005223174260304792,0.002174959482399838,0.0036267500384379574,-0.007336838052661127,0.03820168258892452,-0.00913228959287995,-4049.2724666509357,True
19,stress,10074,residual_corrected_nmpc,116.0,0.11814716762781353,0.026679074712533477,3.519446178457522,0.11315409202247938,0.030604616519045506,3.5218920816430836,0.22000000000000003,-0.001943874511718735,-0.131826875,0.15000000000000002,0.29000000000000004,-0.08,0.08,-0.1018528323721865,0.028622949224252212,3.6512730534575217,Solve_Succeeded,0.036711417022161186,0.0004884579684585333,0.06636979099130258,False,1.0,True,False,5.984696326777339e-05,3.5421796019363684e-05,5.984696326777339e-05,5.984696326777339e-05,5300.492158528071,0.07411970341155424,0.7892081199700104,-0.35000000999407255,-0.3500000099990215,-0.3500000099990216,-0.35,0.0,False,False,50225.96875,3354.794644306886,11.369563743848234,0.0008756391150203583,4927.504615650166,1.1686194740754903,1.197072184874164,1.315775439579345,1.3899363884744338,0.2764832856885641,0.5,0.005223174260304792,0.002174959482399838,0.0036267500384379574,-0.007336838052661127,0.03820168258892452,-0.00913228959287995,-4049.2724666509357,True
19,stress,10074,residual_corrected_nmpc,116.5,0.11849783570154739,0.026784914653039355,3.5328121900478306,0.11994225717107529,0.025023472854013292,3.5309232324878397,0.21897731674962437,-0.0019300683593749812,-0.13279538452148437,0.14897731674962436,0.28897731674962435,-0.08,0.08,-0.10047948104807698,0.028714983012414336,3.665607574569315,held,0.0,0.0,8.02910071797669e-05,False,1.0,True,False,5.984696326777339e-05,3.5421796019363684e-05,5.984696326777339e-05,5.984696326777339e-05,5472.219655154834,0.07427635308082398,0.7912647921464034,-0.35000000999407255,-0.35000000999407255,-0.35000000999488373,-0.35,0.0,False,False,50080.692321777344,3343.3751295276165,11.330862447652041,0.0008959303642830949,5007.4252515241,1.1686194740754903,1.197072184874164,1.315775439579345,1.3899363884744338,0.2764832856885641,0.5,0.005223174260304792,0.002174959482399838,0.0036267500384379574,-0.007336838052661127,0.03820168258892452,-0.00913228959287995,-4049.2724666509357,True
19,stress,10074,residual_corrected_nmpc,117.0,0.11886291577425474,0.026894179365098664,3.5462319786183363,0.11046019779360847,0.027178760990621973,3.540988853805922,0.2179548976333584,-0.001916071777343764,-0.133756943359375,0.1479548976333584,0.2879548976333584,-0.08,0.08,-0.09909198185910366,0.028810251142442428,3.6799889219777113,held,0.0,0.0,5.51670091226697e-05,False,1.0,True,False,5.984696326777339e-05,3.5421796019363684e-05,5.984696326777339e-05,5.984696326777339e-05,5644.820814630998,0.07442571318229704,0.7933085441232226,-0.35000000999407255,-0.35000000999407255,-0.3500000099942055,-0.35,0.0,False,False,49936.45849609375,3332.047099690892,11.292471198417331,0.0009165411249769711,5087.966276823633,1.1686194740754903,1.197072184874164,1.315775439579345,1.3899363884744338,0.2764832856885641,0.5,0.005223174260304792,0.002174959482399838,0.0036267500384379574,-0.007336838052661127,0.03820168258892452,-0.00913228959287995,-4049.2724666509357,True
19,stress,10074,residual_corrected_nmpc,117.5,0.11924253233590637,0.027006886019381535,3.559707260872698,0.1277728068996065,0.025815553474826138,3.5587176166865278,0.2169330067853118,-0.0019018847656250282,-0.13471145629882814,0.1469330067853118,0.2869330067853118,-0.08,0.08,-0.09769047444940543,0.028908770785006564,3.6944187171715264,held,0.0,0.0,5.2916991990059614e-05,False,1.0,True,False,5.984696326777339e-05,3.5421796019363684e-05,5.984696326777339e-05,5.984696326777339e-05,5818.213019503056,0.07456770940174891,0.7953391283425101,-0.35000000999407255,-0.35000000999407255,-0.35000000999409436,-0.35,0.0,False,False,49793.28155517578,3320.8114920552794,11.2543931725594,0.0009374697815386528,5169.109456295702,1.1686194740754903,1.197072184874164,1.315775439579345,1.3899363884744338,0.2764832856885641,0.5,0.005223174260304792,0.002174959482399838,0.0036267500384379574,-0.007336838052661127,0.03820168258892452,-0.00913228959287995,-4049.2724666509357,True
19,stress,10074,residual_corrected_nmpc,118.0,0.1196368046401953,0.02712305013231048,3.5732397616865037,0.13426549571348068,0.02473469572363703,3.5759927642096465,0.2159119083395943,-0.001887507324218718,-0.13565882812500002,0.1459119083395943,0.28591190833959435,-0.08,0.08,-0.09627510369939901,0.0290105574565292,3.7088985898115037,Solve_Succeeded,0.03724470903398469,0.0004267080221325159,0.06700112501857802,False,1.0,True,False,6.110804679337889e-05,3.347377605678048e-05,6.110804679337889e-05,6.110804679337889e-05,5992.310795590781,0.07470226932636045,0.797356296883841,-0.3500000099981049,-0.35000000999407255,-0.3500000099940761,-0.35,0.0,False,False,49651.17578125,3309.669242483622,11.216631541763368,0.0009587143787311368,5250.835747273646,1.1686194740754903,1.197072184874164,1.315775439579345,1.3899363884744338,0.2764832856885641,0.5,0.005223174260304792,0.002174959482399838,0.0036267500384379574,-0.007336838052661127,0.03820168258892452,-0.00913228959287995,-4049.2724666509357,True
19,stress,10074,residual_corrected_nmpc,118.5,0.12004584645301135,0.027242685509310954,3.586831213265925,0.13364461277276413,0.027911476280728674,3.5850779461412894,0.2148918664303156,-0.0018729394531249999,-0.13659896362304685,0.1448918664303156,0.2848918664303156,-0.08,0.08,-0.09484601997730426,0.029115624962435954,3.723430176888972,held,0.0,0.0,8.170900400727987e-05,False,1.0,True,False,6.110804679337889e-05,3.347377605678048e-05,6.110804679337889e-05,6.110804679337889e-05,6167.025844885141,0.07482932253331154,0.7993598014829447,-0.3500000099981049,-0.3500000099981049,-0.3500000099974445,-0.35,0.0,False,False,49510.15545654297,3298.6212854525365,11.179189473016363,0.0009802726108856308,5333.125294789664,1.1686194740754903,1.197072184874164,1.315775439579345,1.3899363884744338,0.2764832856885641,0.5,0.005223174260304792,0.002174959482399838,0.0036267500384379574,-0.007336838052661127,0.03820168258892452,-0.00913228959287995,-4049.2724666509357,True
19,stress,10074,residual_corrected_nmpc,119.0,0.12046976580040819,0.02736580418874026,3.6004833542781687,0.11640218170911447,0.027148398594672805,3.594986039433868,0.2138731451915853,-0.001858181152343763,-0.13753176757812502,0.14387314519158528,0.2838731451915853,-0.08,0.08,-0.0934033793911771,0.029223985341084023,3.738015121856294,held,0.0,0.0,5.500001134350896e-05,False,1.0,True,False,6.110804679337889e-05,3.347377605678048e-05,6.110804679337889e-05,6.110804679337889e-05,6342.267084274233,0.07494880067837371,0.8013493935505227,-0.3500000099981049,-0.3500000099981049,-0.35000000999799663,-0.35,0.0,False,False,49370.23486328125,3287.6685540618005,11.14207012863934,0.0010021418112465604,5415.957427390048,1.1686194740754903,1.197072184874164,1.315775439579345,1.3899363884744338,0.2764832856885641,0.5,0.005223174260304792,0.002174959482399838,0.0036267500384379574,-0.007336838052661127,0.03820168258892452,-0.00913228959287995,-4049.2724666509357,True
19,stress,10074,residual_corrected_nmpc,119.5,0.12090866471646501,0.02749241638661131,3.6141979289540864,0.13105848822250382,0.024975578075277543,3.6092870444143714,0.21285600875751315,-0.0018432324218750074,-0.13845714477539062,0.14285600875751314,0.28285600875751316,-0.08,0.08,-0.09194734404104814,0.02933564880848632,3.752655073729477,held,0.0,0.0,5.16669824719429e-05,False,1.0,True,False,6.110804679337889e-05,3.347377605678048e-05,6.110804679337889e-05,6.110804679337889e-05,6517.940690195884,0.07506063758435993,0.8033248241912663,-0.3500000099981049,-0.3500000099981049,-0.3500000099980871,-0.35,0.0,False,False,49231.42828369141,3276.811980043634,11.105276666318533,0.0010243189414451616,5499.310653675269,1.1686194740754903,1.197072184874164,1.315775439579345,1.3899363884744338,0.2764832856885641,0.5,0.005223174260304792,0.002174959482399838,0.0036267500384379574,-0.007336838052661127,0.03820168258892452,-0.00913228959287995,-4049.2724666509357,True
19,stress,10074,residual_corrected_nmpc,120.0,0.1213626389914587,0.0276225304422296,3.6279766861633753,0.13306568343429728,0.02568323135769422,3.6345560468003106,0.21184072126220888,-0.0018280932617187884,-0.13937500000000003,0.14184072126220887,0.2818407212622089,-0.08,0.08,-0.09047808227075017,0.029450623703948388,3.7673516861633756,Solve_Succeeded,0.0353737500263378,0.000550959026440978,0.06562941597076133,False,1.0,True,False,6.160440534586087e-05,3.144460260955384e-05,6.160440534586087e-05,6.160440534586087e-05,6693.950149303163,0.07516476932928501,0.8052858442230727,-0.3500000099952903,-0.3500000099981049,-0.350000009998102,-0.35,0.0,False,False,49093.75,3266.0524937718724,11.068812239136545,0.0010468005811280867,5583.162659586637,1.1686194740754903,1.197072184874164,1.315775439579345,1.3899363884744338,0.2764832856885641,0.5,0.005223174260304792,0.002174959482399838,0.0036267500384379574,-0.007336838052661127,0.03820168258892452,-0.00913228959287995,-4049.2724666509357,True
19,stress,10074,residual_corrected_nmpc,120.5,0.12183177792077558,0.027756152764863436,3.6418213784628533,0.12851540796856015,0.027259010755913252,3.6490954453426423,0.21082754683978214,-0.001812763671874995,-0.1402852380371094,0.14082754683978213,0.28082754683978217,-0.08,0.08,-0.08899576891900655,0.02956891643673843,3.782106616499963,held,0.0,0.0,8.533394429832697e-05,False,1.0,True,False,6.160440534586087e-05,3.144460260955384e-05,6.160440534586087e-05,6.160440534586087e-05,6870.196315215194,0.07526113433408572,0.807232204196456,-0.3500000099952903,-0.3500000099952903,-0.35000000999575115,-0.35,0.0,False,False,48957.214294433594,3255.391024271041,11.032679995603099,0.0010695829177682931,5667.4903064604105,1.1686194740754903,1.197072184874164,1.315775439579345,1.3899363884744338,0.2764832856885641,0.5,0.005223174260304792,0.002174959482399838,0.0036267500384379574,-0.007336838052661127,0.03820168258892452,-0.00913228959287995,-4049.2724666509357,True
19,stress,10074,residual_corrected_nmpc,121.0,0.12231616405500413,0.02789328778156887,3.6557337611183547,0.12272898866484545,0.027265515742705224,3.662244564882802,0.20981674962434263,-0.0017972436523437385,-0.14118776367187502,0.13981674962434262,0.27981674962434266,-0.08,0.08,-0.0875005855693385,0.02969053143391261,3.7969215247902297,held,0.0,0.0,5.58749889023602e-05,False,1.0,True,False,6.160440534586087e-05,3.144460260955384e-05,6.160440534586087e-05,6.160440534586087e-05,7046.5774714122335,0.07534967344974684,0.8091636544141589,-0.3500000099952903,-0.3500000099952903,-0.35000000999536585,-0.35,0.0,False,False,48821.83544921875,3244.8284992253148,10.996883079685405,0.0010926617366864306,5752.269629869893,1.1686194740754903,1.197072184874164,1.315775439579345,1.3899363884744338,0.2764832856885641,0.5,0.005223174260304792,0.002174959482399838,0.0036267500384379574,-0.007336838052661127,0.03820168258892452,-0.00913228959287995,-4049.2724666509357,True
19,stress,10074,residual_corrected_nmpc,121.5,0.12281587295166202,0.0280339378862918,3.6697155911008594,0.12115990260808546,0.02867094267086575,3.6696535088944895,0.20880859375,-0.001781533203124963,-0.14208248168945314,0.13880859375,0.27880859375,-0.08,0.08,-0.08599272079833797,0.029815471089416762,3.8117980727903125,held,0.0,0.0,5.4292031563818455e-05,False,1.0,True,False,6.160440534586087e-05,3.144460260955384e-05,6.160440534586087e-05,6.160440534586087e-05,7222.989400318523,0.07543033004367398,0.8110799449509581,-0.3500000099952903,-0.3500000099952903,-0.3500000099953027,-0.35,0.0,False,False,48687.62774658203,3234.365844987393,10.961424630838241,0.0011160324113117107,5837.475839275112,1.1686194740754903,1.197072184874164,1.315775439579345,1.3899363884744338,0.2764832856885641,0.5,0.005223174260304792,0.002174959482399838,0.0036267500384379574,-0.007336838052661127,0.03820168258892452,-0.00913228959287995,-4049.2724666509357,True
19,stress,10074,residual_corrected_nmpc,122.0,0.12333097292902159,0.028178103390370593,3.6837686260575175,0.12979099506180977,0.025648044789054837,3.6829986544621685,0.20780334335086403,-0.0017656323242187244,-0.14296929687499998,0.13780334335086403,0.27780334335086404,-0.08,0.08,-0.08447237042184244,0.029943735714589317,3.8267379229325176,Solve_Succeeded,0.035815667011775076,0.00048474996583536267,0.06518137495731935,False,1.0,True,False,6.192705768626183e-05,2.943421004601987e-05,6.192705768626183e-05,6.192705768626183e-05,7399.325458601182,0.07550305008515311,0.8129808256736674,-0.3500000099926651,-0.3500000099952903,-0.35000000999529235,-0.35,0.0,False,False,48554.60546875,3224.003986587259,10.926307784033632,0.0011396898937120676,5923.083318498946,1.1686194740754903,1.197072184874164,1.315775439579345,1.3899363884744338,0.2764832856885641,0.5,0.005223174260304792,0.002174959482399838,0.0036267500384379574,-0.007336838052661127,0.03820168258892452,-0.00913228959287995,-4049.2724666509357,True
19,stress,10074,residual_corrected_nmpc,122.5,0.12386152482250842,0.02832578247456304,3.6978946232583083,0.12545329650840542,0.027806485724588312,3.7059346120092176,0.20680126256104436,-0.0017495410156250224,-0.14384811401367187,0.13680126256104436,0.27680126256104437,-0.08,0.08,-0.08293973773853594,0.03007532349018806,3.8417427372719803,held,0.0,0.0,6.979098543524742e-05,False,1.0,True,False,6.192705768626183e-05,2.943421004601987e-05,6.192705768626183e-05,6.192705768626183e-05,7575.476658697807,0.07556778222973129,0.8148660462613366,-0.3500000099926651,-0.3500000099926651,-0.3500000099930958,-0.35,0.0,False,False,48422.78289794922,3213.743847740855,10.89153566979025,0.0011636287054242118,6009.0656270481095,1.1686194740754903,1.197072184874164,1.315775439579345,1.3899363884744338,0.2764832856885641,0.5,0.005223174260304792,0.002174959482399838,0.0036267500384379574,-0.007336838052661127,0.03820168258892452,-0.00913228959287995,-4049.2724666509357,True
19,stress,10074,residual_corrected_nmpc,123.0,0.12440758174415635,0.028476971142721536,3.712095338519122,0.12323615329528612,0.02573888143728916,3.705888125448354,0.20580261551465062,-0.001733259277343746,-0.144718837890625,0.13580261551465062,0.27580261551465063,-0.08,0.08,-0.08139503377049427,0.030210230420065282,3.856814176409747,held,0.0,0.0,5.241698818281293e-05,False,1.0,True,False,6.192705768626183e-05,2.943421004601987e-05,6.192705768626183e-05,6.192705768626183e-05,7751.331756567947,0.07562447790235219,0.8167353562256445,-0.3500000099926651,-0.3500000099926651,-0.35000000999273573,-0.35,0.0,False,False,48292.17431640625,3203.5863508586476,10.857111414202452,0.0011878429286148187,6095.39550229609,1.1686194740754903,1.197072184874164,1.315775439579345,1.3899363884744338,0.2764832856885641,0.5,0.005223174260304792,0.002174959482399838,0.0036267500384379574,-0.007336838052661127,0.03820168258892452,-0.00913228959287995,-4049.2724666509357,True
19,stress,10074,residual_corrected_nmpc,123.5,0.12496918884561109,0.028631663177240394,3.726372525102121,0.1214442270673157,0.02675265396314733,3.719462279519629,0.20480766634579267,-0.0017167871093750064,-0.14558137329101561,0.13480766634579266,0.2748076663457927,-0.08,0.08,-0.07983847750018158,0.0303484502866154,3.8719538983931363,held,0.0,0.0,5.058303941041231e-05,False,1.0,True,False,6.192705768626183e-05,2.943421004601987e-05,6.192705768626183e-05,6.192705768626183e-05,7926.777345647372,0.07567309137907746,0.8185885049314899,-0.3500000099926651,-0.3500000099926651,-0.35000000999267666,-0.35,0.0,False,False,48162.79400634766,3193.5324170541107,10.82303813896902,0.0012123261976048105,6182.044862544715,1.1686194740754903,1.197072184874164,1.315775439579345,1.3899363884744338,0.2764832856885641,0.5,0.005223174260304792,0.002174959482399838,0.0036267500384379574,-0.007336838052661127,0.03820168258892452,-0.00913228959287995,-4049.2724666509357,True
19,stress,10074,residual_corrected_nmpc,124.0,0.1255463830851816,0.028789850096398447,3.7407279325942944,0.1352596143694798,0.02990394422268958,3.7407696365029794,0.20381667918858004,-0.001700124511718748,-0.146435625,0.13381667918858003,0.27381667918858005,-0.08,0.08,-0.07827029610339845,0.030489974608117195,3.8871635575942944,Solve_Succeeded,0.030084499972872436,0.00039499998092651367,0.05924441700335592,False,1.0,True,False,6.279203080339357e-05,2.7553045219974594e-05,6.279203080339357e-05,6.279203080339357e-05,8101.697956965826,0.0757135798672213,0.8204252416177731,-0.35000000912573387,-0.3500000099926651,-0.350000009992667,-0.35,0.0,False,False,48034.65624999999,3183.5829661521066,10.789318961421568,0.0012370716907892782,6268.984810979977,1.1686194740754903,1.197072184874164,1.315775439579345,1.3899363884744338,0.2764832856885641,0.5,0.005223174260304792,0.002174959482399838,0.0036267500384379574,-0.007336838052661127,0.03820168258892452,-0.00913228959287995,-4049.2724666509357,True
19,stress,10074,residual_corrected_nmpc,124.5,0.12613919299944437,0.028951521113719465,3.755163305765194,0.1240778144469615,0.03280998838737494,3.757179851037744,0.2028299181771225,-0.0016832714843749708,-0.14728149780273436,0.1328299181771225,0.27282991817712254,-0.08,0.08,-0.07669072517767814,0.030634792598094436,3.9024448035679287,held,0.0,0.0,6.17500045336783e-05,False,1.0,True,False,6.279203080339357e-05,2.7553045219974594e-05,6.279203080339357e-05,6.279203080339357e-05,8275.976165370863,0.07574590358372722,0.8222453154183749,-0.35000000912573387,-0.35000000912573387,-0.3500000092678343,-0.35,0.0,False,False,47907.77532958985,3173.738916697176,10.755956994552639,0.0012620721229860748,6356.185640536531,1.1686194740754903,1.197072184874164,1.315775439579345,1.3899363884744338,0.2764832856885641,0.5,0.005223174260304792,0.002174959482399838,0.0036267500384379574,-0.007336838052661127,0.03820168258892452,-0.00913228959287995,-4049.2724666509357,True
19,stress,10074,residual_corrected_nmpc,125.0,0.1267476384799115,0.02911666309947149,3.7696803834048755,0.1302618958892532,0.029096079382957805,3.7734262880098344,0.2018476474455297,-0.0016662280273437857,-0.14811889648437498,0.13184764744552968,0.2718476474455297,-0.08,0.08,-0.07510000896561819,0.030782891126815277,3.9177992798892505,held,0.0,0.0,5.233305273577571e-05,False,1.0,True,False,6.279203080339357e-05,2.7553045219974594e-05,6.279203080339357e-05,6.279203080339357e-05,8449.492701783009,0.07577002583161142,0.8240484753833285,-0.35000000912573387,-0.35000000912573387,-0.3500000091490258,-0.35,0.0,False,False,47782.16552734375,3164.0011859617425,10.722955347043506,0.0012873197382467288,6443.616839685159,1.1686194740754903,1.197072184874164,1.315775439579345,1.3899363884744338,0.2764832856885641,0.5,0.005223174260304792,0.002174959482399838,0.0036267500384379574,-0.007336838052661127,0.03820168258892452,-0.00913228959287995,-4049.2724666509357,True
19,stress,10074,residual_corrected_nmpc,125.5,0.127371730555276,0.029285260544424718,3.7842808971431596,0.13820305617786482,0.02585582379722554,3.777185109172048,0.20087013112791136,-0.0016489941406250264,-0.14894772583007815,0.13087013112791135,0.27087013112791136,-0.08,0.08,-0.07349840057263535,0.030934254685049744,3.9332286229732376,held,0.0,0.0,4.9458001740276814e-05,False,1.0,True,False,6.279203080339357e-05,2.7553045219974594e-05,6.279203080339357e-05,6.279203080339357e-05,8622.126571386685,0.07578591307429904,0.8258344705001837,-0.35000000912573387,-0.35000000912573387,-0.3500000091295517,-0.35,0.0,False,False,47657.84112548828,3154.3706899542217,10.69031712329166,0.0013128063031635016,6531.247099155211,1.1686194740754903,1.197072184874164,1.315775439579345,1.3899363884744338,0.2764832856885641,0.5,0.005223174260304792,0.002174959482399838,0.0036267500384379574,-0.007336838052661127,0.03820168258892452,-0.00913228959287995,-4049.2724666509357,True
19,stress,10074,residual_corrected_nmpc,126.0,0.1280114711797521,0.029457295525985517,3.798966570251361,0.1307228346268978,0.028102346086042174,3.8048505757821727,0.19989763335837718,-0.0016315698242187482,-0.149767890625,0.12989763335837717,0.2698976333583772,-0.08,0.08,-0.07188616217862509,0.031088865350204265,3.948734460876361,Solve_Succeeded,0.03146533400285989,0.0003867910127155483,0.06059445801656693,False,1.0,True,False,6.286610732786357e-05,2.5702589846332556e-05,6.286610732786357e-05,6.286610732786357e-05,8793.75517764486,0.07579353500767788,0.8276030497155658,-0.35000000937405773,-0.35000000912573387,-0.35000000912635965,-0.35,0.0,False,False,47534.81640625,3144.848343427045,10.658045423437997,0.0013385231007069876,6619.04431960436,1.1686194740754903,1.197072184874164,1.315775439579345,1.3899363884744338,0.2764832856885641,0.5,0.005223174260304792,0.002174959482399838,0.0036267500384379574,-0.007336838052661127,0.03820168258892452,-0.00913228959287995,-4049.2724666509357,True
19,stress,10074,residual_corrected_nmpc,126.5,0.1286668530280277,0.029632747676821877,3.8137391164277084,0.12926824179034913,0.029915699968325868,3.8083539222715075,0.19893041827103683,-0.0016139550781250067,-0.1505792956542969,0.12893041827103682,0.2689304182710368,-0.08,0.08,-0.07026356524300914,0.031246702754946884,3.9643184120820054,held,0.0,0.0,0.00016504101222380996,False,1.0,True,False,6.286610732786357e-05,2.5702589846332556e-05,6.286610732786357e-05,6.286610732786357e-05,8964.254452004268,0.07579286462969474,0.8293539619569262,-0.35000000937405773,-0.35000000937405773,-0.3500000093334571,-0.35,0.0,False,False,47413.10565185547,3135.4350598845976,10.626143343393725,0.0013644609246287118,6706.975620246011,1.1686194740754903,1.197072184874164,1.315775439579345,1.3899363884744338,0.2764832856885641,0.5,0.005223174260304792,0.002174959482399838,0.0036267500384379574,-0.007336838052661127,0.03820168258892452,-0.00913228959287995,-4049.2724666509357,False
19,stress,10074,residual_corrected_nmpc,127.0,0.12933785929734778,0.029811594156092774,3.828600238567727,0.12269602127527604,0.029671428684120673,3.8300438519879934,0.19796875000000003,-0.0015961499023437464,-0.15138184570312502,0.12796875000000002,0.26796875000000003,-0.08,0.08,-0.06863089070265224,0.03140774405843652,3.979982084270852,held,0.0,0.0,8.099997648969293e-05,False,1.0,True,False,6.286610732786357e-05,2.5702589846332556e-05,6.286610732786357e-05,6.286610732786357e-05,9133.498989139935,0.07578387830732021,0.8310869561544854,-0.35000000937405773,-0.35000000937405773,-0.35000000936740283,-0.35,0.0,False,False,47292.72314453125,3126.131751591069,10.594613974866968,0.0013906100744634274,6795.007348444055,1.1686194740754903,1.197072184874164,1.315775439579345,1.3899363884744338,0.2764832856885641,0.5,0.005223174260304792,0.002174959482399838,0.0036267500384379574,-0.007336838052661127,0.03820168258892452,-0.00913228959287995,-4049.2724666509357,False
19,stress,10074,residual_corrected_nmpc,127.5,0.13002446351724511,0.029993809623390905,3.843551627520913,0.1440656721295003,0.030558965685064964,3.8386445856734976,0.19701289267937644,-0.0015781542968750228,-0.15217544555664064,0.12701289267937643,0.26701289267937645,-0.08,0.08,-0.06698842916213132,0.03157196392026593,3.995727073077554,held,0.0,0.0,5.3499999921768904e-05,False,1.0,True,False,6.286610732786357e-05,2.5702589846332556e-05,6.286610732786357e-05,6.286610732786357e-05,9301.362187567942,0.07576655584070863,0.832801781263368,-0.35000000937405773,-0.35000000937405773,-0.35000000937296694,-0.35,0.0,False,False,47173.683166503906,3116.9393295782206,10.563460405389087,0.00141696035116586,6883.105090283425,1.1686194740754903,1.197072184874164,1.315775439579345,1.3899363884744338,0.2764832856885641,0.5,0.005223174260304792,0.002174959482399838,0.0036267500384379574,-0.007336838052661127,0.03820168258892452,-0.00913228959287995,-4049.2724666509357,False
19,stress,10074,residual_corrected_nmpc,128.0,0.13072662936743182,0.030179366215504686,3.858594960835084,0.1308237039063329,0.025811697380777963,3.858469415101297,0.19606311044327573,-0.0015599682617187804,-0.15296000000000004,0.12606311044327573,0.26606311044327574,-0.08,0.08,-0.06533648107584392,0.03173933447722346,4.011554960835084,Solve_Succeeded,0.03077058302005753,0.00043412501690909266,0.058726874995045364,False,1.0,True,False,6.308990850811824e-05,2.4005949671845884e-05,6.308990850811824e-05,6.308990850811824e-05,9467.716395436652,0.0757408805243818,0.8344981862859295,-0.3500000089245339,-0.35000000937405773,-0.35000000937387893,-0.35,0.0,False,False,47055.99999999999,3107.8587036530726,10.532685718340742,0.0014435010534166236,6971.2336821239505,1.1686194740754903,1.197072184874164,1.315775439579345,1.3899363884744338,0.2764832856885641,0.5,0.005223174260304792,0.002174959482399838,0.0036267500384379574,-0.007336838052661127,0.03820168258892452,-0.00913228959287995,-4049.2724666509357,False
19,stress,10074,residual_corrected_nmpc,128.5,0.1314443105043617,0.03036823352610155,3.8737319014898386,0.1311712793632986,0.030014811284448523,3.8731714498304024,0.1951196674258077,-0.0015415917968749637,-0.15373541381835942,0.12511966742580768,0.2651196674258077,-0.08,0.08,-0.06367535692144599,0.03190982532297651,4.027467315308198,held,0.0,0.0,6.766704609617591e-05,False,1.0,True,False,6.308990850811824e-05,2.4005949671845884e-05,6.308990850811824e-05,6.308990850811824e-05,9632.433061286873,0.07570683920526669,0.8361759202942732,-0.3500000089245339,-0.3500000089245339,-0.35000000899818684,-0.35,0.0,False,False,46939.687927246094,3098.8907824055045,10.502292992977637,0.001470220974631888,7059.357223143601,1.1686194740754903,1.197072184874164,1.315775439579345,1.3899363884744338,0.2764832856885641,0.5,0.005223174260304792,0.002174959482399838,0.0036267500384379574,-0.007336838052661127,0.03820168258892452,-0.00913228959287995,-4049.2724666509357,False
19,stress,10074,residual_corrected_nmpc,129.0,0.13217745039696677,0.030560378588430324,3.888964096620616,0.13381628673248563,0.030992484919884992,3.889718981377677,0.19418282776108192,-0.0015230249023436837,-0.154501591796875,0.12418282776108192,0.26418282776108193,-0.08,0.08,-0.062005377364115155,0.03208340349077401,4.043465688417491,held,0.0,0.0,5.504197906702757e-05,False,1.0,True,False,6.308990850811824e-05,2.4005949671845884e-05,6.308990850811824e-05,6.308990850811824e-05,9795.38288955349,0.0756644223374208,0.8378347324529601,-0.3500000089245339,-0.3500000089245339,-0.3500000089366065,-0.35,0.0,False,False,46824.76123046875,3090.036473215777,10.472285304456019,0.0014971084007111785,7147.439088876417,1.1686194740754903,1.197072184874164,1.315775439579345,1.3899363884744338,0.2764832856885641,0.5,0.005223174260304792,0.002174959482399838,0.0036267500384379574,-0.007336838052661127,0.03820168258892452,-0.00913228959287995,-4049.2724666509357,False
19,stress,10074,residual_corrected_nmpc,129.5,0.13292598217206444,0.030755765861135834,3.904293176234881,0.13816399476612812,0.027883286455854583,3.907108523143457,0.19325285558320815,-0.001504267578124996,-0.1552584387207031,0.12325285558320814,0.26325285558320816,-0.08,0.08,-0.060326873411143705,0.03226003343926083,4.059551614955584,held,0.0,0.0,5.116598913446069e-05,False,1.0,True,False,6.308990850811824e-05,2.4005949671845884e-05,6.308990850811824e-05,6.308990850811824e-05,9956.436000561425,0.07561362403328015,0.8394743720419061,-0.3500000089245339,-0.3500000089245339,-0.3500000089265128,-0.35,0.0,False,False,46711.23419189453,3081.2966822619824,10.442665723857933,0.0015241511085572782,7235.4419457489075,1.1686194740754903,1.197072184874164,1.315775439579345,1.3899363884744338,0.2764832856885641,0.5,0.005223174260304792,0.002174959482399838,0.0036267500384379574,-0.007336838052661127,0.03820168258892452,-0.00913228959287995,-4049.2724666509357,False
19,stress,10074,residual_corrected_nmpc,130.0,0.1336898284699231,0.030954357217273826,3.9197207519220174,0.12380274043336534,0.03121755906128272,3.917112384777855,0.19233001502629604,-0.0014853198242187893,-0.156005859375,0.12233001502629604,0.26233001502629605,-0.08,0.08,-0.05864018655637293,0.032439677041492615,4.075726611297018,Solve_Succeeded,0.031970541982445866,0.0006181659991852939,0.06008475000271574,False,1.0,True,False,6.341874541249126e-05,2.2480692132376133e-05,6.341874541249126e-05,6.341874541249126e-05,10115.462094751525,0.07555444211127144,0.8410945884794722,-0.35000000590392394,-0.3500000089245339,-0.3500000089248583,-0.35,0.0,False,False,46599.12109375,3072.6723145274013,10.413437318216143,0.0015513363654018244,7323.327766617698,1.1686194740754903,1.197072184874164,1.315775439579345,1.3899363884744338,0.2764832856885641,0.5,0.005223174260304792,0.002174959482399838,0.0036267500384379574,-0.007336838052661127,0.03820168258892452,-0.00913228959287995,-4049.2724666509357,False
19,stress,10074,residual_corrected_nmpc,130.5,0.13446890131046316,0.031156111936609047,3.9352484155585516,0.1303442050321123,0.03012056226596445,3.94226997549142,0.1914145702244553,-0.0014661816406250083,-0.1567437585449219,0.12141457022445529,0.2614145702244553,-0.08,0.08,-0.05694566891399214,0.032622293577234056,4.091992174103473,held,0.0,0.0,8.508400060236454e-05,False,1.0,True,False,6.341874541249126e-05,2.2480692132376133e-05,6.341874541249126e-05,6.341874541249126e-05,10272.330620854125,0.07548687813963052,0.8426951313457428,-0.35000000590392394,-0.35000000590392394,-0.35000000639909035,-0.35,0.0,False,False,46488.43621826172,3064.164273807798,10.384603150538863,0.0015786509289695931,7411.057847310317,1.1686194740754903,1.197072184874164,1.315775439579345,1.3899363884744338,0.2764832856885641,0.5,0.005223174260304792,0.002174959482399838,0.0036267500384379574,-0.007336838052661127,0.03820168258892452,-0.00913228959287995,-4049.2724666509357,False
19,stress,10074,residual_corrected_nmpc,131.0,0.1352631019705589,0.031360986701273505,3.9508777380103623,0.13712017925734202,0.03448043717640555,3.948864101605763,0.19050678531179568,-0.001446853027343764,-0.157472041015625,0.12050678531179568,0.2605067853117957,-0.08,0.08,-0.05524368334123678,0.03280783972861727,4.108349779025987,held,0.0,0.0,5.970796337351203e-05,False,1.0,True,False,6.341874541249126e-05,2.2480692132376133e-05,6.341874541249126e-05,6.341874541249126e-05,10426.910947709956,0.07541093747627717,0.844275750405994,-0.35000000590392394,-0.35000000590392394,-0.3500000059850875,-0.35,0.0,False,False,46379.19384765625,3055.7734627186314,10.356166279834195,0.0016060810485136916,7498.592824169043,1.1686194740754903,1.197072184874164,1.315775439579345,1.3899363884744338,0.2764832856885641,0.5,0.005223174260304792,0.002174959482399838,0.0036267500384379574,-0.007336838052661127,0.03820168258892452,-0.00913228959287995,-4049.2724666509357,False
19,stress,10074,residual_corrected_nmpc,131.5,0.1360723208728935,0.03156893559485591,3.96661026783358,0.13097220304538684,0.029235019411777963,3.9657923387084777,0.18960692442242677,-0.001427333984375001,-0.15819061157226566,0.11960692442242676,0.2596069244224268,-0.08,0.08,-0.053534603549533266,0.03299626957923091,4.1248008794058455,held,0.0,0.0,5.404202966019511e-05,False,1.0,True,False,6.341874541249126e-05,2.2480692132376133e-05,6.341874541249126e-05,6.341874541249126e-05,10579.072539422836,0.07532662930459877,0.8458361956343506,-0.35000000590392394,-0.35000000590392394,-0.3500000059172276,-0.35,0.0,False,False,46271.408264160156,3047.5007827021896,10.328129761134306,0.001633612466753206,7585.892692597502,1.1686194740754903,1.197072184874164,1.315775439579345,1.3899363884744338,0.2764832856885641,0.5,0.005223174260304792,0.002174959482399838,0.0036267500384379574,-0.007336838052661127,0.03820168258892452,-0.00913228959287995,-4049.2724666509357,False
19,stress,10074,residual_corrected_nmpc,132.0,0.13689643748680347,0.03177991010498697,3.9824475299759055,0.15139279210893059,0.02926164751961904,3.9871368599740413,0.18871525169045833,-0.0014076245117187192,-0.158899375,0.11871525169045832,0.25871525169045834,-0.08,0.08,-0.05181881420365486,0.03318753461670569,4.141346904975905,Solve_Succeeded,0.029716083023231477,0.0004697920521721244,0.05851291702128947,False,1.0,True,False,6.43604580545798e-05,2.1191963423916604e-05,6.43604580545798e-05,6.43604580545798e-05,10728.685133511775,0.0752339666650031,0.8473762172376315,-0.34999989148464383,-0.35000000590392394,-0.3500000059061046,-0.35,0.0,False,False,46165.09375,3039.3471340346637,10.300496645519406,0.001661230422743755,7672.916826607844,1.1686194740754903,1.197072184874164,1.315775439579345,1.3899363884744338,0.2764832856885641,0.5,0.005223174260304792,0.002174959482399838,0.0036267500384379574,-0.007336838052661127,0.03820168258892452,-0.00913228959287995,-4049.2724666509357,False
19,stress,10074,residual_corrected_nmpc,132.5,0.13773532024153345,0.03199385912947846,3.9983910244801093,0.13291258458686822,0.028482313742478678,4.002929236718112,0.18783203125000003,-0.001387724609374974,-0.15959823608398438,0.11783203125000002,0.25783203125000004,-0.08,0.08,-0.05009671100846658,0.033381583738853436,4.157989260564094,held,0.0,0.0,7.1333022788167e-05,False,1.0,True,False,6.43604580545798e-05,2.1191963423916604e-05,6.43604580545798e-05,6.43604580545798e-05,10875.613345247333,0.0751329384097681,0.8488955656793845,-0.34999989148464383,-0.34999989148464383,-0.34999991023965676,-0.34999991023965676,1.79520686427459e-07,False,False,46060.264587402344,3031.31341583313,10.273269980141405,0.001688919655710428,7759.623999365361,1.1686194740754903,1.197072184874164,1.315775439579345,1.3899363884744338,0.2764832856885641,0.5,0.005223174260304792,0.002174959482399838,0.0036267500384379574,-0.007336838052661127,0.03820168258892452,-0.00913228959287995,-4049.2724666509357,False
19,stress,10074,residual_corrected_nmpc,133.0,0.13858882642541748,0.032210728874552466,4.014442225163624,0.14546351102491603,0.02957931925080342,4.006231841529912,0.1869575272351615,-0.0013676342773437655,-0.16028709960937498,0.11695752723516151,0.2569575272351615,-0.08,0.08,-0.048368700809744036,0.03357836315189623,4.174729324772999,held,0.0,0.0,5.491595948114991e-05,False,1.0,True,False,6.43604580545798e-05,2.1191963423916604e-05,6.43604580545798e-05,6.43604580545798e-05,11019.7381000089,0.07502361656351988,0.850393991704108,-0.34999989148464383,-0.34999989148464383,-0.34999989455880937,-0.34999989455880937,3.136169479667217e-08,False,False,45956.93505859375,3023.4005260624763,10.246452808247394,0.0017166644098713215,7845.972404726378,1.1686194740754903,1.197072184874164,1.315775439579345,1.3899363884744338,0.2764832856885641,0.5,0.005223174260304792,0.002174959482399838,0.0036267500384379574,-0.007336838052661127,0.03820168258892452,-0.00913228959287995,-4049.2724666509357,False
19,stress,10074,residual_corrected_nmpc,133.5,0.1394568021507128,0.032430463181686735,4.030602578354405,0.13713380357643914,0.03490679732193551,4.032531399353878,0.1860920037800526,-0.0013473535156250382,-0.16096587036132814,0.1160920037800526,0.2560920037800526,-0.08,0.08,-0.04663520162933982,0.03377781669731177,4.191568448715733,held,0.0,0.0,5.079101538285613e-05,False,1.0,True,False,6.43604580545798e-05,2.1191963423916604e-05,6.43604580545798e-05,6.43604580545798e-05,11160.927344263499,0.07490600688124258,0.8518712463616613,-0.34999989148464383,-0.34999989148464383,-0.3499998919885354,-0.3499998919885354,5.14054787625895e-09,False,False,45855.11944580078,3015.6093615422524,10.22004816920285,0.0017444484402785205,7931.919679763726,1.1686194740754903,1.197072184874164,1.315775439579345,1.3899363884744338,0.2764832856885641,0.5,0.005223174260304792,0.002174959482399838,0.0036267500384379574,-0.007336838052661127,0.03820168258892452,-0.00913228959287995,-4049.2724666509357,False
19,stress,10074,residual_corrected_nmpc,134.0,0.14033908233561818,0.032653003268629785,4.046873501643769,0.14536583778228074,0.032162592102066546,4.044767664588022,0.18523572501878288,-0.0013268823242187366,-0.16163445312500002,0.11523572501878288,0.2552357250187829,-0.08,0.08,-0.044896642683164706,0.03397988559284852,4.208507954768769,Solve_Succeeded,0.032458042027428746,0.00042037502862513065,0.06214266695315018,False,1.0,True,False,6.450530781876296e-05,2.000541553570656e-05,6.450530781876296e-05,6.450530781876296e-05,11299.053062618674,0.07478013463313832,0.8533270810318607,0.010000110967164315,-0.34999989148464383,-0.34999989156723754,-0.34999989156723754,8.425957709334853e-10,False,False,45754.83203125,3007.9408179534475,10.194059098514616,0.0017722550197019793,8017.4229282733895,1.1686194740754903,1.197072184874164,1.315775439579345,1.3899363884744338,0.2764832856885641,0.5,0.005223174260304792,0.002174959482399838,0.0036267500384379574,-0.007336838052661127,0.03820168258892452,-0.00913228959287995,-4049.2724666509357,False
19,stress,10074,residual_corrected_nmpc,134.5,0.1412354906476001,0.03287828781079688,4.063256382594818,0.14445938456326957,0.03018095620551448,4.061256451891609,0.1843889550854621,-0.0013062207031249717,-0.16229275268554688,0.1143889550854621,0.2543889550854621,-0.08,0.08,-0.043153464437862,0.03418450851392185,4.225549135280365,held,0.0,0.0,8.833297761157155e-05,False,1.0,True,False,6.450530781876296e-05,2.000541553570656e-05,6.450530781876296e-05,6.450530781876296e-05,5555.267829194575,0.04630425074502517,0.8547612474492646,0.010000110967164315,0.010000110967164315,-0.049008091302985,-0.2599998915672376,0.17999999999999994,False,True,45656.087097167976,3000.3957898452063,10.168488627853662,0.0018000669465800079,8102.438745254364,1.1686194740754903,1.197072184874164,1.315775439579345,1.3899363884744338,0.2764832856885641,0.5,0.005223174260304792,0.002174959482399838,0.0036267500384379574,-0.007336838052661127,0.03820168258892452,-0.00913228959287995,-4049.2724666509357,False
19,stress,10074,residual_corrected_nmpc,135.0,0.14211749614165045,0.03298869485144497,4.079723186020876,0.14449855427286426,0.03176120661793655,4.083789346417757,0.1835519581141999,-0.0012853686523437435,-0.162940673828125,0.11355195811419988,0.2535519581141999,-0.08,0.08,-0.041434461972549436,0.03427406350378871,4.242663859849,held,0.0,0.0,5.7083030696958303e-05,False,1.0,True,False,6.450530781876296e-05,2.000541553570656e-05,6.450530781876296e-05,6.450530781876296e-05,-331.6737906309627,0.01773788442656689,0.856173497728144,0.010000110967164315,0.010000110967164315,0.000327977882048254,-0.16999989156723758,0.18,False,True,45558.89892578125,2992.97517064147,10.143339785077583,0.0018278665540584211,8186.923242352911,1.1686194740754903,1.197072184874164,1.315775439579345,1.3899363884744338,0.2764832856885641,0.5,0.005223174260304792,0.002174959482399838,0.0036267500384379574,-0.007336838052661127,0.03820168258892452,-0.00913228959287995,-4049.2724666509357,False
19,stress,10074,residual_corrected_nmpc,135.5,0.1429315236062109,0.03298140447854921,4.096215764627024,0.15002412725418607,0.03333150561411571,4.0991940109827665,0.18272499823910593,-0.0012643261718749965,-0.16357812133789063,0.11272499823910592,0.25272499823910594,-0.08,0.08,-0.03979347463289504,0.03424573065042421,4.259793885964914,held,0.0,0.0,5.5374985095113516e-05,False,1.0,True,False,6.450530781876296e-05,2.000541553570656e-05,6.450530781876296e-05,6.450530781876296e-05,-6356.435060468854,-0.010896550433115378,0.8575635843876396,0.010000110967164315,0.010000110967164315,0.008414735463130001,-0.07999989156723758,0.18,False,True,45463.281799316406,2985.6798526475577,10.118615594252912,0.001855635720138381,8270.832074260925,1.1686194740754903,1.197072184874164,1.315775439579345,1.3899363884744338,0.2764832856885641,0.5,0.005223174260304792,0.002174959482399838,0.0036267500384379574,-0.007336838052661127,0.03820168258892452,-0.00913228959287995,-4049.2724666509357,False
19,stress,10074,residual_corrected_nmpc,136.0,0.14362826873078163,0.0328537013176143,4.112674587476945,0.1340247013021454,0.030685155938178225,4.113733342392369,0.18190833959429,-0.0012430932617187862,-0.164205,0.11190833959429,0.25190833959429004,-0.08,0.08,-0.038280070863508375,0.03409679457933309,4.2768795874769445,Solve_Succeeded,0.03139133396325633,0.00047266698675230145,0.06149691698374227,False,1.0,True,False,5.893314664717764e-05,2.851051303878194e-05,5.893314664717764e-05,5.893314664717764e-05,-12496.107947459252,-0.039496020234524906,0.8589312603771045,-0.04199773857716534,0.010000110967164315,0.009740249417837639,0.009740249417837632,0.17948028197015042,False,False,45369.25,2978.5107270566778,10.094319075677182,0.0018833558789511172,8354.120466057731,1.1686194740754903,1.197072184874164,1.315775439579345,1.3899363884744338,0.2764832856885641,0.5,0.005223174260304792,0.002174959482399838,0.0036267500384379574,-0.007336838052661127,0.03820168258892452,-0.00913228959287995,-4049.2724666509357,False
19,stress,10074,residual_corrected_nmpc,136.5,0.14416238746586288,0.03260332607810134,4.129038880140282,0.1401292117826246,0.03314714665050586,4.131801409673035,0.1811022463138618,-0.0012216699218750016,-0.1648212145996094,0.11110224631386179,0.2511022463138618,-0.08,0.08,-0.03693985884799891,0.03382499599997634,4.293860094739891,held,0.0,0.0,8.037500083446503e-05,False,1.0,True,False,5.893314664717764e-05,2.851051303878194e-05,5.893314664717764e-05,5.893314664717764e-05,-9658.47045161396,-0.02597083851151058,0.8602762791016343,-0.04199773857716534,-0.04199773857716534,-0.03351727846836868,-0.03351727846836868,-0.08651505577241263,False,False,45276.817810058594,2971.468683956373,10.07045324590077,0.001911008033175261,8436.743241482416,1.1686194740754903,1.197072184874164,1.315775439579345,1.3899363884744338,0.2764832856885641,0.5,0.005223174260304792,0.002174959482399838,0.0036267500384379574,-0.007336838052661127,0.03820168258892452,-0.00913228959287995,-4049.2724666509357,False
19,stress,10074,residual_corrected_nmpc,137.0,0.1445360255995816,0.03240983568811539,4.145292195860962,0.14368771901040703,0.03194439854677339,4.145534936453601,0.18030698253193092,-0.0012000561523436981,-0.165426669921875,0.11030698253193091,0.25030698253193095,-0.08,0.08,-0.03577095693234933,0.03360989184045909,4.310718865782837,held,0.0,0.0,5.5917014833539724e-05,False,1.0,True,False,5.893314664717764e-05,2.851051303878194e-05,5.893314664717764e-05,5.893314664717764e-05,-9244.72144549922,-0.02382385825687719,0.86159839444778,-0.04199773857716534,-0.04199773857716534,-0.040607692182940705,-0.040607692182940705,-0.014180827429144047,False,False,45185.99951171875,2964.5546123349086,10.047021117748553,0.0019385727676104894,8518.654852123993,1.1686194740754903,1.197072184874164,1.315775439579345,1.3899363884744338,0.2764832856885641,0.5,0.005223174260304792,0.002174959482399838,0.0036267500384379574,-0.007336838052661127,0.03820168258892452,-0.00913228959287995,-4049.2724666509357,False
19,stress,10074,residual_corrected_nmpc,137.5,0.14478114168158382,0.032224725447394194,4.16145085284374,0.14569193981991144,0.03363529674570008,4.159173191596845,0.1795228123826071,-0.0011782519531250424,-0.1660212707519531,0.10952281238260708,0.2495228123826071,-0.08,0.08,-0.03474167070102327,0.033402977400519236,4.327472123595693,held,0.0,0.0,5.224999040365219e-05,False,1.0,True,False,5.893314664717764e-05,2.851051303878194e-05,5.893314664717764e-05,5.893314664717764e-05,-9224.421817542378,-0.02350683159821597,0.862897360809448,-0.04199773857716534,-0.04199773857716534,-0.04176989374878243,-0.04176989374878243,-0.0023244031316834446,False,False,45096.80938720703,2957.7694000875917,10.024025700341314,0.0019660302639184905,8599.809407514505,1.1686194740754903,1.197072184874164,1.315775439579345,1.3899363884744338,0.2764832856885641,0.5,0.005223174260304792,0.002174959482399838,0.0036267500384379574,-0.007336838052661127,0.03820168258892452,-0.00913228959287995,-4049.2724666509357,False
19,stress,10074,residual_corrected_nmpc,138.0,0.14491319212974227,0.03204011486038806,4.177517071940885,0.15517383477541624,0.03231128760258443,4.178565213910196,0.17875000000000002,-0.0011562573242187568,-0.16660492187500003,0.10875000000000001,0.24875000000000003,-0.08,0.08,-0.03383680787025775,0.03319637218460682,4.344121993815885,Solve_Succeeded,0.031904415984172374,0.0004470410058274865,0.06142970803193748,False,1.0,True,False,5.924874858465046e-05,3.0137275462038816e-05,5.924874858465046e-05,5.924874858465046e-05,-9261.504119043682,-0.023456109375748692,0.8641729331139841,0.31823011516076816,-0.04199773857716534,-0.041960392150429855,-0.041960392150429855,-0.00038099680329485575,False,False,45009.26171875,2951.1139340230284,10.001469999116953,0.0019933603165398412,8680.160706109977,1.1686194740754903,1.197072184874164,1.315775439579345,1.3899363884744338,0.2764832856885641,0.5,0.005223174260304792,0.002174959482399838,0.0036267500384379574,-0.007336838052661127,0.03820168258892452,-0.00913228959287995,-4049.2724666509357,False
19,stress,10074,residual_corrected_nmpc,138.5,0.14494391303842818,0.031854847947687406,4.193490814661574,0.15268487692933863,0.035525860510020636,4.191376670899467,0.1779888095182194,-0.0011340722656249524,-0.16717752807617187,0.1079888095182194,0.24798880951821942,-0.08,0.08,-0.033044896479791225,0.03298892021331236,4.360668342737746,held,0.0,0.0,8.316599996760488e-05,False,1.0,True,False,5.924874858465046e-05,3.0137275462038816e-05,5.924874858465046e-05,5.924874858465046e-05,-15737.901089326824,-0.05212381957760245,0.8654248668484424,0.31823011516076816,0.31823011516076816,0.25919068693416475,0.04803960784957014,0.18,False,True,44923.37078857422,2944.589099869325,9.979357015851507,0.002020542349792586,8759.662267142676,1.1686194740754903,1.197072184874164,1.315775439579345,1.3899363884744338,0.2764832856885641,0.5,0.005223174260304792,0.002174959482399838,0.0036267500384379574,-0.007336838052661127,0.03820168258892452,-0.00913228959287995,-4049.2724666509357,False
19,stress,10074,residual_corrected_nmpc,139.0,0.1448525015619295,0.031540150410521245,4.2093395575857295,0.13928697441925503,0.03202559499541213,4.206777622993258,0.17723950507137493,-0.0011116967773437958,-0.167738994140625,0.10723950507137492,0.24723950507137493,-0.08,0.08,-0.03238700350944543,0.03265184718786504,4.377078551726354,held,0.0,0.0,5.666597280651331e-05,False,1.0,True,False,5.924874858465046e-05,3.0137275462038816e-05,5.924874858465046e-05,5.924874858465046e-05,-22337.151187747335,-0.0808269577255582,0.8666529180860374,0.31823011516076816,0.31823011516076816,0.3085528637769256,0.13803960784957015,0.18,False,True,44839.15087890625,2938.19578228022,9.957689748679924,0.0020475554361554845,8838.267363327197,1.1686194740754903,1.197072184874164,1.315775439579345,1.3899363884744338,0.2764832856885641,0.5,0.005223174260304792,0.002174959482399838,0.0036267500384379574,-0.007336838052661127,0.03820168258892452,-0.00913228959287995,-4049.2724666509357,False
19,stress,10074,residual_corrected_nmpc,139.5,0.14458981165749554,0.0310936094049328,4.224997978542646,0.14304442018465663,0.02710655507479741,4.226062143550582,0.1765023507935763,-0.0010891308593750093,-0.16828922485351566,0.10650235079357628,0.2465023507935763,-0.08,0.08,-0.03191253913608075,0.03218274026430781,4.393287203396162,held,0.0,0.0,5.262496415525675e-05,False,1.0,True,False,5.924874858465046e-05,3.0137275462038816e-05,5.924874858465046e-05,5.924874858465046e-05,-29052.59587368588,-0.10954464920344775,0.867856843512781,0.31823011516076816,0.31823011516076816,0.3166439007078327,0.22803960784957014,0.18,False,True,44756.616271972656,2931.934864841167,9.93647119211668,0.0020743783157359395,8915.929054402071,1.1686194740754903,1.197072184874164,1.315775439579345,1.3899363884744338,0.2764832856885641,0.5,0.005223174260304792,0.002174959482399838,0.0036267500384379574,-0.007336838052661127,0.03820168258892452,-0.00913228959287995,-4049.2724666509357,False
19,stress,10074,residual_corrected_nmpc,140.0,0.1441107058862609,0.030512942802920325,4.240399581820345,0.1284200280786261,0.03104855619206466,4.234609994822246,0.17577761081893314,-0.0010663745117187595,-0.168828125,0.10577761081893314,0.24577761081893315,-0.08,0.08,-0.03166690493267224,0.03157931731463909,4.409227706820345,Solve_Succeeded,0.030205999966710806,0.0004712909576483071,0.058685666997916996,False,1.0,True,False,5.2979223255533725e-05,5.231235882092733e-05,5.777937258244492e-05,5.2979223255533725e-05,-35872.49233211056,-0.13823527070893166,0.8690364004543025,0.3271566218830828,0.31823011516076816,0.3179701160979245,0.3179701160979245,0.17986101649670877,False,False,44675.78125,2925.80723007535,9.91570433707618,0.0021009894169195316,8992.60022148745,1.1686194740754903,1.197072184874164,1.315775439579345,1.3899363884744338,0.2764832856885641,0.5,0.005223174260304792,0.002174959482399838,0.0036267500384379574,-0.007336838052661127,0.03820168258892452,-0.00913228959287995,-4049.2724666509357,False
19,stress,10074,residual_corrected_nmpc,140.5,0.14337372428585785,0.02979610103023205,4.25547678897114,0.14622252910787356,0.028281823881794076,4.255725864084181,0.1750655492815552,-0.001043427734374991,-0.16935559936523442,0.1050655492815552,0.24506554928155522,-0.08,0.08,-0.031691824995697365,0.030839528764607042,4.424832388336374,held,0.0,0.0,7.920898497104645e-05,False,1.0,True,False,5.2979223255533725e-05,5.231235882092733e-05,5.777937258244492e-05,5.2979223255533725e-05,-36673.85194451052,-0.14053427511387523,0.8701913469028518,0.3271566218830828,0.3271566218830828,0.32565084636166536,0.32565084636166536,0.015361460527481663,False,False,44596.660095214844,2919.813759449646,9.895392170892935,0.002127366878194906,9068.233602238619,1.1686194740754903,1.197072184874164,1.315775439579345,1.3899363884744338,0.2764832856885641,0.5,0.005223174260304792,0.002174959482399838,0.0036267500384379574,-0.007336838052661127,0.03820168258892452,-0.00913228959287995,-4049.2724666509357,False
19,stress,10074,residual_corrected_nmpc,141.0,0.1423702755880713,0.02906347316075612,4.270191608840804,0.1430738975621845,0.028613395019582627,4.275144186314671,0.17436643031555224,-0.0010202905273437035,-0.169871552734375,0.10436643031555223,0.24436643031555225,-0.08,0.08,-0.031996154727480935,0.030083763688099823,4.440063161575179,held,0.0,0.0,5.479203537106514e-05,False,1.0,True,False,5.2979223255533725e-05,5.231235882092733e-05,5.777937258244492e-05,5.2979223255533725e-05,-36975.10943310951,-0.1406755111158639,0.8713214415444862,0.3271566218830828,0.3271566218830828,0.3269098076999836,0.3269098076999836,0.0025179226766365304,False,False,44519.26708984375,2913.9553333805284,9.875537677341596,0.002153488571144459,9142.781826774166,1.1686194740754903,1.197072184874164,1.315775439579345,1.3899363884744338,0.2764832856885641,0.5,0.005223174260304792,0.002174959482399838,0.0036267500384379574,-0.007336838052661127,0.03820168258892452,-0.00913228959287995,-4049.2724666509357,False
19,stress,10074,residual_corrected_nmpc,141.5,0.1411230508904665,0.02832504514794148,4.284538646242918,0.15022562977783074,0.027992043104878496,4.2896863716014435,0.17368051805503382,-0.0009969628906250083,-0.17037588989257813,0.10368051805503381,0.24368051805503382,-0.08,0.08,-0.03255746716456731,0.029322008038566487,4.4549145361354965,held,0.0,0.0,5.124998278915882e-05,False,1.0,True,False,5.2979223255533725e-05,5.231235882092733e-05,5.777937258244492e-05,5.2979223255533725e-05,-37171.03367858452,-0.14038531658515643,0.8724264437864387,0.3271566218830828,0.3271566218830828,0.32711616615770245,0.32711616615770245,0.00041271691543764977,False,False,44443.61651611328,2908.2328312399127,9.856143836656756,0.0021793321245878513,9216.197454356537,1.1686194740754903,1.197072184874164,1.315775439579345,1.3899363884744338,0.2764832856885641,0.5,0.005223174260304792,0.002174959482399838,0.0036267500384379574,-0.007336838052661127,0.03820168258892452,-0.00913228959287995,-4049.2724666509357,False
19,stress,10074,residual_corrected_nmpc,142.0,0.13965520207663798,0.027582906125363887,4.298515524837245,0.14123462721619928,0.028066014107570387,4.292860819298058,0.17300807663410972,-0.0009734448242187388,-0.170868515625,0.10300807663410971,0.24300807663410973,-0.08,0.08,-0.03335287455747174,0.028556350949582626,4.469384040462245,Solve_Succeeded,0.03153325000312179,0.0005787080153822899,0.06217254203511402,False,1.0,True,False,5.1814684411510825e-05,6.130277506599668e-05,6.732233305228874e-05,5.1814684411510825e-05,-37328.170020370635,-0.13995438565152563,0.87350611378467,0.24680896651714673,0.3271566218830828,0.32714999071750106,0.32714999071750106,6.764911959722397e-05,False,False,44369.72265625,2902.64713136095,9.837213625552586,0.00220487494986198,9288.433010802224,1.1686194740754903,1.197072184874164,1.315775439579345,1.3899363884744338,0.2764832856885641,0.5,0.005223174260304792,0.002174959482399838,0.0036267500384379574,-0.007336838052661127,0.03820168258892452,-0.00913228959287995,-4049.2724666509357,False
19,stress,10074,residual_corrected_nmpc,142.5,0.13798813784780517,0.02683781526883477,4.312120580275803,0.1422730581794054,0.02256892650439199,4.313073869053064,0.17234937018688956,-0.000949736328125006,-0.17134933471679686,0.10234937018688955,0.24234937018688957,-0.08,0.08,-0.03436123233908439,0.027787551596959777,4.483469914992599,held,0.0,0.0,8.283398346975446e-05,False,1.0,True,False,5.1814684411510825e-05,6.130277506599668e-05,6.732233305228874e-05,5.1814684411510825e-05,-32272.486051205975,-0.11779221403433333,0.8745602124716015,0.24680896651714673,0.24680896651714673,0.25997779810945326,0.25997779810945326,-0.1343443852160956,False,False,44297.59979248047,2897.199111043762,9.818750017242264,0.002230094267217343,9359.441026597398,1.1686194740754903,1.197072184874164,1.315775439579345,1.3899363884744338,0.2764832856885641,0.5,0.005223174260304792,0.002174959482399838,0.0036267500384379574,-0.007336838052661127,0.03820168258892452,-0.00913228959287995,-4049.2724666509357,False
19,stress,10074,residual_corrected_nmpc,143.0,0.13616634200593156,0.026193997071923592,4.325378395983347,0.1434104245850624,0.02591245662029864,4.3291868283490675,0.1717046628474831,-0.0009258374023437543,-0.171818251953125,0.10170466284748308,0.2417046628474831,-0.08,0.08,-0.035538320841551535,0.027119834474267347,4.497196647936472,held,0.0,0.0,5.562498699873686e-05,False,1.0,True,False,5.1814684411510825e-05,6.130277506599668e-05,6.732233305228874e-05,5.1814684411510825e-05,-31479.51038863714,-0.11363600461991136,0.8755885015840311,0.24680896651714673,0.24680896651714673,0.24896749171934057,0.24896749171934057,-0.02202061278022538,False,False,44227.26220703125,2891.8896465611238,9.800755981457243,0.0022549671333072776,9429.174075694655,1.1686194740754903,1.197072184874164,1.315775439579345,1.3899363884744338,0.2764832856885641,0.5,0.005223174260304792,0.002174959482399838,0.0036267500384379574,-0.007336838052661127,0.03820168258892452,-0.00913228959287995,-4049.2724666509357,False
19,stress,10074,residual_corrected_nmpc,143.5,0.13423332184507641,0.025566153827065164,4.338318286940773,0.13723474076648726,0.021004541183671302,4.338942486407566,0.17107421875,-0.0009017480468749839,-0.17227517211914062,0.10107421875,0.24107421875,-0.08,0.08,-0.03684089690492359,0.026467901873940148,4.510593459059913,held,0.0,0.0,5.308398976922035e-05,False,1.0,True,False,5.1814684411510825e-05,6.130277506599668e-05,6.732233305228874e-05,5.1814684411510825e-05,-31378.29062237477,-0.11240118330145157,0.8765907436912289,0.24680896651714673,0.24680896651714673,0.2471627739917011,0.2471627739917011,-0.00360943545527892,False,False,44158.724182128906,2886.719613164095,9.783234484466332,0.00227947046974269,9497.584814964985,1.1686194740754903,1.197072184874164,1.315775439579345,1.3899363884744338,0.2764832856885641,0.5,0.005223174260304792,0.002174959482399838,0.0036267500384379574,-0.007336838052661127,0.03820168258892452,-0.00913228959287995,-4049.2724666509357,False
19,stress,10074,residual_corrected_nmpc,144.0,0.13220488909911826,0.02494043606756187,4.350944779353263,0.13248344847019397,0.023919148126888924,4.3449825572263014,0.17045830202855,-0.0008774682617187501,-0.17271999999999998,0.10045830202855,0.24045830202855,-0.08,0.08,-0.03825341292943174,0.02581790432928062,4.523664779353263,Solve_Succeeded,0.03058720799162984,0.000567207986023277,0.059599958010949194,False,1.0,True,False,5.298766336636618e-05,5.251423390291165e-05,5.656890425598249e-05,5.298766336636618e-05,-31378.806447493273,-0.11161543780350401,0.8775667022232162,-0.1128372353652611,0.24680896651714673,0.2468669596918029,0.2468669596918029,-0.0005916285997964454,False,False,44092.0,2881.6898850875914,9.766188489094581,0.0023035810926812558,9564.626024278688,1.1686194740754903,1.197072184874164,1.315775439579345,1.3899363884744338,0.2764832856885641,0.5,0.005223174260304792,0.002174959482399838,0.0036267500384379574,-0.007336838052661127,0.03820168258892452,-0.00913228959287995,-4049.2724666509357,False
19,stress,10074,residual_corrected_nmpc,144.5,0.13009149685332097,0.024314800122461615,4.363258425768255,0.12345739683611874,0.021999224357803444,4.3660765983276475,0.1698571768172427,-0.0008529980468749976,-0.17315264038085937,0.09985717681724268,0.2398571768172427,-0.08,0.08,-0.03976567996392172,0.025167798169336612,4.536411066149115,held,0.0,0.0,9.129202226176858e-05,False,1.0,True,False,5.298766336636618e-05,5.251423390291165e-05,5.656890425598249e-05,5.298766336636618e-05,-24206.48027866043,-0.08176224679951949,0.8785161414992242,-0.1128372353652611,-0.1128372353652611,-0.05387751939325869,0.1568669596918029,-0.18,False,True,44027.103942871094,2876.8013355559106,9.749620954742001,0.002327275743416268,9630.25064718804,1.1686194740754903,1.197072184874164,1.315775439579345,1.3899363884744338,0.2764832856885641,0.5,0.005223174260304792,0.002174959482399838,0.0036267500384379574,-0.007336838052661127,0.03820168258892452,-0.00913228959287995,-4049.2724666509357,False
19,stress,10074,residual_corrected_nmpc,145.0,0.12793661472616924,0.023832671658280357,4.375295126917841,0.1267856149715938,0.02612207167028551,4.374305079505429,0.16927110725018785,-0.0008283374023437817,-0.17357299804687498,0.09927110725018784,0.23927110725018785,-0.08,0.08,-0.04133449252401861,0.02466100906062414,4.5488681249647165,held,0.0,0.0,5.666702054440975e-05,False,1.0,True,False,5.298766336636618e-05,5.251423390291165e-05,5.656890425598249e-05,5.298766336636618e-05,-16912.64673549937,-0.05183146394800041,0.8794388267563331,-0.1128372353652611,-0.1128372353652611,-0.10317304975033459,0.0668669596918029,-0.18,False,True,43964.05029296875,2872.054836788207,9.733534837402127,0.0023505311199264636,9694.411832183583,1.1686194740754903,1.197072184874164,1.315775439579345,1.3899363884744338,0.2764832856885641,0.5,0.005223174260304792,0.002174959482399838,0.0036267500384379574,-0.007336838052661127,0.03820168258892452,-0.00913228959287995,-4049.2724666509357,False
19,stress,10074,residual_corrected_nmpc,145.5,0.125813087234357,0.023496412179046515,4.387127232567111,0.14027724288010163,0.027460277400089418,4.388594916523978,0.16870035746149514,-0.0008034863281249915,-0.17398097778320315,0.09870035746149514,0.23870035746149515,-0.08,0.08,-0.04288727022713815,0.024299898507171507,4.561108210350314,held,0.0,0.0,5.162501474842429e-05,False,1.0,True,False,5.298766336636618e-05,5.251423390291165e-05,5.656890425598249e-05,5.298766336636618e-05,-9507.758945689642,-0.021853105657389665,0.8803345241782927,-0.1128372353652611,-0.1128372353652611,-0.11125316254435227,-0.0231330403081971,-0.18,False,True,43902.85333251953,2867.45126000391,9.717933089680376,0.0023733239093444154,9757.062974495257,1.1686194740754903,1.197072184874164,1.315775439579345,1.3899363884744338,0.2764832856885641,0.5,0.005223174260304792,0.002174959482399838,0.0036267500384379574,-0.007336838052661127,0.03820168258892452,-0.00913228959287995,-4049.2724666509357,False
19,stress,10074,residual_corrected_nmpc,146.0,0.1237872395148214,0.023308179021066654,4.398828221788928,0.1267650504948015,0.026199891205096876,4.405655775467335,0.16814519158527425,-0.0007784448242186826,-0.17437648437499997,0.09814519158527424,0.23814519158527425,-0.08,0.08,-0.044357952070452844,0.024086623845285336,4.573204706163928,Solve_Succeeded,0.030201374960597605,0.0006065000197850168,0.059425708022899926,False,1.0,True,False,5.831308226333931e-05,2.881202326534549e-05,5.831308226333931e-05,5.831308226333931e-05,-2047.3290323587432,0.007964927568521251,0.8812030009245224,-0.12804748587564865,-0.1128372353652611,-0.11257758734090337,-0.11257758734090337,-0.17888909406541253,False,False,43843.52734375,2862.991475428098,9.702818660812255,0.002395630821297124,9818.157758408512,1.1686194740754903,1.197072184874164,1.315775439579345,1.3899363884744338,0.2764832856885641,0.5,0.005223174260304792,0.002174959482399838,0.0036267500384379574,-0.007336838052661127,0.03820168258892452,-0.00913228959287995,-4049.2724666509357,False
19,stress,10074,residual_corrected_nmpc,146.5,0.12191924245318578,0.023269023977854894,4.410472375546756,0.12656775739573878,0.023230857725692437,4.415715185264744,0.16760587375563488,-0.0007532128906250213,-0.17475942260742183,0.09760587375563487,0.23760587375563488,-0.08,0.08,-0.0456866313024491,0.024022236868479915,4.585231798154178,held,0.0,0.0,7.091695442795753e-05,False,1.0,True,False,5.831308226333931e-05,2.881202326534549e-05,5.831308226333931e-05,5.831308226333931e-05,-783.5997893965068,0.012914543071631618,0.8820440251592905,-0.12804748587564865,-0.12804748587564865,-0.12551178894395293,-0.12551178894395293,-0.025868403206099122,False,False,43786.08660888672,2858.67635229682,9.68819449668141,0.0024174286220687807,9877.650200065078,1.1686194740754903,1.197072184874164,1.315775439579345,1.3899363884744338,0.2764832856885641,0.5,0.005223174260304792,0.002174959482399838,0.0036267500384379574,-0.007336838052661127,0.03820168258892452,-0.00913228959287995,-4049.2724666509357,False
19,stress,10074,residual_corrected_nmpc,147.0,0.12023335422393744,0.023254979653362495,4.422103243037732,0.12075324604075749,0.016647440714202197,4.421044165209718,0.16708266810668673,-0.0007277905273437857,-0.175129697265625,0.09708266810668673,0.23708266810668674,-0.08,0.08,-0.046849313882749294,0.02398277018070628,4.597232940303357,held,0.0,0.0,5.408300785347819e-05,False,1.0,True,False,5.831308226333931e-05,2.881202326534549e-05,5.831308226333931e-05,5.831308226333931e-05,-416.09606477408806,0.01428423622740366,0.8828573660810748,-0.12804748587564865,-0.12804748587564865,-0.12763185555234888,-0.12763185555234888,-0.004240133216791897,False,False,43730.54541015625,2854.506758862366,9.674063539837478,0.0024386941695317566,9935.49469071685,1.1686194740754903,1.197072184874164,1.315775439579345,1.3899363884744338,0.2764832856885641,0.5,0.005223174260304792,0.002174959482399838,0.0036267500384379574,-0.007336838052661127,0.03820168258892452,-0.00913228959287995,-4049.2724666509357,False
19,stress,10074,residual_corrected_nmpc,147.5,0.11871817458328268,0.02324812919759672,4.433728899673012,0.12049047585531017,0.027002741418248544,4.428512518852252,0.16657583877253945,-0.0007021777343750313,-0.17548721313476562,0.09657583877253945,0.23657583877253946,-0.08,0.08,-0.04785766418925677,0.02395030693197175,4.609216112807777,held,0.0,0.0,5.299999611452222e-05,False,1.0,True,False,5.831308226333931e-05,2.881202326534549e-05,5.831308226333931e-05,5.831308226333931e-05,-209.3789958681714,0.015012124938768821,0.8836427939521009,-0.12804748587564865,-0.12804748587564865,-0.12797935921449805,-0.12797935921449805,-0.0006950073242983357,False,False,43676.918029785156,2850.4835623984977,9.660428729513812,0.0024594044487881985,9991.646040400808,1.1686194740754903,1.197072184874164,1.315775439579345,1.3899363884744338,0.2764832856885641,0.5,0.005223174260304792,0.002174959482399838,0.0036267500384379574,-0.007336838052661127,0.03820168258892452,-0.00913228959287995,-4049.2724666509357,False
19,stress,10074,residual_corrected_nmpc,148.0,0.11735855446502914,0.02324526939836675,4.445352140538972,0.11770935126663677,0.017873478030421396,4.445955312491014,0.1660856498873028,-0.0006763745117187581,-0.17583187500000003,0.09608564988730278,0.2360856498873028,-0.08,0.08,-0.048727095422273645,0.023921643910085506,4.621184015538972,Solve_Succeeded,0.031178666977211833,0.0006132089765742421,0.061624832975212485,False,1.0,True,False,5.992708247504197e-05,2.2343833188642746e-05,5.992708247504197e-05,5.992708247504197e-05,-41.06281777985305,0.015585283868378697,0.8844000801280599,-0.3500000098713144,-0.12804748587564865,-0.12803631912072402,-0.12803631912072402,-0.00011391981245195693,False,False,43625.21875,2846.6076292056214,9.647293001645018,0.002479536608460882,10046.059522001788,1.1686194740754903,1.197072184874164,1.315775439579345,1.3899363884744338,0.2764832856885641,0.5,0.005223174260304792,0.002174959482399838,0.0036267500384379574,-0.007336838052661127,0.03820168258892452,-0.00913228959287995,-4049.2724666509357,False
19,stress,10074,residual_corrected_nmpc,148.5,0.11613999625095554,0.02324564458553124,4.456974771030447,0.11582998618426982,0.023632782861772058,4.450516796631297,0.16561236558508644,-0.000650380859374966,-0.17616358764648438,0.09561236558508643,0.23561236558508644,-0.08,0.08,-0.04947236933413089,0.023896025444906207,4.6331383586769315,held,0.0,0.0,0.0001314579858444631,False,1.0,True,False,5.992708247504197e-05,2.2343833188642746e-05,5.992708247504197e-05,5.992708247504197e-05,7696.5720378173255,0.045433814618870846,0.8851289970880061,-0.3500000098713144,-0.3500000098713144,-0.3136175702373367,-0.21803631912072402,-0.18,False,True,43575.461853027344,2842.879824615921,9.634659288884347,0.002499067997568371,10098.690915669242,1.1686194740754903,1.197072184874164,1.315775439579345,1.3899363884744338,0.2764832856885641,0.5,0.005223174260304792,0.002174959482399838,0.0036267500384379574,-0.007336838052661127,0.03820168258892452,-0.00913228959287995,-4049.2724666509357,False
19,stress,10074,residual_corrected_nmpc,149.0,0.11508583330294589,0.023400626425608455,4.468636253705806,0.10949314834788174,0.02347586140175354,4.463141407042954,0.16515625,-0.0006241967773437107,-0.176482255859375,0.09515625,0.23515625,-0.08,0.08,-0.050070416697054115,0.024024823202952166,4.64511850956518,held,0.0,0.0,5.787500413134694e-05,False,1.0,True,False,5.992708247504197e-05,2.2343833188642746e-05,5.992708247504197e-05,5.992708247504197e-05,15506.458809891174,0.0752643984811737,0.8858293184644305,-0.3500000098713144,-0.3500000098713144,-0.3440365033660663,-0.30803631912072404,-0.18000000000000005,False,True,43527.66162109375,2839.3010129984405,9.622530520620925,0.002517976202916007,10149.496553553186,1.1686194740754903,1.197072184874164,1.315775439579345,1.3899363884744338,0.2764832856885641,0.5,0.005223174260304792,0.002174959482399838,0.0036267500384379574,-0.007336838052661127,0.03820168258892452,-0.00913228959287995,-4049.2724666509357,False
19,stress,10074,residual_corrected_nmpc,149.5,0.11425248351486428,0.023711602419672823,4.480414243497951,0.11542947186790051,0.024103046834537047,4.48182458019989,0.16471756726615328,-0.0005978222656249921,-0.1767877844238281,0.09471756726615327,0.23471756726615328,-0.08,0.08,-0.050465083751289,0.024309424685297815,4.657202027921779,held,0.0,0.0,5.1291019190102816e-05,False,1.0,True,False,5.992708247504197e-05,2.2343833188642746e-05,5.992708247504197e-05,5.992708247504197e-05,19198.59810758849,0.0890450436670528,0.8865008190735161,-0.3500000098713144,-0.3500000098713144,-0.3490225215501375,-0.3490225215501375,-0.08197240485882695,False,False,43481.83233642579,2835.872057764125,9.61090962299683,0.0025362390869307374,10198.433364823395,1.1686194740754903,1.197072184874164,1.315775439579345,1.3899363884744338,0.2764832856885641,0.5,0.005223174260304792,0.002174959482399838,0.0036267500384379574,-0.007336838052661127,0.03820168258892452,-0.00913228959287995,-4049.2724666509357,False
19,stress,10074,residual_corrected_nmpc,150.0,0.11367094462011783,0.024096179153590937,4.492366141771549,0.12258740175435362,0.024554973531910856,4.489561245959365,0.16429658151765592,-0.0005712573242187546,-0.17708007812499998,0.09429658151765591,0.23429658151765592,-0.08,0.08,-0.05062563689753809,0.024667436477809692,4.669446219896549,Solve_Succeeded,0.03011570795206353,0.0006657920312136412,0.06071525003062561,False,1.0,True,False,6.474776455434039e-05,1.593276574567426e-05,6.474776455434039e-05,6.474776455434039e-05,19456.021470973326,0.08961780546133127,0.8871432749455687,-0.34770805458494786,-0.3500000098713144,-0.34983978812640704,-0.34983978812640704,-0.0016345331525390305,False,False,43437.98828125,2832.59382137081,9.599799518924007,0.0025538348258646254,10245.458920935376,1.1686194740754903,1.197072184874164,1.315775439579345,1.3899363884744338,0.2764832856885641,0.5,0.005223174260304792,0.002174959482399838,0.0036267500384379574,-0.007336838052661127,0.03820168258892452,-0.00913228959287995,-4049.2724666509357,False
19,stress,10074,residual_corrected_nmpc,150.5,0.11333327366805919,0.02448566334968252,4.5045115750613585,0.11451240033758235,0.02332272496495637,4.504391908970449,0.1638935568886176,-0.0005445019531249984,-0.17735904174804684,0.09389355688861759,0.2338935568886176,-0.08,0.08,-0.0505602832205584,0.02503016530280752,4.681870616809405,held,0.0,0.0,8.508400060236454e-05,False,1.0,True,False,6.474776455434039e-05,1.593276574567426e-05,6.474776455434039e-05,6.474776455434039e-05,19461.25614002153,0.08924514981411878,0.8877564633556255,-0.34770805458494786,-0.34770805458494786,-0.3480574705936004,-0.3480574705936004,0.0035646350656132197,False,False,43396.14373779297,2829.467165328174,9.589203128101051,0.0025707419482885,10290.531481105245,1.1686194740754903,1.197072184874164,1.315775439579345,1.3899363884744338,0.2764832856885641,0.5,0.005223174260304792,0.002174959482399838,0.0036267500384379574,-0.007336838052661127,0.03820168258892452,-0.00913228959287995,-4049.2724666509357,False
19,stress,10074,residual_corrected_nmpc,151.0,0.1132151791322724,0.024875033133992072,4.516851739803966,0.11506567426670493,0.027296340259309087,4.516219108505092,0.16350875751314803,-0.0005175561523437788,-0.17762458007812498,0.09350875751314802,0.23350875751314804,-0.08,0.08,-0.05029357838087563,0.02539258928633585,4.6944763198820905,held,0.0,0.0,5.470897303894162e-05,False,1.0,True,False,6.474776455434039e-05,1.593276574567426e-05,6.474776455434039e-05,6.474776455434039e-05,19567.0478950687,0.08927301405233126,0.8883401628542431,-0.34770805458494786,-0.34770805458494786,-0.3477653279470863,-0.3477653279470863,0.0005842852930282305,False,False,43356.31298828125,2826.4929502026407,9.579123367029817,0.0025869393737944094,10333.610037955057,1.1686194740754903,1.197072184874164,1.315775439579345,1.3899363884744338,0.2764832856885641,0.5,0.005223174260304792,0.002174959482399838,0.0036267500384379574,-0.007336838052661127,0.03820168258892452,-0.00913228959287995,-4049.2724666509357,False
19,stress,10074,residual_corrected_nmpc,151.5,0.11329422278894818,0.025266320577170223,4.529387085109218,0.11085846483008568,0.026790777307830155,4.528653036546476,0.1631424475253569,-0.0004904199218750405,-0.17787659790039062,0.09314244752535689,0.2331424475253569,-0.08,0.08,-0.04984822473640871,0.025756740499045264,4.707263683009609,held,0.0,0.0,5.195901030674577e-05,False,1.0,True,False,6.474776455434039e-05,1.593276574567426e-05,6.474776455434039e-05,6.474776455434039e-05,19668.748177698617,0.08930275158836469,0.8888941532984604,-0.34770805458494786,-0.34770805458494786,-0.34771744235748664,-0.34771744235748664,9.57711791993443e-05,False,False,43318.510314941406,2823.6720356222395,9.569563149031898,0.0026024064518224183,10374.654363288584,1.1686194740754903,1.197072184874164,1.315775439579345,1.3899363884744338,0.2764832856885641,0.5,0.005223174260304792,0.002174959482399838,0.0036267500384379574,-0.007336838052661127,0.03820168258892452,-0.00913228959287995,-4049.2724666509357,False
19,stress,10074,residual_corrected_nmpc,152.0,0.1135507608355905,0.025659462193429287,4.5421185524316865,0.11812015075409145,0.026162919368195856,4.532949342234417,0.1627948910593539,-0.0004630932617187278,-0.17811500000000002,0.0927948910593539,0.23279489105935391,-0.08,0.08,-0.04924413022376341,0.026122555455148015,4.7202335524316865,Solve_Succeeded,0.030193957965821028,0.0008142499718815088,0.059880124987103045,False,1.0,True,False,6.478113209595904e-05,1.5866283501964062e-05,6.478113209595904e-05,6.478113209595904e-05,19750.4302947582,0.08927495317917937,0.8894182158829406,-0.11143845943746589,-0.34770805458494786,-0.3477095933504393,-0.3477095933504393,1.5698014094622792e-05,False,False,43282.75,2821.0052802814257,9.56052538426496,0.0026171230005248227,10413.625053957043,1.1686194740754903,1.197072184874164,1.315775439579345,1.3899363884744338,0.2764832856885641,0.5,0.005223174260304792,0.002174959482399838,0.0036267500384379574,-0.007336838052661127,0.03820168258892452,-0.00913228959287995,-4049.2724666509357,False
19,stress,10074,residual_corrected_nmpc,152.5,0.1139670885543269,0.026054074300998847,4.555046971568132,0.11272086853877235,0.025003766353677265,4.555220072847929,0.16246635224924869,-0.0004355761718750073,-0.17833969116210935,0.09246635224924868,0.2324663522492487,-0.08,0.08,-0.04849926369492179,0.026489650472873855,4.733386662730241,held,0.0,0.0,7.741700392216444e-05,False,1.0,True,False,6.478113209595904e-05,1.5866283501964062e-05,6.478113209595904e-05,6.478113209595904e-05,11916.636622710164,0.05967841766955757,0.8899121331712881,-0.11143845943746589,-0.11143845943746589,-0.1501660559996408,-0.2577095933504393,0.18000000000000005,False,True,43249.046325683594,2818.4935419458525,9.55201297973891,0.0026310693455782346,10450.48357777264,1.1686194740754903,1.197072184874164,1.315775439579345,1.3899363884744338,0.2764832856885641,0.5,0.005223174260304792,0.002174959482399838,0.0036267500384379574,-0.007336838052661127,0.03820168258892452,-0.00913228959287995,-4049.2724666509357,False
19,stress,10074,residual_corrected_nmpc,153.0,0.11448909766246085,0.026291890789938155,4.56813350666104,0.1159936438512913,0.020541663423416755,4.566738653977263,0.162157095229151,-0.000407868652343768,-0.17855057617187503,0.092157095229151,0.232157095229151,-0.08,0.08,-0.04766799756669016,0.026699759442281923,4.746684082832915,held,0.0,0.0,5.77080063521862e-05,False,1.0,True,False,6.478113209595904e-05,1.5866283501964062e-05,6.478113209595904e-05,6.478113209595904e-05,4005.5862743758034,0.030008311720556725,0.8903756891275432,-0.11143845943746589,-0.11143845943746589,-0.11778636453549204,-0.1677095933504393,0.18,False,True,43217.41357421875,2816.1376774571086,9.544028839331956,0.002644226358851789,10485.192319427146,1.1686194740754903,1.197072184874164,1.315775439579345,1.3899363884744338,0.2764832856885641,0.5,0.005223174260304792,0.002174959482399838,0.0036267500384379574,-0.007336838052661127,0.03820168258892452,-0.00913228959287995,-4049.2724666509357,False
19,stress,10074,residual_corrected_nmpc,153.5,0.11503118175155141,0.026371453335827074,4.581299388192646,0.11109129268360568,0.024500362946796493,4.584686250789766,0.16186738413317056,-0.0003799707031249544,-0.17874755981445312,0.09186738413317055,0.23186738413317057,-0.08,0.08,-0.046836202381619146,0.02675142403895203,4.760046948007099,held,0.0,0.0,5.4957985412329435e-05,False,1.0,True,False,6.478113209595904e-05,1.5866283501964062e-05,6.478113209595904e-05,6.478113209595904e-05,-896.1436926247234,0.011710632690734801,0.8908086691478525,-0.11143845943746589,-0.11143845943746589,-0.11247895517462979,-0.11247895517462979,0.11046127635161904,False,False,43187.86602783203,2813.938542737408,9.536575863806503,0.002656575496837604,10517.714626370926,1.1686194740754903,1.197072184874164,1.315775439579345,1.3899363884744338,0.2764832856885641,0.5,0.005223174260304792,0.002174959482399838,0.0036267500384379574,-0.007336838052661127,0.03820168258892452,-0.00913228959287995,-4049.2724666509357,False
19,stress,10074,residual_corrected_nmpc,154.0,0.11553084105930772,0.026353016502852714,4.594480547633632,0.111016064429843,0.026595647514259507,4.599589032724831,0.161597483095417,-0.000351882324218733,-0.17893054687499999,0.09159748309541699,0.231597483095417,-0.08,0.08,-0.04606664203610927,0.026704898827071447,4.773411094508631,Solve_Succeeded,0.03026495798258111,0.0007066670223139226,0.06005654204636812,False,1.0,True,False,6.0086502344347537e-05,2.2816972341388463e-05,6.0086502344347537e-05,6.0086502344347537e-05,-1008.8868131867125,0.011259470736957707,0.8912108600923155,-0.12854939936687387,-0.11143845943746589,-0.11160900883326465,-0.11160900883326465,0.0017398926827302819,False,False,43160.41796875,2811.8969927942394,9.529656950824899,0.0026680988387479477,10548.01485460731,1.1686194740754903,1.197072184874164,1.315775439579345,1.3899363884744338,0.2764832856885641,0.5,0.005223174260304792,0.002174959482399838,0.0036267500384379574,-0.007336838052661127,0.03820168258892452,-0.00913228959287995,-4049.2724666509357,False
19,stress,10074,residual_corrected_nmpc,154.5,0.1159691899259317,0.026332386319785277,4.607651935267241,0.11372754744114316,0.02793390734749398,4.6115595545608565,0.16134765625,-0.0003236035156249928,-0.17909944213867185,0.09134765624999999,0.23134765625,-0.08,0.08,-0.04537846632406829,0.02665598983541027,4.786751377405913,held,0.0,0.0,6.604200461879373e-05,False,1.0,True,False,6.0086502344347537e-05,2.2816972341388463e-05,6.0086502344347537e-05,6.0086502344347537e-05,219.75017066879445,0.01576756578272626,0.8915820503170069,-0.12854939936687387,-0.12854939936687387,-0.12577267163324835,-0.12577267163324835,-0.028327325599967396,False,False,43135.08367919922,2810.013881724981,9.523274994965092,0.0026787791241818498,10576.058414355248,1.1686194740754903,1.197072184874164,1.315775439579345,1.3899363884744338,0.2764832856885641,0.5,0.005223174260304792,0.002174959482399838,0.0036267500384379574,-0.007336838052661127,0.03820168258892452,-0.00913228959287995,-4049.2724666509357,False
19,stress,10074,residual_corrected_nmpc,155.0,0.1163580425661431,0.026336380464478722,4.6208191598255635,0.10423596431465824,0.028966685057263637,4.620861459423013,0.1611181677310293,-0.00029513427734373376,-0.17925415039062498,0.09111816773102929,0.2311181677310293,-0.08,0.08,-0.0447601251648862,0.026631514741822456,4.800073310216188,held,0.0,0.0,5.52500132471323e-05,False,1.0,True,False,6.0086502344347537e-05,2.2816972341388463e-05,6.0086502344347537e-05,6.0086502344347537e-05,403.05810577861394,0.01640466422264965,0.8919220297061744,-0.12854939936687387,-0.12854939936687387,-0.12809426128186996,-0.12809426128186996,-0.004643179297243227,False,False,43111.87744140625,2808.2900627214676,9.517432887736097,0.0026885997902628238,10601.811815532436,1.1686194740754903,1.197072184874164,1.315775439579345,1.3899363884744338,0.2764832856885641,0.5,0.005223174260304792,0.002174959482399838,0.0036267500384379574,-0.007336838052661127,0.03820168258892452,-0.00913228959287995,-4049.2724666509357,False
19,stress,10074,residual_corrected_nmpc,155.5,0.11670917137406497,0.026344079089609465,4.633989304461481,0.12357262483887482,0.02949259819948632,4.638044303226845,0.1609092816726146,-0.00026647460937501144,-0.17939457641601558,0.09090928167261458,0.2309092816726146,-0.08,0.08,-0.044200110298549616,0.026610553698984477,4.813383880877496,held,0.0,0.0,5.0333968829363585e-05,False,1.0,True,False,6.0086502344347537e-05,2.2816972341388463e-05,6.0086502344347537e-05,6.0086502344347537e-05,416.125796162215,0.01641653036570835,0.8922305897046117,-0.12854939936687387,-0.12854939936687387,-0.12847479692245253,-0.12847479692245253,-0.0007610712811651488,False,False,43090.81353759766,2806.7263880745245,9.512133517593359,0.002697545008148199,10625.24271300931,1.1686194740754903,1.197072184874164,1.315775439579345,1.3899363884744338,0.2764832856885641,0.5,0.005223174260304792,0.002174959482399838,0.0036267500384379574,-0.007336838052661127,0.03820168258892452,-0.00913228959287995,-4049.2724666509357,False
19,stress,10074,residual_corrected_nmpc,156.0,0.11702743819157868,0.02635207236964756,4.647163369347871,0.12352670514680764,0.02615516158123015,4.6496074735907165,0.1607212622088655,-0.0002376245117187703,-0.179520625,0.0907212622088655,0.23072126220886552,-0.08,0.08,-0.04369382401728683,0.02658969688136633,4.826683994347872,Solve_Succeeded,0.029458166973199695,0.0005507089663296938,0.05816933297319338,False,1.0,True,False,6.059501538402401e-05,2.201266888732789e-05,6.059501538402401e-05,6.059501538402401e-05,402.57321612637134,0.01633430356915274,0.892507523350207,0.10971765101949374,-0.12854939936687387,-0.12853717115548702,-0.12853717115548702,-0.00012474846606896905,False,False,43071.90625,2805.323709178458,9.50737976995398,0.00270559971881001,10646.319951583266,1.1686194740754903,1.197072184874164,1.315775439579345,1.3899363884744338,0.2764832856885641,0.5,0.005223174260304792,0.002174959482399838,0.0036267500384379574,-0.007336838052661127,0.03820168258892452,-0.00913228959287995,-4049.2724666509357,False
19,stress,10074,residual_corrected_nmpc,156.5,0.11731627671272053,0.02635982450494768,4.660341368136799,0.11343433957598938,0.02293212186236578,4.6659262988234955,0.16055437347389181,-0.00020858398437501036,-0.17963220092773435,0.09055437347389181,0.23055437347389182,-0.08,0.08,-0.04323809676117128,0.02656840848932269,4.839973569064534,held,0.0,0.0,7.012503920122981e-05,False,1.0,True,False,6.059501538402401e-05,2.201266888732789e-05,6.059501538402401e-05,6.059501538402401e-05,-7697.087032567834,-0.013360766491589909,0.8927526253066658,0.10971765101949374,0.10971765101949374,0.07066490479792606,-0.03853717115548702,0.18,False,True,43055.169860839844,2804.0828765355113,9.503174527211813,0.0027127496679868655,10665.013610620512,1.1686194740754903,1.197072184874164,1.315775439579345,1.3899363884744338,0.2764832856885641,0.5,0.005223174260304792,0.002174959482399838,0.0036267500384379574,-0.007336838052661127,0.03820168258892452,-0.00913228959287995,-4049.2724666509357,False
19,stress,10074,residual_corrected_nmpc,157.0,0.11753965272089353,0.026205639840952727,4.6734827531092575,0.12556668145345015,0.029230512336976718,4.668196674275965,0.16040887960180317,-0.0001793530273437871,-0.179729208984375,0.09040887960180316,0.23040887960180317,-0.08,0.08,-0.04286922688090963,0.026384992868296514,4.853211962093632,held,0.0,0.0,5.4540985729545355e-05,False,1.0,True,False,6.059501538402401e-05,2.201266888732789e-05,6.059501538402401e-05,6.059501538402401e-05,-15819.930252070946,-0.04304640192629244,0.8929656918964083,0.10971765101949374,0.10971765101949374,0.10331645009720525,0.051462828844512976,0.18,False,True,43040.61865234375,2803.004739760278,9.499520668752426,0.0027189814402063684,10681.295048312315,1.1686194740754903,1.197072184874164,1.315775439579345,1.3899363884744338,0.2764832856885641,0.5,0.005223174260304792,0.002174959482399838,0.0036267500384379574,-0.007336838052661127,0.03820168258892452,-0.00913228959287995,-4049.2724666509357,False
19,stress,10074,residual_corrected_nmpc,157.5,0.11762761138003916,0.025889127780148197,4.686506452225675,0.11799997889394787,0.026464136737021405,4.684450098847871,0.16028504472670924,-0.00014993164062498954,-0.17981155395507814,0.09028504472670923,0.23028504472670924,-0.08,0.08,-0.042657433346670076,0.026039059420773187,4.866318006180753,held,0.0,0.0,5.195802077651024e-05,False,1.0,True,False,6.059501538402401e-05,2.201266888732789e-05,6.059501538402401e-05,6.059501538402401e-05,-20997.825654363176,-0.06190223297460332,0.8931465211336418,0.10971765101949374,0.10971765101949374,0.10866841947467404,0.10866841947467404,0.11441118126032213,False,False,43028.26690673828,2802.0901475840824,9.496421070967946,0.0027242824917776925,10695.13694549,1.1686194740754903,1.197072184874164,1.315775439579345,1.3899363884744338,0.2764832856885641,0.5,0.005223174260304792,0.002174959482399838,0.0036267500384379574,-0.007336838052661127,0.03820168258892452,-0.00913228959287995,-4049.2724666509357,False
19,stress,10074,residual_corrected_nmpc,158.0,0.11753160867782085,0.025469242351488144,4.699346036169577,0.1151481261157072,0.02527757097389325,4.694677175256875,0.16018313298271974,-0.00012031982421872867,-0.179879140625,0.09018313298271974,0.23018313298271975,-0.08,0.08,-0.042651524304898894,0.025589562175706872,4.879225176794577,Solve_Succeeded,0.029808374994900078,0.0006423330050893128,0.05950099998153746,False,1.0,True,False,5.591464650933631e-05,3.804117441177368e-05,5.591464650933631e-05,5.591464650933631e-05,-21085.607083509323,-0.062156726404006366,0.8932949127576065,-0.14585586771803052,0.10971765101949374,0.10954566972285742,0.10954566972285742,0.0017545004963667732,False,False,43018.12890625,2801.339947859319,9.493878607271759,0.0027286411826546596,10706.513348942013,1.1686194740754903,1.197072184874164,1.315775439579345,1.3899363884744338,0.2764832856885641,0.5,0.005223174260304792,0.002174959482399838,0.0036267500384379574,-0.007336838052661127,0.03820168258892452,-0.00913228959287995,-4049.2724666509357,False
19,stress,10074,residual_corrected_nmpc,158.5,0.11724640754381431,0.025047798748626605,4.711975271668092,0.11028297615471254,0.02685502877261873,4.713130062640882,0.16010340850394442,-9.05175781250045e-05,-0.17993187377929687,0.09010340850394441,0.23010340850394442,-0.08,0.08,-0.04285700096013011,0.02513831632675161,4.891907145447389,held,0.0,0.0,7.333303801715374e-05,False,1.0,True,False,5.591464650933631e-05,3.804117441177368e-05,5.591464650933631e-05,5.591464650933631e-05,-12944.616008069032,-0.03242756839271127,0.8934106682659959,-0.14585586771803052,-0.14585586771803052,-0.1039925747310288,0.01954566972285743,-0.18,False,True,43010.21893310547,2800.754987563758,9.491896148113106,0.00273204680707061,10715.39971417487,1.1686194740754903,1.197072184874164,1.315775439579345,1.3899363884744338,0.2764832856885641,0.5,0.005223174260304792,0.002174959482399838,0.0036267500384379574,-0.007336838052661127,0.03820168258892452,-0.00913228959287995,-4049.2724666509357,False
19,stress,10074,residual_corrected_nmpc,159.0,0.11683064780684849,0.024789322853648023,4.724434516251446,0.11671716761294995,0.022385170091759866,4.7183493356634,0.16004613542449286,-6.052490234376151e-05,-0.179969658203125,0.09004613542449286,0.23004613542449287,-0.08,0.08,-0.04321548761764438,0.024849847755991784,4.90440417445457,held,0.0,0.0,5.8792007621377707e-05,False,1.0,True,False,5.591464650933631e-05,3.804117441177368e-05,5.591464650933631e-05,5.591464650933631e-05,-4775.025520847065,-0.0026441269385390036,0.8934935909485493,-0.14585586771803052,-0.14585586771803052,-0.1389939853766951,-0.07045433027714257,-0.18,False,True,43004.55126953125,2800.3361128048127,9.490476560991553,0.0027344896228475623,10721.772947557803,1.1686194740754903,1.197072184874164,1.315775439579345,1.3899363884744338,0.2764832856885641,0.5,0.005223174260304792,0.002174959482399838,0.0036267500384379574,-0.007336838052661127,0.03820168258892452,-0.00913228959287995,-4049.2724666509357,False
19,stress,10074,residual_corrected_nmpc,159.5,0.1163752136576121,0.02469429179884775,4.73680538083175,0.11705110571260756,0.025812124513058678,4.737802507574047,0.16001157787847484,-3.0341796874999716e-05,-0.17999239868164063,0.09001157787847483,0.23001157787847484,-0.08,0.08,-0.04363636422086274,0.024724633595722748,4.916797779513391,held,0.0,0.0,5.0915987230837345e-05,False,1.0,True,False,5.591464650933631e-05,3.804117441177368e-05,5.591464650933631e-05,5.591464650933631e-05,1985.9835382190622,0.021980302832880775,0.8935434859208204,-0.14585586771803052,-0.14585586771803052,-0.14473112511163905,-0.14473112511163905,-0.14855358966899296,False,False,43001.140197753906,2800.0841688237724,9.48962271047132,0.0027359608792839533,10725.611447789875,1.1686194740754903,1.197072184874164,1.315775439579345,1.3899363884744338,0.2764832856885641,0.5,0.005223174260304792,0.002174959482399838,0.0036267500384379574,-0.007336838052661127,0.03820168258892452,-0.00913228959287995,-4049.2724666509357,False
19,stress,10074,residual_corrected_nmpc,160.0,0.11595482075054549,0.024734453815970472,4.749162531266142,0.11763845414358329,0.022117822417460374,4.746127946758015,0.16,-1.5202636718725238e-05,-0.18,0.09,0.23,-0.08,0.08,-0.044045179249454516,0.024749656452689197,4.929162531266142,Solve_Succeeded,0.030534165969584137,0.0007535829790867865,0.06096029101172462,False,1.0,True,False,6.048319482943043e-05,2.1201084746280684e-05,6.048319482943043e-05,6.048319482943043e-05,2115.1193292176577,0.022447926565391307,0.8935601601581166,-0.3500000093827031,-0.14585586771803052,-0.14567150927705116,-0.14567150927705116,-0.001880768330824234,False,False,43000.0,2800.0,9.489337458195521,0.002736452843527087,10726.895146626182,1.1686194740754903,1.197072184874164,1.315775439579345,1.3899363884744338,0.2764832856885641,0.5,0.005223174260304792,0.002174959482399838,0.0036267500384379574,-0.007336838052661127,0.03820168258892452,-0.00913228959287995,-4049.2724666509357,False
