scenario_id,tier,seed,controller,time_s,alpha_rad,q_radps,theta_rad,measured_alpha_rad,measured_q_radps,measured_theta_rad,alpha_ref_rad,q_ref_radps,theta_ref_rad,alpha_min_rad,alpha_max_rad,q_min_radps,q_max_radps,alpha_error_rad,q_error_rad,theta_error_rad,solver_status,solve_time_s,solver_failure,objective_value,max_predicted_alpha_violation_rad,max_predicted_q_violation_radps,predicted_alpha_constraint_active,predicted_q_constraint_active,control_dt_s,horizon_steps,planning_alpha_buffer_rad,pitching_moment_nm,cm,flap_effectiveness,delta_flap_raw_rad,delta_flap_delayed_rad,delta_flap_lagged_rad,delta_flap_rad,delta_flap_rate_radps,flap_saturated,flap_rate_saturated,altitude_m,velocity_mps,mach,density_kgm3,dynamic_pressure_pa,density_scale,cm_alpha_scale,cm_delta_scale,cm_q_scale,actuator_lag_s,actuator_delay_s,sensor_noise_alpha_rad,sensor_noise_q_radps,sensor_noise_theta_rad,initial_alpha_error_rad,initial_q_error_radps,initial_theta_error_rad,external_disturbance_moment_nm,corridor_violation
1,stress,10056,fast_nmpc_1s,0.0,0.05922336186556003,0.043676581488976164,0.09142326199386355,0.05904377643782215,0.04506305165243535,0.0926363314773592,0.12,-1.5202636718752993e-05,0.08,0.04999999999999999,0.19,-0.08,0.08,-0.06077663813443997,0.04369178412569492,0.011423261993863551,Solve_Succeeded,0.028034665971063077,False,193.45316578203455,0.0,0.0,False,False,1.0,10,0.0,-71.2782834677715,-0.0012144466074101177,0.4015798869488264,0.17999997009661423,0.0,0.0,0.0,0.0,False,False,82000.0,6200.0,21.012104371718653,4.648283533972384e-06,89.34000952294922,0.9303608946512464,0.8454174308359381,1.2293875720674339,0.6485713174581409,0.6573352173100183,1.0,0.003974919790454923,0.001090421166685319,0.006246505115645126,-0.06077663813443997,0.04369178412569492,0.011423261993863554,-68.50071747811049,False
1,stress,10056,fast_nmpc_1s,0.5,0.07373396962185239,0.04367504658616719,0.11326117796983277,0.07161774844105963,0.042850467582662415,0.11713432585228604,0.12002304098079561,-3.0341796874999716e-05,0.07999239868164063,0.0500230409807956,0.19002304098079562,-0.08,0.08,-0.04628907135894322,0.04370538838304219,0.03326877928819215,held,0.0,False,193.45316578203455,0.0,0.0,False,False,1.0,10,0.0,-82.01533353777688,-0.005908465054711785,0.40159248685423254,0.17999997009661423,0.0,0.0,0.0,0.0,False,False,81998.8598022461,6199.7501458924335,21.01125760388222,4.649119360722666e-06,89.34887232847827,0.9303608946512464,0.8454174308359381,1.2293875720674339,0.6485713174581409,0.6573352173100183,1.0,0.003974919790454923,0.001090421166685319,0.006246505115645126,-0.06077663813443997,0.04369178412569492,0.011423261993863554,-68.50071747811049,False
1,stress,10056,fast_nmpc_1s,1.0,0.08673229262821393,0.04367330832900047,0.13509827472296732,0.0886016467028329,0.044116095039768606,0.12255292009714061,0.12009173525377229,-6.052490234374763e-05,0.079969658203125,0.05009173525377228,0.1900917352537723,-0.08,0.08,-0.03335944262555836,0.043733833231344214,0.05512861651984231,Solve_Succeeded,0.02792745898477733,False,178.37776793586286,0.0,0.0,False,False,1.0,10,0.0,-120.10849955572519,-0.022554982788827525,0.40162486243193063,0.1799999908350036,0.17999997009661423,0.09587446621520972,0.09,0.18,False,True,81995.44873046875,6199.108143368448,21.00908182581111,4.651620758689541e-06,89.37843164329091,0.9303608946512464,0.8454174308359381,1.2293875720674339,0.6485713174581409,0.6573352173100183,1.0,0.003974919790454923,0.001090421166685319,0.006246505115645126,-0.06077663813443997,0.04369178412569492,0.011423261993863554,-68.50071747811049,False
1,stress,10056,fast_nmpc_1s,1.5,0.09837563075010206,0.0436708183931377,0.156934313593451,0.09259340904698608,0.04244314799827608,0.14211904263656838,0.12020543981481481,-9.05175781250045e-05,0.07993187377929688,0.0502054398148148,0.1902054398148148,-0.08,0.08,-0.021829809064712755,0.04376133597126271,0.07700243981415412,held,0.0,False,178.37776793586286,0.0,0.0,False,False,1.0,10,0.0,-144.80420078612394,-0.03332892672093357,0.4016744554206741,0.1799999908350036,0.17999997009661423,0.14068273910206683,0.14068273910206683,0.10136547820413366,False,False,81989.78106689453,6198.124722339112,21.005748963664374,4.655779930687736e-06,89.42996699762271,0.9303608946512464,0.8454174308359381,1.2293875720674339,0.6485713174581409,0.6573352173100183,1.0,0.003974919790454923,0.001090421166685319,0.006246505115645126,-0.06077663813443997,0.04369178412569492,0.011423261993863554,-68.50071747811049,False
1,stress,10056,fast_nmpc_1s,2.0,0.10880483549915657,0.04366784365431499,0.178768985548832,0.1147070347983148,0.04295953738211192,0.17486427105595287,0.12036351165980795,-0.00012031982421875642,0.079879140625,0.050363511659807944,0.19036351165980797,-0.08,0.08,-0.011558676160651385,0.043788163478533745,0.098889844923832,Solve_Succeeded,0.028001292026601732,False,178.69034088883856,0.0,0.0,False,False,1.0,10,0.0,-159.23376619570516,-0.039598881788222066,0.4017399997587981,0.32068273413431997,0.1799999908350036,0.1616245232641479,0.1616245232641479,0.041883568324162124,False,False,81981.87109375,6196.824988604601,21.00134410223131,4.661590822170289e-06,89.5040353534734,0.9303608946512464,0.8454174308359381,1.2293875720674339,0.6485713174581409,0.6573352173100183,1.0,0.003974919790454923,0.001090421166685319,0.006246505115645126,-0.06077663813443997,0.04369178412569492,0.011423261993863554,-68.50071747811049,False
1,stress,10056,fast_nmpc_1s,2.5,0.1181461977667934,0.04366458847552038,0.2006020993570111,0.1182968686278947,0.0427770944960062,0.19656225645190376,0.12056530778463648,-0.00014993164062498954,0.07981155395507812,0.05056530778463647,0.19056530778463648,-0.08,0.08,-0.0024191100178430763,0.04381452011614537,0.12079054540193297,held,0.0,False,178.69034088883856,0.0,0.0,False,False,1.0,10,0.0,-169.36941341430412,-0.04397477985229732,0.4018206300465545,0.32068273413431997,0.1799999908350036,0.17141195902797096,0.17141195902797096,0.019574871527646143,False,False,81971.73309326172,6195.226102903411,20.995925400097143,4.6690490918064524e-06,89.60098147715279,0.9303608946512464,0.8454174308359381,1.2293875720674339,0.6485713174581409,0.6573352173100183,1.0,0.003974919790454923,0.001090421166685319,0.006246505115645126,-0.06077663813443997,0.04369178412569492,0.011423261993863554,-68.50071747811049,False
1,stress,10056,fast_nmpc_1s,3.0,0.12651292124344862,0.043661137877460114,0.222433536123445,0.12977850025362836,0.04371024130020252,0.21455860664883292,0.12081018518518519,-0.00017935302734374547,0.07972920898437501,0.05081018518518518,0.1908101851851852,-0.08,0.08,0.005702736058263436,0.04384049090480386,0.14270432713907,Solve_Succeeded,0.027957124984823167,False,213.5700274285328,0.0,0.0,False,False,1.0,10,0.0,-200.98665309589316,-0.057681355437983695,0.40191568368588926,0.3499999955735194,0.32068273413431997,0.2509189493745267,0.2509189493745267,0.15901398069311146,False,False,81959.38134765625,6193.341204448907,20.98953738670099,4.678152085176944e-06,89.72105146928808,0.9303608946512464,0.8454174308359381,1.2293875720674339,0.6485713174581409,0.6573352173100183,1.0,0.003974919790454923,0.001090421166685319,0.006246505115645126,-0.06077663813443997,0.04369178412569492,0.011423261993863554,-68.50071747811049,False
1,stress,10056,fast_nmpc_1s,3.5,0.13400633366284553,0.04365706146265988,0.2442630906018342,0.13775465444263688,0.0427906173693013,0.2430023356812032,0.12109750085733882,-0.00020858398437501036,0.07963220092773438,0.051097500857338815,0.19109750085733884,-0.08,0.08,0.012908832805506712,0.04386564544703489,0.16463088967409983,held,0.0,False,213.5700274285328,0.0,0.0,False,False,1.0,10,0.0,-218.61128153048438,-0.06525043706724706,0.40202462079258067,0.3499999955735194,0.32068273413431997,0.2880776534643546,0.2880776534643546,0.07431740817965582,False,False,81944.83013916016,6191.180999058791,20.98221634458463,4.688898811477232e-06,89.86443879682729,0.9303608946512464,0.8454174308359381,1.2293875720674339,0.6485713174581409,0.6573352173100183,1.0,0.003974919790454923,0.001090421166685319,0.006246505115645126,-0.06077663813443997,0.04369178412569492,0.011423261993863554,-68.50071747811049,False
1,stress,10056,fast_nmpc_1s,4.0,0.14071717515595852,0.04365263840014505,0.2660905197320483,0.13812486672951393,0.043171510783213685,0.2668191016102617,0.12142661179698216,-0.00023762451171874255,0.079520625,0.05142661179698216,0.19142661179698217,-0.08,0.08,0.01929056335897636,0.04389026291186379,0.18656989473204827,Solve_Succeeded,0.027941042033489794,False,213.55074395836127,0.0,0.0,False,False,1.0,10,0.0,-234.42618432266698,-0.07199121862293795,0.40214698367832524,0.349999998935415,0.3499999955735194,0.3210597228131731,0.3210597228131731,0.06596413869763695,False,False,81928.09375,6188.754562618874,20.973993032370615,4.7012899231277836e-06,90.03130760381869,0.9303608946512464,0.8454174308359381,1.2293875720674339,0.6485713174581409,0.6573352173100183,1.0,0.003974919790454923,0.001090421166685319,0.006246505115645126,-0.06077663813443997,0.04369178412569492,0.011423261993863554,-68.50071747811049,False
1,stress,10056,fast_nmpc_1s,4.5,0.14672680729209517,0.04364790427343796,0.2879156591361664,0.14119815589811371,0.044382470602668346,0.29030295930198413,0.121796875,-0.00026647460937499756,0.07939457641601563,0.05179687499999999,0.191796875,-0.08,0.08,0.02492993229209517,0.04391437888281296,0.20852108272015077,held,0.0,False,213.55074395836127,0.0,0.0,False,False,1.0,10,0.0,-244.2108554708123,-0.07607559146768797,0.40228237351219553,0.349999998935415,0.3499999955735194,0.3364743542796756,0.3364743542796756,0.03082926293300503,False,False,81909.18646240234,6186.0698038826085,20.964894253212666,4.7153276981987e-06,90.22180613942601,0.9303608946512464,0.8454174308359381,1.2293875720674339,0.6485713174581409,0.6573352173100183,1.0,0.003974919790454923,0.001090421166685319,0.006246505115645126,-0.06077663813443997,0.04369178412569492,0.011423261993863554,-68.50071747811049,False
1,stress,10056,fast_nmpc_1s,5.0,0.15210815376181813,0.04364297914104052,0.3097383833414644,0.15461100540602699,0.041465255014437916,0.30699273686284295,0.1222076474622771,-0.0002951342773437615,0.079254150390625,0.05220764746227709,0.1922076474622771,-0.08,0.08,0.029900506299541038,0.04393811341838428,0.23048423295083942,Solve_Succeeded,0.02725866698892787,False,208.2732860462031,0.0,0.0,False,False,1.0,10,0.0,-250.98442723569488,-0.07882108879393929,0.4024304356602051,0.34999995338226086,0.349999998935415,0.34367859970754755,0.34367859970754755,0.014408490855743916,False,False,81888.12255859375,6183.133755185188,20.95494384003998,4.731016025563043e-06,90.43607518593103,0.9303608946512464,0.8454174308359381,1.2293875720674339,0.6485713174581409,0.6573352173100183,1.0,0.003974919790454923,0.001090421166685319,0.006246505115645126,-0.06077663813443997,0.04369178412569492,0.011423261993863554,-68.50071747811049,False
1,stress,10056,fast_nmpc_1s,5.5,0.15692658440343946,0.0436379227365445,0.3315586118185088,0.15481232361496428,0.04462853544788261,0.32482541615425436,0.12265828617969822,-0.0003236035156249928,0.07909944213867187,0.05265828617969821,0.1926582861796982,-0.08,0.08,0.034268298223741236,0.043961526252169494,0.25245916967983695,held,0.0,False,208.2732860462031,0.0,0.0,False,False,1.0,10,0.0,-256.1833149399058,-0.08085372821218594,0.40259084988176863,0.34999995338226086,0.349999998935415,0.34704560458193573,0.34704560458193573,0.0067340097487763595,False,False,81864.91632080078,6179.952766846162,20.944163314397265,4.748360392700804e-06,90.67425368576176,0.9303608946512464,0.8454174308359381,1.2293875720674339,0.6485713174581409,0.6573352173100183,1.0,0.003974919790454923,0.001090421166685319,0.006246505115645126,-0.06077663813443997,0.04369178412569492,0.011423261993863554,-68.50071747811049,False
1,stress,10056,fast_nmpc_1s,6.0,0.1612406811233131,0.043632766116912636,0.35337628673126986,0.15895175624238203,0.04344073196591942,0.3513120875394439,0.12314814814814815,-0.0003518823242187469,0.07893054687500001,0.05314814814814814,0.19314814814814815,-0.08,0.08,0.03809253297516496,0.04398464844113138,0.27444573985626985,Solve_Succeeded,0.027330000011716038,False,254.81653921491738,0.0,0.0,False,False,1.0,10,0.0,-260.5008914532874,-0.08247522418864751,0.4027633234553852,0.34999995684101504,0.34999995338226086,0.34861919714471606,0.34861919714471606,0.0031471851255606698,False,False,81839.58203125,6176.532643486048,20.932572348428415,4.767367876082075e-06,90.93648267933659,0.9303608946512464,0.8454174308359381,1.2293875720674339,0.6485713174581409,0.6573352173100183,1.0,0.003974919790454923,0.001090421166685319,0.006246505115645126,-0.06077663813443997,0.04369178412569492,0.011423261993863554,-68.50071747811049,False
1,stress,10056,fast_nmpc_1s,6.5,0.1651029349697531,0.04362752651783993,0.37519136231309747,0.17502924939307454,0.04386612554698067,0.37886092128347926,0.12367659036351165,-0.0003799707031250099,0.07874755981445312,0.05367659036351165,0.19367659036351165,-0.08,0.08,0.041426344606241436,0.04400749722096494,0.2964438024986443,held,0.0,False,254.81653921491738,0.0,0.0,False,False,1.0,10,0.0,-264.2805679908937,-0.08383475778651014,0.40294758617496185,0.34999995684101504,0.34999995338226086,0.34935463764049435,0.34935463764049435,0.0014708809915565668,False,False,81812.13397216797,6172.878743248417,20.920189101145034,4.788047134064338e-06,91.2229081657367,0.9303608946512464,0.8454174308359381,1.2293875720674339,0.6485713174581409,0.6573352173100183,1.0,0.003974919790454923,0.001090421166685319,0.006246505115645126,-0.06077663813443997,0.04369178412569492,0.011423261993863554,-68.50071747811049,False
1,stress,10056,fast_nmpc_1s,7.0,0.16856037573423086,0.043622214348054945,0.3970037997050672,0.16654571244387795,0.0416485609864045,0.4032516721699552,0.12424296982167352,-0.00040786865234375413,0.078550576171875,0.05424296982167351,0.19424296982167352,-0.08,0.08,0.04431740591255734,0.0440300830003987,0.3184532235331922,Solve_Succeeded,0.027484207996167243,False,230.0523479276038,0.0,0.0,False,False,1.0,10,0.0,-267.69991936656356,-0.08500934899406906,0.4031433865961587,0.3499999396496915,0.34999995684101504,0.3496983578858652,0.3496983578858652,0.0006874404907416531,False,False,81782.58642578125,6168.996052234287,20.907030470688255,4.8104084022451884e-06,91.53368324595189,0.9303608946512464,0.8454174308359381,1.2293875720674339,0.6485713174581409,0.6573352173100183,1.0,0.003974919790454923,0.001090421166685319,0.006246505115645126,-0.06077663813443997,0.04369178412569492,0.011423261993863554,-68.50071747811049,False
1,stress,10056,fast_nmpc_1s,7.5,0.17165513839365473,0.04361683650163341,0.41881356437093725,0.17004268655432023,0.0433162916085537,0.42353623573580546,0.12484664351851851,-0.0004355761718749934,0.07833969116210937,0.054846643518518506,0.19484664351851852,-0.08,0.08,0.04680849487513622,0.0440524126735084,0.3404738732088279,held,0.0,False,230.0523479276038,0.0,0.0,False,False,1.0,10,0.0,-270.8571096079469,-0.08604152835535213,0.40335048914940924,0.3499999396496915,0.34999995684101504,0.3498590003505308,0.3498590003505308,0.00032128492933125585,False,False,81750.9536743164,6164.88924175046,20.893112288346153,4.834463491217252e-06,91.86896977150266,0.9303608946512464,0.8454174308359381,1.2293875720674339,0.6485713174581409,0.6573352173100183,1.0,0.003974919790454923,0.001090421166685319,0.006246505115645126,-0.06077663813443997,0.04369178412569492,0.011423261993863554,-68.50071747811049,False
1,stress,10056,fast_nmpc_1s,8.0,0.17442497170044813,0.0436113979422708,0.4406206247362131,0.17182348712964146,0.044093550032966666,0.44419033458487217,0.1254869684499314,-0.00046309326171874166,0.078115,0.055486968449931395,0.1954869684499314,-0.08,0.08,0.048938003250516726,0.04407449120398954,0.3625056247362131,Solve_Succeeded,0.027204541955143213,False,290.02422932314613,0.0,0.0,False,False,1.0,10,0.0,-273.81154130130784,-0.08695702332352602,0.4035686718725181,0.349999945113264,0.3499999396496915,0.3499340696967564,0.3499340696967564,0.00015013869245117384,False,False,81717.25,6160.562713271744,20.878449470932924,4.860225786678e-06,92.22893964246205,0.9303608946512464,0.8454174308359381,1.2293875720674339,0.6485713174581409,0.6573352173100183,1.0,0.003974919790454923,0.001090421166685319,0.006246505115645126,-0.06077663813443997,0.04369178412569492,0.011423261993863554,-68.50071747811049,False
1,stress,10056,fast_nmpc_1s,8.5,0.17690369434916184,0.04360590247499257,0.4624249514161734,0.17822408887592026,0.042302095233132705,0.4633602349354057,0.12616330161179698,-0.0004904199218749988,0.07787659790039063,0.05616330161179697,0.196163301611797,-0.08,0.08,0.05074039273736486,0.04409632239686757,0.38454835351578276,held,0.0,False,290.02422932314613,0.0,0.0,False,False,1.0,10,0.0,-276.6030742270292,-0.08777310109408244,0.4037977245977856,0.349999945113264,0.3499999396496915,0.34996915440579207,0.34996915440579207,7.016941807136412e-05,False,False,81681.4896850586,6156.020634389981,20.86305614262193,4.887710251852238e-06,92.61377585134319,0.9303608946512464,0.8454174308359381,1.2293875720674339,0.6485713174581409,0.6573352173100183,1.0,0.003974919790454923,0.001090421166685319,0.006246505115645126,-0.06077663813443997,0.04369178412569492,0.011423261993863554,-68.50071747811049,False
1,stress,10056,fast_nmpc_1s,9.0,0.1791216038989421,0.04360035313387184,0.4842265167337215,0.17617062988831345,0.04404134307072135,0.47672073880002697,0.126875,-0.0005175561523437511,0.077624580078125,0.05687499999999998,0.196875,-0.08,0.08,0.05224660389894212,0.04411790928621559,0.4066019366555965,Solve_Succeeded,0.03686383296735585,False,291.1866501231159,0.0,0.0,False,False,1.0,10,0.0,-279.2611651664921,-0.0885025251344981,0.4040374474800409,0.34999998469048643,0.349999945113264,0.34998555464542364,0.34998555464542364,3.280047926312868e-05,False,False,81643.68701171875,6151.266968002932,20.84694573386822,4.916933432190173e-06,93.02367333944314,0.9303608946512464,0.8454174308359381,1.2293875720674339,0.6485713174581409,0.6573352173100183,1.0,0.003974919790454923,0.001090421166685319,0.006246505115645126,-0.06077663813443997,0.04369178412569492,0.011423261993863554,-68.50071747811049,False
1,stress,10056,fast_nmpc_1s,9.5,0.18110584323985293,0.043594752387290533,0.5060252943854538,0.18256550264825075,0.044306773922845516,0.5050601439425584,0.12762142061042525,-0.0005445019531249984,0.07735904174804688,0.057621420610425245,0.19762142061042526,-0.08,0.08,0.05348442262942768,0.04413925434041553,0.428666252637407,held,0.0,False,291.1866501231159,0.0,0.0,False,False,1.0,10,0.0,-281.8092951035276,-0.08915546500573898,0.40428764978530923,0.34999998469048643,0.349999945113264,0.34999321952682355,0.34999321952682355,1.532976279983167e-05,False,False,81603.85626220703,6146.305496334782,20.830131062815237,4.9479134623088905e-06,93.4588397128151,0.9303608946512464,0.8454174308359381,1.2293875720674339,0.6485713174581409,0.6573352173100183,1.0,0.003974919790454923,0.001090421166685319,0.006246505115645126,-0.06077663813443997,0.04369178412569492,0.011423261993863554,-68.50071747811049,False
1,stress,10056,fast_nmpc_1s,10.0,0.18288072896185514,0.04358910225495931,0.5278212591882738,0.18565101563560205,0.04370076209248364,0.5190179945005098,0.12840192043895748,-0.0005712573242187546,0.077080078125,0.05840192043895748,0.1984019204389575,-0.08,0.08,0.05447880852289766,0.04416035957917806,0.4507411810632738,Solve_Succeeded,0.028030708024743944,False,302.9367984304428,0.0,0.0,False,False,1.0,10,0.0,-284.26717546955416,-0.08974044407743742,0.40454814888211915,0.3499999804551781,0.34999998469048643,0.3499968228966168,0.3499968228966168,7.2067395865405e-06,False,False,81562.01171875,6141.139840938384,20.81262440308339,4.9806700751496085e-06,93.91949585203616,0.9303608946512464,0.8454174308359381,1.2293875720674339,0.6485713174581409,0.6573352173100183,1.0,0.003974919790454923,0.001090421166685319,0.006246505115645126,-0.06077663813443997,0.04369178412569492,0.011423261993863554,-68.50071747811049,False
1,stress,10056,fast_nmpc_1s,10.5,0.18446804556380314,0.04358340438108239,0.5496143868735297,0.18733214532303932,0.04254079446439243,0.547847128712171,0.12921585648148148,-0.000597822265625006,0.07678778442382812,0.05921585648148148,0.1992158564814815,-0.08,0.08,0.05525218908232166,0.04418122664670739,0.4728266024497016,held,0.0,False,302.9367984304428,0.0,0.0,False,False,1.0,10,0.0,-286.6518584911406,-0.09026481472417697,0.40481876939269756,0.3499999804551781,0.34999998469048643,0.349998506981894,0.349998506981894,3.3681705543520124e-06,False,False,81518.16766357422,6135.773479526905,20.794437540813334,5.015224613327705e-06,94.40587644101197,0.9303608946512464,0.8454174308359381,1.2293875720674339,0.6485713174581409,0.6573352173100183,1.0,0.003974919790454923,0.001090421166685319,0.006246505115645126,-0.06077663813443997,0.04369178412569492,0.011423261993863554,-68.50071747811049,False
1,stress,10056,fast_nmpc_1s,11.0,0.18588730904527329,0.04357766008555586,0.5714046539122237,0.1890402841025733,0.04410053449933038,0.574651845550346,0.13006258573388202,-0.0006241967773437523,0.076482255859375,0.06006258573388201,0.20006258573388203,-0.08,0.08,0.05582472331139127,0.04420185686289961,0.4949223980528487,Solve_Succeeded,0.027787791972514242,False,314.81346081623644,0.0,0.0,False,False,1.0,10,0.0,-288.9783964451205,-0.09073503894130103,0.4050993424719997,0.34999997999794075,0.3499999804551781,0.3499992918068277,0.3499992918068277,1.5696498674167003e-06,False,False,81472.33837890625,6130.2097602705635,20.7755818231183,5.051600042656616e-06,94.91823043378459,0.9303608946512464,0.8454174308359381,1.2293875720674339,0.6485713174581409,0.6573352173100183,1.0,0.003974919790454923,0.001090421166685319,0.006246505115645126,-0.06077663813443997,0.04369178412569492,0.011423261993863554,-68.50071747811049,False
1,stress,10056,fast_nmpc_1s,11.5,0.18715600306225402,0.04357187040219491,0.59319203736256,0.18487610484546316,0.04374097349527173,0.5890574489076595,0.1309414651920439,-0.0006503808593749938,0.07616358764648437,0.06094146519204388,0.2009414651920439,-0.08,0.08,0.056214537870210135,0.0442222512615699,0.5170284497160756,held,0.0,False,314.81346081623644,0.0,0.0,False,False,1.0,10,0.0,-291.2602114997603,-0.09115684558601543,0.40538970519014955,0.34999997999794075,0.3499999804551781,0.3499996586057387,0.3499996586057387,7.33597821933607e-07,False,False,81424.53814697266,6124.451914042717,20.75606819958672,5.0898209678309625e-06,95.4568214738183,0.9303608946512464,0.8454174308359381,1.2293875720674339,0.6485713174581409,0.6573352173100183,1.0,0.003974919790454923,0.001090421166685319,0.006246505115645126,-0.06077663813443997,0.04369178412569492,0.011423261993863554,-68.50071747811049,False
1,stress,10056,fast_nmpc_1s,12.0,0.18828979049985323,0.04356603610975502,0.6149765147347889,0.1922367892990711,0.042460677793865295,0.6183136819189765,0.13185185185185186,-0.0006763745117187442,0.075831875,0.06185185185185185,0.20185185185185187,-0.08,0.08,0.05643793864800137,0.044242410621473764,0.5391446397347889,Solve_Succeeded,0.02774599997792393,False,280.62690100641385,0.0,0.0,False,False,1.0,10,0.0,-293.5093478837682,-0.09153533763526558,0.40568969999943083,0.349999974794553,0.34999997999794075,0.34999982979079947,0.34999982979079947,3.423701215865549e-07,False,False,81374.78125,6118.5030649893715,20.735907258102767,5.129913650258388e-06,96.02192827696236,0.9303608946512464,0.8454174308359381,1.2293875720674339,0.6485713174581409,0.6573352173100183,1.0,0.003974919790454923,0.001090421166685319,0.006246505115645126,-0.06077663813443997,0.04369178412569492,0.011423261993863554,-68.50071747811049,False
1,stress,10056,fast_nmpc_1s,12.5,0.1893027030198792,0.04356015775807963,0.6367580638703295,0.1886777104067392,0.04408660130248492,0.6402324902659668,0.13279310270919067,-0.0007021777343750035,0.07548721313476563,0.06279310270919067,0.20279310270919068,-0.08,0.08,0.056509600310688524,0.04426233549245463,0.5612708507355639,held,0.0,False,280.62690100641385,0.0,0.0,False,False,1.0,10,0.0,-295.73666158388346,-0.09187507305851927,0.4059991742710676,0.349999974794553,0.34999997999794075,0.34999990979653217,0.34999990979653217,1.6001146541100297e-07,False,False,81323.08197021484,6112.36623971472,20.715109255976643,5.171906028033003e-06,96.61384498685496,0.9303608946512464,0.8454174308359381,1.2293875720674339,0.6485713174581409,0.6573352173100183,1.0,0.003974919790454923,0.001090421166685319,0.006246505115645126,-0.06077663813443997,0.04369178412569492,0.011423261993863554,-68.50071747811049,False
1,stress,10056,fast_nmpc_1s,13.0,0.19020731087554935,0.04355423569060522,0.6585366628330436,0.1948576951882215,0.041319772637420524,0.6573125217680524,0.13376457475994513,-0.000727790527343744,0.075129697265625,0.06376457475994513,0.20376457475994514,-0.08,0.08,0.056442736115604214,0.04428202621794897,0.5834069655674186,Solve_Succeeded,0.027782750024925917,False,258.229688383984,0.0,0.0,False,False,1.0,10,0.0,-297.9519677661475,-0.09218012801030319,0.40631797989012214,0.349999969752843,0.349999974794553,0.34999994441681875,0.34999994441681875,6.924057316393117e-08,False,False,81269.45458984375,6106.044375314271,20.693684147169208,5.215827738047671e-06,97.23288150971798,0.9303608946512464,0.8454174308359381,1.2293875720674339,0.6485713174581409,0.6573352173100183,1.0,0.003974919790454923,0.001090421166685319,0.006246505115645126,-0.06077663813443997,0.04369178412569492,0.011423261993863554,-68.50071747811049,False
1,stress,10056,fast_nmpc_1s,13.5,0.19101487504729234,0.04354827006405288,0.6803122898110464,0.1859641982256778,0.043885581333362116,0.6764380800962161,0.134765625,-0.0007532128906250074,0.07475942260742188,0.064765625,0.204765625,-0.08,0.08,0.05624925004729234,0.04430148295467789,0.6055528672036246,held,0.0,False,258.229688383984,0.0,0.0,False,False,1.0,10,0.0,-300.16416821267705,-0.09245415161931247,0.4066459728991729,0.349999969752843,0.349999974794553,0.349999960597094,0.349999960597094,3.2360550461518756e-08,False,False,81213.91339111328,6099.540326440656,20.671641606238378,5.261710140245436e-06,97.87936383409217,0.9303608946512464,0.8454174308359381,1.2293875720674339,0.6485713174581409,0.6573352173100183,1.0,0.003974919790454923,0.001090421166685319,0.006246505115645126,-0.06077663813443997,0.04369178412569492,0.011423261993863554,-68.50071747811049,False
1,stress,10056,fast_nmpc_1s,14.0,0.19173548353994155,0.043542260865691323,0.7020849230277478,0.1891638686061416,0.04313812979890952,0.6887559550433825,0.13579561042524005,-0.0007784448242187519,0.074376484375,0.06579561042524004,0.20579561042524006,-0.08,0.08,0.0559398731147015,0.044320705689910075,0.6277084386527478,Solve_Succeeded,0.027781833021435887,False,266.17634723006876,0.0,0.0,False,False,1.0,10,0.0,-302.3813525749526,-0.09270040998135357,0.4069830131832363,0.3499999774031186,0.349999969752843,0.3499999654737756,0.3499999654737756,9.753363228170997e-09,False,False,81156.47265625,6092.856871551574,20.64899104951369,5.309586344014252e-06,98.55363433999987,0.9303608946512464,0.8454174308359381,1.2293875720674339,0.6485713174581409,0.6573352173100183,1.0,0.003974919790454923,0.001090421166685319,0.006246505115645126,-0.06077663813443997,0.04369178412569492,0.011423261993863554,-68.50071747811049,False
1,stress,10056,fast_nmpc_1s,14.5,0.19237817349013453,0.04353620792868205,0.7238545406610355,0.18967693754190396,0.04274977892462702,0.7202929064036135,0.13685388803155007,-0.0008034863281249915,0.07398097778320313,0.06685388803155007,0.20685388803155008,-0.08,0.08,0.055524285458584455,0.04433969425680704,0.6498735628778324,held,0.0,False,266.17634723006876,0.0,0.0,False,False,1.0,10,0.0,-304.6108965715862,-0.09292182870054738,0.4073289641897978,0.3499999774031186,0.349999969752843,0.349999967752961,0.349999967752961,4.558370791940547e-09,False,False,81097.14666748047,6085.996718461531,20.625741653911437,5.359491236732386e-06,99.25605210118474,0.9303608946512464,0.8454174308359381,1.2293875720674339,0.6485713174581409,0.6573352173100183,1.0,0.003974919790454923,0.001090421166685319,0.006246505115645126,-0.06077663813443997,0.04369178412569492,0.011423261993863554,-68.50071747811049,False
1,stress,10056,fast_nmpc_1s,15.0,0.19295104056111348,0.04353011094555607,0.7456211207696561,0.19140619814880666,0.04208331222182939,0.7488130638830077,0.13793981481481482,-0.000828337402343754,0.073572998046875,0.06793981481481481,0.20793981481481483,-0.08,0.08,0.05501122574629866,0.04435844834789982,0.6720481227227811,Solve_Succeeded,0.027511125023011118,False,250.15421753837504,0.0,0.0,False,False,1.0,10,0.0,-306.8595413629739,-0.09312102766128313,0.407683692678915,0.3499999728688737,0.3499999774031186,0.34999997289298246,0.34999997289298246,1.0280042928023647e-08,False,False,81035.94970703125,6078.962509297259,20.60190237372883,5.411461514475415e-06,99.98699318342747,0.9303608946512464,0.8454174308359381,1.2293875720674339,0.6485713174581409,0.6573352173100183,1.0,0.003974919790454923,0.001090421166685319,0.006246505115645126,-0.06077663813443997,0.04369178412569492,0.011423261993863554,-68.50071747811049,False
1,stress,10056,fast_nmpc_1s,15.5,0.19346133694834822,0.04352396948018836,0.7673846412259528,0.1977570526886926,0.0442964949884662,0.7611204940519113,0.13905274777091908,-0.0008529980468749976,0.07315264038085938,0.06905274777091908,0.2090527477709191,-0.08,0.08,0.054408589177429134,0.044376967527063355,0.6942320008450935,held,0.0,False,250.15421753837504,0.0,0.0,False,False,1.0,10,0.0,-309.1334630763978,-0.0933003516943623,0.4080470684992265,0.3499999728688737,0.3499999774031186,0.3499999752952434,0.3499999752952434,4.804521891443869e-09,False,False,80972.8960571289,6071.756824939426,20.577481955697145,5.465535714898622e-06,100.74685094141053,0.9303608946512464,0.8454174308359381,1.2293875720674339,0.6485713174581409,0.6573352173100183,1.0,0.003974919790454923,0.001090421166685319,0.006246505115645126,-0.06077663813443997,0.04369178412569492,0.011423261993863554,-68.50071747811049,False
1,stress,10056,fast_nmpc_1s,16.0,0.19391555918167858,0.04351778297845783,0.7891450796542543,0.19809563716557235,0.04161517435765587,0.78182518756501,0.1401920438957476,-0.0008774682617187501,0.07272,0.0701920438957476,0.2101920438957476,-0.08,0.08,0.05372351528593097,0.04439525124017658,0.7164250796542543,Solve_Succeeded,0.027386415982618928,False,252.39217488234374,0.0,0.0,False,False,1.0,10,0.0,-311.4383430435462,-0.09346190124161702,0.40841896438639796,0.3499999674995118,0.3499999728688737,0.34999997400287153,0.34999997400287153,-2.5847437523651706e-09,False,False,80908.0,6064.382189019411,20.552488952527018,5.5217542523122586e-06,101.536036316199,0.9303608946512464,0.8454174308359381,1.2293875720674339,0.6485713174581409,0.6573352173100183,1.0,0.003974919790454923,0.001090421166685319,0.006246505115645126,-0.06077663813443997,0.04369178412569492,0.011423261993863554,-68.50071747811049,False
1,stress,10056,fast_nmpc_1s,16.5,0.19431952678620193,0.04351155077757038,0.8109024133742547,0.19594810264348364,0.04365903373261474,0.8110264400600646,0.14135706018518518,-0.0009017480468750116,0.07227517211914063,0.07135706018518517,0.21135706018518519,-0.08,0.08,0.05296246660101675,0.04441329882444539,0.7386272412551141,held,0.0,False,252.39217488234374,0.0,0.0,False,False,1.0,10,0.0,-313.779425922791,-0.09360755796340182,0.4087992557810987,0.3499999674995118,0.3499999728688737,0.34999997339886346,0.34999997339886346,-1.2080161315708438e-09,False,False,80841.2758178711,6056.841071528806,20.526931735141215,5.580159454969677e-06,102.35497813505975,0.9303608946512464,0.8454174308359381,1.2293875720674339,0.6485713174581409,0.6573352173100183,1.0,0.003974919790454923,0.001090421166685319,0.006246505115645126,-0.06077663813443997,0.04369178412569492,0.011423261993863554,-68.50071747811049,False
1,stress,10056,fast_nmpc_1s,17.0,0.19467845275353568,0.04350527211428001,0.8326566193487743,0.19305256639661278,0.04194474834277323,0.8189426523299786,0.1425471536351166,-0.0009258374023437543,0.071818251953125,0.0725471536351166,0.21254715363511661,-0.08,0.08,0.05213129911841907,0.04443110951662376,0.7608383673956494,Solve_Succeeded,0.02676124998833984,False,239.23442452028013,0.0,0.0,False,False,1.0,10,0.0,-316.1615666462577,-0.09373900577326418,0.4091878206640562,0.3499999004363893,0.3499999674995118,0.3499999702566563,0.3499999702566563,-6.28441432226623e-09,False,False,80772.73779296875,6049.1358920902585,20.500818503759668,5.6407956045918854e-06,103.20412341507893,0.9303608946512464,0.8454174308359381,1.2293875720674339,0.6485713174581409,0.6573352173100183,1.0,0.003974919790454923,0.001090421166685319,0.006246505115645126,-0.06077663813443997,0.04369178412569492,0.011423261993863554,-68.50071747811049,False
1,stress,10056,fast_nmpc_1s,17.5,0.19499700667606393,0.043498946132225005,0.8544076741354052,0.18894851124501547,0.04293365774249746,0.8475071504853459,0.1437616812414266,-0.0009497363281249921,0.07134933471679687,0.0737616812414266,0.2137616812414266,-0.08,0.08,0.051235325434637324,0.04444868246035,0.7830583394186084,held,0.0,False,239.23442452028013,0.0,0.0,False,False,1.0,10,0.0,-318.5892821726652,-0.09385775343342828,0.4095845394061104,0.3499999004363893,0.3499999674995118,0.34999996878810186,0.34999996878810186,-2.9371088894336594e-09,False,False,80702.40020751953,6041.269022930859,20.47415729797645,5.70370897815468e-06,104.08393767180984,0.9303608946512464,0.8454174308359381,1.2293875720674339,0.6485713174581409,0.6573352173100183,1.0,0.003974919790454923,0.001090421166685319,0.006246505115645126,-0.06077663813443997,0.04369178412569492,0.011423261993863554,-68.50071747811049,False
1,stress,10056,fast_nmpc_1s,18.0,0.19527937130799108,0.043492571888277334,0.8761555538415742,0.1962478002167946,0.042995608591436855,0.893601552661211,0.145,-0.0009734448242187527,0.070868515625,0.07499999999999998,0.215,-0.08,0.08,0.050279371307991094,0.04446601671249609,0.8052870382165742,Solve_Succeeded,0.030741333030164242,False,265.5209856436699,0.0,0.0,False,False,1.0,10,0.0,-321.0667746906141,-0.09396514609804038,0.40998929463149714,0.34999997276597844,0.3499999004363893,0.3499999323815183,0.3499999323815183,-7.281316716234443e-08,False,False,80630.27734375,6033.242791593229,20.44695600594777,5.768947891967784e-06,104.99490523400753,0.9303608946512464,0.8454174308359381,1.2293875720674339,0.6485713174581409,0.6573352173100183,1.0,0.003974919790454923,0.001090421166685319,0.006246505115645126,-0.06077663813443997,0.04369178412569492,0.011423261993863554,-68.50071747811049,False
1,stress,10056,fast_nmpc_1s,18.5,0.1955292932375733,0.043486148358471005,0.8979002340826719,0.1970917956386461,0.044484560718353924,0.8952453030054656,0.14626146690672154,-0.0009969628906250083,0.07037588989257812,0.07626146690672153,0.21626146690672154,-0.08,0.08,0.04926782633085175,0.04448311124909601,0.8275243441900938,held,0.0,False,265.5209856436699,0.0,0.0,False,False,1.0,10,0.0,-323.59801839304487,-0.0940624003398425,0.41040197109284127,0.34999997276597844,0.3499999004363893,0.3499999153663922,0.3499999153663922,-3.4030252171746156e-08,False,False,80556.38348388672,6025.059483414375,20.419222372792923,5.836562748077865e-06,105.93752956534755,0.9303608946512464,0.8454174308359381,1.2293875720674339,0.6485713174581409,0.6573352173100183,1.0,0.003974919790454923,0.001090421166685319,0.006246505115645126,-0.06077663813443997,0.04369178412569492,0.011423261993863554,-68.50071747811049,False
1,stress,10056,fast_nmpc_1s,19.0,0.19575012828343447,0.04347967444223346,0.9196416899427189,0.19394800054216702,0.044165566209057996,0.9254888549434533,0.147545438957476,-0.0010202905273437451,0.069871552734375,0.07754543895747598,0.217545438957476,-0.08,0.08,0.04820468932595848,0.044499964969577206,0.8497701372083439,Solve_Succeeded,0.02924400003394112,False,271.7554381019581,0.0,0.0,False,False,1.0,10,0.0,-326.18674911236144,-0.09415060238930278,0.41082245555655417,0.3499999209191648,0.34999997276597844,0.3499999459394789,0.3499999459394789,6.11461734578711e-08,False,False,80480.73291015625,6016.721343798232,20.39096400829609,5.9066060830306605e-06,106.91233359391218,0.9303608946512464,0.8454174308359381,1.2293875720674339,0.6485713174581409,0.6573352173100183,1.0,0.003974919790454923,0.001090421166685319,0.006246505115645126,-0.06077663813443997,0.04369178412569492,0.011423261993863554,-68.50071747811049,False
1,stress,10056,fast_nmpc_1s,19.5,0.19594488216420114,0.04347314896685859,0.9413798959372042,0.19610825653721417,0.042361557487128006,0.9495033610171015,0.14885127314814814,-0.001043427734374991,0.06935559936523437,0.07885127314814813,0.21885127314814815,-0.08,0.08,0.047093609016053,0.04451657670123358,0.8720242965719698,held,0.0,False,271.7554381019581,0.0,0.0,False,False,1.0,10,0.0,-328.8364678612222,-0.09423071198033406,0.41125063669750794,0.3499999209191648,0.34999997276597844,0.34999996022823865,0.34999996022823865,2.857751946194753e-08,False,False,80403.33990478516,6008.230580304267,20.362188393984678,5.979132619029841e-06,107.91986005011454,0.9303608946512464,0.8454174308359381,1.2293875720674339,0.6485713174581409,0.6573352173100183,1.0,0.003974919790454923,0.001090421166685319,0.006246505115645126,-0.06077663813443997,0.04369178412569492,0.011423261993863554,-68.50071747811049,False
1,stress,10056,fast_nmpc_1s,20.0,0.1961162469338605,0.043466570691939696,0.9631148259781486,0.1905110592606657,0.04240890561372664,0.9638281562492256,0.1501783264746228,-0.0010663745117187456,0.068828125,0.08017832647462278,0.2201783264746228,-0.08,0.08,0.045937920459237724,0.04453294520365844,0.8942867009781486,Solve_Succeeded,0.02936479198979214,False,238.16408787730927,0.0,0.0,False,False,1.0,10,0.0,-331.55051983355224,-0.09430359352118303,0.4116864050020053,0.3499999021198254,0.3499999209191648,0.34999993929081036,0.34999993929081036,-4.187485658224688e-08,False,False,80324.21875,5999.589364571574,20.332902889650182,6.054199317533272e-06,108.96067181364967,0.9303608946512464,0.8454174308359381,1.2293875720674339,0.6485713174581409,0.6573352173100183,1.0,0.003974919790454923,0.001090421166685319,0.006246505115645126,-0.06077663813443997,0.04369178412569492,0.011423261993863554,-68.50071747811049,False
1,stress,10056,fast_nmpc_1s,20.5,0.1962666336235254,0.043459938312249854,0.9848464533409939,0.20290791636020988,0.04437898877604381,0.993295128107519,0.15152595593278462,-0.0010891308593749954,0.06828922485351563,0.08152595593278461,0.22152595593278462,-0.08,0.08,0.04474067769074078,0.04454906917162485,0.9165572284874782,held,0.0,False,238.16408787730927,0.0,0.0,False,False,1.0,10,0.0,-334.3321274549911,-0.09437002961324362,0.4121296526781913,0.3499999021198254,0.3499999209191648,0.34999992950541037,0.34999992950541037,-1.957079998060607e-08,False,False,80243.38372802734,5990.799834095381,20.303114739368862,6.1318654353298064e-06,110.03535226998203,0.9303608946512464,0.8454174308359381,1.2293875720674339,0.6485713174581409,0.6573352173100183,1.0,0.003974919790454923,0.001090421166685319,0.006246505115645126,-0.06077663813443997,0.04369178412569492,0.011423261993863554,-68.50071747811049,False
1,stress,10056,fast_nmpc_1s,21.0,0.19639820148425421,0.04345325045998586,1.0065747506327707,0.1969913975744206,0.04163081603466777,1.0104833838735987,0.1528935185185185,-0.0011116967773437542,0.06773899414062501,0.0828935185185185,0.22289351851851852,-0.08,0.08,0.0435046829657357,0.044564947237329615,0.9388357564921457,Solve_Succeeded,0.02966449997620657,False,243.11392832550536,0.0,0.0,False,False,1.0,10,0.0,-337.18436182673906,-0.09443071246262086,0.41258027357316207,0.34999987162586993,0.3499999021198254,0.3499999149188616,0.3499999149188616,-2.9173097493284672e-08,False,False,80160.84912109375,5981.864093870782,20.27283107707244,6.212192583142812e-06,111.14450567682402,0.9303608946512464,0.8454174308359381,1.2293875720674339,0.6485713174581409,0.6573352173100183,1.0,0.003974919790454923,0.001090421166685319,0.006246505115645126,-0.06077663813443997,0.04369178412569492,0.011423261993863554,-68.50071747811049,False
1,stress,10056,fast_nmpc_1s,21.5,0.1965128841849749,0.04344650570760522,1.0282996897615357,0.19375453365452963,0.044435120490694105,1.0267919631330304,0.15428037122770918,-0.001134072265625008,0.06717752807617187,0.08428037122770918,0.2242803712277092,-0.08,0.08,0.04223251295726571,0.04458057797323023,0.9611221616853639,held,0.0,False,243.11392832550536,0.0,0.0,False,False,1.0,10,0.0,-340.1101979229635,-0.09448626525235954,0.4130381630961138,0.34999987162586993,0.3499999021198254,0.349999908101634,0.349999908101634,-1.363445523150375e-08,False,False,80076.62921142578,5972.78421791668,20.242058931712783,6.295244786809134e-06,112.28875754100274,0.9303608946512464,0.8454174308359381,1.2293875720674339,0.6485713174581409,0.6573352173100183,1.0,0.003974919790454923,0.001090421166685319,0.006246505115645126,-0.06077663813443997,0.04369178412569492,0.011423261993863554,-68.50071747811049,False
1,stress,10056,fast_nmpc_1s,22.0,0.1966124132825632,0.04343970256957885,1.0500212419069537,0.19275862625052448,0.04396893792132169,1.0588069763635606,0.15568587105624143,-0.001156257324218743,0.066604921875,0.08568587105624142,0.22568587105624144,-0.08,0.08,0.04092654222632178,0.044595959893797596,0.9834163200319537,Solve_Succeeded,0.027311042009387165,False,264.1761543149175,0.0,0.0,False,False,1.0,10,0.0,-343.13076230220304,-0.09454352544335123,0.4135553796234184,0.3499999761419227,0.34999987162586993,0.3499998886733285,0.3499998886733285,-3.885661103986138e-08,False,False,79990.73828125,5963.562250691366,20.210805232059418,6.38108855108465e-06,113.46875500606308,0.9303608946512464,0.8454174308359381,1.2293875720674339,0.6485713174581409,0.6573352173100183,1.0,0.003974919790454923,0.001090421166685319,0.006246505115645126,-0.06077663813443997,0.04369178412569492,0.011423261993863554,-68.50071747811049,False
1,stress,10056,fast_nmpc_1s,22.5,0.19669833915999088,0.043432839139207695,1.0717393774005204,0.19327067798508826,0.044992890742319956,1.069655562919776,0.157109375,-0.0011782519531250008,0.06602127075195313,0.08710937499999999,0.227109375,-0.08,0.08,0.039588964159990886,0.044611091092332696,1.0057181066485672,held,0.0,False,264.1761543149175,0.0,0.0,False,False,1.0,10,0.0,-346.3871833752229,-0.0946499040312315,0.41452118455903586,0.3499999761419227,0.34999987162586993,0.34999987959323814,0.34999987959323814,-1.8160180692561312e-08,False,False,79903.19061279297,5954.200208409866,20.179076811164045,6.469792926130768e-06,114.68516725092677,0.9303608946512464,0.8454174308359381,1.2293875720674339,0.6485713174581409,0.6573352173100183,1.0,0.003974919790454923,0.001090421166685319,0.006246505115645126,-0.06077663813443997,0.04369178412569492,0.011423261993863554,-68.50071747811049,False
1,stress,10056,fast_nmpc_1s,23.0,0.19677204912038673,0.04342591068845443,1.0934540649149471,0.2013418731269935,0.043757574115585104,1.0914807285998294,0.15855024005486967,-0.0012000561523437536,0.065426669921875,0.08855024005486967,0.22855024005486968,-0.08,0.08,0.03822180906551706,0.044625966840798184,1.028027394993072,Solve_Succeeded,0.026924624980892986,False,275.5404542136634,0.0,0.0,False,False,1.0,10,0.0,-349.7332068200509,-0.09475391263625474,0.41550436793117296,0.3499999694677181,0.3499999761419227,0.34999993101854443,0.34999993101854443,1.0285061258219486e-07,False,False,79814.00048828125,5944.700080271976,20.146880410522424,6.561429576738276e-06,115.93868589988143,0.9303608946512464,0.8454174308359381,1.2293875720674339,0.6485713174581409,0.6573352173100183,1.0,0.003974919790454923,0.001090421166685319,0.006246505115645126,-0.06077663813443997,0.04369178412569492,0.011423261993863554,-68.50071747811049,False
1,stress,10056,fast_nmpc_1s,23.5,0.1968347844241756,0.04341891541547867,1.1151652714903846,0.1873220278038866,0.04430101557959042,1.1179887941968842,0.16000782321673526,-0.0012216699218750016,0.06482121459960938,0.09000782321673526,0.23000782321673527,-0.08,0.08,0.036826961207440334,0.04464058533735367,1.0503440568907751,held,0.0,False,275.5404542136634,0.0,0.0,False,False,1.0,10,0.0,-353.1717819364841,-0.0948559331389264,0.4165048071705042,0.3499999694677181,0.3499999761419227,0.3499999550528807,0.3499999550528807,4.80686724868562e-08,False,False,79723.1821899414,5935.063829608949,20.11422268396056,6.656072854348026e-06,117.23002544415299,0.9303608946512464,0.8454174308359381,1.2293875720674339,0.6485713174581409,0.6573352173100183,1.0,0.003974919790454923,0.001090421166685319,0.006246505115645126,-0.06077663813443997,0.04369178412569492,0.011423261993863554,-68.50071747811049,False
1,stress,10056,fast_nmpc_1s,24.0,0.19688765616778525,0.043411851460445385,1.1368729632514833,0.20245106950764408,0.04427641837631546,1.1434628891261567,0.16148148148148148,-0.0012430932617187584,0.064205,0.09148148148148147,0.23148148148148148,-0.08,0.08,0.035406174686303776,0.04465494472216414,1.0726679632514833,Solve_Succeeded,0.027208249957766384,False,287.8084072968804,0.0,0.0,False,False,1.0,10,0.0,-356.70587544224543,-0.09495631942044776,0.41752238101690514,0.349999970838749,0.3499999694677181,0.3499999627307422,0.3499999627307422,1.5355723026466706e-08,False,False,79630.75,5925.293394955936,20.08111020126924,6.7537998719300994e-06,118.55992367528239,0.9303608946512464,0.8454174308359381,1.2293875720674339,0.6485713174581409,0.6573352173100183,1.0,0.003974919790454923,0.001090421166685319,0.006246505115645126,-0.06077663813443997,0.04369178412569492,0.011423261993863554,-68.50071747811049,False
1,stress,10056,fast_nmpc_1s,24.5,0.19693165881471503,0.04340471690507811,1.1585771053782934,0.20355594132336127,0.04367109492404137,1.1608946268578098,0.16297057184499314,-0.0012643261718749965,0.06357812133789062,0.09297057184499313,0.23297057184499315,-0.08,0.08,0.03396108696972189,0.04466904307695311,1.0949989840404029,held,0.0,False,287.8084072968804,0.0,0.0,False,False,1.0,10,0.0,-360.3384421245122,-0.09505538784388304,0.4185569694413684,0.349999970838749,0.3499999694677181,0.3499999663190982,0.3499999663190982,7.176712002454622e-09,False,False,79536.7182006836,5915.390691056471,20.047549451608308,6.854690581786318e-06,119.9291421305128,0.9303608946512464,0.8454174308359381,1.2293875720674339,0.6485713174581409,0.6573352173100183,1.0,0.003974919790454923,0.001090421166685319,0.006246505115645126,-0.06077663813443997,0.04369178412569492,0.011423261993863554,-68.50071747811049,False
1,stress,10056,fast_nmpc_1s,25.0,0.19696768231706258,0.043397509772809206,1.1802776620770874,0.1956193802689761,0.04310025474138118,1.1765492717713624,0.164474451303155,-0.0012853686523437435,0.062940673828125,0.09447445130315499,0.234474451303155,-0.08,0.08,0.03249323101390758,0.04468287842515295,1.1173369882489623,Solve_Succeeded,0.026615750044584274,False,268.90873777479976,0.0,0.0,False,False,1.0,10,0.0,-364.07243019713474,-0.09515341965603977,0.41960845357147647,0.3499999606300812,0.349999970838749,0.34999996872642697,0.34999996872642697,4.814657561524882e-09,False,False,79441.10107421875,5905.35760980471,20.01354684669993,6.958827856342686e-06,121.3384665503614,0.9303608946512464,0.8454174308359381,1.2293875720674339,0.6485713174581409,0.6573352173100183,1.0,0.003974919790454923,0.001090421166685319,0.006246505115645126,-0.06077663813443997,0.04369178412569492,0.011423261993863554,-68.50071747811049,False
1,stress,10056,fast_nmpc_1s,25.5,0.1969965229744496,0.04339022802883205,1.201974596551235,0.20285552867361994,0.042924164215181713,1.2034341866014104,0.16599247685185187,-0.0013062207031249995,0.062292752685546876,0.09599247685185186,0.23599247685185187,-0.08,0.08,0.031004046122597745,0.04469644873195705,1.1396818438656882,held,0.0,False,268.90873777479976,0.0,0.0,False,False,1.0,10,0.0,-367.910793117725,-0.0952506654091046,0.42067671562017306,0.3499999606300812,0.349999970838749,0.34999996985152576,0.34999996985152576,2.250197583819613e-09,False,False,79343.91290283203,5895.1960211304795,19.97910872382809,7.066297572001698e-06,122.78870734854205,0.9303608946512464,0.8454174308359381,1.2293875720674339,0.6485713174581409,0.6573352173100183,1.0,0.003974919790454923,0.001090421166685319,0.006246505115645126,-0.06077663813443997,0.04369178412569492,0.011423261993863554,-68.50071747811049,False
1,stress,10056,fast_nmpc_1s,26.0,0.1970188931617888,0.043382869579925015,1.2236678709720452,0.20005533018889562,0.04201914886537897,1.228395852608065,0.16752400548696844,-0.0013268823242187505,0.061634453125,0.09752400548696843,0.23752400548696845,-0.08,0.08,0.029494887674820364,0.044709751904143766,1.1620334178470453,Solve_Succeeded,0.02679733303375542,False,277.7220612519834,0.0,0.0,False,False,1.0,10,0.0,-371.8564971946968,-0.09534734786800958,0.4217616388175952,0.3499999200061572,0.3499999606300812,0.3499999649398523,0.3499999649398523,-9.823346913684361e-09,False,False,79245.16796875,5884.907773831726,19.944241348659794,7.177188696126696e-06,124.28070009438557,0.9303608946512464,0.8454174308359381,1.2293875720674339,0.6485713174581409,0.6573352173100183,1.0,0.003974919790454923,0.001090421166685319,0.006246505115645126,-0.06077663813443997,0.04369178412569492,0.011423261993863554,-68.50071747811049,False
1,stress,10056,fast_nmpc_1s,26.5,0.1970354300436318,0.043375432274130585,1.245357446449484,0.20137410050579355,0.04307493702260267,1.2405819517615828,0.16906839420438957,-0.0013473535156250036,0.060965870361328126,0.09906839420438956,0.23906839420438958,-0.08,0.08,0.027967035839242232,0.04472278578975559,1.184391576088156,held,0.0,False,277.7220612519834,0.0,0.0,False,False,1.0,10,0.0,-375.91253769202876,-0.09544366745293961,0.42286310734575583,0.3499999200061572,0.3499999606300812,0.349999962644313,0.349999962644313,-4.591078628379819e-09,False,False,79144.88055419922,5874.494696358492,19.908950917901986,7.291593377232754e-06,125.81530600788263,0.9303608946512464,0.8454174308359381,1.2293875720674339,0.6485713174581409,0.6573352173100183,1.0,0.003974919790454923,0.001090421166685319,0.006246505115645126,-0.06077663813443997,0.04369178412569492,0.011423261993863554,-68.50071747811049,False
1,stress,10056,fast_nmpc_1s,27.0,0.19704670338055233,0.043367913900118904,1.267043283002652,0.19441382898517695,0.04237474581212946,1.27073985364512,0.170625,-0.0013676342773437516,0.060287099609375,0.10062499999999999,0.240625,-0.08,0.08,0.02642170338055233,0.044735548177462656,1.206756183393277,Solve_Succeeded,0.02681966603267938,False,284.5125636141321,0.0,0.0,False,False,1.0,10,0.0,-380.0819250458195,-0.0955397982114793,0.4239810062758817,0.3499998305705054,0.3499999200061572,0.3499999399336957,0.3499999399336957,-4.542123455131275e-08,False,False,79043.06494140625,5863.958597552136,19.87324356180684,7.409607038461474e-06,127.39341246746788,0.9303608946512464,0.8454174308359381,1.2293875720674339,0.6485713174581409,0.6573352173100183,1.0,0.003974919790454923,0.001090421166685319,0.006246505115645126,-0.06077663813443997,0.04369178412569492,0.011423261993863554,-68.50071747811049,False
1,stress,10056,fast_nmpc_1s,27.5,0.1970532225221377,0.04336031218683285,1.288725339530013,0.19797718512872464,0.04407077048527026,1.2742076823532242,0.1721931798696845,-0.0013877246093749948,0.059598236083984374,0.10219317986968449,0.2421931798696845,-0.08,0.08,0.0248600426524532,0.04474803679620785,1.2291271034460285,held,0.0,False,284.5125636141321,0.0,0.0,False,False,1.0,10,0.0,-384.36773256634467,-0.0956359027852402,0.4251152215082343,0.3499998305705054,0.3499999200061572,0.3499999293195711,0.3499999293195711,-2.1228249269533706e-08,False,False,78939.73541259766,5853.301267343199,19.837125346536833,7.531328474419577e-06,129.01593353064885,0.9303608946512464,0.8454174308359381,1.2293875720674339,0.6485713174581409,0.6573352173100183,1.0,0.003974919790454923,0.001090421166685319,0.006246505115645126,-0.06077663813443997,0.04369178412569492,0.011423261993863554,-68.50071747811049,False
1,stress,10056,fast_nmpc_1s,28.0,0.19705544267115319,0.04335262480218436,1.3104035737792092,0.19732808799937365,0.04498075136602648,1.3073088979505039,0.17377229080932782,-0.001407624511718747,0.058899375000000004,0.10377229080932782,0.24377229080932783,-0.08,0.08,0.023283151861825363,0.04476024931390311,1.2515041987792093,Solve_Succeeded,0.026719417015556246,False,309.23254109910044,0.0,0.0,False,False,1.0,10,0.0,-388.77303494589444,-0.09573211368971142,0.42626563971425235,0.3499999697325752,0.3499998305705054,0.34999987672226257,0.34999987672226257,-1.0519461701719024e-07,False,False,78834.90625,5842.524477410941,19.800602276399946,7.65685995146315e-06,130.6838104675616,0.9303608946512464,0.8454174308359381,1.2293875720674339,0.6485713174581409,0.6573352173100183,1.0,0.003974919790454923,0.001090421166685319,0.006246505115645126,-0.06077663813443997,0.04369178412569492,0.011423261993863554,-68.50071747811049,False
1,stress,10056,fast_nmpc_1s,28.5,0.1970537704948749,0.04334484935298526,1.3320779423165319,0.2008083869363958,0.044434344330220824,1.3334571866952623,0.17536168981481481,-0.001427333984375001,0.05819061157226563,0.10536168981481481,0.24536168981481482,-0.08,0.08,0.021692080680060094,0.04477218333736026,1.2738873307442662,held,0.0,False,309.23254109910044,0.0,0.0,False,False,1.0,10,0.0,-393.30101583525936,-0.09582856595388463,0.42743214828087306,0.3499999697325752,0.3499998305705054,0.34999985214017465,0.34999985214017465,-4.916417584155397e-08,False,False,78728.59173583984,5831.629981807371,19.763680295964555,7.786307311512736e-06,132.39801230753793,0.9303608946512464,0.8454174308359381,1.2293875720674339,0.6485713174581409,0.6573352173100183,1.0,0.003974919790454923,0.001090421166685319,0.006246505115645126,-0.06077663813443997,0.04369178412569492,0.011423261993863554,-68.50071747811049,False
1,stress,10056,fast_nmpc_1s,29.0,0.19704856915136354,0.043336983382730884,1.3537484004958191,0.19619718125891056,0.041826024652520916,1.3547486877233312,0.17696073388203018,-0.0014468530273437502,0.057472041015625,0.10696073388203017,0.2469607338820302,-0.08,0.08,0.02008783526933336,0.044783836410074634,1.296276359480194,Solve_Succeeded,0.028091416985262185,False,310.8131051509031,0.0,0.0,False,False,1.0,10,0.0,-397.954909818048,-0.09592537909515125,0.428614635256898,0.22458195498888764,0.3499999697325752,0.3499999147741219,0.3499999147741219,1.2526789450184594e-07,False,False,78620.80615234375,5820.619517548277,19.726365292062432,7.91978007948607e-06,134.15953639873928,0.9303608946512464,0.8454174308359381,1.2293875720674339,0.6485713174581409,0.6573352173100183,1.0,0.003974919790454923,0.001090421166685319,0.006246505115645126,-0.06077663813443997,0.04369178412569492,0.011423261993863554,-68.50071747811049,False
1,stress,10056,fast_nmpc_1s,29.5,0.19704016279140338,0.04332902437054797,1.3754149024265385,0.20042342224604567,0.04420591186406634,1.376487334087377,0.17856878000685872,-0.0014661816406250014,0.05674375854492188,0.10856878000685871,0.24856878000685872,-0.08,0.08,0.01847138278454466,0.04479520601117297,1.3186711438816165,held,0.0,False,310.8131051509031,0.0,0.0,False,False,1.0,10,0.0,-402.73792024800366,-0.09602263355451936,0.429812989301285,0.22458195498888764,0.3499999697325752,0.34999994404697327,0.34999994404697327,5.85457027302283e-08,False,False,78511.56378173828,5809.494805173575,19.68866309568782,8.05739157443833e-06,135.96940898091478,0.9303608946512464,0.8454174308359381,1.2293875720674339,0.6485713174581409,0.6573352173100183,1.0,0.003974919790454923,0.001090421166685319,0.006246505115645126,-0.06077663813443997,0.04369178412569492,0.011423261993863554,-68.50071747811049,False
1,stress,10056,fast_nmpc_1s,30.0,0.19702884059139233,0.04332096973178922,1.3970774009417535,0.19150392175044112,0.04577559341830728,1.3959622586115412,0.1801851851851852,-0.0014853198242187476,0.056005859375,0.11018518518518519,0.2501851851851852,-0.08,0.08,0.016843655406207136,0.04480628955600797,1.3410715415667536,Solve_Succeeded,0.027093500015325844,False,334.25672217192476,0.0,0.0,False,False,1.0,10,0.0,-372.68130385968084,-0.08620886203068362,0.4310270996332512,0.3499999600971097,0.22458195498888764,0.28319780653397847,0.28319780653397847,-0.1336042750259896,False,False,78400.87890625,5798.257549279098,19.65057948379968,8.199259024501864e-06,137.82868577131904,0.9303608946512464,0.8454174308359381,1.2293875720674339,0.6485713174581409,0.6573352173100183,1.0,0.003974919790454923,0.001090421166685319,0.006246505115645126,-0.06077663813443997,0.04369178412569492,0.011423261993863554,-68.50071747811049,False
1,stress,10056,fast_nmpc_1s,30.5,0.19701502899063325,0.043313516255644245,1.418736022425797,0.19285687452832403,0.0435195341320644,1.4021451798470281,0.18180930641289436,-0.0015042675781250028,0.05525843872070313,0.11180930641289435,0.25180930641289434,-0.08,0.08,0.01520572257773889,0.04481778383376925,1.3634775837050939,held,0.0,False,334.25672217192476,0.0,0.0,False,False,1.0,10,0.0,-360.5286330981063,-0.08163351063799958,0.43225685598409136,0.3499999600971097,0.22458195498888764,0.2519768931326086,0.2519768931326086,-0.062441826802739686,False,False,78288.76580810547,5786.909439021749,19.61212018103368,8.345503685719913e-06,139.73845256381864,0.9303608946512464,0.8454174308359381,1.2293875720674339,0.6485713174581409,0.6573352173100183,1.0,0.003974919790454923,0.001090421166685319,0.006246505115645126,-0.06077663813443997,0.04369178412569492,0.011423261993863554,-68.50071747811049,False
1,stress,10056,fast_nmpc_1s,31.0,0.196999185609811,0.04330630585842245,1.4403909779394197,0.19362482256936195,0.04532025255154566,1.4436698458796602,0.1834405006858711,-0.001523024902343753,0.054501591796875,0.11344050068587108,0.2534405006858711,-0.08,0.08,0.013558684923939912,0.0448293307607662,1.3858893861425448,Solve_Succeeded,0.027595624967943877,False,349.89186618145465,0.0,0.0,False,False,1.0,10,0.0,-393.0973676465403,-0.08948180826569352,0.43350214855061187,0.28698194548416056,0.3499999600971097,0.304187508595239,0.304187508595239,0.10442123092526079,False,False,78175.23876953125,5775.452148599784,19.573290861329905,8.496250964871004e-06,141.6998258411985,0.9303608946512464,0.8454174308359381,1.2293875720674339,0.6485713174581409,0.6573352173100183,1.0,0.003974919790454923,0.001090421166685319,0.006246505115645126,-0.06077663813443997,0.04369178412569492,0.011423261993863554,-68.50071747811049,False
1,stress,10056,fast_nmpc_1s,31.5,0.1969814215500778,0.04329844411059412,1.4620421654147522,0.19766563093261763,0.044827863815969204,1.4642283129730618,0.185078125,-0.0015415917968750054,0.053735413818359376,0.115078125,0.25507812500000004,-0.08,0.08,0.011903296550077797,0.04484003590746913,1.4083067515963927,held,0.0,False,349.89186618145465,0.0,0.0,False,False,1.0,10,0.0,-411.441712795218,-0.09321386206825871,0.43476286795009866,0.28698194548416056,0.3499999600971097,0.3285888700587688,0.3285888700587688,0.04880272292705956,False,False,78060.3120727539,5763.887337709867,19.534097149481823,8.651630546383426e-06,143.71395340067318,0.9303608946512464,0.8454174308359381,1.2293875720674339,0.6485713174581409,0.6573352173100183,1.0,0.003974919790454923,0.001090421166685319,0.006246505115645126,-0.06077663813443997,0.04369178412569492,0.011423261993863554,-68.50071747811049,False
1,stress,10056,fast_nmpc_1s,32.0,0.1969616970645804,0.04329021550132334,1.4836893302986889,0.20017216088569037,0.04065936215134929,1.4785293085518376,0.186721536351166,-0.0015599682617187527,0.05295999999999999,0.116721536351166,0.256721536351166,-0.08,0.08,0.010240160713414381,0.04485018376304209,1.430729330298689,Solve_Succeeded,0.029870291997212917,False,367.5409411598797,0.0,0.0,False,False,1.0,10,0.0,-404.30411226788965,-0.08997900124814996,0.4360389051767378,0.1485888690998994,0.28698194548416056,0.30642752368573356,0.30642752368573356,-0.04432269274607048,False,False,77944.0,5752.216651982374,19.494544622611564,8.81177652344093e-06,145.7820149925864,0.9303608946512464,0.8454174308359381,1.2293875720674339,0.6485713174581409,0.6573352173100183,1.0,0.003974919790454923,0.001090421166685319,0.006246505115645126,-0.06077663813443997,0.04369178412569492,0.011423261993863554,-68.50071747811049,False
1,stress,10056,fast_nmpc_1s,32.5,0.19694016552716143,0.043282129668855016,1.5053324165701623,0.1923398452202898,0.04417357109619336,1.5012779359477548,0.18837009173525376,-0.0015781542968749881,0.05217544555664062,0.11837009173525376,0.25837009173525377,-0.08,0.08,0.008570073791907662,0.044860283965730004,1.4531569710135217,held,0.0,False,367.5409411598797,0.0,0.0,False,False,1.0,10,0.0,-403.6029976784472,-0.08850216751830989,0.43733015155941524,0.1485888690998994,0.28698194548416056,0.2960701084632685,0.2960701084632685,-0.020714830444930166,False,False,77826.3168334961,5740.441723396339,19.45463881157619,8.976827533383788e-06,147.90522297227946,0.9303608946512464,0.8454174308359381,1.2293875720674339,0.6485713174581409,0.6573352173100183,1.0,0.003974919790454923,0.001090421166685319,0.006246505115645126,-0.06077663813443997,0.04369178412569492,0.011423261993863554,-68.50071747811049,False
1,stress,10056,fast_nmpc_1s,33.0,0.19691705173753532,0.04327405788130506,1.5269714634347702,0.19887022796692938,0.04409249176836119,1.5283846675282708,0.19002314814814816,-0.0015961499023437464,0.051381845703125005,0.12002314814814816,0.2600231481481482,-0.08,0.08,0.006893903589387157,0.04487020778364881,1.4755896177316452,Solve_Succeeded,0.028787625022232533,False,384.7400468352521,0.0,0.0,False,False,1.0,10,0.0,-363.27080370186104,-0.07671965936085536,0.4386364987208295,0.11607037798310764,0.1485888690998994,0.21751628929801436,0.21751628929801436,-0.15710763833050823,False,False,77707.27685546875,5728.564170675286,19.414385202309198,9.146926897510681e-06,150.08482296508046,0.9303608946512464,0.8454174308359381,1.2293875720674339,0.6485713174581409,0.6573352173100183,1.0,0.003974919790454923,0.001090421166685319,0.006246505115645126,-0.06077663813443997,0.04369178412569492,0.011423261993863554,-68.50071747811049,False
1,stress,10056,fast_nmpc_1s,33.5,0.19689271825121704,0.04326679275718879,1.5486066760699133,0.19876453506135489,0.04322649236896861,1.5555833126303333,0.1916800625857339,-0.0016139550781249998,0.05057929565429688,0.12168006258573388,0.2616800625857339,-0.08,0.08,0.005212655665483151,0.04488074783531379,1.4980273804156163,held,0.0,False,384.7400468352521,0.0,0.0,False,False,1.0,10,0.0,-346.153094337108,-0.07120303855784682,0.43995783853785236,0.11607037798310764,0.1485888690998994,0.18080306309281713,0.18080306309281713,-0.07342645241039447,False,False,77586.89434814453,5716.5855996651535,19.373789237101303,9.322222765389983e-06,152.3220945443675,0.9303608946512464,0.8454174308359381,1.2293875720674339,0.6485713174581409,0.6573352173100183,1.0,0.003974919790454923,0.001090421166685319,0.006246505115645126,-0.06077663813443997,0.04369178412569492,0.011423261993863554,-68.50071747811049,False
1,stress,10056,fast_nmpc_1s,34.0,0.1968675621239993,0.04325987000196155,1.570238341734035,0.1996564796262441,0.04216553905738349,1.568809156825583,0.19334019204389574,-0.001631569824218762,0.049767890625000005,0.12334019204389574,0.26334019204389575,-0.08,0.08,0.0035273700801035646,0.04489143982618031,1.520470451109035,Solve_Succeeded,0.028216915961820632,False,409.99724306180894,0.0,0.0,False,False,1.0,10,0.0,-329.7142577903837,-0.06599251506414917,0.4412940631030815,0.0008030654637012308,0.11607037798310764,0.1463241038561045,0.1463241038561045,-0.06895791847342525,False,False,77465.18359375,5704.507603695355,19.33285631582411,9.502868263790467e-06,154.61835192263146,0.9303608946512464,0.8454174308359381,1.2293875720674339,0.6485713174581409,0.6573352173100183,1.0,0.003974919790454923,0.001090421166685319,0.006246505115645126,-0.06077663813443997,0.04369178412569492,0.011423261993863554,-68.50071747811049,False
1,stress,10056,fast_nmpc_1s,34.5,0.19684182787813545,0.04325327603547221,1.5918666282167626,0.20138640705268038,0.04394306475609027,1.590187859159218,0.19500289351851852,-0.0016489941406250055,0.048947725830078115,0.1250028935185185,0.2650028935185185,-0.08,0.08,0.0018389343596169339,0.044902270176097214,1.5429189023866845,held,0.0,False,409.99724306180894,0.0,0.0,False,False,1.0,10,0.0,-323.8742398051211,-0.0635485378752283,0.4426450646875293,0.0008030654637012308,0.11607037798310764,0.13020987996185612,0.13020987996185612,-0.03222844778849676,False,False,77342.15887451172,5692.331763924001,19.291591797100075,9.689021650343693e-06,156.9749446554519,0.9303608946512464,0.8454174308359381,1.2293875720674339,0.6485713174581409,0.6573352173100183,1.0,0.003974919790454923,0.001090421166685319,0.006246505115645126,-0.06077663813443997,0.04369178412569492,0.011423261993863554,-68.50071747811049,False
1,stress,10056,fast_nmpc_1s,35.0,0.19681568030411672,0.04324679887935876,1.6134916469180207,0.19272892353072296,0.04327002863757266,1.6171109309650415,0.19666752400548698,-0.0016662280273437372,0.048118896484375,0.12666752400548698,0.266667524005487,-0.08,0.08,0.00014815629862974244,0.0449130269067025,1.5653727504336457,Solve_Succeeded,0.028173833969049156,False,436.4736184215148,0.0,0.0,False,False,1.0,10,0.0,-284.83781299054397,-0.05301772409005466,0.44401073570439814,-0.04979009418133186,0.0008030654637012308,0.0612831503742792,0.0612831503742792,-0.13785345917515385,False,False,77217.83447265625,5680.059649668205,19.25000099942194,9.88084647205258e-06,159.3932583582865,0.9303608946512464,0.8454174308359381,1.2293875720674339,0.6485713174581409,0.6573352173100183,1.0,0.003974919790454923,0.001090421166685319,0.006246505115645126,-0.06077663813443997,0.04369178412569492,0.011423261993863554,-68.50071747811049,False
1,stress,10056,fast_nmpc_1s,35.5,0.19678937782707526,0.043241102459382764,1.63511362222469,0.19338444148028125,0.0420369313335661,1.6240489301381786,0.19833344050068585,-0.0016832714843749985,0.04728149780273438,0.12833344050068585,0.26833344050068586,-0.08,0.08,-0.0015440626736105967,0.04492437394375776,1.5878321244219558,held,0.0,False,436.4736184215148,0.0,0.0,False,False,1.0,10,0.0,-267.62094949491575,-0.048050333507669865,0.44539096867389644,-0.04979009418133186,0.0008030654637012308,0.02906927914785675,0.02906927914785675,-0.0644277424528449,False,False,77092.22467041016,5667.692818720325,19.20808920222448,1.0078511728762105e-05,161.874715435948,0.9303608946512464,0.8454174308359381,1.2293875720674339,0.6485713174581409,0.6573352173100183,1.0,0.003974919790454923,0.001090421166685319,0.006246505115645126,-0.06077663813443997,0.04369178412569492,0.011423261993863554,-68.50071747811049,False
1,stress,10056,fast_nmpc_1s,36.0,0.19676320103777095,0.04323575038033264,1.656732835406325,0.20337187346838762,0.04348237890971062,1.664765381175218,0.2,-0.001700124511718755,0.046435625,0.13,0.27,-0.08,0.08,-0.0032367989622290594,0.04493587489205139,1.6102972104063251,Solve_Succeeded,0.02812558296136558,False,456.9532181747851,0.0,0.0,False,False,1.0,10,0.0,-243.37671136620233,-0.041546413322726065,0.44678565618904953,-0.15093066893780735,-0.04979009418133186,-0.012934062963499054,-0.012934062963499054,-0.08400668422271161,False,False,76965.34375,5655.232817650954,19.165861646911356,1.02821920417105e-05,164.4207758246354,0.9303608946512464,0.8454174308359381,1.2293875720674339,0.6485713174581409,0.6573352173100183,1.0,0.003974919790454923,0.001090421166685319,0.006246505115645126,-0.06077663813443997,0.04369178412569492,0.011423261993863554,-68.50071747811049,False
1,stress,10056,fast_nmpc_1s,36.5,0.1967373337661959,0.04323088318747174,1.6783494937698997,0.19922936401266636,0.045806373171481604,1.6800952702734888,0.2016665594993141,-0.0017167871093750064,0.04558137329101562,0.1316665594993141,0.2716665594993141,-0.08,0.08,-0.004929225733118214,0.044947670296846744,1.6327681204788842,held,0.0,False,456.9532181747851,0.0,0.0,False,False,1.0,10,0.0,-232.92867179286645,-0.038453295811473685,0.4481946908824673,-0.15093066893780735,-0.04979009418133186,-0.03256491244599734,-0.03256491244599734,-0.039261698964996566,False,False,76837.20599365234,5642.681182099389,19.123323537839543,1.0492067827280598e-05,167.03293774635753,0.9303608946512464,0.8454174308359381,1.2293875720674339,0.6485713174581409,0.6573352173100183,1.0,0.003974919790454923,0.001090421166685319,0.006246505115645126,-0.06077663813443997,0.04369178412569492,0.011423261993863554,-68.50071747811049,False
1,stress,10056,fast_nmpc_1s,37.0,0.1967119068338144,0.04322622495477759,1.6999637707771484,0.19774871186117582,0.046827766275201216,1.6998952875897086,0.20333247599451304,-0.001733259277343746,0.044718837890624995,0.13333247599451303,0.27333247599451305,-0.08,0.08,-0.006620569160698642,0.04495948423212134,1.6552449328865235,Solve_Succeeded,0.026870833011344075,False,472.3692727569893,0.0,0.0,False,False,1.0,10,0.0,-192.85001451423352,-0.028621271797890622,0.44961796539402865,-0.17534530678150617,-0.15093066893780735,-0.09561077692986726,-0.09561077692986726,-0.12609172896773985,False,False,76707.82568359375,5630.039437052273,19.080480043263627,1.0708325476072688e-05,169.71273847556785,0.9303608946512464,0.8454174308359381,1.2293875720674339,0.6485713174581409,0.6573352173100183,1.0,0.003974919790454923,0.001090421166685319,0.006246505115645126,-0.06077663813443997,0.04369178412569492,0.011423261993863554,-68.50071747811049,False
1,stress,10056,fast_nmpc_1s,37.5,0.19668711618085402,0.043222368292488475,1.7215759190609394,0.19447344938336578,0.042894003671469616,1.721035398121887,0.2049971064814815,-0.0017495410156249946,0.04384811401367188,0.1349971064814815,0.2749971064814815,-0.08,0.08,-0.008309990300627484,0.04497190930811347,1.6777278050472675,held,0.0,False,472.3692727569893,0.0,0.0,False,False,1.0,10,0.0,-174.19840692710426,-0.0239404730125858,0.45105537233944787,-0.17534530678150617,-0.15093066893780735,-0.1250761435879702,-0.1250761435879702,-0.05893073331620588,False,False,76577.21710205078,5617.309097111061,19.037336296242305,1.0931157537422334e-05,172.4617551178187,0.9303608946512464,0.8454174308359381,1.2293875720674339,0.6485713174581409,0.6573352173100183,1.0,0.003974919790454923,0.001090421166685319,0.006246505115645126,-0.06077663813443997,0.04369178412569492,0.011423261993863554,-68.50071747811049,False
1,stress,10056,fast_nmpc_1s,38.0,0.19666317174125153,0.04321888465608944,1.7431862322705993,0.20344160772253816,0.04256957811765757,1.7329093284181438,0.20665980795610428,-0.0017656323242187522,0.042969296875,0.13665980795610427,0.2766598079561043,-0.08,0.08,-0.00999663621485275,0.04498451698030819,1.7002169353955994,Solve_Succeeded,0.028369500010740012,False,510.84583711704914,0.0,0.0,False,False,1.0,10,0.0,-156.66872485703442,-0.01964874055309901,0.45250680427969014,-0.3050761036942264,-0.17534530678150617,-0.15185131019315723,-0.15185131019315723,-0.05355033321037406,False,False,76445.39453125,5604.4916667489015,18.99389739550893,1.1160762909487027e-05,175.28160540020042,0.9303608946512464,0.8454174308359381,1.2293875720674339,0.6485713174581409,0.6573352173100183,1.0,0.003974919790454923,0.001090421166685319,0.006246505115645126,-0.06077663813443997,0.04369178412569492,0.011423261993863554,-68.50071747811049,False
1,stress,10056,fast_nmpc_1s,38.5,0.1966401565792636,0.04321575160563801,1.7647948913092035,0.2016256775175226,0.04257246761537617,1.7654264897393335,0.20831993741426613,-0.0017815332031249978,0.042082481689453125,0.13831993741426613,0.27831993741426614,-0.08,0.08,-0.01167978083500254,0.044997284808763006,1.7227124096197504,held,0.0,False,510.84583711704914,0.0,0.0,False,False,1.0,10,0.0,-148.5871660821725,-0.01755799276718842,0.4539721536912043,-0.3050761036942264,-0.17534530678150617,-0.16436505883967592,-0.16436505883967592,-0.025027497293037382,False,False,76312.37225341797,5591.588640557487,18.950168406308123,1.1397347035028162e-05,178.1739484733324,0.9303608946512464,0.8454174308359381,1.2293875720674339,0.6485713174581409,0.6573352173100183,1.0,0.003974919790454923,0.001090421166685319,0.006246505115645126,-0.06077663813443997,0.04369178412569492,0.011423261993863554,-68.50071747811049,False
1,stress,10056,fast_nmpc_1s,39.0,0.19661809433540844,0.04321278017784134,1.786402024228954,0.19774719930811333,0.04519743875215428,1.7754611376527418,0.20997685185185183,-0.0017972436523437524,0.041187763671875,0.13997685185185182,0.27997685185185184,-0.08,0.08,-0.013358757516443387,0.04501002383018509,1.745214260557079,Solve_Succeeded,0.028509499970823526,False,528.7724091727307,0.0,0.0,False,False,1.0,10,0.0,-94.77224193507114,-0.005665389600755098,0.4554513129369436,-0.3443649490668313,-0.3050761036942264,-0.23931282860193442,-0.23931282860193442,-0.149895539524517,False,False,76178.16455078125,5578.601503484431,18.90615436120024,1.164112210301471e-05,181.14048572462633,0.9303608946512464,0.8454174308359381,1.2293875720674339,0.6485713174581409,0.6573352173100183,1.0,0.003974919790454923,0.001090421166685319,0.006246505115645126,-0.06077663813443997,0.04369178412569492,0.011423261993863554,-68.50071747811049,False
1,stress,10056,fast_nmpc_1s,39.5,0.19659718278613253,0.04321088503784121,1.808007940507726,0.18983827865454217,0.040928054056593735,1.805955643807641,0.21162990826474626,-0.001812763671875002,0.04028523803710937,0.14162990826474625,0.28162990826474626,-0.08,0.08,-0.015032725478613729,0.04502364870971621,1.7677227024706168,held,0.0,False,528.7724091727307,0.0,0.0,False,False,1.0,10,0.0,-68.37883417695929,2.5849657372178925e-05,0.4569441742381477,-0.3443649490668313,-0.3050761036942264,-0.2743407171768786,-0.2743407171768786,-0.07005577714988831,False,False,76042.7857055664,5565.531731061606,18.861860260835236,1.1892307256177006e-05,184.1829616025303,0.9303608946512464,0.8454174308359381,1.2293875720674339,0.6485713174581409,0.6573352173100183,1.0,0.003974919790454923,0.001090421166685319,0.006246505115645126,-0.06077663813443997,0.04369178412569492,0.011423261993863554,-68.50071747811049,False
1,stress,10056,fast_nmpc_1s,40.0,0.19657767945049887,0.04320951775045918,1.8296130411809721,0.19790519087031247,0.04156353348037539,1.8251401490000845,0.21327846364883404,-0.0018280932617187468,0.039375,0.14327846364883404,0.283278463648834,-0.08,0.08,-0.016700784198335178,0.045037611012177924,1.7902380411809722,Solve_Succeeded,0.02873054100200534,False,595.9991704150269,0.0,0.0,False,False,1.0,10,0.0,-39.191176582874014,0.006112571266872785,0.45845062964685884,-0.34999998938038,-0.3443649490668313,-0.31163814478742663,-0.31163814478742663,-0.0745948552210961,False,False,75906.25,5552.380789624953,18.817291074697604,1.2151128804639497e-05,187.30316445143254,0.9303608946512464,0.8454174308359381,1.2293875720674339,0.6485713174581409,0.6573352173100183,1.0,0.003974919790454923,0.001090421166685319,0.006246505115645126,-0.06077663813443997,0.04369178412569492,0.011423261993863554,-68.50071747811049,False
1,stress,10056,fast_nmpc_1s,40.5,0.196559701041576,0.04320873419845363,1.8512176041458812,0.19320546745029382,0.0441954942723129,1.8533863990907662,0.214921875,-0.0018432324218749935,0.038457144775390625,0.144921875,0.284921875,-0.08,0.08,-0.018362173958424016,0.04505196662032862,1.8127604593704907,held,0.0,False,595.9991704150269,0.0,0.0,False,False,1.0,10,0.0,-24.150648463330427,0.00909395249157769,0.4599705710191495,-0.34999998938038,-0.3443649490668313,-0.32906961930119144,-0.32906961930119144,-0.03486294902752962,False,False,75768.5717163086,5539.150136526166,18.77245174182378,1.241782044576182e-05,190.50292735686938,0.9303608946512464,0.8454174308359381,1.2293875720674339,0.6485713174581409,0.6573352173100183,1.0,0.003974919790454923,0.001090421166685319,0.006246505115645126,-0.06077663813443997,0.04369178412569492,0.011423261993863554,-68.50071747811049,False
1,stress,10056,fast_nmpc_1s,41.0,0.19654329688800032,0.043208251437525776,1.8728218505341812,0.1947978457393855,0.045879281569326136,1.8689002079826464,0.21655949931412896,-0.001858181152343763,0.03753176757812501,0.14655949931412895,0.28655949931412894,-0.08,0.08,-0.020016202426128643,0.04506643258986954,1.8352900829560561,Solve_Succeeded,0.02800033299718052,False,594.1666386118976,0.0,0.0,False,False,1.0,10,0.0,-13.450816538206368,0.011096815650251779,0.46150388998903746,-0.34999999477639976,-0.34999998938038,-0.340217888147858,-0.340217888147858,-0.022296537693333174,False,False,75629.76513671875,5525.841220336646,18.727347171493353,1.2692623490318925e-05,193.7841290006664,0.9303608946512464,0.8454174308359381,1.2293875720674339,0.6485713174581409,0.6573352173100183,1.0,0.003974919790454923,0.001090421166685319,0.006246505115645126,-0.06077663813443997,0.04369178412569492,0.011423261993863554,-68.50071747811049,False
1,stress,10056,fast_nmpc_1s,41.5,0.19652842449545493,0.04320798265363947,1.8944259090379034,0.19997612277963986,0.044353059820844636,1.894387758506766,0.21819069358710566,-0.0018729394531250138,0.03659896362304686,0.14819069358710565,0.2881906935871057,-0.08,0.08,-0.021662269091650727,0.04508092210676448,1.8578269454148566,held,0.0,False,594.1666386118976,0.0,0.0,False,False,1.0,10,0.0,-7.096864566666653,0.012166390500962139,0.4630504779430665,-0.34999999477639976,-0.34999998938038,-0.3454281875363957,-0.3454281875363957,-0.010420598777075352,False,False,75489.84454345703,5512.455481044132,18.68198224389546,1.2975787095150084e-05,197.14869452559412,0.9303608946512464,0.8454174308359381,1.2293875720674339,0.6485713174581409,0.6573352173100183,1.0,0.003974919790454923,0.001090421166685319,0.006246505115645126,-0.06077663813443997,0.04369178412569492,0.011423261993863554,-68.50071747811049,False
1,stress,10056,fast_nmpc_1s,42.0,0.19651500466641297,0.04320784092966851,1.9160298649162404,0.1977594854546645,0.04284029734082026,1.9140612167845061,0.21981481481481485,-0.0018875073242187387,0.03565882812499999,0.14981481481481485,0.28981481481481486,-0.08,0.08,-0.023299810148401878,0.04509534825388725,1.8803710367912403,Solve_Succeeded,0.02775141695747152,False,654.9991500438373,0.0,0.0,False,False,1.0,10,0.0,-2.7731823403105125,0.012799101724940025,0.46461022599553314,-0.3500000019198063,-0.34999999477639976,-0.3478632967119081,-0.3478632967119081,-0.0048702183510247465,False,False,75348.82421875,5498.99435024233,18.63636181077146,1.3267568502407983e-05,200.59859640910406,0.9303608946512464,0.8454174308359381,1.2293875720674339,0.6485713174581409,0.6573352173100183,1.0,0.003974919790454923,0.001090421166685319,0.006246505115645126,-0.06077663813443997,0.04369178412569492,0.011423261993863554,-68.50071747811049,False
1,stress,10056,fast_nmpc_1s,42.5,0.1965029364647153,0.043207785661131475,1.9376337715479508,0.19097457062656664,0.042582264745387344,1.9277806989902062,0.2214312199931413,-0.0019018847656249865,0.034711456298828124,0.1514312199931413,0.2914312199931413,-0.08,0.08,-0.024928283528425993,0.04510967042675646,1.9029223152491226,held,0.0,False,654.9991500438373,0.0,0.0,False,False,1.0,10,0.0,0.6257948059380851,0.013227731999962786,0.46618302496434094,-0.3500000019198063,-0.34999999477639976,-0.34900137904762324,-0.34900137904762324,-0.002276164671430325,False,False,75206.71844482422,5485.459251313897,18.590490696035044,1.3568233285538061e-05,204.13585534566653,0.9303608946512464,0.8454174308359381,1.2293875720674339,0.6485713174581409,0.6573352173100183,1.0,0.003974919790454923,0.001090421166685319,0.006246505115645126,-0.06077663813443997,0.04369178412569492,0.011423261993863554,-68.50071747811049,False
1,stress,10056,fast_nmpc_1s,43.0,0.19649211557359209,0.04320779835497746,1.959237667537401,0.19216665459678756,0.044599880390097144,1.9593272577529277,0.22303926611796981,-0.0019160717773437363,0.033756943359375007,0.1530392661179698,0.2930392661179698,-0.08,0.08,-0.02654715054437773,0.0451238701323212,1.925480724178026,Solve_Succeeded,0.028207416995428503,False,683.46624116806,0.0,0.0,False,False,1.0,10,0.0,3.628821539527067,0.013561444245215215,0.46776876534746137,-0.3499999984889024,-0.3500000019198063,-0.3495332815516595,-0.3495332815516595,-0.0010638050080725714,False,False,75063.54150390625,5471.851599607084,18.544373696370922,1.3878055602118714e-05,207.76254113720714,0.9303608946512464,0.8454174308359381,1.2293875720674339,0.6485713174581409,0.6573352173100183,1.0,0.003974919790454923,0.001090421166685319,0.006246505115645126,-0.06077663813443997,0.04369178412569492,0.011423261993863554,-68.50071747811049,False
1,stress,10056,fast_nmpc_1s,43.5,0.19648244233590645,0.043207871093245545,1.9808415848862062,0.18656916903147952,0.043058249938713516,1.9812531885050693,0.2246383101851852,-0.001930068359375016,0.03279538452148439,0.1546383101851852,0.2946383101851852,-0.08,0.08,-0.02815586784927876,0.04513793945262056,1.9480462003647219,held,0.0,False,683.46624116806,0.0,0.0,False,False,1.0,10,0.0,6.489656650073314,0.013851431691119964,0.469367337299987,-0.3499999984889024,-0.3500000019198063,-0.34978187362722385,-0.34978187362722385,-0.000497184151128649,False,False,74919.30767822266,5458.172802606335,18.49801558181297,1.41973184536914e-05,211.48077359108925,0.9303608946512464,0.8454174308359381,1.2293875720674339,0.6485713174581409,0.6573352173100183,1.0,0.003974919790454923,0.001090421166685319,0.006246505115645126,-0.06077663813443997,0.04369178412569492,0.011423261993863554,-68.50071747811049,False
1,stress,10056,fast_nmpc_1s,44.0,0.19647382494991983,0.04320800103308467,2.002445552905784,0.19017005342776394,0.043316001804743966,2.005631483869588,0.22622770919067217,-0.0019438745117187697,0.03182687499999999,0.15622770919067216,0.2962277091906722,-0.08,0.08,-0.029753884240752343,0.04515187554480344,1.9706186779057842,Solve_Succeeded,0.028302667022217065,False,744.9130487048849,0.0,0.0,False,False,1.0,10,0.0,9.330969592964252,0.014121704755488344,0.47097863061175976,-0.3499999999286741,-0.3499999984889024,-0.34989805478364555,-0.34989805478364555,-0.0002323623128434038,False,False,74774.03125,5444.424260097118,18.451421096302866,1.4526313952709974e-05,215.29272342507062,0.9303608946512464,0.8454174308359381,1.2293875720674339,0.6485713174581409,0.6573352173100183,1.0,0.003974919790454923,0.001090421166685319,0.006246505115645126,-0.06077663813443997,0.04369178412569492,0.011423261993863554,-68.50071747811049,False
1,stress,10056,fast_nmpc_1s,44.5,0.19646618042191594,0.04320818778494167,2.0240496000994592,0.19891538888734045,0.04288631436505439,2.0272826299421753,0.2278068201303155,-0.001957490234374991,0.030851510009765618,0.1578068201303155,0.2978068201303155,-0.08,0.08,-0.031340639708399565,0.04516567801931666,1.9931980900896935,held,0.0,False,744.9130487048849,0.0,0.0,False,False,1.0,10,0.0,12.21295204466169,0.014383525985688095,0.472602534685558,-0.3499999999286741,-0.3499999984889024,-0.34995235367225236,-0.34995235367225236,-0.00010859777721361485,False,False,74627.72650146484,5430.607364325257,18.40459495823004,1.4865343596736543e-05,219.20061317860907,0.9303608946512464,0.8454174308359381,1.2293875720674339,0.6485713174581409,0.6573352173100183,1.0,0.003974919790454923,0.001090421166685319,0.006246505115645126,-0.06077663813443997,0.04369178412569492,0.011423261993863554,-68.50071747811049,False
1,stress,10056,fast_nmpc_1s,45.0,0.19645943450904452,0.043208432162997946,2.045653755076721,0.19607282074704696,0.04291308891767155,2.047528473719108,0.22937500000000002,-0.001970915527343728,0.029869384765625,0.15937500000000002,0.29937500000000006,-0.08,0.08,-0.032915565490955506,0.045179347690341674,2.015784370311096,Solve_Succeeded,0.027559040987398475,False,776.8167404423347,0.0,0.0,False,False,1.0,10,0.0,15.166033775667358,0.014642177879920504,0.47423893851582877,-0.35000000169259177,-0.3499999999286741,-0.349977731784255,-0.349977731784255,-5.0756224005299444e-05,False,False,74480.40771484375,5416.723500150996,18.35754186095386,1.5214718550010078e-05,223.2067181298607,0.9303608946512464,0.8454174308359381,1.2293875720674339,0.6485713174581409,0.6573352173100183,1.0,0.003974919790454923,0.001090421166685319,0.006246505115645126,-0.06077663813443997,0.04369178412569492,0.011423261993863554,-68.50071747811049,False
1,stress,10056,fast_nmpc_1s,45.5,0.19645352123422277,0.043208735589931616,2.0672580470062827,0.19963450104688266,0.04152919136515605,2.064310193812431,0.23093160579561045,-0.0019841503906249877,0.02888059448242189,0.16093160579561044,0.30093160579561046,-0.08,0.08,-0.03447808456138768,0.0451928859805566,2.0383774525238607,held,0.0,False,776.8167404423347,0.0,0.0,False,False,1.0,10,0.0,18.20649215469298,0.01490013727630067,0.47588773066795076,-0.35000000169259177,-0.3499999999286741,-0.3499895925998909,-0.3499895925998909,-2.3721631271733656e-05,False,False,74332.08917236328,5402.774045198055,18.310266473308733,1.557475993251199e-05,227.31336721766715,0.9303608946512464,0.8454174308359381,1.2293875720674339,0.6485713174581409,0.6573352173100183,1.0,0.003974919790454923,0.001090421166685319,0.006246505115645126,-0.06077663813443997,0.04369178412569492,0.011423261993863554,-68.50071747811049,False
1,stress,10056,fast_nmpc_1s,46.0,0.19644838224499883,0.043209099813873136,2.088862505849567,0.19492543001432516,0.04598454335686537,2.088859429908638,0.23247599451303155,-0.0019971948242187704,0.027885234375000012,0.16247599451303155,0.30247599451303153,-0.08,0.08,-0.03602761226803272,0.04520629463809191,2.0609772714745667,Solve_Succeeded,0.02895412500947714,False,776.631245657772,0.0,0.0,False,False,1.0,10,0.0,21.343903691807128,0.015158564651536775,0.4775487992580159,-0.3499999987345649,-0.35000000169259177,-0.3499951368575146,-0.3499951368575146,-1.108851524744825e-05,False,False,74182.78515625,5388.760369997873,18.26277344009299,1.5945799116651016e-05,231.52294396779234,0.9303608946512464,0.8454174308359381,1.2293875720674339,0.6485713174581409,0.6573352173100183,1.0,0.003974919790454923,0.001090421166685319,0.006246505115645126,-0.06077663813443997,0.04369178412569492,0.011423261993863554,-68.50071747811049,False
1,stress,10056,fast_nmpc_1s,46.5,0.1964439661411131,0.04320952677439314,2.110467162489929,0.19283982402003494,0.0412955926230797,2.111521979322222,0.23400752314814816,-0.0020100488281250273,0.02688339965820312,0.16400752314814815,0.30400752314814816,-0.08,0.08,-0.037563557007035064,0.045219575602518165,2.0835837628317257,held,0.0,False,776.631245657772,0.0,0.0,False,False,1.0,10,0.0,24.584694456729693,0.015418001507063996,0.4792220319331153,-0.3499999987345649,-0.35000000169259177,-0.3499977280438687,-0.3499977280438687,-5.182372708190108e-06,False,False,74032.50994873047,5374.683838129254,18.215067382542145,1.6328178031686897e-05,235.83788742261677,0.9303608946512464,0.8454174308359381,1.2293875720674339,0.6485713174581409,0.6573352173100183,1.0,0.003974919790454923,0.001090421166685319,0.006246505115645126,-0.06077663813443997,0.04369178412569492,0.011423261993863554,-68.50071747811049,False
1,stress,10056,fast_nmpc_1s,47.0,0.19644022782577153,0.043210018539498816,2.132072048812626,0.19919724908496542,0.044303041434830645,2.1293100531478375,0.235525548696845,-0.0020227124023437446,0.025875185546874985,0.165525548696845,0.305525548696845,-0.08,0.08,-0.03908532087107347,0.04523273094184256,2.106196863265751,Solve_Succeeded,0.028542666987050325,False,828.0233699782773,0.0,0.0,False,False,1.0,10,0.0,27.93384046202891,0.015678698297873078,0.48090731585211915,-0.3500000015853715,-0.3499999987345649,-0.34999893749550537,-0.34999893749550537,-2.418903273349038e-06,False,False,73881.27783203125,5360.54580635363,18.16715289878729,1.6722249476009817e-05,240.26069307346202,0.9303608946512464,0.8454174308359381,1.2293875720674339,0.6485713174581409,0.6573352173100183,1.0,0.003974919790454923,0.001090421166685319,0.006246505115645126,-0.06077663813443997,0.04369178412569492,0.011423261993863554,-68.50071747811049,False
1,stress,10056,fast_nmpc_1s,47.5,0.1964371279028619,0.0432105772766378,2.1536771977617852,0.19929799069559784,0.043412211202319154,2.1486935388315045,0.23702942815500688,-0.0020351855468749847,0.024860687255859375,0.16702942815500688,0.3070294281550069,-0.08,0.08,-0.04059230025214497,0.04524576282351279,2.128816510505926,held,0.0,False,828.0233699782773,0.0,0.0,False,False,1.0,10,0.0,31.395683612793718,0.015940768735315768,0.48260453766693817,-0.3500000015853715,-0.3499999987345649,-0.3499995027496457,-0.3499995027496457,-1.13050828065564e-06,False,False,73729.1030883789,5346.3476247460985,18.119034564299216,1.712837743738861e-05,244.79391379465662,0.9303608946512464,0.8454174308359381,1.2293875720674339,0.6485713174581409,0.6573352173100183,1.0,0.003974919790454923,0.001090421166685319,0.006246505115645126,-0.06077663813443997,0.04369178412569492,0.011423261993863554,-68.50071747811049,False
1,stress,10056,fast_nmpc_1s,48.0,0.19643463212716444,0.04321120524002061,2.1752826433869545,0.19954313121147882,0.044041443744253915,2.181014731698844,0.23851851851851852,-0.0020474682617187406,0.02384,0.1685185185185185,0.3085185185185185,-0.08,0.08,-0.042083886391354075,0.04525867350173935,2.1514426433869547,Solve_Succeeded,0.028333332971669734,False,877.1208197083429,0.0,0.0,False,False,1.0,10,0.0,34.974315827159344,0.016204261077580148,0.48431358350425724,-0.3500000020447259,-0.3500000015853715,-0.3499997684475173,-0.3499997684475173,-5.313957431862804e-07,False,False,73576.0,5332.090636822434,18.070716932318835,1.7546937421297695e-05,249.44016077842107,0.9303608946512464,0.8454174308359381,1.2293875720674339,0.6485713174581409,0.6573352173100183,1.0,0.003974919790454923,0.001090421166685319,0.006246505115645126,-0.06077663813443997,0.04369178412569492,0.011423261993863554,-68.50071747811049,False
1,stress,10056,fast_nmpc_1s,48.5,0.19643271090768122,0.04321190476562502,2.196888420885235,0.1905889550746749,0.043251858857441226,2.1963415100613117,0.23999217678326476,-0.0020595605468750125,0.022813218994140634,0.16999217678326475,0.30999217678326474,-0.08,0.08,-0.04355946587558354,0.04527146531250003,2.1740752018910943,held,0.0,False,877.1208197083429,0.0,0.0,False,False,1.0,10,0.0,38.67376394163949,0.01646919166619163,0.48603433894772885,-0.3500000020447259,-0.3500000015853715,-0.34999989262513415,-0.34999989262513415,-2.4835523371180557e-07,False,False,73421.9828491211,5317.776179662232,18.022204534274533,1.797831678742814e-05,254.20210446959226,0.9303608946512464,0.8454174308359381,1.2293875720674339,0.6485713174581409,0.6573352173100183,1.0,0.003974919790454923,0.001090421166685319,0.006246505115645126,-0.06077663813443997,0.04369178412569492,0.011423261993863554,-68.50071747811049,False
1,stress,10056,fast_nmpc_1s,49.0,0.19643133886122766,0.043212678269898046,2.2184945666418394,0.19857575184751314,0.04352401415772226,2.22301194274591,0.24144975994513035,-0.0020714624023437656,0.021780439453124988,0.17144975994513034,0.31144975994513036,-0.08,0.08,-0.04501842108390269,0.04528414067224181,2.1967141271887143,Solve_Succeeded,0.028285959037020802,False,930.4869237715588,0.0,0.0,False,False,1.0,10,0.0,42.55541557983021,0.01674420544738877,0.4878384306542634,-0.35000000244339086,-0.3500000020447259,-0.34999995090594915,-0.34999995090594915,-1.1656163001472208e-07,False,False,73267.06591796875,5303.405584028344,17.973501880186948,1.8422915094482955e-05,259.0824754991484,0.9303608946512464,0.8454174308359381,1.2293875720674339,0.6485713174581409,0.6573352173100183,1.0,0.003974919790454923,0.001090421166685319,0.006246505115645126,-0.06077663813443997,0.04369178412569492,0.011423261993863554,-68.50071747811049,False
1,stress,10056,fast_nmpc_1s,49.5,0.19643049468880028,0.043213529396971,2.2401011185571305,0.1943524210047423,0.044754769475569375,2.245787027998714,0.24289062500000003,-0.002083173828124986,0.02074175659179687,0.17289062500000002,0.31289062500000003,-0.08,0.08,-0.04646013031119975,0.045296703225095984,2.2193593619653336,held,0.0,False,930.4869237715588,0.0,0.0,False,False,1.0,10,0.0,46.61798901393867,0.017028003798205807,0.4897150181989939,-0.35000000244339086,-0.3500000020447259,-0.3499999781443033,-0.3499999781443033,-5.44767082555353e-08,False,False,73111.26348876953,5288.980174482759,17.92461345906169,1.8881144453352614e-05,264.08406561545917,0.9303608946512464,0.8454174308359381,1.2293875720674339,0.6485713174581409,0.6573352173100183,1.0,0.003974919790454923,0.001090421166685319,0.006246505115645126,-0.06077663813443997,0.04369178412569492,0.011423261993863554,-68.50071747811049,False
1,stress,10056,fast_nmpc_1s,50.0,0.1964301610292555,0.04321446176526835,2.261708116347116,0.19487569626803997,0.04450382492759531,2.2719454281468408,0.2443141289437586,-0.002094694824218736,0.019697265625,0.17431412894375858,0.3143141289437586,-0.08,0.08,-0.047883967914503084,0.04530915658948709,2.242010850722116,Solve_Succeeded,0.02841708401683718,False,970.6965759584112,0.0,0.0,False,False,1.0,10,0.0,50.81886801045714,0.017313346483338855,0.4916039796605237,-0.350000001629992,-0.35000000244339086,-0.34999999108687235,-0.34999999108687235,-2.588513814405502e-08,False,False,72954.58984375,5274.501269499071,17.875543739270487,1.9353429888759836e-05,269.2097286121152,0.9303608946512464,0.8454174308359381,1.2293875720674339,0.6485713174581409,0.6573352173100183,1.0,0.003974919790454923,0.001090421166685319,0.006246505115645126,-0.06077663813443997,0.04369178412569492,0.011423261993863554,-68.50071747811049,False
1,stress,10056,fast_nmpc_1s,50.5,0.196430323837646,0.043215478140824215,2.283315601323924,0.20280481021011637,0.04457898798728517,2.2845381475051547,0.2457196287722908,-0.002106025390624995,0.018647061767578132,0.1757196287722908,0.3157196287722908,-0.08,0.08,-0.04928930493464481,0.04532150353144921,2.2646685395563457,held,0.0,False,970.6965759584112,0.0,0.0,False,False,1.0,10,0.0,55.162595556189004,0.01760021953967565,0.49350519329425013,-0.350000001629992,-0.35000000244339086,-0.3499999971357631,-0.3499999971357631,-1.2097781443287658e-08,False,False,72797.05926513672,5259.970181571663,17.82629716892124,1.9840209709457204e-05,274.46238125114576,0.9303608946512464,0.8454174308359381,1.2293875720674339,0.6485713174581409,0.6573352173100183,1.0,0.003974919790454923,0.001090421166685319,0.006246505115645126,-0.06077663813443997,0.04369178412569492,0.011423261993863554,-68.50071747811049,False
1,stress,10056,fast_nmpc_1s,51.0,0.1964309718635857,0.04321658138047491,2.3049236162054045,0.1925999695143829,0.042171891453030484,2.309824685513062,0.24710648148148148,-0.00211716552734377,0.017591240234375007,0.17710648148148148,0.31710648148148146,-0.08,0.08,-0.05067550961789577,0.04533374690781868,2.2873323759710296,Solve_Succeeded,0.03421512496424839,False,2378.1092475605124,0.008148571938061566,0.0,False,False,1.0,10,0.0,59.65384017997255,0.01788860738529524,0.495418536625849,-0.35000000976676005,-0.350000001629992,-0.34999999952955124,-0.34999999952955124,-4.7875763353744105e-09,False,False,72638.68603515625,5245.388217321746,17.776878176217384,2.0341935887053382e-05,279.8450041803658,0.9303608946512464,0.8454174308359381,1.2293875720674339,0.6485713174581409,0.6573352173100183,1.0,0.003974919790454923,0.001090421166685319,0.006246505115645126,-0.06077663813443997,0.04369178412569492,0.011423261993863554,-68.50071747811049,False
1,stress,10056,fast_nmpc_1s,51.5,0.19643209640375106,0.04321777443437117,2.3265322051611594,0.2007578739336388,0.0437346805989656,2.3237807758997118,0.2484740440672154,-0.0021281152343750123,0.016529896240234362,0.1784740440672154,0.3184740440672154,-0.08,0.08,-0.052041947663464344,0.045345889668746184,2.310002308920925,held,0.0,False,2378.1092475605124,0.008148571938061566,0.0,False,False,1.0,10,0.0,64.2974020653727,0.01817849333732905,0.4973438864335049,-0.35000000976676005,-0.350000001629992,-0.35000000064832165,-0.35,-9.408974710467533e-10,False,False,72479.48443603516,5230.756677600381,17.72729116980702,2.085907444353665e-05,285.36064284354467,0.9303608946512464,0.8454174308359381,1.2293875720674339,0.6485713174581409,0.6573352173100183,1.0,0.003974919790454923,0.001090421166685319,0.006246505115645126,-0.06077663813443997,0.04369178412569492,0.011423261993863554,-68.50071747811049,False
1,stress,10056,fast_nmpc_1s,52.0,0.19643369108138184,0.04321906034861225,2.3481414138598575,0.19461483235907398,0.04388756702022119,2.3350020791536257,0.24982167352537724,-0.0021388745117187358,0.015463124999999994,0.17982167352537723,0.31982167352537727,-0.08,0.08,-0.053387982443995396,0.04535793486033098,2.3326782888598574,Solve_Succeeded,0.03089216601802036,False,1141.995588814167,0.002664557882160329,0.0,False,False,1.0,10,0.0,69.09821776503347,0.018469859886110003,0.4992811187306089,-0.35000000957572286,-0.35000000976676005,-0.35000000550513033,-0.35,0.0,False,False,72319.46875,5216.076857588573,17.677540539122155,2.1392105847555965e-05,291.01240838201875,0.9303608946512464,0.8454174308359381,1.2293875720674339,0.6485713174581409,0.6573352173100183,1.0,0.003974919790454923,0.001090421166685319,0.006246505115645126,-0.06077663813443997,0.04369178412569492,0.011423261993863554,-68.50071747811049,False
1,stress,10056,fast_nmpc_1s,52.5,0.19643575165002045,0.043220442267974016,2.3697512895178905,0.19551209790362295,0.043709676701109264,2.367011231638178,0.25114872685185186,-0.002149443359375003,0.014391021728515627,0.18114872685185185,0.32114872685185186,-0.08,0.08,-0.05471297520183141,0.04536988562734902,2.355360267789375,held,0.0,False,1141.995588814167,0.002664557882160329,0.0,False,False,1.0,10,0.0,74.06136259516947,0.018762688633276,0.5012301087489158,-0.35000000957572286,-0.35000000976676005,-0.35000000777502777,-0.35,0.0,False,False,72158.65325927734,5201.350046894582,17.627630654708497,2.1941525419510833e-05,296.8034785263166,0.9303608946512464,0.8454174308359381,1.2293875720674339,0.6485713174581409,0.6573352173100183,1.0,0.003974919790454923,0.001090421166685319,0.006246505115645126,-0.06077663813443997,0.04369178412569492,0.011423261993863554,-68.50071747811049,False
1,stress,10056,fast_nmpc_1s,53.0,0.1964382758189979,0.04322192343868462,2.391361880949406,0.19670678369542396,0.043356429157060325,2.375423480875623,0.252454561042524,-0.0021598217773437373,0.013313681640624991,0.182454561042524,0.322454561042524,-0.08,0.08,-0.05601628522352611,0.045381745216028356,2.378048199308781,Solve_Succeeded,0.032811124983709306,False,1786.5581759732963,0.006100547848146398,0.0,False,False,1.0,10,0.0,79.19205453016801,0.019056960430719062,0.5031907309221533,-0.3500000098874838,-0.35000000957572286,-0.35000000873414283,-0.35,0.0,False,False,71997.05224609375,5186.577529648537,17.577565868546092,2.2507843745491155e-05,302.73709847629107,0.9303608946512464,0.8454174308359381,1.2293875720674339,0.6485713174581409,0.6573352173100183,1.0,0.003974919790454923,0.001090421166685319,0.006246505115645126,-0.06077663813443997,0.04369178412569492,0.011423261993863554,-68.50071747811049,False
1,stress,10056,fast_nmpc_1s,53.5,0.19644126309843132,0.04322350721127775,2.412973238617747,0.1919537450801979,0.0428551419298335,2.413332205293594,0.25373853309327843,-0.0021700097656250084,0.01223119995117189,0.18373853309327842,0.32373853309327844,-0.08,0.08,-0.057297269994847105,0.045393516976902755,2.400742038666575,held,0.0,False,1786.5581759732963,0.006100547848146398,0.0,False,False,1.0,10,0.0,84.49565812979117,0.019352655508212253,0.5051628588700733,-0.3500000098874838,-0.35000000957572286,-0.35000000918239865,-0.35,0.0,False,False,71834.67999267578,5171.76058459446,17.527350514361206,2.309158710009851e-05,308.81658176820116,0.9303608946512464,0.8454174308359381,1.2293875720674339,0.6485713174581409,0.6573352173100183,1.0,0.003974919790454923,0.001090421166685319,0.006246505115645126,-0.06077663813443997,0.04369178412569492,0.011423261993863554,-68.50071747811049,False
1,stress,10056,fast_nmpc_1s,54.0,0.19644471466173713,0.04322519704352417,2.434585414688336,0.1998102816032004,0.04383936066794875,2.4516938930955408,0.255,-0.0021800073242187745,0.011143671874999983,0.185,0.325,-0.08,0.08,-0.058555285338262875,0.045405204367742945,2.4234417428133357,Solve_Succeeded,0.03290062496671453,False,1614.9496754562103,0.005197520785204801,0.0,False,False,1.0,10,0.0,89.97768789292189,0.01964975351532313,0.507146365382941,-0.3500000096363948,-0.3500000098874838,-0.3500000095579524,-0.35,0.0,False,False,71671.55078125,5156.900485179787,17.47698890792972,2.3693297878168097e-05,315.04531112710765,0.9303608946512464,0.8454174308359381,1.2293875720674339,0.6485713174581409,0.6573352173100183,1.0,0.003974919790454923,0.001090421166685319,0.006246505115645126,-0.06077663813443997,0.04369178412569492,0.011423261993863554,-68.50071747811049,False
1,stress,10056,fast_nmpc_1s,54.5,0.19644863322386977,0.04322699650343007,2.4561984630830445,0.19607843638572883,0.04100477533018306,2.4504089850040867,0.2562383187585734,-0.0021898144531249802,0.010051192626953115,0.18623831875857338,0.3262383187585734,-0.08,0.08,-0.059789685534703624,0.04541681095655505,2.446147270456091,held,0.0,False,1614.9496754562103,0.005197520785204801,0.0,False,False,1.0,10,0.0,95.64381161074351,0.019948233558413762,0.5091411224064528,-0.3500000096363948,-0.3500000098874838,-0.3500000097334727,-0.35,0.0,False,False,71507.67889404297,5141.998499642501,17.426485347372413,2.4313535035399163e-05,321.42673930288686,0.9303608946512464,0.8454174308359381,1.2293875720674339,0.6485713174581409,0.6573352173100183,1.0,0.003974919790454923,0.001090421166685319,0.006246505115645126,-0.06077663813443997,0.04369178412569492,0.011423261993863554,-68.50071747811049,False
1,stress,10056,fast_nmpc_1s,55.0,0.19645302293367972,0.0432289092723022,2.477812439536078,0.20166390567481654,0.04482292462732458,2.4635281972232734,0.2574528463648834,-0.0021994311523437365,0.008953857421875003,0.1874528463648834,0.3274528463648834,-0.08,0.08,-0.06099982343120369,0.045428340424645934,2.468858582114203,Solve_Succeeded,0.03181987500283867,False,1208.7880127867747,0.002268288414061348,0.0,False,False,1.0,10,0.0,101.49985371711747,0.02024807423324068,0.5111470010270767,-0.3500000088451328,-0.3500000096363948,-0.35000000968176553,-0.35,0.0,False,False,71343.07861328125,5127.055891095932,17.375844113442373,2.4952874537888082e-05,327.96438988809274,0.9303608946512464,0.8454174308359381,1.2293875720674339,0.6485713174581409,0.6573352173100183,1.0,0.003974919790454923,0.001090421166685319,0.006246505115645126,-0.06077663813443997,0.04369178412569492,0.011423261993863554,-68.50071747811049,False
1,stress,10056,fast_nmpc_1s,55.5,0.1964578892789513,0.043230939147879774,2.4994274016514066,0.1989872357549796,0.04112426324974071,2.5033600005110697,0.25864293981481484,-0.002208857421874988,0.007851761474609378,0.18864293981481484,0.32864293981481485,-0.08,0.08,-0.06218505053586354,0.04543979656975476,2.4915756401767974,held,0.0,False,1208.7880127867747,0.002268288414061348,0.0,False,False,1.0,10,0.0,107.55179863355846,0.020549253653613875,0.5131638714578081,-0.3500000088451328,-0.3500000096363948,-0.3500000096575995,-0.35,0.0,False,False,71177.7642211914,5112.073917611333,17.325069469804838,2.5611909820545257e-05,334.6618581158368,0.9303608946512464,0.8454174308359381,1.2293875720674339,0.6485713174581409,0.6573352173100183,1.0,0.003974919790454923,0.001090421166685319,0.006246505115645126,-0.06077663813443997,0.04369178412569492,0.011423261993863554,-68.50071747811049,False
1,stress,10056,fast_nmpc_1s,56.0,0.19646323900283152,0.04323309004753307,2.521043408961784,0.20005662185561768,0.04376844388531449,2.51907729147765,0.2598079561042524,-0.002218093261718762,0.006745000000000015,0.18980795610425238,0.3298079561042524,-0.08,0.08,-0.06334471710142087,0.04545118330925183,2.514298408961784,Solve_Succeeded,0.03429499996127561,False,2778.348467651983,0.007784154930497111,0.0,False,False,1.0,10,0.0,113.8057941058311,0.020851749476525648,0.5151916030243355,-0.35000000993997515,-0.3500000088451328,-0.3500000092248505,-0.35,0.0,False,False,71011.75,5097.053832298304,17.27416566330976,2.629125225436081e-05,341.5228116357692,0.9303608946512464,0.8454174308359381,1.2293875720674339,0.6485713174581409,0.6573352173100183,1.0,0.003974919790454923,0.001090421166685319,0.006246505115645126,-0.06077663813443997,0.04369178412569492,0.011423261993863554,-68.50071747811049,False
1,stress,10056,fast_nmpc_1s,56.5,0.19646908003049446,0.04323536601152846,2.542660522989377,0.19305464570609812,0.04417095807477998,2.54682826480887,0.260947252229081,-0.0022271386718750175,0.005633668212890616,0.190947252229081,0.330947252229081,-0.08,0.08,-0.06447817219858654,0.04546250468340348,2.537026854776486,held,0.0,False,2778.348467651983,0.007784154930497111,0.0,False,False,1.0,10,0.0,120.26815452884668,0.021155538924118082,0.5172300641516114,-0.35000000993997515,-0.3500000088451328,-0.3500000090225992,-0.35,0.0,False,False,70845.0502319336,5081.996883383135,17.223136924257314,2.6991531622469414e-05,348.55099126618717,0.9303608946512464,0.8454174308359381,1.2293875720674339,0.6485713174581409,0.6573352173100183,1.0,0.003974919790454923,0.001090421166685319,0.006246505115645126,-0.06077663813443997,0.04369178412569492,0.011423261993863554,-68.50071747811049,False
1,stress,10056,fast_nmpc_1s,57.0,0.19647542140500676,0.04323777120635978,2.5642788073080474,0.18719533948289363,0.042123058184369636,2.5569417988162813,0.2620601851851852,-0.00223599365234374,0.004517861328124997,0.1920601851851852,0.3320601851851852,-0.08,0.08,-0.06558476378017844,0.04547376485870352,2.559760945979922,Solve_Succeeded,0.03560066595673561,False,16877.105120948327,0.016750569373382013,0.0,False,False,1.0,10,0.0,126.94536425615578,0.02146059880281736,0.5192791223508177,-0.35000000998007275,-0.35000000993997515,-0.3500000095112267,-0.35,0.0,False,False,70677.67919921875,5066.904314285146,17.171987466656617,2.7713396604946737e-05,355.75021172021076,0.9303608946512464,0.8454174308359381,1.2293875720674339,0.6485713174581409,0.6573352173100183,1.0,0.003974919790454923,0.001090421166685319,0.006246505115645126,-0.06077663813443997,0.04369178412569492,0.011423261993863554,-68.50071747811049,False
1,stress,10056,fast_nmpc_1s,57.5,0.196482273231467,0.04324030992814556,2.585898327607316,0.19243898108623034,0.044157112085459756,2.5913097727705385,0.26314611196844995,-0.0022446582031249857,0.003397674560546876,0.19314611196844994,0.33314611196844995,-0.08,0.08,-0.06666383873698295,0.045484968131270544,2.582500653046769,held,0.0,False,16877.105120948327,0.016750569373382013,0.0,False,False,1.0,10,0.0,133.84408089000542,0.02176690551993124,0.5213386442067272,-0.35000000998007275,-0.35000000993997515,-0.35000000973959355,-0.35,0.0,False,False,70509.65118408203,5051.777363691093,17.120721488477898,2.8457515272253338e-05,363.1243623039117,0.9303608946512464,0.8454174308359381,1.2293875720674339,0.6485713174581409,0.6573352173100183,1.0,0.003974919790454923,0.001090421166685319,0.006246505115645126,-0.06077663813443997,0.04369178412569492,0.011423261993863554,-68.50071747811049,False
1,stress,10056,fast_nmpc_1s,58.0,0.19648964662858814,0.04324298660609195,2.6075191517580403,0.19761218108229978,0.04235730372178008,2.6013788079409914,0.26420438957475995,-0.00225313232421874,0.0022732031250000118,0.19420438957475994,0.33420438957475995,-0.08,0.08,-0.0677147429461718,0.04549611893031069,2.60524594863304,Solve_Succeeded,0.03687616699608043,False,11808.271621262353,0.015446078952788656,0.0,False,False,1.0,10,0.0,140.9711385475309,0.022074435097972744,0.5234084953654483,-0.35000000994373087,-0.35000000998007275,-0.3500000098676814,-0.35,0.0,False,False,70340.98046875,5036.617265627709,17.06934317189833,2.9224575587220576e-05,370.677407584173,0.9303608946512464,0.8454174308359381,1.2293875720674339,0.6485713174581409,0.6573352173100183,1.0,0.003974919790454923,0.001090421166685319,0.006246505115645126,-0.06077663813443997,0.04369178412569492,0.011423261993863554,-68.50071747811049,False
1,stress,10056,fast_nmpc_1s,58.5,0.19649755368697874,0.04324580580602067,2.629141349879839,0.20134843240098818,0.04398269648183442,2.6328385782938697,0.265234375,-0.0022614160156250174,0.001144542236328136,0.19523437500000002,0.33523437500000003,-0.08,0.08,-0.06873682131302128,0.04550722182164569,2.6279968076435107,held,0.0,False,11808.271621262353,0.015446078952788656,0.0,False,False,1.0,10,0.0,148.33355109832894,0.022383163186947205,0.5254885405225552,-0.35000000994373087,-0.35000000998007275,-0.3500000099275451,-0.35,0.0,False,False,70171.68133544922,5021.425249532426,17.01785668354173,3.0015285915455428e-05,378.4133880240179,0.9303608946512464,0.8454174308359381,1.2293875720674339,0.6485713174581409,0.6573352173100183,1.0,0.003974919790454923,0.001090421166685319,0.006246505115645126,-0.06077663813443997,0.04369178412569492,0.011423261993863554,-68.50071747811049,False
1,stress,10056,fast_nmpc_1s,59.0,0.19650600743345592,0.04324877223396149,2.650764994410301,0.1993635003539231,0.04264320365224458,2.650690864849067,0.26623542524005483,-0.002269509277343776,1.1787109374994387e-05,0.19623542524005483,0.33623542524005484,-0.08,0.08,-0.06972941780659891,0.04551828151130526,2.6507532073009257,Solve_Succeeded,0.03580758301541209,False,11244.597413732947,0.014711349587545136,0.0,False,False,1.0,10,0.0,155.93851536827194,0.022693065074813917,0.5275786434115908,-0.35000000997995073,-0.35000000994373087,-0.3500000099361662,-0.35,0.0,False,False,70001.76806640625,5006.2025403223815,16.966266174712413,3.083037554401789e-05,386.3364205830491,0.9303608946512464,0.8454174308359381,1.2293875720674339,0.6485713174581409,0.6573352173100183,1.0,0.003974919790454923,0.001090421166685319,0.006246505115645126,-0.06077663813443997,0.04369178412569492,0.011423261993863554,-68.50071747811049,False
1,stress,10056,fast_nmpc_1s,59.5,0.196515021800792,0.043251890739808556,2.672390160176001,0.198727982756891,0.04373781629164229,2.674111261756634,0.2672068972908094,-0.0022774121093750016,-0.0011249670410156398,0.19720689729080937,0.3372068972908094,-0.08,0.08,-0.07069187549001738,0.04552930284918356,2.6735151272170166,held,0.0,False,11244.597413732947,0.014711349587545136,0.0,False,False,1.0,10,0.0,163.79341430406842,0.023004115696312548,0.5296786667929451,-0.35000000997995073,-0.35000000994373087,-0.3500000099401954,-0.35,0.0,False,False,69831.25494384766,4990.950358461709,16.914575781623235,3.167059520820235e-05,394.45069928055875,0.9303608946512464,0.8454174308359381,1.2293875720674339,0.6485713174581409,0.6573352173100183,1.0,0.003974919790454923,0.001090421166685319,0.006246505115645126,-0.06077663813443997,0.04369178412569492,0.011423261993863554,-68.50071747811049,False
1,stress,10056,fast_nmpc_1s,60.0,0.1965246116023589,0.043255166321039824,2.694016924465364,0.1991636093120388,0.043877396283046495,2.7062096457301337,0.26814814814814814,-0.0022851245117187363,-0.002265625000000007,0.19814814814814813,0.33814814814814814,-0.08,0.08,-0.07162353654578923,0.04554029083275856,2.696282549465364,Solve_Succeeded,0.03630429197801277,False,6385.7372693567095,0.010196837627023031,0.0,False,False,1.0,10,0.0,171.90582009271193,0.023316289640323395,0.5317884724430973,-0.35000000997245295,-0.35000000997995073,-0.35000000996137054,-0.35,0.0,False,False,69660.15625,4975.6699200272205,16.86278962561822,3.2536717626231844e-05,402.7604957188205,0.9303608946512464,0.8454174308359381,1.2293875720674339,0.6485713174581409,0.6573352173100183,1.0,0.003974919790454923,0.001090421166685319,0.006246505115645126,-0.06077663813443997,0.04369178412569492,0.011423261993863554,-68.50071747811049,True
1,stress,10056,fast_nmpc_1s,60.5,0.19653479251118985,0.0432586041264986,2.715645367103401,0.20028879872817104,0.04398621099279587,2.709607507193679,0.2690585348079561,-0.00229264648437498,-0.003410091552734376,0.1990585348079561,0.3390585348079561,-0.08,0.08,-0.07252374229676625,0.04555125061087358,2.7190554586561353,held,0.0,False,6385.7372693567095,0.010196837627023031,0.0,False,False,1.0,10,0.0,180.2834972295811,0.02362956115591476,0.533907921144225,-0.35000000997245295,-0.35000000997995073,-0.350000009971267,-0.35,0.0,False,False,69488.48626708984,4960.362436772506,16.81091181338977,3.342953804164575e-05,411.270159563951,0.9303608946512464,0.8454174308359381,1.2293875720674339,0.6485713174581409,0.6573352173100183,1.0,0.003974919790454923,0.001090421166685319,0.006246505115645126,-0.06077663813443997,0.04369178412569492,0.011423261993863554,-68.50071747811049,True
1,stress,10056,fast_nmpc_1s,61.0,0.19654558104302747,0.04326220946023623,2.7372755705283542,0.19936927268532909,0.04282956075855221,2.748443940984659,0.26993741426611795,-0.0022999780273437603,-0.004558271484374987,0.19993741426611794,0.33993741426611795,-0.08,0.08,-0.07339183322309048,0.04556218748757999,2.741833842012729,Solve_Succeeded,0.036828250042162836,False,13485.655939702354,0.014659358655703808,0.0,False,False,1.0,10,0.0,188.93440552858974,0.023943904157212204,0.5360368726741661,-0.35000000998273684,-0.35000000997245295,-0.3500000099718987,-0.35,0.0,False,False,69316.25927734375,4945.029116190508,16.758946437190744,3.434987477313922e-05,419.9841189817081,0.9303608946512464,0.8454174308359381,1.2293875720674339,0.6485713174581409,0.6573352173100183,1.0,0.003974919790454923,0.001090421166685319,0.006246505115645126,-0.06077663813443997,0.04369178412569492,0.011423261993863554,-68.50071747811049,True
1,stress,10056,fast_nmpc_1s,61.5,0.19655699454297135,0.04326598778541472,2.758907619870276,0.20465395320118288,0.042188544136647466,2.757687171681345,0.27078414351851854,-0.002307119140625022,-0.0057100695800781365,0.20078414351851853,0.34078414351851855,-0.08,0.08,-0.07422714897554719,0.04557310692603974,2.7646176894503545,held,0.0,False,13485.655939702354,0.014659358655703808,0.0,False,False,1.0,10,0.0,197.86670306740623,0.024259292227213528,0.5381751857967413,-0.35000000998273684,-0.35000000997245295,-0.3500000099721939,-0.35,0.0,False,False,69143.48956298828,4929.67116157462,16.706897575041523,3.529856977158005e-05,428.90688102545613,0.9303608946512464,0.8454174308359381,1.2293875720674339,0.6485713174581409,0.6573352173100183,1.0,0.003974919790454923,0.001090421166685319,0.006246505115645126,-0.06077663813443997,0.04369178412569492,0.011423261993863554,-68.50071747811049,True
1,stress,10056,fast_nmpc_1s,62.0,0.1965690511753788,0.04326994472826809,2.7805416030315757,0.19950710482689796,0.04535727060568813,2.7779156580482605,0.27159807956104254,-0.002314069824218737,-0.006865390625000009,0.20159807956104253,0.34159807956104254,-0.08,0.08,-0.07502902838566375,0.045584014552486826,2.7874069936565755,Solve_Succeeded,0.035454541037324816,False,2965.205905591219,0.004638089448543742,0.0,False,False,1.0,10,0.0,207.08874906038133,0.02457569862065733,0.5403227182524204,-0.3500000099517957,-0.35000000998273684,-0.35000000997780945,-0.35,0.0,False,False,68970.19140625,4914.289772078365,16.654769290932272,3.6276489183903586e-05,438.04303197350555,0.9303608946512464,0.8454174308359381,1.2293875720674339,0.6485713174581409,0.6573352173100183,1.0,0.003974919790454923,0.001090421166685319,0.006246505115645126,-0.06077663813443997,0.04369178412569492,0.011423261993863554,-68.50071747811049,True
1,stress,10056,fast_nmpc_1s,62.5,0.19658176991670662,0.04327408608212086,2.8021776107695593,0.1881781582537415,0.04255161023590802,2.81028014427687,0.27237857938957477,-0.0023208300781249885,-0.008024139404296873,0.20237857938957476,0.3423785793895748,-0.08,0.08,-0.07579680947286815,0.04559491616024585,2.810201750173856,held,0.0,False,2965.205905591219,0.004638089448543742,0.0,False,False,1.0,10,0.0,216.60910665144237,0.024893096266044717,0.5424793267493396,-0.3500000099517957,-0.35000000998273684,-0.35000000998043396,-0.35,0.0,False,False,68796.37908935547,4898.886142773685,16.602565635020465,3.7284523923551615e-05,447.39723761291026,0.9303608946512464,0.8454174308359381,1.2293875720674339,0.6485713174581409,0.6573352173100183,1.0,0.003974919790454923,0.001090421166685319,0.006246505115645126,-0.06077663813443997,0.04369178412569492,0.011423261993863554,-68.50071747811049,True
1,stress,10056,fast_nmpc_1s,63.0,0.19659517055101508,0.04327841781146217,2.8238157367809946,0.19941970994851854,0.041425024586197644,2.826814759880648,0.27312500000000006,-0.002327399902343749,-0.009186220703124998,0.20312500000000006,0.34312500000000007,-0.08,0.08,-0.07652982944898498,0.04560581771380592,2.8330019574841194,Solve_Succeeded,0.03708704200107604,False,28712.647205253958,0.02033561846054302,0.0,False,False,1.0,10,0.0,226.43654561882872,0.025211457766901327,0.54464486695466,-0.35000000998902897,-0.3500000099517957,-0.3500000099651802,-0.35,0.0,False,False,68622.06689453125,4883.461464707889,16.550290643823907,3.832359024709241e-05,456.9742434667712,0.9303608946512464,0.8454174308359381,1.2293875720674339,0.6485713174581409,0.6573352173100183,1.0,0.003974919790454923,0.001090421166685319,0.006246505115645126,-0.06077663813443997,0.04369178412569492,0.011423261993863554,-68.50071747811049,True
1,stress,10056,fast_nmpc_1s,63.5,0.1966092736678818,0.04328294605607372,2.8454560777887266,0.18605215263188285,0.04353165285087526,2.835825133811355,0.273836698388203,-0.0023337792968750326,-0.010351539306640622,0.203836698388203,0.343836698388203,-0.08,0.08,-0.07722742472032121,0.04561672535294875,2.8558076170953672,held,0.0,False,28712.647205253958,0.02033561846054302,0.0,False,False,1.0,10,0.0,236.5800449831364,0.025530755402358836,0.5468191934862616,-0.35000000998902897,-0.3500000099517957,-0.35000000995805114,-0.35,0.0,False,False,68447.2691040039,4868.0169249593155,16.497948340409362,3.939463033662118e-05,466.7788749619762,0.9303608946512464,0.8454174308359381,1.2293875720674339,0.6485713174581409,0.6573352173100183,1.0,0.003974919790454923,0.001090421166685319,0.006246505115645126,-0.06077663813443997,0.04369178412569492,0.011423261993863554,-68.50071747811049,True
1,stress,10056,fast_nmpc_1s,64.0,0.1966241006625003,0.04328767713520963,2.867098733630367,0.19091097632345055,0.043975069770076605,2.8697645585781806,0.2745130315500686,-0.0023399682617187556,-0.01152000000000003,0.2045130315500686,0.3445130315500686,-0.08,0.08,-0.07788893088756832,0.04562764539692839,2.878618733630367,Solve_Succeeded,0.03247483301674947,False,18044.954401825962,0.01360205522661806,0.0,False,False,1.0,10,0.0,247.04879550978634,0.025850961127127564,0.5490021599047784,-0.3500000099823801,-0.35000000998902897,-0.35000000997455105,-0.35,0.0,False,False,68272.0,4852.553706691728,16.445542734576904,4.049861288750948e-05,476.81603753428186,0.9303608946512464,0.8454174308359381,1.2293875720674339,0.6485713174581409,0.6573352173100183,1.0,0.003974919790454923,0.001090421166685319,0.006246505115645126,-0.06077663813443997,0.04369178412569492,0.011423261993863554,-68.50071747811049,True
1,stress,10056,fast_nmpc_1s,64.5,0.19663967373775917,0.043292617551826035,2.888743807349091,0.19389603223389196,0.041531701464165724,2.8853374027495593,0.27515335648148154,-0.0023459667968749737,-0.012691507568359378,0.20515335648148153,0.34515335648148154,-0.08,0.08,-0.07851368274372236,0.04563858434870101,2.9014353149174505,held,0.0,False,18044.954401825962,0.01360205522661806,0.0,False,False,1.0,10,0.0,257.8522020965795,0.02617204657092291,0.5511936187059596,-0.3500000099823801,-0.35000000998902897,-0.3500000099822625,-0.35,0.0,False,False,68096.2738647461,4837.072989207493,16.39307782304016,4.163653370102976e-05,487.09071666751146,0.9303608946512464,0.8454174308359381,1.2293875720674339,0.6485713174581409,0.6573352173100183,1.0,0.003974919790454923,0.001090421166685319,0.006246505115645126,-0.06077663813443997,0.04369178412569492,0.011423261993863554,-68.50071747811049,True
1,stress,10056,fast_nmpc_1s,65.0,0.1966560159081189,0.04329777399685814,2.910391405286555,0.1943190113943383,0.04432909930646632,2.9215249480341003,0.2757570301783265,-0.0023517749023437423,-0.013865966796875004,0.20575703017832647,0.3457570301783265,-0.08,0.08,-0.07910101427020758,0.045649548899201885,2.92425737208343,Solve_Succeeded,0.032305916014593095,False,13356.549969539303,0.011438018783988174,0.0,False,False,1.0,10,0.0,268.9998860366586,0.026493983037403857,0.5533934213133627,-0.3500000099805883,-0.3500000099823801,-0.35000000998232517,-0.35,0.0,False,False,67920.10498046875,4821.575947999591,16.340557589602536,4.280941628134684e-05,497.60797786362315,0.9303608946512464,0.8454174308359381,1.2293875720674339,0.6485713174581409,0.6573352173100183,1.0,0.003974919790454923,0.001090421166685319,0.006246505115645126,-0.06077663813443997,0.04369178412569492,0.011423261993863554,-68.50071747811049,True
1,stress,10056,fast_nmpc_1s,65.5,0.19667315100512078,0.043303153353542304,2.9320416371779703,0.20352958444333946,0.04442879636046148,2.932749423569038,0.2763234096364884,-0.0023573925781249783,-0.01504328247070312,0.20632340963648838,0.3463234096364884,-0.08,0.08,-0.0796502586313676,0.04566054593166728,2.9470849196486735,held,0.0,False,13356.549969539303,0.011438018783988174,0.0,False,False,1.0,10,0.0,280.50168714676,0.0268167415026749,0.5556014180713704,-0.3500000099805883,-0.3500000099823801,-0.3500000099823544,-0.35,0.0,False,False,67743.50762939453,4806.063754802459,16.287986005329568,4.4018312436324816e-05,508.37296654029177,0.9303608946512464,0.8454174308359381,1.2293875720674339,0.6485713174581409,0.6573352173100183,1.0,0.003974919790454923,0.001090421166685319,0.006246505115645126,-0.06077663813443997,0.04369178412569492,0.011423261993863554,-68.50071747811049,True
1,stress,10056,fast_nmpc_1s,66.0,0.19669110368437856,0.04330876270178028,2.9536946162493423,0.19886587821773086,0.044480734940752935,2.963712818654904,0.2768518518518519,-0.0023628198242187787,-0.016223359374999982,0.2068518518518519,0.3468518518518519,-0.08,0.08,-0.08016074816747334,0.04567158252599906,2.9699179756243423,Solve_Succeeded,0.033296249981503934,False,9253.617448644294,0.008814585670706448,0.0,False,False,1.0,10,0.0,292.36766575025194,0.027140292613397655,0.55781745823853,-0.35000000994156516,-0.3500000099805883,-0.35000000998141373,-0.35,0.0,False,False,67566.49609375,4790.537577641742,16.23536702871751,4.526430288155689e-05,519.3909078526032,0.9303608946512464,0.8454174308359381,1.2293875720674339,0.6485713174581409,0.6573352173100183,1.0,0.003974919790454923,0.001090421166685319,0.006246505115645126,-0.06077663813443997,0.04369178412569492,0.011423261993863554,-68.50071747811049,True
1,stress,10056,fast_nmpc_1s,66.5,0.1967098994339178,0.0433146093225429,2.975350459316907,0.1937363829655886,0.0420844240932532,2.96901595745301,0.2773417138203018,-0.0023680566406250325,-0.0174061022949219,0.2073417138203018,0.3473417138203018,-0.08,0.08,-0.080631814386384,0.04568266596316793,2.992756561611829,held,0.0,False,9253.617448644294,0.008814585670706448,0.0,False,False,1.0,10,0.0,304.60810450406007,0.02746460668455454,0.5600413899812113,-0.35000000994156516,-0.3500000099805883,-0.3500000099809741,-0.35,0.0,False,False,67389.08465576172,4774.998580882961,16.182704605858262,4.654849784698222e-05,530.6671064353866,0.9303608946512464,0.8454174308359381,1.2293875720674339,0.6485713174581409,0.6573352173100183,1.0,0.003974919790454923,0.001090421166685319,0.006246505115645126,-0.06077663813443997,0.04369178412569492,0.011423261993863554,-68.50071747811049,True
1,stress,10056,fast_nmpc_1s,67.0,0.19672956458374036,0.043320700702309894,2.9970092868887743,0.20010591340563808,0.043597243937146424,3.000421712523596,0.27779235253772294,-0.002373103027343726,-0.018591416015625015,0.20779235253772294,0.34779235253772295,-0.08,0.08,-0.08106278795398258,0.04569380372965362,3.015600702904399,Solve_Succeeded,0.03262054099468514,False,13478.840402161433,0.01122913503289022,0.0,False,False,1.0,10,0.0,317.2335100581579,0.027789653696902304,0.562273060367581,-0.3500000099846177,-0.35000000994156516,-0.3500000099599835,-0.35,0.0,False,False,67211.28759765625,4759.44792527913,16.13000267060079,4.787203768540588e-05,542.2069460626303,0.9303608946512464,0.8454174308359381,1.2293875720674339,0.6485713174581409,0.6573352173100183,1.0,0.003974919790454923,0.001090421166685319,0.006246505115645126,-0.06077663813443997,0.04369178412569492,0.011423261993863554,-68.50071747811049,True
1,stress,10056,fast_nmpc_1s,67.5,0.19675012631650254,0.04332704453754264,3.018671223268803,0.19351276852389152,0.043105411379873504,3.031550633341685,0.278203125,-0.00237795898437497,-0.019779205322265625,0.208203125,0.348203125,-0.08,0.08,-0.08145299868349745,0.04570500352191761,3.0384504285910685,held,0.0,False,13478.840402161433,0.01122913503289022,0.0,False,False,1.0,10,0.0,330.25461453591424,0.02811540329414966,0.5645123153618897,-0.3500000099846177,-0.35000000994156516,-0.3500000099501732,-0.35,0.0,False,False,67033.11920166016,4743.886768017366,16.077265144709028,4.923609348219251e-05,554.015889220377,0.9303608946512464,0.8454174308359381,1.2293875720674339,0.6485713174581409,0.6573352173100183,1.0,0.003974919790454923,0.001090421166685319,0.006246505115645126,-0.06077663813443997,0.04369178412569492,0.011423261993863554,-68.50071747811049,True
1,stress,10056,fast_nmpc_1s,68.0,0.19677161267920606,0.04333364873918608,3.040336396662716,0.20228619815337864,0.04347406639332634,3.0457938240454787,0.27857338820301786,-0.002382624511718723,-0.020969374999999985,0.20857338820301785,0.34857338820301786,-0.08,0.08,-0.08180177552381179,0.045716273250904806,3.061305771662716,Solve_Succeeded,0.03181195800425485,False,12415.702106252596,0.01092186509187118,0.0,False,False,1.0,10,0.0,343.6823768231973,0.028441824779890462,0.5667589998190704,-0.35000000998516984,-0.3500000099846177,-0.3500000099685196,-0.35,0.0,False,False,66854.59375,4728.316262764509,16.02449593801654,5.0641867665355734e-05,566.0994765894499,0.9303608946512464,0.8454174308359381,1.2293875720674339,0.6485713174581409,0.6573352173100183,1.0,0.003974919790454923,0.001090421166685319,0.006246505115645126,-0.06077663813443997,0.04369178412569492,0.011423261993863554,-68.50071747811049,True
1,stress,10056,fast_nmpc_1s,68.5,0.19679405259580865,0.04334052143719617,3.062004939286476,0.19411506607232648,0.04439896541374455,3.044319284551995,0.2789024991426612,-0.00238709960937504,-0.022161829833984348,0.20890249914266118,0.3489024991426612,-0.08,0.08,-0.08210844654685254,0.04572762104657121,3.0841667691204604,held,0.0,False,12415.702106252596,0.01092186509187118,0.0,False,False,1.0,10,0.0,357.52798365370484,0.02876888711432058,0.5690129574796432,-0.35000000998516984,-0.3500000099846177,-0.350000009977094,-0.35,0.0,False,False,66675.72552490234,4712.737559711781,15.97169894857784,5.2090594615210224e-05,578.4633264342576,0.9303608946512464,0.8454174308359381,1.2293875720674339,0.6485713174581409,0.6573352173100183,1.0,0.003974919790454923,0.001090421166685319,0.006246505115645126,-0.06077663813443997,0.04369178412569492,0.011423261993863554,-68.50071747811049,True
1,stress,10056,fast_nmpc_1s,69.0,0.1968174758806701,0.04334767098508854,3.083676987476928,0.19498225978705475,0.04441758068390794,3.0882285489556116,0.27918981481481486,-0.0023913842773437832,-0.023356474609375025,0.20918981481481486,0.34918981481481487,-0.08,0.08,-0.08237233893414475,0.04573905526243233,3.107033462086303,Solve_Succeeded,0.03357724996749312,False,13942.260521442322,0.01420755502776011,0.0,False,False,1.0,10,0.0,371.80285047762845,0.02909655891076427,0.5712740309649265,-0.3500000099820022,-0.35000000998516984,-0.35000000998139547,-0.35,0.0,False,False,66496.52880859375,4697.151805618527,15.918878062816649,5.358354127270487e-05,591.1131338939241,0.9303608946512464,0.8454174308359381,1.2293875720674339,0.6485713174581409,0.6573352173100183,1.0,0.003974919790454923,0.001090421166685319,0.006246505115645126,-0.06077663813443997,0.04369178412569492,0.011423261993863554,-68.50071747811049,True
1,stress,10056,fast_nmpc_1s,69.5,0.19684191325275557,0.04335510596450428,3.105352681804721,0.19688324265262258,0.04297027483893304,3.0988377568578347,0.27943469221536354,-0.0023954785156249797,-0.02455321411132813,0.20943469221536354,0.34943469221536355,-0.08,0.08,-0.08259277896260797,0.04575058448012926,3.1299058959160493,held,0.0,False,13942.260521442322,0.01420755502776011,0.0,False,False,1.0,10,0.0,386.51862210034346,0.02942480843203389,0.5735420617725491,-0.3500000099820022,-0.35000000998516984,-0.35000000998340586,-0.35,0.0,False,False,66317.01788330078,4681.560143855039,15.866037155671014,5.512200774549701e-05,604.0546701718927,0.9303608946512464,0.8454174308359381,1.2293875720674339,0.6485713174581409,0.6573352173100183,1.0,0.003974919790454923,0.001090421166685319,0.006246505115645126,-0.06077663813443997,0.04369178412569492,0.011423261993863554,-68.50071747811049,True
1,stress,10056,fast_nmpc_1s,70.0,0.1968673963505239,0.04336283518978798,3.127032167189517,0.19904181953364963,0.04249462489734134,3.1249416725079584,0.27963648834019206,-0.0023993823242187406,-0.025751953125000004,0.20963648834019205,0.34963648834019206,-0.08,0.08,-0.08276909198966817,0.04576221751400672,3.152784120314517,Solve_Succeeded,0.0328591670258902,False,21820.219709763456,0.01448302905750748,0.0,False,False,1.0,10,0.0,401.6871730774543,0.029753603586644486,0.5758168902722643,-0.350000009989374,-0.3500000099820022,-0.35000000998265823,-0.35,0.0,False,False,66137.20703125,4665.963714444511,15.813180090735505,5.670732791077378e-05,617.2937816201538,0.9303608946512464,0.8454174308359381,1.2293875720674339,0.6485713174581409,0.6573352173100183,1.0,0.003974919790454923,0.001090421166685319,0.006246505115645126,-0.06077663813443997,0.04369178412569492,0.011423261993863554,-68.50071747811049,True
1,stress,10056,fast_nmpc_1s,70.5,0.19689395774743484,0.043370867712573355,3.14871559301749,0.19556360743647608,0.04362274042214183,3.1516674777766687,0.2797945601851852,-0.0024030957031249828,-0.02695259643554687,0.20979456018518522,0.34979456018518523,-0.08,0.08,-0.08290060243775038,0.04577396341569834,3.1756681894530367,held,0.0,False,21820.219709763456,0.01448302905750748,0.0,False,False,1.0,10,0.0,417.32060785211195,0.030082911924903116,0.5780983557020595,-0.350000009989374,-0.3500000099820022,-0.3500000099823088,-0.35,0.0,False,False,65957.11053466797,4650.3636541041415,15.760310720400511,5.834087001376505e-05,630.836388714153,0.9303608946512464,0.8454174308359381,1.2293875720674339,0.6485713174581409,0.6573352173100183,1.0,0.003974919790454923,0.001090421166685319,0.006246505115645126,-0.06077663813443997,0.04369178412569492,0.011423261993863554,-68.50071747811049,True
1,stress,10056,fast_nmpc_1s,71.0,0.19692163096801274,0.04337921282637113,3.170403113261117,0.19313474087283367,0.04112071674893653,3.1662034551365337,0.27990826474622776,-0.0024066186523437755,-0.028155048828124987,0.20990826474622776,0.34990826474622777,-0.08,0.08,-0.08298663377821502,0.04578583147871491,3.198558162089242,Solve_Succeeded,0.03451550001045689,False,42708.50891555617,0.02022938492042861,0.0,False,False,1.0,10,0.0,433.43126062019405,0.030412700634891918,0.5803862961645628,-0.35000000999227177,-0.350000009989374,-0.35000000998607195,-0.35,0.0,False,False,65776.74267578125,4634.761096285395,15.707432885988693,6.0024037260834805e-05,644.688484914444,0.9303608946512464,0.8454174308359381,1.2293875720674339,0.6485713174581409,0.6573352173100183,1.0,0.003974919790454923,0.001090421166685319,0.006246505115645126,-0.06077663813443997,0.04369178412569492,0.011423261993863554,-68.50071747811049,True
1,stress,10056,fast_nmpc_1s,71.5,0.1969504505044083,0.043387880071153864,3.1920948866012644,0.1951872080938164,0.04361291546726614,3.1843364004037538,0.2799769590192044,-0.0024099511718750355,-0.029359215087890647,0.20997695901920438,0.3499769590192044,-0.08,0.08,-0.0830265085147961,0.0457978312430289,3.221454101689155,held,0.0,False,42708.50891555617,0.02022938492042861,0.0,False,False,1.0,10,0.0,450.0316949085118,0.030742936538361153,0.5826805486237413,-0.35000000999227177,-0.350000009989374,-0.3500000099878307,-0.35,0.0,False,False,65596.1177368164,4619.157171213474,15.654550417888743,6.175826840597174e-05,658.8561354110708,0.9303608946512464,0.8454174308359381,1.2293875720674339,0.6485713174581409,0.6573352173100183,1.0,0.003974919790454923,0.001090421166685319,0.006246505115645126,-0.06077663813443997,0.04369178412569492,0.011423261993863554,-68.50071747811049,True
1,stress,10056,fast_nmpc_1s,72.0,0.19698045183340399,0.0433968792379318,3.2137910765515647,0.19250895799345816,0.04402973025483434,3.2165440678581487,0.28,-0.002413093261718735,-0.030565000000000023,0.21000000000000002,0.35000000000000003,-0.08,0.08,-0.08301954816659604,0.045809972499650534,3.244356076551565,Solve_Succeeded,0.04279104195302352,False,17595.798144657783,0.017491042006541863,0.0,False,False,1.0,10,0.0,467.13470285094013,0.03107358608654929,0.5849809489018909,-0.35000000995850694,-0.35000000999227177,-0.35000000999019615,-0.35,0.0,False,False,65415.25,4603.553005925993,15.60166713568647,6.354503832944128e-05,673.345475746699,0.9303608946512464,0.8454174308359381,1.2293875720674339,0.6485713174581409,0.6573352173100183,1.0,0.003974919790454923,0.001090421166685319,0.006246505115645126,-0.06077663813443997,0.04369178412569492,0.011423261993863554,-68.50071747811049,True
1,stress,10056,fast_nmpc_1s,72.5,0.1970116714338112,0.04340622037331387,3.235491851585075,0.2011291615741978,0.043676898700818007,3.2458002527078653,0.2799884221215252,-0.0024160449218749713,-0.03177230834960938,0.2099884221215252,0.3499884221215252,-0.08,0.08,-0.08297675068771398,0.04582226529518884,3.2672641599346846,held,0.0,False,17595.798144657783,0.017491042006541863,0.0,False,False,1.0,10,0.0,484.75330414692235,0.031404615355944285,0.5872873316769143,-0.35000000995850694,-0.35000000999227177,-0.3500000099913017,-0.35,0.0,False,False,65234.153747558594,4587.949724310893,15.548786848293275,6.538585860728679e-05,688.1627103144,0.9303608946512464,0.8454174308359381,1.2293875720674339,0.6485713174581409,0.6573352173100183,1.0,0.003974919790454923,0.001090421166685319,0.006246505115645126,-0.06077663813443997,0.04369178412569492,0.011423261993863554,-68.50071747811049,True
1,stress,10056,fast_nmpc_1s,73.0,0.19704414680420948,0.04341591378404732,3.2571973852632126,0.1970551353907258,0.04321994876701776,3.2597519708363882,0.27995386457550714,-0.0024188061523437304,-0.032981044921874994,0.20995386457550713,0.34995386457550715,-0.08,0.08,-0.08290971777129766,0.04583471993639105,3.2901784301850876,Solve_Succeeded,0.03558349999366328,False,15963.371223254462,0.012898729184781327,0.0,False,False,1.0,10,0.0,502.90074468658133,0.03173599004400063,0.5895995304798856,-0.35000000998753195,-0.35000000995850694,-0.350000009973834,-0.35,0.0,False,False,65052.84326171875,4572.348447143617,15.49591335407216,6.728227807030963e-05,703.3141107260875,0.9303608946512464,0.8454174308359381,1.2293875720674339,0.6485713174581409,0.6573352173100183,1.0,0.003974919790454923,0.001090421166685319,0.006246505115645126,-0.06077663813443997,0.04369178412569492,0.011423261993863554,-68.50071747811049,True
1,stress,10056,fast_nmpc_1s,73.5,0.19707791648098075,0.0434259700415294,3.2789078563669536,0.19994511473603366,0.04303208577628845,3.2775485960535113,0.2798965914960556,-0.002421376953125026,-0.03419111450195311,0.2098965914960556,0.3498965914960556,-0.08,0.08,-0.08281867501507487,0.045847346994654425,3.3130989708689067,held,0.0,False,15963.371223254462,0.012898729184781327,0.0,False,False,1.0,10,0.0,521.590494826269,0.032067675464825696,0.5919173776928992,-0.35000000998753195,-0.35000000995850694,-0.35000000996567027,-0.35,0.0,False,False,64871.33282470703,4556.750292123559,15.44305044096124,6.923588335107917e-05,718.8060140474892,0.9303608946512464,0.8454174308359381,1.2293875720674339,0.6485713174581409,0.6573352173100183,1.0,0.003974919790454923,0.001090421166685319,0.006246505115645126,-0.06077663813443997,0.04369178412569492,0.011423261993863554,-68.50071747811049,True
1,stress,10056,fast_nmpc_1s,74.0,0.19711302005659279,0.04343639998628402,3.3006234490302777,0.19090587088796945,0.044392976086792234,3.2937624818307065,0.27981686701728026,-0.0024237573242187754,-0.03540242187500002,0.20981686701728025,0.34981686701728026,-0.08,0.08,-0.08270384696068747,0.045860157310502796,3.336025870905278,Solve_Succeeded,0.03796529199462384,False,15804.138537067169,0.018910996129310798,0.0,False,False,1.0,10,0.0,540.8362472981449,0.032399636544847954,0.5942407045472012,-0.35000000995150843,-0.35000000998753195,-0.35000000997731456,-0.35,0.0,False,False,64689.63671875,4541.156373909807,15.390201886594888,7.124829941745867e-05,734.6448208956035,0.9303608946512464,0.8454174308359381,1.2293875720674339,0.6485713174581409,0.6573352173100183,1.0,0.003974919790454923,0.001090421166685319,0.006246505115645126,-0.06077663813443997,0.04369178412569492,0.011423261993863554,-68.50071747811049,True
1,stress,10056,fast_nmpc_1s,74.5,0.19714949819808764,0.043447214732396114,3.322344352875842,0.20067606520448691,0.04282739659658772,3.327859166632049,0.27971495527329077,-0.002425947265624978,-0.03661487182617189,0.20971495527329076,0.3497149552732908,-0.08,0.08,-0.08256545707520313,0.04587316199802109,3.358959224702014,held,0.0,False,15804.138537067169,0.018910996129310798,0.0,False,False,1.0,10,0.0,560.6519147370643,0.03273183781847925,0.5965693411216009,-0.35000000995150843,-0.35000000998753195,-0.3500000099827567,-0.35,0.0,False,False,64507.76922607422,4525.567804156212,15.337371458422572,7.332119009105597e-05,750.8369933945585,0.9303608946512464,0.8454174308359381,1.2293875720674339,0.6485713174581409,0.6573352173100183,1.0,0.003974919790454923,0.001090421166685319,0.006246505115645126,-0.06077663813443997,0.04369178412569492,0.011423261993863554,-68.50071747811049,True
1,stress,10056,fast_nmpc_1s,75.0,0.19718739266573165,0.043458425671896,3.3440707631528577,0.19951847713955057,0.0438136375795021,3.3412908698234536,0.2795911203981969,-0.0024279467773437313,-0.037828369140625,0.20959112039819688,0.3495911203981969,-0.08,0.08,-0.08240372773246524,0.04588637244923973,3.3818991322934826,Solve_Succeeded,0.03568891703616828,False,8459.560569338177,0.010072643258646319,0.0,False,False,1.0,10,0.0,581.0516268078309,0.03306424342378361,0.598903116341161,-0.35000000995094777,-0.35000000995150843,-0.35000000996611275,-0.35,0.0,False,False,64325.74462890625,4509.985691545775,15.284562913825413,7.545625854893595e-05,767.3890529858095,0.9303608946512464,0.8454174308359381,1.2293875720674339,0.6485713174581409,0.6573352173100183,1.0,0.003974919790454923,0.001090421166685319,0.006246505115645126,-0.06077663813443997,0.04369178412569492,0.011423261993863554,-68.50071747811049,True
1,stress,10056,fast_nmpc_1s,75.5,0.197226746331785,0.04347004447908572,3.3658028808771454,0.19563628986992998,0.04268290174909322,3.357990187757381,0.2794456265261082,-0.0024297558593749935,-0.03904281860351562,0.2094456265261082,0.3494456265261082,-0.08,0.08,-0.08221888019432322,0.045899800338460715,3.404845699480661,held,0.0,False,8459.560569338177,0.010072643258646319,0.0,False,False,1.0,10,0.0,602.0497269156008,0.033396817098163306,0.6012418579761649,-0.35000000995094777,-0.35000000995150843,-0.35000000995833397,-0.35,0.0,False,False,64143.577209472656,4494.411141824394,15.231780000230545,7.765524780685324e-05,784.307578088628,0.9303608946512464,0.8454174308359381,1.2293875720674339,0.6485713174581409,0.6573352173100183,1.0,0.003974919790454923,0.001090421166685319,0.006246505115645126,-0.06077663813443997,0.04369178412569492,0.011423261993863554,-68.50071747811049,True
1,stress,10056,fast_nmpc_1s,76.0,0.19726760319934825,0.04348208311479907,3.3875409129733387,0.19651339403822893,0.043931844355277014,3.3936607913226653,0.2792787377911345,-0.0024313745117187785,-0.04025812499999999,0.20927873779113448,0.3492787377911345,-0.08,0.08,-0.08201113459178624,0.04591345762651785,3.4277990379733385,Solve_Succeeded,0.03645299997879192,False,9582.429485162746,0.012765343752905556,0.0,False,False,1.0,10,0.0,623.6607684820457,0.03372952217407408,0.6035853926413581,-0.3500000099812819,-0.35000000995094777,-0.35000000995439984,-0.35,0.0,False,False,63961.28125,4478.845257833978,15.179026455223338,7.991994118218737e-05,801.5992016068581,0.9303608946512464,0.8454174308359381,1.2293875720674339,0.6485713174581409,0.6573352173100183,1.0,0.003974919790454923,0.001090421166685319,0.006246505115645126,-0.06077663813443997,0.04369178412569492,0.011423261993863554,-68.50071747811049,True
1,stress,10056,fast_nmpc_1s,76.5,0.19731000842124508,0.04349455383058653,3.4092850724191965,0.19841499841299637,0.04346318259747919,3.4018940179300743,0.27909071832738547,-0.002432802734375031,-0.0414741931152344,0.20909071832738546,0.3490907183273855,-0.08,0.08,-0.08178070990614039,0.04592735656496156,3.450759265534431,held,0.0,False,9582.429485162746,0.012765343752905556,0.0,False,False,1.0,10,0.0,645.8995107696768,0.03406232157477997,0.6059335457954627,-0.3500000099812819,-0.35000000995094777,-0.35000000995256114,-0.35,0.0,False,False,63778.871032714844,4463.289139544943,15.126306006657531,8.225216273468307e-05,819.2706082779516,0.9303608946512464,0.8454174308359381,1.2293875720674339,0.6485713174581409,0.6573352173100183,1.0,0.003974919790454923,0.001090421166685319,0.006246505115645126,-0.06077663813443997,0.04369178412569492,0.011423261993863554,-68.50071747811049,True
1,stress,10056,fast_nmpc_1s,77.0,0.19735400831889902,0.04350746917281613,3.4310355783919877,0.20265189846928242,0.04345593805082343,3.4435146687152716,0.27888183226897073,-0.0024340405273437365,-0.04269092773437502,0.20888183226897072,0.34888183226897074,-0.08,0.08,-0.08152782395007172,0.045941509700159866,3.4737265061263627,Solve_Succeeded,0.03379833302460611,False,5607.927181782461,0.007000831340632202,0.0,False,False,1.0,10,0.0,668.7809142365913,0.03439517781015925,0.6082861417409636,-0.35000000998037384,-0.3500000099812819,-0.35000000996785885,-0.35,0.0,False,False,63596.36083984375,4447.743884088104,15.073622372763316,8.465377768301686e-05,837.3285318603268,0.9303608946512464,0.8454174308359381,1.2293875720674339,0.6485713174581409,0.6573352173100183,1.0,0.003974919790454923,0.001090421166685319,0.006246505115645126,-0.06077663813443997,0.04369178412569492,0.011423261993863554,-68.50071747811049,True
1,stress,10056,fast_nmpc_1s,77.5,0.19739965040116333,0.04352084198668081,3.452792656416904,0.1987815567731373,0.04133655754514298,3.4508328124109546,0.27865234375000003,-0.002435087890624979,-0.043908233642578134,0.20865234375000002,0.34865234375000004,-0.08,0.08,-0.0812526933488367,0.04595592987730579,3.4967008900594823,held,0.0,False,5607.927181782461,0.007000831340632202,0.0,False,False,1.0,10,0.0,692.3201354037665,0.03472805297257174,0.610643003624165,-0.35000000998037384,-0.3500000099812819,-0.35000000997500846,-0.35,0.0,False,False,63413.76495361328,4432.210585785984,15.020979262253448,8.71266927951307e-05,855.7797521551487,0.9303608946512464,0.8454174308359381,1.2293875720674339,0.6485713174581409,0.6573352173100183,1.0,0.003974919790454923,0.001090421166685319,0.006246505115645126,-0.06077663813443997,0.04369178412569492,0.011423261993863554,-68.50071747811049,True
1,stress,10056,fast_nmpc_1s,78.0,0.19744698338306185,0.04353468542010249,3.4745565385174495,0.20101318800428036,0.044905840769133176,3.4660148451001955,0.27840251690458306,-0.0024359448242187165,-0.045126015625,0.20840251690458306,0.34840251690458307,-0.08,0.08,-0.08095553352152121,0.04597063024432121,3.5196825541424497,Solve_Succeeded,0.033546249964274466,False,3407.7473155437892,0.007389328900302694,0.0,False,False,1.0,10,0.0,716.532521216952,0.03506090873279832,0.6130039534355131,-0.35000000991750785,-0.35000000998037384,-0.35000000997786623,-0.35,0.0,False,False,63231.09765625,4416.690336183554,14.968380374427417,8.967285675019098e-05,874.6310918587071,0.9303608946512464,0.8454174308359381,1.2293875720674339,0.6485713174581409,0.6573352173100183,1.0,0.003974919790454923,0.001090421166685319,0.006246505115645126,-0.06077663813443997,0.04369178412569492,0.011423261993863554,-68.50071747811049,True
1,stress,10056,fast_nmpc_1s,78.5,0.19749605720439886,0.04354901292752278,3.4963274633677535,0.19954979215842172,0.04557242507703686,3.5114592992247755,0.27813261586682947,-0.0024366113281250323,-0.04634417846679685,0.20813261586682946,0.3481326158668295,-0.08,0.08,-0.08063655866243061,0.04598562425564781,3.5426716418345503,held,0.0,False,3407.7473155437892,0.007389328900302694,0.0,False,False,1.0,10,0.0,741.4336028851419,0.03539370633606343,0.6153688120101857,-0.35000000991750785,-0.35000000998037384,-0.3500000099792019,-0.35,0.0,False,False,63048.37322998047,4401.184224078418,14.91582939927376,9.229426046994587e-05,893.8894132416086,0.9303608946512464,0.8454174308359381,1.2293875720674339,0.6485713174581409,0.6573352173100183,1.0,0.003974919790454923,0.001090421166685319,0.006246505115645126,-0.06077663813443997,0.04369178412569492,0.011423261993863554,-68.50071747811049,True
1,stress,10056,fast_nmpc_1s,79.0,0.1975469230481957,0.04356383827356979,3.5181056764467504,0.19047635632083673,0.042734332822557335,3.517310680231437,0.277842904770849,-0.002437087402343774,-0.047562626953125034,0.207842904770849,0.347842904770849,-0.08,0.08,-0.08029598172265329,0.046000925675913566,3.5656683033998755,Solve_Succeeded,0.035521125013474375,False,16681.499461748404,0.01736654845001226,0.0,False,False,1.0,10,0.0,767.0390891775812,0.03572640659815167,0.6177373990289489,-0.35000000996752245,-0.35000000991750785,-0.3500000099463414,-0.35,0.0,False,False,62865.60595703125,4385.6933355504425,14.863330017570455,9.49929374171686e-05,913.5616146510665,0.9303608946512464,0.8454174308359381,1.2293875720674339,0.6485713174581409,0.6573352173100183,1.0,0.003974919790454923,0.001090421166685319,0.006246505115645126,-0.06077663813443997,0.04369178412569492,0.011423261993863554,-68.50071747811049,True
1,stress,10056,fast_nmpc_1s,79.5,0.19759963335891037,0.04357917553659029,3.5398914301941558,0.19529086648621558,0.04264111320684018,3.5470815642301745,0.27753364775075134,-0.002437373046874969,-0.048781265869140625,0.20753364775075134,0.34753364775075135,-0.08,0.08,-0.07993401439184097,0.04601654858346526,3.588672696063296,held,0.0,False,16681.499461748404,0.01736654845001226,0.0,False,False,1.0,10,0.0,793.3648591613219,0.03605896990162811,0.6201095330192727,-0.35000000996752245,-0.35000000991750785,-0.3500000099309836,-0.35,0.0,False,False,62682.810119628906,4370.218753990877,14.810885900983639,9.777096385879507e-05,933.6546268327463,0.9303608946512464,0.8454174308359381,1.2293875720674339,0.6485713174581409,0.6573352173100183,1.0,0.003974919790454923,0.001090421166685319,0.006246505115645126,-0.06077663813443997,0.04369178412569492,0.011423261993863554,-68.50071747811049,True
1,stress,10056,fast_nmpc_1s,80.0,0.1976542418603967,0.04359503911203589,3.5616849841681746,0.19404359951525282,0.04273942902063124,3.5614587401203788,0.27720510894064615,-0.002437468261718756,-0.05,0.20720510894064614,0.34720510894064616,-0.08,0.08,-0.07955086708024944,0.046032507373754646,3.6116849841681744,Solve_Succeeded,0.040238083980511874,False,10870.964103006043,0.01316150942539332,0.0,False,False,1.0,10,0.0,820.4269543613649,0.03639135619217473,0.6224850313567132,-0.3500000099611964,-0.35000000996752245,-0.3500000099504455,-0.35,0.0,False,False,62500.0,4354.761560130941,14.758500712164466,0.00010063045909126936,954.1754090686015,0.9303608946512464,0.8454174308359381,1.2293875720674339,0.6485713174581409,0.6573352173100183,1.0,0.003974919790454923,0.001090421166685319,0.006246505115645126,-0.06077663813443997,0.04369178412569492,0.011423261993863554,-68.50071747811049,True
1,stress,10056,fast_nmpc_1s,80.5,0.19771080357355827,0.04361144371569178,3.583486605204863,0.1997015099490264,0.04325054722471809,3.5843835306527687,0.27685755247464316,-0.0024373730468749966,-0.05121873413085938,0.20685755247464316,0.34685755247464317,-0.08,0.08,-0.07914674890108489,0.04604881676256678,3.634705339335722,held,0.0,False,10870.964103006043,0.01316150942539332,0.0,False,False,1.0,10,0.0,848.2415703255474,0.036723524975052796,0.6248637102665509,-0.3500000099611964,-0.35000000996752245,-0.3500000099595413,-0.35,0.0,False,False,62317.189880371094,4339.322832069908,14.706178104844305,0.00010357358562553113,975.1309451273312,0.9303608946512464,0.8454174308359381,1.2293875720674339,0.6485713174581409,0.6573352173100183,1.0,0.003974919790454923,0.001090421166685319,0.006246505115645126,-0.06077663813443997,0.04369178412569492,0.011423261993863554,-68.50071747811049,True
1,stress,10056,fast_nmpc_1s,81.0,0.19776937483365112,0.043628404386736146,3.605296567579061,0.19996007477201616,0.04575307118158702,3.610019934151975,0.27649124248685203,-0.002437087402343746,-0.052437373046875,0.20649124248685202,0.34649124248685204,-0.08,0.08,-0.07872186765320091,0.04606549178907989,3.657733940625936,Solve_Succeeded,0.034010625036899,False,2681.4229731887813,0.0065311677148358616,0.0,True,False,1.0,10,0.0,876.8250475765226,0.03705543531170258,0.6272453848256894,-0.35000000959482236,-0.3500000099611964,-0.35000000996042285,-0.35,0.0,False,False,62134.39404296875,4323.90364530272,14.653921723928308,0.00010660254932899255,996.5282390242129,0.9303608946512464,0.8454174308359381,1.2293875720674339,0.6485713174581409,0.6573352173100183,1.0,0.003974919790454923,0.001090421166685319,0.006246505115645126,-0.06077663813443997,0.04369178412569492,0.011423261993863554,-68.50071747811049,True
1,stress,10056,fast_nmpc_1s,81.5,0.1978300133071891,0.043645936490617834,3.6271151531668115,0.20601162942306914,0.042488546054259745,3.6318564965677953,0.27610644311138244,-0.0024366113281250046,-0.05365582153320313,0.20610644311138243,0.34610644311138244,-0.08,0.08,-0.07827642980419333,0.04608254781874284,3.680770974700015,held,0.0,False,2681.4229731887813,0.0065311677148358616,0.0,True,False,1.0,10,0.0,906.1938619333407,0.037387045816492374,0.6296298689648132,-0.35000000959482236,-0.3500000099611964,-0.35000000996083486,-0.35,0.0,False,False,61951.62677001953,4308.505072747086,14.601735205587266,0.00010971959952176167,1018.3743105871284,0.9303608946512464,0.8454174308359381,1.2293875720674339,0.6485713174581409,0.6573352173100183,1.0,0.003974919790454923,0.001090421166685319,0.006246505115645126,-0.06077663813443997,0.04369178412569492,0.011423261993863554,-68.50071747811049,True
1,stress,10056,fast_nmpc_1s,82.0,0.19789277800840402,0.04366405572173984,3.6489426516091656,0.1967336254783559,0.043903143020649966,3.6514508661279788,0.27570341848234414,-0.0024359448242187443,-0.054873984375000004,0.20570341848234414,0.34570341848234415,-0.08,0.08,-0.07781064047394012,0.046100000545958586,3.7038166359841656,Solve_Succeeded,0.035332290979567915,False,4247.961348161709,0.00896979300398823,0.0,False,False,1.0,10,0.0,936.364614185422,0.037718314653627176,0.6320169754707983,-0.3500000099422243,-0.35000000959482236,-0.3500000097658834,-0.35,0.0,False,False,61768.90234375,4293.128184770147,14.549622177347963,0.00011292702902428781,1040.676190825828,0.9303608946512464,0.8454174308359381,1.2293875720674339,0.6485713174581409,0.6573352173100183,1.0,0.003974919790454923,0.001090421166685319,0.006246505115645126,-0.06077663813443997,0.04369178412569492,0.011423261993863554,-68.50071747811049,True
1,stress,10056,fast_nmpc_1s,82.5,0.19795772931521186,0.04368277810593555,3.670779360477284,0.19899739139773012,0.043539947152400546,3.675612490422298,0.2752824327338468,-0.0024350878906250206,-0.05609176635742187,0.20528243273384678,0.3452824327338468,-0.08,0.08,-0.07732470341863493,0.04611786599656057,3.726871126834706,held,0.0,False,4247.961348161709,0.00896979300398823,0.0,False,False,1.0,10,0.0,967.3540191020278,0.03804919953422936,0.6344065159893799,-0.3500000099422243,-0.35000000959482236,-0.35000000967477013,-0.35,0.0,False,False,61586.23504638672,4277.774049214653,14.497586258181908,0.00011622717415351698,1063.4409171015739,0.9303608946512464,0.8454174308359381,1.2293875720674339,0.6485713174581409,0.6573352173100183,1.0,0.003974919790454923,0.001090421166685319,0.006246505115645126,-0.06077663813443997,0.04369178412569492,0.011423261993863554,-68.50071747811049,True
1,stress,10056,fast_nmpc_1s,83.0,0.19802492898463508,0.043702120002724436,3.6926255854387158,0.19937229034514756,0.043321140228885655,3.691198427165724,0.27484375,-0.0024340405273437504,-0.057309072265625025,0.20484375,0.34484375,-0.08,0.08,-0.07681882101536491,0.046136160530068186,3.749934657704341,Solve_Succeeded,0.035044791002292186,False,3116.8619086151675,0.005471459654852434,0.0,False,False,1.0,10,0.0,999.1788937607347,0.038379657713603174,0.6367983010280722,-0.35000000981359153,-0.3500000099422243,-0.35000000981722584,-0.35,0.0,False,False,61403.63916015625,4262.443731424724,14.445631058592618,0.00011962241466456366,1086.6755280945392,0.9303608946512464,0.8454174308359381,1.2293875720674339,0.6485713174581409,0.6573352173100183,1.0,0.003974919790454923,0.001090421166685319,0.006246505115645126,-0.06077663813443997,0.04369178412569492,0.011423261993863554,-68.50071747811049,True
1,stress,10056,fast_nmpc_1s,83.5,0.19809444016763034,0.043722098107333664,3.71448164042475,0.19894778827335932,0.044779885950191264,3.7110478200559354,0.27438763441491365,-0.002432802734374989,-0.05852580688476562,0.20438763441491364,0.34438763441491366,-0.08,0.08,-0.07629319424728331,0.04615490084170865,3.7730074473095154,held,0.0,False,3116.8619086151675,0.005471459654852434,0.0,False,False,1.0,10,0.0,1031.8561451787705,0.03870964598869468,0.6391921399593407,-0.35000000981359153,-0.3500000099422243,-0.35000000988380453,-0.35,0.0,False,False,61221.128967285156,4247.138294271152,14.393760180701383,0.00012311517363481565,1110.3870585664279,0.9303608946512464,0.8454174308359381,1.2293875720674339,0.6485713174581409,0.6573352173100183,1.0,0.003974919790454923,0.001090421166685319,0.006246505115645126,-0.06077663813443997,0.04369178412569492,0.011423261993863554,-68.50071747811049,True
1,stress,10056,fast_nmpc_1s,84.0,0.1981663274232688,0.04374272945247158,3.7363478477987138,0.19927496140393272,0.042772651590736836,3.736488445454015,0.27391435011269727,-0.002431374511718737,-0.059741875000000014,0.20391435011269726,0.3439143501126973,-0.08,0.08,-0.07574802268942846,0.04617410396419032,3.7960897227987136,Solve_Succeeded,0.03462270798627287,False,3072.391997384079,0.004639388708764541,0.0,False,False,1.0,10,0.0,1065.4027572316702,0.03903912069575999,0.6415878410240256,-0.35000000994341535,-0.35000000981359153,-0.35000000984640656,-0.35,0.0,False,False,61038.71875,4231.858798176278,14.341977218331582,0.00012670791728731427,1134.582533916074,0.9303608946512464,0.8454174308359381,1.2293875720674339,0.6485713174581409,0.6573352173100183,1.0,0.003974919790454923,0.001090421166685319,0.006246505115645126,-0.06077663813443997,0.04369178412569492,0.011423261993863554,-68.50071747811049,True
1,stress,10056,fast_nmpc_1s,84.5,0.19824065673221625,0.04376403140983888,3.758224538525096,0.19606316830121756,0.04364266710482334,3.7673911234131507,0.2734241612274606,-0.0024297558593749935,-0.06095718139648436,0.2034241612274606,0.3434241612274606,-0.08,0.08,-0.07518350449524436,0.04619378726921387,3.81918171992158,held,0.0,False,3072.391997384079,0.004639388708764541,0.0,False,False,1.0,10,0.0,1099.8357768441979,0.03936803770825351,0.6439852113350127,-0.35000000994341535,-0.35000000981359153,-0.3500000098289281,-0.35,0.0,False,False,60856.422790527344,4216.606301138476,14.290285757091644,0.00013040315475016675,1159.268964525939,0.9303608946512464,0.8454174308359381,1.2293875720674339,0.6485713174581409,0.6573352173100183,1.0,0.003974919790454923,0.001090421166685319,0.006246505115645126,-0.06077663813443997,0.04369178412569492,0.011423261993863554,-68.50071747811049,True
1,stress,10056,fast_nmpc_1s,85.0,0.19831749550945735,0.043786021691362864,3.7801120523393497,0.20096002430733034,0.042890368205054534,3.7775670968006714,0.27291733189331335,-0.002427946777343787,-0.06217163085937501,0.20291733189331335,0.34291733189331336,-0.08,0.08,-0.074599836383856,0.04621396846870665,3.842283683198725,Solve_Succeeded,0.03378004202386364,False,2339.61328820496,0.002071931735621785,0.0,False,False,1.0,10,0.0,1135.1722994391268,0.0396963524349499,0.6463840568811571,-0.35000000980814794,-0.35000000994341535,-0.35000000988990815,-0.35,0.0,False,False,60674.25537109375,4201.381858756196,14.238689374456536,0.00013420343774866937,1184.453339897624,0.9303608946512464,0.8454174308359381,1.2293875720674339,0.6485713174581409,0.6573352173100183,1.0,0.003974919790454923,0.001090421166685319,0.006246505115645126,-0.06077663813443997,0.04369178412569492,0.011423261993863554,-68.50071747811049,True
1,stress,10056,fast_nmpc_1s,85.5,0.1983969126162091,0.04380871835014,3.802010737918247,0.20824799190092952,0.044093498937235624,3.795428816045605,0.27239412624436515,-0.002425947265624978,-0.06338512817382815,0.20239412624436515,0.34239412624436516,-0.08,0.08,-0.07399721362815606,0.046234665615764975,3.8653958660920753,held,0.0,False,2339.61328820496,0.002071931735621785,0.0,False,False,1.0,10,0.0,1171.4294536301913,0.04002401981831138,0.6487841825314473,-0.35000000980814794,-0.35000000994341535,-0.350000009918408,-0.35,0.0,False,False,60492.23077392578,4186.186524251644,14.187191639848015,0.0001381113602267471,1210.1426225748235,0.9303608946512464,0.8454174308359381,1.2293875720674339,0.6485713174581409,0.6573352173100183,1.0,0.003974919790454923,0.001090421166685319,0.006246505115645126,-0.06077663813443997,0.04369178412569492,0.011423261993863554,-68.50071747811049,True
1,stress,10056,fast_nmpc_1s,86.0,0.19847897837096531,0.04383213978107158,3.823920953050623,0.1927486226720459,0.04397946578785264,3.826662499220572,0.2718548084147258,-0.002423757324218734,-0.06459757812499999,0.2018548084147258,0.3418548084147258,-0.08,0.08,-0.0733758300437605,0.046255897105290315,3.888518531175623,Solve_Succeeded,0.03146620804909617,False,3720.8789367402205,0.009106185742679906,0.0,True,False,1.0,10,0.0,1208.6243851462725,0.04035099433311504,0.651185392039422,-0.35000000963205,-0.35000000980814794,-0.35000000985967955,-0.35,0.0,False,False,60310.36328125,4171.021348494046,14.13579611471348,0.00014212955789423716,1236.343741852314,0.9303608946512464,0.8454174308359381,1.2293875720674339,0.6485713174581409,0.6573352173100183,1.0,0.003974919790454923,0.001090421166685319,0.006246505115645126,-0.06077663813443997,0.04369178412569492,0.011423261993863554,-68.50071747811049,True
1,stress,10056,fast_nmpc_1s,86.5,0.19856376455961422,0.043856304721177256,3.8458430648083604,0.20118790630048775,0.04530799502875416,3.8522279943117295,0.2712996425385049,-0.0024213769531249985,-0.06580888549804688,0.2012996425385049,0.3412996425385049,-0.08,0.08,-0.0727358779788907,0.046277681674302254,3.9116519503064073,held,0.0,False,3720.8789367402205,0.009106185742679906,0.0,True,False,1.0,10,0.0,1246.774239974714,0.04067722998535196,0.6535874880478271,-0.35000000963205,-0.35000000980814794,-0.35000000983223195,-0.35,0.0,False,False,60128.66717529297,4155.887380022547,14.084506352603574,0.0001462607076964779,1263.0635872698892,0.9303608946512464,0.8454174308359381,1.2293875720674339,0.6485713174581409,0.6573352173100183,1.0,0.003974919790454923,0.001090421166685319,0.006246505115645126,-0.06077663813443997,0.04369178412569492,0.011423261993863554,-68.50071747811049,True
1,stress,10056,fast_nmpc_1s,87.0,0.19865134444456906,0.043881232249570655,3.8677774497174435,0.20778998431350512,0.04185377339103819,3.874342679942591,0.2707288927498122,-0.0024188061523437443,-0.06701895507812498,0.2007288927498122,0.3407288927498122,-0.08,0.08,-0.07207754830524316,0.0463000384019144,3.9347964047955686,Solve_Succeeded,0.02751354203792289,False,2256.765870227388,0.0,0.0,False,False,1.0,10,0.0,1285.896146712643,0.04100268031141316,0.6559902720935179,-0.3500000084172095,-0.35000000963205,-0.35000000972560785,-0.35,0.0,False,False,59947.15673828125,4140.785665068743,14.033325899248526,0.00015050752720259427,1290.3090018904156,0.9303608946512464,0.8454174308359381,1.2293875720674339,0.6485713174581409,0.6573352173100183,1.0,0.003974919790454923,0.001090421166685319,0.006246505115645126,-0.06077663813443997,0.04369178412569492,0.011423261993863554,-68.50071747811049,True
1,stress,10056,fast_nmpc_1s,87.5,0.19874179277285087,0.04390694178708143,3.8897244939289144,0.1947224901794925,0.04410087308201805,3.890219128265894,0.27014282318275734,-0.0024160449218750546,-0.06822769165039062,0.20014282318275733,0.34014282318275735,-0.08,0.08,-0.07140103040990647,0.04632298670895649,3.957952185579305,held,0.0,False,2256.765870227388,0.0,0.0,False,False,1.0,10,0.0,1326.0071981160784,0.041327298377575025,0.6583935446126042,-0.3500000084172095,-0.35000000963205,-0.3500000096757756,-0.35,0.0,False,False,59765.846252441406,4125.717247578832,13.982258292633263,0.00015487277390880837,1318.0867753614416,0.9303608946512464,0.8454174308359381,1.2293875720674339,0.6485713174581409,0.6573352173100183,1.0,0.003974919790454923,0.001090421166685319,0.006246505115645126,-0.06077663813443997,0.04369178412569492,0.011423261993863554,-68.50071747811049,True
1,stress,10056,fast_nmpc_1s,88.0,0.19883518578306145,0.04393345309550761,3.9116845933895457,0.19605208336806612,0.04411464083477596,3.904464906268741,0.26954169797145006,-0.002413093261718763,-0.06943500000000004,0.19954169797145005,0.33954169797145006,-0.08,0.08,-0.07070651218838861,0.046346546357226376,3.9811195933895456,Solve_Succeeded,0.03105387499090284,False,2419.6193019757957,0.003489614603383928,0.0,False,False,1.0,10,0.0,1367.1244318377937,0.04165103677979892,0.6607971049458362,-0.35000000700473727,-0.3500000084172095,-0.350000009005418,-0.35,0.0,False,False,59584.75,4110.6831692354335,13.931307063071314,0.00015935924445304627,1346.4036367601614,0.9303608946512464,0.8454174308359381,1.2293875720674339,0.6485713174581409,0.6573352173100183,1.0,0.003974919790454923,0.001090421166685319,0.006246505115645126,-0.06077663813443997,0.04369178412569492,0.011423261993863554,-68.50071747811049,False
1,stress,10056,fast_nmpc_1s,88.5,0.19893160121118275,0.043960786276482026,3.9336581540120448,0.19605462295439038,0.04439035411546873,3.9423120551329442,0.26892578125000005,-0.00240995117187498,-0.07064078491210939,0.19892578125000004,0.33892578125000006,-0.08,0.08,-0.0699941800388173,0.046370737448357006,4.004298938924154,held,0.0,False,2419.6193019757957,0.003489614603383928,0.0,False,False,1.0,10,0.0,1409.2648103459858,0.04197384764385889,0.6632007513442304,-0.35000000700473727,-0.3500000084172095,-0.350000008692117,-0.35,0.0,False,False,59403.882263183594,4095.6844694790416,13.880475733277544,0.00016396977373705682,1375.2662472217846,0.9303608946512464,0.8454174308359381,1.2293875720674339,0.6485713174581409,0.6573352173100183,1.0,0.003974919790454923,0.001090421166685319,0.006246505115645126,-0.06077663813443997,0.04369178412569492,0.011423261993863554,-68.50071747811049,False
1,stress,10056,fast_nmpc_1s,89.0,0.19903111829513873,0.04398896176993654,3.9556455918445903,0.1996504266381452,0.045048898918540116,3.956843835721411,0.2682953371525169,-0.0024066186523437616,-0.07184495117187502,0.1982953371525169,0.3382953371525169,-0.08,0.08,-0.06926421885737818,0.0463955804222803,4.027490543016465,Solve_Succeeded,0.030174750019796193,False,2291.7465807745407,0.0,0.0,False,False,1.0,10,0.0,1452.4452000170809,0.04229568262581187,0.6656042809749362,-0.3500000078850629,-0.35000000700473727,-0.35000000779335777,-0.35,0.0,False,False,59223.25732421875,4080.722185529149,13.829767818439732,0.0001687072339522067,1404.6811923517334,0.9303608946512464,0.8454174308359381,1.2293875720674339,0.6485713174581409,0.6573352173100183,1.0,0.003974919790454923,0.001090421166685319,0.006246505115645126,-0.06077663813443997,0.04369178412569492,0.011423261993863554,-68.50071747811049,False
1,stress,10056,fast_nmpc_1s,89.5,0.19913381777805378,0.044018000352147514,3.977647333239494,0.2029943324470496,0.042448232846368505,3.983670011570445,0.2676506298131105,-0.0024030957031249967,-0.07304740356445315,0.1976506298131105,0.3376506298131105,-0.08,0.08,-0.06851681203505672,0.04642109605527251,4.050694736803947,held,0.0,False,2291.7465807745407,0.0,0.0,False,False,1.0,10,0.0,1496.6823493973345,0.04261649291282488,0.6680074899273395,-0.3500000078850629,-0.35000000700473727,-0.3500000073733101,-0.35,0.0,False,False,59042.88946533203,4065.797352405041,13.779186826289047,0.00017357453350507713,1434.6549744224212,0.9303608946512464,0.8454174308359381,1.2293875720674339,0.6485713174581409,0.6573352173100183,1.0,0.003974919790454923,0.001090421166685319,0.006246505115645126,-0.06077663813443997,0.04369178412569492,0.011423261993863554,-68.50071747811049,False
1,stress,10056,fast_nmpc_1s,90.0,0.19923978191014163,0.044047923133345955,3.99966381502078,0.19356690978113042,0.043071810050740726,4.011070106632928,0.26699192336589034,-0.0023993823242187684,-0.07424804687500001,0.19699192336589033,0.33699192336589034,-0.08,0.08,-0.0677521414557487,0.04644730545756472,4.07391186189578,Solve_Succeeded,0.03196845797356218,False,2525.9643182741706,0.0034250135847599117,0.0,False,False,1.0,10,0.0,1541.9928666293135,0.042936229224373984,0.6704101732194035,-0.3500000075375452,-0.3500000078850629,-0.35000000764588807,-0.35,0.0,False,False,58862.79296875,4050.911002946254,13.728736257169384,0.00017857461583894703,1465.1940043557352,0.9303608946512464,0.8454174308359381,1.2293875720674339,0.6485713174581409,0.6573352173100183,1.0,0.003974919790454923,0.001090421166685319,0.006246505115645126,-0.06077663813443997,0.04369178412569492,0.011423261993863554,-68.50071747811049,False
1,stress,10056,fast_nmpc_1s,90.5,0.19934909444915672,0.044078751554875596,4.021695484650454,0.19960457830482625,0.043818362947193164,4.012949918589929,0.2663194819449662,-0.002395478515624966,-0.07544678588867192,0.19631948194496618,0.3363194819449662,-0.08,0.08,-0.06697038749580947,0.04647423007050056,4.097142270539126,held,0.0,False,2525.9643182741706,0.0034250135847599117,0.0,False,False,1.0,10,0.0,1588.3931960408188,0.043254841813829915,0.6728121248042477,-0.3500000075375452,-0.3500000078850629,-0.3500000077732812,-0.35,0.0,False,False,58682.98211669921,4036.0641678327297,13.678419604105663,0.00018371045814721568,1496.3045934926854,0.9303608946512464,0.8454174308359381,1.2293875720674339,0.6485713174581409,0.6573352173100183,1.0,0.003974919790454923,0.001090421166685319,0.006246505115645126,-0.06077663813443997,0.04369178412569492,0.011423261993863554,-68.50071747811049,False
1,stress,10056,fast_nmpc_1s,91.0,0.1994618406593402,0.04411050738588231,4.043742800393234,0.20098154102844967,0.04314787143812993,4.031591529592768,0.26563356968444785,-0.0023913842773437277,-0.07664352539062498,0.19563356968444784,0.33563356968444785,-0.08,0.08,-0.06617172902510765,0.04650189166322604,4.120386325783859,Solve_Succeeded,0.02823362499475479,False,2362.8072433147286,0.0,0.0,False,False,1.0,10,0.0,1635.8995938954365,0.04357228047044499,0.6752131375769588,-0.3500000083228526,-0.3500000075375452,-0.3500000076477197,-0.35,0.0,False,False,58503.47119140625,4021.257875604648,13.628240352871046,0.00018898506997479806,1527.9929451521139,0.9303608946512464,0.8454174308359381,1.2293875720674339,0.6485713174581409,0.6573352173100183,1.0,0.003974919790454923,0.001090421166685319,0.006246505115645126,-0.06077663813443997,0.04369178412569492,0.011423261993863554,-68.50071747811049,False
1,stress,10056,fast_nmpc_1s,91.5,0.19957810730879116,0.04414321271951803,4.065806231479508,0.19336534239446554,0.04583415843358574,4.0781860212004934,0.2649344507184448,-0.0023870996093749985,-0.07783817016601564,0.19493445071844479,0.3349344507184448,-0.08,0.08,-0.06535634340965363,0.04653031232889303,4.143644401645523,held,0.0,False,2362.8072433147286,0.0,0.0,False,False,1.0,10,0.0,1684.5281033055824,0.04388849452175673,0.6776130033816398,-0.3500000083228526,-0.3500000075375452,-0.35000000758903677,-0.35,0.0,False,False,58324.274475097656,4006.4931526819596,13.57820198205314,0.0001944014917035083,1560.2651459807248,0.9303608946512464,0.8454174308359381,1.2293875720674339,0.6485713174581409,0.6573352173100183,1.0,0.003974919790454923,0.001090421166685319,0.006246505115645126,-0.06077663813443997,0.04369178412569492,0.011423261993863554,-68.50071747811049,False
1,stress,10056,fast_nmpc_1s,92.0,0.19969798266519337,0.0441768899686425,4.08788625826626,0.19961155211936232,0.0415189743229862,4.088373520848198,0.2642223891810669,-0.002382624511718723,-0.07903062499999998,0.19422238918106688,0.3342223891810669,-0.08,0.08,-0.06452440651587352,0.046559514480361226,4.16691688326626,Solve_Succeeded,0.02781387499999255,False,2434.698255472125,0.0,0.0,False,False,1.0,10,0.0,1734.2945283106196,0.04420343283642307,0.6800115130186897,-0.3500000085592396,-0.3500000083228526,-0.3500000079798935,-0.35,0.0,False,False,58145.40625,3991.771023383624,13.528307963119177,0.0001999627929174339,1593.1271570970769,0.9303608946512464,0.8454174308359381,1.2293875720674339,0.6485713174581409,0.6573352173100183,1.0,0.003974919790454923,0.001090421166685319,0.006246505115645126,-0.06077663813443997,0.04369178412569492,0.011423261993863554,-68.50071747811049,False
1,stress,10056,fast_nmpc_1s,92.5,0.19982155648982675,0.044211561861006235,4.109983372395728,0.20147861849492044,0.045400175401163874,4.109817458393211,0.26349764920642377,-0.0023779589843750393,-0.08022079467773437,0.19349764920642376,0.3334976492064238,-0.08,0.08,-0.06367609271659702,0.046589520845381274,4.190204167073462,held,0.0,False,2434.698255472125,0.0,0.0,False,False,1.0,10,0.0,1785.21440712458,0.04451704382750445,0.6824084562523166,-0.3500000085592396,-0.3500000083228526,-0.3500000081625659,-0.35,0.0,False,False,57966.880798339844,3977.092509946549,13.478561760480225,0.00020567207064431573,1626.58480503268,0.9303608946512464,0.8454174308359381,1.2293875720674339,0.6485713174581409,0.6573352173100183,1.0,0.003974919790454923,0.001090421166685319,0.006246505115645126,-0.06077663813443997,0.04369178412569492,0.011423261993863554,-68.50071747811049,False
1,stress,10056,fast_nmpc_1s,93.0,0.19994892002979303,0.04424725143389803,4.132098076951514,0.1903004323182784,0.04321802283949154,4.126072756079315,0.26276049492862513,-0.0023731030273437537,-0.08140858398437502,0.19276049492862513,0.33276049492862514,-0.08,0.08,-0.0628115748988321,0.046620354461241784,4.213506660935889,Solve_Succeeded,0.029766333987936378,False,2528.254667620861,0.0024600626103467305,0.0,False,False,1.0,10,0.0,1837.3029845598853,0.044829275456207816,0.6848036218182828,-0.35000000823251337,-0.3500000085592396,-0.3500000083738486,-0.35,0.0,False,False,57788.71240234375,3962.4586325442483,13.428966831554407,0.00021153244746894843,1660.6437724736913,0.9303608946512464,0.8454174308359381,1.2293875720674339,0.6485713174581409,0.6573352173100183,1.0,0.003974919790454923,0.001090421166685319,0.006246505115645126,-0.06077663813443997,0.04369178412569492,0.011423261993863554,-68.50071747811049,False
1,stress,10056,fast_nmpc_1s,93.5,0.2000801660083838,0.044283982028240736,4.154230886611874,0.19941098253828177,0.04470146839298927,4.1536001600885735,0.2620111904817807,-0.0023680566406250325,-0.08259389770507812,0.19201119048178067,0.3320111904817807,-0.08,0.08,-0.06193102447339688,0.04665203866886577,4.236824784316952,held,0.0,False,2528.254667620861,0.0024600626103467305,0.0,False,False,1.0,10,0.0,1890.5751836355503,0.04514007523610812,0.6871967974318803,-0.35000000823251337,-0.3500000085592396,-0.3500000084725945,-0.35,0.0,False,False,57610.91534423828,3947.870409305223,13.379526626829191,0.00021754706951464218,1695.3095888071964,0.9303608946512464,0.8454174308359381,1.2293875720674339,0.6485713174581409,0.6573352173100183,1.0,0.003974919790454923,0.001090421166685319,0.006246505115645126,-0.06077663813443997,0.04369178412569492,0.011423261993863554,-68.50071747811049,False
1,stress,10056,fast_nmpc_1s,94.0,0.20021538861351948,0.04432177728211894,4.176382327799928,0.19569879167983234,0.04553933753030642,4.166880278465289,0.26125000000000004,-0.002362819824218737,-0.08377664062500005,0.19125000000000003,0.33125000000000004,-0.08,0.08,-0.06103461138648056,0.046684597106337676,4.260158968424928,Solve_Succeeded,0.028232500015292317,False,2452.052512980299,0.0,0.0,False,False,1.0,10,0.0,1945.045576380417,0.04544939023786185,0.6895877697961353,-0.3500000077914405,-0.35000000823251337,-0.3500000083447186,-0.35,0.0,False,False,57433.50390625,3933.3288563310607,13.330244589922744,0.00022371910428881707,1730.5876204764895,0.9303608946512464,0.8454174308359381,1.2293875720674339,0.6485713174581409,0.6573352173100183,1.0,0.003974919790454923,0.001090421166685319,0.006246505115645126,-0.06077663813443997,0.04369178412569492,0.011423261993863554,-68.50071747811049,False
1,stress,10056,fast_nmpc_1s,94.5,0.2003546834841872,0.04436066112372255,4.198552938830475,0.19580773955329125,0.04361297644667672,4.198076910204304,0.26047718761739297,-0.0023573925781249505,-0.08495671752929686,0.19047718761739296,0.330477187617393,-0.08,0.08,-0.06012250413320577,0.0467180537018475,4.283509656359771,held,0.0,False,2452.052512980299,0.0,0.0,False,False,1.0,10,0.0,2000.7283538442387,0.04575716709442856,0.691976324610243,-0.3500000077914405,-0.35000000823251337,-0.3500000082849541,-0.35,0.0,False,False,57256.49237060547,3918.834987714277,13.281124157644383,0.00023005173838884025,1766.4830611502416,0.9303608946512464,0.8454174308359381,1.2293875720674339,0.6485713174581409,0.6573352173100183,1.0,0.003974919790454923,0.001090421166685319,0.006246505115645126,-0.06077663813443997,0.04369178412569492,0.011423261993863554,-68.50071747811049,False
1,stress,10056,fast_nmpc_1s,95.0,0.20049814769480565,0.0444006577636905,4.220743270053136,0.19561527455114983,0.04388979252239336,4.22947558076579,0.25969301746806916,-0.0023517749023438117,-0.086134033203125,0.18969301746806916,0.32969301746806917,-0.08,0.08,-0.05919486977326352,0.046752432666034315,4.306877303256261,Solve_Succeeded,0.027788457984570414,False,2521.2213092690886,0.0,0.0,False,False,1.0,10,0.0,2057.6372953316695,0.046063352006814454,0.6943622465782294,-0.3500000082054151,-0.3500000077914405,-0.35000000802209097,-0.35,0.0,False,False,57079.89501953125,3904.3898155558845,13.232168760054128,0.00023654817506427864,1803.0009217109416,0.9303608946512464,0.8454174308359381,1.2293875720674339,0.6485713174581409,0.6573352173100183,1.0,0.003974919790454923,0.001090421166685319,0.006246505115645126,-0.06077663813443997,0.04369178412569492,0.011423261993863554,-68.50071747811049,False
1,stress,10056,fast_nmpc_1s,95.5,0.2006458797374452,0.04444179168683915,4.242953883991513,0.19509833484003727,0.043603239609325946,4.239881034520922,0.25889775368613827,-0.0023459667968750153,-0.08730849243164067,0.18889775368613826,0.32889775368613827,-0.08,0.08,-0.05825187394869308,0.046787758483714165,4.330262376423153,held,0.0,False,2521.2213092690886,0.0,0.0,False,False,1.0,10,0.0,2115.7857368766036,0.04636789075035413,0.6967453194178412,-0.3500000082054151,-0.3500000077914405,-0.35000000789923824,-0.35,0.0,False,False,56903.726135253906,3889.99434998271,13.183381820521381,0.0002432116316317936,1840.1460200684103,0.9303608946512464,0.8454174308359381,1.2293875720674339,0.6485713174581409,0.6573352173100183,1.0,0.003974919790454923,0.001090421166685319,0.006246505115645126,-0.06077663813443997,0.04369178412569492,0.011423261993863554,-68.50071747811049,False
1,stress,10056,fast_nmpc_1s,96.0,0.20079797950183154,0.04448408764326016,4.265185355478056,0.19617066347820786,0.04393946021042303,4.263553785537583,0.25809166040571,-0.0023399682617187,-0.08848000000000002,0.18809166040571001,0.32809166040571003,-0.08,0.08,-0.057293680903878486,0.04682405590497886,4.353665355478055,Solve_Succeeded,0.027563166979234666,False,2542.8041247659207,0.0,0.0,False,False,1.0,10,0.0,2175.1865389767568,0.04667072868154386,0.6991253258696613,-0.3500000082039945,-0.3500000082054151,-0.35000000806231907,-0.35,0.0,False,False,56728.0,3875.649599164461,13.134766755782778,0.0002500453367389977,1877.9229708047706,0.9303608946512464,0.8454174308359381,1.2293875720674339,0.6485713174581409,0.6573352173100183,1.0,0.003974919790454923,0.001090421166685319,0.006246505115645126,-0.06077663813443997,0.04369178412569492,0.011423261993863554,-68.50071747811049,False
1,stress,10056,fast_nmpc_1s,96.5,0.20095454825306194,0.04452757063877328,4.287438271784316,0.19494356418923195,0.04324750389733773,4.283349789584931,0.2572750017608941,-0.002333779296874977,-0.08964846069335937,0.18727500176089407,0.3272750017608941,-0.08,0.08,-0.05632045350783213,0.04686134993564826,4.377086732477675,held,0.0,False,2542.8041247659207,0.0,0.0,False,False,1.0,10,0.0,2235.852053610908,0.04697181074544237,0.7015020477064505,-0.3500000082039945,-0.3500000082054151,-0.35000000813853716,-0.35,0.0,False,False,56552.730895996094,3861.356569330537,13.086326975999148,0.00025705252747367587,1916.3361746576638,0.9303608946512464,0.8454174308359381,1.2293875720674339,0.6485713174581409,0.6573352173100183,1.0,0.003974919790454923,0.001090421166685319,0.006246505115645126,-0.06077663813443997,0.04369178412569492,0.011423261993863554,-68.50071747811049,False
1,stress,10056,fast_nmpc_1s,97.0,0.20111568860696294,0.044572265924719655,4.309713232746262,0.20000376842825032,0.04327140624740034,4.30885743964046,0.25644804188580017,-0.002327399902343763,-0.090813779296875,0.18644804188580016,0.3264480418858002,-0.08,0.08,-0.05533235327883723,0.04689966582706342,4.400527012043137,Solve_Succeeded,0.027656166988890618,False,2573.6941711121895,0.0,0.0,False,False,1.0,10,0.0,2297.7940905638084,0.04727108148365222,0.703875265742714,-0.3500000083962442,-0.3500000082039945,-0.3500000081734021,-0.35,0.0,False,False,56377.93310546875,3847.116264786609,13.038065884811717,0.0002642364463148888,1955.389807849091,0.9303608946512464,0.8454174308359381,1.2293875720674339,0.6485713174581409,0.6573352173100183,1.0,0.003974919790454923,0.001090421166685319,0.006246505115645126,-0.06077663813443997,0.04369178412569492,0.011423261993863554,-68.50071747811049,False
1,stress,10056,fast_nmpc_1s,97.5,0.20128150450302026,0.044618198987081956,4.332010850884323,0.20214571096246586,0.043660846677584984,4.341304882011353,0.25561104491453795,-0.00232083007812503,-0.09197586059570313,0.18561104491453795,0.32561104491453796,-0.08,0.08,-0.05432954041151769,0.046939029065206986,4.423986711480026,held,0.0,False,2573.6941711121895,0.0,0.0,False,False,1.0,10,0.0,2361.02388308643,0.04756848504289703,0.7062447598444915,-0.3500000083962442,-0.3500000082039945,-0.35000000818969673,-0.35,0.0,False,False,56203.62091064453,3832.929687930953,12.989986879397451,0.00027160033792259257,1995.0878112676708,0.9303608946512464,0.8454174308359381,1.2293875720674339,0.6485713174581409,0.6573352173100183,1.0,0.003974919790454923,0.001090421166685319,0.006246505115645126,-0.06077663813443997,0.04369178412569492,0.011423261993863554,-68.50071747811049,False
1,stress,10056,fast_nmpc_1s,98.0,0.20145210117481138,0.044665395534918155,4.354331751517822,0.19941473391152223,0.04445977059055973,4.353856286270683,0.2547642749812171,-0.0023140698242187507,-0.09313460937500002,0.1847642749812171,0.3247642749812171,-0.08,0.08,-0.05331217380640574,0.046979465359136906,4.447466360892823,Solve_Succeeded,0.027454250026494265,False,2601.733108148803,0.0,0.0,False,False,1.0,10,0.0,2425.552052921987,0.04786396518420723,0.708610308939371,-0.3500000080452203,-0.3500000083962442,-0.35000000829971134,-0.35,0.0,False,False,56029.80859375,3818.7978392705595,12.942093350523658,0.0002791474457625545,2035.4338795127435,0.9303608946512464,0.8454174308359381,1.2293875720674339,0.6485713174581409,0.6573352173100183,1.0,0.003974919790454923,0.001090421166685319,0.006246505115645126,-0.06077663813443997,0.04369178412569492,0.011423261993863554,-68.50071747811049,False
1,stress,10056,fast_nmpc_1s,98.5,0.20162758511787318,0.04471388148809633,4.376676572873448,0.20472307527413047,0.04452439212463228,4.379768952053451,0.2539079962199474,-0.0023071191406249802,-0.09428993041992188,0.1839079962199474,0.3239079962199474,-0.08,0.08,-0.05228041110207424,0.04702100062872131,4.47096650329337,held,0.0,False,2601.733108148803,0.0,0.0,False,False,1.0,10,0.0,2491.3885747308605,0.04815746529272862,0.7109716910267249,-0.3500000080452203,-0.3500000083962442,-0.3500000083511282,-0.35,0.0,False,False,55856.51043701172,3804.721717437004,12.89438868260177,0.00028688100856349036,2076.4314498091207,0.9303608946512464,0.8454174308359381,1.2293875720674339,0.6485713174581409,0.6573352173100183,1.0,0.003974919790454923,0.001090421166685319,0.006246505115645126,-0.06077663813443997,0.04369178412569492,0.011423261993863554,-68.50071747811049,False
1,stress,10056,fast_nmpc_1s,99.0,0.20180806405493784,0.044763682964318624,4.399045966187421,0.19621284068932907,0.04451786765184316,4.400818224094748,0.2530424727648385,-0.0022999780273437465,-0.095441728515625,0.18304247276483848,0.3230424727648385,-0.08,0.08,-0.05123440870990065,0.04706366099166237,4.494487694703046,Solve_Succeeded,0.02757295803166926,False,2649.6498475263857,0.0,0.0,False,False,1.0,10,0.0,2558.5427399505493,0.04844892838816647,0.7133286831881679,-0.3500000079286927,-0.3500000080452203,-0.35000000818819066,-0.35,0.0,False,False,55683.74072265625,3790.7023192021034,12.846876253740414,0.0002948042566035292,2118.08369080195,0.9303608946512464,0.8454174308359381,1.2293875720674339,0.6485713174581409,0.6573352173100183,1.0,0.003974919790454923,0.001090421166685319,0.006246505115645126,-0.06077663813443997,0.04369178412569492,0.011423261993863554,-68.50071747811049,False
1,stress,10056,fast_nmpc_1s,99.5,0.20199364689847205,0.04481482626542311,4.421440595800988,0.20852785569260268,0.04323180330993663,4.420569279760714,0.25216796875,-0.002292646484374994,-0.09658990844726563,0.18216796875000002,0.32216796875000003,-0.08,0.08,-0.05017432185152798,0.0471074727497981,4.518030504248253,held,0.0,False,2649.6498475263857,0.0,0.0,False,False,1.0,10,0.0,2627.023120129508,0.048738297135877386,0.7156810615982359,-0.3500000079286927,-0.3500000080452203,-0.3500000081120395,-0.35,0.0,False,False,55511.513732910156,3776.7406394933505,12.7995594357977,0.00030292040782329356,2160.3934912415784,0.9303608946512464,0.8454174308359381,1.2293875720674339,0.6485713174581409,0.6573352173100183,1.0,0.003974919790454923,0.001090421166685319,0.006246505115645126,-0.06077663813443997,0.04369178412569492,0.011423261993863554,-68.50071747811049,False
1,stress,10056,fast_nmpc_1s,100.0,0.20218444371045574,0.044867337862953265,4.4438611392488845,0.1983112966867112,0.04219217838298236,4.4476124440375235,0.25128474830954173,-0.00228512451171875,-0.097734375,0.18128474830954172,0.32128474830954173,-0.08,0.08,-0.04910030459908599,0.047152462374672015,4.541595514248884,Solve_Succeeded,0.02750583301531151,False,2701.6728918419303,0.0,0.0,False,False,1.0,10,0.0,2696.837529776737,0.04902551385862181,0.7180286015352851,-0.35000000857247077,-0.3500000079286927,-0.3500000080143824,-0.35,0.0,False,False,55339.84375,3762.837671409129,12.752441594432808,0.0003112326637630906,2203.3634485688412,0.9303608946512464,0.8454174308359381,1.2293875720674339,0.6485713174581409,0.6573352173100183,1.0,0.003974919790454923,0.001090421166685319,0.006246505115645126,-0.06077663813443997,0.04369178412569492,0.011423261993863554,-68.50071747811049,False
1,stress,10056,fast_nmpc_1s,100.5,0.2023805656593391,0.0449212443829854,4.466308287340398,0.20558846960788035,0.0466394576381289,4.462110757121876,0.2503930755775733,-0.0022774121093749877,-0.09887503295898438,0.18039307557757328,0.3203930755775733,-0.08,0.08,-0.04801250991823419,0.04719865649236039,4.565183320299383,held,0.0,False,2701.6728918419303,0.0,0.0,False,False,1.0,10,0.0,2767.99298877205,0.04931052054898825,0.7203710773926116,-0.35000000857247077,-0.3500000079286927,-0.350000007968741,-0.35,0.0,False,False,55168.745056152344,3748.9944062337245,12.705526089156843,0.00031974420532194375,2246.9958574118173,0.9303608946512464,0.8454174308359381,1.2293875720674339,0.6485713174581409,0.6573352173100183,1.0,0.003974919790454923,0.001090421166685319,0.006246505115645126,-0.06077663813443997,0.04369178412569492,0.011423261993863554,-68.50071747811049,False
1,stress,10056,fast_nmpc_1s,101.0,0.20258212497411807,0.04497657259020543,4.488782744232657,0.20957596635844045,0.04627817463893286,4.48113771101605,0.2494932146882044,-0.002269509277343762,-0.10001178710937499,0.1794932146882044,0.3194932146882044,-0.08,0.08,-0.046911089714086335,0.047246081867549194,4.588794531342033,Solve_Succeeded,0.02735329105053097,False,2681.4827222815484,0.0,0.0,False,False,1.0,10,0.0,2840.4956843847067,0.04959325888250012,0.7227082626897876,-0.35000000516843066,-0.35000000857247077,-0.3500000082903092,-0.35,0.0,False,False,54998.23193359375,3735.2118334521238,12.658816273383003,0.00032845818833642177,2291.2926980054467,0.9303608946512464,0.8454174308359381,1.2293875720674339,0.6485713174581409,0.6573352173100183,1.0,0.003974919790454923,0.001090421166685319,0.006246505115645126,-0.06077663813443997,0.04369178412569492,0.011423261993863554,-68.50071747811049,False
1,stress,10056,fast_nmpc_1s,101.5,0.2027892348954715,0.04503334937122732,4.511285227495766,0.2081145990903598,0.0430351338474802,4.5057305903665545,0.24858542977554474,-0.0022614160156250174,-0.10114454223632814,0.17858542977554473,0.3185854297755447,-0.08,0.08,-0.04579619488007325,0.04729476538685234,4.612429769732095,held,0.0,False,2681.4827222815484,0.0,0.0,False,False,1.0,10,0.0,2914.3509329513813,0.04987367023141631,0.7250399300842185,-0.35000000516843066,-0.35000000857247077,-0.3500000084405986,-0.35,0.0,False,False,54828.31866455078,3721.4909407646123,12.612315494476045,0.00033737773897750254,2336.255624546065,0.9303608946512464,0.8454174308359381,1.2293875720674339,0.6485713174581409,0.6573352173100183,1.0,0.003974919790454923,0.001090421166685319,0.006246505115645126,-0.06077663813443997,0.04369178412569492,0.011423261993863554,-68.50071747811049,False
1,stress,10056,fast_nmpc_1s,102.0,0.20300200962390494,0.04509160171714645,4.53381646816941,0.20940480908134476,0.04541814633473534,4.5281415297965175,0.24766998497370402,-0.0022531323242187262,-0.102273203125,0.177669984973704,0.317669984973704,-0.08,0.08,-0.04466797534979908,0.047344734041365175,4.6360896712944095,Solve_Succeeded,0.027445665968116373,False,2728.121870048579,0.0,0.0,False,False,1.0,10,0.0,2989.563141267304,0.05015169567923416,0.7273658513829152,-0.35000000613885385,-0.35000000516843066,-0.35000000669772413,-0.35,0.0,False,False,54659.01953125,3707.8327141011764,12.566027093801093,0.0003465059489639871,2381.8859534933854,0.9303608946512464,0.8454174308359381,1.2293875720674339,0.6485713174581409,0.6573352173100183,1.0,0.003974919790454923,0.001090421166685319,0.006246505115645126,-0.06077663813443997,0.04369178412569492,0.011423261993863554,-68.50071747811049,False
1,stress,10056,fast_nmpc_1s,102.5,0.2032205642648499,0.045151356705322436,4.556377210810543,0.2038882067222905,0.04495142005840355,4.554930722190848,0.2467471444167919,-0.0022446582031250273,-0.10339767456054687,0.1767471444167919,0.3167471444167919,-0.08,0.08,-0.043526580151941996,0.04739601490844746,4.65977488537109,held,0.0,False,2728.121870048579,0.0,0.0,False,False,1.0,10,0.0,3066.135767747527,0.05042727603590504,0.7296857975544854,-0.35000000613885385,-0.35000000516843066,-0.3500000058831674,-0.35,0.0,False,False,54490.34881591797,3694.2381376357025,12.519954406771761,0.0003558458705912801,2428.1846518329166,0.9303608946512464,0.8454174308359381,1.2293875720674339,0.6485713174581409,0.6573352173100183,1.0,0.003974919790454923,0.001090421166685319,0.006246505115645126,-0.06077663813443997,0.04369178412569492,0.011423261993863554,-68.50071747811049,False
1,stress,10056,fast_nmpc_1s,103.0,0.20344501477066904,0.04521264148038687,4.578968213531777,0.2111412185791792,0.045392560973677706,4.588772838068844,0.24581717223891814,-0.0022359936523437263,-0.10451786132812503,0.17581717223891813,0.31581717223891814,-0.08,0.08,-0.0423721574682491,0.04744863513273059,4.683486074859902,Solve_Succeeded,0.02751049998914823,False,2785.1264382397508,0.0,0.0,False,False,1.0,10,0.0,3144.071283418221,0.050700351853769636,0.7319995387413384,-0.35000000447215573,-0.35000000613885385,-0.3500000060193552,-0.35,0.0,False,False,54322.32080078125,3680.708193799991,12.474100762897656,0.0003654005115746833,2475.1523253123637,0.9303608946512464,0.8454174308359381,1.2293875720674339,0.6485713174581409,0.6573352173100183,1.0,0.003974919790454923,0.001090421166685319,0.006246505115645126,-0.06077663813443997,0.04369178412569492,0.011423261993863554,-68.50071747811049,False
1,stress,10056,fast_nmpc_1s,103.5,0.2036754778795223,0.04527548323447273,4.6015902480300745,0.19719847872026744,0.04630480019175645,4.605858353462343,0.24488033257419237,-0.0022271386718749897,-0.1056336682128906,0.17488033257419236,0.31488033257419235,-0.08,0.08,-0.04120485469467006,0.04750262190634772,4.707223916242965,held,0.0,False,2785.1264382397508,0.0,0.0,False,False,1.0,10,0.0,3223.3711328010622,0.05097086344422123,0.7343068442721085,-0.35000000447215573,-0.35000000613885385,-0.35000000608300447,-0.35,0.0,False,False,54154.949768066406,3667.243863297581,12.428469485831211,0.0003751728297066968,2522.7892066660447,0.9303608946512464,0.8454174308359381,1.2293875720674339,0.6485713174581409,0.6573352173100183,1.0,0.003974919790454923,0.001090421166685319,0.006246505115645126,-0.06077663813443997,0.04369178412569492,0.011423261993863554,-68.50071747811049,False
1,stress,10056,fast_nmpc_1s,104.0,0.20391207105105205,0.04533990918666362,4.624244099605364,0.19440134078786883,0.04494669300115189,4.620605980933697,0.2439368895567243,-0.00221809326171879,-0.10674500000000002,0.1739368895567243,0.3139368895567243,-0.08,0.08,-0.040024818505672244,0.04755800244838241,4.730989099605364,Solve_Succeeded,0.02757183398352936,False,2847.345068083544,0.0,0.0,False,False,1.0,10,0.0,3304.0356947565883,0.05123875089510285,0.7366074826742901,-0.3500000061334323,-0.35000000447215573,-0.3500000052250084,-0.35,0.0,False,False,53988.25,3653.846125117388,12.383063893413926,0.0003851657273281833,2571.095143841786,0.9303608946512464,0.8454174308359381,1.2293875720674339,0.6485713174581409,0.6573352173100183,1.0,0.003974919790454923,0.001090421166685319,0.006246505115645126,-0.06077663813443997,0.04369178412569492,0.011423261993863554,-68.50071747811049,False
1,stress,10056,fast_nmpc_1s,104.5,0.2041549123988484,0.045405946561662,4.646930567168684,0.20451773762732017,0.044937558044494966,4.646475932378056,0.24298710732062362,-0.002208857421874988,-0.10785176147460938,0.1729871073206236,0.3129871073206236,-0.08,0.08,-0.038832194921775226,0.047614803983536985,4.7547823286432935,held,0.0,False,2847.345068083544,0.0,0.0,False,False,1.0,10,0.0,3386.064243355549,0.05150395408884442,0.7389012216870896,-0.3500000061334323,-0.35000000447215573,-0.35000000482401195,-0.35,0.0,False,False,53822.235778808594,3640.5159565471645,12.337887297721966,0.0003953820456136535,2620.0695882453265,0.9303608946512464,0.8454174308359381,1.2293875720674339,0.6485713174581409,0.6573352173100183,1.0,0.003974919790454923,0.001090421166685319,0.006246505115645126,-0.06077663813443997,0.04369178412569492,0.011423261993863554,-68.50071747811049,False
1,stress,10056,fast_nmpc_1s,105.0,0.2044041206196612,0.0454736225676773,4.669650463239464,0.1988628140222982,0.046636276914595556,4.660398604781972,0.24203125000000003,-0.002199431152343778,-0.10895385742187501,0.17203125000000002,0.31203125000000004,-0.08,0.08,-0.037627129380338825,0.04767305372002108,4.77860432066134,Solve_Succeeded,0.02809475001413375,False,2874.1575972352343,0.0,0.0,False,False,1.0,10,0.0,3469.4549088500594,0.05176641272134416,0.7411878282744888,-0.3499999864694387,-0.3500000061334323,-0.3500000055214564,-0.35,0.0,False,False,53656.92138671875,3627.2543331867764,12.292943005111177,0.00040582455867133483,2669.711583017638,0.9303608946512464,0.8454174308359381,1.2293875720674339,0.6485713174581409,0.6573352173100183,1.0,0.003974919790454923,0.001090421166685319,0.006246505115645126,-0.06077663813443997,0.04369178412569492,0.011423261993863554,-68.50071747811049,False
1,stress,10056,fast_nmpc_1s,105.5,0.20465981491932828,0.04554296437353601,4.692404613931561,0.21120391731296972,0.045562317585737734,4.693774005626949,0.2410695817289632,-0.002189814453124994,-0.11005119262695316,0.1710695817289632,0.3110695817289632,-0.08,0.08,-0.036409766809634925,0.04773277882666101,4.802455806558514,held,0.0,False,2874.1575972352343,0.0,0.0,False,False,1.0,10,0.0,3554.2046388192052,0.052026066321597994,0.7434670686385235,-0.3499999864694387,-0.3500000061334323,-0.3500000058474168,-0.35,0.0,False,False,53492.32110595703,3614.062228961312,12.248234316261492,0.0004164959674591136,2720.019751361,0.9303608946512464,0.8454174308359381,1.2293875720674339,0.6485713174581409,0.6573352173100183,1.0,0.003974919790454923,0.001090421166685319,0.006246505115645126,-0.06077663813443997,0.04369178412569492,0.011423261993863554,-68.50071747811049,False
1,stress,10056,fast_nmpc_1s,106.0,0.20492211493539447,0.04561399908501745,4.715193858927647,0.2113602177959586,0.04527121484336996,4.721329784387892,0.24010236664162288,-0.0021800073242187468,-0.111143671875,0.17010236664162287,0.3101023666416229,-0.08,0.08,-0.035180251706228405,0.047794006409236194,4.826337530802648,Solve_Succeeded,0.027501582982949913,False,2917.2664781554936,0.0,0.0,False,False,1.0,10,0.0,3640.3090780955667,0.052282853123585514,0.7457387082327718,-0.2755628507988707,-0.3499999864694387,-0.3499999955260078,-0.3499999955260078,8.947984353468996e-09,False,False,53328.44921875,3600.9406161340166,12.20376452622078,0.0004273988935179239,2770.992284930248,0.9303608946512464,0.8454174308359381,1.2293875720674339,0.6485713174581409,0.6573352173100183,1.0,0.003974919790454923,0.001090421166685319,0.006246505115645126,-0.06077663813443997,0.04369178412569492,0.011423261993863554,-68.50071747811049,False
1,stress,10056,fast_nmpc_1s,106.5,0.20519114065600835,0.04568675371879101,4.738019051441176,0.20369118386521792,0.04668793678804562,4.747078720011337,0.23912986887208867,-0.0021700097656249806,-0.11223119995117191,0.16912986887208867,0.3091298688720887,-0.08,0.08,-0.03393872821608032,0.04785676348441599,4.850250251392348,held,0.0,False,2917.2664781554936,0.0,0.0,False,False,1.0,10,0.0,3727.7627648670546,0.05253671343593674,0.7480025117760563,-0.2755628507988707,-0.3499999864694387,-0.34999999070215293,-0.34999999070215293,9.647709742210964e-09,False,False,53165.32000732422,3587.890465319055,12.159536924448094,0.00043853587252460534,2822.6269323058186,0.9303608946512464,0.8454174308359381,1.2293875720674339,0.6485713174581409,0.6573352173100183,1.0,0.003974919790454923,0.001090421166685319,0.006246505115645126,-0.06077663813443997,0.04369178412569492,0.011423261993863554,-68.50071747811049,False
1,stress,10056,fast_nmpc_1s,107.0,0.20546701233587267,0.04576125518027868,4.760881058166291,0.2041614266805044,0.04607346269586084,4.753351063845577,0.23815235255447037,-0.0021598217773437234,-0.11331368164062498,0.16815235255447036,0.3081523525544704,-0.08,0.08,-0.0326853402185977,0.047921076957622405,4.874194739806915,Solve_Succeeded,0.028022667043842375,False,2959.609577537195,0.0,0.0,False,False,1.0,10,0.0,3062.9540756359634,0.04254810945590196,0.7502582432663564,-0.1700000203532776,-0.2755628507988707,-0.3103520893664832,-0.3103520893664832,0.07929580267133951,False,False,53002.94775390625,3574.912745494116,12.115554794856395,0.000449909347666775,2874.920987565778,0.9303608946512464,0.8454174308359381,1.2293875720674339,0.6485713174581409,0.6573352173100183,1.0,0.003974919790454923,0.001090421166685319,0.006246505115645126,-0.06077663813443997,0.04369178412569492,0.011423261993863554,-68.50071747811049,False
1,stress,10056,fast_nmpc_1s,107.5,0.20574621681303737,0.045822458650258774,4.783776991257846,0.20378778752684157,0.0455243400412147,4.784979725990467,0.23717008182287758,-0.0021494433593750306,-0.11439102172851563,0.16717008182287757,0.3071700818228776,-0.08,0.08,-0.03142386500984021,0.047971902009633804,4.898168012986361,held,0.0,False,2959.609577537195,0.0,0.0,False,False,1.0,10,0.0,2777.212356106167,0.03796637773496261,0.7525056659949317,-0.1700000203532776,-0.2755628507988707,-0.291822088078632,-0.291822088078632,0.0370600025757023,False,False,52841.346740722656,3562.008424012848,12.071821415854684,0.00046152166284277383,2927.8712789742863,0.9303608946512464,0.8454174308359381,1.2293875720674339,0.6485713174581409,0.6573352173100183,1.0,0.003974919790454923,0.001090421166685319,0.006246505115645126,-0.06077663813443997,0.04369178412569492,0.011423261993863554,-68.50071747811049,False
1,stress,10056,fast_nmpc_1s,108.0,0.20602393851586862,0.045877946534498226,4.806702097243445,0.20217081960423686,0.04709883653912082,4.80302417137974,0.23618332081142,-0.0021388745117187358,-0.11546312500000001,0.16618332081141998,0.30618332081141997,-0.08,0.08,-0.030159382295551374,0.04801682104621696,4.922165222243445,Solve_Succeeded,0.028579915990121663,False,3015.5295083615097,0.0,0.0,False,False,1.0,10,0.0,1558.1307159682176,0.021311702535697627,0.7547445425606546,-0.11182207937228474,-0.1700000203532776,-0.2269352677634259,-0.2269352677634259,0.12977364063041225,False,False,52680.53125,3549.1784666171407,12.028340060389635,0.0004733750556903015,2981.47415780441,0.9303608946512464,0.8454174308359381,1.2293875720674339,0.6485713174581409,0.6573352173100183,1.0,0.003974919790454923,0.001090421166685319,0.006246505115645126,-0.06077663813443997,0.04369178412569492,0.011423261993863554,-68.50071747811049,False
1,stress,10056,fast_nmpc_1s,108.5,0.20629312555845614,0.04590905321988225,4.829648851804931,0.2029768286899866,0.046049539981183406,4.826682279177825,0.2351923336542074,-0.0021281152343750054,-0.11652989624023437,0.16519233365420738,0.3051923336542074,-0.08,0.08,-0.02889920809575125,0.048037168454257255,4.946178748045166,held,0.0,False,3015.5295083615097,0.0,0.0,False,False,1.0,10,0.0,985.6473698696628,0.013564355484086972,0.7569746348845532,-0.11182207937228474,-0.1700000203532776,-0.19660950464608223,-0.19660950464608223,0.060651526234687336,False,False,52520.515563964844,3536.423837449245,11.98511399598667,0.0004854716504479136,3035.7254873134207,0.9303608946512464,0.8454174308359381,1.2293875720674339,0.6485713174581409,0.6573352173100183,1.0,0.003974919790454923,0.001090421166685319,0.006246505115645126,-0.06077663813443997,0.04369178412569492,0.011423261993863554,-68.50071747811049,False
1,stress,10056,fast_nmpc_1s,109.0,0.2065462409598014,0.045928712520825726,4.852608297661336,0.19705687178854905,0.045904321242866225,4.856102070618796,0.23419738448534938,-0.002117165527343756,-0.11759124023437502,0.16419738448534937,0.3041973844853494,-0.08,0.08,-0.027651143525547983,0.04804587804816948,4.97019953789571,Solve_Succeeded,0.02728145895525813,False,3078.3344984286737,0.0,0.0,False,False,1.0,10,0.0,81.60156030280191,0.0018971497715761301,0.7591957042245618,-0.016609557034538865,-0.11182207937228474,-0.15144866858858658,-0.15144866858858658,0.09032167211499131,False,False,52361.31396484375,3523.7454990637425,11.942146484790516,0.0004978134506541545,3090.6206318891045,0.9303608946512464,0.8454174308359381,1.2293875720674339,0.6485713174581409,0.6573352173100183,1.0,0.003974919790454923,0.001090421166685319,0.006246505115645126,-0.06077663813443997,0.04369178412569492,0.011423261993863554,-68.50071747811049,False
1,stress,10056,fast_nmpc_1s,109.5,0.20677794020214735,0.04593029434145524,4.875573053492397,0.20691226870765603,0.04661042323732654,4.879725554127431,0.23319873743895572,-0.002106025390624988,-0.11864706176757812,0.16319873743895572,0.30319873743895576,-0.08,0.08,-0.026420797236808374,0.04803631973208023,4.994220115259975,held,0.0,False,3078.3344984286737,0.0,0.0,False,False,1.0,10,0.0,-352.7530600181401,-0.0035292632067777524,0.7614075111904817,-0.016609557034538865,-0.11182207937228474,-0.1303421201430333,-0.1303421201430333,0.04221309689110653,False,False,52202.94073486328,3511.1444124393643,11.899440783605273,0.0005104023316897024,3146.1544463858772,0.9303608946512464,0.8454174308359381,1.2293875720674339,0.6485713174581409,0.6573352173100183,1.0,0.003974919790454923,0.001090421166685319,0.006246505115645126,-0.06077663813443997,0.04369178412569492,0.011423261993863554,-68.50071747811049,False
1,stress,10056,fast_nmpc_1s,110.0,0.20698415969772585,0.045923193693095124,4.898536429225732,0.2128845064353571,0.04663126071779857,4.90147934041628,0.23219665664913602,-0.0020946948242187846,-0.11969726562500001,0.16219665664913602,0.30219665664913603,-0.08,0.08,-0.025212496951410174,0.04801788851731391,5.018233694850732,Solve_Succeeded,0.02797091699903831,False,3109.029353383809,0.0,0.0,False,False,1.0,10,0.0,-1655.3645896554783,-0.019356855500869106,0.7636098157591469,0.04965788841504541,-0.016609557034538865,-0.06976406130523542,-0.06976406130523542,0.12115611767559578,False,False,52045.41015625,3498.6215369906577,11.857000143933941,0.0005232400331685359,3202.3212656696887,0.9303608946512464,0.8454174308359381,1.2293875720674339,0.6485713174581409,0.6573352173100183,1.0,0.003974919790454923,0.001090421166685319,0.006246505115645126,-0.06077663813443997,0.04369178412569492,0.011423261993863554,-68.50071747811049,False
1,stress,10056,fast_nmpc_1s,110.5,0.2071592562673701,0.0458900465918933,4.92148974251136,0.20837967773597466,0.04514230766624015,4.923805872078022,0.23119140625,-0.002083173828124979,-0.12074175659179691,0.16119140625,0.30119140625,-0.08,0.08,-0.024032149982629897,0.04797322042001828,5.042231499103157,held,0.0,False,3109.029353383809,0.0,0.0,False,False,1.0,10,0.0,-2301.382015188402,-0.026762458065506225,0.7658023772898002,0.04965788841504541,-0.016609557034538865,-0.041452058135725035,-0.041452058135725035,0.056624006339020774,False,False,51888.73651123047,3486.17783057951,11.81482781201748,0.0005363281511847937,3259.114894391089,0.9303608946512464,0.8454174308359381,1.2293875720674339,0.6485713174581409,0.6573352173100183,1.0,0.003974919790454923,0.001090421166685319,0.006246505115645126,-0.06077663813443997,0.04369178412569492,0.011423261993863554,-68.50071747811049,False
1,stress,10056,fast_nmpc_1s,111.0,0.20729730557537315,0.04584398670375533,4.9444232534108465,0.21569425264641692,0.044020230372031094,4.951441421113141,0.23018325037565746,-0.002071462402343738,-0.12178043945312499,0.16018325037565745,0.30018325037565746,-0.08,0.08,-0.022885944800284302,0.047915449106099066,5.066203692863971,Solve_Succeeded,0.027969999995548278,False,3156.276677855906,0.0,0.0,False,False,1.0,10,0.0,-3426.045554273677,-0.039545594542960624,0.7679849545396729,0.13854795007000398,0.04965788841504541,0.007076380439919545,0.007076380439919545,0.09705687715128916,False,False,51732.93408203125,3473.81424952653,11.772927028873381,0.0005496681304226475,3316.5285970058358,0.9303608946512464,0.8454174308359381,1.2293875720674339,0.6485713174581409,0.6573352173100183,1.0,0.003974919790454923,0.001090421166685319,0.006246505115645126,-0.06077663813443997,0.04369178412569492,0.011423261993863554,-68.50071747811049,False
1,stress,10056,fast_nmpc_1s,111.5,0.207393745007685,0.04577544226827382,4.967328112480824,0.2096925139305441,0.0463409596131002,4.96769049103418,0.2291724531602179,-0.0020595605468750056,-0.12281321899414065,0.15917245316021789,0.2991724531602179,-0.08,0.08,-0.021778708152532883,0.047835002815148825,5.090141331474965,held,0.0,False,3156.276677855906,0.0,0.0,False,False,1.0,10,0.0,-4002.4624213564252,-0.04553796724236181,0.7701573056797725,0.13854795007000398,0.04965788841504541,0.029756825028674945,0.029756825028674945,0.0453608891775108,False,False,51578.017150878906,3461.5317486222852,11.731301030333748,0.0005632612561372187,3374.5550880627457,0.9303608946512464,0.8454174308359381,1.2293875720674339,0.6485713174581409,0.6573352173100183,1.0,0.003974919790454923,0.001090421166685319,0.006246505115645126,-0.06077663813443997,0.04369178412569492,0.011423261993863554,-68.50071747811049,False
1,stress,10056,fast_nmpc_1s,112.0,0.20744490661088072,0.04569537957520752,4.990195818924144,0.2008603646190965,0.04784287843647359,4.99835422235063,0.22815927873779118,-0.0020474682617187268,-0.12383999999999999,0.15815927873779118,0.2981592787377912,-0.08,0.08,-0.020714372126910463,0.04774284783692625,5.114035818924145,Solve_Succeeded,0.027988624991849065,False,3233.9895443785426,0.0,0.0,False,False,1.0,10,0.0,-5423.41431025604,-0.06092774477298028,0.7723191883108756,0.20975683272042958,0.13854795007000398,0.08770289600130424,0.08770289600130424,0.11589214194525858,False,False,51424.0,3449.3312811384008,11.68995304708292,0.0005771086460152606,3433.1865227785615,0.9303608946512464,0.8454174308359381,1.2293875720674339,0.6485713174581409,0.6573352173100183,1.0,0.003974919790454923,0.001090421166685319,0.006246505115645126,-0.06077663813443997,0.04369178412569492,0.011423261993863554,-68.50071747811049,False
1,stress,10056,fast_nmpc_1s,112.5,0.2074459811822449,0.04558690911861243,5.01301639111159,0.21766828842247737,0.045189603609485186,4.997682454482534,0.22714399124248688,-0.0020351855468749985,-0.12486068725585937,0.15714399124248687,0.2971439912424869,-0.08,0.08,-0.019698010060241994,0.047622094665487426,5.137877078367449,held,0.0,False,3233.9895443785426,0.0,0.0,False,False,1.0,10,0.0,-6162.568339147946,-0.06816187405443745,0.7744703594797258,0.20975683272042958,0.13854795007000398,0.11478480282553075,0.11478480282553075,0.05416381364845302,False,False,51270.896911621094,3437.213798838527,11.64888630469463,0.0005912112419250567,3492.4144879197393,0.9303608946512464,0.8454174308359381,1.2293875720674339,0.6485713174581409,0.6573352173100183,1.0,0.003974919790454923,0.001090421166685319,0.006246505115645126,-0.06077663813443997,0.04369178412569492,0.011423261993863554,-68.50071747811049,False
1,stress,10056,fast_nmpc_1s,113.0,0.20739202329422715,0.04546366867729804,5.035779034476383,0.21012322416621076,0.045789032390167836,5.0387583813971615,0.22612685480841474,-0.0020227124023437376,-0.125875185546875,0.15612685480841473,0.2961268548084147,-0.08,0.08,-0.01873483151418759,0.04748638107964178,5.161654220023259,Solve_Succeeded,0.0273751660133712,False,3263.1130874495448,0.0,0.0,False,False,1.0,10,0.0,-7498.46575670945,-0.0817044532352909,0.776610575695435,0.29478481212335295,0.20975683272042958,0.16537032607123509,0.16537032607123509,0.10117104649140868,False,False,51118.72216796875,3425.180251989168,11.60810402366871,0.0006055698015657139,3552.229993011113,0.9303608946512464,0.8454174308359381,1.2293875720674339,0.6485713174581409,0.6573352173100183,1.0,0.003974919790454923,0.001090421166685319,0.006246505115645126,-0.06077663813443997,0.04369178412569492,0.011423261993863554,-68.50071747811049,False
1,stress,10056,fast_nmpc_1s,113.5,0.20727889500355254,0.04531372461514056,5.058473380496866,0.20611640876391918,0.044503538165362413,5.069702286959933,0.22510813356968448,-0.0020100488281249995,-0.1268833996582031,0.15510813356968448,0.29510813356968446,-0.08,0.08,-0.017829238566131944,0.04732377344326556,5.185356780155069,held,0.0,False,3263.1130874495448,0.0,0.0,False,False,1.0,10,0.0,-8214.660589892985,-0.088082628420289,0.7787395929460911,0.29478481212335295,0.20975683272042958,0.1890121779552395,0.1890121779552395,0.04728370376800883,False,False,50967.49005126953,3413.231589370381,11.567609419467352,0.0006201848900267926,3612.623461891488,0.9303608946512464,0.8454174308359381,1.2293875720674339,0.6485713174581409,0.6573352173100183,1.0,0.003974919790454923,0.001090421166685319,0.006246505115645126,-0.06077663813443997,0.04369178412569492,0.011423261993863554,-68.50071747811049,False
1,stress,10056,fast_nmpc_1s,114.0,0.20710310448863048,0.045149472547463855,5.081089176156631,0.21227647565909274,0.04445028809246754,5.093986978059497,0.22408809166040572,-0.0019971948242187842,-0.127885234375,0.1540880916604057,0.2940880916604057,-0.08,0.08,-0.01698498717177524,0.04714666737168264,5.208974410531631,Solve_Succeeded,0.028003415965940803,False,3321.0864807456296,0.0,0.0,False,False,1.0,10,0.0,-9780.107699928107,-0.10326688403505627,0.7808571667155672,0.35000000911026696,0.29478481212335295,0.24535049198718878,0.24535049198718878,0.11267662806389855,False,False,50817.21484375,3401.3687582863445,11.527405702550928,0.0006350568712699564,3673.584724636126,0.9303608946512464,0.8454174308359381,1.2293875720674339,0.6485713174581409,0.6573352173100183,1.0,0.003974919790454923,0.001090421166685319,0.006246505115645126,-0.06077663813443997,0.04369178412569492,0.011423261993863554,-68.50071747811049,False
1,stress,10056,fast_nmpc_1s,114.5,0.20686030978169928,0.04495392871648852,5.103615021379878,0.21219683547214574,0.04201545124449605,5.10409304278566,0.22306699321468826,-0.0019841503906249947,-0.1288805944824219,0.15306699321468825,0.29306699321468827,-0.08,0.08,-0.016206683432988978,0.04693807910711351,5.2324956158623,held,0.0,False,3321.0864807456296,0.0,0.0,False,False,1.0,10,0.0,-10627.373649818828,-0.11042693409795254,0.7829630520005345,0.35000000911026696,0.29478481212335295,0.271680991115731,0.271680991115731,0.05266099825708448,False,False,50667.91082763672,3389.5927045758044,11.487496078413374,0.0006501858995451215,3735.1030098662022,0.9303608946512464,0.8454174308359381,1.2293875720674339,0.6485713174581409,0.6573352173100183,1.0,0.003974919790454923,0.001090421166685319,0.006246505115645126,-0.06077663813443997,0.04369178412569492,0.011423261993863554,-68.50071747811049,False
1,stress,10056,fast_nmpc_1s,115.0,0.20654613757624918,0.044741458682580275,5.1260388615382215,0.2079221138644679,0.044033110670292606,5.1267009204008955,0.22204510236664166,-0.0019709155273437418,-0.12986938476562498,0.15204510236664165,0.29204510236664166,-0.08,0.08,-0.015498964790392478,0.04671237420992402,5.2559082463038465,Solve_Succeeded,0.027429374982602894,False,3360.607402854329,0.0,0.0,False,False,1.0,10,0.0,-11904.775923114163,-0.12176301643688615,0.7850570033276781,0.35000000906787293,0.35000000911026696,0.31339652051662603,0.31339652051662603,0.08343105880179003,False,False,50519.59228515625,3377.9043726223863,11.447883747617162,0.0006655719107543348,3797.166937465056,0.9303608946512464,0.8454174308359381,1.2293875720674339,0.6485713174581409,0.6573352173100183,1.0,0.003974919790454923,0.001090421166685319,0.006246505115645126,-0.06077663813443997,0.04369178412569492,0.011423261993863554,-68.50071747811049,False
1,stress,10056,fast_nmpc_1s,115.5,0.20615793490924725,0.04450346083102109,5.148350083020242,0.20808761001992948,0.04434290667079291,5.155864264944617,0.22102268325037566,-0.0019574902343750256,-0.13085151000976564,0.15102268325037566,0.29102268325037567,-0.08,0.08,-0.014864748341128414,0.04646095106539611,5.279201593030008,held,0.0,False,3360.607402854329,0.0,0.0,False,False,1.0,10,0.0,-12629.03714454997,-0.12711810596022718,0.7871387747711145,0.35000000906787293,0.35000000911026696,0.33289285670293883,0.33289285670293883,0.0389926723726256,False,False,50372.273498535156,3366.304705364795,11.408571905827854,0.0006812146137774263,3859.764511721156,0.9303608946512464,0.8454174308359381,1.2293875720674339,0.6485713174581409,0.6573352173100183,1.0,0.003974919790454923,0.001090421166685319,0.006246505115645126,-0.06077663813443997,0.04369178412569492,0.011423261993863554,-68.50071747811049,False
1,stress,10056,fast_nmpc_1s,116.0,0.20569399360000237,0.04425099925945557,5.170538687854248,0.20016945006906314,0.04497705577918442,5.171431097805466,0.22000000000000003,-0.001943874511718735,-0.131826875,0.15000000000000002,0.29000000000000004,-0.08,0.08,-0.014306006399997656,0.0461948737711743,5.302365562854248,Solve_Succeeded,0.027475791983306408,False,3422.22047154075,0.0,0.0,False,False,1.0,10,0.0,-13089.601269511713,-0.12965890785265413,0.7892081199700104,0.3500000093049381,0.35000000906787293,0.34200474211364185,0.34200474211364185,0.018223770821406027,False,False,50225.96875,3354.794644306886,11.369563743848234,0.0006971134817742571,3922.8831149174353,0.9303608946512464,0.8454174308359381,1.2293875720674339,0.6485713174581409,0.6573352173100183,1.0,0.003974919790454923,0.001090421166685319,0.006246505115645126,-0.06077663813443997,0.04369178412569492,0.011423261993863554,-68.50071747811049,False
1,stress,10056,fast_nmpc_1s,116.5,0.2051566262238691,0.04398934801590333,5.192598762691788,0.20778591637152222,0.043916039149520504,5.185871088789575,0.21897731674962437,-0.0019300683593749812,-0.13279538452148437,0.14897731674962436,0.28897731674962435,-0.08,0.08,-0.01382069052575527,0.04591941637527831,5.325394147213273,held,0.0,False,3422.22047154075,0.0,0.0,False,False,1.0,10,0.0,-13424.423753810708,-0.13087031234349097,0.7912647921464034,0.3500000093049381,0.35000000906787293,0.3462633092182562,0.3462633092182562,0.008517134209228727,False,False,50080.692321777344,3343.3751295276165,11.330862447652041,0.0007132677434791682,3986.509501386472,0.9303608946512464,0.8454174308359381,1.2293875720674339,0.6485713174581409,0.6573352173100183,1.0,0.003974919790454923,0.001090421166685319,0.006246505115645126,-0.06077663813443997,0.04369178412569492,0.011423261993863554,-68.50071747811049,False
1,stress,10056,fast_nmpc_1s,117.0,0.20454973635597282,0.043721021526609644,5.214526341340582,0.20340062135488063,0.043383007992483166,5.213150691545674,0.2179548976333584,-0.001916071777343764,-0.133756943359375,0.1479548976333584,0.2879548976333584,-0.08,0.08,-0.013405161277385585,0.04563709330395341,5.348283284699956,Solve_Succeeded,0.02746837498852983,False,3463.3401118223396,0.0,0.0,False,False,1.0,10,0.0,-13699.24652252262,-0.13144894382953862,0.7933085441232226,0.35000000919070495,0.3500000093049381,0.34825361025011004,0.34825361025011004,0.00398060206370765,False,False,49936.45849609375,3332.047099690892,11.292471198417331,0.0007296763745040511,4050.629792050875,0.9303608946512464,0.8454174308359381,1.2293875720674339,0.6485713174581409,0.6573352173100183,1.0,0.003974919790454923,0.001090421166685319,0.006246505115645126,-0.06077663813443997,0.04369178412569492,0.011423261993863554,-68.50071747811049,False
1,stress,10056,fast_nmpc_1s,117.5,0.20387769446200243,0.04344721918050394,5.236318386076304,0.19790400991480614,0.04331294747248551,5.233812787984651,0.2169330067853118,-0.0019018847656250282,-0.13471145629882814,0.1469330067853118,0.2869330067853118,-0.08,0.08,-0.013055312323309365,0.04534910394612897,5.371029842375132,held,0.0,False,3463.3401118223396,0.0,0.0,False,False,1.0,10,0.0,-13945.390146401629,-0.13172193612508798,0.7953391283425101,0.35000000919070495,0.3500000093049381,0.34918380527786763,0.34918380527786763,0.001860390055515193,False,False,49793.28155517578,3320.8114920552794,11.2543931725594,0.000746338088667234,4115.229469467858,0.9303608946512464,0.8454174308359381,1.2293875720674339,0.6485713174581409,0.6573352173100183,1.0,0.003974919790454923,0.001090421166685319,0.006246505115645126,-0.06077663813443997,0.04369178412569492,0.011423261993863554,-68.50071747811049,False
1,stress,10056,fast_nmpc_1s,118.0,0.2031448326143525,0.04316851390388356,5.2579723022566025,0.20523469103382133,0.04387969355654122,5.267398013874656,0.2159119083395943,-0.001887507324218718,-0.13565882812500002,0.1459119083395943,0.28591190833959435,-0.08,0.08,-0.0127670757252418,0.045056021228102275,5.3936311303816025,Solve_Succeeded,0.028156250016763806,False,3528.927707909184,0.0,0.0,False,False,1.0,10,0.0,-14177.767815954572,-0.1318431977864722,0.797356296883841,0.3500000095088885,0.35000000919070495,0.34961854487490224,0.34961854487490224,0.0008694791940692115,False,False,49651.17578125,3309.669242483622,11.216631541763368,0.0007632513293661717,4180.293373396826,0.9303608946512464,0.8454174308359381,1.2293875720674339,0.6485713174581409,0.6573352173100183,1.0,0.003974919790454923,0.001090421166685319,0.006246505115645126,-0.06077663813443997,0.04369178412569492,0.011423261993863554,-68.50071747811049,False
1,stress,10056,fast_nmpc_1s,118.5,0.20235523099656888,0.04288518037546481,5.2794857071385515,0.2009512582415328,0.04158868464338085,5.278040294401567,0.2148918664303156,-0.0018729394531249999,-0.13659896362304685,0.1448918664303156,0.2848918664303156,-0.08,0.08,-0.012536635433746723,0.04475811982858981,5.416084670761598,held,0.0,False,3528.927707909184,0.0,0.0,False,False,1.0,10,0.0,-14403.47074856975,-0.13188539627408447,0.7993598014829447,0.3500000095088885,0.35000000919070495,0.3498217265067553,0.3498217265067553,0.0004063632637061332,False,False,49510.15545654297,3298.6212854525365,11.179189473016363,0.0007804142610126955,4245.8056969083045,0.9303608946512464,0.8454174308359381,1.2293875720674339,0.6485713174581409,0.6573352173100183,1.0,0.003974919790454923,0.001090421166685319,0.006246505115645126,-0.06077663813443997,0.04369178412569492,0.011423261993863554,-68.50071747811049,False
1,stress,10056,fast_nmpc_1s,119.0,0.20151264064732075,0.04259735149481191,5.300856319869853,0.20154287892436343,0.04279865444133094,5.300548735580654,0.2138731451915853,-0.001858181152343763,-0.13753176757812502,0.14387314519158528,0.2838731451915853,-0.08,0.08,-0.012360504544264544,0.044455532647155675,5.4383880874479775,Solve_Succeeded,0.027974541997537017,False,3567.0493930801363,0.0,0.0,False,False,1.0,10,0.0,-14625.859514233978,-0.13188307073308544,0.8013493935505227,0.35000000936004305,0.3500000095088885,0.3499166864540019,0.3499166864540019,0.0001899198944932401,False,False,49370.23486328125,3287.6685540618005,11.14207012863934,0.000797824760550364,4311.749983052373,0.9303608946512464,0.8454174308359381,1.2293875720674339,0.6485713174581409,0.6573352173100183,1.0,0.003974919790454923,0.001090421166685319,0.006246505115645126,-0.06077663813443997,0.04369178412569492,0.011423261993863554,-68.50071747811049,False
1,stress,10056,fast_nmpc_1s,119.5,0.20062046860628055,0.04230509300592335,5.3220819092544085,0.19791416562238945,0.042405078288296705,5.323076711000202,0.21285600875751315,-0.0018432324218750074,-0.13845714477539062,0.14285600875751314,0.28285600875751316,-0.08,0.08,-0.012235540151232599,0.044148325427798354,5.460539054029799,held,0.0,False,3567.0493930801363,0.0,0.0,False,False,1.0,10,0.0,-14846.513568620643,-0.1318528412376157,0.8033248241912663,0.35000000936004305,0.3500000095088885,0.3499610673136564,0.3499610673136564,8.87617193089385e-05,False,False,49231.42828369141,3276.811980043634,11.105276666318533,0.0008154804090741836,4378.109122104147,0.9303608946512464,0.8454174308359381,1.2293875720674339,0.6485713174581409,0.6573352173100183,1.0,0.003974919790454923,0.001090421166685319,0.006246505115645126,-0.06077663813443997,0.04369178412569492,0.011423261993863554,-68.50071747811049,False
1,stress,10056,fast_nmpc_1s,120.0,0.19968179053857407,0.04200843912155818,5.343160269080516,0.19524750938320054,0.04010370600768684,5.324924979980236,0.21184072126220888,-0.0018280932617187884,-0.13937500000000003,0.14184072126220887,0.2818407212622089,-0.08,0.08,-0.012158930723634803,0.04383653238327697,5.4825352690805165,Solve_Succeeded,0.02823708299547434,False,3595.395398670058,0.0,0.0,False,False,1.0,10,0.0,-15066.160236266855,-0.1318028846546019,0.8052858442230727,0.350000007623527,0.35000000936004305,0.3499818092499392,0.3499818092499392,4.148387256563968e-05,False,False,49093.75,3266.0524937718724,11.068812239136545,0.000833378483573738,4444.865349403643,0.9303608946512464,0.8454174308359381,1.2293875720674339,0.6485713174581409,0.6573352173100183,1.0,0.003974919790454923,0.001090421166685319,0.006246505115645126,-0.06077663813443997,0.04369178412569492,0.011423261993863554,-68.50071747811049,False
1,stress,10056,fast_nmpc_1s,120.5,0.19869937443167074,0.04170740956398643,5.364089206615618,0.20226275750068223,0.04175405451394929,5.360217870133061,0.21082754683978214,-0.001812763671874995,-0.1402852380371094,0.14082754683978213,0.28082754683978217,-0.08,0.08,-0.012128172408111398,0.04352017323586142,5.504374444652727,held,0.0,False,3595.395398670058,0.0,0.0,False,False,1.0,10,0.0,-15285.117416816292,-0.13173737980927583,0.807232204196456,0.350000007623527,0.35000000936004305,0.34999150328400114,0.34999150328400114,1.9388068123848967e-05,False,False,48957.214294433594,3255.391024271041,11.032679995603099,0.000851515948821437,4512.0002438066185,0.9303608946512464,0.8454174308359381,1.2293875720674339,0.6485713174581409,0.6573352173100183,1.0,0.003974919790454923,0.001090421166685319,0.006246505115645126,-0.06077663813443997,0.04369178412569492,0.011423261993863554,-68.50071747811049,False
1,stress,10056,fast_nmpc_1s,121.0,0.197675707757449,0.041402017749948054,5.384866537407598,0.1964333319782886,0.04202697080516847,5.3903900244819,0.20981674962434263,-0.0017972436523437385,-0.14118776367187502,0.13981674962434262,0.27981674962434266,-0.08,0.08,-0.012141041866893632,0.04319926140229179,5.526054301079473,Solve_Succeeded,0.028050791996065527,False,3677.388426000154,0.0,0.0,False,False,1.0,10,0.0,-15503.504602720332,-0.13165859450470163,0.8091636544141589,0.35000000937426257,0.350000007623527,0.34999603300149007,0.34999603300149007,9.059434977864989e-06,False,False,48821.83544921875,3244.8284992253148,10.996883079685405,0.0008698894494283465,4579.494726762734,0.9303608946512464,0.8454174308359381,1.2293875720674339,0.6485713174581409,0.6573352173100183,1.0,0.003974919790454923,0.001090421166685319,0.006246505115645126,-0.06077663813443997,0.04369178412569492,0.011423261993863554,-68.50071747811049,False
1,stress,10056,fast_nmpc_1s,121.5,0.19661302466275457,0.041092274754658306,5.405490083123371,0.19722681439352205,0.04207778943154775,5.40076722332253,0.20880859375,-0.001781533203124963,-0.14208248168945314,0.13880859375,0.27880859375,-0.08,0.08,-0.012195569087245423,0.04287380795778327,5.547572564812824,held,0.0,False,3677.388426000154,0.0,0.0,False,False,1.0,10,0.0,-15721.34370218834,-0.13156786853872657,0.8110799449509581,0.35000000937426257,0.350000007623527,0.34999815002832063,0.34999815002832063,4.2340536611229496e-06,False,False,48687.62774658203,3234.365844987393,10.961424630838241,0.0008884953020906771,4647.329062036664,0.9303608946512464,0.8454174308359381,1.2293875720674339,0.6485713174581409,0.6573352173100183,1.0,0.003974919790454923,0.001090421166685319,0.006246505115645126,-0.06077663813443997,0.04369178412569492,0.011423261993863554,-68.50071747811049,False
1,stress,10056,fast_nmpc_1s,122.0,0.1955133317183551,0.04077819125925248,5.425957670865326,0.19667070595783048,0.04118277672416043,5.423601444517231,0.20780334335086403,-0.0017656323242187244,-0.14296929687499998,0.13780334335086403,0.27780334335086404,-0.08,0.08,-0.012290011632508924,0.0425438235834712,5.568926967740326,Solve_Succeeded,0.027895167004317045,False,3715.0583128023804,0.0,0.0,False,False,1.0,10,0.0,-15938.60709168529,-0.13146607657415496,0.8129808256736674,0.35000000930113523,0.35000000937426257,0.3499991403829279,0.3499991403829279,1.980709214532972e-06,False,False,48554.60546875,3224.003986587259,10.926307784033632,0.0009073294880506574,4715.482856087147,0.9303608946512464,0.8454174308359381,1.2293875720674339,0.6485713174581409,0.6573352173100183,1.0,0.003974919790454923,0.001090421166685319,0.006246505115645126,-0.06077663813443997,0.04369178412569492,0.011423261993863554,-68.50071747811049,False
1,stress,10056,fast_nmpc_1s,122.5,0.19437843167613725,0.04045977853730382,5.446267133221261,0.1949326332702296,0.03972022294394885,5.432743628030205,0.20680126256104436,-0.0017495410156250224,-0.14384811401367187,0.13680126256104436,0.27680126256104437,-0.08,0.08,-0.012422830884907116,0.042209319552928844,5.590115247234933,held,0.0,False,3715.0583128023804,0.0,0.0,False,False,1.0,10,0.0,-16155.240674864977,-0.13135384820654183,0.8148660462613366,0.35000000930113523,0.35000000937426257,0.34999960323900675,0.34999960323900675,9.257121577066485e-07,False,False,48422.78289794922,3213.743847740855,10.89153566979025,0.000926387645796161,4783.935059118647,0.9303608946512464,0.8454174308359381,1.2293875720674339,0.6485713174581409,0.6573352173100183,1.0,0.003974919790454923,0.001090421166685319,0.006246505115645126,-0.06077663813443997,0.04369178412569492,0.011423261993863554,-68.50071747811049,False
1,stress,10056,fast_nmpc_1s,123.0,0.19320994510756584,0.04013704898037925,5.466416308692307,0.19330587890360185,0.03921746807960876,5.466099054430474,0.20580261551465062,-0.001733259277343746,-0.144718837890625,0.13580261551465062,0.27580261551465063,-0.08,0.08,-0.012592670407084783,0.041870308257723,5.6111351465829316,Solve_Succeeded,0.028276416996959597,False,3765.741038878783,0.0,0.0,False,False,1.0,10,0.0,-16371.1751947903,-0.13123167524567436,0.8167353562256445,0.3500000087687745,0.35000000930113523,0.34999981952231946,0.34999981952231946,4.3256662540791524e-07,False,False,48292.17431640625,3203.5863508586476,10.857111414202452,0.0009456650640239551,4852.663966819232,0.9303608946512464,0.8454174308359381,1.2293875720674339,0.6485713174581409,0.6573352173100183,1.0,0.003974919790454923,0.001090421166685319,0.006246505115645126,-0.06077663813443997,0.04369178412569492,0.011423261993863554,-68.50071747811049,False
1,stress,10056,fast_nmpc_1s,123.5,0.19200932998249373,0.03981001639759875,5.486403042327117,0.1993373781619291,0.03959891591700544,5.491756437567907,0.20480766634579267,-0.0017167871093750064,-0.14558137329101561,0.13480766634579266,0.2748076663457927,-0.08,0.08,-0.01279833636329894,0.041526803506973756,5.631984415618133,held,0.0,False,3765.741038878783,0.0,0.0,False,False,1.0,10,0.0,-16586.331669651772,-0.13109996356107617,0.8185885049314899,0.3500000087687745,0.35000000930113523,0.349999920605351,0.349999920605351,2.021660631124078e-07,False,False,48162.79400634766,3193.5324170541107,10.82303813896902,0.0009651566748920147,4921.647222797955,0.9303608946512464,0.8454174308359381,1.2293875720674339,0.6485713174581409,0.6573352173100183,1.0,0.003974919790454923,0.001090421166685319,0.006246505115645126,-0.06077663813443997,0.04369178412569492,0.011423261993863554,-68.50071747811049,False
1,stress,10056,fast_nmpc_1s,124.0,0.19077789932419748,0.03947869620673164,5.506225186478696,0.1803827075307182,0.039803703404413866,5.500513440677842,0.20381667918858004,-0.001700124511718748,-0.146435625,0.13381667918858003,0.27381667918858005,-0.08,0.08,-0.013038779864382566,0.04117882071845039,5.652660811478696,Solve_Succeeded,0.028265457949601114,False,3820.954439646438,0.0,0.0,False,False,1.0,10,0.0,-16800.624154880512,-0.13095905980150513,0.8204252416177731,0.350000007699469,0.3500000087687745,0.3499999675643653,0.3499999675643653,9.391802857638964e-08,False,False,48034.65624999999,3183.5829661521066,10.789318961421568,0.000984857047586814,4990.86182173415,0.9303608946512464,0.8454174308359381,1.2293875720674339,0.6485713174581409,0.6573352173100183,1.0,0.003974919790454923,0.001090421166685319,0.006246505115645126,-0.06077663813443997,0.04369178412569492,0.011423261993863554,-68.50071747811049,False
1,stress,10056,fast_nmpc_1s,124.5,0.18951683710256484,0.03914310557029175,5.525880601643011,0.18114826784481292,0.03939885036041888,5.52685467377885,0.2028299181771225,-0.0016832714843749708,-0.14728149780273436,0.1328299181771225,0.27282991817712254,-0.08,0.08,-0.01331308107455767,0.04082637705466672,5.6731620994457455,held,0.0,False,3820.954439646438,0.0,0.0,False,False,1.0,10,0.0,-17013.961258820156,-0.1308092663538256,0.8222453154183749,0.350000007699469,0.3500000087687745,0.3499999895113175,0.3499999895113175,4.3893904400071904e-08,False,False,47907.77532958985,3173.738916697176,10.755956994552639,0.0010047603822318921,5060.28411325017,0.9303608946512464,0.8454174308359381,1.2293875720674339,0.6485713174581409,0.6573352173100183,1.0,0.003974919790454923,0.001090421166685319,0.006246505115645126,-0.06077663813443997,0.04369178412569492,0.011423261993863554,-68.50071747811049,False
1,stress,10056,fast_nmpc_1s,125.0,0.188227212528924,0.0388032635015452,5.545367157358101,0.18751146100729887,0.038933684610614576,5.537835813022351,0.2018476474455297,-0.0016662280273437857,-0.14811889648437498,0.13184764744552968,0.2718476474455297,-0.08,0.08,-0.013620434916605695,0.040469491528888984,5.693486053842476,Solve_Succeeded,0.028037209005560726,False,3857.5572363254078,0.0,0.0,False,False,1.0,10,0.0,-17226.24692888224,-0.13065084956235815,0.8240484753833285,0.35000000894033356,0.350000007699469,0.34999999919898195,0.34999999919898195,1.9375328896842348e-08,False,False,47782.16552734375,3164.0011859617425,10.722955347043506,0.0010248605041644787,5129.889806518888,0.9303608946512464,0.8454174308359381,1.2293875720674339,0.6485713174581409,0.6573352173100183,1.0,0.003974919790454923,0.001090421166685319,0.006246505115645126,-0.06077663813443997,0.04369178412569492,0.011423261993863554,-68.50071747811049,False
1,stress,10056,fast_nmpc_1s,125.5,0.1869099929082775,0.03845919095500445,5.564682733152308,0.18454471031383995,0.04020160748673051,5.572377856967285,0.20087013112791136,-0.0016489941406250264,-0.14894772583007815,0.13087013112791135,0.27087013112791136,-0.08,0.08,-0.01396013821963385,0.040108185095629474,5.7136304589823865,held,0.0,False,3857.5572363254078,0.0,0.0,False,False,1.0,10,0.0,-17437.380952038704,-0.13048404515844753,0.8258344705001837,0.35000000894033356,0.350000007699469,0.35000000372664747,0.35,1.6020360593671512e-09,False,False,47657.84112548828,3154.3706899542217,10.69031712329166,0.0010451508586071124,5199.65397561557,0.9303608946512464,0.8454174308359381,1.2293875720674339,0.6485713174581409,0.6573352173100183,1.0,0.003974919790454923,0.001090421166685319,0.006246505115645126,-0.06077663813443997,0.04369178412569492,0.011423261993863554,-68.50071747811049,False
1,stress,10056,fast_nmpc_1s,126.0,0.18556605519323943,0.03811091090710512,5.583825219535269,0.18942941073906105,0.03805913200249719,5.584599314052875,0.19989763335837718,-0.0016315698242187482,-0.149767890625,0.12989763335837717,0.2698976333583772,-0.08,0.08,-0.014331578165137748,0.039742480731323866,5.733593110160269,Solve_Succeeded,0.02804629097227007,False,3912.7416356743033,0.0,0.0,False,False,1.0,10,0.0,-17647.25974122976,-0.13030906538600867,0.8276030497155658,0.35000000732660386,0.35000000894033356,0.35000000650364443,0.35,0.0,False,False,47534.81640625,3144.848343427045,10.658045423437997,0.0010656245057616325,5269.551065623918,0.9303608946512464,0.8454174308359381,1.2293875720674339,0.6485713174581409,0.6573352173100183,1.0,0.003974919790454923,0.001090421166685319,0.006246505115645126,-0.06077663813443997,0.04369178412569492,0.011423261993863554,-68.50071747811049,False
1,stress,10056,fast_nmpc_1s,126.5,0.18419619636888396,0.037758448421331754,5.602792519025359,0.18744858087067642,0.03803582430606668,5.596437039327133,0.19893041827103683,-0.0016139550781250067,-0.1505792956542969,0.12893041827103682,0.2689304182710368,-0.08,0.08,-0.014734221902152872,0.03937240349945676,5.753371814679656,held,0.0,False,3912.7416356743033,0.0,0.0,False,False,1.0,10,0.0,-17855.776143051036,-0.13012609840867403,0.8293539619569262,0.35000000732660386,0.35000000894033356,0.3500000078015128,0.35,0.0,False,False,47413.10565185547,3135.4350598845976,10.626143343393725,0.001086274116352978,5339.554899504518,0.9303608946512464,0.8454174308359381,1.2293875720674339,0.6485713174581409,0.6573352173100183,1.0,0.003974919790454923,0.001090421166685319,0.006246505115645126,-0.06077663813443997,0.04369178412569492,0.011423261993863554,-68.50071747811049,False
1,stress,10056,fast_nmpc_1s,127.0,0.18280114278763848,0.037401830717352556,5.621582547210676,0.1812925773173131,0.03608535576305993,5.630589350108308,0.19796875000000003,-0.0015961499023437464,-0.15138184570312502,0.12796875000000002,0.26796875000000003,-0.08,0.08,-0.015167607212361545,0.0389979806196963,5.772964392913801,Solve_Succeeded,0.029190000030212104,False,3975.7574036187602,0.0,0.0,False,False,1.0,10,0.0,-18062.81992579147,-0.12993531267226302,0.8310869561544854,0.35000000669027276,0.35000000732660386,0.3500000075485592,0.35,0.0,False,False,47292.72314453125,3126.131751591069,10.594613974866968,0.0011070919676504176,5409.638685733411,0.9303608946512464,0.8454174308359381,1.2293875720674339,0.6485713174581409,0.6573352173100183,1.0,0.003974919790454923,0.001090421166685319,0.006246505115645126,-0.06077663813443997,0.04369178412569492,0.011423261993863554,-68.50071747811049,False
1,stress,10056,fast_nmpc_1s,127.5,0.18138155856220559,0.03704108723054165,5.640193233842184,0.18313957597967978,0.03543375590071774,5.639437180540458,0.19701289267937644,-0.0015781542968750228,-0.15217544555664064,0.12701289267937643,0.26701289267937645,-0.08,0.08,-0.015631334117170853,0.03861924152741667,5.792368679398825,held,0.0,False,3975.7574036187602,0.0,0.0,False,False,1.0,10,0.0,-18268.278053875554,-0.1297368594033109,0.832801781263368,0.35000000669027276,0.35000000732660386,0.35000000743033777,0.35,0.0,False,False,47173.683166503906,3116.9393295782206,10.563460405389087,0.0011280699399938763,5479.775026717521,0.9303608946512464,0.8454174308359381,1.2293875720674339,0.6485713174581409,0.6573352173100183,1.0,0.003974919790454923,0.001090421166685319,0.006246505115645126,-0.06077663813443997,0.04369178412569492,0.011423261993863554,-68.50071747811049,False
1,stress,10056,fast_nmpc_1s,128.0,0.17993805311111172,0.03667624966614891,5.6586225239552626,0.18289053637858363,0.03635293526161562,5.663167832158623,0.19606311044327573,-0.0015599682617187804,-0.15296000000000004,0.12606311044327573,0.26606311044327574,-0.08,0.08,-0.016125057332164017,0.03823621792786769,5.811582523955263,Solve_Succeeded,0.02925016696099192,False,4014.2508283544967,0.0,0.0,False,False,1.0,10,0.0,-18472.034925324562,-0.1295308746481299,0.8344981862859295,0.35000000859452773,0.35000000669027276,0.35000000703615247,0.35,0.0,False,False,47055.99999999999,3107.8587036530726,10.532685718340742,0.001149199513853004,5549.935927992909,0.9303608946512464,0.8454174308359381,1.2293875720674339,0.6485713174581409,0.6573352173100183,1.0,0.003974919790454923,0.001090421166685319,0.006246505115645126,-0.06077663813443997,0.04369178412569492,0.011423261993863554,-68.50071747811049,False
1,stress,10056,fast_nmpc_1s,128.5,0.17847118794279238,0.03630735204884589,5.67686837901718,0.17770114920597385,0.03625499373841543,5.678664300282172,0.1951196674258077,-0.0015415917968749637,-0.15373541381835942,0.12511966742580768,0.2651196674258077,-0.08,0.08,-0.016648479483015316,0.03784894384572085,5.830603792835539,held,0.0,False,4014.2508283544967,0.0,0.0,False,False,1.0,10,0.0,-18673.972602926948,-0.12931748110343655,0.8361759202942732,0.35000000859452773,0.35000000669027276,0.3500000068519245,0.35,0.0,False,False,46939.687927246094,3098.8907824055045,10.502292992977637,0.0011704717674465106,5620.0928082106875,0.9303608946512464,0.8454174308359381,1.2293875720674339,0.6485713174581409,0.6573352173100183,1.0,0.003974919790454923,0.001090421166685319,0.006246505115645126,-0.06077663813443997,0.04369178412569492,0.011423261993863554,-68.50071747811049,False
1,stress,10056,fast_nmpc_1s,129.0,0.17698148275537093,0.035934430767763356,5.6949287780982,0.18336012011993352,0.03558091479388807,5.686378361811548,0.19418282776108192,-0.0015230249023436837,-0.154501591796875,0.12418282776108192,0.26418282776108193,-0.08,0.08,-0.017201345005710994,0.03745745567010704,5.849430369895075,Solve_Succeeded,0.028648125007748604,False,4041.0045229826605,0.0,0.0,False,False,1.0,10,0.0,-18873.97103988074,-0.12909678975991135,0.8378347324529601,0.3500000084904263,0.35000000859452773,0.35000000778009777,0.35,0.0,False,False,46824.76123046875,3090.036473215777,10.472285304456019,0.0011918773749491475,5690.216509914841,0.9303608946512464,0.8454174308359381,1.2293875720674339,0.6485713174581409,0.6573352173100183,1.0,0.003974919790454923,0.001090421166685319,0.006246505115645126,-0.06077663813443997,0.04369178412569492,0.011423261993863554,-68.50071747811049,False
1,stress,10056,fast_nmpc_1s,129.5,0.17546942092130355,0.035557524617121854,5.712801719064098,0.1777200622353956,0.03279065412430741,5.715599901659353,0.19325285558320815,-0.001504267578124996,-0.1552584387207031,0.12325285558320814,0.26325285558320816,-0.08,0.08,-0.0177834346619046,0.03706179219524685,5.868060157784801,held,0.0,False,4041.0045229826605,0.0,0.0,False,False,1.0,10,0.0,-19071.90830058263,-0.12886890137782975,0.8394743720419061,0.3500000084904263,0.35000000859452773,0.3500000082138925,0.35,0.0,False,False,46711.23419189453,3081.2966822619824,10.442665723857933,0.0012134066053133715,5760.27731111493,0.9303608946512464,0.8454174308359381,1.2293875720674339,0.6485713174581409,0.6573352173100183,1.0,0.003974919790454923,0.001090421166685319,0.006246505115645126,-0.06077663813443997,0.04369178412569492,0.011423261993863554,-68.50071747811049,False
1,stress,10056,fast_nmpc_1s,130.0,0.1739354544189009,0.03517667483254397,5.7304852197879015,0.17545884151646868,0.0360385423724127,5.732412035502809,0.19233001502629604,-0.0014853198242187893,-0.156005859375,0.12233001502629604,0.26233001502629605,-0.08,0.08,-0.01839456060739514,0.03666199465676276,5.8864910791629015,Solve_Succeeded,0.02916866698069498,False,4107.83094477092,0.0,0.0,False,False,1.0,10,0.0,-19267.660777158435,-0.1286339078119058,0.8410945884794722,0.35000000829534683,0.3500000084904263,0.35000000836118433,0.35,0.0,False,False,46599.12109375,3072.6723145274013,10.413437318216143,0.0012350493217324393,5830.244937655924,0.9303608946512464,0.8454174308359381,1.2293875720674339,0.6485713174581409,0.6573352173100183,1.0,0.003974919790454923,0.001090421166685319,0.006246505115645126,-0.06077663813443997,0.04369178412569492,0.011423261993863554,-68.50071747811049,False
1,stress,10056,fast_nmpc_1s,130.5,0.1723800082663183,0.03479192512312606,5.747977319378728,0.17109851028975073,0.03471260794259307,5.762213496503229,0.1914145702244553,-0.0014661816406250083,-0.1567437585449219,0.12141457022445529,0.2614145702244553,-0.08,0.08,-0.019034561958136992,0.03625810676375107,5.904721077923649,held,0.0,False,4107.83094477092,0.0,0.0,False,False,1.0,10,0.0,-19461.103402255707,-0.12839189320070354,0.8426951313457428,0.35000000829534683,0.3500000084904263,0.35000000843002327,0.35,0.0,False,False,46488.43621826172,3064.164273807798,10.384603150538863,0.0012567949817711972,5900.088576386643,0.9303608946512464,0.8454174308359381,1.2293875720674339,0.6485713174581409,0.6573352173100183,1.0,0.003974919790454923,0.001090421166685319,0.006246505115645126,-0.06077663813443997,0.04369178412569492,0.011423261993863554,-68.50071747811049,False
1,stress,10056,fast_nmpc_1s,131.0,0.17080348450784877,0.03440332169933737,5.765276079425597,0.16941732135269177,0.03433262060696913,5.765671411909671,0.19050678531179568,-0.001446853027343764,-0.157472041015625,0.12050678531179568,0.2605067853117957,-0.08,0.08,-0.019703300803946916,0.03585017472668114,5.922748120441222,Solve_Succeeded,0.029243541997857392,False,4155.063472433925,0.0,0.0,False,False,1.0,10,0.0,-19652.10985854798,-0.12814293503436808,0.844275750405994,0.2892026300950512,0.35000000829534683,0.35000000835828976,0.35,0.0,False,False,46379.19384765625,3055.7734627186314,10.356166279834195,0.0012786326381902188,5969.776889126756,0.9303608946512464,0.8454174308359381,1.2293875720674339,0.6485713174581409,0.6573352173100183,1.0,0.003974919790454923,0.001090421166685319,0.006246505115645126,-0.06077663813443997,0.04369178412569492,0.011423261993863554,-68.50071747811049,False
1,stress,10056,fast_nmpc_1s,131.5,0.16920626579719322,0.03401091329680627,5.782379585254167,0.1631687440687872,0.033472846989684675,5.788197439933006,0.18960692442242677,-0.001427333984375001,-0.15819061157226566,0.11960692442242676,0.2596069244224268,-0.08,0.08,-0.020400658625233548,0.03543824728118127,5.940570196826433,held,0.0,False,4155.063472433925,0.0,0.0,False,False,1.0,10,0.0,-19840.55278533897,-0.12788710511299578,0.8458361956343506,0.2892026300950512,0.35000000829534683,0.3500000083247641,0.35,0.0,False,False,46271.408264160156,3047.5007827021896,10.328129761134306,0.0013005509404884034,6039.278027432099,0.9303608946512464,0.8454174308359381,1.2293875720674339,0.6485713174581409,0.6573352173100183,1.0,0.003974919790454923,0.001090421166685319,0.006246505115645126,-0.06077663813443997,0.04369178412569492,0.011423261993863554,-68.50071747811049,False
1,stress,10056,fast_nmpc_1s,132.0,0.16758871861775443,0.03361475119604621,5.799285947194339,0.17182171890019096,0.03469257972699302,5.799573602172736,0.18871525169045833,-0.0014076245117187192,-0.158899375,0.11871525169045832,0.25871525169045834,-0.08,0.08,-0.0211265330727039,0.03502237570776493,5.958185322194339,Solve_Succeeded,0.031092333025299013,False,4195.00438747967,0.0,0.0,False,False,1.0,10,0.0,-18549.17924669541,-0.11817867822006234,0.8473762172376315,0.350000003602253,0.2892026300950512,0.3176171352502336,0.3176171352502336,-0.06476572949953274,False,False,46165.09375,3039.3471340346637,10.300496645519406,0.0013225381371882814,6108.559648156556,0.9303608946512464,0.8454174308359381,1.2293875720674339,0.6485713174581409,0.6573352173100183,1.0,0.003974919790454923,0.001090421166685319,0.006246505115645126,-0.06077663813443997,0.04369178412569492,0.011423261993863554,-68.50071747811049,False
1,stress,10056,fast_nmpc_1s,132.5,0.16595831817181375,0.03324442967337526,5.816000687211165,0.1667330677544238,0.032837408918042155,5.822660262289012,0.18783203125000003,-0.001387724609374974,-0.15959823608398438,0.11783203125000002,0.25783203125000004,-0.08,0.08,-0.02187371307818628,0.03463215428275023,5.975598923295149,held,0.0,False,4195.00438747967,0.0,0.0,False,False,1.0,10,0.0,-18013.634949366085,-0.11347174664710272,0.8488955656793845,0.350000003602253,0.2892026300950512,0.30248254654413426,0.30248254654413426,-0.0302691774121987,False,False,46060.264587402344,3031.31341583313,10.273269980141405,0.0013445820788874907,6177.588929808037,0.9303608946512464,0.8454174308359381,1.2293875720674339,0.6485713174581409,0.6573352173100183,1.0,0.003974919790454923,0.001090421166685319,0.006246505115645126,-0.06077663813443997,0.04369178412569492,0.011423261993863554,-68.50071747811049,False
1,stress,10056,fast_nmpc_1s,133.0,0.16432499318505636,0.03288482764438933,5.832532945652878,0.16198007889196378,0.034774933086830474,5.845845818984326,0.1869575272351615,-0.0013676342773437655,-0.16028709960937498,0.11695752723516151,0.2569575272351615,-0.08,0.08,-0.022632534050105152,0.0342524619217331,5.9928200452622535,Solve_Succeeded,0.030420042050536722,False,4266.656260194809,0.0,0.0,False,False,1.0,10,0.0,-19350.988906514485,-0.12058630949732788,0.850393991704108,0.3500000042326021,0.350000003602253,0.3277920553674192,0.3277920553674192,0.05061901764656984,False,False,45956.93505859375,3023.4005260624763,10.246452808247394,0.0013666702220988885,6246.33258969522,0.9303608946512464,0.8454174308359381,1.2293875720674339,0.6485713174581409,0.6573352173100183,1.0,0.003974919790454923,0.001090421166685319,0.006246505115645126,-0.06077663813443997,0.04369178412569492,0.011423261993863554,-68.50071747811049,False
1,stress,10056,fast_nmpc_1s,133.5,0.16268509317552926,0.032498487541804365,5.848878717742927,0.16880885500908197,0.030195455516185164,5.8520016801098445,0.1860920037800526,-0.0013473535156250382,-0.16096587036132814,0.1160920037800526,0.2560920037800526,-0.08,0.08,-0.02340691060452335,0.0338458410574294,6.009844588104255,held,0.0,False,4266.656260194809,0.0,0.0,False,False,1.0,10,0.0,-20076.96201781554,-0.1237704842310167,0.8518712463616613,0.3500000042326021,0.350000003602253,0.33962080834780506,0.33962080834780506,0.023657505960771763,False,False,45855.11944580078,3015.6093615422524,10.22004816920285,0.0013887896339006718,6314.756901860515,0.9303608946512464,0.8454174308359381,1.2293875720674339,0.6485713174581409,0.6573352173100183,1.0,0.003974919790454923,0.001090421166685319,0.006246505115645126,-0.06077663813443997,0.04369178412569492,0.011423261993863554,-68.50071747811049,False
1,stress,10056,fast_nmpc_1s,134.0,0.16102959169388542,0.03209764120740995,5.865027692090311,0.15774639628752957,0.03169093377572371,5.869336238310514,0.18523572501878288,-0.0013268823242187366,-0.16163445312500002,0.11523572501878288,0.2552357250187829,-0.08,0.08,-0.02420613332489746,0.03342452353162869,6.026662145215311,Solve_Succeeded,0.02927479101344943,False,4301.074499645229,0.0,0.0,False,False,1.0,10,0.0,-20511.565467457698,-0.12511025713886417,0.8533270810318607,0.15962079885111632,0.3500000042326021,0.3451491418506601,0.3451491418506601,0.011056667005710064,False,False,45754.83203125,3007.9408179534475,10.194059098514616,0.0014109269974167695,6382.82771579417,0.9303608946512464,0.8454174308359381,1.2293875720674339,0.6485713174581409,0.6573352173100183,1.0,0.003974919790454923,0.001090421166685319,0.006246505115645126,-0.06077663813443997,0.04369178412569492,0.011423261993863554,-68.50071747811049,False
1,stress,10056,fast_nmpc_1s,134.5,0.15935465068559349,0.03168811795259259,5.880974072764929,0.15955205117178245,0.03042877528668132,5.8841259113257465,0.1843889550854621,-0.0013062207031249717,-0.16229275268554688,0.1143889550854621,0.2543889550854621,-0.08,0.08,-0.025034304399868618,0.03299433865571756,6.043266825450476,held,0.0,False,4301.074499645229,0.0,0.0,False,False,1.0,10,0.0,-20806.31131082201,-0.12558242162788869,0.8547612474492646,0.15962079885111632,0.3500000042326021,0.34773288584407575,0.34773288584407575,0.0051674879868313095,False,False,45656.087097167976,3000.3957898452063,10.168488627853662,0.001433068618146381,6450.510475923167,0.9303608946512464,0.8454174308359381,1.2293875720674339,0.6485713174581409,0.6573352173100183,1.0,0.003974919790454923,0.001090421166685319,0.006246505115645126,-0.06077663813443997,0.04369178412569492,0.011423261993863554,-68.50071747811049,False
1,stress,10056,fast_nmpc_1s,135.0,0.15765886122218845,0.031272715747075346,5.8967142207392955,0.15609811124878345,0.03290595819510094,5.910116813918141,0.1835519581141999,-0.0012853686523437435,-0.162940673828125,0.11355195811419988,0.2535519581141999,-0.08,0.08,-0.02589309689201144,0.03255808439941909,6.05965489456742,Solve_Succeeded,0.02938004198949784,False,4355.292130681937,0.0,0.0,False,False,1.0,10,0.0,-16547.723061026696,-0.09876377946860343,0.856173497728144,0.18610668835873478,0.15962079885111632,0.24753761403709273,0.2577328858440757,-0.18000000000000005,False,True,45558.89892578125,2992.97517064147,10.143339785077583,0.0014552004311602204,6517.770241867892,0.9303608946512464,0.8454174308359381,1.2293875720674339,0.6485713174581409,0.6573352173100183,1.0,0.003974919790454923,0.001090421166685319,0.006246505115645126,-0.06077663813443997,0.04369178412569492,0.011423261993863554,-68.50071747811049,False
1,stress,10056,fast_nmpc_1s,135.5,0.15596356546061618,0.03094249491073591,5.912267962391087,0.15860661556614367,0.030193789265387357,5.904990573361081,0.18272499823910593,-0.0012643261718749965,-0.16357812133789063,0.11272499823910592,0.25272499823910594,-0.08,0.08,-0.026761432778489747,0.03220682108261091,6.075846083728978,held,0.0,False,4355.292130681937,0.0,0.0,False,False,1.0,10,0.0,-13822.120267260652,-0.08159236277913838,0.8575635843876396,0.18610668835873478,0.15962079885111632,0.20070995221707957,0.20070995221707957,-0.1140458672539923,False,False,45463.281799316406,2985.6798526475577,10.118615594252912,0.0014773080091794119,6584.571709458392,0.9303608946512464,0.8454174308359381,1.2293875720674339,0.6485713174581409,0.6573352173100183,1.0,0.003974919790454923,0.001090421166685319,0.006246505115645126,-0.06077663813443997,0.04369178412569492,0.011423261993863554,-68.50071747811049,False
1,stress,10056,fast_nmpc_1s,136.0,0.15430164947883748,0.030666780175172905,5.927670220781296,0.1585868364042654,0.03062339676819221,5.92696945598762,0.18190833959429,-0.0012430932617187862,-0.164205,0.11190833959429,0.25190833959429004,-0.08,0.08,-0.027606690115452526,0.031909873436891695,6.091875220781296,Solve_Succeeded,0.029422375024296343,False,4371.43741311963,0.0,0.0,False,False,1.0,10,0.0,-13508.176717504855,-0.07893502879822574,0.8589312603771045,0.020709942900324064,0.18610668835873478,0.19293172799478006,0.19293172799478006,-0.015556448444599025,False,False,45369.25,2978.5107270566778,10.094319075677182,0.0014993765715515174,6650.879232501718,0.9303608946512464,0.8454174308359381,1.2293875720674339,0.6485713174581409,0.6573352173100183,1.0,0.003974919790454923,0.001090421166685319,0.006246505115645126,-0.06077663813443997,0.04369178412569492,0.011423261993863554,-68.50071747811049,False
1,stress,10056,fast_nmpc_1s,136.5,0.15268381430895045,0.030397331708993912,5.942936189413771,0.1544507077642113,0.02961850522755466,5.940360085489256,0.1811022463138618,-0.0012216699218750016,-0.1648212145996094,0.11110224631386179,0.2511022463138618,-0.08,0.08,-0.028418432004911343,0.03161900163086891,6.10775740401338,held,0.0,False,4371.43741311963,0.0,0.0,False,False,1.0,10,0.0,-13395.731278514244,-0.07750804541332651,0.8602762791016343,0.020709942900324064,0.18610668835873478,0.189296466101946,0.189296466101946,-0.007270523785668115,False,False,45276.817810058594,2971.468683956373,10.07045324590077,0.001521390994136218,6716.656845290081,0.9303608946512464,0.8454174308359381,1.2293875720674339,0.6485713174581409,0.6573352173100183,1.0,0.003974919790454923,0.001090421166685319,0.006246505115645126,-0.06077663813443997,0.04369178412569492,0.011423261993863554,-68.50071747811049,False
1,stress,10056,fast_nmpc_1s,137.0,0.15110746372390468,0.030130120167682763,5.958067994025388,0.14775641893396282,0.030185681084079145,5.9589921962728285,0.18030698253193092,-0.0012000561523436981,-0.165426669921875,0.11030698253193091,0.25030698253193095,-0.08,0.08,-0.029199518808026237,0.031330176320026465,6.123494663947263,Solve_Succeeded,0.028858583013061434,False,4429.420519780934,0.0,0.0,False,False,1.0,10,0.0,-8841.980243818269,-0.05053386906868071,0.86159839444778,0.009296456782381451,0.020709942900324064,0.09950121272297005,0.09950121272297005,-0.1795905067579519,False,False,45185.99951171875,2964.5546123349086,10.047021117748553,0.001543335820111561,6781.868285839718,0.9303608946512464,0.8454174308359381,1.2293875720674339,0.6485713174581409,0.6573352173100183,1.0,0.003974919790454923,0.001090421166685319,0.006246505115645126,-0.06077663813443997,0.04369178412569492,0.011423261993863554,-68.50071747811049,False
1,stress,10056,fast_nmpc_1s,137.5,0.14959074955569854,0.02995396589955729,5.9730889588933165,0.1465428241720874,0.03058856540456269,5.982425939371754,0.1795228123826071,-0.0011782519531250424,-0.1660212707519531,0.10952281238260708,0.2495228123826071,-0.08,0.08,-0.02993206282690855,0.03113221785268233,6.1391102296452695,held,0.0,False,4429.420519780934,0.0,0.0,False,False,1.0,10,0.0,-6676.3310535446535,-0.03770090394728401,0.862897360809448,0.009296456782381451,0.020709942900324064,0.05753414499173582,0.05753414499173582,-0.08393413546246846,False,False,45096.80938720703,2957.7694000875917,10.024025700341314,0.0015651952717095283,6846.477019848599,0.9303608946512464,0.8454174308359381,1.2293875720674339,0.6485713174581409,0.6573352173100183,1.0,0.003974919790454923,0.001090421166685319,0.006246505115645126,-0.06077663813443997,0.04369178412569492,0.011423261993863554,-68.50071747811049,False
1,stress,10056,fast_nmpc_1s,138.0,0.1481590564919256,0.029821093117600887,5.988032669700003,0.14811334170848744,0.030649543957545496,5.991008208003753,0.17875000000000002,-0.0011562573242187568,-0.16660492187500003,0.10875000000000001,0.24875000000000003,-0.08,0.08,-0.030590943508074425,0.030977350441819644,6.1546375915750025,Solve_Succeeded,0.028465625015087426,False,4468.806004811334,0.0,0.0,False,False,1.0,10,0.0,-5321.615784974821,-0.029694147012280042,0.8641729331139841,-0.12246585313544192,0.009296456782381451,0.03184101512040727,0.03184101512040727,-0.051386259742657106,False,False,45009.26171875,2951.1139340230284,10.001469999116953,0.001586953262887778,6910.446265360971,0.9303608946512464,0.8454174308359381,1.2293875720674339,0.6485713174581409,0.6573352173100183,1.0,0.003974919790454923,0.001090421166685319,0.006246505115645126,-0.06077663813443997,0.04369178412569492,0.011423261993863554,-68.50071747811049,False
1,stress,10056,fast_nmpc_1s,138.5,0.14682011027184919,0.029715278290106353,6.002916711657972,0.13883733051412422,0.030237814120191112,6.007703098402743,0.1779888095182194,-0.0011340722656249524,-0.16717752807617187,0.1079888095182194,0.24798880951821942,-0.08,0.08,-0.031168699246370224,0.030849350555731306,6.170094239734143,held,0.0,False,4468.806004811334,0.0,0.0,False,False,1.0,10,0.0,-4668.504434799232,-0.02576632775342281,0.8654248668484424,-0.12246585313544192,0.009296456782381451,0.01983297147709037,0.01983297147709037,-0.0240160872866338,False,False,44923.37078857422,2944.589099869325,9.979357015851507,0.0016085934129421574,6973.739018125565,0.9303608946512464,0.8454174308359381,1.2293875720674339,0.6485713174581409,0.6573352173100183,1.0,0.003974919790454923,0.001090421166685319,0.006246505115645126,-0.06077663813443997,0.04369178412569492,0.011423261993863554,-68.50071747811049,False
1,stress,10056,fast_nmpc_1s,139.0,0.1455736781158182,0.02962248818358548,6.017751105490695,0.14583548781849845,0.029949166960510847,6.011228369830533,0.17723950507137493,-0.0011116967773437958,-0.167738994140625,0.10723950507137492,0.24723950507137493,-0.08,0.08,-0.031665826955556725,0.030734184960929275,6.18549009963132,Solve_Succeeded,0.028481457964517176,False,4497.429505209938,0.0,0.0,False,False,1.0,10,0.0,-577.14525177928,-0.002823767615664937,0.8666529180860374,-0.16016703330803245,-0.12246585313544192,-0.05596050696324244,-0.05596050696324244,-0.15158695688066562,False,False,44839.15087890625,2938.19578228022,9.957689748679924,0.0016300990610623547,7036.318077633567,0.9303608946512464,0.8454174308359381,1.2293875720674339,0.6485713174581409,0.6573352173100183,1.0,0.003974919790454923,0.001090421166685319,0.006246505115645126,-0.06077663813443997,0.04369178412569492,0.011423261993863554,-68.50071747811049,False
1,stress,10056,fast_nmpc_1s,139.5,0.14443286783183276,0.02961148311155126,6.032559554222739,0.14475974615683948,0.029309878081083443,6.039307861819005,0.1765023507935763,-0.0010891308593750093,-0.16828922485351566,0.10650235079357628,0.2465023507935763,-0.08,0.08,-0.03206948296174353,0.030700613970926268,6.200848779076255,held,0.0,False,4497.429505209938,0.0,0.0,False,False,1.0,10,0.0,1402.1758975750586,0.008093423927606432,0.867856843512781,-0.16016703330803245,-0.12246585313544192,-0.09138364931873831,-0.09138364931873831,-0.07084628471099175,False,False,44756.616271972656,2931.934864841167,9.93647119211668,0.0016514532818306994,7098.146073821727,0.9303608946512464,0.8454174308359381,1.2293875720674339,0.6485713174581409,0.6573352173100183,1.0,0.003974919790454923,0.001090421166685319,0.006246505115645126,-0.06077663813443997,0.04369178412569492,0.011423261993863554,-68.50071747811049,False
1,stress,10056,fast_nmpc_1s,140.0,0.14341521539252947,0.029640011685516846,6.047372388272114,0.14018257966834943,0.030433548863454764,6.055025432505095,0.17577761081893314,-0.0010663745117187595,-0.168828125,0.10577761081893314,0.24577761081893315,-0.08,0.08,-0.03236239542640368,0.030706386197235605,6.216200513272114,Solve_Succeeded,0.02861179201863706,False,4564.739299925012,0.0,0.0,False,False,1.0,10,0.0,3481.440348915224,0.019369462212422126,0.8690364004543025,-0.2713836147668976,-0.16016703330803245,-0.12802015665209937,-0.12802015665209937,-0.07327301466672212,False,False,44675.78125,2925.80723007535,9.91570433707618,0.001672638901661661,7159.1854944252045,0.9303608946512464,0.8454174308359381,1.2293875720674339,0.6485713174581409,0.6573352173100183,1.0,0.003974919790454923,0.001090421166685319,0.006246505115645126,-0.06077663813443997,0.04369178412569492,0.011423261993863554,-68.50071747811049,False
1,stress,10056,fast_nmpc_1s,140.5,0.14252709164057797,0.029710068796551758,6.062209873518177,0.14620537554903826,0.029506313707843315,6.059389923888934,0.1750655492815552,-0.001043427734374991,-0.16935559936523442,0.1050655492815552,0.24506554928155522,-0.08,0.08,-0.032538457640977236,0.03075349653092675,6.231565472883411,held,0.0,False,4564.739299925012,0.0,0.0,False,False,1.0,10,0.0,4513.943946645286,0.02479455032326786,0.8701913469028518,-0.2713836147668976,-0.16016703330803245,-0.14514274082930498,-0.14514274082930498,-0.034245168354411215,False,False,44596.660095214844,2919.813759449646,9.895392170892935,0.0016936385161770706,7219.398712963961,0.9303608946512464,0.8454174308359381,1.2293875720674339,0.6485713174581409,0.6573352173100183,1.0,0.003974919790454923,0.001090421166685319,0.006246505115645126,-0.06077663813443997,0.04369178412569492,0.011423261993863554,-68.50071747811049,False
1,stress,10056,fast_nmpc_1s,141.0,0.14176961947855107,0.02980071693994902,6.0770875399788205,0.1416902080700454,0.028260914308271413,6.073597182575481,0.17436643031555224,-0.0010202905273437035,-0.169871552734375,0.10436643031555223,0.24436643031555225,-0.08,0.08,-0.03259681083700117,0.030821007467292723,6.246959092713196,Solve_Succeeded,0.02787295903544873,False,4586.229906260218,0.0,0.0,False,False,1.0,10,0.0,8359.418617179543,0.04522970134774761,0.8713214415444862,-0.32514274950982974,-0.2713836147668976,-0.21238317646277696,-0.21238317646277696,-0.13448087126694397,False,False,44519.26708984375,2913.9553333805284,9.875537677341596,0.0017144345085094567,7278.748017345888,0.9303608946512464,0.8454174308359381,1.2293875720674339,0.6485713174581409,0.6573352173100183,1.0,0.003974919790454923,0.001090421166685319,0.006246505115645126,-0.06077663813443997,0.04369178412569492,0.011423261993863554,-68.50071747811049,False
1,stress,10056,fast_nmpc_1s,141.5,0.14115250180380332,0.029968211756646095,6.092029747563983,0.14583730653726495,0.030329577380444006,6.095696627324728,0.17368051805503382,-0.0009969628906250083,-0.17037588989257813,0.10368051805503381,0.24368051805503382,-0.08,0.08,-0.0325280162512305,0.030965174647271103,6.2624056374565615,held,0.0,False,4586.229906260218,0.0,0.0,False,False,1.0,10,0.0,10247.678915527931,0.054922314565055835,0.8724264437864387,-0.32514274950982974,-0.2713836147668976,-0.24380893462170777,-0.24380893462170777,-0.06285151631786162,False,False,44443.61651611328,2908.2328312399127,9.856143836656756,0.0017350090685231715,7337.195639068908,0.9303608946512464,0.8454174308359381,1.2293875720674339,0.6485713174581409,0.6573352173100183,1.0,0.003974919790454923,0.001090421166685319,0.006246505115645126,-0.06077663813443997,0.04369178412569492,0.011423261993863554,-68.50071747811049,False
1,stress,10056,fast_nmpc_1s,142.0,0.1406880652940516,0.030173400490630508,6.107065131997361,0.13866294723457695,0.029356511485282136,6.101996413747667,0.17300807663410972,-0.0009734448242187388,-0.170868515625,0.10300807663410971,0.24300807663410973,-0.08,0.08,-0.03232001134005813,0.031146845314849247,6.277933647622361,Solve_Succeeded,0.027956250007264316,False,4627.5098084759575,0.0,0.0,False,False,1.0,10,0.0,12837.037947119028,0.06817346831992172,0.87350611378467,-0.3500000018601662,-0.32514274950982974,-0.2871302534167049,-0.2871302534167049,-0.08664263758999424,False,False,44369.72265625,2902.64713136095,9.837213625552586,0.0017553442129402703,7394.703783003961,0.9303608946512464,0.8454174308359381,1.2293875720674339,0.6485713174581409,0.6573352173100183,1.0,0.003974919790454923,0.001090421166685319,0.006246505115645126,-0.06077663813443997,0.04369178412569492,0.011423261993863554,-68.50071747811049,False
1,stress,10056,fast_nmpc_1s,142.5,0.14038163314322394,0.030430301853906164,6.122216045228259,0.1340428929398311,0.0314853195274057,6.118285938122071,0.17234937018688956,-0.000949736328125006,-0.17134933471679686,0.10234937018688955,0.24234937018688957,-0.08,0.08,-0.03196773704366562,0.03138003818203117,6.293565379945056,held,0.0,False,4627.5098084759575,0.0,0.0,False,False,1.0,10,0.0,14136.05231514854,0.07446622986978922,0.8745602124716015,-0.3500000018601662,-0.32514274950982974,-0.3073770777382865,-0.3073770777382865,-0.04049364864316318,False,False,44297.59979248047,2897.199111043762,9.818750017242264,0.001775421806355176,7451.2346577396165,0.9303608946512464,0.8454174308359381,1.2293875720674339,0.6485713174581409,0.6573352173100183,1.0,0.003974919790454923,0.001090421166685319,0.006246505115645126,-0.06077663813443997,0.04369178412569492,0.011423261993863554,-68.50071747811049,False
1,stress,10056,fast_nmpc_1s,143.0,0.14023500942153566,0.030713106002679333,6.137501891273232,0.14438501118596136,0.02992783010627479,6.146686985998436,0.1717046628474831,-0.0009258374023437543,-0.171818251953125,0.10170466284748308,0.2417046628474831,-0.08,0.08,-0.03146965342594743,0.03163894340502309,6.3093201432263575,Solve_Succeeded,0.027912666962947696,False,4679.48771698067,0.0,0.0,False,False,1.0,10,0.0,15587.710774550655,0.08146944018991376,0.8755885015840311,-0.12737707778134014,-0.3500000018601662,-0.3300795820582773,-0.3300795820582773,-0.04540500863998165,False,False,44227.26220703125,2891.8896465611238,9.800755981457243,0.0017952235831194042,7506.750506468909,0.9303608946512464,0.8454174308359381,1.2293875720674339,0.6485713174581409,0.6573352173100183,1.0,0.003974919790454923,0.001090421166685319,0.006246505115645126,-0.06077663813443997,0.04369178412569492,0.011423261993863554,-68.50071747811049,False
1,stress,10056,fast_nmpc_1s,143.5,0.14024454818048918,0.031024866629576688,6.152936384892461,0.13440656234041304,0.031495057761703624,6.149211660507876,0.17107421875,-0.0009017480468749839,-0.17227517211914062,0.10107421875,0.24107421875,-0.08,0.08,-0.03082967056951083,0.03192661467645167,6.325211557011602,held,0.0,False,4679.48771698067,0.0,0.0,False,False,1.0,10,0.0,16345.264834147338,0.0847962704828726,0.8765907436912289,-0.12737707778134014,-0.3500000018601662,-0.34068991501702106,-0.34068991501702106,-0.021220665917487502,False,False,44158.724182128906,2886.719613164095,9.783234484466332,0.0018147311700745384,7561.213638397847,0.9303608946512464,0.8454174308359381,1.2293875720674339,0.6485713174581409,0.6573352173100183,1.0,0.003974919790454923,0.001090421166685319,0.006246505115645126,-0.06077663813443997,0.04369178412569492,0.011423261993863554,-68.50071747811049,False
1,stress,10056,fast_nmpc_1s,144.0,0.1404043463949137,0.03135170305604792,6.168530533996821,0.13942032478108574,0.032885700796637565,6.163849449068644,0.17045830202855,-0.0008774682617187501,-0.17271999999999998,0.10045830202855,0.24045830202855,-0.08,0.08,-0.030053955633636303,0.03222917131776667,6.341250533996821,Solve_Succeeded,0.029253083979710937,False,4710.848750679188,0.0,0.0,False,False,1.0,10,0.0,11178.302003024774,0.05769561269541052,0.8775667022232162,-0.16068990801132185,-0.12737707778134014,-0.2270718161037507,-0.2506899150170211,0.17999999999999994,False,True,44092.0,2881.6898850875914,9.766188489094581,0.0018339261101087772,7614.586460654588,0.9303608946512464,0.8454174308359381,1.2293875720674339,0.6485713174581409,0.6573352173100183,1.0,0.003974919790454923,0.001090421166685319,0.006246505115645126,-0.06077663813443997,0.04369178412569492,0.011423261993863554,-68.50071747811049,False
1,stress,10056,fast_nmpc_1s,144.5,0.14067732586111556,0.03157513847665793,6.184262255796744,0.14905282306436493,0.030349173809993937,6.184998945430862,0.1698571768172427,-0.0008529980468749976,-0.17315264038085937,0.09985717681724268,0.2398571768172427,-0.08,0.08,-0.02917985095612713,0.03242813652353293,6.357414896177604,held,0.0,False,4710.848750679188,0.0,0.0,False,False,1.0,10,0.0,6706.816910125945,0.03452023752702606,0.8785161414992242,-0.16068990801132185,-0.12737707778134014,-0.17397080827582823,-0.17397080827582823,0.15343821348238573,False,False,44027.103942871094,2876.8013355559106,9.749620954742001,0.0018527898865093155,7666.8315106777345,0.9303608946512464,0.8454174308359381,1.2293875720674339,0.6485713174581409,0.6573352173100183,1.0,0.003974919790454923,0.001090421166685319,0.006246505115645126,-0.06077663813443997,0.04369178412569492,0.011423261993863554,-68.50071747811049,False
1,stress,10056,fast_nmpc_1s,145.0,0.14100609677756668,0.031709111533418544,6.200083332107543,0.14465120259967623,0.031443238602434656,6.198660620894563,0.16927110725018785,-0.0008283374023437817,-0.17357299804687498,0.09927110725018784,0.23927110725018785,-0.08,0.08,-0.02826501047262117,0.032537448935762325,6.373656330154418,Solve_Succeeded,0.028415624983608723,False,4750.072498115948,0.0,0.0,False,False,1.0,10,0.0,6325.731433822313,0.032362990138482844,0.8794388267563331,0.00602920002681688,-0.16068990801132185,-0.16689692252443866,-0.16689692252443866,0.014147771502779127,False,False,43964.05029296875,2872.054836788207,9.733534837402127,0.0018713039480797798,7717.911489061254,0.9303608946512464,0.8454174308359381,1.2293875720674339,0.6485713174581409,0.6573352173100183,1.0,0.003974919790454923,0.001090421166685319,0.006246505115645126,-0.06077663813443997,0.04369178412569492,0.011423261993863554,-68.50071747811049,False
1,stress,10056,fast_nmpc_1s,145.5,0.14136221465900398,0.0318354474947977,6.215969486911183,0.13888398348210104,0.02992876415138324,6.219451312017696,0.16870035746149514,-0.0008034863281249915,-0.17398097778320315,0.09870035746149514,0.23870035746149515,-0.08,0.08,-0.027338142802491167,0.03263893382292269,6.389950464694386,held,0.0,False,4750.072498115948,0.0,0.0,False,False,1.0,10,0.0,6162.480001100824,0.03133422845854686,0.8803345241782927,0.00602920002681688,-0.16068990801132185,-0.1635908430683381,-0.1635908430683381,0.006612158912201127,False,False,43902.85333251953,2867.45126000391,9.717933089680376,0.0018894497349889524,7767.789292833199,0.9303608946512464,0.8454174308359381,1.2293875720674339,0.6485713174581409,0.6573352173100183,1.0,0.003974919790454923,0.001090421166685319,0.006246505115645126,-0.06077663813443997,0.04369178412569492,0.011423261993863554,-68.50071747811049,False
1,stress,10056,fast_nmpc_1s,146.0,0.14174026567643974,0.031958505856647314,6.2319179913172125,0.14698657104928378,0.031653812071836054,6.226811221104485,0.16814519158527425,-0.0007784448242186826,-0.17437648437499997,0.09814519158527424,0.23814519158527425,-0.08,0.08,-0.026404925908834503,0.032736950680865996,6.406294475692213,Solve_Succeeded,0.0283910830039531,False,4786.233664678029,0.0,0.0,False,False,1.0,10,0.0,731.6343138204473,0.003998664666723471,0.8812030009245224,0.016409164217490897,0.00602920002681688,-0.07324509977504663,-0.0735908430683381,0.18,False,True,43843.52734375,2862.991475428098,9.702818660812255,0.001907208705313871,7816.428049144382,0.9303608946512464,0.8454174308359381,1.2293875720674339,0.6485713174581409,0.6573352173100183,1.0,0.003974919790454923,0.001090421166685319,0.006246505115645126,-0.06077663813443997,0.04369178412569492,0.011423261993863554,-68.50071747811049,False
1,stress,10056,fast_nmpc_1s,146.5,0.14211101599009499,0.03197294593300658,6.24790087009051,0.14026656258340536,0.032745804615000484,6.246994377063231,0.16760587375563488,-0.0007532128906250213,-0.17475942260742183,0.09760587375563487,0.23760587375563488,-0.08,0.08,-0.02549485776553989,0.0327261588236316,6.422660292697932,held,0.0,False,4786.233664678029,0.0,0.0,False,False,1.0,10,0.0,-1877.871889684107,-0.00898784823655986,0.8820440251592905,0.016409164217490897,0.00602920002681688,-0.03102075288205161,-0.03102075288205161,0.08514018037257298,False,False,43786.08660888672,2858.67635229682,9.68819449668141,0.0019245623622374745,7863.791149342912,0.9303608946512464,0.8454174308359381,1.2293875720674339,0.6485713174581409,0.6573352173100183,1.0,0.003974919790454923,0.001090421166685319,0.006246505115645126,-0.06077663813443997,0.04369178412569492,0.011423261993863554,-68.50071747811049,False
1,stress,10056,fast_nmpc_1s,147.0,0.14243740478977684,0.0319352160741283,6.263877924592133,0.13548400045712702,0.03188389573634284,6.265731334222622,0.16708266810668673,-0.0007277905273437857,-0.175129697265625,0.09708266810668673,0.23708266810668674,-0.08,0.08,-0.024645263316909888,0.03266300660147209,6.439007621857758,Solve_Succeeded,0.02765220799483359,False,4856.435660426176,0.0,0.0,False,False,1.0,10,0.0,-3455.793253856602,-0.016728034512118142,0.8828573660810748,0.14897925178236895,0.016409164217490897,-0.005757870993185008,-0.005757870993185008,0.050525763777733206,False,False,43730.54541015625,2854.506758862366,9.674063539837478,0.0019414922818578495,7909.84228340946,0.9303608946512464,0.8454174308359381,1.2293875720674339,0.6485713174581409,0.6573352173100183,1.0,0.003974919790454923,0.001090421166685319,0.006246505115645126,-0.06077663813443997,0.04369178412569492,0.011423261993863554,-68.50071747811049,False
1,stress,10056,fast_nmpc_1s,147.5,0.1427043271027769,0.0318659569784949,6.279828229358371,0.13849423490254215,0.03244951346668454,6.273723282891933,0.16657583877253945,-0.0007021777343750313,-0.17548721313476562,0.09657583877253945,0.23657583877253946,-0.08,0.08,-0.023871511669762563,0.03256813471286993,6.455315442493136,held,0.0,False,4856.435660426176,0.0,0.0,False,False,1.0,10,0.0,-4217.452171238174,-0.020374315123020903,0.8836427939521009,0.14897925178236895,0.016409164217490897,0.006049090237178478,0.006049090237178478,0.023613922460726973,False,False,43676.918029785156,2850.4835623984977,9.660428729513812,0.001957980141563203,7954.545474727721,0.9303608946512464,0.8454174308359381,1.2293875720674339,0.6485713174581409,0.6573352173100183,1.0,0.003974919790454923,0.001090421166685319,0.006246505115645126,-0.06077663813443997,0.04369178412569492,0.011423261993863554,-68.50071747811049,False
1,stress,10056,fast_nmpc_1s,148.0,0.14290698521677275,0.031781497403857537,6.295740101726316,0.1428913291345314,0.032202361441898156,6.298462984768944,0.1660856498873028,-0.0006763745117187581,-0.17583187500000003,0.09608564988730278,0.2360856498873028,-0.08,0.08,-0.023178664670530036,0.032457871915576295,6.471571976726316,Solve_Succeeded,0.028292041970416903,False,4892.616353081055,0.0,0.0,False,False,1.0,10,0.0,-8993.942651053623,-0.0435928926669776,0.8844000801280599,0.18604909862772542,0.14897925178236895,0.08217884146349043,0.08217884146349043,0.1522595024526239,False,False,43625.21875,2846.6076292056214,9.647293001645018,0.001974007748923723,7997.86511516365,0.9303608946512464,0.8454174308359381,1.2293875720674339,0.6485713174581409,0.6573352173100183,1.0,0.003974919790454923,0.001090421166685319,0.006246505115645126,-0.06077663813443997,0.04369178412569492,0.011423261993863554,-68.50071747811049,False
1,stress,10056,fast_nmpc_1s,148.5,0.1430255188311199,0.031601548607678824,6.311585868354427,0.1426631212546171,0.028472769797653105,6.314051228771031,0.16561236558508644,-0.000650380859374966,-0.17616358764648438,0.09561236558508643,0.23561236558508644,-0.08,0.08,-0.022586846753966522,0.03225192946705379,6.487749456000911,held,0.0,False,4892.616353081055,0.0,0.0,False,False,1.0,10,0.0,-11280.107543837405,-0.054473400299390025,0.8851289970880061,0.18604909862772542,0.14897925178236895,0.11775914560932946,0.11775914560932946,0.07116060829167806,False,False,43575.461853027344,2842.879824615921,9.634659288884347,0.001989557071048618,8039.766000426523,0.9303608946512464,0.8454174308359381,1.2293875720674339,0.6485713174581409,0.6573352173100183,1.0,0.003974919790454923,0.001090421166685319,0.006246505115645126,-0.06077663813443997,0.04369178412569492,0.011423261993863554,-68.50071747811049,False
1,stress,10056,fast_nmpc_1s,149.0,0.14303548882654407,0.03137593250633621,6.327330239014151,0.140118139637044,0.031960393303961554,6.332718576734259,0.16515625,-0.0006241967773437107,-0.176482255859375,0.09515625,0.23515625,-0.08,0.08,-0.022120761173455933,0.03200012928367992,6.503812494873525,Solve_Succeeded,0.028381082986015826,False,4944.6787829770055,0.0,0.0,False,False,1.0,10,0.0,-13634.935512909293,-0.0655847606013885,0.8858293184644305,0.29775915308127515,0.18604909862772542,0.1541328338382011,0.1541328338382011,0.07274737645774326,False,False,43527.66162109375,2839.3010129984405,9.622530520620925,0.002004610264353815,8080.213365684087,0.9303608946512464,0.8454174308359381,1.2293875720674339,0.6485713174581409,0.6573352173100183,1.0,0.003974919790454923,0.001090421166685319,0.006246505115645126,-0.06077663813443997,0.04369178412569492,0.011423261993863554,-68.50071747811049,False
1,stress,10056,fast_nmpc_1s,149.5,0.1429262511654624,0.031103282054757632,6.3429500377764,0.1338883516514352,0.032392999710849024,6.3497590940461714,0.16471756726615328,-0.0005978222656249921,-0.1767877844238281,0.09471756726615327,0.23471756726615328,-0.08,0.08,-0.021791316100690877,0.031701104320382624,6.519737822200228,held,0.0,False,4944.6787829770055,0.0,0.0,False,False,1.0,10,0.0,-14778.005740330598,-0.07076952856127477,0.8865008190735161,0.29775915308127515,0.18604909862772542,0.17113258583058485,0.17113258583058485,0.03399950398476753,False,False,43481.83233642579,2835.872057764125,9.61090962299683,0.0020191497046830103,8119.172921403238,0.9303608946512464,0.8454174308359381,1.2293875720674339,0.6485713174581409,0.6573352173100183,1.0,0.003974919790454923,0.001090421166685319,0.006246505115645126,-0.06077663813443997,0.04369178412569492,0.011423261993863554,-68.50071747811049,False
1,stress,10056,fast_nmpc_1s,150.0,0.14269379676124605,0.03080783607600563,6.358427806952593,0.14728063078123088,0.030404113339592344,6.363507063757023,0.16429658151765592,-0.0005712573242187546,-0.17708007812499998,0.09429658151765591,0.23429658151765592,-0.08,0.08,-0.021602784756409865,0.031379093400224385,6.5355078850775925,Solve_Succeeded,0.029143666964955628,False,4978.82464736025,0.0,0.0,False,False,1.0,10,0.0,-19139.98182599312,-0.09133446978213541,0.8871432749455687,0.32879146320563774,0.29775915308127515,0.23857845561216345,0.23857845561216345,0.1348917395631572,False,False,43437.98828125,2832.59382137081,9.599799518924007,0.0020331580177222336,8156.610889387152,0.9303608946512464,0.8454174308359381,1.2293875720674339,0.6485713174581409,0.6573352173100183,1.0,0.003974919790454923,0.001090421166685319,0.006246505115645126,-0.06077663813443997,0.04369178412569492,0.011423261993863554,-68.50071747811049,False
1,stress,10056,fast_nmpc_1s,150.5,0.14232464739580702,0.03042522183461549,6.3737360549336275,0.1463041799329265,0.0300964635337728,6.368217640926355,0.1638935568886176,-0.0005445019531249984,-0.17735904174804684,0.09389355688861759,0.2338935568886176,-0.08,0.08,-0.021568909492810567,0.03096972378774049,6.551095096681674,held,0.0,False,4978.82464736025,0.0,0.0,False,False,1.0,10,0.0,-21232.860265832205,-0.10091344478544699,0.8877564633556255,0.32879146320563774,0.29775915308127515,0.2701002262938444,0.2701002262938444,0.06304354136336188,False,False,43396.14373779297,2829.467165328174,9.589203128101051,0.002046618109645396,8192.494038978712,0.9303608946512464,0.8454174308359381,1.2293875720674339,0.6485713174581409,0.6573352173100183,1.0,0.003974919790454923,0.001090421166685319,0.006246505115645126,-0.06077663813443997,0.04369178412569492,0.011423261993863554,-68.50071747811049,False
1,stress,10056,fast_nmpc_1s,151.0,0.1418027123924196,0.03000083237690565,6.388842545094691,0.1421897997258777,0.02967841722939372,6.388086787488122,0.16350875751314803,-0.0005175561523437788,-0.17762458007812498,0.09350875751314802,0.23350875751314804,-0.08,0.08,-0.021706045120728434,0.03051838852924943,6.5664671251728155,Solve_Succeeded,0.029072541976347566,False,5019.956095698315,0.0,0.0,False,False,1.0,10,0.0,-23316.089353853262,-0.11038436153600074,0.8883401628542431,0.20616046406226454,0.32879146320563774,0.30136129265629064,0.30136129265629064,0.06252213272489249,False,False,43356.31298828125,2826.4929502026407,9.579123367029817,0.002059513197926076,8226.789723399666,0.9303608946512464,0.8454174308359381,1.2293875720674339,0.6485713174581409,0.6573352173100183,1.0,0.003974919790454923,0.001090421166685319,0.006246505115645126,-0.06077663813443997,0.04369178412569492,0.011423261993863554,-68.50071747811049,False
1,stress,10056,fast_nmpc_1s,151.5,0.14112417399241187,0.02953486339527523,6.403726438528886,0.14185402988182405,0.028728428765075274,6.392533200063279,0.1631424475253569,-0.0004904199218750405,-0.17787659790039062,0.09314244752535689,0.2331424475253569,-0.08,0.08,-0.022018273532945026,0.03002528331715027,6.581603036429277,held,0.0,False,5019.956095698315,0.0,0.0,False,False,1.0,10,0.0,-24327.291968737445,-0.11473006158841612,0.8888941532984604,0.20616046406226454,0.32879146320563774,0.3159715893035582,0.3159715893035582,0.02922059329453508,False,False,43318.510314941406,2823.6720356222395,9.569563149031898,0.0020718268422482903,8259.46591619362,0.9303608946512464,0.8454174308359381,1.2293875720674339,0.6485713174581409,0.6573352173100183,1.0,0.003974919790454923,0.001090421166685319,0.006246505115645126,-0.06077663813443997,0.04369178412569492,0.011423261993863554,-68.50071747811049,False
1,stress,10056,fast_nmpc_1s,152.0,0.1402908269396854,0.0290487558528346,6.418372305752949,0.14442749919028894,0.02936582361496642,6.430863974320773,0.1627948910593539,-0.0004630932617187278,-0.17811500000000002,0.0927948910593539,0.23279489105935391,-0.08,0.08,-0.022504064119668515,0.02951184911455333,6.596487305752949,Solve_Succeeded,0.030827875016257167,False,5079.676140754387,0.0,0.0,False,False,1.0,10,0.0,-20582.973916844385,-0.0966585194295492,0.8894182158829406,0.192014902758953,0.20616046406226454,0.25748222949227784,0.25748222949227784,-0.11697871962256068,False,False,43282.75,2821.0052802814257,9.56052538426496,0.0020835429754470624,8290.491247740629,0.9303608946512464,0.8454174308359381,1.2293875720674339,0.6485713174581409,0.6573352173100183,1.0,0.003974919790454923,0.001090421166685319,0.006246505115645126,-0.06077663813443997,0.04369178412569492,0.011423261993863554,-68.50071747811049,False
1,stress,10056,fast_nmpc_1s,152.5,0.13933218983840562,0.028637608169462415,6.4327938534042035,0.1388493826776764,0.03008127940137705,6.439895447016075,0.16246635224924869,-0.0004355761718750073,-0.17833969116210935,0.09246635224924868,0.2324663522492487,-0.08,0.08,-0.023134162410843068,0.029073184341337422,6.611133544566313,held,0.0,False,5079.676140754387,0.0,0.0,False,False,1.0,10,0.0,-18827.608597116665,-0.08807598322153429,0.8899121331712881,0.192014902758953,0.20616046406226454,0.23014640902973166,0.23014640902973166,-0.05467164092509236,False,False,43249.046325683594,2818.4935419458525,9.55201297973891,0.0020946459344074824,8319.835041809893,0.9303608946512464,0.8454174308359381,1.2293875720674339,0.6485713174581409,0.6573352173100183,1.0,0.003974919790454923,0.001090421166685319,0.006246505115645126,-0.06077663813443997,0.04369178412569492,0.011423261993863554,-68.50071747811049,False
1,stress,10056,fast_nmpc_1s,153.0,0.13828721168082625,0.028261618596354107,6.447018612697359,0.13923250045401975,0.026154052950318356,6.445821341368283,0.162157095229151,-0.000407868652343768,-0.17855057617187503,0.092157095229151,0.232157095229151,-0.08,0.08,-0.023869883548324755,0.028669487248697875,6.6255691888692345,Solve_Succeeded,0.02933545899577439,False,5110.432482132605,0.0,0.0,False,False,1.0,10,0.0,-17509.01042871707,-0.08161396527325648,0.8903756891275432,0.050146399171179974,0.192014902758953,0.2098361956017485,0.2098361956017485,-0.04062042685596634,False,False,43217.41357421875,2816.1376774571086,9.544028839331956,0.002105120490849224,8347.46735211642,0.9303608946512464,0.8454174308359381,1.2293875720674339,0.6485713174581409,0.6573352173100183,1.0,0.003974919790454923,0.001090421166685319,0.006246505115645126,-0.06077663813443997,0.04369178412569492,0.011423261993863554,-68.50071747811049,False
1,stress,10056,fast_nmpc_1s,153.5,0.13717942478682293,0.0279120386083874,6.461061976606581,0.1390346727501965,0.027753622000890307,6.46560143657709,0.16186738413317056,-0.0003799707031249544,-0.17874755981445312,0.09186738413317055,0.23186738413317057,-0.08,0.08,-0.024687959346347627,0.028292009311512354,6.639809536421034,held,0.0,False,5110.432482132605,0.0,0.0,False,False,1.0,10,0.0,-16883.88098635842,-0.07844531589337624,0.8908086691478525,0.050146399171179974,0.192014902758953,0.20034393325497774,0.20034393325497774,-0.018984524693541505,False,False,43187.86602783203,2813.938542737408,9.536575863806503,0.0021149518819217916,8373.35899884623,0.9303608946512464,0.8454174308359381,1.2293875720674339,0.6485713174581409,0.6573352173100183,1.0,0.003974919790454923,0.001090421166685319,0.006246505115645126,-0.06077663813443997,0.04369178412569492,0.011423261993863554,-68.50071747811049,False
1,stress,10056,fast_nmpc_1s,154.0,0.1360245308553183,0.027574989650727893,6.474933680989889,0.1332705069831733,0.026040436803638507,6.470031734923087,0.161597483095417,-0.000351882324218733,-0.17893054687499999,0.09159748309541699,0.231597483095417,-0.08,0.08,-0.0255729522400987,0.027926871974946626,6.653864227864889,Solve_Succeeded,0.02835874998709187,False,5155.608818829515,0.0,0.0,False,False,1.0,10,0.0,-11597.59912374778,-0.05362981756585669,0.8912108600923155,0.02034392341332103,0.050146399171179974,0.12034331770267692,0.12034331770267692,-0.16000123110460163,False,False,43160.41796875,2811.8969927942394,9.529656950824899,0.0021241258405344196,8397.481605114142,0.9303608946512464,0.8454174308359381,1.2293875720674339,0.6485713174581409,0.6573352173100183,1.0,0.003974919790454923,0.001090421166685319,0.006246505115645126,-0.06077663813443997,0.04369178412569492,0.011423261993863554,-68.50071747811049,False
1,stress,10056,fast_nmpc_1s,154.5,0.13485584260724498,0.027343679928803467,6.488663294958031,0.12984891719579897,0.027459784483262,6.483008813140504,0.16134765625,-0.0003236035156249928,-0.17909944213867185,0.09134765624999999,0.23134765625,-0.08,0.08,-0.02649181364275502,0.02766728344442846,6.667762737096703,held,0.0,False,5155.608818829515,0.0,0.0,False,False,1.0,10,0.0,-9092.758998532678,-0.04186676281163841,0.8915820503170069,0.02034392341332103,0.050146399171179974,0.08295391096806755,0.08295391096806755,-0.07477881346921875,False,False,43135.08367919922,2810.013881724981,9.523274994965092,0.0021326286253432014,8419.807633316726,0.9303608946512464,0.8454174308359381,1.2293875720674339,0.6485713174581409,0.6573352173100183,1.0,0.003974919790454923,0.001090421166685319,0.006246505115645126,-0.06077663813443997,0.04369178412569492,0.011423261993863554,-68.50071747811049,False
1,stress,10056,fast_nmpc_1s,155.0,0.13371144709399677,0.02716245703991276,6.502289776764728,0.1321784801593084,0.030142249082022708,6.499489571270513,0.1611181677310293,-0.00029513427734373376,-0.17925415039062498,0.09111816773102929,0.2311181677310293,-0.08,0.08,-0.027406720637032533,0.027457591317256495,6.681543927155353,Solve_Succeeded,0.028368750005029142,False,5197.676907373262,0.0,0.0,False,False,1.0,10,0.0,-6840.457834638611,-0.03134121397006781,0.8919220297061744,0.20371274523355132,0.02034392341332103,0.04960557689151008,0.04960557689151008,-0.06669666815311494,False,False,43111.87744140625,2808.2900627214676,9.517432887736097,0.0021404470503171603,8440.310421342294,0.9303608946512464,0.8454174308359381,1.2293875720674339,0.6485713174581409,0.6573352173100183,1.0,0.003974919790454923,0.001090421166685319,0.006246505115645126,-0.06077663813443997,0.04369178412569492,0.011423261993863554,-68.50071747811049,False
1,stress,10056,fast_nmpc_1s,155.5,0.13261130941523214,0.02702625863499846,6.515836905170107,0.13037285511349156,0.030081768836619907,6.510239926519429,0.1609092816726146,-0.00026647460937501144,-0.17939457641601558,0.09090928167261458,0.2309092816726146,-0.08,0.08,-0.028297972257382453,0.027292733244373472,6.695231481586123,held,0.0,False,5197.676907373262,0.0,0.0,False,False,1.0,10,0.0,-5758.339588961012,-0.02627500544672183,0.8922305897046117,0.20371274523355132,0.02034392341332103,0.0340197664811528,0.0340197664811528,-0.031171620820714563,False,False,43090.81353759766,2806.7263880745245,9.512133517593359,0.0021475685138040426,8458.964218598507,0.9303608946512464,0.8454174308359381,1.2293875720674339,0.6485713174581409,0.6573352173100183,1.0,0.003974919790454923,0.001090421166685319,0.006246505115645126,-0.06077663813443997,0.04369178412569492,0.011423261993863554,-68.50071747811049,False
1,stress,10056,fast_nmpc_1s,156.0,0.1315664940838008,0.026911673682314532,6.529321340180122,0.12660037866359006,0.029103540568530793,6.518698113126568,0.1607212622088655,-0.0002376245117187703,-0.179520625,0.0907212622088655,0.23072126220886552,-0.08,0.08,-0.029154768125064706,0.027149298194033302,6.708841965180122,Solve_Succeeded,0.028254292032215744,False,5234.735158495393,0.0,0.0,False,False,1.0,10,0.0,-11711.311008469016,-0.05365868354322781,0.892507523350207,-0.025399668054046722,0.20371274523355132,0.12440435793204413,0.12401976648115279,0.18,False,True,43071.90625,2805.323709178458,9.50737976995398,0.0021539810270161876,8475.744221817225,0.9303608946512464,0.8454174308359381,1.2293875720674339,0.6485713174581409,0.6573352173100183,1.0,0.003974919790454923,0.001090421166685319,0.006246505115645126,-0.06077663813443997,0.04369178412569492,0.011423261993863554,-68.50071747811049,False
1,stress,10056,fast_nmpc_1s,156.5,0.13054755211303135,0.026678011073093682,6.5427187143696255,0.13150002354417537,0.028035576901411532,6.545021028654177,0.16055437347389181,-0.00020858398437501036,-0.17963220092773435,0.09055437347389181,0.23055437347389182,-0.08,0.08,-0.03000682136086047,0.026886595057468692,6.72235091529736,held,0.0,False,5234.735158495393,0.0,0.0,False,False,1.0,10,0.0,-14524.18297323067,-0.06650570258392023,0.8927526253066658,-0.025399668054046722,0.20371274523355132,0.16664686105490517,0.16664686105490517,0.08525418914750477,False,False,43055.169860839844,2804.0828765355113,9.503174527211813,0.002159673241856397,8490.626610594767,0.9303608946512464,0.8454174308359381,1.2293875720674339,0.6485713174581409,0.6573352173100183,1.0,0.003974919790454923,0.001090421166685319,0.006246505115645126,-0.06077663813443997,0.04369178412569492,0.011423261993863554,-68.50071747811049,False
1,stress,10056,fast_nmpc_1s,157.0,0.12951055268611475,0.026388099873826783,6.555985194180808,0.12468148739423564,0.026321066385855976,6.548880807318367,0.16040887960180317,-0.0001793530273437871,-0.179729208984375,0.09040887960180316,0.23040887960180317,-0.08,0.08,-0.030898326915688418,0.02656745290117057,6.735714403165183,Solve_Succeeded,0.028452750004362315,False,5287.445646078398,0.0,0.0,False,False,1.0,10,0.0,-8468.326499341547,-0.03858585012855195,0.8929656918964083,-0.013353148663491594,-0.025399668054046722,0.06435596369019038,0.07664686105490517,-0.18,False,True,43040.61865234375,2803.004739760278,9.499520668752426,0.0021646344780038487,8503.588582625172,0.9303608946512464,0.8454174308359381,1.2293875720674339,0.6485713174581409,0.6573352173100183,1.0,0.003974919790454923,0.001090421166685319,0.006246505115645126,-0.06077663813443997,0.04369178412569492,0.011423261993863554,-68.50071747811049,False
1,stress,10056,fast_nmpc_1s,157.5,0.1284735066199942,0.02621931152030528,6.5691369990651385,0.13360413156669332,0.02640569213798847,6.574218619613424,0.16028504472670924,-0.00014993164062498954,-0.17981155395507814,0.09028504472670923,0.23028504472670924,-0.08,0.08,-0.031811538106715026,0.02636924316093027,6.748948553020217,held,0.0,False,5287.445646078398,0.0,0.0,False,False,1.0,10,0.0,-4394.631997610439,-0.01984700827307319,0.8931465211336418,-0.013353148663491594,-0.025399668054046722,0.016548881951961088,0.016548881951961088,-0.12019595820588817,False,False,43028.26690673828,2802.0901475840824,9.496421070967946,0.0021688547491801368,8514.608388582188,0.9303608946512464,0.8454174308359381,1.2293875720674339,0.6485713174581409,0.6573352173100183,1.0,0.003974919790454923,0.001090421166685319,0.006246505115645126,-0.06077663813443997,0.04369178412569492,0.011423261993863554,-68.50071747811049,False
1,stress,10056,fast_nmpc_1s,158.0,0.12748420587370166,0.02613197407513001,6.582224774671945,0.12372812525794907,0.026686794514578317,6.584898897650889,0.16018313298271974,-0.00012031982421872867,-0.179879140625,0.09018313298271974,0.23018313298271975,-0.08,0.08,-0.03269892710901809,0.026252293899348737,6.7621039152969455,Solve_Succeeded,0.02783345797797665,False,5341.070679933302,0.0,0.0,False,False,1.0,10,0.0,-3275.3637471907764,-0.014696504579936154,0.8932949127576065,-0.16345112759246655,-0.013353148663491594,0.0006219836170968107,0.0006219836170968107,-0.031853796669728554,False,False,43018.12890625,2801.339947859319,9.493878607271759,0.0021723247885160903,8523.665366604826,0.9303608946512464,0.8454174308359381,1.2293875720674339,0.6485713174581409,0.6573352173100183,1.0,0.003974919790454923,0.001090421166685319,0.006246505115645126,-0.06077663813443997,0.04369178412569492,0.011423261993863554,-68.50071747811049,False
1,stress,10056,fast_nmpc_1s,158.5,0.12656199467675355,0.026066985525082038,6.595274471846921,0.1259470204965815,0.026621733074850544,6.586439632744421,0.16010340850394442,-9.05175781250045e-05,-0.17993187377929687,0.09010340850394441,0.23010340850394442,-0.08,0.08,-0.033541413827190864,0.026157503103207042,6.775206345626218,held,0.0,False,5341.070679933302,0.0,0.0,False,False,1.0,10,0.0,-2726.496831281583,-0.012171039497559714,0.8934106682659959,-0.16345112759246655,-0.013353148663491594,-0.006821675106675178,-0.006821675106675178,-0.014887317447543978,False,False,43010.21893310547,2800.754987563758,9.491896148113106,0.002175036072940797,8530.739976340197,0.9303608946512464,0.8454174308359381,1.2293875720674339,0.6485713174581409,0.6573352173100183,1.0,0.003974919790454923,0.001090421166685319,0.006246505115645126,-0.06077663813443997,0.04369178412569492,0.011423261993863554,-68.50071747811049,False
1,stress,10056,fast_nmpc_1s,159.0,0.12570771583855944,0.02601293672703553,6.608294412802769,0.12622937312793123,0.02694222038324333,6.605541636389549,0.16004613542449286,-6.052490234376151e-05,-0.179969658203125,0.09004613542449286,0.23004613542449287,-0.08,0.08,-0.03433841958593342,0.02607346162937929,6.7882640710058935,Solve_Succeeded,0.028071917011402547,False,5367.230719849388,0.0,0.0,False,False,1.0,10,0.0,2926.673922754295,0.013706837060886353,0.8934935909485493,-0.18682168195101947,-0.16345112759246655,-0.09024816202550975,-0.09024816202550975,-0.16685297383766914,False,False,43004.55126953125,2800.3361128048127,9.490476560991553,0.002176980846515199,8535.81383249569,0.9303608946512464,0.8454174308359381,1.2293875720674339,0.6485713174581409,0.6573352173100183,1.0,0.003974919790454923,0.001090421166685319,0.006246505115645126,-0.06077663813443997,0.04369178412569492,0.011423261993863554,-68.50071747811049,False
1,stress,10056,fast_nmpc_1s,159.5,0.1249440832268821,0.026071904855994508,6.6213155878031635,0.12588283651974894,0.02851500259987678,6.618154872040169,0.16001157787847484,-3.0341796874999716e-05,-0.17999239868164063,0.09001157787847483,0.23001157787847484,-0.08,0.08,-0.03506749465159274,0.026102246652869508,6.8013079864848045,held,0.0,False,5367.230719849388,0.0,0.0,False,False,1.0,10,0.0,5592.2251044416935,0.025895945155192536,0.8935434859208204,-0.18682168195101947,-0.16345112759246655,-0.12923869766468413,-0.12923869766468413,-0.07798107127834875,False,False,43001.140197753906,2800.0841688237724,9.48962271047132,0.0021781521426340704,8538.869737851755,0.9303608946512464,0.8454174308359381,1.2293875720674339,0.6485713174581409,0.6573352173100183,1.0,0.003974919790454923,0.001090421166685319,0.006246505115645126,-0.06077663813443997,0.04369178412569492,0.011423261993863554,-68.50071747811049,False
1,stress,10056,fast_nmpc_1s,160.0,0.12430075715667573,0.026184118176156915,6.634379563749067,0.12399678328356066,0.02571235189380334,6.6415803979787595,0.16,-1.5202636718725238e-05,-0.18,0.09,0.23,-0.08,0.08,-0.03569924284332428,0.02619932081287564,6.814379563749067,Solve_Succeeded,0.028054709022399038,False,5428.336341308675,0.0,0.0,False,False,1.0,10,0.0,7691.289935508069,0.03549422316743801,0.8935601601581166,-0.309238705884239,-0.18682168195101947,-0.15990946876852363,-0.15990946876852363,-0.06134154220767901,False,False,43000.0,2800.0,9.489337458195521,0.002178543805021641,8539.891715684835,0.9303608946512464,0.8454174308359381,1.2293875720674339,0.6485713174581409,0.6573352173100183,1.0,0.003974919790454923,0.001090421166685319,0.006246505115645126,-0.06077663813443997,0.04369178412569492,0.011423261993863554,-68.50071747811049,False
