scenario_id,tier,seed,controller,time_s,alpha_rad,q_radps,theta_rad,measured_alpha_rad,measured_q_radps,measured_theta_rad,alpha_ref_rad,q_ref_radps,theta_ref_rad,alpha_min_rad,alpha_max_rad,q_min_radps,q_max_radps,alpha_error_rad,q_error_rad,theta_error_rad,solver_status,solve_time_s,solver_failure,objective_value,max_predicted_alpha_violation_rad,max_predicted_q_violation_radps,predicted_alpha_constraint_active,predicted_q_constraint_active,control_dt_s,horizon_steps,planning_alpha_buffer_rad,pitching_moment_nm,cm,flap_effectiveness,delta_flap_raw_rad,delta_flap_delayed_rad,delta_flap_lagged_rad,delta_flap_rad,delta_flap_rate_radps,flap_saturated,flap_rate_saturated,altitude_m,velocity_mps,mach,density_kgm3,dynamic_pressure_pa,density_scale,cm_alpha_scale,cm_delta_scale,cm_q_scale,actuator_lag_s,actuator_delay_s,sensor_noise_alpha_rad,sensor_noise_q_radps,sensor_noise_theta_rad,initial_alpha_error_rad,initial_q_error_radps,initial_theta_error_rad,external_disturbance_moment_nm,corridor_violation
11,stress,10066,corridor_barrier_nmpc,0.0,0.11517306187467644,0.03162843780441337,0.08753836929985465,0.11394731535911634,0.03499968809754799,0.08830288759318138,0.12,-1.5202636718752993e-05,0.08,0.04999999999999999,0.19,-0.08,0.08,-0.00482693812532356,0.031643640441132125,0.007538369299854644,Solve_Succeeded,0.028710084035992622,False,68.29837008373147,0.0,0.0,False,False,0.5,10,0.015,-3341.9228755678887,-0.024930681528730007,0.4015798869488264,0.08999999000634532,0.0,0.0,0.0,0.0,False,False,82000.0,6200.0,21.012104371718653,4.273296713995522e-06,82.13276284299393,0.8553067223387508,0.9882873711081437,1.2051754055603177,1.2398431906970213,0.2359434754068803,1.5,0.005618080174128979,0.0024591399973336293,0.0066085331808780545,-0.0048269381253235565,0.031643640441132125,0.007538369299854642,-3289.503656277946,False
11,stress,10066,corridor_barrier_nmpc,0.5,0.11813530967125764,0.03156157570593375,0.10333587461082944,0.11451431030327577,0.030635119703292794,0.10014150003323365,0.12002304098079561,-3.0341796874999716e-05,0.07999239868164063,0.0500230409807956,0.19002304098079562,-0.08,0.08,-0.0018877313095379683,0.03159191750280875,0.02334347592918881,Solve_Succeeded,0.027256375004071742,False,35.37152954739264,0.0,0.0,False,False,0.5,10,0.015,-3344.2442468378495,-0.026032147700505607,0.40159248685423254,0.08999988536968924,0.0,0.0,0.0,0.0,False,False,81998.8598022461,6199.7501458924335,21.01125760388222,4.274065112841966e-06,82.14091066733968,0.8553067223387508,0.9882873711081437,1.2051754055603177,1.2398431906970213,0.2359434754068803,1.5,0.005618080174128979,0.0024591399973336293,0.0066085331808780545,-0.0048269381253235565,0.031643640441132125,0.007538369299854642,-3289.503656277946,False
11,stress,10066,corridor_barrier_nmpc,1.0,0.12075732409769023,0.03149466988890564,0.11909993772100477,0.11905825801127516,0.029257789364524736,0.11329134929072414,0.12009173525377229,-6.052490234374763e-05,0.079969658203125,0.05009173525377228,0.1900917352537723,-0.08,0.08,0.0006655888439179442,0.03155519479124939,0.03913027951787977,Solve_Succeeded,0.02680037502432242,False,30.791831646148687,0.0,0.0,False,False,0.5,10,0.015,-3346.310923993665,-0.027006031419052504,0.40162486243193063,0.08999950949017062,0.0,0.0,0.0,0.0,False,False,81995.44873046875,6199.108143368448,21.00908182581111,4.276364717767983e-06,82.16808536998715,0.8553067223387508,0.9882873711081437,1.2051754055603177,1.2398431906970213,0.2359434754068803,1.5,0.005618080174128979,0.0024591399973336293,0.0066085331808780545,-0.0048269381253235565,0.031643640441132125,0.007538369299854642,-3289.503656277946,False
11,stress,10066,corridor_barrier_nmpc,1.5,0.1230745262938562,0.03142772516153483,0.13483053799656092,0.1181091145228412,0.03244779012358014,0.1395736702856523,0.12020543981481481,-9.05175781250045e-05,0.07993187377929688,0.0502054398148148,0.1902054398148148,-0.08,0.08,0.0028690864790413967,0.031518242739659835,0.05489866421726404,Solve_Succeeded,0.02705937495920807,False,48.84428119290842,0.0,0.0,False,False,0.5,10,0.015,-3370.743789258135,-0.0385990976484582,0.4016744554206741,0.08999997426675575,0.08999999000634532,0.07918797591852553,0.07918797591852553,0.15837595183705105,False,False,81989.78106689453,6198.124722339112,21.005748963664374,4.280188360603651e-06,82.21546325877365,0.8553067223387508,0.9882873711081437,1.2051754055603177,1.2398431906970213,0.2359434754068803,1.5,0.005618080174128979,0.0024591399973336293,0.0066085331808780545,-0.0048269381253235565,0.031643640441132125,0.007538369299854642,-3289.503656277946,False
11,stress,10066,corridor_barrier_nmpc,2.0,0.1251185409409805,0.0313602939453865,0.1505275441085582,0.14202090475595944,0.034029219833141125,0.1551549133256533,0.12036351165980795,-0.00012031982421875642,0.079879140625,0.050363511659807944,0.19036351165980797,-0.08,0.08,0.0047550292811725375,0.03148061376960526,0.0706484034835582,Solve_Succeeded,0.02693970804102719,False,126.43710665831556,0.0,0.0,False,False,0.5,10,0.015,-3375.126010145114,-0.04064752844571057,0.4017399997587981,0.16918794680049876,0.08999988536968924,0.0887010128109926,0.0887010128109926,0.01902607378493415,False,False,81981.87109375,6196.824988604601,21.00134410223131,4.285530475235061e-06,82.28355636440169,0.8553067223387508,0.9882873711081437,1.2051754055603177,1.2398431906970213,0.2359434754068803,1.5,0.005618080174128979,0.0024591399973336293,0.0066085331808780545,-0.0048269381253235565,0.031643640441132125,0.007538369299854642,-3289.503656277946,False
11,stress,10066,corridor_barrier_nmpc,2.5,0.1269176911186612,0.03129277702651484,0.16619081302772365,0.13370549632658973,0.03278834830342105,0.17202257205729946,0.12056530778463648,-0.00014993164062498954,0.07981155395507812,0.05056530778463647,0.19056530778463648,-0.08,0.08,0.006352383334024714,0.03144270866713983,0.08637925907264553,Solve_Succeeded,0.026934541994705796,False,79.88895984400862,0.0,0.0,False,False,0.5,10,0.015,-3376.9529616781488,-0.0414699196891281,0.4018206300465545,0.17870098350984795,0.08999950949017062,0.08984351653520173,0.08984351653520173,0.0022850074484182525,False,False,81971.73309326172,6195.226102903411,20.995925400097143,4.292387070555759e-06,82.37268164015691,0.8553067223387508,0.9882873711081437,1.2051754055603177,1.2398431906970213,0.2359434754068803,1.5,0.005618080174128979,0.0024591399973336293,0.0066085331808780545,-0.0048269381253235565,0.031643640441132125,0.007538369299854642,-3289.503656277946,False
11,stress,10066,corridor_barrier_nmpc,3.0,0.12849745502277188,0.0312252253067904,0.18182031464483772,0.12207169536146995,0.029372373797084125,0.17918886410643992,0.12081018518518519,-0.00017935302734374547,0.07972920898437501,0.05081018518518518,0.1908101851851852,-0.08,0.08,0.007687269837586691,0.031404578334134146,0.10209110566046271,Solve_Succeeded,0.026337500021327287,False,33.27367877299784,0.0,0.0,False,False,0.5,10,0.015,-3378.3458499351377,-0.042074069091813174,0.40191568368588926,0.14979981934124442,0.08999997426675575,0.08998117845136076,0.08998117845136076,0.00027532383231806956,False,False,81959.38134765625,6193.341204448907,20.98953738670099,4.300755706284053e-06,82.48306533321075,0.8553067223387508,0.9882873711081437,1.2051754055603177,1.2398431906970213,0.2359434754068803,1.5,0.005618080174128979,0.0024591399973336293,0.0066085331808780545,-0.0048269381253235565,0.031643640441132125,0.007538369299854642,-3289.503656277946,False
11,stress,10066,corridor_barrier_nmpc,3.5,0.1298806707709935,0.031157647285663906,0.1974160336992312,0.12571858892097015,0.03076452600921635,0.19174325256861724,0.12109750085733882,-0.00020858398437501036,0.07963220092773438,0.051097500857338815,0.19109750085733884,-0.08,0.08,0.008783169913654673,0.031366231270038916,0.11778383277149682,Solve_Succeeded,0.026911500026471913,False,43.527815977668496,0.0,0.0,False,False,0.5,10,0.015,-3399.5663757062935,-0.05204056099448692,0.40202462079258067,0.1799810397375259,0.16918794680049876,0.15967256024122045,0.15967256024122045,0.13938276357971938,False,False,81944.83013916016,6191.180999058791,20.98221634458463,4.3106354715457004e-06,82.61488530312515,0.8553067223387508,0.9882873711081437,1.2051754055603177,1.2398431906970213,0.2359434754068803,1.5,0.005618080174128979,0.0024591399973336293,0.0066085331808780545,-0.0048269381253235565,0.031643640441132125,0.007538369299854642,-3289.503656277946,False
11,stress,10066,corridor_barrier_nmpc,4.0,0.13108770386330218,0.031089646248569445,0.21297785787479712,0.13403389395561502,0.03179616747492086,0.20962221040319737,0.12142661179698216,-0.00023762451171874255,0.079520625,0.05142661179698216,0.19142661179698217,-0.08,0.08,0.009661092066320015,0.031327270760288184,0.1334572328747971,Solve_Succeeded,0.026856416021473706,False,65.63040799447288,0.0,0.0,False,False,0.5,10,0.015,-3405.5360276897927,-0.054761483824233737,0.40214698367832524,0.24967247540671378,0.17870098350984795,0.17641503236213235,0.17641503236213235,0.0334849442418238,False,False,81928.09375,6188.754562618874,20.973993032370615,4.322026966129036e-06,82.76829245210243,0.8553067223387508,0.9882873711081437,1.2051754055603177,1.2398431906970213,0.2359434754068803,1.5,0.005618080174128979,0.0024591399973336293,0.0066085331808780545,-0.0048269381253235565,0.031643640441132125,0.007538369299854642,-3289.503656277946,False
11,stress,10066,corridor_barrier_nmpc,4.5,0.1321367797170934,0.031021527069055345,0.22850565189374414,0.13133235864222395,0.032084589230220735,0.22933901330352857,0.121796875,-0.00026647460937499756,0.07939457641601563,0.05179687499999999,0.191796875,-0.08,0.08,0.010339904717093396,0.03128800167843034,0.1491110754777285,Solve_Succeeded,0.026784374960698187,False,61.29409725816517,0.0,0.0,False,False,0.5,10,0.015,-3399.8613382495587,-0.05197334270122678,0.40228237351219553,0.2664149413544043,0.14979981934124442,0.15299719811997403,0.15299719811997403,-0.04683566848431664,False,False,81909.18646240234,6186.0698038826085,20.964894253212666,4.334932284327449e-06,82.94342306973411,0.8553067223387508,0.9882873711081437,1.2051754055603177,1.2398431906970213,0.2359434754068803,1.5,0.005618080174128979,0.0024591399973336293,0.0066085331808780545,-0.0048269381253235565,0.031643640441132125,0.007538369299854642,-3289.503656277946,False
11,stress,10066,corridor_barrier_nmpc,5.0,0.13304435225020966,0.030953522504387966,0.2439994148848041,0.12584143462613875,0.03539666656349832,0.25248987752608126,0.1222076474622771,-0.0002951342773437615,0.079254150390625,0.05220764746227709,0.1922076474622771,-0.08,0.08,0.010836704787932569,0.031248656781731728,0.1647452644941791,Solve_Succeeded,0.03218424995429814,False,82.11748586912739,0.0,0.0,False,False,0.5,10,0.015,-3407.7030616947136,-0.05553454047146983,0.4024304356602051,0.242997170749126,0.1799810397375259,0.17673937631409775,0.17673937631409775,0.04748435638824744,False,False,81888.12255859375,6183.133755185188,20.95494384003998,4.349355001290422e-06,83.14040658109886,0.8553067223387508,0.9882873711081437,1.2051754055603177,1.2398431906970213,0.2359434754068803,1.5,0.005618080174128979,0.0024591399973336293,0.0066085331808780545,-0.0048269381253235565,0.031643640441132125,0.007538369299854642,-3289.503656277946,False
11,stress,10066,corridor_barrier_nmpc,5.5,0.13382515033652098,0.030885362110394627,0.25945913655383873,0.12775569061767783,0.027097548288353288,0.2613543406202073,0.12265828617969822,-0.0003236035156249928,0.07909944213867187,0.05265828617969821,0.1926582861796982,-0.08,0.08,0.011166864156822762,0.03120896562601962,0.18035969441516686,Solve_Succeeded,0.027611874975264072,False,32.37829378048095,0.0,0.0,False,False,0.5,10,0.015,-3427.239522151392,-0.06454352059306659,0.40259084988176863,0.12947620088192943,0.24967247540671378,0.24091076671316697,0.24091076671316697,0.12834278079813843,False,False,81864.91632080078,6179.952766846162,20.944163314397265,4.365300161811383e-06,83.35937071984648,0.8553067223387508,0.9882873711081437,1.2051754055603177,1.2398431906970213,0.2359434754068803,1.5,0.005618080174128979,0.0024591399973336293,0.0066085331808780545,-0.0048269381253235565,0.031643640441132125,0.007538369299854642,-3289.503656277946,False
11,stress,10066,corridor_barrier_nmpc,6.0,0.13449224934165582,0.030816811889763047,0.2748846804952472,0.13802588977149513,0.03300717941813413,0.29172002328767344,0.12314814814814815,-0.0003518823242187469,0.07893054687500001,0.05314814814814814,0.19314814814814815,-0.08,0.08,0.011344101193507677,0.031168694213981794,0.19595413362024722,Solve_Succeeded,0.02753912500338629,False,81.96461031798653,0.0,0.0,False,False,0.5,10,0.015,-3434.7055500141673,-0.067845918332193,0.4027633234553852,0.3309100265935447,0.2664149413544043,0.2633510355084166,0.2633510355084166,0.04488053759049926,False,False,81839.58203125,6176.532643486048,20.932572348428415,4.38277427148668e-06,83.60044514836785,0.8553067223387508,0.9882873711081437,1.2051754055603177,1.2398431906970213,0.2359434754068803,1.5,0.005618080174128979,0.0024591399973336293,0.0066085331808780545,-0.0048269381253235565,0.031643640441132125,0.007538369299854642,-3289.503656277946,False
11,stress,10066,corridor_barrier_nmpc,6.5,0.13505736642357566,0.030748113159765708,0.290275912132526,0.14022402504890993,0.033634841724149274,0.29624786990242025,0.12367659036351165,-0.0003799707031250099,0.07874755981445312,0.05367659036351165,0.19367659036351165,-0.08,0.08,0.011380776060064005,0.031128083862890718,0.21152835231807288,Solve_Succeeded,0.027256499975919724,False,92.0529339741044,0.0,0.0,False,False,0.5,10,0.015,-3430.399119032379,-0.06562702108255178,0.40294758617496185,0.3499991246132786,0.242997170749126,0.2454423518264074,0.2454423518264074,-0.035817367364018415,False,False,81812.13397216797,6172.878743248417,20.920189101145034,4.401785290185866e-06,83.86376408769084,0.8553067223387508,0.9882873711081437,1.2051754055603177,1.2398431906970213,0.2359434754068803,1.5,0.005618080174128979,0.0024591399973336293,0.0066085331808780545,-0.0048269381253235565,0.031643640441132125,0.007538369299854642,-3289.503656277946,False
11,stress,10066,corridor_barrier_nmpc,7.0,0.13553111103764454,0.03067950128704191,0.3056328160594249,0.1450686261487014,0.030236437651654992,0.3091326651294039,0.12424296982167352,-0.00040786865234375413,0.078550576171875,0.05424296982167351,0.19424296982167352,-0.08,0.08,0.01128814121597102,0.031087369939385663,0.22708223988754989,Solve_Succeeded,0.027292791986837983,False,69.94943387687313,0.0,0.0,False,False,0.5,10,0.015,-3404.8943604654874,-0.053564799327174506,0.4031433865961587,0.330576111280847,0.12947620088192943,0.14340762084801534,0.1554423518264074,-0.18,False,True,81782.58642578125,6168.996052234287,20.907030470688255,4.422342627779328e-06,84.14946828782605,0.8553067223387508,0.9882873711081437,1.2051754055603177,1.2398431906970213,0.2359434754068803,1.5,0.005618080174128979,0.0024591399973336293,0.0066085331808780545,-0.0048269381253235565,0.031643640441132125,0.007538369299854642,-3289.503656277946,False
11,stress,10066,corridor_barrier_nmpc,7.5,0.1359231443891173,0.03061140016324444,0.3209555416836507,0.1409757951119567,0.02666477112545202,0.30982889378225453,0.12484664351851851,-0.0004355761718749934,0.07833969116210937,0.054846643518518506,0.19484664351851852,-0.08,0.08,0.011076500870598777,0.031046976335119433,0.24261585052154133,Solve_Succeeded,0.02715437498409301,False,42.343591241483,0.0,0.0,False,False,0.5,10,0.015,-3432.1163618622036,-0.06595974529598422,0.40335048914940924,0.13667113476877082,0.3309100265935447,0.30838470573208865,0.2454423518264074,0.18,False,True,81750.9536743164,6164.88924175046,20.893112288346153,4.444457142074316e-06,84.45770654339105,0.8553067223387508,0.9882873711081437,1.2051754055603177,1.2398431906970213,0.2359434754068803,1.5,0.005618080174128979,0.0024591399973336293,0.0066085331808780545,-0.0048269381253235565,0.031643640441132125,0.007538369299854642,-3289.503656277946,False
11,stress,10066,corridor_barrier_nmpc,8.0,0.13624196557728288,0.03054275518661445,0.33624408073462464,0.1291017489816682,0.028604949419190145,0.3397935627327016,0.1254869684499314,-0.00046309326171874166,0.078115,0.055486968449931395,0.1954869684499314,-0.08,0.08,0.010754997127351479,0.031005848448333193,0.25812908073462465,Solve_Succeeded,0.026991916995029896,False,40.25021653300343,0.0,0.0,False,False,0.5,10,0.015,-3459.5490586039173,-0.07834066889431382,0.4035686718725181,0.1778432714425325,0.3499991246132786,0.34499983868926754,0.33544235182640736,0.17999999999999994,False,True,81717.25,6160.562713271744,20.878449470932924,4.468141138915901e-06,84.788636886918,0.8553067223387508,0.9882873711081437,1.2051754055603177,1.2398431906970213,0.2359434754068803,1.5,0.005618080174128979,0.0024591399973336293,0.0066085331808780545,-0.0048269381253235565,0.031643640441132125,0.007538369299854642,-3289.503656277946,False
11,stress,10066,corridor_barrier_nmpc,8.5,0.13649494227181827,0.03047356208635206,0.35149816022289,0.13801522044832817,0.03343071436743176,0.34706890246203437,0.12616330161179698,-0.0004904199218749988,0.07787659790039063,0.05616330161179697,0.196163301611797,-0.08,0.08,0.01033164066002129,0.03096398200822706,0.27362156232249935,Solve_Succeeded,0.027730625006370246,False,74.47087341823485,0.0,0.0,False,False,0.5,10,0.015,-3459.561466969652,-0.07802083428216218,0.4037977245977856,0.3499996391469541,0.330576111280847,0.3323088841836853,0.3323088841836853,-0.006266935285444086,False,False,81681.4896850586,6156.020634389981,20.86305614262193,4.493408374414039e-06,85.14242754852872,0.8553067223387508,0.9882873711081437,1.2051754055603177,1.2398431906970213,0.2359434754068803,1.5,0.005618080174128979,0.0024591399973336293,0.0066085331808780545,-0.0048269381253235565,0.031643640441132125,0.007538369299854642,-3289.503656277946,False
11,stress,10066,corridor_barrier_nmpc,9.0,0.13668880589098775,0.030404369216661113,0.3667176431794331,0.13323574875590471,0.02932005760292821,0.35876478301927595,0.126875,-0.0005175561523437511,0.077624580078125,0.05687499999999998,0.196875,-0.08,0.08,0.009813805890987765,0.030921925369004864,0.2890930631013081,Solve_Succeeded,0.027840291964821517,False,44.12494349535497,0.0,0.0,False,False,0.5,10,0.015,-3433.63700301089,-0.06583556739538735,0.4040374474800409,0.2534717913493963,0.13667113476877082,0.16017378296500154,0.24230888418368532,-0.18,False,True,81643.68701171875,6151.266968002932,20.84694573386822,4.52027405926263e-06,85.51925774319534,0.8553067223387508,0.9882873711081437,1.2051754055603177,1.2398431906970213,0.2359434754068803,1.5,0.005618080174128979,0.0024591399973336293,0.0066085331808780545,-0.0048269381253235565,0.031643640441132125,0.007538369299854642,-3289.503656277946,False
11,stress,10066,corridor_barrier_nmpc,9.5,0.13682983915297592,0.03033569526684199,0.3819026593958353,0.1310893648972032,0.027912029606767547,0.3804399938890107,0.12762142061042525,-0.0005445019531249984,0.07735904174804688,0.057621420610425245,0.19762142061042526,-0.08,0.08,0.009208418542550667,0.030880197219966987,0.3045436176477884,Solve_Succeeded,0.02695141697768122,False,44.57238826617802,0.0,0.0,False,False,0.5,10,0.015,-3414.4593040706277,-0.056810040941127626,0.40428764978530923,0.1523090356731846,0.1778432714425325,0.1757205738918976,0.1757205738918976,-0.13317662058357543,False,False,81603.85626220703,6146.305496334782,20.830131062815237,4.548754865121015e-06,85.91931832895368,0.8553067223387508,0.9882873711081437,1.2051754055603177,1.2398431906970213,0.2359434754068803,1.5,0.005618080174128979,0.0024591399973336293,0.0066085331808780545,-0.0048269381253235565,0.031643640441132125,0.007538369299854642,-3289.503656277946,False
11,stress,10066,corridor_barrier_nmpc,10.0,0.1369237583310012,0.030267405257436326,0.3970534345907776,0.13353754053216366,0.033032938749293216,0.3958044901449323,0.12840192043895748,-0.0005712573242187546,0.077080078125,0.05840192043895748,0.1984019204389575,-0.08,0.08,0.008521837892043721,0.03083866258165508,0.31997335646577757,Solve_Succeeded,0.027005292009562254,False,60.78634400788772,0.0,0.0,False,False,0.5,10,0.015,-3442.311685100457,-0.06913214270198541,0.40454814888211915,0.25269622908168404,0.3499996391469541,0.3290628845026826,0.2657205738918976,0.18000000000000005,False,True,81562.01171875,6141.139840938384,20.81262440308339,4.578868933032497e-06,86.34281236747952,0.8553067223387508,0.9882873711081437,1.2051754055603177,1.2398431906970213,0.2359434754068803,1.5,0.005618080174128979,0.0024591399973336293,0.0066085331808780545,-0.0048269381253235565,0.031643640441132125,0.007538369299854642,-3289.503656277946,False
11,stress,10066,corridor_barrier_nmpc,10.5,0.13697542611493227,0.030198558548979664,0.4121699255776524,0.13267786651525995,0.03218730537135718,0.41900795614384284,0.12921585648148148,-0.000597822265625006,0.07678778442382812,0.05921585648148148,0.1992158564814815,-0.08,0.08,0.007759569633450786,0.03079638081460467,0.3353821411538243,Solve_Succeeded,0.027005874959286302,False,56.40819032307628,0.0,0.0,False,False,0.5,10,0.015,-3442.2046266916213,-0.06872778785107295,0.40481876939269756,0.2650715498854809,0.2534717913493963,0.2625528141809478,0.2625528141809478,-0.0063355194218996935,False,False,81518.16766357422,6135.773479526905,20.794437540813334,4.610635883858731e-06,86.78995561023376,0.8553067223387508,0.9882873711081437,1.2051754055603177,1.2398431906970213,0.2359434754068803,1.5,0.005618080174128979,0.0024591399973336293,0.0066085331808780545,-0.0048269381253235565,0.031643640441132125,0.007538369299854642,-3289.503656277946,False
11,stress,10066,corridor_barrier_nmpc,11.0,0.13698911487301665,0.030129714297999103,0.4272519937987374,0.1292619056436503,0.038893189753224824,0.4302199856105442,0.13006258573388202,-0.0006241967773437523,0.076482255859375,0.06006258573388201,0.20006258573388203,-0.08,0.08,0.006926529139134635,0.030753911075342855,0.3507697379393624,Solve_Succeeded,0.027783375000581145,False,102.61975133781743,0.0,0.0,False,False,0.5,10,0.015,-3415.581857884607,-0.056439085644728895,0.4050993424719997,0.34999985140888545,0.1523090356731846,0.1655530069918079,0.17255281418094778,-0.18,False,True,81472.33837890625,6130.2097602705635,20.7755818231183,4.644076830712626e-06,87.26097692761167,0.8553067223387508,0.9882873711081437,1.2051754055603177,1.2398431906970213,0.2359434754068803,1.5,0.005618080174128979,0.0024591399973336293,0.0066085331808780545,-0.0048269381253235565,0.031643640441132125,0.007538369299854642,-3289.503656277946,False
11,stress,10066,corridor_barrier_nmpc,11.5,0.13696890972787185,0.030061402787731624,0.4422997730561443,0.13935647611221996,0.030325052453745623,0.448615621807555,0.1309414651920439,-0.0006503808593749938,0.07616358764648437,0.06094146519204388,0.2009414651920439,-0.08,0.08,0.006027444535827958,0.030711783647106618,0.36613618540966,Solve_Succeeded,0.027087666967418045,False,55.80101867586673,0.0,0.0,False,False,0.5,10,0.015,-3437.694939662601,-0.06596374239580187,0.40538970519014955,0.16155214563065695,0.25269622908168404,0.24222740853151153,0.24222740853151153,0.1393491887011275,False,False,81424.53814697266,6124.451914042717,20.75606819958672,4.679214393376284e-06,87.75611869440415,0.8553067223387508,0.9882873711081437,1.2051754055603177,1.2398431906970213,0.2359434754068803,1.5,0.005618080174128979,0.0024591399973336293,0.0066085331808780545,-0.0048269381253235565,0.031643640441132125,0.007538369299854642,-3289.503656277946,False
11,stress,10066,corridor_barrier_nmpc,12.0,0.13691835851054027,0.029992649273488915,0.45731328603627225,0.13886326874665228,0.028959059869180744,0.4596734299145876,0.13185185185185186,-0.0006763745117187442,0.075831875,0.06185185185185185,0.20185185185185187,-0.08,0.08,0.005066506658688408,0.03066902378520766,0.38148141103627226,Solve_Succeeded,0.02768416702747345,False,54.908278206730834,0.0,0.0,False,False,0.5,10,0.015,-3444.766016732109,-0.06870452767725599,0.40568969999943083,0.15222782761207326,0.2650715498854809,0.2623272031569329,0.2623272031569329,0.04019958925084277,False,False,81374.78125,6118.5030649893715,20.735907258102767,4.716072714694298e-06,88.27563714186606,0.8553067223387508,0.9882873711081437,1.2051754055603177,1.2398431906970213,0.2359434754068803,1.5,0.005618080174128979,0.0024591399973336293,0.0066085331808780545,-0.0048269381253235565,0.031643640441132125,0.007538369299854642,-3289.503656277946,False
11,stress,10066,corridor_barrier_nmpc,12.5,0.13684048548603153,0.02992375457268488,0.47229238694336,0.1373092983306826,0.028880370230646935,0.47889291005503243,0.13279310270919067,-0.0007021777343750035,0.07548721313476563,0.06279310270919067,0.20279310270919068,-0.08,0.08,0.004047382776840858,0.030625932307059883,0.39680517380859437,Solve_Succeeded,0.027365207963157445,False,57.9910232626091,0.0,0.0,False,False,0.5,10,0.015,-3469.7113447431525,-0.07925442995725804,0.4059991742710676,0.17232727279546228,0.34999985140888545,0.33946742903917465,0.33946742903917465,0.15428045176448346,False,False,81323.08197021484,6112.36623971472,20.715109255976643,4.754677478935898e-06,88.81980268444892,0.8553067223387508,0.9882873711081437,1.2051754055603177,1.2398431906970213,0.2359434754068803,1.5,0.005618080174128979,0.0024591399973336293,0.0066085331808780545,-0.0048269381253235565,0.031643640441132125,0.007538369299854642,-3289.503656277946,False
11,stress,10066,corridor_barrier_nmpc,13.0,0.13673798361352454,0.029854361179793686,0.48723691580940515,0.13560398431697218,0.033029341395854867,0.4948571235826927,0.13376457475994513,-0.000727790527343744,0.075129697265625,0.06376457475994513,0.20376457475994514,-0.08,0.08,0.0029734088535794123,0.03058215170713743,0.41210721854378013,Solve_Succeeded,0.02753687504446134,False,65.01330011389318,0.0,0.0,False,False,0.5,10,0.015,-3442.5838466068217,-0.06689527356861083,0.40631797989012214,0.28897162156796286,0.16155214563065695,0.18292573190011902,0.24946742903917465,-0.18,False,True,81269.45458984375,6106.044375314271,20.693684147169208,4.7950559321234015e-06,89.38890022758719,0.8553067223387508,0.9882873711081437,1.2051754055603177,1.2398431906970213,0.2359434754068803,1.5,0.005618080174128979,0.0024591399973336293,0.0066085331808780545,-0.0048269381253235565,0.031643640441132125,0.007538369299854642,-3289.503656277946,False
11,stress,10066,corridor_barrier_nmpc,13.5,0.13661343333093917,0.02978551053247701,0.5021468836493799,0.13791282093583732,0.033647582180224664,0.5029403113386938,0.134765625,-0.0007532128906250074,0.07475942260742188,0.064765625,0.204765625,-0.08,0.08,0.0018478083309391713,0.03053872342310202,0.427387461041958,Solve_Succeeded,0.026580165955238044,False,68.52667754785227,0.0,0.0,False,False,0.5,10,0.015,-3415.0680953732885,-0.05450861156581163,0.4066459728991729,0.25325216613279944,0.15222782761207326,0.15591567439522838,0.15946742903917466,-0.18,False,True,81213.91339111328,6099.540326440656,20.671641606238378,4.837236904327215e-06,89.98322946163964,0.8553067223387508,0.9882873711081437,1.2051754055603177,1.2398431906970213,0.2359434754068803,1.5,0.005618080174128979,0.0024591399973336293,0.0066085331808780545,-0.0048269381253235565,0.031643640441132125,0.007538369299854642,-3289.503656277946,False
11,stress,10066,corridor_barrier_nmpc,14.0,0.13646939017542223,0.02971721037623945,0.5170225637740498,0.14073831490289135,0.029368616620642843,0.5107808738055053,0.13579561042524005,-0.0007784448242187519,0.074376484375,0.06579561042524004,0.20579561042524006,-0.08,0.08,0.0006737797501821796,0.030495655200458202,0.44264607939904976,Solve_Succeeded,0.02697020798223093,False,64.00832384135227,0.0,0.0,False,False,0.5,10,0.015,-3419.276673219481,-0.0559501627025228,0.4069830131832363,0.06946774809853828,0.17232727279546228,0.17035568998645909,0.17035568998645909,0.021776521894568857,False,False,81156.47265625,6092.856871551574,20.64899104951369,4.881250833931251e-06,90.6031051461113,0.8553067223387508,0.9882873711081437,1.2051754055603177,1.2398431906970213,0.2359434754068803,1.5,0.005618080174128979,0.0024591399973336293,0.0066085331808780545,-0.0048269381253235565,0.031643640441132125,0.007538369299854642,-3289.503656277946,False
11,stress,10066,corridor_barrier_nmpc,14.5,0.13630799231501195,0.029648826207889164,0.5318640728044814,0.13508819609910702,0.02979947416572202,0.5339198305777966,0.13685388803155007,-0.0008034863281249915,0.07398097778320313,0.06685388803155007,0.20685388803155008,-0.08,0.08,-0.0005458957165381251,0.030452312536014155,0.45788309502127833,Solve_Succeeded,0.026701208029408008,False,71.89316848707522,0.0,0.0,False,False,0.5,10,0.015,-3448.9616896494476,-0.06826199918451595,0.4073289641897978,0.08035574951348287,0.28897162156796286,0.27472187417122795,0.2603556899864591,0.18,False,True,81097.14666748047,6085.996718461531,20.625741653911437,4.927129793875515e-06,91.24885738751085,0.8553067223387508,0.9882873711081437,1.2051754055603177,1.2398431906970213,0.2359434754068803,1.5,0.005618080174128979,0.0024591399973336293,0.0066085331808780545,-0.0048269381253235565,0.031643640441132125,0.007538369299854642,-3289.503656277946,False
11,stress,10066,corridor_barrier_nmpc,15.0,0.13613088489514427,0.029579848486219477,0.5466712413503063,0.14077730541444725,0.03138521673983028,0.555132564507624,0.13793981481481482,-0.000828337402343754,0.073572998046875,0.06793981481481481,0.20793981481481483,-0.08,0.08,-0.0018089299196705488,0.03040818588856323,0.4730982433034313,Solve_Succeeded,0.026597917021717876,False,70.7081420412584,0.0,0.0,False,False,0.5,10,0.015,-3448.54452154641,-0.06758570032730715,0.407683692678915,0.17035593655590262,0.25325216613279944,0.2558313973722307,0.2558313973722307,-0.009048585228456751,False,False,81035.94970703125,6078.962509297259,20.60190237372883,4.9749075198859e-06,91.9208319136007,0.8553067223387508,0.9882873711081437,1.2051754055603177,1.2398431906970213,0.2359434754068803,1.5,0.005618080174128979,0.0024591399973336293,0.0066085331808780545,-0.0048269381253235565,0.031643640441132125,0.007538369299854642,-3289.503656277946,False
11,stress,10066,corridor_barrier_nmpc,15.5,0.13593956841986193,0.02951087924432892,0.5614439231440392,0.14049202556029958,0.0272231150339301,0.5546218327150588,0.13905274777091908,-0.0008529980468749976,0.07315264038085938,0.06905274777091908,0.2090527477709191,-0.08,0.08,-0.0031131793510571493,0.030363877291203916,0.48829128276317985,Solve_Succeeded,0.028438500012271106,False,85.3661262761077,0.0,0.0,False,False,0.5,10,0.015,-3420.2289867810805,-0.05513379221872606,0.4080470684992265,0.16583140072685282,0.06946774809853828,0.09185626615573592,0.1658313973722307,-0.18,False,True,80972.8960571289,6071.756824939426,20.577481955697145,5.024619440703896e-06,92.61939034631274,0.8553067223387508,0.9882873711081437,1.2051754055603177,1.2398431906970213,0.2359434754068803,1.5,0.005618080174128979,0.0024591399973336293,0.0066085331808780545,-0.0048269381253235565,0.031643640441132125,0.007538369299854642,-3289.503656277946,False
11,stress,10066,corridor_barrier_nmpc,16.0,0.13573566151672792,0.029442476437715477,0.5761822619154441,0.1352665800339932,0.03228022477016136,0.5752884276919263,0.1401920438957476,-0.0008774682617187501,0.07272,0.0701920438957476,0.2101920438957476,-0.08,0.08,-0.0044563823790196855,0.030319944699434227,0.5034622619154441,Solve_Succeeded,0.026713249972090125,False,79.72784075654549,0.0,0.0,False,False,0.5,10,0.015,-3393.37831433941,-0.04346893483392011,0.40841896438639796,0.07583167257421945,0.08035574951348287,0.08173734686637679,0.08173734686637679,-0.16818810101170784,False,False,80908.0,6064.382189019411,20.552488952527018,5.0763027103322486e-06,93.34491047523115,0.8553067223387508,0.9882873711081437,1.2051754055603177,1.2398431906970213,0.2359434754068803,1.5,0.005618080174128979,0.0024591399973336293,0.0066085331808780545,-0.0048269381253235565,0.031643640441132125,0.007538369299854642,-3289.503656277946,False
11,stress,10066,corridor_barrier_nmpc,16.5,0.1355207368078999,0.029374610757109957,0.5908865335558249,0.13442238488197572,0.027462592484065917,0.5935831670707667,0.14135706018518518,-0.0009017480468750116,0.07227517211914063,0.07135706018518517,0.21135706018518519,-0.08,0.08,-0.005836323377285291,0.03027635880398497,0.5186113614366843,Solve_Succeeded,0.026600749988574535,False,111.34544894420183,0.0,0.0,False,False,0.5,10,0.015,-3419.9106392951594,-0.054135415526605335,0.4087992557810987,-0.008262648106231072,0.17035593655590262,0.15970987492746996,0.15970987492746996,0.15594505612218634,False,False,80841.2758178711,6056.841071528806,20.526931735141215,5.129996242314988e-06,94.0977865332242,0.8553067223387508,0.9882873711081437,1.2051754055603177,1.2398431906970213,0.2359434754068803,1.5,0.005618080174128979,0.0024591399973336293,0.0066085331808780545,-0.0048269381253235565,0.031643640441132125,0.007538369299854642,-3289.503656277946,False
11,stress,10066,corridor_barrier_nmpc,17.0,0.13529593889114944,0.029306214533485225,0.605556739711611,0.1269540154148725,0.02412046781695213,0.6015061972909457,0.1425471536351166,-0.0009258374023437543,0.071818251953125,0.0725471536351166,0.21254715363511661,-0.08,0.08,-0.0072512147439671715,0.03023205193582898,0.533738487758486,Solve_Succeeded,0.027882665977813303,False,185.32337528203578,0.0,0.0,False,False,0.5,10,0.015,-3422.5965261457886,-0.05479580825641041,0.4091878206640562,0.06970987729585154,0.16583140072685282,0.16509600038761707,0.16509600038761707,0.010772250920294213,False,False,80772.73779296875,6049.1358920902585,20.500818503759668,5.185740746073451e-06,94.8784294755685,0.8553067223387508,0.9882873711081437,1.2051754055603177,1.2398431906970213,0.2359434754068803,1.5,0.005618080174128979,0.0024591399973336293,0.0066085331808780545,-0.0048269381253235565,0.031643640441132125,0.007538369299854642,-3289.503656277946,False
11,stress,10066,corridor_barrier_nmpc,17.5,0.13506215999421795,0.029237764689719843,0.6201927343425203,0.13324088994150785,0.02841160801638231,0.621700116088401,0.1437616812414266,-0.0009497363281249921,0.07134933471679687,0.0737616812414266,0.2137616812414266,-0.08,0.08,-0.008699521247208658,0.030187501017844835,0.5488433996257235,Solve_Succeeded,0.027249249978922307,False,123.90939057679888,0.0,0.0,False,False,0.5,10,0.015,-3396.9294804103974,-0.043854541729251774,0.4095845394061104,0.07509600709641892,0.07583167257421945,0.08655530898562544,0.08655530898562544,-0.15708138280398326,False,False,80702.40020751953,6041.269022930859,20.47415729797645,5.243578765322356e-06,95.68726726369748,0.8553067223387508,0.9882873711081437,1.2051754055603177,1.2398431906970213,0.2359434754068803,1.5,0.005618080174128979,0.0024591399973336293,0.0066085331808780545,-0.0048269381253235565,0.031643640441132125,0.007538369299854642,-3289.503656277946,False
11,stress,10066,corridor_barrier_nmpc,18.0,0.1348204469477905,0.02916982827711557,0.6347946324019419,0.1414978720461148,0.03338006716260697,0.6444467419109641,0.145,-0.0009734448242187527,0.070868515625,0.07499999999999998,0.215,-0.08,0.08,-0.010179553052209495,0.03014327310133432,0.5639261167769419,Solve_Succeeded,0.026601957972161472,False,91.86074437872034,0.0,0.0,False,False,0.5,10,0.015,-3369.102910292475,-0.03221294037051493,0.40998929463149714,0.017419325687887083,-0.008262648106231072,0.0031281652458944875,0.0031281652458944875,-0.1668542874794619,False,False,80630.27734375,6033.242791593229,20.44695600594777,5.303554718592988e-06,96.52474515454574,0.8553067223387508,0.9882873711081437,1.2051754055603177,1.2398431906970213,0.2359434754068803,1.5,0.005618080174128979,0.0024591399973336293,0.0066085331808780545,-0.0048269381253235565,0.031643640441132125,0.007538369299854642,-3289.503656277946,False
11,stress,10066,corridor_barrier_nmpc,18.5,0.13457187972932388,0.029102448477984467,0.6493627014017059,0.1383664769320063,0.030487160871115436,0.6563961754158505,0.14626146690672154,-0.0009969628906250083,0.07037588989257812,0.07626146690672153,0.21626146690672154,-0.08,0.08,-0.011689587177397653,0.030099411368609476,0.5789868115091278,Solve_Succeeded,0.027364042005501688,False,113.48736313653069,0.0,0.0,False,False,0.5,10,0.015,-3389.761976034724,-0.040212417024154165,0.41040197109284127,-0.08687180695898424,0.06970987729585154,0.061711182977946144,0.061711182977946144,0.11716603546410331,False,False,80556.38348388672,6025.059483414375,20.419222372792923,5.365714941892784e-06,97.39132599631404,0.8553067223387508,0.9882873711081437,1.2051754055603177,1.2398431906970213,0.2359434754068803,1.5,0.005618080174128979,0.0024591399973336293,0.0066085331808780545,-0.0048269381253235565,0.031643640441132125,0.007538369299854642,-3289.503656277946,False
11,stress,10066,corridor_barrier_nmpc,19.0,0.13431720206974243,0.029034655573682844,0.6638969772193158,0.13515540627720043,0.029449561273818405,0.666830164692916,0.147545438957476,-0.0010202905273437451,0.069871552734375,0.07754543895747598,0.217545438957476,-0.08,0.08,-0.013228236887733558,0.03005494610102659,0.5940254244849409,Solve_Succeeded,0.027224791992921382,False,138.25444161358843,0.0,0.0,False,False,0.5,10,0.015,-3394.520918635761,-0.04173712024464231,0.41082245555655417,-0.02828880364946851,0.07509600709641892,0.07348804128529256,0.07348804128529256,0.023553716614692827,False,False,80480.73291015625,6016.721343798232,20.39096400829609,5.430107733533718e-06,98.2874905313752,0.8553067223387508,0.9882873711081437,1.2051754055603177,1.2398431906970213,0.2359434754068803,1.5,0.005618080174128979,0.0024591399973336293,0.0066085331808780545,-0.0048269381253235565,0.031643640441132125,0.007538369299854642,-3289.503656277946,False
11,stress,10066,corridor_barrier_nmpc,19.5,0.13405693153561737,0.02896676756366269,0.6783973328023134,0.12803235781496067,0.026413427429488635,0.6803715981126679,0.14885127314814814,-0.001043427734374991,0.06935559936523437,0.07885127314814813,0.21885127314814815,-0.08,0.08,-0.014794341612530765,0.03001019529803768,0.609041733437079,Solve_Succeeded,0.027202124998439103,False,215.18227730646777,0.0,0.0,False,False,0.5,10,0.015,-3377.8465145303694,-0.03478240997913737,0.41125063669750794,-0.016511951427006462,0.017419325687887083,0.024155056912772428,0.024155056912772428,-0.09866596874504026,False,False,80403.33990478516,6008.230580304267,20.362188393984678,5.496783401164069e-06,99.21373770693717,0.8553067223387508,0.9882873711081437,1.2051754055603177,1.2398431906970213,0.2359434754068803,1.5,0.005618080174128979,0.0024591399973336293,0.0066085331808780545,-0.0048269381253235565,0.031643640441132125,0.007538369299854642,-3289.503656277946,False
11,stress,10066,corridor_barrier_nmpc,20.0,0.13379170902679832,0.028899213110687157,0.6928638277638962,0.1328202932619263,0.02857252409315421,0.6924815180086539,0.1501783264746228,-0.0010663745117187456,0.068828125,0.08017832647462278,0.2201783264746228,-0.08,0.08,-0.016386617447824464,0.029965587622405903,0.6240357027638962,Solve_Succeeded,0.027252125029917806,False,177.92877463789424,0.0,0.0,False,False,0.5,10,0.015,-3346.3342524793748,-0.022161647196641442,0.4116864050020053,-0.06584493117887072,-0.08687180695898424,-0.07353376085227634,-0.06584494308722758,-0.18,False,True,80324.21875,5999.589364571574,20.332902889650182,5.56579431104096e-06,100.17058499400478,0.8553067223387508,0.9882873711081437,1.2051754055603177,1.2398431906970213,0.2359434754068803,1.5,0.005618080174128979,0.0024591399973336293,0.0066085331808780545,-0.0048269381253235565,0.031643640441132125,0.007538369299854642,-3289.503656277946,False
11,stress,10066,corridor_barrier_nmpc,20.5,0.13352227984511073,0.028832288966543457,0.7072967030709907,0.13285188585731564,0.029034893080198205,0.710443067494346,0.15152595593278462,-0.0010891308593749954,0.06828922485351563,0.08152595593278461,0.22152595593278462,-0.08,0.08,-0.018003676087673892,0.029921419825918453,0.6390074782174751,Solve_Succeeded,0.027298834000248462,False,185.57127907182152,0.0,0.0,False,False,0.5,10,0.015,-3358.1188433530247,-0.02649583499613052,0.4121296526781913,-0.15584492304986738,-0.02828880364946851,-0.03372423886057322,-0.03372423886057322,0.06424140845330871,False,False,80243.38372802734,5990.799834095381,20.303114739368862,5.637194939583318e-06,101.15856871510874,0.8553067223387508,0.9882873711081437,1.2051754055603177,1.2398431906970213,0.2359434754068803,1.5,0.005618080174128979,0.0024591399973336293,0.0066085331808780545,-0.0048269381253235565,0.031643640441132125,0.007538369299854642,-3289.503656277946,False
11,stress,10066,corridor_barrier_nmpc,21.0,0.13324917185518537,0.02876512918991982,0.7216960573929798,0.12927948781210025,0.028300970001185446,0.7244384065444677,0.1528935185185185,-0.0011116967773437542,0.06773899414062501,0.0828935185185185,0.22289351851851852,-0.08,0.08,-0.019644346663333145,0.029876825967263574,0.6539570632523548,Solve_Succeeded,0.02722408401314169,False,225.65522623540645,0.0,0.0,False,False,0.5,10,0.015,-3363.986119966909,-0.028474468860466024,0.41258027357316207,-0.12372422257520145,-0.016511951427006462,-0.018579723814561244,-0.018579723814561244,0.030289030092023952,False,False,80160.84912109375,5981.864093870782,20.27283107707244,5.71104192724773e-06,102.17824438121949,0.8553067223387508,0.9882873711081437,1.2051754055603177,1.2398431906970213,0.2359434754068803,1.5,0.005618080174128979,0.0024591399973336293,0.0066085331808780545,-0.0048269381253235565,0.031643640441132125,0.007538369299854642,-3289.503656277946,False
11,stress,10066,corridor_barrier_nmpc,21.5,0.13297268522670733,0.028697852125687734,0.7360618024999631,0.13837353333055208,0.024722815770020265,0.7342100099860097,0.15428037122770918,-0.001134072265625008,0.06717752807617187,0.08428037122770918,0.2242803712277092,-0.08,0.08,-0.021307686001001858,0.029831924391312742,0.6688842744237913,Solve_Succeeded,0.027245917008258402,False,253.7189744812263,0.0,0.0,False,False,0.5,10,0.015,-3349.093621912888,-0.022548956844893636,0.4130381630961138,-0.10857972063869666,-0.06584493117887072,-0.06016679623851563,-0.06016679623851563,-0.08317414484790878,False,False,80076.62921142578,5972.78421791668,20.242058931712783,5.787394134771973e-06,103.23018703821127,0.8553067223387508,0.9882873711081437,1.2051754055603177,1.2398431906970213,0.2359434754068803,1.5,0.005618080174128979,0.0024591399973336293,0.0066085331808780545,-0.0048269381253235565,0.031643640441132125,0.007538369299854642,-3289.503656277946,False
11,stress,10066,corridor_barrier_nmpc,22.0,0.13269321646187335,0.02863087296715642,0.7503939835466671,0.14023811523741506,0.029362306279307738,0.7483842107085963,0.15568587105624143,-0.001156257324218743,0.066604921875,0.08568587105624142,0.22568587105624144,-0.08,0.08,-0.022992654594368084,0.029787130291375162,0.6837890616716671,Solve_Succeeded,0.027109667018521577,False,190.70007458892613,0.0,0.0,False,False,0.5,10,0.015,-3317.977790503539,-0.010662617624559077,0.4135553796234184,-0.15016678350328988,-0.15584492304986738,-0.14435077449598854,-0.14435077449598854,-0.16836795651494582,False,False,79990.73828125,5963.562250691366,20.210805232059418,5.866312701833237e-06,104.31499162319668,0.8553067223387508,0.9882873711081437,1.2051754055603177,1.2398431906970213,0.2359434754068803,1.5,0.005618080174128979,0.0024591399973336293,0.0066085331808780545,-0.0048269381253235565,0.031643640441132125,0.007538369299854642,-3289.503656277946,False
11,stress,10066,corridor_barrier_nmpc,22.5,0.13241129547327657,0.02856451617734335,0.764692830602015,0.12544689147563787,0.030375382902016412,0.7775995340040791,0.157109375,-0.0011782519531250008,0.06602127075195313,0.08710937499999999,0.227109375,-0.08,0.08,-0.024698079526723427,0.02974276813046835,0.6986715598500619,Solve_Succeeded,0.027136000047903508,False,264.4845469302503,0.0,0.0,False,False,0.5,10,0.015,-3324.660382893838,-0.013025391226558415,0.41452118455903586,-0.23435073438472356,-0.12372422257520145,-0.12620216251647226,-0.12620216251647226,0.036297223959032565,False,False,79903.19061279297,5954.200208409866,20.179076811164045,5.947861108171019e-06,105.4332733310248,0.8553067223387508,0.9882873711081437,1.2051754055603177,1.2398431906970213,0.2359434754068803,1.5,0.005618080174128979,0.0024591399973336293,0.0066085331808780545,-0.0048269381253235565,0.031643640441132125,0.007538369299854642,-3289.503656277946,False
11,stress,10066,corridor_barrier_nmpc,23.0,0.13212729012462004,0.028498025784824705,0.778958465857703,0.12371218925730387,0.029250107111991535,0.7738285690766336,0.15855024005486967,-0.0012000561523437536,0.065426669921875,0.08855024005486967,0.22855024005486968,-0.08,0.08,-0.02642294993024963,0.02969808193716846,0.713531795935828,Solve_Succeeded,0.027237125032115728,False,308.41901459003986,0.0,0.0,False,False,0.5,10,0.015,-3330.5082004994006,-0.015027724072460379,0.41550436793117296,-0.21620205713344715,-0.10857972063869666,-0.11069676631648909,-0.11069676631648909,0.031010792399966347,False,False,79814.00048828125,5944.700080271976,20.146880410522424,6.0321052372265395e-06,106.58566799119568,0.8553067223387508,0.9882873711081437,1.2051754055603177,1.2398431906970213,0.2359434754068803,1.5,0.005618080174128979,0.0024591399973336293,0.0066085331808780545,-0.0048269381253235565,0.031643640441132125,0.007538369299854642,-3289.503656277946,False
11,stress,10066,corridor_barrier_nmpc,23.5,0.13184135830149687,0.028431418484786267,0.7931908266861998,0.13348509485377616,0.024211829233882647,0.7824706548179634,0.16000782321673526,-0.0012216699218750016,0.06482121459960938,0.09000782321673526,0.23000782321673527,-0.08,0.08,-0.028166464915238387,0.029653088406661268,0.7283696120865903,Solve_Succeeded,0.030299499980174005,False,553.6237886382929,0.0024980234181865013,0.0,True,False,0.5,10,0.015,-3317.0342372688856,-0.009978519590300158,0.4165048071705042,-0.2006967754581822,-0.15016678350328988,-0.14542511206710315,-0.14542511206710315,-0.06945669150122813,False,False,79723.1821899414,5935.063829608949,20.11422268396056,6.119113442353364e-06,107.77283245542368,0.8553067223387508,0.9882873711081437,1.2051754055603177,1.2398431906970213,0.2359434754068803,1.5,0.005618080174128979,0.0024591399973336293,0.0066085331808780545,-0.0048269381253235565,0.031643640441132125,0.007538369299854642,-3289.503656277946,False
11,stress,10066,corridor_barrier_nmpc,24.0,0.13155373848695914,0.028365080711975247,0.807389951242527,0.13674414888321948,0.03227723596915761,0.7978333044810346,0.16148148148148148,-0.0012430932617187584,0.064205,0.09148148148148147,0.23148148148148148,-0.08,0.08,-0.029927742994522333,0.029608173973694005,0.743184951242527,Solve_Succeeded,0.027403082989621907,False,224.64540857113644,0.0,0.0,False,False,0.5,10,0.015,-3286.0803033000284,0.0012268836161432907,0.41752238101690514,-0.2354250727711046,-0.23435073438472356,-0.22366778785107988,-0.22366778785107988,-0.15648535156795346,False,False,79630.75,5925.293394955936,20.08111020126924,6.208956615655911e-06,108.99544499605263,0.8553067223387508,0.9882873711081437,1.2051754055603177,1.2398431906970213,0.2359434754068803,1.5,0.005618080174128979,0.0024591399973336293,0.0066085331808780545,-0.0048269381253235565,0.031643640441132125,0.007538369299854642,-3289.503656277946,False
11,stress,10066,corridor_barrier_nmpc,24.5,0.13126481841071777,0.028299362063318255,0.8215560616897559,0.12789262250880398,0.029094851865775165,0.8203979030513455,0.16297057184499314,-0.0012643261718749965,0.06357812133789062,0.09297057184499313,0.23297057184499315,-0.08,0.08,-0.03170575343427537,0.02956368823519325,0.7579779403518653,Solve_Succeeded,0.02736320800613612,False,344.5769370594706,0.0,0.0,False,False,0.5,10,0.015,-3288.065463161369,0.0005095444500435031,0.4185569694413684,-0.3136677239493857,-0.21620205713344715,-0.2170989415185368,-0.2170989415185368,0.013137692665086187,False,False,79536.7182006836,5915.390691056471,20.047549451608308,6.301708259515469e-06,110.25420571551285,0.8553067223387508,0.9882873711081437,1.2051754055603177,1.2398431906970213,0.2359434754068803,1.5,0.005618080174128979,0.0024591399973336293,0.0066085331808780545,-0.0048269381253235565,0.031643640441132125,0.007538369299854642,-3289.503656277946,False
11,stress,10066,corridor_barrier_nmpc,25.0,0.13097486783567377,0.028233603754803546,0.8356893028940914,0.1333570498887459,0.028132031283790927,0.8237036050468354,0.164474451303155,-0.0012853686523437435,0.062940673828125,0.09447445130315499,0.234474451303155,-0.08,0.08,-0.03349958346748122,0.02951897240714729,0.7727486290659664,Solve_Succeeded,0.027217915980145335,False,346.5309530635166,0.0,0.0,False,False,0.5,10,0.015,-3293.28436858824,-0.001323929094262724,0.41960845357147647,-0.3070988914239067,-0.2006967754581822,-0.2026672251271523,-0.2026672251271523,0.028863432782768983,False,False,79441.10107421875,5905.35760980471,20.01354684669993,6.397444560864943e-06,111.54983696697954,0.8553067223387508,0.9882873711081437,1.2051754055603177,1.2398431906970213,0.2359434754068803,1.5,0.005618080174128979,0.0024591399973336293,0.0066085331808780545,-0.0048269381253235565,0.031643640441132125,0.007538369299854642,-3289.503656277946,False
11,stress,10066,corridor_barrier_nmpc,25.5,0.13068395973419156,0.02816774111187354,0.8497896388569303,0.13024206207593778,0.030557474765151492,0.8440133819981651,0.16599247685185187,-0.0013062207031249995,0.062292752685546876,0.09599247685185186,0.23599247685185187,-0.08,0.08,-0.03530851711766031,0.02947396181499854,0.7874968861713834,Solve_Succeeded,0.02728783298516646,False,341.62857540595957,0.0,0.0,False,False,0.5,10,0.015,-3280.9086858969767,0.002974236876288356,0.42067671562017306,-0.29266703778041353,-0.2354250727711046,-0.23148975777620187,-0.23148975777620187,-0.05764506529809915,False,False,79343.91290283203,5895.1960211304795,19.97910872382809,6.496244468276619e-06,112.8830837863859,0.8553067223387508,0.9882873711081437,1.2051754055603177,1.2398431906970213,0.2359434754068803,1.5,0.005618080174128979,0.0024591399973336293,0.0066085331808780545,-0.0048269381253235565,0.031643640441132125,0.007538369299854642,-3289.503656277946,False
11,stress,10066,corridor_barrier_nmpc,26.0,0.13039222928338762,0.028102126026311836,0.8638571053840315,0.12807050799750608,0.03197918530846308,0.8736126689497369,0.16752400548696844,-0.0013268823242187505,0.061634453125,0.09752400548696843,0.23752400548696845,-0.08,0.08,-0.037131776203580824,0.029429008350530587,0.8022226522590314,Solve_Succeeded,0.027183416998013854,False,353.4566034966491,0.0,0.0,False,False,0.5,10,0.015,-3250.0645785760244,0.013483810989205716,0.4217616388175952,-0.3214895238707476,-0.3136677239493857,-0.3037953969867916,-0.3037953969867916,-0.14461127842117943,False,False,79245.16796875,5884.907773831726,19.944241348659794,6.598189771929311e-06,114.25471433592546,0.8553067223387508,0.9882873711081437,1.2051754055603177,1.2398431906970213,0.2359434754068803,1.5,0.005618080174128979,0.0024591399973336293,0.0066085331808780545,-0.0048269381253235565,0.031643640441132125,0.007538369299854642,-3289.503656277946,False
11,stress,10066,corridor_barrier_nmpc,26.5,0.13009996840659735,0.028037127864926913,0.8778919185959436,0.13584070898591524,0.02722677425387261,0.8647193847646334,0.16906839420438957,-0.0013473535156250036,0.060965870361328126,0.09906839420438956,0.23906839420438958,-0.08,0.08,-0.03896842579779222,0.029384481380551917,0.8169260482346155,Solve_Succeeded,0.030546333000529557,False,572.5676394016375,0.0022838573804295492,0.0,False,False,0.5,10,0.015,-3247.616966392341,0.014145951348126948,0.42286310734575583,-0.3500000080374114,-0.3070988914239067,-0.3067020310643599,-0.3067020310643599,-0.005813268155136608,False,False,79144.88055419922,5874.494696358492,19.908950917901986,6.703365186523357e-06,115.6655203591589,0.8553067223387508,0.9882873711081437,1.2051754055603177,1.2398431906970213,0.2359434754068803,1.5,0.005618080174128979,0.0024591399973336293,0.0066085331808780545,-0.0048269381253235565,0.031643640441132125,0.007538369299854642,-3289.503656277946,False
11,stress,10066,corridor_barrier_nmpc,27.0,0.12980738753774487,0.02797217869618047,0.8918942449719646,0.1287298392841391,0.029120317683442348,0.8919701076077813,0.170625,-0.0013676342773437516,0.060287099609375,0.10062499999999999,0.240625,-0.08,0.08,-0.040817612462255126,0.029339812973524223,0.8316071453625896,Solve_Succeeded,0.02911495801527053,False,460.6089019250048,0.0005508418904098256,0.0,False,False,0.5,10,0.015,-3251.6377434186033,0.012629642485138554,0.4239810062758817,-0.34999998358038736,-0.29266703778041353,-0.2943531106910637,-0.2943531106910637,0.024697840746592425,False,False,79043.06494140625,5863.958597552136,19.87324356180684,6.811858437214606e-06,117.11631764783412,0.8553067223387508,0.9882873711081437,1.2051754055603177,1.2398431906970213,0.2359434754068803,1.5,0.005618080174128979,0.0024591399973336293,0.0066085331808780545,-0.0048269381253235565,0.031643640441132125,0.007538369299854642,-3289.503656277946,False
11,stress,10066,corridor_barrier_nmpc,27.5,0.12951451201752454,0.027907149153010687,0.9058640766665784,0.1310110556321215,0.03009243796579348,0.9132588708631918,0.1721931798696845,-0.0013877246093749948,0.059598236083984374,0.10219317986968449,0.2421931798696845,-0.08,0.08,-0.04267866785215996,0.02929487376238568,0.846265840582594,Solve_Succeeded,0.027803625038359314,False,437.76652739470353,0.0,0.0,False,False,0.5,10,0.015,-3240.0031373543866,0.016302567215570902,0.4251152215082343,-0.3499999435845572,-0.3214895238707476,-0.31822953149107114,-0.31822953149107114,-0.04775284160001492,False,False,78939.73541259766,5853.301267343199,19.837125346536833,6.923760348640835e-06,118.60794652051487,0.8553067223387508,0.9882873711081437,1.2051754055603177,1.2398431906970213,0.2359434754068803,1.5,0.005618080174128979,0.0024591399973336293,0.0066085331808780545,-0.0048269381253235565,0.031643640441132125,0.007538369299854642,-3289.503656277946,False
11,stress,10066,corridor_barrier_nmpc,28.0,0.12922140996859274,0.027842352343703823,0.9198014517696146,0.1198246959874839,0.026468156127259803,0.9257088676123879,0.17377229080932782,-0.001407624511718747,0.058899375000000004,0.10377229080932782,0.24377229080932783,-0.08,0.08,-0.04455088084073508,0.02924997685542257,0.8609020767696146,Solve_Succeeded,0.03780599997844547,False,24354.98015788878,0.014853437087735205,0.0,False,False,0.5,10,0.015,-3226.2000666807157,0.020582406204235813,0.42626563971425235,-0.3500000098698981,-0.3500000080374114,-0.3461833093914275,-0.3461833093914275,-0.055907555800712716,False,False,78834.90625,5842.524477410941,19.800602276399946,7.0391649371158585e-06,120.14127231309348,0.8553067223387508,0.9882873711081437,1.2051754055603177,1.2398431906970213,0.2359434754068803,1.5,0.005618080174128979,0.0024591399973336293,0.0066085331808780545,-0.0048269381253235565,0.031643640441132125,0.007538369299854642,-3289.503656277946,False
11,stress,10066,corridor_barrier_nmpc,28.5,0.12892822563807751,0.027777831637080946,0.9337064974902504,0.12960244740945848,0.025942468339292674,0.9252193029497141,0.17536168981481481,-0.001427333984375001,0.05819061157226563,0.10536168981481481,0.24536168981481482,-0.08,0.08,-0.0464334641767373,0.029205165621455947,0.8755158859179848,Solve_Succeeded,0.03473129100166261,False,19176.873415968796,0.014852222625640635,0.0,False,False,0.5,10,0.015,-3223.013430792571,0.021338600742512245,0.42743214828087306,-0.3500000098702682,-0.34999998358038736,-0.349541473139478,-0.349541473139478,-0.00671632749610096,False,False,78728.59173583984,5831.629981807371,19.763680295964555,7.1581695060696274e-06,121.7171858812651,0.8553067223387508,0.9882873711081437,1.2051754055603177,1.2398431906970213,0.2359434754068803,1.5,0.005618080174128979,0.0024591399973336293,0.0066085331808780545,-0.0048269381253235565,0.031643640441132125,0.007538369299854642,-3289.503656277946,False
11,stress,10066,corridor_barrier_nmpc,29.0,0.12863504713678628,0.02771337470436682,0.9475792987976239,0.12405658121038442,0.02648832395226086,0.9401192603056124,0.17696073388203018,-0.0014468530273437502,0.057472041015625,0.10696073388203017,0.2469607338820302,-0.08,0.08,-0.0483256867452439,0.02916022773171057,0.890107257781999,Solve_Succeeded,0.036083957995288074,False,30533.540979270623,0.01670114262852182,0.0,False,False,0.5,10,0.015,-3221.075650812935,0.021672146583380732,0.428614635256898,-0.3500000096958676,-0.3499999435845572,-0.3499448659238742,-0.3499448659238742,-0.0008067855687924341,False,False,78620.80615234375,5820.619517548277,19.726365292062432,7.280874744814154e-06,123.33660411501509,0.8553067223387508,0.9882873711081437,1.2051754055603177,1.2398431906970213,0.2359434754068803,1.5,0.005618080174128979,0.0024591399973336293,0.0066085331808780545,-0.0048269381253235565,0.031643640441132125,0.007538369299854642,-3289.503656277946,False
11,stress,10066,corridor_barrier_nmpc,29.5,0.12834189803173446,0.027648956569262643,0.9614198813345445,0.12078701183993326,0.029407727191926452,0.9590723070542947,0.17856878000685872,-0.0014661816406250014,0.05674375854492188,0.10856878000685871,0.24856878000685872,-0.08,0.08,-0.05022688197512426,0.029115138209887644,0.9046761227896226,Solve_Succeeded,0.03413533401908353,False,14519.228844947662,0.010599847780445898,0.0,False,False,0.5,10,0.015,-3219.2423544582,0.021956574180243132,0.429812989301285,-0.350000009516654,-0.3500000098698981,-0.34999338523448176,-0.34999338523448176,-9.703862121512863e-05,False,False,78511.56378173828,5809.494805173575,19.68866309568782,7.407384830717834e-06,125.00047046517113,0.8553067223387508,0.9882873711081437,1.2051754055603177,1.2398431906970213,0.2359434754068803,1.5,0.005618080174128979,0.0024591399973336293,0.0066085331808780545,-0.0048269381253235565,0.031643640441132125,0.007538369299854642,-3289.503656277946,False
11,stress,10066,corridor_barrier_nmpc,30.0,0.12804879312712203,0.027584575143051265,0.9752282639775578,0.1299700855015574,0.027593107929198234,0.9744933350133929,0.1801851851851852,-0.0014853198242187476,0.056005859375,0.11018518518518519,0.2501851851851852,-0.08,0.08,-0.05213639205806317,0.029069894967270013,0.9192224046025578,Solve_Succeeded,0.035975667007733136,False,21082.00496327645,0.014711800128266006,0.0,False,False,0.5,10,0.015,-3217.372481131618,0.022236835817684892,0.4310270996332512,-0.350000009874837,-0.3500000098702682,-0.3499992140295637,-0.3499992140295637,-1.1657590163860476e-05,False,False,78400.87890625,5798.257549279098,19.65057948379968,7.537807534872744e-06,126.70975548205408,0.8553067223387508,0.9882873711081437,1.2051754055603177,1.2398431906970213,0.2359434754068803,1.5,0.005618080174128979,0.0024591399973336293,0.0066085331808780545,-0.0048269381253235565,0.031643640441132125,0.007538369299854642,-3289.503656277946,False
11,stress,10066,corridor_barrier_nmpc,30.5,0.1277557453762515,0.027520231158268762,0.9890044652641612,0.12358114496503957,0.03087375425345942,0.992883684302395,0.18180930641289436,-0.0015042675781250028,0.05525843872070313,0.11180930641289435,0.25180930641289434,-0.08,0.08,-0.054053561036642855,0.029024498736393765,0.9337460265434581,Solve_Succeeded,0.03486404201248661,False,9865.208039076664,0.008555805625271445,0.0,False,False,0.5,10,0.015,-3215.4472576281864,0.022518333967463455,0.43225685598409136,-0.35000000941311027,-0.3500000096958676,-0.3499999141096871,-0.3499999141096871,-1.4001602468560748e-06,False,False,78288.76580810547,5786.909439021749,19.61212018103368,7.672254331341806e-06,128.46545736625305,0.8553067223387508,0.9882873711081437,1.2051754055603177,1.2398431906970213,0.2359434754068803,1.5,0.005618080174128979,0.0024591399973336293,0.0066085331808780545,-0.0048269381253235565,0.031643640441132125,0.007538369299854642,-3289.503656277946,False
11,stress,10066,corridor_barrier_nmpc,31.0,0.12746276682050045,0.027455925722944516,1.0027485041919908,0.12045923317963919,0.028930276350663534,1.0058973301070704,0.1834405006858711,-0.001523024902343753,0.054501591796875,0.11344050068587108,0.2534405006858711,-0.08,0.08,-0.05597773386537064,0.02897895062528827,0.9482469123951158,Solve_Succeeded,0.03368491597939283,False,50777.91110382151,0.01715182756665759,0.0,False,False,0.5,10,0.015,-3213.4628131878276,0.022801698763051416,0.43350214855061187,-0.35000000990115737,-0.350000009516654,-0.34999999805508086,-0.34999999805508086,-1.6789078749468445e-07,False,False,78175.23876953125,5775.452148599784,19.573290861329905,7.81084051007467e-06,130.26860253153586,0.8553067223387508,0.9882873711081437,1.2051754055603177,1.2398431906970213,0.2359434754068803,1.5,0.005618080174128979,0.0024591399973336293,0.0066085331808780545,-0.0048269381253235565,0.031643640441132125,0.007538369299854642,-3289.503656277946,False
11,stress,10066,corridor_barrier_nmpc,31.5,0.12716986879024605,0.02739166002255051,1.016460400332056,0.12468045409230588,0.025182486756130718,1.0078717441638392,0.185078125,-0.0015415917968750054,0.053735413818359376,0.115078125,0.25507812500000004,-0.08,0.08,-0.057908256209753955,0.028933251819425514,0.9627249865136968,Solve_Succeeded,0.03676616697339341,False,121292.61315336397,0.028776195647825104,0.0,False,False,0.5,10,0.015,-3211.4170492908233,0.023086984573743148,0.43476286795009866,-0.35000000984040425,-0.350000009874837,-0.35000000845488827,-0.35,-3.889838229298448e-09,False,False,78060.3120727539,5763.887337709867,19.534097149481823,7.953685293583734e-06,132.120246179899,0.8553067223387508,0.9882873711081437,1.2051754055603177,1.2398431906970213,0.2359434754068803,1.5,0.005618080174128979,0.0024591399973336293,0.0066085331808780545,-0.0048269381253235565,0.031643640441132125,0.007538369299854642,-3289.503656277946,False
11,stress,10066,corridor_barrier_nmpc,32.0,0.12687706200704932,0.02732743528455603,1.0301401738585994,0.1285943331229535,0.025989100967919548,1.041744475557178,0.186721536351166,-0.0015599682617187527,0.05295999999999999,0.116721536351166,0.256721536351166,-0.08,0.08,-0.05984447434411669,0.02888740354627478,0.9771801738585993,Solve_Succeeded,0.03662591701140627,False,97988.99098873197,0.026694826027507487,0.0,False,False,0.5,10,0.015,-3209.3080195641282,0.02337418020867502,0.4360389051767378,-0.3500000099393876,-0.35000000941311027,-0.3500000092979957,-0.35,0.0,False,False,77944.0,5752.216651982374,19.494544622611564,8.100911957473274e-06,134.02147288874193,0.8553067223387508,0.9882873711081437,1.2051754055603177,1.2398431906970213,0.2359434754068803,1.5,0.005618080174128979,0.0024591399973336293,0.0066085331808780545,-0.0048269381253235565,0.031643640441132125,0.007538369299854642,-3289.503656277946,False
11,stress,10066,corridor_barrier_nmpc,32.5,0.12658435666622403,0.027263252775384498,1.043787845569334,0.12373617138708388,0.030007182054509474,1.0333345600936792,0.18837009173525376,-0.0015781542968749881,0.05217544555664062,0.11837009173525376,0.25837009173525377,-0.08,0.08,-0.061785735069029735,0.028841407072259486,0.9916124000126932,Solve_Succeeded,0.033632832986768335,False,59091.073892847555,0.01779288401149237,0.0,False,False,0.5,10,0.015,-3207.133753842091,0.02366326340238303,0.43733015155941524,-0.35000000990952085,-0.35000000990115737,-0.35000000982869744,-0.35,0.0,False,False,77826.3168334961,5740.441723396339,19.45463881157619,8.252647954917411e-06,135.97339721014788,0.8553067223387508,0.9882873711081437,1.2051754055603177,1.2398431906970213,0.2359434754068803,1.5,0.005618080174128979,0.0024591399973336293,0.0066085331808780545,-0.0048269381253235565,0.031643640441132125,0.007538369299854642,-3289.503656277946,False
11,stress,10066,corridor_barrier_nmpc,33.0,0.1262917625102124,0.027199113800889137,1.05740343690504,0.11715249681293746,0.02606458718144108,1.0511976272965138,0.19002314814814816,-0.0015961499023437464,0.051381845703125005,0.12002314814814816,0.2600231481481482,-0.08,0.08,-0.06373138563793576,0.028795263703232883,1.006021591201915,Solve_Succeeded,0.03414400003384799,False,226542.4419599385,0.03359630188904254,0.0,False,False,0.5,10,0.015,-3204.8922200199427,0.02395421188732163,0.4386364987208295,-0.35000000994899627,-0.35000000984040425,-0.35000000983899787,-0.35,0.0,False,False,77707.27685546875,5728.564170675286,19.414385202309198,8.409025045183887e-06,137.9771642822269,0.8553067223387508,0.9882873711081437,1.2051754055603177,1.2398431906970213,0.2359434754068803,1.5,0.005618080174128979,0.0024591399973336293,0.0066085331808780545,-0.0048269381253235565,0.031643640441132125,0.007538369299854642,-3289.503656277946,False
11,stress,10066,corridor_barrier_nmpc,33.5,0.12599928889472675,0.02713501970759162,1.0709869699695895,0.12399827503346857,0.02453148913243121,1.0721455459890639,0.1916800625857339,-0.0016139550781249998,0.05057929565429688,0.12168006258573388,0.2616800625857339,-0.08,0.08,-0.06568077369100714,0.02874897478571662,1.0204076743152926,Solve_Succeeded,0.03549979202216491,False,241692.86668683833,0.03762740100512507,0.0,False,False,0.5,10,0.015,-3202.5813213668307,0.02424700364800248,0.43995783853785236,-0.3500000098797151,-0.3500000099393876,-0.35000000992732744,-0.35,0.0,False,False,77586.89434814453,5716.5855996651535,19.373789237101303,8.57017942630346e-06,140.0339504524786,0.8553067223387508,0.9882873711081437,1.2051754055603177,1.2398431906970213,0.2359434754068803,1.5,0.005618080174128979,0.0024591399973336293,0.0066085331808780545,-0.0048269381253235565,0.031643640441132125,0.007538369299854642,-3289.503656277946,False
11,stress,10066,corridor_barrier_nmpc,34.0,0.12570694484860073,0.027070971883974535,1.0845384675506033,0.12420453528791371,0.02812293609058324,1.0729440214143284,0.19334019204389574,-0.001631569824218762,0.049767890625000005,0.12334019204389574,0.26334019204389575,-0.08,0.08,-0.06763324719529501,0.028702541708193297,1.0347705769256033,Solve_Succeeded,0.03431575000286102,False,153797.4891545819,0.02832730744923867,0.0,False,False,0.5,10,0.015,-3200.1988947381255,0.024541616893172365,0.4412940631030815,-0.3500000099436578,-0.35000000990952085,-0.35000000991166,-0.35,0.0,False,False,77465.18359375,5704.507603695355,19.33285631582411,8.736251871986042e-06,142.14496391310487,0.8553067223387508,0.9882873711081437,1.2051754055603177,1.2398431906970213,0.2359434754068803,1.5,0.005618080174128979,0.0024591399973336293,0.0066085331808780545,-0.0048269381253235565,0.031643640441132125,0.007538369299854642,-3289.503656277946,False
11,stress,10066,corridor_barrier_nmpc,34.5,0.1254147391280268,0.02700697176180961,1.0980579531407635,0.12472171071756279,0.028797625053225577,1.0951008616195537,0.19500289351851852,-0.0016489941406250055,0.048947725830078115,0.1250028935185185,0.2650028935185185,-0.08,0.08,-0.06958815439049171,0.028655965902434615,1.0491102273106854,Solve_Succeeded,0.034920958045404404,False,154520.37214936066,0.0277623882216681,0.0,False,False,0.5,10,0.015,-3197.742708738191,0.024838030030280612,0.4426450646875293,-0.35000000994336644,-0.35000000994899627,-0.3500000099445109,-0.35,0.0,False,False,77342.15887451172,5692.331763924001,19.291591797100075,8.907387872886836e-06,144.31144534819524,0.8553067223387508,0.9882873711081437,1.2051754055603177,1.2398431906970213,0.2359434754068803,1.5,0.005618080174128979,0.0024591399973336293,0.0066085331808780545,-0.0048269381253235565,0.031643640441132125,0.007538369299854642,-3289.503656277946,False
11,stress,10066,corridor_barrier_nmpc,35.0,0.12512268026578174,0.026943020817522742,1.1115454509597993,0.11816178557322178,0.02538469919431251,1.1118478392486115,0.19666752400548698,-0.0016662280273437372,0.048118896484375,0.12666752400548698,0.266667524005487,-0.08,0.08,-0.07154484373970524,0.02860924884486648,1.0634265544754242,Solve_Succeeded,0.03476295800646767,False,369417.8551499599,0.041937603056694195,0.0,False,False,0.5,10,0.015,-3195.2104618335743,0.02513622164200253,0.44401073570439814,-0.35000000995976405,-0.3500000098797151,-0.35000000988749924,-0.35,0.0,False,False,77217.83447265625,5680.059649668205,19.25000099942194,9.083737782327672e-06,146.53466859269082,0.8553067223387508,0.9882873711081437,1.2051754055603177,1.2398431906970213,0.2359434754068803,1.5,0.005618080174128979,0.0024591399973336293,0.0066085331808780545,-0.0048269381253235565,0.031643640441132125,0.007538369299854642,-3289.503656277946,True
11,stress,10066,corridor_barrier_nmpc,35.5,0.12483077661598004,0.026879120573596777,1.1250009859771652,0.11556575798130642,0.024811267725296307,1.1244458638626145,0.19833344050068585,-0.0016832714843749985,0.04728149780273438,0.12833344050068585,0.26833344050068586,-0.08,0.08,-0.07350266388470582,0.028562392057971776,1.077719488174431,Solve_Succeeded,0.033327249984722584,False,467935.2161536326,0.046181651403703894,0.0,False,False,0.5,10,0.015,-3192.5997804165754,0.025436170464609643,0.44539096867389644,-0.350000009897244,-0.3500000099436578,-0.35000000993691127,-0.35,0.0,False,False,77092.22467041016,5667.692818720325,19.20808920222448,9.265456966580193e-06,148.81594130301312,0.8553067223387508,0.9882873711081437,1.2051754055603177,1.2398431906970213,0.2359434754068803,1.5,0.005618080174128979,0.0024591399973336293,0.0066085331808780545,-0.0048269381253235565,0.031643640441132125,0.007538369299854642,-3289.503656277946,True
11,stress,10066,corridor_barrier_nmpc,36.0,0.1245390363948389,0.026815272600013044,1.1384245839354294,0.126897487912113,0.027059413980459607,1.1385441708554378,0.2,-0.001700124511718755,0.046435625,0.13,0.27,-0.08,0.08,-0.07546096360516111,0.0285153971117318,1.0919889589354295,Solve_Succeeded,0.035662584006786346,False,270203.06194061023,0.0372359613780618,0.0,False,False,0.5,10,0.015,-3189.908216819126,0.025737855367998188,0.44678565618904953,-0.35000000995834796,-0.35000000994336644,-0.35000000994259095,-0.35,0.0,False,False,76965.34375,5655.232817650954,19.165861646911356,9.452705959819669e-06,151.15660563923407,0.8553067223387508,0.9882873711081437,1.2051754055603177,1.2398431906970213,0.2359434754068803,1.5,0.005618080174128979,0.0024591399973336293,0.0066085331808780545,-0.0048269381253235565,0.031643640441132125,0.007538369299854642,-3289.503656277946,True
11,stress,10066,corridor_barrier_nmpc,36.5,0.12424746771788922,0.026751478515732643,1.1518162713743936,0.12581357722453965,0.02767982915461945,1.1509481382372748,0.2016665594993141,-0.0017167871093750064,0.04558137329101562,0.1316665594993141,0.2716665594993141,-0.08,0.08,-0.07741909178142489,0.02846826562510765,1.106234898083378,Solve_Succeeded,0.03385574999265373,False,290216.454476046,0.037345934189066565,0.0,False,False,0.5,10,0.015,-3187.133247276915,0.02604125533720757,0.4481946908824673,-0.35000000988574226,-0.35000000995976405,-0.350000009957701,-0.35,0.0,False,False,76837.20599365234,5642.681182099389,19.123323537839543,9.645650623859447e-06,153.5580389586383,0.8553067223387508,0.9882873711081437,1.2051754055603177,1.2398431906970213,0.2359434754068803,1.5,0.005618080174128979,0.0024591399973336293,0.0066085331808780545,-0.0048269381253235565,0.031643640441132125,0.007538369299854642,-3289.503656277946,True
11,stress,10066,corridor_barrier_nmpc,37.0,0.12395607863402147,0.026687739990218454,1.1651760756559633,0.11515359752687242,0.024142780040317526,1.156718081164692,0.20333247599451304,-0.001733259277343746,0.044718837890624995,0.13333247599451303,0.27333247599451305,-0.08,0.08,-0.07937639736049157,0.0284209992675622,1.1204572377653383,Solve_Succeeded,0.03240299999015406,False,640295.5801901423,0.053235516391240176,0.0,False,False,0.5,10,0.015,-3184.2722698436974,0.0263463494552765,0.44961796539402865,-0.35000000991120606,-0.350000009897244,-0.3500000099045069,-0.35,0.0,False,False,76707.82568359375,5630.039437052273,19.080480043263627,9.84446231277763e-06,156.02165452051236,0.8553067223387508,0.9882873711081437,1.2051754055603177,1.2398431906970213,0.2359434754068803,1.5,0.005618080174128979,0.0024591399973336293,0.0066085331808780545,-0.0048269381253235565,0.031643640441132125,0.007538369299854642,-3289.503656277946,True
11,stress,10066,corridor_barrier_nmpc,37.5,0.12366487715671601,0.026624058744998885,1.1785040249897893,0.12731791820874144,0.03192549840328315,1.1767608273783143,0.2049971064814815,-0.0017495410156249946,0.04384811401367188,0.1349971064814815,0.2749971064814815,-0.08,0.08,-0.0813322293247655,0.02837359976062388,1.1346559109761174,Solve_Succeeded,0.03179933299543336,False,192420.4386061056,0.02721413467249953,0.0,False,False,0.5,10,0.015,-3181.3226022557324,0.02665311688730106,0.45105537233944787,-0.35000000994709063,-0.35000000995834796,-0.35000000995187985,-0.35,0.0,False,False,76577.21710205078,5617.309097111061,19.037336296242305,1.004931804254946e-05,158.54890220198294,0.8553067223387508,0.9882873711081437,1.2051754055603177,1.2398431906970213,0.2359434754068803,1.5,0.005618080174128979,0.0024591399973336293,0.0066085331808780545,-0.0048269381253235565,0.031643640441132125,0.007538369299854642,-3289.503656277946,True
11,stress,10066,corridor_barrier_nmpc,38.0,0.12337387129277086,0.02656043655527432,1.191800148459703,0.11485856046002181,0.02491156536764779,1.1841798870712406,0.20665980795610428,-0.0017656323242187522,0.042969296875,0.13665980795610427,0.2766598079561043,-0.08,0.08,-0.08328593666333342,0.02832606887949307,1.148830851584703,Solve_Succeeded,0.032455625012516975,False,699290.0627462397,0.05422559723010202,0.0,False,False,0.5,10,0.015,-3178.281479746323,0.02696153686557199,0.45250680427969014,-0.35000000996880354,-0.35000000988574226,-0.3500000098936876,-0.35,0.0,False,False,76445.39453125,5604.4916667489015,18.99389739550893,1.0260400665799266e-05,161.14126922468972,0.8553067223387508,0.9882873711081437,1.2051754055603177,1.2398431906970213,0.2359434754068803,1.5,0.005618080174128979,0.0024591399973336293,0.0066085331808780545,-0.0048269381253235565,0.031643640441132125,0.007538369299854642,-3289.503656277946,True
11,stress,10066,corridor_barrier_nmpc,38.5,0.12308306906880827,0.02649687525156731,1.2050644760509635,0.1092175329277202,0.024619149449419588,1.2097039585143001,0.20831993741426613,-0.0017815332031249978,0.042082481689453125,0.13831993741426613,0.27831993741426614,-0.08,0.08,-0.08523686834545786,0.02827840845469231,1.1629819943615103,Solve_Succeeded,0.03190379199804738,False,875568.5507011625,0.05858522993701355,0.0,False,False,0.5,10,0.015,-3175.14605281043,0.02727158867568144,0.4539721536912043,-0.35000000997006603,-0.35000000991120606,-0.3500000099091015,-0.35,0.0,False,False,76312.37225341797,5591.588640557487,18.950168406308123,1.0477899051788308e-05,163.8002808920783,0.8553067223387508,0.9882873711081437,1.2051754055603177,1.2398431906970213,0.2359434754068803,1.5,0.005618080174128979,0.0024591399973336293,0.0066085331808780545,-0.0048269381253235565,0.031643640441132125,0.007538369299854642,-3289.503656277946,True
11,stress,10066,corridor_barrier_nmpc,39.0,0.1227924785558123,0.026433376721417462,1.2182970386783438,0.1192228914982483,0.028791595278679714,1.20873421809425,0.20997685185185183,-0.0017972436523437524,0.041187763671875,0.13997685185185182,0.27997685185185184,-0.08,0.08,-0.08718437329603954,0.028230620373761214,1.177109275006469,Solve_Succeeded,0.031128042028285563,False,516320.9159417836,0.04419927992559147,0.0,False,False,0.5,10,0.015,-3171.9133849193977,0.027583251643500034,0.4554513129369436,-0.35000000990246644,-0.35000000994709063,-0.3500000099425269,-0.35,0.0,False,False,76178.16455078125,5578.601503484431,18.90615436120024,1.0702008271754652e-05,166.52750133705533,0.8553067223387508,0.9882873711081437,1.2051754055603177,1.2398431906970213,0.2359434754068803,1.5,0.005618080174128979,0.0024591399973336293,0.0066085331808780545,-0.0048269381253235565,0.031643640441132125,0.007538369299854642,-3289.503656277946,True
11,stress,10066,corridor_barrier_nmpc,39.5,0.12250210789192388,0.026369942911122008,1.2314978682150737,0.1221670942255486,0.025798056391571792,1.2178026621881635,0.21162990826474626,-0.001812763671875002,0.04028523803710937,0.14162990826474625,0.28162990826474626,-0.08,0.08,-0.08912780037282238,0.02818270658299701,1.1912126301779642,Solve_Succeeded,0.03238820901606232,False,667326.5530728006,0.05387346289139723,0.0,False,False,0.5,10,0.015,-3168.5804501858256,0.02789650512293561,0.4569441742381477,-0.35000000991974134,-0.35000000996880354,-0.35000000996564684,-0.35,0.0,False,False,76042.7857055664,5565.531731061606,18.861860260835236,1.0932929789723156e-05,169.32453427973962,0.8553067223387508,0.9882873711081437,1.2051754055603177,1.2398431906970213,0.2359434754068803,1.5,0.005618080174128979,0.0024591399973336293,0.0066085331808780545,-0.0048269381253235565,0.031643640441132125,0.007538369299854642,-3289.503656277946,True
11,stress,10066,corridor_barrier_nmpc,40.0,0.12221196530369689,0.026306575827523118,1.2446669975226656,0.12421111940722597,0.024263293039393754,1.2397563780534486,0.21327846364883404,-0.0018280932617187468,0.039375,0.14327846364883404,0.283278463648834,-0.08,0.08,-0.09106649834513715,0.028134669089241865,1.2052919975226657,Solve_Succeeded,0.03307570901233703,False,769181.4362411711,0.059413707774432514,0.0,False,False,0.5,10,0.015,-3165.144130978693,0.028211328484393575,0.45845062964685884,-0.3500000099738574,-0.35000000997006603,-0.3500000099695351,-0.35,0.0,False,False,75906.25,5552.380789624953,18.817291074697604,1.1170871658904013e-05,172.19302379501207,0.8553067223387508,0.9882873711081437,1.2051754055603177,1.2398431906970213,0.2359434754068803,1.5,0.005618080174128979,0.0024591399973336293,0.0066085331808780545,-0.0048269381253235565,0.031643640441132125,0.007538369299854642,-3289.503656277946,True
11,stress,10066,corridor_barrier_nmpc,40.5,0.12192205912599778,0.02624327753984287,1.2578044604816458,0.11209086162048194,0.025335638302362705,1.2655406627180072,0.214921875,-0.0018432324218749935,0.038457144775390625,0.144921875,0.284921875,-0.08,0.08,-0.09299981587400223,0.028086509961717864,1.2193473157062553,Solve_Succeeded,0.031136459030676633,False,995579.032106776,0.061747085516959205,0.0,False,False,0.5,10,0.015,-3161.6012154888726,0.028527701103866796,0.4599705710191495,-0.3500000099729985,-0.35000000990246644,-0.35000000991052366,-0.35,0.0,False,False,75768.5717163086,5539.150136526166,18.77245174182378,1.1416048723798796e-05,175.13465508953914,0.8553067223387508,0.9882873711081437,1.2051754055603177,1.2398431906970213,0.2359434754068803,1.5,0.005618080174128979,0.0024591399973336293,0.0066085331808780545,-0.0048269381253235565,0.031643640441132125,0.007538369299854642,-3289.503656277946,True
11,stress,10066,corridor_barrier_nmpc,41.0,0.12163239782071289,0.026180050181566918,1.270910292023215,0.11760837735465964,0.026987376528107353,1.2711398140305943,0.21655949931412896,-0.001858181152343763,0.03753176757812501,0.14655949931412895,0.28655949931412894,-0.08,0.08,-0.09492710149341607,0.02803823133391068,1.2333785244450899,Solve_Succeeded,0.031129375041928142,False,832115.3696705388,0.056449431620131565,0.0,False,False,0.5,10,0.015,-3157.948395245237,0.02884560235259066,0.46150388998903746,-0.3500000099231816,-0.35000000991974134,-0.350000009918634,-0.35,0.0,False,False,75629.76513671875,5525.841220336646,18.727347171493353,1.1668682828134141e-05,178.15115528792785,0.8553067223387508,0.9882873711081437,1.2051754055603177,1.2398431906970213,0.2359434754068803,1.5,0.005618080174128979,0.0024591399973336293,0.0066085331808780545,-0.0048269381253235565,0.031643640441132125,0.007538369299854642,-3289.503656277946,True
11,stress,10066,corridor_barrier_nmpc,41.5,0.121342989994411,0.026116895952377796,1.2839845281618638,0.12503055470663976,0.027995492387533648,1.2945043426718477,0.21819069358710566,-0.0018729394531250138,0.03659896362304686,0.14819069358710565,0.2881906935871057,-0.08,0.08,-0.09684770359269466,0.02798983540550281,1.247385564538817,Solve_Succeeded,0.031828332983423024,False,684714.8555453427,0.05245704036964541,0.0,False,False,0.5,10,0.015,-3154.182262581601,0.029165011587204488,0.4630504779430665,-0.3500000099719409,-0.3500000099738574,-0.3500000099672232,-0.35,0.0,False,False,75489.84454345703,5512.455481044132,18.68198224389546,1.1929003028742476e-05,181.2442942276278,0.8553067223387508,0.9882873711081437,1.2051754055603177,1.2398431906970213,0.2359434754068803,1.5,0.005618080174128979,0.0024591399973336293,0.0066085331808780545,-0.0048269381253235565,0.031643640441132125,0.007538369299854642,-3289.503656277946,True
11,stress,10066,corridor_barrier_nmpc,42.0,0.12105384441509356,0.026053817120138913,1.2970272060289672,0.12370589613691159,0.026005771400186183,1.3000202861512076,0.21981481481481485,-0.0018875073242187387,0.03565882812499999,0.14981481481481485,0.28981481481481486,-0.08,0.08,-0.09876097039972129,0.02794132444435765,1.261368377903967,Solve_Succeeded,0.0325795829994604,False,877869.2887516032,0.06044573988013978,0.0,False,False,0.5,10,0.015,-3150.299308054837,0.029485908140367244,0.46461022599553314,-0.350000009975183,-0.3500000099729985,-0.3500000099723047,-0.35,0.0,False,False,75348.82421875,5498.99435024233,18.63636181077146,1.2197245815510393e-05,184.41588526218143,0.8553067223387508,0.9882873711081437,1.2051754055603177,1.2398431906970213,0.2359434754068803,1.5,0.005618080174128979,0.0024591399973336293,0.0066085331808780545,-0.0048269381253235565,0.031643640441132125,0.007538369299854642,-3289.503656277946,True
11,stress,10066,corridor_barrier_nmpc,42.5,0.12076497002815212,0.025990816022930123,1.3100383639073832,0.11929847814130153,0.026684870755385837,1.3162405099942607,0.2214312199931413,-0.0019018847656249865,0.034711456298828124,0.1514312199931413,0.2914312199931413,-0.08,0.08,-0.10066624996498919,0.02789270078855511,1.275326907608555,Solve_Succeeded,0.03181758301798254,False,979033.2649099571,0.06135467593443171,0.0,False,False,0.5,10,0.015,-3146.295917814544,0.029808271311780044,0.46618302496434094,-0.35000000997512837,-0.3500000099231816,-0.3500000099290829,-0.35,0.0,False,False,75206.71844482422,5485.459251313897,18.590490696035044,1.24736553375143e-05,187.66778607238135,0.8553067223387508,0.9882873711081437,1.2051754055603177,1.2398431906970213,0.2359434754068803,1.5,0.005618080174128979,0.0024591399973336293,0.0066085331808780545,-0.0048269381253235565,0.031643640441132125,0.007538369299854642,-3289.503656277946,True
11,stress,10066,corridor_barrier_nmpc,43.0,0.12047637597163978,0.025927895071135906,1.323018041267084,0.11777886939828955,0.025905430098278632,1.3225593560732147,0.22303926611796981,-0.0019160717773437363,0.033756943359375007,0.1530392661179698,0.2930392661179698,-0.08,0.08,-0.10256289014633004,0.027843966848479642,1.289261097907709,Solve_Succeeded,0.0320515829953365,False,1123256.769292114,0.06571027076402884,0.0,False,False,0.5,10,0.015,-3142.168370924749,0.030132080359572763,0.46776876534746137,-0.35000000993544594,-0.3500000099719409,-0.35000000996679226,-0.35,0.0,False,False,75063.54150390625,5471.851599607084,18.544373696370922,1.2758483635463487e-05,191.0018994848737,0.8553067223387508,0.9882873711081437,1.2051754055603177,1.2398431906970213,0.2359434754068803,1.5,0.005618080174128979,0.0024591399973336293,0.0066085331808780545,-0.0048269381253235565,0.031643640441132125,0.007538369299854642,-3289.503656277946,True
11,stress,10066,corridor_barrier_nmpc,43.5,0.12018807159095372,0.025865056749587074,1.3359662788018434,0.12085175725890264,0.025694656509258958,1.3448808982540632,0.2246383101851852,-0.001930068359375016,0.03279538452148439,0.1546383101851852,0.2946383101851852,-0.08,0.08,-0.10445023859423148,0.02779512510896209,1.303170894280359,Solve_Succeeded,0.03216583299217746,False,1127233.2440120685,0.06680034865115474,0.0,False,False,0.5,10,0.015,-3137.9128366381983,0.030457314492016364,0.469367337299987,-0.3500000099775803,-0.350000009975183,-0.35000000997417496,-0.35,0.0,False,False,74919.30767822266,5458.172802606335,18.49801558181297,1.3051990880569183e-05,194.42017429769845,0.8553067223387508,0.9882873711081437,1.2051754055603177,1.2398431906970213,0.2359434754068803,1.5,0.005618080174128979,0.0024591399973336293,0.0066085331808780545,-0.0048269381253235565,0.031643640441132125,0.007538369299854642,-3289.503656277946,True
11,stress,10066,corridor_barrier_nmpc,44.0,0.11990006645301539,0.025802303619756977,1.3488831184670087,0.12026813942802507,0.02855097370085078,1.3509378321341141,0.22622770919067217,-0.0019438745117187697,0.03182687499999999,0.15622770919067216,0.2962277091906722,-0.08,0.08,-0.10632764273765678,0.027746178131475747,1.3170562434670088,Solve_Succeeded,0.03139166597975418,False,1001736.7507014399,0.05979235473355232,0.0,False,False,0.5,10,0.015,-3133.5253716238776,0.03078395285952627,0.47097863061175976,-0.3500000099756675,-0.35000000997512837,-0.35000000997501385,-0.35,0.0,False,False,74774.03125,5444.424260097118,18.451421096302866,1.3354445619958525e-05,197.9246061122413,0.8553067223387508,0.9882873711081437,1.2051754055603177,1.2398431906970213,0.2359434754068803,1.5,0.005618080174128979,0.0024591399973336293,0.0066085331808780545,-0.0048269381253235565,0.031643640441132125,0.007538369299854642,-3289.503656277946,True
11,stress,10066,corridor_barrier_nmpc,44.5,0.11961237036002687,0.025739638322013113,1.3617686035183854,0.12365683192625622,0.023516378319165022,1.3687356338142644,0.2278068201303155,-0.001957490234374991,0.030851510009765618,0.1578068201303155,0.2978068201303155,-0.08,0.08,-0.10819444977028864,0.027697128556388104,1.3309170935086196,Solve_Succeeded,0.03270595904905349,False,1346006.5205474687,0.07536685706899292,0.0,False,False,0.5,10,0.015,-3129.001917148512,0.031111974546925235,0.472602534685558,-0.3500000099805602,-0.35000000993544594,-0.35000000994019936,-0.35,0.0,False,False,74627.72650146484,5430.607364325257,18.40459495823004,1.3666125028750463e-05,201.5172381710222,0.8553067223387508,0.9882873711081437,1.2051754055603177,1.2398431906970213,0.2359434754068803,1.5,0.005618080174128979,0.0024591399973336293,0.0066085331808780545,-0.0048269381253235565,0.031643640441132125,0.007538369299854642,-3289.503656277946,True
11,stress,10066,corridor_barrier_nmpc,45.0,0.11932499336287394,0.02567706357792508,1.3746227785522604,0.1262699647592541,0.023542536882721045,1.3708094740373327,0.22937500000000002,-0.001970915527343728,0.029869384765625,0.15937500000000002,0.29937500000000006,-0.08,0.08,-0.11005000663712608,0.027647979105268807,1.3447533937866354,Solve_Succeeded,0.0325889170053415,False,1342604.4299758887,0.07584132407549617,0.0,False,False,0.5,10,0.015,-3124.3382962128876,0.03144135856593769,0.47423893851582877,-0.3500000099812043,-0.3500000099775803,-0.3500000099730896,-0.35,0.0,False,False,74480.40771484375,5416.723500150996,18.35754186095386,1.3987315168909629e-05,205.2001622007177,0.8553067223387508,0.9882873711081437,1.2051754055603177,1.2398431906970213,0.2359434754068803,1.5,0.005618080174128979,0.0024591399973336293,0.0066085331808780545,-0.0048269381253235565,0.031643640441132125,0.007538369299854642,-3289.503656277946,True
11,stress,10066,corridor_barrier_nmpc,45.5,0.11903794577423965,0.025614582192629763,1.3874456895465959,0.11555417022089887,0.030170882684212485,1.3877266734436968,0.23093160579561045,-0.0019841503906249877,0.02888059448242189,0.16093160579561044,0.30093160579561046,-0.08,0.08,-0.1118936600213708,0.02759873258325475,1.3585650950641739,Solve_Succeeded,0.030694208981003612,False,1170621.7287648458,0.060714340378465875,0.0,False,False,0.5,10,0.015,-3119.5302106439576,0.031772083847889626,0.47588773066795076,-0.350000009934919,-0.3500000099756675,-0.3500000099753578,-0.35,0.0,False,False,74332.08917236328,5402.774045198055,18.310266473308733,1.4318311254992392e-05,208.9755192597693,0.8553067223387508,0.9882873711081437,1.2051754055603177,1.2398431906970213,0.2359434754068803,1.5,0.005618080174128979,0.0024591399973336293,0.0066085331808780545,-0.0048269381253235565,0.031643640441132125,0.007538369299854642,-3289.503656277946,True
11,stress,10066,corridor_barrier_nmpc,46.0,0.11875123818148568,0.025552197057254634,1.400237383903417,0.12517658629208916,0.027828692132185123,1.4040651334291212,0.23247599451303155,-0.0019971948242187704,0.027885234375000012,0.16247599451303155,0.30247599451303153,-0.08,0.08,-0.11372475633154587,0.027549391881473404,1.372352149528417,Solve_Succeeded,0.032031541981268674,False,1165080.1887081687,0.06600202696442253,0.0,False,False,0.5,10,0.015,-3114.5732381437997,0.032104129236591325,0.4775487992580159,-0.35000000997928593,-0.3500000099805602,-0.3500000099799352,-0.35,0.0,False,False,74182.78515625,5388.760369997873,18.26277344009299,1.4659417926897555e-05,212.8455005898989,0.8553067223387508,0.9882873711081437,1.2051754055603177,1.2398431906970213,0.2359434754068803,1.5,0.005618080174128979,0.0024591399973336293,0.0066085331808780545,-0.0048269381253235565,0.031643640441132125,0.007538369299854642,-3289.503656277946,True
11,stress,10066,corridor_barrier_nmpc,46.5,0.11846488145935363,0.02548991115140003,1.4129979104924293,0.1215475154243318,0.02455379038441267,1.4171959721984808,0.23400752314814816,-0.0020100488281250273,0.02688339965820312,0.16400752314814815,0.30400752314814816,-0.08,0.08,-0.11554264168879452,0.027499959979525056,1.386114510834226,Solve_Succeeded,0.032118417031597346,False,1572145.7310051532,0.07850065313187285,0.0,False,False,0.5,10,0.015,-3109.462829296629,0.03243747348138149,0.4792220319331153,-0.350000009981926,-0.3500000099812043,-0.35000000998105185,-0.35,0.0,False,False,74032.50994873047,5374.683838129254,18.215067382542145,1.5010949529731511e-05,216.81234847080256,0.8553067223387508,0.9882873711081437,1.2051754055603177,1.2398431906970213,0.2359434754068803,1.5,0.005618080174128979,0.0024591399973336293,0.0066085331808780545,-0.0048269381253235565,0.031643640441132125,0.007538369299854642,-3289.503656277946,True
11,stress,10066,corridor_barrier_nmpc,47.0,0.11817888678253291,0.025427727545681234,1.4257273196958895,0.11816001512668725,0.018391207650382362,1.4339112435172126,0.235525548696845,-0.0020227124023437446,0.025875185546874985,0.165525548696845,0.305525548696845,-0.08,0.08,-0.11734666191431209,0.027450439948024978,1.3998521341490144,Solve_Succeeded,0.03266425000037998,False,2322580.86018724,0.09965170749012343,0.0,False,False,0.5,10,0.015,-3104.1943045351904,0.03277209523031417,0.48090731585211915,-0.3500000099589782,-0.350000009934919,-0.3500000099404611,-0.35,0.0,False,False,73881.27783203125,5360.54580635363,18.16715289878729,1.5373230400895472e-05,220.87835707726254,0.8553067223387508,0.9882873711081437,1.2051754055603177,1.2398431906970213,0.2359434754068803,1.5,0.005618080174128979,0.0024591399973336293,0.0066085331808780545,-0.0048269381253235565,0.031643640441132125,0.007538369299854642,-3289.503656277946,True
11,stress,10066,corridor_barrier_nmpc,47.5,0.11789326563813778,0.02536564940433119,1.4384256634547645,0.11258882604867988,0.02582263115914589,1.4455286561899308,0.23702942815500688,-0.0020351855468749847,0.024860687255859375,0.16702942815500688,0.3070294281550069,-0.08,0.08,-0.1191361625168691,0.027400834951206175,1.413564976198905,Solve_Succeeded,0.03130204201443121,False,1850766.1099547544,0.08030254156872443,0.0,False,False,0.5,10,0.015,-3098.7628510680042,0.03310797302347107,0.48260453766693817,-0.35000000998191266,-0.35000000997928593,-0.3500000099746218,-0.35,0.0,False,False,73729.1030883789,5346.3476247460985,18.119034564299216,1.574659516449855e-05,225.04587333785997,0.8553067223387508,0.9882873711081437,1.2051754055603177,1.2398431906970213,0.2359434754068803,1.5,0.005618080174128979,0.0024591399973336293,0.0066085331808780545,-0.0048269381253235565,0.031643640441132125,0.007538369299854642,-3289.503656277946,True
11,stress,10066,corridor_barrier_nmpc,48.0,0.11760802983813183,0.0253036799878646,1.451092995316206,0.11977320886905632,0.02196387875541051,1.4476292550606928,0.23851851851851852,-0.0020474682617187406,0.02384,0.1685185185185185,0.3085185185185185,-0.08,0.08,-0.12091048868038669,0.027351148249583342,1.4272529953162059,Solve_Succeeded,0.03191004099790007,False,2063372.4619134916,0.09091586823031406,0.0,False,False,0.5,10,0.015,-3093.163519769065,0.03344508528638392,0.48431358350425724,-0.35000000995728897,-0.350000009981926,-0.3500000099810485,-0.35,0.0,False,False,73576.0,5332.090636822434,18.070716932318835,1.6131389033197904e-05,229.31729779444095,0.8553067223387508,0.9882873711081437,1.2051754055603177,1.2398431906970213,0.2359434754068803,1.5,0.005618080174128979,0.0024591399973336293,0.0066085331808780545,-0.0048269381253235565,0.031643640441132125,0.007538369299854642,-3289.503656277946,True
11,stress,10066,corridor_barrier_nmpc,48.5,0.11732319153173468,0.025241822655804172,1.4637293704823724,0.12005807572788069,0.023477165969353314,1.4748554545873054,0.23999217678326476,-0.0020595605468750125,0.022813218994140634,0.16999217678326475,0.30999217678326474,-0.08,0.08,-0.12266898525153008,0.027301383202679184,1.4409161514882318,Solve_Succeeded,0.031277499976567924,False,1981047.0533564128,0.08751649576060887,0.0,False,False,0.5,10,0.015,-3087.3912220317693,0.03378341032355239,0.48603433894772885,-0.35000000995661784,-0.3500000099589782,-0.35000000996162955,-0.35,0.0,False,False,73421.9828491211,5317.776179662232,18.022204534274533,1.6527968117562692e-05,233.6950854614345,0.8553067223387508,0.9882873711081437,1.2051754055603177,1.2398431906970213,0.2359434754068803,1.5,0.005618080174128979,0.0024591399973336293,0.0066085331808780545,-0.0048269381253235565,0.031643640441132125,0.007538369299854642,-3289.503656277946,True
11,stress,10066,corridor_barrier_nmpc,49.0,0.11703876321784226,0.025180080869469712,1.4763348458606316,0.12269919876217869,0.028329025261933656,1.4793236375071839,0.24144975994513035,-0.0020714624023437656,0.021780439453124988,0.17144975994513034,0.31144975994513036,-0.08,0.08,-0.12441099672728809,0.027251543271813478,1.4545544064075067,Solve_Succeeded,0.03364258405053988,False,1544860.4536572618,0.07319259456447264,0.0,False,False,0.5,10,0.015,-3081.389061635957,0.03413139951478262,0.4878384306542634,-0.35000000998231945,-0.35000000998191266,-0.350000009979476,-0.35,0.0,False,False,73267.06591796875,5303.405584028344,17.973501880186948,1.6936699743054067e-05,238.18174668406832,0.8553067223387508,0.9882873711081437,1.2051754055603177,1.2398431906970213,0.2359434754068803,1.5,0.005618080174128979,0.0024591399973336293,0.0066085331808780545,-0.0048269381253235565,0.031643640441132125,0.007538369299854642,-3289.503656277946,True
11,stress,10066,corridor_barrier_nmpc,49.5,0.11675475800660208,0.02511845922812604,1.4889094803734952,0.11033078929428698,0.024022141471599156,1.486112876581257,0.24289062500000003,-0.002083173828124986,0.02074175659179687,0.17289062500000002,0.31289062500000003,-0.08,0.08,-0.12613586699339796,0.027201633056251028,1.4681677237816984,Solve_Succeeded,0.03073170903371647,False,2382634.506220295,0.09159197894571362,0.0,False,False,0.5,10,0.015,-3075.156542481419,0.03448776412804559,0.4897150181989939,-0.3500000099573864,-0.35000000995728897,-0.3500000099599544,-0.35,0.0,False,False,73111.26348876953,5288.980174482759,17.92461345906169,1.735796277470923e-05,242.77984799449288,0.8553067223387508,0.9882873711081437,1.2051754055603177,1.2398431906970213,0.2359434754068803,1.5,0.005618080174128979,0.0024591399973336293,0.0066085331808780545,-0.0048269381253235565,0.031643640441132125,0.007538369299854642,-3289.503656277946,True
11,stress,10066,corridor_barrier_nmpc,50.0,0.11647118982259046,0.025056962340973505,1.5014533352455905,0.11404842052802946,0.02368572776911617,1.5061874543169929,0.2443141289437586,-0.002094694824218736,0.019697265625,0.17431412894375858,0.3143141289437586,-0.08,0.08,-0.12784293912116812,0.02715165716519224,1.4817560696205905,Solve_Succeeded,0.030668374965898693,False,2365870.685537935,0.0925891235476458,0.0,False,False,0.5,10,0.015,-3068.7303601827143,0.0348453947075371,0.4916039796605237,-0.35000000995919894,-0.35000000995661784,-0.3500000099570187,-0.35,0.0,False,False,72954.58984375,5274.501269499071,17.875543739270487,1.7792147949611602e-05,247.492012964761,0.8553067223387508,0.9882873711081437,1.2051754055603177,1.2398431906970213,0.2359434754068803,1.5,0.005618080174128979,0.0024591399973336293,0.0066085331808780545,-0.0048269381253235565,0.031643640441132125,0.007538369299854642,-3289.503656277946,True
11,stress,10066,corridor_barrier_nmpc,50.5,0.11618807314535408,0.024995594083317127,1.5139664738226695,0.09699174406583311,0.022343196881500337,1.5081181772936465,0.2457196287722908,-0.002106025390624995,0.018647061767578132,0.1757196287722908,0.3157196287722908,-0.08,0.08,-0.12953155562693675,0.027101619473942122,1.4953194120550912,Solve_Succeeded,0.030078375013545156,False,3211700.7962664096,0.10351188947385508,0.0,False,False,0.5,10,0.015,-3062.1046565363654,0.03520426811949033,0.49350519329425013,-0.3500000099602381,-0.35000000998231945,-0.35000000997928,-0.35,0.0,False,False,72797.05926513672,5259.970181571663,17.82629716892124,1.8239658217223808e-05,252.3209230555675,0.8553067223387508,0.9882873711081437,1.2051754055603177,1.2398431906970213,0.2359434754068803,1.5,0.005618080174128979,0.0024591399973336293,0.0066085331808780545,-0.0048269381253235565,0.031643640441132125,0.007538369299854642,-3289.503656277946,True
11,stress,10066,corridor_barrier_nmpc,51.0,0.11590542280929896,0.024934358447648124,1.526448961417431,0.11806162159849881,0.02947743659838728,1.5287862798596397,0.24710648148148148,-0.00211716552734377,0.017591240234375007,0.17710648148148148,0.31710648148148146,-0.08,0.08,-0.1312010586721825,0.027051523974991894,1.508857721183056,Solve_Succeeded,0.03075433400226757,False,1827886.007771375,0.07605271851811884,0.0,False,False,0.5,10,0.015,-3055.2734114880213,0.03556436108234766,0.495418536625849,-0.35000000995473474,-0.3500000099573864,-0.35000000996001657,-0.35,0.0,False,False,72638.68603515625,5245.388217321746,17.776878176217384,1.8700909087653182e-05,257.2693184595923,0.8553067223387508,0.9882873711081437,1.2051754055603177,1.2398431906970213,0.2359434754068803,1.5,0.005618080174128979,0.0024591399973336293,0.0066085331808780545,-0.0048269381253235565,0.031643640441132125,0.007538369299854642,-3289.503656277946,True
11,stress,10066,corridor_barrier_nmpc,51.5,0.11562325402299185,0.024873259546879876,1.538900865368924,0.11479585188784229,0.02583610141251032,1.5370726581726726,0.2484740440672154,-0.0021281152343750123,0.016529896240234362,0.1784740440672154,0.3184740440672154,-0.08,0.08,-0.13285079004422357,0.02700137478125489,1.5223709691286897,Solve_Succeeded,0.030224916990846395,False,2337222.7069422733,0.0893111199417959,0.0,False,False,0.5,10,0.015,-3048.2304396557643,0.03592565015799447,0.4973438864335049,-0.35000000996020225,-0.35000000995919894,-0.35000000995929714,-0.35,0.0,False,False,72479.48443603516,5230.756677600381,17.72729116980702,1.9176328987912966e-05,262.33999893824335,0.8553067223387508,0.9882873711081437,1.2051754055603177,1.2398431906970213,0.2359434754068803,1.5,0.005618080174128979,0.0024591399973336293,0.0066085331808780545,-0.0048269381253235565,0.031643640441132125,0.007538369299854642,-3289.503656277946,True
11,stress,10066,corridor_barrier_nmpc,52.0,0.1153415823880001,0.024812301617653347,1.551322255103584,0.11716917244996998,0.02402693781522875,1.556797032429303,0.24982167352537724,-0.0021388745117187358,0.015463124999999994,0.17982167352537723,0.31982167352537727,-0.08,0.08,-0.13448009113737713,0.026951176129372083,1.535859130103584,Solve_Succeeded,0.030592082999646664,False,2511104.872587422,0.09511684848712892,0.0,False,False,0.5,10,0.015,-3040.969386831747,0.036288111743253734,0.4992811187306089,-0.35000000996323993,-0.3500000099602381,-0.3500000099601251,-0.35,0.0,False,False,72319.46875,5216.076857588573,17.677540539122155,1.966635962623454e-05,267.5358246505348,0.8553067223387508,0.9882873711081437,1.2051754055603177,1.2398431906970213,0.2359434754068803,1.5,0.005618080174128979,0.0024591399973336293,0.0066085331808780545,-0.0048269381253235565,0.031643640441132125,0.007538369299854642,-3289.503656277946,True
11,stress,10066,corridor_barrier_nmpc,52.5,0.11506042391735086,0.024751489023712367,1.563713202197941,0.11147431493976098,0.021206927947554,1.5667209186306423,0.25114872685185186,-0.002149443359375003,0.014391021728515627,0.18114872685185185,0.32114872685185186,-0.08,0.08,-0.136088302934501,0.02690093238308737,1.5493221804694253,Solve_Succeeded,0.03244104201439768,False,3102973.467148077,0.10663870073801326,0.0,False,False,0.5,10,0.015,-3033.4837264655666,0.03665172206161027,0.5012301087489158,-0.3500000099661369,-0.35000000995473474,-0.3500000099553823,-0.35,0.0,False,False,72158.65325927734,5201.350046894582,17.627630654708497,2.0171456364477855e-05,272.85971697278234,0.8553067223387508,0.9882873711081437,1.2051754055603177,1.2398431906970213,0.2359434754068803,1.5,0.005618080174128979,0.0024591399973336293,0.0066085331808780545,-0.0048269381253235565,0.031643640441132125,0.007538369299854642,-3289.503656277946,True
11,stress,10066,corridor_barrier_nmpc,53.0,0.11477979505368258,0.024690826259349142,1.576073780443033,0.12093585951135226,0.02457545158280959,1.5612628491368876,0.252454561042524,-0.0021598217773437373,0.013313681640624991,0.182454561042524,0.322454561042524,-0.08,0.08,-0.13767476598884143,0.02685064803669288,1.562760098802408,Solve_Succeeded,0.03097429103218019,False,2461479.263853633,0.09434291273611672,0.0,False,False,0.5,10,0.015,-3025.7667561330154,0.03701645715513724,0.5031907309221533,-0.35000000996492403,-0.35000000996020225,-0.3500000099596232,-0.35,0.0,False,False,71997.05224609375,5186.577529648537,17.577565868546092,2.0692088598677864e-05,278.3146593077339,0.8553067223387508,0.9882873711081437,1.2051754055603177,1.2398431906970213,0.2359434754068803,1.5,0.005618080174128979,0.0024591399973336293,0.0066085331808780545,-0.0048269381253235565,0.031643640441132125,0.007538369299854642,-3289.503656277946,True
11,stress,10066,corridor_barrier_nmpc,53.5,0.11449971268715414,0.024630317952920262,1.5884040659105585,0.12497794306377713,0.02299268427407458,1.598025753003353,0.25373853309327843,-0.0021700097656250084,0.01223119995117189,0.18373853309327842,0.32373853309327844,-0.08,0.08,-0.1392388204061243,0.02680032771854527,1.5761728659593865,Solve_Succeeded,0.031990792020224035,False,2556216.4148202115,0.09882514474556292,0.0,False,False,0.5,10,0.015,-3017.81159399408,0.03738229287659995,0.5051628588700733,-0.35000000998820807,-0.35000000996323993,-0.35000000996280545,-0.35,0.0,False,False,71834.67999267578,5171.76058459446,17.527350514361206,2.1228740147755924e-05,283.90369788170153,0.8553067223387508,0.9882873711081437,1.2051754055603177,1.2398431906970213,0.2359434754068803,1.5,0.005618080174128979,0.0024591399973336293,0.0066085331808780545,-0.0048269381253235565,0.031643640441132125,0.007538369299854642,-3289.503656277946,True
11,stress,10066,corridor_barrier_nmpc,54.0,0.11422019417317034,0.02456996887043344,1.6007041370208064,0.11714798188522915,0.028572649999403843,1.608663072770946,0.255,-0.0021800073242187745,0.011143671874999983,0.185,0.325,-0.08,0.08,-0.14077980582682967,0.026749976194652216,1.5895604651458064,Solve_Succeeded,0.029856792010832578,False,2315389.6177443294,0.08551240070392441,0.0,False,False,0.5,10,0.015,-3009.61117524432,0.03774920488171475,0.507146365382941,-0.35000000998648784,-0.3500000099661369,-0.35000000996573666,-0.35,0.0,False,False,71671.55078125,5156.900485179787,17.47698890792972,2.1781909650413836e-05,289.6299425281927,0.8553067223387508,0.9882873711081437,1.2051754055603177,1.2398431906970213,0.2359434754068803,1.5,0.005618080174128979,0.0024591399973336293,0.0066085331808780545,-0.0048269381253235565,0.031643640441132125,0.007538369299854642,-3289.503656277946,True
11,stress,10066,corridor_barrier_nmpc,54.5,0.11394125734997615,0.0245097839192051,1.612974074612395,0.1104074553046445,0.03025630874172879,1.6216290980289918,0.2562383187585734,-0.0021898144531249802,0.010051192626953115,0.18623831875857338,0.3262383187585734,-0.08,0.08,-0.14229706140859724,0.02669959837233008,1.602922881985442,Solve_Succeeded,0.03240683302283287,False,2444093.8673163024,0.09083086345392889,0.0,False,False,0.5,10,0.015,-3001.1582485640056,0.03811716862154284,0.5091411224064528,-0.35000000998611325,-0.35000000996492403,-0.3500000099650217,-0.35,0.0,False,False,71507.67889404297,5141.998499642501,17.426485347372413,2.235211097021766e-05,295.4965674564813,0.8553067223387508,0.9882873711081437,1.2051754055603177,1.2398431906970213,0.2359434754068803,1.5,0.005618080174128979,0.0024591399973336293,0.0066085331808780545,-0.0048269381253235565,0.031643640441132125,0.007538369299854642,-3289.503656277946,True
11,stress,10066,corridor_barrier_nmpc,55.0,0.11366292055616738,0.024449768151588815,1.6252139620138597,0.11727626051510617,0.023758613490703167,1.6192972083502715,0.2574528463648834,-0.0021994311523437365,0.008953857421875003,0.1874528463648834,0.3274528463648834,-0.08,0.08,-0.14378992580871602,0.02664919930393255,1.6162601045919847,Solve_Succeeded,0.030583707964979112,False,2946802.6951429,0.1019671357924165,0.0,False,False,0.5,10,0.015,-2992.4453725696676,0.0384861593350013,0.5111470010270767,-0.35000000996880604,-0.35000000998820807,-0.35000000998542263,-0.35,0.0,False,False,71343.07861328125,5127.055891095932,17.375844113442373,2.2939873608866042e-05,301.50681200349067,0.8553067223387508,0.9882873711081437,1.2051754055603177,1.2398431906970213,0.2359434754068803,1.5,0.005618080174128979,0.0024591399973336293,0.0066085331808780545,-0.0048269381253235565,0.031643640441132125,0.007538369299854642,-3289.503656277946,True
11,stress,10066,corridor_barrier_nmpc,55.5,0.1133852026481596,0.024389926768774592,1.6374238851171208,0.11399172929131345,0.023459591465897274,1.6542659089327476,0.25864293981481484,-0.002208857421874988,0.007851761474609378,0.18864293981481484,0.32864293981481485,-0.08,0.08,-0.14525773716665524,0.02659878419064958,1.6295721236425114,Solve_Succeeded,0.03040475002489984,False,3173063.8731785184,0.10487143144225178,0.0,False,False,0.5,10,0.015,-2983.4649122729907,0.03885615204147481,0.5131638714578081,-0.3500000099696064,-0.35000000998648784,-0.3500000099863599,-0.35,0.0,False,False,71177.7642211914,5112.073917611333,17.325069469804838,2.354574312762564e-05,307.6639813673073,0.8553067223387508,0.9882873711081437,1.2051754055603177,1.2398431906970213,0.2359434754068803,1.5,0.005618080174128979,0.0024591399973336293,0.0066085331808780545,-0.0048269381253235565,0.031643640441132125,0.007538369299854642,-3289.503656277946,True
11,stress,10066,corridor_barrier_nmpc,56.0,0.11310812301765341,0.024330265124658825,1.6496039324528697,0.1139930289876956,0.02802443562822511,1.6571186475022663,0.2598079561042524,-0.002218093261718762,0.006745000000000015,0.18980795610425238,0.3298079561042524,-0.08,0.08,-0.14669983308659898,0.026548358386377587,1.6428589324528697,Solve_Succeeded,0.029332791978958994,False,2728372.5015309933,0.0919126988277206,0.0,False,False,0.5,10,0.015,-2974.209035552264,0.03922712153351395,0.5151916030243355,-0.3500000099669235,-0.35000000998611325,-0.3500000099861429,-0.35,0.0,False,False,71011.75,5097.053832298304,17.27416566330976,2.4170281576901522e-05,313.9714473205616,0.8553067223387508,0.9882873711081437,1.2051754055603177,1.2398431906970213,0.2359434754068803,1.5,0.005618080174128979,0.0024591399973336293,0.0066085331808780545,-0.0048269381253235565,0.031643640441132125,0.007538369299854642,-3289.503656277946,True
11,stress,10066,corridor_barrier_nmpc,56.5,0.11283170160912974,0.024270788729784637,1.6617541952679078,0.11407230910771982,0.022676414808209214,1.6654768726845723,0.260947252229081,-0.0022271386718750175,0.005633668212890616,0.190947252229081,0.330947252229081,-0.08,0.08,-0.14811555061995124,0.026497927401659654,1.6561205270550172,Solve_Succeeded,0.03115208400413394,False,3395432.817047867,0.1089376663608811,0.0,False,False,0.5,10,0.015,-2964.6697096419066,0.03959904236960718,0.5172300641516114,-0.3500000099897124,-0.35000000996880604,-0.35000000997088876,-0.35,0.0,False,False,70845.0502319336,5081.996883383135,17.223136924257314,2.481406793389683e-05,320.432648901862,0.8553067223387508,0.9882873711081437,1.2051754055603177,1.2398431906970213,0.2359434754068803,1.5,0.005618080174128979,0.0024591399973336293,0.0066085331808780545,-0.0048269381253235565,0.031643640441132125,0.007538369299854642,-3289.503656277946,True
11,stress,10066,corridor_barrier_nmpc,57.0,0.11255595893740528,0.024211503255352276,1.6738747676044714,0.1133719638216523,0.02726068352581422,1.664285990993728,0.2620601851851852,-0.00223599365234374,0.004517861328124997,0.1920601851851852,0.3320601851851852,-0.08,0.08,-0.14950422624777993,0.026447496907696016,1.6693569062763465,Solve_Succeeded,0.029144458007067442,False,2954401.905339634,0.09608816881278433,0.0,False,False,0.5,10,0.015,-2954.838697645885,0.039971888867014596,0.5192791223508177,-0.35000000996920494,-0.3500000099696064,-0.35000000996976044,-0.35,0.0,False,False,70677.67919921875,5066.904314285146,17.171987466656617,2.547769854829969e-05,327.05109308338933,0.8553067223387508,0.9882873711081437,1.2051754055603177,1.2398431906970213,0.2359434754068803,1.5,0.005618080174128979,0.0024591399973336293,0.0066085331808780545,-0.0048269381253235565,0.031643640441132125,0.007538369299854642,-3289.503656277946,True
11,stress,10066,corridor_barrier_nmpc,57.5,0.11228091610527495,0.024152414537299053,1.685965746381582,0.10683728068889604,0.022903505366468468,1.680431192060793,0.26314611196844995,-0.0022446582031249857,0.003397674560546876,0.19314611196844994,0.33314611196844995,-0.08,0.08,-0.15086519586317498,0.02639707274042404,1.6825680718210352,Solve_Succeeded,0.030945083999540657,False,3798079.6418045266,0.11223905534650518,0.0,False,False,0.5,10,0.015,-2944.7075550811574,0.04034563509465372,0.5213386442067272,-0.35000000999003017,-0.3500000099669235,-0.3500000099672643,-0.35,0.0,False,False,70509.65118408203,5051.777363691093,17.120721488477898,2.616178759591993e-05,333.830355412705,0.8553067223387508,0.9882873711081437,1.2051754055603177,1.2398431906970213,0.2359434754068803,1.5,0.005618080174128979,0.0024591399973336293,0.0066085331808780545,-0.0048269381253235565,0.031643640441132125,0.007538369299854642,-3289.503656277946,True
11,stress,10066,corridor_barrier_nmpc,58.0,0.11200659482126495,0.024093528580448217,1.6980272314784515,0.10642307194465211,0.027034012968826286,1.6913179813679347,0.26420438957475995,-0.00225313232421874,0.0022732031250000118,0.19420438957475994,0.33420438957475995,-0.08,0.08,-0.15219779475349499,0.026346660904666957,1.6957540283534516,Solve_Succeeded,0.03168204199755564,False,3373947.2934967657,0.10278131763010784,0.0,False,False,0.5,10,0.015,-2934.267626457611,0.040720254866027525,0.5234084953654483,-0.3500000099706269,-0.3500000099897124,-0.35000000998701564,-0.35,0.0,False,False,70340.98046875,5036.617265627709,17.06934317189833,2.686696754017876e-05,340.774080626734,0.8553067223387508,0.9882873711081437,1.2051754055603177,1.2398431906970213,0.2359434754068803,1.5,0.005618080174128979,0.0024591399973336293,0.0066085331808780545,-0.0048269381253235565,0.031643640441132125,0.007538369299854642,-3289.503656277946,True
11,stress,10066,corridor_barrier_nmpc,58.5,0.11173301741751746,0.024034851562726025,1.7100593258199794,0.1090997193860095,0.027294045405055818,1.7183586530556603,0.265234375,-0.0022614160156250174,0.001144542236328136,0.19523437500000002,0.33523437500000003,-0.08,0.08,-0.15350135758248257,0.026296267578351042,1.7089147835836513,Solve_Succeeded,0.033147000009194016,False,3292819.4494951596,0.10113465561399053,0.0,False,False,0.5,10,0.015,-2923.51004190128,0.04109572173218744,0.5254885405225552,-0.35000000998959857,-0.35000000996920494,-0.3500000099713446,-0.35,0.0,False,False,70171.68133544922,5021.425249532426,17.01785668354173,2.7593889601338115e-05,347.88598323584006,0.8553067223387508,0.9882873711081437,1.2051754055603177,1.2398431906970213,0.2359434754068803,1.5,0.005618080174128979,0.0024591399973336293,0.0066085331808780545,-0.0048269381253235565,0.031643640441132125,0.007538369299854642,-3289.503656277946,True
11,stress,10066,corridor_barrier_nmpc,59.0,0.11146020686782528,0.023976389839446156,1.7220621354643764,0.10569787034458092,0.022516739889857657,1.7242052568154487,0.26623542524005483,-0.002269509277343776,1.1787109374994387e-05,0.19623542524005483,0.33623542524005484,-0.08,0.08,-0.15477521837222957,0.02624589911678993,1.7220503483550014,Solve_Succeeded,0.031762166996486485,False,4086155.5157244783,0.11591279359520833,0.0,False,False,0.5,10,0.015,-2912.4257138279822,0.041472008974723126,0.5275786434115908,-0.350000009990817,-0.35000000999003017,-0.3500000099877854,-0.35,0.0,False,False,70001.76806640625,5006.2025403223815,16.966266174712413,2.8343224233335306e-05,355.1698480758261,0.8553067223387508,0.9882873711081437,1.2051754055603177,1.2398431906970213,0.2359434754068803,1.5,0.005618080174128979,0.0024591399973336293,0.0066085331808780545,-0.0048269381253235565,0.031643640441132125,0.007538369299854642,-3289.503656277946,True
11,stress,10066,corridor_barrier_nmpc,59.5,0.11118818680583255,0.023918149947660398,1.7340357696929454,0.11845229414544063,0.023027939306289876,1.7276372861304758,0.2672068972908094,-0.0022774121093750016,-0.0011249670410156398,0.19720689729080937,0.3372068972908094,-0.08,0.08,-0.15601871048497684,0.0261955620570354,1.735160736733961,Solve_Succeeded,0.030743125011213124,False,3532901.6495592115,0.1107672794226017,0.0,False,False,0.5,10,0.015,-2901.0053336748706,0.041849089598773974,0.5296786667929451,-0.3500000099756892,-0.3500000099706269,-0.3500000099726882,-0.35,0.0,False,False,69831.25494384766,4990.950358461709,16.914575781623235,2.9115661608067795e-05,362.6295308256172,0.8553067223387508,0.9882873711081437,1.2051754055603177,1.2398431906970213,0.2359434754068803,1.5,0.005618080174128979,0.0024591399973336293,0.0066085331808780545,-0.0048269381253235565,0.031643640441132125,0.007538369299854642,-3289.503656277946,True
11,stress,10066,corridor_barrier_nmpc,60.0,0.11091698154341517,0.02386013861057449,1.7459803411020556,0.10786811047325841,0.02597778343490112,1.749059456205502,0.26814814814814814,-0.0022851245117187363,-0.002265625000000007,0.19814814814814813,0.33814814814814814,-0.08,0.08,-0.15723116660473296,0.026145263122293226,1.7482459661020555,Solve_Succeeded,0.03139875002671033,False,3665312.9701522877,0.10594075765684133,0.0,False,False,0.5,10,0.015,-2889.2393686977366,0.042226936326055564,0.5317884724430973,-0.3500000099742036,-0.35000000998959857,-0.3500000099875671,-0.35,0.0,False,False,69660.15625,4975.6699200272205,16.86278962561822,2.9911912106952547e-05,370.26895848833743,0.8553067223387508,0.9882873711081437,1.2051754055603177,1.2398431906970213,0.2359434754068803,1.5,0.005618080174128979,0.0024591399973336293,0.0066085331808780545,-0.0048269381253235565,0.031643640441132125,0.007538369299854642,-3289.503656277946,True
11,stress,10066,corridor_barrier_nmpc,60.5,0.11064661608925289,0.023802362742027756,1.757895965697339,0.10936508380728482,0.025207037332129187,1.7666278728346432,0.2690585348079561,-0.00229264648437498,-0.003410091552734376,0.1990585348079561,0.3390585348079561,-0.08,0.08,-0.15841191871870322,0.026095009226402736,1.7613060572500734,Solve_Succeeded,0.030741916969418526,False,3748475.08248769,0.10834199953612746,0.0,False,False,0.5,10,0.015,-2877.118058842291,0.04260552158789775,0.533907921144225,-0.35000000999105285,-0.350000009990817,-0.3500000099904266,-0.35,0.0,False,False,69488.48626708984,4960.362436772506,16.81091181338977,3.073270681955818e-05,378.0921298333793,0.8553067223387508,0.9882873711081437,1.2051754055603177,1.2398431906970213,0.2359434754068803,1.5,0.005618080174128979,0.0024591399973336293,0.0066085331808780545,-0.0048269381253235565,0.031643640441132125,0.007538369299854642,-3289.503656277946,True
11,stress,10066,corridor_barrier_nmpc,61.0,0.11037711616760283,0.023744829451035072,1.7697827629901433,0.1134438684833716,0.02366096487228534,1.770541918392727,0.26993741426611795,-0.0022999780273437603,-0.004558271484374987,0.19993741426611794,0.33993741426611795,-0.08,0.08,-0.15956029809851513,0.026044807478378833,1.7743410344745183,Solve_Succeeded,0.03150529199047014,False,3817720.9042470334,0.11219789596660264,0.0,False,False,0.5,10,0.015,-2864.6314136980095,0.04298481751828892,0.5360368726741661,-0.3500000099916244,-0.3500000099756892,-0.35000000997745967,-0.35,0.0,False,False,69316.25927734375,4945.029116190508,16.758946437190744,3.157879804908768e-05,386.1031157970451,0.8553067223387508,0.9882873711081437,1.2051754055603177,1.2398431906970213,0.2359434754068803,1.5,0.005618080174128979,0.0024591399973336293,0.0066085331808780545,-0.0048269381253235565,0.031643640441132125,0.007538369299854642,-3289.503656277946,True
11,stress,10066,corridor_barrier_nmpc,61.5,0.11010850823728274,0.02368754604638947,1.7816408560962709,0.10945136997611538,0.02226068858074981,1.7888750278713497,0.27078414351851854,-0.002307119140625022,-0.0057100695800781365,0.20078414351851853,0.34078414351851855,-0.08,0.08,-0.1606756352812358,0.02599466518701449,1.787350925676349,Solve_Succeeded,0.03153362503508106,False,4224928.566992909,0.11825130383549773,0.0,False,False,0.5,10,0.015,-2851.769209543525,0.04336479594692444,0.5381751857967413,-0.35000000999200287,-0.3500000099742036,-0.3500000099745948,-0.35,0.0,False,False,69143.48956298828,4929.67116157462,16.706897575041523,3.245095982445955e-05,394.30605983921447,0.8553067223387508,0.9882873711081437,1.2051754055603177,1.2398431906970213,0.2359434754068803,1.5,0.005618080174128979,0.0024591399973336293,0.0066085331808780545,-0.0048269381253235565,0.031643640441132125,0.007538369299854642,-3289.503656277946,True
11,stress,10066,corridor_barrier_nmpc,62.0,0.10984081951087012,0.02363052004132354,1.7934703718370335,0.1144227543387901,0.01953873632435672,1.800946714180434,0.27159807956104254,-0.002314069824218737,-0.006865390625000009,0.20159807956104253,0.34159807956104254,-0.08,0.08,-0.16175726005017244,0.025944589865542277,1.8003357624620335,Solve_Succeeded,0.032069124979898334,False,4417797.1663934905,0.12529594929496488,0.0,False,False,0.5,10,0.015,-2838.5209864929197,0.043745428392255356,0.5403227182524204,-0.3500000099926864,-0.35000000999105285,-0.3500000099890757,-0.35,0.0,False,False,68970.19140625,4914.289772078365,16.654769290932272,3.334998841871213e-05,402.7051782534696,0.8553067223387508,0.9882873711081437,1.2051754055603177,1.2398431906970213,0.2359434754068803,1.5,0.005618080174128979,0.0024591399973336293,0.0066085331808780545,-0.0048269381253235565,0.031643640441132125,0.007538369299854642,-3289.503656277946,True
11,stress,10066,corridor_barrier_nmpc,62.5,0.10957407797412239,0.023573759158227642,1.805271440842652,0.11100693901873007,0.022621482916555507,1.794818135854652,0.27237857938957477,-0.0023208300781249885,-0.008024139404296873,0.20237857938957476,0.3423785793895748,-0.08,0.08,-0.16280450141545239,0.02589458923635263,1.8132955802469488,Solve_Succeeded,0.0313992080045864,False,4198020.691567209,0.11749443209289666,0.0,False,False,0.5,10,0.015,-2824.876045752701,0.044126686054535846,0.5424793267493396,-0.35000000999235903,-0.3500000099916244,-0.3500000099913182,-0.35,0.0,False,False,68796.37908935547,4898.886142773685,16.602565635020465,3.427670287342397e-05,411.3047604279989,0.8553067223387508,0.9882873711081437,1.2051754055603177,1.2398431906970213,0.2359434754068803,1.5,0.005618080174128979,0.0024591399973336293,0.0066085331808780545,-0.0048269381253235565,0.031643640441132125,0.007538369299854642,-3289.503656277946,True
11,stress,10066,corridor_barrier_nmpc,63.0,0.10930831240562125,0.023517271333422633,1.8170441976580287,0.09749401031621943,0.02291324092563112,1.8241216058780558,0.27312500000000006,-0.002327399902343749,-0.009186220703124998,0.20312500000000006,0.34312500000000007,-0.08,0.08,-0.1638166875943788,0.02584467123576638,1.8262304183611537,Solve_Succeeded,0.032023292034864426,False,4835760.886487157,0.12145853287465358,0.0,False,False,0.5,10,0.015,-2810.823446999601,0.04450853980886779,0.54464486695466,-0.35000000997882424,-0.35000000999200287,-0.3500000099919206,-0.35,0.0,False,False,68622.06689453125,4883.461464707889,16.550290643823907,3.523194552881675e-05,420.1091690545624,0.8553067223387508,0.9882873711081437,1.2051754055603177,1.2398431906970213,0.2359434754068803,1.5,0.005618080174128979,0.0024591399973336293,0.0066085331808780545,-0.0048269381253235565,0.031643640441132125,0.007538369299854642,-3289.503656277946,True
11,stress,10066,corridor_barrier_nmpc,63.5,0.10904355239664316,0.023461064721984722,1.8287887808509196,0.11282064385071955,0.02331173264221639,1.8179146531858978,0.273836698388203,-0.0023337792968750326,-0.010351539306640622,0.203836698388203,0.343836698388203,-0.08,0.08,-0.16479314599155986,0.025794844018859755,1.8391403201575602,Solve_Succeeded,0.030112958047538996,False,4105124.535994719,0.11549134420073912,0.0,False,False,0.5,10,0.015,-2796.3520058898084,0.04489096019824047,0.5468191934862616,-0.3500000099926512,-0.3500000099926864,-0.3500000099925944,-0.35,0.0,False,False,68447.2691040039,4868.0169249593155,16.497948340409362,3.621658255917221e-05,429.12284028270085,0.8553067223387508,0.9882873711081437,1.2051754055603177,1.2398431906970213,0.2359434754068803,1.5,0.005618080174128979,0.0024591399973336293,0.0066085331808780545,-0.0048269381253235565,0.031643640441132125,0.007538369299854642,-3289.503656277946,True
11,stress,10066,corridor_barrier_nmpc,64.0,0.10877982837125642,0.023405147702619807,1.840505333122531,0.11112906305726557,0.017805720678334205,1.833764348323459,0.2745130315500686,-0.0023399682617187556,-0.01152000000000003,0.2045130315500686,0.3445130315500686,-0.08,0.08,-0.16573320317881218,0.025745115964338563,1.852025333122531,Solve_Succeeded,0.032036209013313055,False,4989000.8118422795,0.1330175351185104,0.0,False,False,0.5,10,0.015,-2781.450291710579,0.04527391742656609,0.5490021599047784,-0.35000000999353204,-0.35000000999235903,-0.3500000099923873,-0.35,0.0,False,False,68272.0,4852.553706691728,16.445542734576904,3.723150451316663e-05,438.3502838163395,0.8553067223387508,0.9882873711081437,1.2051754055603177,1.2398431906970213,0.2359434754068803,1.5,0.005618080174128979,0.0024591399973336293,0.0066085331808780545,-0.0048269381253235565,0.031643640441132125,0.007538369299854642,-3289.503656277946,True
11,stress,10066,corridor_barrier_nmpc,64.5,0.10851717160664397,0.023349528882584417,1.8521940014205653,0.1080075118282102,0.027753363005324303,1.8618074852156716,0.27515335648148154,-0.0023459667968749737,-0.012691507568359378,0.20515335648148153,0.34515335648148154,-0.08,0.08,-0.16663618487483756,0.02569549567945939,1.8648855089889247,Solve_Succeeded,0.032802625035401434,False,3819101.4690824044,0.11214584465327135,0.0,False,False,0.5,10,0.015,-2766.1066251856746,0.045657381351709464,0.5511936187059596,-0.35000000999225345,-0.35000000997882424,-0.3500000099804536,-0.35,0.0,False,False,68096.2738647461,4837.072989207493,16.39307782304016,3.8277626858687096e-05,447.79608294982444,0.8553067223387508,0.9882873711081437,1.2051754055603177,1.2398431906970213,0.2359434754068803,1.5,0.005618080174128979,0.0024591399973336293,0.0066085331808780545,-0.0048269381253235565,0.031643640441132125,0.007538369299854642,-3289.503656277946,True
11,stress,10066,corridor_barrier_nmpc,65.0,0.1082556142536498,0.02329421710265016,1.863854937054738,0.10835989185857343,0.023671000206025573,1.8662318714002941,0.2757570301783265,-0.0023517749023437423,-0.013865966796875004,0.20575703017832647,0.3457570301783265,-0.08,0.08,-0.16750141592467668,0.025645992004993904,1.877720903851613,Solve_Succeeded,0.031959708023350686,False,4359337.733966842,0.11660112864022684,0.0,False,False,0.5,10,0.015,-2750.3090764464196,0.04604132147851334,0.5533934213133627,-0.35000000998089187,-0.3500000099926512,-0.35000000999118586,-0.35,0.0,False,False,67920.10498046875,4821.575947999591,16.340557589602536,3.935589053166237e-05,457.46489454040494,0.8553067223387508,0.9882873711081437,1.2051754055603177,1.2398431906970213,0.2359434754068803,1.5,0.005618080174128979,0.0024591399973336293,0.0066085331808780545,-0.0048269381253235565,0.031643640441132125,0.007538369299854642,-3289.503656277946,True
11,stress,10066,corridor_barrier_nmpc,65.5,0.10799518935754537,0.023239221442108406,1.8754882958147863,0.09404501808563125,0.02768953808937431,1.8787447054948854,0.2763234096364884,-0.0023573925781249783,-0.01504328247070312,0.20632340963648838,0.3463234096364884,-0.08,0.08,-0.168328220278943,0.025596614020233385,1.8905315782854895,Solve_Succeeded,0.03333195805316791,False,4526158.775506979,0.12727839155085713,0.0,False,False,0.5,10,0.015,-2734.0454631806624,0.04642570695181928,0.5556014180713704,-0.35000000999250436,-0.35000000999353204,-0.3500000099932502,-0.35,0.0,False,False,67743.50762939453,4806.063754802459,16.287986005329568,4.046726248840151e-05,467.36144891407804,0.8553067223387508,0.9882873711081437,1.2051754055603177,1.2398431906970213,0.2359434754068803,1.5,0.005618080174128979,0.0024591399973336293,0.0066085331808780545,-0.0048269381253235565,0.031643640441132125,0.007538369299854642,-3289.503656277946,True
11,stress,10066,corridor_barrier_nmpc,66.0,0.10773593087901143,0.023184551223811526,1.8870942380909912,0.11200048577234228,0.019236221236501205,1.8905144177808604,0.2768518518518519,-0.0023628198242187787,-0.016223359374999982,0.2068518518518519,0.3468518518518519,-0.08,0.08,-0.16911592097284048,0.025547371048030305,1.9033175974659913,Solve_Succeeded,0.03074608399765566,False,4859549.540692621,0.12909085319640048,0.0,False,False,0.5,10,0.015,-2717.303348972288,0.04681050654948542,0.55781745823853,-0.3500000099939842,-0.35000000999225345,-0.3500000099923732,-0.35,0.0,False,False,67566.49609375,4790.537577641742,16.23536702871751,4.161273626089529e-05,477.4905497016668,0.8553067223387508,0.9882873711081437,1.2051754055603177,1.2398431906970213,0.2359434754068803,1.5,0.005618080174128979,0.0024591399973336293,0.0066085331808780545,-0.0048269381253235565,0.031643640441132125,0.007538369299854642,-3289.503656277946,True
11,stress,10066,corridor_barrier_nmpc,66.5,0.10747787371532895,0.023130216019246967,1.898672928997226,0.10477086006559279,0.0215205962800644,1.9093557200126738,0.2773417138203018,-0.0023680566406250325,-0.0174061022949219,0.2073417138203018,0.3473417138203018,-0.08,0.08,-0.16986384010497285,0.025498272659872,1.9160790312921478,Solve_Succeeded,0.029526917031034827,False,4903873.253316073,0.12462980795756859,0.0,False,False,0.5,10,0.015,-2700.070041844405,0.047195688675402775,0.5600413899812113,-0.35000000999378095,-0.35000000998089187,-0.35000000998227115,-0.35,0.0,False,False,67389.08465576172,4774.998580882961,16.182704605858262,4.2793332514495994e-05,487.85707360193965,0.8553067223387508,0.9882873711081437,1.2051754055603177,1.2398431906970213,0.2359434754068803,1.5,0.005618080174128979,0.0024591399973336293,0.0066085331808780545,-0.0048269381253235565,0.031643640441132125,0.007538369299854642,-3289.503656277946,True
11,stress,10066,corridor_barrier_nmpc,67.0,0.10722105372177236,0.02307622565364001,1.9102245384965508,0.09059050415454764,0.021833505514001417,1.911881349669762,0.27779235253772294,-0.002373103027343726,-0.018591416015625015,0.20779235253772294,0.34779235253772295,-0.08,0.08,-0.17057129881595057,0.025449328680983735,1.928815954512176,Solve_Succeeded,0.03190449997782707,False,5598816.864460572,0.1322018483831753,0.0,False,False,0.5,10,0.015,-2682.332593019735,0.04758122135251176,0.562273060367581,-0.35000000998275754,-0.35000000999250436,-0.350000009991275,-0.35,0.0,False,False,67211.28759765625,4759.44792527913,16.13000267060079,4.4010099607346826e-05,498.46597006850124,0.8553067223387508,0.9882873711081437,1.2051754055603177,1.2398431906970213,0.2359434754068803,1.5,0.005618080174128979,0.0024591399973336293,0.0066085331808780545,-0.0048269381253235565,0.031643640441132125,0.007538369299854642,-3289.503656277946,True
11,stress,10066,corridor_barrier_nmpc,67.5,0.10696550773319609,0.02302259021108085,1.9217492415293644,0.10401213323324489,0.020944063195106236,1.9177149552576052,0.278203125,-0.00237795898437497,-0.019779205322265625,0.208203125,0.348203125,-0.08,0.08,-0.17123761726680392,0.02540054919545582,1.94152844685163,Solve_Succeeded,0.03276095900218934,False,5059428.902784707,0.1266270283533053,0.0,False,False,0.5,10,0.015,-2664.0777959121697,0.047967072215821555,0.5645123153618897,-0.3500000099838175,-0.3500000099939842,-0.3500000099936587,-0.35,0.0,False,False,67033.11920166016,4743.886768017366,16.077265144709028,4.5264114150890264e-05,509.32226091714347,0.8553067223387508,0.9882873711081437,1.2051754055603177,1.2398431906970213,0.2359434754068803,1.5,0.005618080174128979,0.0024591399973336293,0.0066085331808780545,-0.0048269381253235565,0.031643640441132125,0.007538369299854642,-3289.503656277946,True
11,stress,10066,corridor_barrier_nmpc,68.0,0.10671127358580502,0.022969320039671403,1.9332472181441231,0.10939841289026765,0.021201284989329352,1.925462459576903,0.27857338820301786,-0.002382624511718723,-0.020969374999999985,0.20857338820301785,0.34857338820301786,-0.08,0.08,-0.17186211461721285,0.025351944551390126,1.954216593144123,Solve_Succeeded,0.031303416995797306,False,4771540.977682573,0.12402140188878814,0.0,False,False,0.5,10,0.015,-2645.2921853638522,0.04835320850543463,0.5667589998190704,-0.350000009994299,-0.35000000999378095,-0.35000000999376624,-0.35,0.0,False,False,66854.59375,4728.316262764509,16.02449593801654,4.655648157074027e-05,520.4310398503013,0.8553067223387508,0.9882873711081437,1.2051754055603177,1.2398431906970213,0.2359434754068803,1.5,0.005618080174128979,0.0024591399973336293,0.0066085331808780545,-0.0048269381253235565,0.031643640441132125,0.007538369299854642,-3289.503656277946,True
11,stress,10066,corridor_barrier_nmpc,68.5,0.10645839013909766,0.02291642575668685,1.9447186536306384,0.11262879151920553,0.015825635453380366,1.9359390202487456,0.2789024991426612,-0.00238709960937504,-0.022161829833984348,0.20890249914266118,0.3489024991426612,-0.08,0.08,-0.17244410900356352,0.02530352536606189,1.9668804834646227,Solve_Succeeded,0.03198874997906387,False,5416516.067496952,0.1391719111233651,0.0,False,False,0.5,10,0.015,-2625.9620371426204,0.04873959705958007,0.5690129574796432,-0.35000000999498937,-0.35000000998275754,-0.35000000998408004,-0.35,0.0,False,False,66675.72552490234,4712.737559711781,15.97169894857784,4.788833666715245e-05,531.797471895164,0.8553067223387508,0.9882873711081437,1.2051754055603177,1.2398431906970213,0.2359434754068803,1.5,0.005618080174128979,0.0024591399973336293,0.0066085331808780545,-0.0048269381253235565,0.031643640441132125,0.007538369299854642,-3289.503656277946,True
11,stress,10066,corridor_barrier_nmpc,69.0,0.10620689729796981,0.022863918253746725,1.9561637386559578,0.10514494085014675,0.02185153300282939,1.9571931542773127,0.27918981481481486,-0.0023913842773437832,-0.023356474609375025,0.20918981481481486,0.34918981481481487,-0.08,0.08,-0.17298291751684505,0.02525530253109051,1.979520213265333,Solve_Succeeded,0.03221120801754296,False,4901274.070681788,0.12331096510964362,0.0,False,False,0.5,10,0.015,-2606.0733677150015,0.04912620430765874,0.5712740309649265,-0.35000000999445474,-0.3500000099838175,-0.350000009983849,-0.35,0.0,False,False,66496.52880859375,4697.151805618527,15.918878062816649,4.926084417428172e-05,543.4267927519905,0.8553067223387508,0.9882873711081437,1.2051754055603177,1.2398431906970213,0.2359434754068803,1.5,0.005618080174128979,0.0024591399973336293,0.0066085331808780545,-0.0048269381253235565,0.031643640441132125,0.007538369299854642,-3289.503656277946,True
11,stress,10066,corridor_barrier_nmpc,69.5,0.10595683603496524,0.022811808701990035,1.9675826694028304,0.10726993562882349,0.02168694497787021,1.9888420819091999,0.27943469221536354,-0.0023954785156249797,-0.02455321411132813,0.20943469221536354,0.34943469221536355,-0.08,0.08,-0.1734778561803983,0.025207287217615015,1.9921358835141585,Solve_Succeeded,0.030798082996625453,False,4824469.474505295,0.12299650007748979,0.0,False,False,0.5,10,0.015,-2585.6119343104137,0.049512996263304354,0.5735420617725491,-0.3500000099946238,-0.350000009994299,-0.3500000099930436,-0.35,0.0,False,False,66317.01788330078,4681.560143855039,15.866037155671014,5.067519931736323e-05,555.3243080490911,0.8553067223387508,0.9882873711081437,1.2051754055603177,1.2398431906970213,0.2359434754068803,1.5,0.005618080174128979,0.0024591399973336293,0.0066085331808780545,-0.0048269381253235565,0.031643640441132125,0.007538369299854642,-3289.503656277946,True
11,stress,10066,corridor_barrier_nmpc,70.0,0.10570824841265854,0.02276010855724852,1.9789756477107623,0.10862033255411747,0.024001017267709705,1.9717650814926753,0.27963648834019206,-0.0023993823242187406,-0.025751953125000004,0.20963648834019205,0.34963648834019206,-0.08,0.08,-0.17392823992753353,0.02515949088146726,2.0047276008357624,Solve_Succeeded,0.03200204198947176,False,4441125.418038267,0.11619729519914326,0.0,False,False,0.5,10,0.015,-2564.563235292573,0.04989993851746499,0.5758168902722643,-0.3500000099848968,-0.35000000999498937,-0.3500000099947556,-0.35,0.0,False,False,66137.20703125,4665.963714444511,15.813180090735505,5.213262836690286e-05,567.495392500931,0.8553067223387508,0.9882873711081437,1.2051754055603177,1.2398431906970213,0.2359434754068803,1.5,0.005618080174128979,0.0024591399973336293,0.0066085331808780545,-0.0048269381253235565,0.031643640441132125,0.007538369299854642,-3289.503656277946,True
11,stress,10066,corridor_barrier_nmpc,70.5,0.10546117760615395,0.02270882956521193,1.9903428812196542,0.0981304617541038,0.02266361197156872,1.9932669383713797,0.2797945601851852,-0.0024030957031249828,-0.02695259643554687,0.20979456018518522,0.34979456018518523,-0.08,0.08,-0.17433338257903128,0.025111925268336912,2.017295477655201,Solve_Succeeded,0.032040624995715916,False,5137127.902656751,0.12666409843108145,0.0,False,False,0.5,10,0.015,-2542.9125108545686,0.05028699623150915,0.5780983557020595,-0.35000000999469943,-0.35000000999445474,-0.3500000099944909,-0.35,0.0,False,False,65957.11053466797,4650.3636541041415,15.760310720400511,5.363438918890684e-05,579.9454889657356,0.8553067223387508,0.9882873711081437,1.2051754055603177,1.2398431906970213,0.2359434754068803,1.5,0.005618080174128979,0.0024591399973336293,0.0066085331808780545,-0.0048269381253235565,0.031643640441132125,0.007538369299854642,-3289.503656277946,True
11,stress,10066,corridor_barrier_nmpc,71.0,0.10521566792568282,0.02265798376657881,2.00168458351602,0.10230870971687595,0.02292532733523941,1.999049668047286,0.27990826474622776,-0.0024066186523437755,-0.028155048828124987,0.20990826474622776,0.34990826474622777,-0.08,0.08,-0.17469259682054494,0.025064602418922586,2.029839632344145,Solve_Succeeded,0.03219479200197384,False,4887331.992988575,0.12259955502935183,0.0,False,False,0.5,10,0.015,-2520.6447440543743,0.050674134130362314,0.5803862961645628,-0.3500000099857629,-0.3500000099946238,-0.3500000099946078,-0.35,0.0,False,False,65776.74267578125,4634.761096285395,15.707432885988693,5.518177179012722e-05,592.6801073989762,0.8553067223387508,0.9882873711081437,1.2051754055603177,1.2398431906970213,0.2359434754068803,1.5,0.005618080174128979,0.0024591399973336293,0.0066085331808780545,-0.0048269381253235565,0.031643640441132125,0.007538369299854642,-3289.503656277946,True
11,stress,10066,corridor_barrier_nmpc,71.5,0.1049717648392809,0.022607583502185963,2.0130009742817734,0.10244433475513244,0.02185887114217522,2.0263277195937532,0.2799769590192044,-0.0024099511718750355,-0.029359215087890647,0.20997695901920438,0.3499769590192044,-0.08,0.08,-0.1750051941799235,0.025017534674061,2.042360189369664,Solve_Succeeded,0.03194129199255258,False,5026141.693066174,0.12365577733648937,0.0,False,False,0.5,10,0.015,-2497.7446622080315,0.05106131649567841,0.5826805486237413,-0.3500000099863864,-0.3500000099848968,-0.3500000099860634,-0.35,0.0,False,False,65596.1177368164,4619.157171213474,15.654550417888743,5.677609885723903e-05,605.7048236990452,0.8553067223387508,0.9882873711081437,1.2051754055603177,1.2398431906970213,0.2359434754068803,1.5,0.005618080174128979,0.0024591399973336293,0.0066085331808780545,-0.0048269381253235565,0.031643640441132125,0.007538369299854642,-3289.503656277946,True
11,stress,10066,corridor_barrier_nmpc,72.0,0.10472951499552531,0.02255764141810941,2.0242922794455755,0.10435629598336019,0.02115261846751282,2.0184159405517974,0.28,-0.002413093261718735,-0.030565000000000023,0.21000000000000002,0.35000000000000003,-0.08,0.08,-0.17527048500447473,0.024970734679828147,2.0548572794455757,Solve_Succeeded,0.03201295802136883,False,5024308.16249706,0.1247091360070475,0.0,False,False,0.5,10,0.015,-2474.196738657967,0.05144850715905308,0.5849809489018909,-0.3500000099952595,-0.35000000999469943,-0.35000000999366193,-0.35,0.0,False,False,65415.25,4603.553005925993,15.60166713568647,5.8418726288811247e-05,619.0252784414625,0.8553067223387508,0.9882873711081437,1.2051754055603177,1.2398431906970213,0.2359434754068803,1.5,0.005618080174128979,0.0024591399973336293,0.0066085331808780545,-0.0048269381253235565,0.031643640441132125,0.007538369299854642,-3289.503656277946,True
11,stress,10066,corridor_barrier_nmpc,72.5,0.10448896624630964,0.02250817047072936,2.0355587313367196,0.09714615975294617,0.024533069900066765,2.035450108912384,0.2799884221215252,-0.0024160449218749713,-0.03177230834960938,0.2099884221215252,0.3499884221215252,-0.08,0.08,-0.17549945587521554,0.02492421539260433,2.067331039686329,Solve_Succeeded,0.03260774997761473,False,4893136.564650026,0.12784226236857904,0.0,False,False,0.5,10,0.015,-2449.985194934418,0.051835669495284384,0.5872873316769143,-0.35000000998623976,-0.3500000099857629,-0.3500000099867119,-0.35,0.0,False,False,65234.153747558594,4587.949724310893,15.548786848293275,6.0111043718865036e-05,632.6471754978468,0.8553067223387508,0.9882873711081437,1.2051754055603177,1.2398431906970213,0.2359434754068803,1.5,0.005618080174128979,0.0024591399973336293,0.0066085331808780545,-0.0048269381253235565,0.031643640441132125,0.007538369299854642,-3289.503656277946,True
11,stress,10066,corridor_barrier_nmpc,73.0,0.1042501676696344,0.02245918393175123,2.0468005688415416,0.10795478936339221,0.022887790634306904,2.0493763903421196,0.27995386457550714,-0.0024188061523437304,-0.032981044921874994,0.20995386457550713,0.34995386457550715,-0.08,0.08,-0.17570369690587273,0.02487799008409496,2.0797816137634166,Solve_Succeeded,0.03280204103793949,False,4583597.52434133,0.1181020735691667,0.0,False,False,0.5,10,0.015,-2425.0940033280735,0.05222276641568788,0.5895995304798856,-0.35000000998721154,-0.3500000099863864,-0.3500000099864255,-0.35,0.0,False,False,65052.84326171875,4572.348447143617,15.49591335407216,6.185447503075988e-05,646.5762805359731,0.8553067223387508,0.9882873711081437,1.2051754055603177,1.2398431906970213,0.2359434754068803,1.5,0.005618080174128979,0.0024591399973336293,0.0066085331808780545,-0.0048269381253235565,0.031643640441132125,0.007538369299854642,-3289.503656277946,True
11,stress,10066,corridor_barrier_nmpc,73.5,0.10401316959238815,0.022410695393174588,2.0580180375623254,0.10777540013165203,0.025619325175964547,2.056020035117506,0.2798965914960556,-0.002421376953125026,-0.03419111450195311,0.2098965914960556,0.3498965914960556,-0.08,0.08,-0.17588342190366746,0.024832072346299614,2.0922091520642785,Solve_Succeeded,0.033364165981765836,False,4214750.013928519,0.11712119136440359,0.0,False,False,0.5,10,0.015,-2399.506889892522,0.05260976036147309,0.5919173776928992,-0.35000000999521197,-0.3500000099952595,-0.3500000099941982,-0.35,0.0,False,False,64871.33282470703,4556.750292123559,15.44305044096124,6.365047886007498e-05,660.8184193971339,0.8553067223387508,0.9882873711081437,1.2051754055603177,1.2398431906970213,0.2359434754068803,1.5,0.005618080174128979,0.0024591399973336293,0.0066085331808780545,-0.0048269381253235565,0.031643640441132125,0.007538369299854642,-3289.503656277946,True
11,stress,10066,corridor_barrier_nmpc,74.0,0.10377802361309395,0.022362718772201275,2.069211389978678,0.10007734633200231,0.02414903718654898,2.071411832158552,0.27981686701728026,-0.0024237573242187754,-0.03540242187500002,0.20981686701728025,0.34981686701728026,-0.08,0.08,-0.1760388434041863,0.02478647609642005,2.104613811853678,Solve_Succeeded,0.03021658305078745,False,4762001.089899359,0.12473952068527795,0.0,False,False,0.5,10,0.015,-2373.2073378952464,0.05299661329718919,0.5942407045472012,-0.3500000099954123,-0.35000000998623976,-0.3500000099871958,-0.35,0.0,False,False,64689.63671875,4541.156373909807,15.390201886594888,6.550054908509462e-05,675.3794763470775,0.8553067223387508,0.9882873711081437,1.2051754055603177,1.2398431906970213,0.2359434754068803,1.5,0.005618080174128979,0.0024591399973336293,0.0066085331808780545,-0.0048269381253235565,0.031643640441132125,0.007538369299854642,-3289.503656277946,True
11,stress,10066,corridor_barrier_nmpc,74.5,0.1035447826245933,0.022315268316073802,2.080380885611342,0.10545123726555596,0.024333128487857514,2.085863814331497,0.27971495527329077,-0.002425947265624978,-0.03661487182617189,0.20971495527329076,0.3497149552732908,-0.08,0.08,-0.17617017264869747,0.02474121558169878,2.116995757437514,Solve_Succeeded,0.030010625021532178,False,4462478.123088199,0.11926371800773482,0.0,False,False,0.5,10,0.015,-2346.178591736252,0.053383286704247204,0.5965693411216009,-0.35000000998770864,-0.35000000998721154,-0.35000000998720965,-0.35,0.0,False,False,64507.76922607422,4525.567804156212,15.337371458422572,6.74062153034342e-05,690.2653921967718,0.8553067223387508,0.9882873711081437,1.2051754055603177,1.2398431906970213,0.2359434754068803,1.5,0.005618080174128979,0.0024591399973336293,0.0066085331808780545,-0.0048269381253235565,0.031643640441132125,0.007538369299854642,-3289.503656277946,True
11,stress,10066,corridor_barrier_nmpc,75.0,0.1033135008366393,0.022268358606834602,2.091526791188408,0.10583190910418648,0.02374015667352356,2.0979526090171907,0.2795911203981969,-0.0024279467773437313,-0.037828369140625,0.20959112039819688,0.3495911203981969,-0.08,0.08,-0.17627761956155757,0.024696305384178333,2.129355160329033,Solve_Succeeded,0.030619249970186502,False,4506463.065427623,0.11875921129401042,0.0,False,False,0.5,10,0.015,-2318.4036613535927,0.05376974157452781,0.598903116341161,-0.35000000999570113,-0.35000000999521197,-0.3500000099942506,-0.35,0.0,False,False,64325.74462890625,4509.985691545775,15.284562913825413,6.936904329327864e-05,705.4821622892589,0.8553067223387508,0.9882873711081437,1.2051754055603177,1.2398431906970213,0.2359434754068803,1.5,0.005618080174128979,0.0024591399973336293,0.0066085331808780545,-0.0048269381253235565,0.031643640441132125,0.007538369299854642,-3289.503656277946,True
11,stress,10066,corridor_barrier_nmpc,75.5,0.10308423379836824,0.022222004565996416,2.102649380813883,0.1015369956652253,0.020262790714167412,2.0899284436726204,0.2794456265261082,-0.0024297558593749935,-0.03904281860351562,0.2094456265261082,0.3494456265261082,-0.08,0.08,-0.17636139272773999,0.02465176042537141,2.1416921994173985,Solve_Succeeded,0.03175487503176555,False,5185450.225891268,0.1262956970966474,0.0,False,False,0.5,10,0.015,-2289.8653271353037,0.05415593840408318,0.6012418579761649,-0.3500000099891039,-0.3500000099954123,-0.35000000999527275,-0.35,0.0,False,False,64143.577209472656,4494.411141824394,15.231780000230545,7.139063545763159e-05,721.0358343488762,0.8553067223387508,0.9882873711081437,1.2051754055603177,1.2398431906970213,0.2359434754068803,1.5,0.005618080174128979,0.0024591399973336293,0.0066085331808780545,-0.0048269381253235565,0.031643640441132125,0.007538369299854642,-3289.503656277946,True
11,stress,10066,corridor_barrier_nmpc,76.0,0.10285703842061805,0.022176221459113625,2.11374893613857,0.10021606306672476,0.019857735232692915,2.107802698133979,0.2792787377911345,-0.0024313745117187785,-0.04025812499999999,0.20927873779113448,0.3492787377911345,-0.08,0.08,-0.17642169937051644,0.024607595970832404,2.1540070611385698,Solve_Succeeded,0.03189012501388788,False,5289319.681749274,0.12758403452485054,0.0,False,False,0.5,10,0.015,-2260.5461453574035,0.05454183718694204,0.6035853926413581,-0.3500000099894183,-0.35000000998770864,-0.35000000998861736,-0.35,0.0,False,False,63961.28125,4478.845257833978,15.179026455223338,7.347263124990466e-05,736.9325061891485,0.8553067223387508,0.9882873711081437,1.2051754055603177,1.2398431906970213,0.2359434754068803,1.5,0.005618080174128979,0.0024591399973336293,0.0066085331808780545,-0.0048269381253235565,0.031643640441132125,0.007538369299854642,-3289.503656277946,True
11,stress,10066,corridor_barrier_nmpc,76.5,0.10263197299805997,0.022131024900244017,2.1248257465332054,0.10026252606380036,0.019161532288014725,2.135476892010299,0.27909071832738547,-0.002432802734375031,-0.0414741931152344,0.20909071832738546,0.3490907183273855,-0.08,0.08,-0.17645874532932548,0.024563827634619048,2.16629993964844,Solve_Succeeded,0.02996037498814985,False,5365784.570429372,0.1292339580273008,0.0,False,False,0.5,10,0.015,-2230.428454167775,0.054927397409027724,0.6059335457954627,-0.3500000099963002,-0.35000000999570113,-0.35000000999485015,-0.35,0.0,False,False,63778.871032714844,4463.289139544943,15.126306006657531,7.561670757910231e-05,753.1783232756824,0.8553067223387508,0.9882873711081437,1.2051754055603177,1.2398431906970213,0.2359434754068803,1.5,0.005618080174128979,0.0024591399973336293,0.0066085331808780545,-0.0048269381253235565,0.031643640441132125,0.007538369299854642,-3289.503656277946,True
11,stress,10066,corridor_barrier_nmpc,77.0,0.10240909723110844,0.022086430856290036,2.1358801092638,0.09763910412198504,0.023661992099898565,2.139362944882733,0.27888183226897073,-0.0024340405273437365,-0.04269092773437502,0.20888183226897072,0.34888183226897074,-0.08,0.08,-0.1764727350378623,0.024520471383633773,2.178571036998175,Solve_Succeeded,0.029932792007457465,False,4824768.601847525,0.1262427281469857,0.0,False,False,0.5,10,0.015,-2199.4943801358477,0.05531257804219946,0.6082861417409636,-0.35000000999605174,-0.3500000099891039,-0.35000000998979425,-0.35,0.0,False,False,63596.36083984375,4447.743884088104,15.073622372763316,7.782457919278308e-05,769.7794761404259,0.8553067223387508,0.9882873711081437,1.2051754055603177,1.2398431906970213,0.2359434754068803,1.5,0.005618080174128979,0.0024591399973336293,0.0066085331808780545,-0.0048269381253235565,0.031643640441132125,0.007538369299854642,-3289.503656277946,True
11,stress,10066,corridor_barrier_nmpc,77.5,0.10218847224757252,0.022042455651208173,2.1469123296691133,0.10552832361139688,0.023295347774657804,2.1430601528166986,0.27865234375000003,-0.002435087890624979,-0.043908233642578134,0.20865234375000002,0.34865234375000004,-0.08,0.08,-0.1764638715024275,0.024477543541833152,2.1908205633116915,Solve_Succeeded,0.030031291011255234,False,4468715.3281754125,0.11812402013860315,0.0,False,False,0.5,10,0.015,-2167.7258453880722,0.05569733753842725,0.610643003624165,-0.3500000099895737,-0.3500000099894183,-0.3500000099894635,-0.35,0.0,False,False,63413.76495361328,4432.210585785984,15.020979262253448,8.00979990359042e-05,786.742197643709,0.8553067223387508,0.9882873711081437,1.2051754055603177,1.2398431906970213,0.2359434754068803,1.5,0.005618080174128979,0.0024591399973336293,0.0066085331808780545,-0.0048269381253235565,0.031643640441132125,0.007538369299854642,-3289.503656277946,True
11,stress,10066,corridor_barrier_nmpc,78.0,0.10197016062401049,0.02199911597007478,2.1579227213401992,0.09591695972459546,0.02438223156940776,2.1612156828386406,0.27840251690458306,-0.0024359448242187165,-0.045126015625,0.20840251690458306,0.34840251690458307,-0.08,0.08,-0.17643235628057258,0.024435060794293497,2.2030487369651994,Solve_Succeeded,0.03053854202153161,False,4756495.374540648,0.1274855571799876,0.0,False,False,0.5,10,0.015,-2135.1045753491853,0.05608163382411135,0.6130039534355131,-0.35000000998944814,-0.3500000099963002,-0.35000000999547887,-0.35,0.0,False,False,63231.09765625,4416.690336183554,14.968380374427417,8.243875858358061e-05,804.0727600805459,0.8553067223387508,0.9882873711081437,1.2051754055603177,1.2398431906970213,0.2359434754068803,1.5,0.005618080174128979,0.0024591399973336293,0.0066085331808780545,-0.0048269381253235565,0.031643640441132125,0.007538369299854642,-3289.503656277946,True
11,stress,10066,corridor_barrier_nmpc,78.5,0.10175422640674761,0.02195642886299617,2.168911606301947,0.11291478099317892,0.0234957893761826,2.1666097502213835,0.27813261586682947,-0.0024366113281250323,-0.04634417846679685,0.20813261586682946,0.3481326158668295,-0.08,0.08,-0.17637838946008186,0.024393040191121203,2.2152557847687437,Solve_Succeeded,0.031769666995387524,False,4049222.118198778,0.11105597384152895,0.0,False,False,0.5,10,0.015,-2101.6121071092766,0.05646542429455782,0.6153688120101857,-0.35000000999013287,-0.35000000999605174,-0.3500000099959829,-0.35,0.0,False,False,63048.37322998047,4401.184224078418,14.91582939927376,8.484868814571105e-05,821.7774721277245,0.8553067223387508,0.9882873711081437,1.2051754055603177,1.2398431906970213,0.2359434754068803,1.5,0.005618080174128979,0.0024591399973336293,0.0066085331808780545,-0.0048269381253235565,0.031643640441132125,0.007538369299854642,-3289.503656277946,True
11,stress,10066,corridor_barrier_nmpc,79.0,0.10154073513251548,0.021914411748850452,2.1798793151965317,0.1083139155087029,0.02619786381823716,2.1814878717404356,0.277842904770849,-0.002437087402343774,-0.047562626953125034,0.207842904770849,0.347842904770849,-0.08,0.08,-0.1763021696383335,0.024351499151194226,2.2274419421496567,Solve_Succeeded,0.031270167033653706,False,3884988.8429386434,0.11452898926214611,0.0,False,False,0.5,10,0.015,-2067.229798436625,0.056848665808622426,0.6177373990289489,-0.3500000099962689,-0.3500000099895737,-0.35000000999034364,-0.35,0.0,False,False,62865.60595703125,4385.6933355504425,14.863330017570455,8.732965714134524e-05,839.8626756282633,0.8553067223387508,0.9882873711081437,1.2051754055603177,1.2398431906970213,0.2359434754068803,1.5,0.005618080174128979,0.0024591399973336293,0.0066085331808780545,-0.0048269381253235565,0.031643640441132125,0.007538369299854642,-3289.503656277946,True
11,stress,10066,corridor_barrier_nmpc,79.5,0.10132975384866949,0.021873082418848187,2.190826187468694,0.08570790483450182,0.023437615554517316,2.1799455098641705,0.27753364775075134,-0.002437373046874969,-0.048781265869140625,0.20753364775075134,0.34753364775075135,-0.08,0.08,-0.17620389390208185,0.024310455465723156,2.2396074533378343,Solve_Succeeded,0.031752082984894514,False,5310318.755593302,0.13682574291624955,0.0,False,False,0.5,10,0.015,-2031.9388374560644,0.057231314683534276,0.6201095330192727,-0.3500000099902187,-0.35000000998944814,-0.3500000099895557,-0.35,0.0,False,False,62682.810119628906,4370.218753990877,14.810885900983639,8.98835743405936e-05,858.334742209982,0.8553067223387508,0.9882873711081437,1.2051754055603177,1.2398431906970213,0.2359434754068803,1.5,0.005618080174128979,0.0024591399973336293,0.0066085331808780545,-0.0048269381253235565,0.031643640441132125,0.007538369299854642,-3289.503656277946,True
11,stress,10066,corridor_barrier_nmpc,80.0,0.10112135113293948,0.021832459039898534,2.201752571552749,0.10486868407272029,0.018803822382341726,2.195769061788906,0.27720510894064615,-0.002437468261718756,-0.05,0.20720510894064614,0.34720510894064616,-0.08,0.08,-0.1760837578077067,0.02426992730161729,2.251752571552749,Solve_Succeeded,0.03263804200105369,False,4973247.778470929,0.12552237771931898,0.0,False,False,0.5,10,0.015,-1995.7202530126183,0.05761332668991333,0.6224850313567132,-0.35000000999150416,-0.35000000999013287,-0.35000000999006353,-0.35,0.0,False,False,62500.0,4354.761560130941,14.758500712164466,9.251238807179377e-05,877.2000697349055,0.8553067223387508,0.9882873711081437,1.2051754055603177,1.2398431906970213,0.2359434754068803,1.5,0.005618080174128979,0.0024591399973336293,0.0066085331808780545,-0.0048269381253235565,0.031643640441132125,0.007538369299854642,-3289.503656277946,True
11,stress,10066,corridor_barrier_nmpc,80.5,0.10091559711266661,0.021792560157767156,2.212658825061229,0.1080625498225663,0.020020329198625193,2.210088197591219,0.27685755247464316,-0.0024373730468749966,-0.05121873413085938,0.20685755247464316,0.34685755247464317,-0.08,0.08,-0.17594195536197654,0.024229933204642153,2.263877559192088,Solve_Succeeded,0.02995408297283575,False,4611717.862063945,0.12024781061841543,0.0,False,False,0.5,10,0.015,-1958.5549257398318,0.05799465704699382,0.6248637102665509,-0.3500000099969374,-0.3500000099962689,-0.35000000999552344,-0.35,0.0,False,False,62317.189880371094,4339.322832069908,14.706178104844305,9.521808639157457e-05,896.465078576407,0.8553067223387508,0.9882873711081437,1.2051754055603177,1.2398431906970213,0.2359434754068803,1.5,0.005618080174128979,0.0024591399973336293,0.0066085331808780545,-0.0048269381253235565,0.031643640441132125,0.007538369299854642,-3289.503656277946,True
11,stress,10066,corridor_barrier_nmpc,81.0,0.10071256348347822,0.021753404700011796,2.223545314975046,0.09631870315100342,0.02512366539375013,2.222812467399258,0.27649124248685203,-0.002437087402343746,-0.052437373046875,0.20649124248685202,0.34649124248685204,-0.08,0.08,-0.1757786790033738,0.02419049210235554,2.275982688021921,Solve_Succeeded,0.032404207973740995,False,4445158.351701979,0.1251725393358486,0.0,False,False,0.5,10,0.015,-1920.423599851948,0.05837526041806783,0.6272453848256894,-0.3500000099966248,-0.3500000099902187,-0.35000000999085595,-0.35,0.0,False,False,62134.39404296875,4323.90364530272,14.653921723928308,9.800269721537944e-05,916.1362077211044,0.8553067223387508,0.9882873711081437,1.2051754055603177,1.2398431906970213,0.2359434754068803,1.5,0.005618080174128979,0.0024591399973336293,0.0066085331808780545,-0.0048269381253235565,0.031643640441132125,0.007538369299854642,-3289.503656277946,True
11,stress,10066,corridor_barrier_nmpc,81.5,0.10051232352735026,0.021715011978681014,2.234412417835067,0.09944354514348133,0.024817899896894945,2.2412766586713486,0.27610644311138244,-0.0024366113281250046,-0.05365582153320313,0.20610644311138243,0.34610644311138244,-0.08,0.08,-0.17559411958403218,0.02415162330680602,2.28806823936827,Solve_Succeeded,0.03065912501187995,False,4301866.167747159,0.12166289796790111,0.0,False,False,0.5,10,0.015,-1881.3068956788265,0.0587550909061636,0.6296298689648132,-0.35000000999673553,-0.35000000999150416,-0.3500000099914263,-0.35,0.0,False,False,61951.62677001953,4308.505072747086,14.601735205587266,0.00010086828840592718,936.2199106925834,0.8553067223387508,0.9882873711081437,1.2051754055603177,1.2398431906970213,0.2359434754068803,1.5,0.005618080174128979,0.0024591399973336293,0.0066085331808780545,-0.0048269381253235565,0.031643640441132125,0.007538369299854642,-3289.503656277946,True
11,stress,10066,corridor_barrier_nmpc,82.0,0.10031495213000541,0.02167740169276124,2.245260519934971,0.10054730455718067,0.02190748782885371,2.2540215023513057,0.27570341848234414,-0.0024359448242187443,-0.054873984375000004,0.20570341848234414,0.34570341848234415,-0.08,0.08,-0.17538846635233873,0.024113346516979984,2.300134504309971,Solve_Succeeded,0.030172416009008884,False,4598915.811458951,0.12015611392516348,0.0,False,False,0.5,10,0.015,-1841.1853229620285,0.05913410204997206,0.6320169754707983,-0.35000000999699854,-0.3500000099969374,-0.35000000999627534,-0.35,0.0,False,False,61768.90234375,4293.128184770147,14.549622177347963,0.00010381696781701378,956.7226512942332,0.8553067223387508,0.9882873711081437,1.2051754055603177,1.2398431906970213,0.2359434754068803,1.5,0.005618080174128979,0.0024591399973336293,0.0066085331808780545,-0.0048269381253235565,0.031643640441132125,0.007538369299854642,-3289.503656277946,True
11,stress,10066,corridor_barrier_nmpc,82.5,0.10012052579759331,0.021640593930356885,2.2560900175152687,0.08916557328272172,0.02242017974574978,2.2641630218155835,0.2752824327338468,-0.0024350878906250206,-0.05609176635742187,0.20528243273384678,0.3452824327338468,-0.08,0.08,-0.17516190693625347,0.024075681820981906,2.3121817838726906,Solve_Succeeded,0.030518124985974282,False,5047005.138641532,0.13111685945112506,0.0,False,False,0.5,10,0.015,-1800.039294930066,0.05951224682003778,0.6344065159893799,-0.3500000099916981,-0.3500000099966248,-0.3500000099965828,-0.35,0.0,False,False,61586.23504638672,4277.774049214653,14.497586258181908,0.00010685088328997794,977.6508991685658,0.8553067223387508,0.9882873711081437,1.2051754055603177,1.2398431906970213,0.2359434754068803,1.5,0.005618080174128979,0.0024591399973336293,0.0066085331808780545,-0.0048269381253235565,0.031643640441132125,0.007538369299854642,-3289.503656277946,True
11,stress,10066,corridor_barrier_nmpc,83.0,0.09992912267259754,0.02160460917058795,2.266901316958336,0.10601826814879671,0.023824331382571708,2.267889254697153,0.27484375,-0.0024340405273437504,-0.057309072265625025,0.20484375,0.34484375,-0.08,0.08,-0.17491462732740246,0.0240386496979317,2.324210389223961,Solve_Succeeded,0.03242954099550843,False,4015447.0109849884,0.1138254818512033,0.0,False,False,0.5,10,0.015,-1757.8491431702457,0.05988947761522891,0.6367983010280722,-0.3500000099970425,-0.35000000999673553,-0.3500000099967172,-0.35,0.0,False,False,61403.63916015625,4262.443731424724,14.445631058592618,0.0001099722226000783,999.011125170604,0.8553067223387508,0.9882873711081437,1.2051754055603177,1.2398431906970213,0.2359434754068803,1.5,0.005618080174128979,0.0024591399973336293,0.0066085331808780545,-0.0048269381253235565,0.031643640441132125,0.007538369299854642,-3289.503656277946,True
11,stress,10066,corridor_barrier_nmpc,83.5,0.09974082254891212,0.02156946828518916,2.277694834984326,0.10436616590595893,0.021349011154420904,2.2682461040154376,0.27438763441491365,-0.002432802734374989,-0.05852580688476562,0.20438763441491364,0.34438763441491366,-0.08,0.08,-0.17464681186600153,0.024002271019564148,2.3362206418690916,Solve_Succeeded,0.03182191599626094,False,4372506.488384813,0.11555269723751052,0.0,False,False,0.5,10,0.015,-1714.5951333140147,0.06026574625950282,0.6391921399593407,-0.3500000099924125,-0.35000000999699854,-0.35000000999696473,-0.35,0.0,False,False,61221.128967285156,4247.138294271152,14.393760180701383,0.00011318321334994785,1020.8097965530129,0.8553067223387508,0.9882873711081437,1.2051754055603177,1.2398431906970213,0.2359434754068803,1.5,0.005618080174128979,0.0024591399973336293,0.0066085331808780545,-0.0048269381253235565,0.031643640441132125,0.007538369299854642,-3289.503656277946,True
11,stress,10066,corridor_barrier_nmpc,84.0,0.09955570688602902,0.02153519253979437,2.2884709988478003,0.09904465269564851,0.020473712440315987,2.2876887664407133,0.27391435011269727,-0.002431374511718737,-0.059741875000000014,0.20391435011269726,0.3439143501126973,-0.08,0.08,-0.17435864322666825,0.023966567051513107,2.3482128738478,Solve_Succeeded,0.03183754096971825,False,4700265.457514433,0.1200261775809795,0.0,False,False,0.5,10,0.015,-1670.2574815519504,0.06064100399898293,0.6415878410240256,-0.35000000999264885,-0.3500000099916981,-0.35000000999233083,-0.35,0.0,False,False,61038.71875,4231.858798176278,14.341977218331582,0.00011648612280722231,1043.0533719609105,0.8553067223387508,0.9882873711081437,1.2051754055603177,1.2398431906970213,0.2359434754068803,1.5,0.005618080174128979,0.0024591399973336293,0.0066085331808780545,-0.0048269381253235565,0.031643640441132125,0.007538369299854642,-3289.503656277946,True
11,stress,10066,corridor_barrier_nmpc,84.5,0.09937385882227615,0.021501803594889672,2.299230246534919,0.09556538776769118,0.019366355110676296,2.291160778336304,0.2734241612274606,-0.0024297558593749935,-0.06095718139648436,0.2034241612274606,0.3434241612274606,-0.08,0.08,-0.17405030240518446,0.023931559454264666,2.360187427931403,Solve_Succeeded,0.03185683401534334,False,4979959.414765049,0.12334324621643271,0.0,False,False,0.5,10,0.015,-1624.816371993824,0.06101520149936405,0.6439852113350127,-0.35000000999292724,-0.3500000099970425,-0.35000000999647646,-0.35,0.0,False,False,60856.422790527344,4216.606301138476,14.290285757091644,0.0001198832576833614,1065.7482962344436,0.8553067223387508,0.9882873711081437,1.2051754055603177,1.2398431906970213,0.2359434754068803,1.5,0.005618080174128979,0.0024591399973336293,0.0066085331808780545,-0.0048269381253235565,0.031643640441132125,0.007538369299854642,-3289.503656277946,True
11,stress,10066,corridor_barrier_nmpc,85.0,0.09919536318704372,0.021469323506418232,2.309973026961021,0.0988343442778529,0.022163082560932117,2.319325112136988,0.27291733189331335,-0.002427946777343787,-0.06217163085937501,0.20291733189331335,0.34291733189331336,-0.08,0.08,-0.17372196870626963,0.02389727028376202,2.372144657820396,Solve_Succeeded,0.03254091599956155,False,4391506.8922176175,0.11908298761546046,0.0,False,False,0.5,10,0.015,-1578.2519748883608,0.06138828884366329,0.6463840568811571,-0.3500000099973635,-0.3500000099924125,-0.3500000099929007,-0.35,0.0,False,False,60674.25537109375,4201.381858756196,14.238689374456536,0.0001233769638506089,1088.9009950174025,0.8553067223387508,0.9882873711081437,1.2051754055603177,1.2398431906970213,0.2359434754068803,1.5,0.005618080174128979,0.0024591399973336293,0.0066085331808780545,-0.0048269381253235565,0.031643640441132125,0.007538369299854642,-3289.503656277946,True
11,stress,10066,corridor_barrier_nmpc,85.5,0.09902030651193558,0.021437774726019744,2.3206998001684167,0.09970289583044473,0.024022383239588167,2.321706964145892,0.27239412624436515,-0.002425947265624978,-0.06338512817382815,0.20239412624436515,0.34239412624436516,-0.08,0.08,-0.17337381973242957,0.023863721991644722,2.384084928342245,Solve_Succeeded,0.03057954099494964,False,4065856.518737725,0.11769123041392043,0.0,False,False,0.5,10,0.015,-1530.5444657163355,0.06176021553033375,0.6487841825314473,-0.3500000099926206,-0.35000000999264885,-0.3500000099926791,-0.35,0.0,False,False,60492.23077392578,4186.186524251644,14.187191639848015,0.0001269696259939716,1112.517869170422,0.8553067223387508,0.9882873711081437,1.2051754055603177,1.2398431906970213,0.2359434754068803,1.5,0.005618080174128979,0.0024591399973336293,0.0066085331808780545,-0.0048269381253235565,0.031643640441132125,0.007538369299854642,-3289.503656277946,True
11,stress,10066,corridor_barrier_nmpc,86.0,0.0988487770407799,0.021407180100886995,2.3314110375242034,0.09841568111824443,0.023751267183187128,2.351481354908782,0.2718548084147258,-0.002423757324218734,-0.06459757812499999,0.2018548084147258,0.3418548084147258,-0.08,0.08,-0.1730060313739459,0.02383093742510573,2.3960086156492033,Solve_Succeeded,0.030515417049173266,False,4113276.334011632,0.11843912729648139,0.0,False,False,0.5,10,0.015,-1481.6740451697237,0.062130930471759285,0.651185392039422,-0.3500000099928124,-0.35000000999292724,-0.35000000999289743,-0.35,0.0,False,False,60310.36328125,4171.021348494046,14.13579611471348,0.0001306636671950245,1136.605288987479,0.8553067223387508,0.9882873711081437,1.2051754055603177,1.2398431906970213,0.2359434754068803,1.5,0.005618080174128979,0.0024591399973336293,0.0066085331808780545,-0.0048269381253235565,0.031643640441132125,0.007538369299854642,-3289.503656277946,True
11,stress,10066,corridor_barrier_nmpc,86.5,0.09868086473843285,0.021377562873221827,2.342107221917908,0.09533093270432609,0.025064481369481795,2.34695716932115,0.2712996425385049,-0.0024213769531249985,-0.06580888549804688,0.2012996425385049,0.3412996425385049,-0.08,0.08,-0.17261877780007207,0.023798939826346826,2.407916107415955,Solve_Succeeded,0.03313600004184991,False,4042157.782834463,0.12096870983417883,0.0,False,False,0.5,10,0.015,-1431.620960028484,0.06250038199314836,0.6535874880478271,-0.35000000999736613,-0.3500000099973635,-0.350000009996827,-0.35,0.0,False,False,60128.66717529297,4155.887380022547,14.084506352603574,0.00013446154844428898,1161.169588214685,0.8553067223387508,0.9882873711081437,1.2051754055603177,1.2398431906970213,0.2359434754068803,1.5,0.005618080174128979,0.0024591399973336293,0.0066085331808780545,-0.0048269381253235565,0.031643640441132125,0.007538369299854642,-3289.503656277946,True
11,stress,10066,corridor_barrier_nmpc,87.0,0.09851666129830669,0.021348946679272608,2.352788847958755,0.10449186577340339,0.023883431913210837,2.3558868887230546,0.2707288927498122,-0.0024188061523437443,-0.06701895507812498,0.2007288927498122,0.3407288927498122,-0.08,0.08,-0.17221223145150552,0.023767752831616352,2.41980780303688,Solve_Succeeded,0.031186375010292977,False,3734533.3999096323,0.11123702697640883,0.0,False,False,0.5,10,0.015,-1380.3655249453798,0.06286851783184566,0.6559902720935179,-0.35000000999751796,-0.3500000099926206,-0.3500000099931259,-0.35,0.0,False,False,59947.15673828125,4140.785665068743,14.033325899248526,0.0001383657680788667,1186.2170578706168,0.8553067223387508,0.9882873711081437,1.2051754055603177,1.2398431906970213,0.2359434754068803,1.5,0.005618080174128979,0.0024591399973336293,0.0066085331808780545,-0.0048269381253235565,0.031643640441132125,0.007538369299854642,-3289.503656277946,True
11,stress,10066,corridor_barrier_nmpc,87.5,0.09835626014855291,0.02132135554793497,2.363456422172344,0.10086040038600122,0.0190480503416151,2.356964511936847,0.27014282318275734,-0.0024160449218750546,-0.06822769165039062,0.20014282318275733,0.34014282318275735,-0.08,0.08,-0.17178656303420442,0.023737400469810023,2.4316841138227345,Solve_Succeeded,0.03118049999466166,False,4471312.785877251,0.11708219888561816,0.0,False,False,0.5,10,0.015,-1327.8881451480343,0.06323528513708054,0.6583935446126042,-0.35000000999779485,-0.3500000099928124,-0.3500000099928501,-0.35,0.0,False,False,59765.846252441406,4125.717247578832,13.982258292633263,0.00014237886114195334,1211.753939867659,0.8553067223387508,0.9882873711081437,1.2051754055603177,1.2398431906970213,0.2359434754068803,1.5,0.005618080174128979,0.0024591399973336293,0.0066085331808780545,-0.0048269381253235565,0.031643640441132125,0.007538369299854642,-3289.503656277946,True
11,stress,10066,corridor_barrier_nmpc,88.0,0.09819975645682896,0.021294813898897594,2.3741104631965126,0.0931917271457839,0.02161010445313085,2.3794601517179226,0.26954169797145006,-0.002413093261718763,-0.06943500000000004,0.19954169797145005,0.33954169797145006,-0.08,0.08,-0.1713419415146211,0.023707907160616357,2.4435454631965126,Solve_Succeeded,0.03114054200705141,False,4436719.104525884,0.12134997082566616,0.0,False,False,0.5,10,0.015,-1274.1693400659697,0.06360063047017125,0.6607971049458362,-0.35000000999770126,-0.35000000999736613,-0.3500000099968236,-0.35,0.0,False,False,59584.75,4110.6831692354335,13.931307063071314,0.00014650339866080503,1237.7864204341802,0.8553067223387508,0.9882873711081437,1.2051754055603177,1.2398431906970213,0.2359434754068803,1.5,0.005618080174128979,0.0024591399973336293,0.0066085331808780545,-0.0048269381253235565,0.031643640441132125,0.007538369299854642,-3289.503656277946,True
11,stress,10066,corridor_barrier_nmpc,88.5,0.09804724713357661,0.0212693465403145,2.3847515019761554,0.09185804171082465,0.018356155767280877,2.3915174470182463,0.26892578125000005,-0.00240995117187498,-0.07064078491210939,0.19892578125000004,0.33892578125000006,-0.08,0.08,-0.17087853411642345,0.02367929771218948,2.455392286888265,Solve_Succeeded,0.0339791250298731,False,4891736.481977995,0.12241906739228865,0.0,False,False,0.5,10,0.015,-1219.1897678889886,0.06396449980520491,0.6632007513442304,-0.3500000099941773,-0.35000000999751796,-0.3500000099974345,-0.35,0.0,False,False,59403.882263183594,4095.6844694790416,13.880475733277544,0.00015074198683967738,1264.320623337587,0.8553067223387508,0.9882873711081437,1.2051754055603177,1.2398431906970213,0.2359434754068803,1.5,0.005618080174128979,0.0024591399973336293,0.0066085331808780545,-0.0048269381253235565,0.031643640441132125,0.007538369299854642,-3289.503656277946,True
11,stress,10066,corridor_barrier_nmpc,89.0,0.09789883083373804,0.021244978665985244,2.395380081956754,0.09836775601893098,0.021036667611182103,2.3898718201263414,0.2682953371525169,-0.0024066186523437616,-0.07184495117187502,0.1982953371525169,0.3382953371525169,-0.08,0.08,-0.17039650631877887,0.023651597318329005,2.467225033128629,Solve_Succeeded,0.030303374980576336,False,4166546.00856737,0.11492758113358593,0.0,False,False,0.5,10,0.015,-1162.9302510617022,0.06432683853021262,0.6656042809749362,-0.3500000099978422,-0.35000000999779485,-0.35000000999775155,-0.35,0.0,False,False,59223.25732421875,4080.722185529149,13.829767818439732,0.000155097266164212,1291.3626029086454,0.8553067223387508,0.9882873711081437,1.2051754055603177,1.2398431906970213,0.2359434754068803,1.5,0.005618080174128979,0.0024591399973336293,0.0066085331808780545,-0.0048269381253235565,0.031643640441132125,0.007538369299854642,-3289.503656277946,True
11,stress,10066,corridor_barrier_nmpc,89.5,0.09775460795683502,0.02122173585202436,2.4059967592763725,0.08949764843006623,0.0247981365691613,2.4111429721267776,0.2676506298131105,-0.0024030957031249967,-0.07304740356445315,0.1976506298131105,0.3376506298131105,-0.08,0.08,-0.16989602185627548,0.023624831555149356,2.4790441628408257,Solve_Succeeded,0.0318674580194056,False,4042508.7897563623,0.12315298138304427,0.0,False,False,0.5,10,0.015,-1105.3718027173231,0.06468759144886008,0.6680074899273395,-0.35000000999361836,-0.35000000999770126,-0.3500000099977073,-0.35,0.0,False,False,59042.88946533203,4065.797352405041,13.779186826289047,0.00015957191041370724,1318.9183368677627,0.8553067223387508,0.9882873711081437,1.2051754055603177,1.2398431906970213,0.2359434754068803,1.5,0.005618080174128979,0.0024591399973336293,0.0066085331808780545,-0.0048269381253235565,0.031643640441132125,0.007538369299854642,-3289.503656277946,True
11,stress,10066,corridor_barrier_nmpc,90.0,0.09761468064533525,0.02119964405300128,2.416602102955853,0.09531217792367484,0.023067804729662047,2.4175449780522174,0.26699192336589034,-0.0023993823242187684,-0.07424804687500001,0.19699192336589033,0.33699192336589034,-0.08,0.08,-0.1693772427205551,0.02359902637722005,2.490850149830853,Solve_Succeeded,0.03062420798232779,False,3941508.321201989,0.1166797454422155,0.0,False,False,0.5,10,0.015,-1046.4956540521312,0.06504670278267366,0.6704101732194035,-0.3500000099978324,-0.3500000099941773,-0.35000000999460135,-0.35,0.0,False,False,58862.79296875,4050.911002946254,13.728736257169384,0.00016416862557767518,1346.9937189542582,0.8553067223387508,0.9882873711081437,1.2051754055603177,1.2398431906970213,0.2359434754068803,1.5,0.005618080174128979,0.0024591399973336293,0.0066085331808780545,-0.0048269381253235565,0.031643640441132125,0.007538369299854642,-3289.503656277946,True
11,stress,10066,corridor_barrier_nmpc,90.5,0.09747915278122912,0.021178729597531955,2.427196695086945,0.09240272504216783,0.02200844781138966,2.4252917232391287,0.2663194819449662,-0.002395478515624966,-0.07544678588867192,0.19631948194496618,0.3363194819449662,-0.08,0.08,-0.16884032916373706,0.02357420811315692,2.5026434809756166,Solve_Succeeded,0.031223124999087304,False,4152137.084287803,0.11891675690279836,0.0,False,False,0.5,10,0.015,-986.2832826401745,0.06540411617382282,0.6728121248042477,-0.35000000999791814,-0.3500000099978422,-0.35000000999745284,-0.35,0.0,False,False,58682.98211669921,4036.0641678327297,13.678419604105663,0.00016889014867305484,1375.5945513599743,0.8553067223387508,0.9882873711081437,1.2051754055603177,1.2398431906970213,0.2359434754068803,1.5,0.005618080174128979,0.0024591399973336293,0.0066085331808780545,-0.0048269381253235565,0.031643640441132125,0.007538369299854642,-3289.503656277946,True
11,stress,10066,corridor_barrier_nmpc,91.0,0.0973481299807391,0.021159019183303412,2.437781131018089,0.10080541621712355,0.020076278362813286,2.441123933905307,0.26563356968444785,-0.0023913842773437277,-0.07664352539062498,0.19563356968444784,0.33563356968444785,-0.08,0.08,-0.16828543970370874,0.02355040346064714,2.514424656408714,Solve_Succeeded,0.030575167038477957,False,3964252.587856446,0.11028837435996881,0.0,False,False,0.5,10,0.015,-924.7164416857931,0.06575977468847882,0.6752131375769588,-0.35000000999806824,-0.35000000999361836,-0.350000009994079,-0.35,0.0,False,False,58503.47119140625,4021.257875604648,13.628240352871046,0.0001737392464584361,1404.7265369689605,0.8553067223387508,0.9882873711081437,1.2051754055603177,1.2398431906970213,0.2359434754068803,1.5,0.005618080174128979,0.0024591399973336293,0.0066085331808780545,-0.0048269381253235565,0.031643640441132125,0.007538369299854642,-3289.503656277946,True
11,stress,10066,corridor_barrier_nmpc,91.5,0.09722171958708332,0.021140539871512567,2.4483560195375658,0.09546518863508525,0.023493777084220978,2.4487056511627854,0.2649344507184448,-0.0023870996093749985,-0.07783817016601564,0.19493445071844479,0.3349344507184448,-0.08,0.08,-0.16771273113136148,0.023527639480887565,2.5261941897035816,Solve_Succeeded,0.030670583015307784,False,3722166.4933237336,0.11446926208335954,0.0,False,False,0.5,10,0.015,-861.7771902095119,0.06611362082077121,0.6776130033816398,-0.35000000999794606,-0.3500000099978324,-0.35000000999738146,-0.35,0.0,False,False,58324.274475097656,4006.4931526819596,13.57820198205314,0.00017871871404163042,1434.395271405315,0.8553067223387508,0.9882873711081437,1.2051754055603177,1.2398431906970213,0.2359434754068803,1.5,0.005618080174128979,0.0024591399973336293,0.0066085331808780545,-0.0048269381253235565,0.031643640441132125,0.007538369299854642,-3289.503656277946,True
11,stress,10066,corridor_barrier_nmpc,92.0,0.09710003066121413,0.021123319080700646,2.4589219830537137,0.09249444657826127,0.021259354391108234,2.4537699029609423,0.2642223891810669,-0.002382624511718723,-0.07903062499999998,0.19422238918106688,0.3342223891810669,-0.08,0.08,-0.16712235851985274,0.02350594359241937,2.537952608053714,Solve_Succeeded,0.030552249983884394,False,4073861.771622261,0.11672794260280563,0.0,False,False,0.5,10,0.015,-797.4479241607773,0.06646559649736232,0.6800115130186897,-0.35000000999470093,-0.35000000999791814,-0.3500000099978537,-0.35,0.0,False,False,58145.40625,3991.771023383624,13.528307963119177,0.00018383137337691372,1464.6062348916114,0.8553067223387508,0.9882873711081437,1.2051754055603177,1.2398431906970213,0.2359434754068803,1.5,0.005618080174128979,0.0024591399973336293,0.0066085331808780545,-0.0048269381253235565,0.031643640441132125,0.007538369299854642,-3289.503656277946,True
11,stress,10066,corridor_barrier_nmpc,92.5,0.09698317397045197,0.021107384579964767,2.469479657771908,0.09726303244495246,0.024751510655429916,2.471952722210964,0.26349764920642377,-0.0023779589843750393,-0.08022079467773437,0.19349764920642376,0.3334976492064238,-0.08,0.08,-0.1665144752359718,0.023485343564339806,2.5497004524496423,Solve_Succeeded,0.03242695902008563,False,3391516.8410125664,0.11123461676147131,0.0,False,False,0.5,10,0.015,-731.711408448652,0.0668156430826607,0.6824084562523166,-0.3500000099979743,-0.35000000999806824,-0.3500000099980425,-0.35,0.0,False,False,57966.880798339844,3977.092509946549,13.478561760480225,0.00018908007164827802,1495.3647839207938,0.8553067223387508,0.9882873711081437,1.2051754055603177,1.2398431906970213,0.2359434754068803,1.5,0.005618080174128979,0.0024591399973336293,0.0066085331808780545,-0.0048269381253235565,0.031643640441132125,0.007538369299854642,-3289.503656277946,True
11,stress,10066,corridor_barrier_nmpc,93.0,0.09687126197493462,0.021092764481528366,2.4800296938679853,0.08943238813427179,0.02215127325944261,2.478301206922909,0.26276049492862513,-0.0023731030273437537,-0.08140858398437502,0.19276049492862513,0.33276049492862514,-0.08,0.08,-0.1658892329536905,0.02346586750887212,2.5614382778523606,Solve_Succeeded,0.03063620801549405,False,3984257.008099626,0.11832810679435335,0.0,False,False,0.5,10,0.015,-664.5508098793066,0.06716370138469474,0.6848036218182828,-0.35000000999811276,-0.35000000999794606,-0.35000000999795766,-0.35,0.0,False,False,57788.71240234375,3962.4586325442483,13.428966831554407,0.0001944676795350277,1526.6761427447627,0.8553067223387508,0.9882873711081437,1.2051754055603177,1.2398431906970213,0.2359434754068803,1.5,0.005618080174128979,0.0024591399973336293,0.0066085331808780545,-0.0048269381253235565,0.031643640441132125,0.007538369299854642,-3289.503656277946,True
11,stress,10066,corridor_barrier_nmpc,93.5,0.09676440881180111,0.021079487232652426,2.490572755657791,0.09727664602852437,0.022629775127626157,2.491128948302581,0.2620111904817807,-0.0023680566406250325,-0.08259389770507812,0.19201119048178067,0.3320111904817807,-0.08,0.08,-0.16524678166997958,0.02344754387327746,2.5731666533628688,Solve_Succeeded,0.031060291978064924,False,3527415.99394644,0.10973454445325631,0.0,False,False,0.5,10,0.015,-595.9497309867124,0.06750971166166697,0.6871967974318803,-0.3500000099948983,-0.35000000999470093,-0.3500000099950922,-0.35,0.0,False,False,57610.91534423828,3947.870409305223,13.379526626829191,0.00019999708935608123,1558.545394683304,0.8553067223387508,0.9882873711081437,1.2051754055603177,1.2398431906970213,0.2359434754068803,1.5,0.005618080174128979,0.0024591399973336293,0.0066085331808780545,-0.0048269381253235565,0.031643640441132125,0.007538369299854642,-3289.503656277946,True
11,stress,10066,corridor_barrier_nmpc,94.0,0.09666273027703026,0.021067581606869702,2.5011095217625066,0.08941191164560824,0.02147719510717557,2.488139231388773,0.26125000000000004,-0.002362819824218737,-0.08377664062500005,0.19125000000000003,0.33125000000000004,-0.08,0.08,-0.16458726972296978,0.02343040143108844,2.5848861623875066,Solve_Succeeded,0.032451124978251755,False,3950643.5891567,0.1168380883543918,0.0,False,False,0.5,10,0.015,-525.892244740382,0.06785361362920968,0.6895877697961353,-0.3500000099982151,-0.3500000099979743,-0.3500000099976281,-0.35,0.0,False,False,57433.50390625,3933.3288563310607,13.330244589922744,0.0002056712130893656,1590.9774732574324,0.8553067223387508,0.9882873711081437,1.2051754055603177,1.2398431906970213,0.2359434754068803,1.5,0.005618080174128979,0.0024591399973336293,0.0066085331808780545,-0.0048269381253235565,0.031643640441132125,0.007538369299854642,-3289.503656277946,True
11,stress,10066,corridor_barrier_nmpc,94.5,0.09656634380485311,0.02105707669452449,2.5116406852694295,0.09860816878607558,0.021467301865400915,2.518246110220188,0.26047718761739297,-0.0023573925781249505,-0.08495671752929686,0.19047718761739296,0.330477187617393,-0.08,0.08,-0.16391084381253984,0.02341446927264944,2.5965974027987264,Solve_Succeeded,0.031233040965162218,False,3495439.427638896,0.1068690188313174,0.0,False,False,0.5,10,0.015,-454.36293011138105,0.06819534646836307,0.691976324610243,-0.35000000999827263,-0.35000000999811276,-0.35000000999805453,-0.35,0.0,False,False,57256.49237060547,3918.834987714277,13.281124157644383,0.00021149298026272876,1623.9771531516317,0.8553067223387508,0.9882873711081437,1.2051754055603177,1.2398431906970213,0.2359434754068803,1.5,0.005618080174128979,0.0024591399973336293,0.0066085331808780545,-0.0048269381253235565,0.031643640441132125,0.007538369299854642,-3289.503656277946,True
11,stress,10066,corridor_barrier_nmpc,95.0,0.09647536844465911,0.02104800189260089,2.522166953887836,0.10183429041499166,0.022832410861400476,2.523016802630311,0.25969301746806916,-0.0023517749023438117,-0.086134033203125,0.18969301746806916,0.32969301746806917,-0.08,0.08,-0.16321764902341007,0.0233997767949447,2.6083009870909613,Solve_Succeeded,0.030504041002132,False,3151519.7104514083,0.10285872705307751,0.0,False,False,0.5,10,0.015,-381.34690847509455,0.06853484883429581,0.6943622465782294,-0.35000000999520026,-0.3500000099948983,-0.3500000099952775,-0.35,0.0,False,False,57079.89501953125,3904.3898155558845,13.232168760054128,0.00021746533571285044,1657.5490410099496,0.8553067223387508,0.9882873711081437,1.2051754055603177,1.2398431906970213,0.2359434754068803,1.5,0.005618080174128979,0.0024591399973336293,0.0066085331808780545,-0.0048269381253235565,0.031643640441132125,0.007538369299854642,-3289.503656277946,True
11,stress,10066,corridor_barrier_nmpc,95.5,0.0963899248353162,0.021040386893822868,2.5326890500995844,0.1092852428935967,0.01807300613101216,2.5343703748911848,0.25889775368613827,-0.0023459667968750153,-0.08730849243164067,0.18889775368613826,0.32889775368613827,-0.08,0.08,-0.16250782885082204,0.023386353690697883,2.619997542531225,Solve_Succeeded,0.03239466605009511,False,3344368.377559454,0.10319542752889807,0.0,False,False,0.5,10,0.015,-306.8298808264908,0.0688720588657887,0.6967453194178412,-0.35000000999849223,-0.3500000099982151,-0.35000000999786224,-0.35,0.0,False,False,56903.726135253906,3889.99434998271,13.183381820521381,0.00022359123720868266,1691.697566071277,0.8553067223387508,0.9882873711081437,1.2051754055603177,1.2398431906970213,0.2359434754068803,1.5,0.005618080174128979,0.0024591399973336293,0.0066085331808780545,-0.0048269381253235565,0.031643640441132125,0.007538369299854642,-3289.503656277946,True
11,stress,10066,corridor_barrier_nmpc,96.0,0.09631013517682567,0.02103426167501005,2.5432077113040745,0.10235402324843913,0.020310183580073027,2.5436031384067683,0.25809166040571,-0.0023399682617187,-0.08848000000000002,0.18809166040571001,0.32809166040571003,-0.08,0.08,-0.16178152522888434,0.02337422993672875,2.6316877113040746,Solve_Succeeded,0.029981667001266032,False,3304665.109875229,0.10102440896641822,0.0,False,False,0.5,10,0.015,-230.798165780629,0.06920691419550117,0.6991253258696613,-0.3500000099984252,-0.35000000999827263,-0.35000000999822334,-0.35,0.0,False,False,56728.0,3875.649599164461,13.134766755782778,0.00022987365293603688,1726.4269706496805,0.8553067223387508,0.9882873711081437,1.2051754055603177,1.2398431906970213,0.2359434754068803,1.5,0.005618080174128979,0.0024591399973336293,0.0066085331808780545,-0.0048269381253235565,0.031643640441132125,0.007538369299854642,-3289.503656277946,True
11,stress,10066,corridor_barrier_nmpc,96.5,0.09623612319923282,0.02102965648467358,2.553723689957202,0.08737886125068452,0.0203401112204625,2.5503273067426684,0.2572750017608941,-0.002333779296874977,-0.08964846069335937,0.18727500176089407,0.3272750017608941,-0.08,0.08,-0.16103887856166127,0.023363435781548557,2.643372150650561,Solve_Succeeded,0.030606332991737872,False,3875102.5499895005,0.11489614051020956,0.0,False,False,0.5,10,0.015,-153.2387383282885,0.0695393519610405,0.7015020477064505,-0.35000000999842196,-0.35000000999520026,-0.3500000099955634,-0.35,0.0,False,False,56552.730895996094,3861.356569330537,13.086326975999148,0.00023631555884001047,1761.7413004660305,0.8553067223387508,0.9882873711081437,1.2051754055603177,1.2398431906970213,0.2359434754068803,1.5,0.005618080174128979,0.0024591399973336293,0.0066085331808780545,-0.0048269381253235565,0.031643640441132125,0.007538369299854642,-3289.503656277946,True
11,stress,10066,corridor_barrier_nmpc,97.0,0.09616801412871635,0.021026601829837097,2.5642377537039103,0.09142903865359452,0.018072998334758714,2.55503589242519,0.25644804188580017,-0.002327399902343763,-0.090813779296875,0.18644804188580016,0.3264480418858002,-0.08,0.08,-0.16028002775708383,0.02335400173218086,2.655051533000785,Solve_Succeeded,0.030043124977964908,False,3915052.5046001314,0.11013377152781183,0.0,False,False,0.5,10,0.015,-74.13926931345895,0.0698693088168529,0.703875265742714,-0.35000000999853614,-0.35000000999849223,-0.3500000099981404,-0.35,0.0,False,False,56377.93310546875,3847.116264786609,13.038065884811717,0.00024291993582205114,1797.6443948377052,0.8553067223387508,0.9882873711081437,1.2051754055603177,1.2398431906970213,0.2359434754068803,1.5,0.005618080174128979,0.0024591399973336293,0.0066085331808780545,-0.0048269381253235565,0.031643640441132125,0.007538369299854642,-3289.503656277946,True
11,stress,10066,corridor_barrier_nmpc,97.5,0.0961059346507797,0.021025128462068512,2.5747506855039632,0.10648718413120503,0.01754683427576522,2.563141251744923,0.25561104491453795,-0.00232083007812503,-0.09197586059570313,0.18561104491453795,0.32561104491453796,-0.08,0.08,-0.15950511026375824,0.023345958540193543,2.6667265460996665,Solve_Succeeded,0.032549833005759865,False,3285792.5743128355,0.1020188909262543,0.0,False,False,0.5,10,0.015,6.5118344036031885,0.07019672094695566,0.7062447598444915,-0.3500000099961921,-0.3500000099984252,-0.350000009998391,-0.35,0.0,False,False,56203.62091064453,3832.929687930953,12.989986879397451,0.0002496897667885643,1834.1398767335409,0.8553067223387508,0.9882873711081437,1.2051754055603177,1.2398431906970213,0.2359434754068803,1.5,0.005618080174128979,0.0024591399973336293,0.0066085331808780545,-0.0048269381253235565,0.031643640441132125,0.007538369299854642,-3289.503656277946,True
11,stress,10066,corridor_barrier_nmpc,98.0,0.09605001287046924,0.021025267362709016,2.5852632837505247,0.10284341712083302,0.0196561079637078,2.5819057275676087,0.2547642749812171,-0.0023140698242187507,-0.09313460937500002,0.1847642749812171,0.3247642749812171,-0.08,0.08,-0.15871426211074788,0.023339337186927767,2.6783978931255246,Solve_Succeeded,0.029865749995224178,False,3128609.6184014236,0.09802988837588288,0.0,False,False,0.5,10,0.015,88.72538913734479,0.07052152407852826,0.708610308939371,-0.3500000099985676,-0.35000000999842196,-0.35000000999841824,-0.35,0.0,False,False,56029.80859375,3818.7978392705595,12.942093350523658,0.0002566280335481046,1871.2311427017696,0.8553067223387508,0.9882873711081437,1.2051754055603177,1.2398431906970213,0.2359434754068803,1.5,0.005618080174128979,0.0024591399973336293,0.0066085331808780545,-0.0048269381253235565,0.031643640441132125,0.007538369299854642,-3289.503656277946,True
11,stress,10066,corridor_barrier_nmpc,98.5,0.09600037826954608,0.0210270497272865,2.595776362381155,0.09262227996005094,0.02472111849806552,2.597062462611163,0.2539079962199474,-0.0023071191406249802,-0.09428993041992188,0.1839079962199474,0.3239079962199474,-0.08,0.08,-0.15790761795040134,0.02333416886791148,2.690066292801077,Solve_Succeeded,0.03369374998146668,False,2920851.7367438357,0.10628571625989648,0.0,False,False,0.5,10,0.015,172.5113929645854,0.07084365349638075,0.7109716910267249,-0.3500000099983853,-0.35000000999853614,-0.350000009998522,-0.35,0.0,False,False,55856.51043701172,3804.721717437004,12.89438868260177,0.000263737713554323,1908.9213526790404,0.8553067223387508,0.9882873711081437,1.2051754055603177,1.2398431906970213,0.2359434754068803,1.5,0.005618080174128979,0.0024591399973336293,0.0066085331808780545,-0.0048269381253235565,0.031643640441132125,0.007538369299854642,-3289.503656277946,True
11,stress,10066,corridor_barrier_nmpc,99.0,0.0959571616605394,0.021030506949101534,2.6062907509808046,0.09562685810653561,0.020804216808595885,2.6113728337402162,0.2530424727648385,-0.0022999780273437465,-0.095441728515625,0.18304247276483848,0.3230424727648385,-0.08,0.08,-0.15708531110429907,0.02333048497644528,2.7017324794964295,Solve_Succeeded,0.030527333030477166,False,3167680.4014633303,0.10241561465830289,0.0,False,False,0.5,10,0.015,257.8789837550639,0.0711630440583165,0.7133286831881679,-0.35000000999605196,-0.3500000099961921,-0.35000000999647196,-0.35,0.0,False,False,55683.74072265625,3790.7023192021034,12.846876253740414,0.00027102177649201,1947.2134196892248,0.8553067223387508,0.9882873711081437,1.2051754055603177,1.2398431906970213,0.2359434754068803,1.5,0.005618080174128979,0.0024591399973336293,0.0066085331808780545,-0.0048269381253235565,0.031643640441132125,0.007538369299854642,-3289.503656277946,True
11,stress,10066,corridor_barrier_nmpc,99.5,0.09592049513761214,0.021035670601974844,2.61680729487639,0.09157825299216736,0.023890328780079066,2.617396346756441,0.25216796875,-0.002292646484374994,-0.09658990844726563,0.18216796875000002,0.32216796875000003,-0.08,0.08,-0.1562474736123879,0.023328317086349838,2.7133972033236557,Solve_Succeeded,0.031140915991272777,False,2934326.588539196,0.10558971575783267,0.0,False,False,0.5,10,0.015,344.83639669420927,0.07147963021140571,0.7156810615982359,-0.3500000099984743,-0.3500000099985676,-0.3500000099983159,-0.35,0.0,False,False,55511.513732910156,3776.7406394933505,12.7995594357977,0.00027848318070374287,1986.1099994410968,0.8553067223387508,0.9882873711081437,1.2051754055603177,1.2398431906970213,0.2359434754068803,1.5,0.005618080174128979,0.0024591399973336293,0.0066085331808780545,-0.0048269381253235565,0.031643640441132125,0.007538369299854642,-3289.503656277946,True
11,stress,10066,corridor_barrier_nmpc,100.0,0.09589051202417125,0.02104257242214635,2.6273268552225346,0.09431131018099459,0.019787583411919916,2.631784565905637,0.25128474830954173,-0.00228512451171875,-0.097734375,0.18128474830954172,0.32128474830954173,-0.08,0.08,-0.15539423628537047,0.023327696933865102,2.7250612302225345,Solve_Succeeded,0.031320290989242494,False,3214066.938280971,0.10197343812854714,0.0,False,False,0.5,10,0.015,433.39092135090004,0.07179334600918569,0.7180286015352851,-0.3500000099986514,-0.3500000099983853,-0.350000009998377,-0.35,0.0,False,False,55339.84375,3762.837671409129,12.752441594432808,0.0002861248694548309,2025.6134798344704,0.8553067223387508,0.9882873711081437,1.2051754055603177,1.2398431906970213,0.2359434754068803,1.5,0.005618080174128979,0.0024591399973336293,0.0066085331808780545,-0.0048269381253235565,0.031643640441132125,0.007538369299854642,-3289.503656277946,True
11,stress,10066,corridor_barrier_nmpc,100.5,0.095867346817158,0.02105124428931682,2.6378503090780407,0.09645936965580126,0.017671986971603274,2.6365812605151446,0.2503930755775733,-0.0022774121093749877,-0.09887503295898438,0.18039307557757328,0.3203930755775733,-0.08,0.08,-0.1545257287604153,0.02332865639869181,2.736725342037025,Solve_Succeeded,0.030636209005024284,False,3308495.999476401,0.10079495181540431,0.0,False,False,0.5,10,0.015,523.5488583465626,0.07210412512980298,0.7203710773926116,-0.3500000099987451,-0.35000000999605196,-0.3500000099963313,-0.35,0.0,False,False,55168.745056152344,3748.9944062337245,12.705526089156843,0.0002939497670344757,2065.7259703849463,0.8553067223387508,0.9882873711081437,1.2051754055603177,1.2398431906970213,0.2359434754068803,1.5,0.005618080174128979,0.0024591399973336293,0.0066085331808780545,-0.0048269381253235565,0.031643640441132125,0.007538369299854642,-3289.503656277946,True
11,stress,10066,corridor_barrier_nmpc,101.0,0.09585113512795619,0.021061718206824315,2.6483785494726693,0.08835052513682509,0.014824295063296732,2.6464321083261293,0.2494932146882044,-0.002269509277343762,-0.10001178710937499,0.1794932146882044,0.3194932146882044,-0.08,0.08,-0.15364207956024822,0.023331227484168077,2.748390336582044,Solve_Succeeded,0.03246116702212021,False,3930921.3056068565,0.11012943365214994,0.0,False,False,0.5,10,0.015,615.3154756850495,0.07241190089511114,0.7227082626897876,-0.3500000099967694,-0.3500000099984743,-0.35000000999821684,-0.35,0.0,False,False,54998.23193359375,3735.2118334521238,12.658816273383003,0.0003019607746912653,2106.449291577742,0.8553067223387508,0.9882873711081437,1.2051754055603177,1.2398431906970213,0.2359434754068803,1.5,0.005618080174128979,0.0024591399973336293,0.0066085331808780545,-0.0048269381253235565,0.031643640441132125,0.007538369299854642,-3289.503656277946,True
11,stress,10066,corridor_barrier_nmpc,101.5,0.0958420136198593,0.021074026280948868,2.6589124854637864,0.09048692001422984,0.021699015569457313,2.6654948511604766,0.24858542977554474,-0.0022614160156250174,-0.10114454223632814,0.17858542977554473,0.3185854297755447,-0.08,0.08,-0.15274341615568543,0.023335442296573885,2.7600570277001144,Solve_Succeeded,0.030490500037558377,False,2973840.4530150644,0.10309850976131488,0.0,False,False,0.5,10,0.015,708.6949648065233,0.0727166062907378,0.7250399300842185,-0.3500000099986553,-0.3500000099986514,-0.3500000099985992,-0.35,0.0,False,False,54828.31866455078,3721.4909407646123,12.612315494476045,0.0003101607664013823,2147.784964161691,0.8553067223387508,0.9882873711081437,1.2051754055603177,1.2398431906970213,0.2359434754068803,1.5,0.005618080174128979,0.0024591399973336293,0.0066085331808780545,-0.0048269381253235565,0.031643640441132125,0.007538369299854642,-3289.503656277946,True
11,stress,10066,corridor_barrier_nmpc,102.0,0.09584011994204104,0.02108820069934005,2.6694530421824467,0.10383182736523336,0.018589843855512527,2.6697237803578537,0.24766998497370402,-0.0022531323242187262,-0.102273203125,0.177669984973704,0.317669984973704,-0.08,0.08,-0.15182986503166296,0.023341333023558775,2.771726245307447,Solve_Succeeded,0.032697291986551136,False,2742092.299685747,0.09197554222349814,0.0,False,False,0.5,10,0.015,803.6903964318299,0.0730181739871327,0.7273658513829152,-0.35000000999880104,-0.3500000099987451,-0.35000000999872755,-0.35,0.0,False,False,54659.01953125,3707.8327141011764,12.566027093801093,0.0003185525844681624,2189.734198394931,0.8553067223387508,0.9882873711081437,1.2051754055603177,1.2398431906970213,0.2359434754068803,1.5,0.005618080174128979,0.0024591399973336293,0.0066085331808780545,-0.0048269381253235565,0.031643640441132125,0.007538369299854642,-3289.503656277946,True
11,stress,10066,corridor_barrier_nmpc,102.5,0.09584559265997714,0.021104273708563413,2.6800011608684664,0.08860682166841964,0.021261936466521837,2.6862197265341816,0.2467471444167919,-0.0022446582031250273,-0.10339767456054687,0.1767471444167919,0.3167471444167919,-0.08,0.08,-0.15090155175681477,0.02334893191168844,2.783398835429013,Solve_Succeeded,0.03055054199649021,False,2973193.5201927447,0.10314032274837227,0.0,False,False,0.5,10,0.015,900.3036762673037,0.07331653636160834,0.7296857975544854,-0.3500000099987135,-0.3500000099967694,-0.35000000999700465,-0.35,0.0,False,False,54490.34881591797,3694.2381376357025,12.519954406771761,0.0003271390349519129,2232.2978832542126,0.8553067223387508,0.9882873711081437,1.2051754055603177,1.2398431906970213,0.2359434754068803,1.5,0.005618080174128979,0.0024591399973336293,0.0066085331808780545,-0.0048269381253235565,0.031643640441132125,0.007538369299854642,-3289.503656277946,True
11,stress,10066,corridor_barrier_nmpc,103.0,0.09585857118227029,0.02112227759076327,2.6905577988940514,0.08809209079634446,0.024364309611094318,2.693754938401238,0.24581717223891814,-0.0022359936523437263,-0.10451786132812503,0.17581717223891813,0.31581717223891814,-0.08,0.08,-0.14995860105664785,0.023358271243106996,2.7950756602221767,Solve_Succeeded,0.031138541002292186,False,2616842.826782232,0.10272508144257368,0.0,False,False,0.5,10,0.015,998.5355006433801,0.07361162552138252,0.7319995387413384,-0.35000000999621245,-0.3500000099986553,-0.35000000999845704,-0.35,0.0,False,False,54322.32080078125,3680.708193799991,12.474100762897656,0.0003359228829292094,2275.4765756202987,0.8553067223387508,0.9882873711081437,1.2051754055603177,1.2398431906970213,0.2359434754068803,1.5,0.005618080174128979,0.0024591399973336293,0.0066085331808780545,-0.0048269381253235565,0.031643640441132125,0.007538369299854642,-3289.503656277946,True
11,stress,10066,corridor_barrier_nmpc,103.5,0.09587919568383421,0.021142244639440654,2.701123929775532,0.0887238953134129,0.021508579031032763,2.690095079713228,0.24488033257419237,-0.0022271386718749897,-0.1056336682128906,0.17488033257419236,0.31488033257419235,-0.08,0.08,-0.14900113689035815,0.023369383311315644,2.8067575979884225,Solve_Succeeded,0.03325241699349135,False,2822385.0148840654,0.10115643726077944,0.0,False,False,0.5,10,0.015,1098.3853121638158,0.07390337332763214,0.7343068442721085,-0.3500000099987492,-0.35000000999880104,-0.35000000999875974,-0.35,0.0,False,False,54154.949768066406,3667.243863297581,12.428469485831211,0.00034490684758120305,2319.270489452339,0.8553067223387508,0.9882873711081437,1.2051754055603177,1.2398431906970213,0.2359434754068803,1.5,0.005618080174128979,0.0024591399973336293,0.0066085331808780545,-0.0048269381253235565,0.031643640441132125,0.007538369299854642,-3289.503656277946,True
11,stress,10066,corridor_barrier_nmpc,104.0,0.0959076070253972,0.02116420713434691,2.71170054317277,0.09300926891397307,0.02356091527012124,2.704988663782472,0.2439368895567243,-0.00221809326171879,-0.10674500000000002,0.1739368895567243,0.3139368895567243,-0.08,0.08,-0.14802928253132708,0.0233823003960657,2.81844554317277,Solve_Succeeded,0.03337608301080763,False,2404666.5767340357,0.0959276206427512,0.0,False,False,0.5,10,0.015,1199.8512554455292,0.07419171142056506,0.7366074826742901,-0.3500000099987032,-0.3500000099987135,-0.35000000999871905,-0.35,0.0,False,False,53988.25,3653.846125117388,12.383063893413926,0.00035409359711080816,2363.67948496453,0.8553067223387508,0.9882873711081437,1.2051754055603177,1.2398431906970213,0.2359434754068803,1.5,0.005618080174128979,0.0024591399973336293,0.0066085331808780545,-0.0048269381253235565,0.031643640441132125,0.007538369299854642,-3289.503656277946,True
11,stress,10066,corridor_barrier_nmpc,104.5,0.09594394666929025,0.021188197315494966,2.722288644875786,0.09765287520879089,0.021248518248846895,2.7277487510108913,0.24298710732062362,-0.002208857421874988,-0.10785176147460938,0.1729871073206236,0.3129871073206236,-0.08,0.08,-0.14704316065133338,0.023397054737369954,2.830140406350395,Solve_Succeeded,0.03016391600249335,False,2408038.0796553907,0.09033423211183274,0.0,False,False,0.5,10,0.015,1302.9301330325125,0.07447657124551639,0.7389012216870896,-0.3500000099988095,-0.35000000999621245,-0.3500000099965136,-0.35,0.0,False,False,53822.235778808594,3640.5159565471645,12.337887297721966,0.00036348574348900526,2408.7030578188637,0.8553067223387508,0.9882873711081437,1.2051754055603177,1.2398431906970213,0.2359434754068803,1.5,0.005618080174128979,0.0024591399973336293,0.0066085331808780545,-0.0048269381253235565,0.031643640441132125,0.007538369299854642,-3289.503656277946,True
11,stress,10066,corridor_barrier_nmpc,105.0,0.09598835659149005,0.021214247356291977,2.7328892567781784,0.09736897817740447,0.021921375610590023,2.728685514945066,0.24203125000000003,-0.002199431152343778,-0.10895385742187501,0.17203125000000002,0.31203125000000004,-0.08,0.08,-0.14604289340850998,0.023413678508635755,2.8418431142000533,Solve_Succeeded,0.03014079196145758,False,2298247.6581752882,0.08966227182259556,0.0,False,False,0.5,10,0.015,1407.6173615703874,0.07475788408007364,0.7411878282744888,-0.3500000099967077,-0.3500000099987492,-0.35000000999848063,-0.35,0.0,False,False,53656.92138671875,3627.2543331867764,12.292943005111177,0.0003730858370308702,2454.3403283481452,0.8553067223387508,0.9882873711081437,1.2051754055603177,1.2398431906970213,0.2359434754068803,1.5,0.005618080174128979,0.0024591399973336293,0.0066085331808780545,-0.0048269381253235565,0.031643640441132125,0.007538369299854642,-3289.503656277946,True
11,stress,10066,corridor_barrier_nmpc,105.5,0.09604097918989205,0.021242389335798806,2.7435034168368855,0.09805528968736663,0.020628352160528524,2.7437859265335205,0.2410695817289632,-0.002189814453124994,-0.11005119262695316,0.1710695817289632,0.3110695817289632,-0.08,0.08,-0.14502860253907116,0.0234322037889238,2.8535546094638384,Solve_Succeeded,0.030103292025160044,False,2342489.603704639,0.08801429204159658,0.0,False,False,0.5,10,0.015,1513.906928331201,0.0750355810622338,0.7434670686385235,-0.35000000999886777,-0.3500000099987032,-0.3500000099986764,-0.35,0.0,False,False,53492.32110595703,3614.062228961312,12.248234316261492,0.0003828963608023293,2500.5900308238242,0.8553067223387508,0.9882873711081437,1.2051754055603177,1.2398431906970213,0.2359434754068803,1.5,0.005618080174128979,0.0024591399973336293,0.0066085331808780545,-0.0048269381253235565,0.031643640441132125,0.007538369299854642,-3289.503656277946,True
11,stress,10066,corridor_barrier_nmpc,106.0,0.09610195718879472,0.021272655210123573,2.7541321790178626,0.088794910084765,0.02222601990938554,2.738196276476764,0.24010236664162288,-0.0021800073242187468,-0.111143671875,0.17010236664162287,0.3101023666416229,-0.08,0.08,-0.14400040945282816,0.02345266253434232,2.8652758508928624,Solve_Succeeded,0.030684166005812585,False,2455991.9665623824,0.09630745655685788,0.0,False,False,0.5,10,0.015,1621.7913481814048,0.07530959321959362,0.7457387082327718,-0.35000000999882414,-0.3500000099988095,-0.3500000099987935,-0.35,0.0,False,False,53328.44921875,3600.9406161340166,12.20376452622078,0.00039291972485908967,2547.4505027837495,0.8553067223387508,0.9882873711081437,1.2051754055603177,1.2398431906970213,0.2359434754068803,1.5,0.005618080174128979,0.0024591399973336293,0.0066085331808780545,-0.0048269381253235565,0.031643640441132125,0.007538369299854642,-3289.503656277946,True
11,stress,10066,corridor_barrier_nmpc,106.5,0.09617143353958184,0.021305076782958406,2.764776613227241,0.08834366977478214,0.01709741362989623,2.773065874046474,0.23912986887208867,-0.0021700097656249806,-0.11223119995117191,0.16912986887208867,0.3091298688720887,-0.08,0.08,-0.14295843533250685,0.023475086548583386,2.877007813178413,Solve_Succeeded,0.03261237498372793,False,2936744.3475846383,0.09589223991765009,0.0,False,False,0.5,10,0.015,1731.261621088499,0.07557985149957322,0.7480025117760563,-0.3500000099972146,-0.3500000099967077,-0.3500000099969583,-0.35,0.0,False,False,53165.32000732422,3587.890465319055,12.159536924448094,0.0004031582603196014,2594.9196744351134,0.8553067223387508,0.9882873711081437,1.2051754055603177,1.2398431906970213,0.2359434754068803,1.5,0.005618080174128979,0.0024591399973336293,0.0066085331808780545,-0.0048269381253235565,0.031643640441132125,0.007538369299854642,-3289.503656277946,True
11,stress,10066,corridor_barrier_nmpc,107.0,0.0962495513175957,0.021339685675270392,2.775437805227544,0.09118033186744491,0.020308986169784726,2.759289331577286,0.23815235255447037,-0.0021598217773437234,-0.11331368164062498,0.16815235255447036,0.3081523525544704,-0.08,0.08,-0.14190280123687465,0.023499507452614116,2.888751486868169,Solve_Succeeded,0.029995332995895296,False,2442310.9141152236,0.09197202068702547,0.0,False,False,0.5,10,0.015,1842.3071902648653,0.07584628680067053,0.7502582432663564,-0.35000000999892206,-0.35000000999886777,-0.3500000099986384,-0.35,0.0,False,False,53002.94775390625,3574.912745494116,12.115554794856395,0.00041361421327439204,2642.9950581484018,0.8553067223387508,0.9882873711081437,1.2051754055603177,1.2398431906970213,0.2359434754068803,1.5,0.005618080174128979,0.0024591399973336293,0.0066085331808780545,-0.0048269381253235565,0.031643640441132125,0.007538369299854642,-3289.503656277946,True
11,stress,10066,corridor_barrier_nmpc,107.5,0.09633645361520084,0.021376513294159752,2.786116856538539,0.09735139331883313,0.01778469931488665,2.8006353403299578,0.23717008182287758,-0.0021494433593750306,-0.11439102172851563,0.16717008182287757,0.3071700818228776,-0.08,0.08,-0.14083362820767675,0.023525956653534782,2.900507878267055,Solve_Succeeded,0.031897082983050495,False,2417835.336963985,0.0863765239297471,0.0,False,False,0.5,10,0.015,1954.915901049867,0.07610883000474336,0.7525056659949317,-0.35000000999901776,-0.35000000999882414,-0.3500000099988018,-0.35,0.0,False,False,52841.346740722656,3562.008424012848,12.071821415854684,0.00042428973853458825,2691.6737380583845,0.8553067223387508,0.9882873711081437,1.2051754055603177,1.2398431906970213,0.2359434754068803,1.5,0.005618080174128979,0.0024591399973336293,0.0066085331808780545,-0.0048269381253235565,0.031643640441132125,0.007538369299854642,-3289.503656277946,True
11,stress,10066,corridor_barrier_nmpc,108.0,0.09643228343104415,0.021415590800900237,2.796814884322315,0.09153984117042863,0.02141454136137314,2.7900197094722676,0.23618332081142,-0.0021388745117187358,-0.11546312500000001,0.16618332081141998,0.30618332081141997,-0.08,0.08,-0.13975103738037584,0.023554465312618973,2.912278009322315,Solve_Succeeded,0.032469999976456165,False,2213108.946019541,0.08964347964099134,0.0,False,False,0.5,10,0.015,2069.0739606338293,0.07636741201031289,0.7547445425606546,-0.35000000999892095,-0.3500000099972146,-0.35000000999740527,-0.35,0.0,False,False,52680.53125,3549.1784666171407,12.028340060389635,0.00043518689322294483,2740.9523597886114,0.8553067223387508,0.9882873711081437,1.2051754055603177,1.2398431906970213,0.2359434754068803,1.5,0.005618080174128979,0.0024591399973336293,0.0066085331808780545,-0.0048269381253235565,0.031643640441132125,0.007538369299854642,-3289.503656277946,True
11,stress,10066,corridor_barrier_nmpc,108.5,0.09653718355552478,0.021456949078178855,2.807533021252178,0.09302239833409226,0.01696640837803174,2.814120482685698,0.2351923336542074,-0.0021281152343750054,-0.11652989624023437,0.16519233365420738,0.3051923336542074,-0.08,0.08,-0.13865515009868262,0.02358506431255386,2.9240629174924124,Solve_Succeeded,0.03190354199614376,False,2534230.291242798,0.0884575485589986,0.0,False,False,0.5,10,0.015,2184.7658987298055,0.07662196376688143,0.7569746348845532,-0.3500000099990635,-0.35000000999892206,-0.3500000099987398,-0.35,0.0,False,False,52520.515563964844,3536.423837449245,11.98511399598667,0.0004463076302112205,2790.8271203161003,0.8553067223387508,0.9882873711081437,1.2051754055603177,1.2398431906970213,0.2359434754068803,1.5,0.005618080174128979,0.0024591399973336293,0.0066085331808780545,-0.0048269381253235565,0.031643640441132125,0.007538369299854642,-3289.503656277946,True
11,stress,10066,corridor_barrier_nmpc,109.0,0.09665129645249387,0.021500618696554154,2.8182724153649725,0.09411685672108702,0.02217943515161037,2.827021993530451,0.23419738448534938,-0.002117165527343756,-0.11759124023437502,0.16419738448534937,0.3041973844853494,-0.08,0.08,-0.1375460880328555,0.02361778422389791,2.9358636555993476,Solve_Succeeded,0.031238500028848648,False,1954316.2627256373,0.08508052776426236,0.0,False,False,0.5,10,0.015,2301.9745293011547,0.07687241631025453,0.7591957042245618,-0.3500000099989284,-0.35000000999901776,-0.35000000999898434,-0.35,0.0,False,False,52361.31396484375,3523.7454990637425,11.942146484790516,0.00045765379140828654,2841.293757993236,0.8553067223387508,0.9882873711081437,1.2051754055603177,1.2398431906970213,0.2359434754068803,1.5,0.005618080174128979,0.0024591399973336293,0.0066085331808780545,-0.0048269381253235565,0.031643640441132125,0.007538369299854642,-3289.503656277946,True
11,stress,10066,corridor_barrier_nmpc,109.5,0.0967747641372122,0.021546629880154423,2.82903422989644,0.08979424700307403,0.016415516011323864,2.8223322400722104,0.23319873743895572,-0.002106025390624988,-0.11864706176757812,0.16319873743895572,0.30319873743895576,-0.08,0.08,-0.13642397330174352,0.02365265527077941,2.9476812916640185,Solve_Succeeded,0.0307790000224486,False,2585573.376958572,0.08942770467498365,0.0,False,False,0.5,10,0.015,2420.680913454993,0.07711870079885585,0.7614075111904817,-0.3500000099991016,-0.35000000999892095,-0.35000000999892855,-0.35,0.0,False,False,52202.94073486328,3511.1444124393643,11.899440783605273,0.00046922710090391317,2892.3475427441613,0.8553067223387508,0.9882873711081437,1.2051754055603177,1.2398431906970213,0.2359434754068803,1.5,0.005618080174128979,0.0024591399973336293,0.0066085331808780545,-0.0048269381253235565,0.031643640441132125,0.007538369299854642,-3289.503656277946,True
11,stress,10066,corridor_barrier_nmpc,110.0,0.09690772805060109,0.02159501247163939,2.8398196430992435,0.09591941788257469,0.01970793382400088,2.8430157414995394,0.23219665664913602,-0.0020946948242187846,-0.11969726562500001,0.16219665664913602,0.30219665664913603,-0.08,0.08,-0.13528892859853492,0.023689707295858176,2.9595169087242437,Solve_Succeeded,0.03016995801590383,False,2008047.506949164,0.08127723876656134,0.0,False,False,0.5,10,0.015,2540.8643236130865,0.07736074855102112,0.7636098157591469,-0.3500000099990361,-0.3500000099990635,-0.3500000099990473,-0.35,0.0,False,False,52045.41015625,3498.6215369906577,11.857000143933941,0.00048102915797375637,2943.9832664531177,0.8553067223387508,0.9882873711081437,1.2051754055603177,1.2398431906970213,0.2359434754068803,1.5,0.005618080174128979,0.0024591399973336293,0.0066085331808780545,-0.0048269381253235565,0.031643640441132125,0.007538369299854642,-3289.503656277946,True
11,stress,10066,corridor_barrier_nmpc,110.5,0.09705032892983047,0.021645795896451252,2.8506298480432926,0.097517469654096,0.018502602976306896,2.8466394022269252,0.23119140625,-0.002083173828124979,-0.12074175659179691,0.16119140625,0.30119140625,-0.08,0.08,-0.13414107732016955,0.02372896972457623,2.9713716046350895,Solve_Succeeded,0.031732958974316716,False,2012089.782007863,0.0792000967086056,0.0,False,False,0.5,10,0.015,2662.502209073581,0.077598491083255,0.7658023772898002,-0.3500000099974789,-0.3500000099989284,-0.35000000999894265,-0.35,0.0,False,False,51888.73651123047,3486.17783057951,11.81482781201748,0.0004930614299516801,2996.1952335625415,0.8553067223387508,0.9882873711081437,1.2051754055603177,1.2398431906970213,0.2359434754068803,1.5,0.005618080174128979,0.0024591399973336293,0.0066085331808780545,-0.0048269381253235565,0.031643640441132125,0.007538369299854642,-3289.503656277946,True
11,stress,10066,corridor_barrier_nmpc,111.0,0.09720270667529558,0.021699009126383072,2.8614660523980247,0.09717668343106195,0.022266136049072703,2.8618531606925393,0.23018325037565746,-0.002071462402343738,-0.12178043945312499,0.16018325037565745,0.30018325037565746,-0.08,0.08,-0.1329805437003619,0.02377047152872681,2.9832464918511494,Solve_Succeeded,0.031138749967794865,False,1654063.8970762072,0.07800656694459551,0.0,False,False,0.5,10,0.015,2785.5701630777958,0.07783186014943283,0.7679849545396729,-0.35000000999719294,-0.3500000099991016,-0.3500000099990825,-0.35,0.0,False,False,51732.93408203125,3473.81424952653,11.772927028873381,0.000505325244976142,3048.9772518987256,0.8553067223387508,0.9882873711081437,1.2051754055603177,1.2398431906970213,0.2359434754068803,1.5,0.005618080174128979,0.0024591399973336293,0.0066085331808780545,-0.0048269381253235565,0.031643640441132125,0.007538369299854642,-3289.503656277946,True
11,stress,10066,corridor_barrier_nmpc,111.5,0.0973650002140428,0.021754680642494938,2.872329478196307,0.0983675123032551,0.020349632814232275,2.873379926006945,0.2291724531602179,-0.0020595605468750056,-0.12281321899414065,0.15917245316021789,0.2991724531602179,-0.08,0.08,-0.13180745294617507,0.023814241189369943,2.9951426971904476,Solve_Succeeded,0.029988791968207806,False,1724790.7459319076,0.0758049408569628,0.0,False,False,0.5,10,0.015,2910.0418914976044,0.07806078778092632,0.7701573056797725,-0.3500000099990578,-0.3500000099990361,-0.35000000999904163,-0.35,0.0,False,False,51578.017150878906,3461.5317486222852,11.731301030333748,0.0005178217846180265,3102.322623743174,0.8553067223387508,0.9882873711081437,1.2051754055603177,1.2398431906970213,0.2359434754068803,1.5,0.005618080174128979,0.0024591399973336293,0.0066085331808780545,-0.0048269381253235565,0.031643640441132125,0.007538369299854642,-3289.503656277946,True
11,stress,10066,corridor_barrier_nmpc,112.0,0.09753734735971345,0.02181283839741052,2.8832213615796407,0.09357814439571972,0.019869201611713586,2.8785551786658106,0.22815927873779118,-0.0020474682617187268,-0.12383999999999999,0.15815927873779118,0.2981592787377912,-0.08,0.08,-0.13062193137807773,0.023860306659129246,3.0070613615796407,Solve_Succeeded,0.029988041962496936,False,1858291.448779269,0.07958113434207147,0.0,False,False,0.5,10,0.015,3035.8891832595127,0.0782852063276312,0.7723191883108756,-0.35000000999908076,-0.3500000099974789,-0.3500000099976666,-0.35,0.0,False,False,51424.0,3449.3312811384008,11.68995304708292,0.0005305520763979433,3156.224137167813,0.8553067223387508,0.9882873711081437,1.2051754055603177,1.2398431906970213,0.2359434754068803,1.5,0.005618080174128979,0.0024591399973336293,0.0066085331808780545,-0.0048269381253235565,0.031643640441132125,0.007538369299854642,-3289.503656277946,True
11,stress,10066,corridor_barrier_nmpc,112.5,0.09771988466908327,0.021873509777029027,2.894142952524364,0.09644219745026668,0.024186764048663552,2.9003497230815762,0.22714399124248688,-0.0020351855468749985,-0.12486068725585937,0.15714399124248687,0.2971439912424869,-0.08,0.08,-0.1294241065734036,0.023908695323904026,3.019003639780223,Solve_Succeeded,0.032509875018149614,False,1392462.8788855276,0.07570179379222018,0.0,False,False,0.5,10,0.015,3163.081882621894,0.07850504849987058,0.7744703594797258,-0.35000000999894476,-0.35000000999719294,-0.35000000999724984,-0.35,0.0,False,False,51270.896911621094,3437.213798838527,11.64888630469463,0.0005435169862016782,3210.674057652362,0.8553067223387508,0.9882873711081437,1.2051754055603177,1.2398431906970213,0.2359434754068803,1.5,0.005618080174128979,0.0024591399973336293,0.0066085331808780545,-0.0048269381253235565,0.031643640441132125,0.007538369299854642,-3289.503656277946,True
11,stress,10066,corridor_barrier_nmpc,113.0,0.09791274729528446,0.021936721561689864,2.905095514548579,0.10138900297789427,0.023027939943594405,2.909344914583628,0.22612685480841474,-0.0020227124023437376,-0.125875185546875,0.15612685480841473,0.2961268548084147,-0.08,0.08,-0.12821410751313028,0.0239594339640336,3.030970700095454,Solve_Succeeded,0.03316937497584149,False,1299867.1276599488,0.06973785183052045,0.0,False,False,0.5,10,0.015,3291.5878634220544,0.0787202474111473,0.776610575695435,-0.3500000099990002,-0.3500000099990578,-0.35000000999884057,-0.35,0.0,False,False,51118.72216796875,3425.180251989168,11.60810402366871,0.000556717210603156,3265.664120002218,0.8553067223387508,0.9882873711081437,1.2051754055603177,1.2398431906970213,0.2359434754068803,1.5,0.005618080174128979,0.0024591399973336293,0.0066085331808780545,-0.0048269381253235565,0.031643640441132125,0.007538369299854642,-3289.503656277946,True
11,stress,10066,corridor_barrier_nmpc,113.5,0.09811606883780613,0.022002499886829594,2.9160803243995295,0.09922060559874225,0.02014899135891849,2.9144839893560115,0.22510813356968448,-0.0020100488281249995,-0.1268833996582031,0.15510813356968448,0.29510813356968446,-0.08,0.08,-0.12699206473187835,0.024012548714954594,3.0429637240577327,Solve_Succeeded,0.030061833967920393,False,1524587.3026651866,0.07088752797094221,0.0,False,False,0.5,10,0.015,3421.3730054095513,0.07893073662171449,0.7787395929460911,-0.35000000999911,-0.35000000999908076,-0.3500000099990519,-0.35,0.0,False,False,50967.49005126953,3413.231589370381,11.567609419467352,0.000570153269104972,3321.1855205852726,0.8553067223387508,0.9882873711081437,1.2051754055603177,1.2398431906970213,0.2359434754068803,1.5,0.005618080174128979,0.0024591399973336293,0.0066085331808780545,-0.0048269381253235565,0.031643640441132125,0.007538369299854642,-3289.503656277946,True
11,stress,10066,corridor_barrier_nmpc,114.0,0.0983299811893786,0.0220708702031732,2.9270986717211906,0.09232619614394968,0.02237412065137502,2.9153007081369156,0.22408809166040572,-0.0019971948242187842,-0.127885234375,0.1540880916604057,0.2940880916604057,-0.08,0.08,-0.1257581104710271,0.024068065027391984,3.0549839060961905,Solve_Succeeded,0.030665625003166497,False,1501062.6780146712,0.07676189551645604,0.0,False,False,0.5,10,0.015,3552.401172781586,0.0791364501829325,0.7808571667155672,-0.3500000099973674,-0.35000000999894476,-0.35000000999895764,-0.35,0.0,False,False,50817.21484375,3401.3687582863445,11.527405702550928,0.0005838254963072365,3377.2289099060295,0.8553067223387508,0.9882873711081437,1.2051754055603177,1.2398431906970213,0.2359434754068803,1.5,0.005618080174128979,0.0024591399973336293,0.0066085331808780545,-0.0048269381253235565,0.031643640441132125,0.007538369299854642,-3289.503656277946,True
11,stress,10066,corridor_barrier_nmpc,114.5,0.09855461437985616,0.02214185723650387,2.93815185870185,0.10121330549623933,0.020855520561116354,2.9298617297842626,0.22306699321468826,-0.0019841503906249947,-0.1288805944824219,0.15306699321468825,0.29306699321468827,-0.08,0.08,-0.1245123788348321,0.024126007627128864,3.067032453184272,Solve_Succeeded,0.029895707964897156,False,1328682.3464168226,0.06685368771844893,0.0,False,False,0.5,10,0.015,3684.6341950355836,0.07933732268237675,0.7829630520005345,-0.3500000099975419,-0.3500000099990002,-0.3500000099989951,-0.35,0.0,False,False,50667.91082763672,3389.5927045758044,11.487496078413374,0.0005977340340161997,3433.7843855354745,0.8553067223387508,0.9882873711081437,1.2051754055603177,1.2398431906970213,0.2359434754068803,1.5,0.005618080174128979,0.0024591399973336293,0.0066085331808780545,-0.0048269381253235565,0.031643640441132125,0.007538369299854642,-3289.503656277946,True
11,stress,10066,corridor_barrier_nmpc,115.0,0.09879009641722261,0.02221548494705787,2.9492411997014765,0.09711127389852876,0.022266081824183246,2.9578269149284253,0.22204510236664166,-0.0019709155273437418,-0.12986938476562498,0.15204510236664165,0.29204510236664166,-0.08,0.08,-0.12325500594941904,0.024186400474401612,3.0791105844671014,Solve_Succeeded,0.03063712496077642,False,1291947.557353486,0.0699338284681129,0.0,False,False,0.5,10,0.015,3818.031850252549,0.07953328928965893,0.7850570033276781,-0.35000000999906766,-0.35000000999911,-0.3500000099990962,-0.35,0.0,False,False,50519.59228515625,3377.9043726223863,11.447883747617162,0.0006118788233048258,3490.8414854149187,0.8553067223387508,0.9882873711081437,1.2051754055603177,1.2398431906970213,0.2359434754068803,1.5,0.005618080174128979,0.0024591399973336293,0.0066085331808780545,-0.0048269381253235565,0.031643640441132125,0.007538369299854642,-3289.503656277946,True
11,stress,10066,corridor_barrier_nmpc,115.5,0.09903655312585369,0.022291776488593318,2.9603680208587067,0.0988417325147631,0.021105210559539414,2.965059925129405,0.22102268325037566,-0.0019574902343750256,-0.13085151000976564,0.15102268325037566,0.29102268325037567,-0.08,0.08,-0.12198613012452197,0.024249266722968343,3.0912195308684725,Solve_Succeeded,0.03287491697119549,False,1285811.8290978735,0.06718095073561257,0.0,False,False,0.5,10,0.015,3952.551850923587,0.0797242858029222,0.7871387747711145,-0.3500000099991174,-0.3500000099973674,-0.3500000099975751,-0.35,0.0,False,False,50372.273498535156,3366.304705364795,11.408571905827854,0.0006262595965382217,3548.389181552138,0.8553067223387508,0.9882873711081437,1.2051754055603177,1.2398431906970213,0.2359434754068803,1.5,0.005618080174128979,0.0024591399973336293,0.0066085331808780545,-0.0048269381253235565,0.031643640441132125,0.007538369299854642,-3289.503656277946,True
11,stress,10066,corridor_barrier_nmpc,116.0,0.09929410798217977,0.022370754167183874,2.971533659677296,0.09698263785707778,0.021472064906929312,2.976455893589966,0.22000000000000003,-0.001943874511718735,-0.131826875,0.15000000000000002,0.29000000000000004,-0.08,0.08,-0.12070589201782025,0.02431462867890261,3.1033605346772957,Solve_Succeeded,0.03129054099554196,False,1265201.1142453896,0.06801736214292226,0.0,False,False,0.5,10,0.015,4088.1498324296545,0.07991024869596683,0.7892081199700104,-0.3500000099991132,-0.3500000099975419,-0.3500000099975459,-0.35,0.0,False,False,50225.96875,3354.794644306886,11.369563743848234,0.0006408758693775517,3606.415874127869,0.8553067223387508,0.9882873711081437,1.2051754055603177,1.2398431906970213,0.2359434754068803,1.5,0.005618080174128979,0.0024591399973336293,0.0066085331808780545,-0.0048269381253235565,0.031643640441132125,0.007538369299854642,-3289.503656277946,True
11,stress,10066,corridor_barrier_nmpc,116.5,0.09956288194790239,0.022452439399790622,2.982739464591908,0.1044904306047459,0.021690473686952465,2.986385918880767,0.21897731674962437,-0.0019300683593749812,-0.13279538452148437,0.14897731674962436,0.28897731674962435,-0.08,0.08,-0.11941443480172198,0.024382507759165603,3.1155348491133923,Solve_Succeeded,0.0332331660320051,False,1029766.0826834699,0.059486886144878445,0.0,False,False,0.5,10,0.015,4224.779344282453,0.0800911151659623,0.7912647921464034,-0.3500000099991125,-0.35000000999906766,-0.35000000999888486,-0.35,0.0,False,False,50080.692321777344,3343.3751295276165,11.330862447652041,0.0006557269327767816,3664.90938603057,0.8553067223387508,0.9882873711081437,1.2051754055603177,1.2398431906970213,0.2359434754068803,1.5,0.005618080174128979,0.0024591399973336293,0.0066085331808780545,-0.0048269381253235565,0.031643640441132125,0.007538369299854642,-3289.503656277946,True
11,stress,10066,corridor_barrier_nmpc,117.0,0.09984299330092763,0.02253685267266747,2.993986794513152,0.10388245868821848,0.02458541397978255,2.9988579215538143,0.2179548976333584,-0.001916071777343764,-0.133756943359375,0.1479548976333584,0.2879548976333584,-0.08,0.08,-0.11811190433243077,0.024452924450011234,3.1277437378725272,Solve_Succeeded,0.031187707965727895,False,837178.1563393786,0.05907243894513993,0.0,False,False,0.5,10,0.015,4362.391844231655,0.0802668231816975,0.7933085441232226,-0.35000000999722414,-0.3500000099991174,-0.3500000099990895,-0.35,0.0,False,False,49936.45849609375,3332.047099690892,11.292471198417331,0.0006708118449873485,3723.856957837247,0.8553067223387508,0.9882873711081437,1.2051754055603177,1.2398431906970213,0.2359434754068803,1.5,0.005618080174128979,0.0024591399973336293,0.0066085331808780545,-0.0048269381253235565,0.031643640441132125,0.007538369299854642,-3289.503656277946,True
11,stress,10066,corridor_barrier_nmpc,117.5,0.10013455746418931,0.022624013499657567,3.00527701835179,0.1021578187595365,0.027396648691188755,3.0093315850392566,0.2169330067853118,-0.0019018847656250282,-0.13471145629882814,0.1469330067853118,0.2869330067853118,-0.08,0.08,-0.11679844932112249,0.024525898265282595,3.139988474650618,Solve_Succeeded,0.0328874999540858,False,697257.588150218,0.059775188025775305,0.0,False,False,0.5,10,0.015,4500.936695340446,0.08043731153231967,0.7953391283425101,-0.35000000999883735,-0.3500000099991132,-0.35000000999911035,-0.35,0.0,False,False,49793.28155517578,3320.8114920552794,11.2543931725594,0.0006861294235865642,3783.24524325779,0.8553067223387508,0.9882873711081437,1.2051754055603177,1.2398431906970213,0.2359434754068803,1.5,0.005618080174128979,0.0024591399973336293,0.0066085331808780545,-0.0048269381253235565,0.031643640441132125,0.007538369299854642,-3289.503656277946,True
11,stress,10066,corridor_barrier_nmpc,118.0,0.10043768683254432,0.022713940380440185,3.016611514522081,0.10352974980481178,0.024898938873633175,3.009574101528357,0.2159119083395943,-0.001887507324218718,-0.13565882812500002,0.1459119083395943,0.28591190833959435,-0.08,0.08,-0.11547422150704999,0.024601447704658903,3.152270342647081,Solve_Succeeded,0.03221662499709055,False,761421.1417509794,0.05738215853478251,0.0,False,False,0.5,10,0.015,4640.361166127987,0.08060251987650888,0.797356296883841,-0.35000000999898623,-0.3500000099991125,-0.35000000999911224,-0.35,0.0,False,False,49651.17578125,3309.669242483622,11.216631541763368,0.0007016782375462884,3843.060305060135,0.8553067223387508,0.9882873711081437,1.2051754055603177,1.2398431906970213,0.2359434754068803,1.5,0.005618080174128979,0.0024591399973336293,0.0066085331808780545,-0.0048269381253235565,0.031643640441132125,0.007538369299854642,-3289.503656277946,True
11,stress,10066,corridor_barrier_nmpc,118.5,0.10075249059793254,0.02280665075878952,3.0279916704242544,0.10332380354826673,0.027683209490018006,3.0267122204664663,0.2148918664303156,-0.0018729394531249999,-0.13659896362304685,0.1448918664303156,0.2848918664303156,-0.08,0.08,-0.11413937583238307,0.02467959021191452,3.1645906340473013,Solve_Succeeded,0.033636749954894185,False,603686.3222405676,0.05656806288204888,0.0,False,False,0.5,10,0.015,4780.6104338733585,0.08076238879203416,0.7993598014829447,-0.35000000999881187,-0.35000000999722414,-0.35000000999745096,-0.35,0.0,False,False,49510.15545654297,3298.6212854525365,11.179189473016363,0.0007174565993591149,3903.28761149309,0.8553067223387508,0.9882873711081437,1.2051754055603177,1.2398431906970213,0.2359434754068803,1.5,0.005618080174128979,0.0024591399973336293,0.0066085331808780545,-0.0048269381253235565,0.031643640441132125,0.007538369299854642,-3289.503656277946,True
11,stress,10066,corridor_barrier_nmpc,119.0,0.10107907457300273,0.022902160980908692,3.0394188819061245,0.1009923279511496,0.02693453233304289,3.0404524052646384,0.2138731451915853,-0.001858181152343763,-0.13753176757812502,0.14387314519158528,0.2838731451915853,-0.08,0.08,-0.11279407061858256,0.024760342133252455,3.1769506494842497,Solve_Succeeded,0.03310799994505942,False,650605.6802169255,0.0578808172404357,0.0,False,False,0.5,10,0.015,4921.62759117134,0.08091685982563275,0.8013493935505227,-0.35000000999887537,-0.35000000999883735,-0.3500000099986708,-0.35,0.0,False,False,49370.23486328125,3287.6685540618005,11.14207012863934,0.0007334625572400356,3963.912033223535,0.8553067223387508,0.9882873711081437,1.2051754055603177,1.2398431906970213,0.2359434754068803,1.5,0.005618080174128979,0.0024591399973336293,0.0066085331808780545,-0.0048269381253235565,0.031643640441132125,0.007538369299854642,-3289.503656277946,True
11,stress,10066,corridor_barrier_nmpc,119.5,0.10141754101341575,0.02300048625390407,3.05089455270391,0.10025701355054187,0.021082308552384205,3.05431199387844,0.21285600875751315,-0.0018432324218750074,-0.13845714477539062,0.14285600875751314,0.28285600875751316,-0.08,0.08,-0.1114384677440974,0.024843718675779076,3.189351697479301,Solve_Succeeded,0.031227042025420815,False,939486.431195281,0.05759899520697129,0.0,False,False,0.5,10,0.015,5063.353655825655,0.081065875543154,0.8033248241912663,-0.35000000999772574,-0.35000000999898623,-0.3500000099989483,-0.35,0.0,False,False,49231.42828369141,3276.811980043634,11.105276666318533,0.0007496938874222161,4024.91784080412,0.8553067223387508,0.9882873711081437,1.2051754055603177,1.2398431906970213,0.2359434754068803,1.5,0.005618080174128979,0.0024591399973336293,0.0066085331808780545,-0.0048269381253235565,0.031643640441132125,0.007538369299854642,-3289.503656277946,True
11,stress,10066,corridor_barrier_nmpc,120.0,0.10176798843904517,0.023101640604466622,3.062420093862343,0.10453353762966955,0.01949045348013809,3.0707120904113054,0.21184072126220888,-0.0018280932617187884,-0.13937500000000003,0.14184072126220887,0.2818407212622089,-0.08,0.08,-0.11007273282316371,0.02492973386618541,3.2017950938623434,Solve_Succeeded,0.02996758301742375,False,907576.7231779066,0.05343428286519224,0.0,False,False,0.5,10,0.015,5205.727584160308,0.08120937957990544,0.8052858442230727,-0.3500000099978952,-0.35000000999881187,-0.35000000999882824,-0.35,0.0,False,False,49093.75,3266.0524937718724,11.068812239136545,0.0007661480865662236,4086.2887026873855,0.8553067223387508,0.9882873711081437,1.2051754055603177,1.2398431906970213,0.2359434754068803,1.5,0.005618080174128979,0.0024591399973336293,0.0066085331808780545,-0.0048269381253235565,0.031643640441132125,0.007538369299854642,-3289.503656277946,True
11,stress,10066,corridor_barrier_nmpc,120.5,0.10213051145430478,0.023205636837828763,3.073996923134183,0.09513888104671649,0.02308664660591325,3.0704742034309693,0.21082754683978214,-0.001812763671874995,-0.1402852380371094,0.14082754683978213,0.28082754683978217,-0.08,0.08,-0.10869703538547736,0.025018400509703758,3.2142821611712926,Solve_Succeeded,0.031294334039557725,False,864866.0866679271,0.06068866579306563,0.0,False,False,0.5,10,0.015,5348.68628782383,0.08134731669113669,0.807232204196456,-0.3500000099975408,-0.35000000999887537,-0.3500000099988697,-0.35,0.0,False,False,48957.214294433594,3255.391024271041,11.032679995603099,0.0007828223643026686,4148.007683801581,0.8553067223387508,0.9882873711081437,1.2051754055603177,1.2398431906970213,0.2359434754068803,1.5,0.005618080174128979,0.0024591399973336293,0.0066085331808780545,-0.0048269381253235565,0.031643640441132125,0.007538369299854642,-3289.503656277946,True
11,stress,10066,corridor_barrier_nmpc,121.0,0.10250520056784128,0.02331248649706641,3.085626464359297,0.10468532315992922,0.02447310868061182,3.0943704316053484,0.20981674962434263,-0.0017972436523437385,-0.14118776367187502,0.13981674962434262,0.27981674962434266,-0.08,0.08,-0.10731154905650135,0.025109730149410148,3.2268142280311722,Solve_Succeeded,0.03231529099866748,False,580245.2617245014,0.05013142646441339,0.0,False,False,0.5,10,0.015,5492.164654155955,0.0814796328025957,0.8091636544141589,-0.35000000999901926,-0.35000000999772574,-0.3500000099978632,-0.35,0.0,False,False,48821.83544921875,3244.8284992253148,10.996883079685405,0.0007997136359289077,4210.057244703196,0.8553067223387508,0.9882873711081437,1.2051754055603177,1.2398431906970213,0.2359434754068803,1.5,0.005618080174128979,0.0024591399973336293,0.0066085331808780545,-0.0048269381253235565,0.031643640441132125,0.007538369299854642,-3289.503656277946,True
11,stress,10066,corridor_barrier_nmpc,121.5,0.10289214201183867,0.02342219982281753,3.0973101468234954,0.08915364919399982,0.022487836992353946,3.104722991519923,0.20880859375,-0.001781533203124963,-0.14208248168945314,0.13880859375,0.27880859375,-0.08,0.08,-0.10591645173816132,0.025203733025942494,3.2393926285129484,Solve_Succeeded,0.03110899997409433,False,959732.9450975333,0.06465494455600018,0.0,False,False,0.5,10,0.015,5636.095570179432,0.08160627506108807,0.8110799449509581,-0.3500000099976536,-0.3500000099978952,-0.3500000099978914,-0.35,0.0,False,False,48687.62774658203,3234.365844987393,10.961424630838241,0.000816818515281023,4272.419241320566,0.8553067223387508,0.9882873711081437,1.2051754055603177,1.2398431906970213,0.2359434754068803,1.5,0.005618080174128979,0.0024591399973336293,0.0066085331808780545,-0.0048269381253235565,0.031643640441132125,0.007538369299854642,-3289.503656277946,True
11,stress,10066,corridor_barrier_nmpc,122.0,0.10329141756118969,0.023534785713489575,3.109049404597344,0.11281589550532435,0.022579750818953036,3.1095733618803645,0.20780334335086403,-0.0017656323242187244,-0.14296929687499998,0.13780334335086403,0.27780334335086404,-0.08,0.08,-0.10451192578967435,0.0253004180377083,3.252018701472344,Solve_Succeeded,0.03069137502461672,False,476452.4054129388,0.04000699125094745,0.0,False,False,0.5,10,0.015,5780.409950273255,0.08172719188497002,0.8129808256736674,-0.35000000999910746,-0.3500000099975408,-0.3500000099975829,-0.35,0.0,False,False,48554.60546875,3224.003986587259,10.926307784033632,0.0008341333078028947,4335.074925302339,0.8553067223387508,0.9882873711081437,1.2051754055603177,1.2398431906970213,0.2359434754068803,1.5,0.005618080174128979,0.0024591399973336293,0.0066085331808780545,-0.0048269381253235565,0.031643640441132125,0.007538369299854642,-3289.503656277946,True
11,stress,10066,corridor_barrier_nmpc,122.5,0.10370310435279721,0.02365025168602928,3.1208456758552248,0.09941053523752681,0.02171734425352846,3.12055362063544,0.20680126256104436,-0.0017495410156250224,-0.14384811401367187,0.13680126256104436,0.27680126256104437,-0.08,0.08,-0.10309815820824715,0.0253997927016543,3.264693789868897,Solve_Succeeded,0.03195725003024563,False,721849.6460899194,0.05239072732351756,0.0,False,False,0.5,10,0.015,5925.036767576961,0.08184233301450196,0.8148660462613366,-0.3500000099991749,-0.35000000999901926,-0.35000000999884673,-0.35,0.0,False,False,48422.78289794922,3213.743847740855,10.89153566979025,0.000851654003834763,4398.00494498431,0.8553067223387508,0.9882873711081437,1.2051754055603177,1.2398431906970213,0.2359434754068803,1.5,0.005618080174128979,0.0024591399973336293,0.0066085331808780545,-0.0048269381253235565,0.031643640441132125,0.007538369299854642,-3289.503656277946,True
11,stress,10066,corridor_barrier_nmpc,123.0,0.10412727470527643,0.02376860383732937,3.132700402174939,0.10868911616577272,0.02029290004173216,3.1337623894570013,0.20580261551465062,-0.001733259277343746,-0.144718837890625,0.13580261551465062,0.27580261551465063,-0.08,0.08,-0.1016753408093742,0.025501863114673114,3.277419240065564,Solve_Succeeded,0.02937754098093137,False,595347.8008577089,0.043413829287114014,0.0,False,False,0.5,10,0.015,6069.903089167581,0.08195164956198932,0.8167353562256445,-0.35000000999787306,-0.3500000099976536,-0.35000000999779696,-0.35,0.0,False,False,48292.17431640625,3203.5863508586476,10.857111414202452,0.0008693762721441469,4461.189346987089,0.8553067223387508,0.9882873711081437,1.2051754055603177,1.2398431906970213,0.2359434754068803,1.5,0.005618080174128979,0.0024591399973336293,0.0066085331808780545,-0.0048269381253235565,0.031643640441132125,0.007538369299854642,-3289.503656277946,True
11,stress,10066,corridor_barrier_nmpc,123.5,0.10456399593933563,0.023889846806347394,3.1446150278181864,0.10383863837202996,0.026111296855759747,3.1389707233662962,0.20480766634579267,-0.0017167871093750064,-0.14558137329101561,0.13480766634579266,0.2748076663457927,-0.08,0.08,-0.10024367040645704,0.0256066339157224,3.2901964011092018,Solve_Succeeded,0.03359325003111735,False,403649.7852190941,0.04596902797376272,0.0,False,False,0.5,10,0.015,6214.934115043996,0.0820550940616348,0.8185885049314899,-0.35000000999888975,-0.35000000999910746,-0.35000000999895003,-0.35,0.0,False,False,48162.79400634766,3193.5324170541107,10.82303813896902,0.0008872954537225083,4524.60757845686,0.8553067223387508,0.9882873711081437,1.2051754055603177,1.2398431906970213,0.2359434754068803,1.5,0.005618080174128979,0.0024591399973336293,0.0066085331808780545,-0.0048269381253235565,0.031643640441132125,0.007538369299854642,-3289.503656277946,True
11,stress,10066,corridor_barrier_nmpc,124.0,0.10501333019912056,0.024013983737012676,3.156590998992306,0.09880818690115986,0.022173473228339066,3.156522833782629,0.20381667918858004,-0.001700124511718748,-0.146435625,0.13381667918858003,0.27381667918858005,-0.08,0.08,-0.09880334898945949,0.025714108248731424,3.3030266239923063,Solve_Succeeded,0.03117762500187382,False,622525.9475115293,0.050008492287420186,0.0,False,False,0.5,10,0.015,6360.053220944888,0.08215262051902458,0.8204252416177731,-0.3500000099976864,-0.3500000099991749,-0.3500000099991479,-0.35,0.0,False,False,48034.65624999999,3183.5829661521066,10.789318961421568,0.0009054065558714836,4588.238489960617,0.8553067223387508,0.9882873711081437,1.2051754055603177,1.2398431906970213,0.2359434754068803,1.5,0.005618080174128979,0.0024591399973336293,0.0066085331808780545,-0.0048269381253235565,0.031643640441132125,0.007538369299854642,-3289.503656277946,True
11,stress,10066,corridor_barrier_nmpc,124.5,0.10547533427481344,0.024141016241997743,3.1686297630936835,0.11245845018546897,0.023648121136442057,3.1696459169344444,0.2028299181771225,-0.0016832714843749708,-0.14728149780273436,0.1328299181771225,0.27282991817712254,-0.08,0.08,-0.09735458390230907,0.025824287726372713,3.315911260896418,Solve_Succeeded,0.03347000002395362,False,327377.55284856935,0.03537146799165351,0.0,False,False,0.5,10,0.015,6505.182005018181,0.08224418446017023,0.8222453154183749,-0.35000000999902464,-0.35000000999787306,-0.3500000099980262,-0.35,0.0,False,False,47907.77532958985,3173.738916697176,10.755956994552639,0.0009237042466028576,4652.06033904647,0.8553067223387508,0.9882873711081437,1.2051754055603177,1.2398431906970213,0.2359434754068803,1.5,0.005618080174128979,0.0024591399973336293,0.0066085331808780545,-0.0048269381253235565,0.031643640441132125,0.007538369299854642,-3289.503656277946,True
11,stress,10066,corridor_barrier_nmpc,125.0,0.10595005942678398,0.024270944367431067,3.1807327679332773,0.11819543329827348,0.023726846450495276,3.1746694720010895,0.2018476474455297,-0.0016662280273437857,-0.14811889648437498,0.13184764744552968,0.2718476474455297,-0.08,0.08,-0.0958975880187457,0.025937172394774853,3.3288516644176522,Solve_Succeeded,0.031405750021804124,False,237601.64815344135,0.02871046578857976,0.0,False,False,0.5,10,0.015,6650.240338352292,0.08232974298002636,0.8240484753833285,-0.3500000099989752,-0.35000000999888975,-0.350000009998786,-0.35,0.0,False,False,47782.16552734375,3164.0011859617425,10.722955347043506,0.0009421828493769073,4716.050794479467,0.8553067223387508,0.9882873711081437,1.2051754055603177,1.2398431906970213,0.2359434754068803,1.5,0.005618080174128979,0.0024591399973336293,0.0066085331808780545,-0.0048269381253235565,0.031643640441132125,0.007538369299854642,-3289.503656277946,True
11,stress,10066,corridor_barrier_nmpc,125.5,0.10643755121159476,0.024403766558627995,3.192901460944758,0.1074476257950015,0.027900651097475214,3.1853747323752812,0.20087013112791136,-0.0016489941406250264,-0.14894772583007815,0.13087013112791135,0.27087013112791136,-0.08,0.08,-0.0944325799163166,0.02605276069925302,3.341849186774836,Solve_Succeeded,0.03597283299313858,False,228154.96848781477,0.03842250533290986,0.0,False,False,0.5,10,0.015,6795.146419368764,0.08240925479040248,0.8258344705001837,-0.350000009998566,-0.3500000099976864,-0.3500000099978185,-0.35,0.0,False,False,47657.84112548828,3154.3706899542217,10.69031712329166,0.0009608363382038705,4780.186941161704,0.8553067223387508,0.9882873711081437,1.2051754055603177,1.2398431906970213,0.2359434754068803,1.5,0.005618080174128979,0.0024591399973336293,0.0066085331808780545,-0.0048269381253235565,0.031643640441132125,0.007538369299854642,-3289.503656277946,True
11,stress,10066,corridor_barrier_nmpc,126.0,0.10693784931016866,0.024539479626916744,3.2051372883757843,0.10654835079663273,0.02810129165143667,3.1981546632985554,0.19989763335837718,-0.0016315698242187482,-0.149767890625,0.12989763335837717,0.2698976333583772,-0.08,0.08,-0.09295978404820852,0.026171049451135492,3.3549051790007844,Solve_Succeeded,0.03535779099911451,False,217811.35164914752,0.038349282561744455,0.0,False,False,0.5,10,0.015,6939.816832069093,0.08248268026718802,0.8276030497155658,-0.35000000999590863,-0.35000000999902464,-0.35000000999887976,-0.35,0.0,False,False,47534.81640625,3144.848343427045,10.658045423437997,0.0009796583331337164,4844.445285745788,0.8553067223387508,0.9882873711081437,1.2051754055603177,1.2398431906970213,0.2359434754068803,1.5,0.005618080174128979,0.0024591399973336293,0.0066085331808780545,-0.0048269381253235565,0.031643640441132125,0.007538369299854642,-3289.503656277946,True
11,stress,10066,corridor_barrier_nmpc,126.5,0.10745098735843003,0.024678078717636193,3.2174416944629853,0.10348889573037867,0.02157891067948952,3.202829990495793,0.19893041827103683,-0.0016139550781250067,-0.1505792956542969,0.12893041827103682,0.2689304182710368,-0.08,0.08,-0.0914794309126068,0.0262920337957612,3.3680209901172824,Solve_Succeeded,0.031147125002462417,False,444000.0823165937,0.04044152254065814,0.0,False,False,0.5,10,0.015,7084.166608117501,0.08254998149680652,0.8293539619569262,-0.35000000999917835,-0.3500000099989752,-0.3500000099989637,-0.35,0.0,False,False,47413.10565185547,3135.4350598845976,10.626143343393725,0.0009986420961594356,4908.801762949193,0.8553067223387508,0.9882873711081437,1.2051754055603177,1.2398431906970213,0.2359434754068803,1.5,0.005618080174128979,0.0024591399973336293,0.0066085331808780545,-0.0048269381253235565,0.031643640441132125,0.007538369299854642,-3289.503656277946,True
11,stress,10066,corridor_barrier_nmpc,127.0,0.10797699278073529,0.02481955727938175,3.229816120591253,0.11025972191415434,0.026776536255158127,3.2295546711879006,0.19796875000000003,-0.0015961499023437464,-0.15138184570312502,0.12796875000000002,0.26796875000000003,-0.08,0.08,-0.08999175721926474,0.026415707181725496,3.381197966294378,Solve_Succeeded,0.03592208301415667,False,179577.86261323938,0.03270902808584569,0.0,False,False,0.5,10,0.015,7228.109292732866,0.08261112232181608,0.8310869561544854,-0.35000000999860226,-0.350000009998566,-0.3500000099986138,-0.35,0.0,False,False,47292.72314453125,3126.131751591069,10.594613974866968,0.0010177805275592455,4973.23174257661,0.8553067223387508,0.9882873711081437,1.2051754055603177,1.2398431906970213,0.2359434754068803,1.5,0.005618080174128979,0.0024591399973336293,0.0066085331808780545,-0.0048269381253235565,0.031643640441132125,0.007538369299854642,-3289.503656277946,True
11,stress,10066,corridor_barrier_nmpc,127.5,0.10851588662641141,0.024963907034575034,3.242262004437987,0.11351305113449826,0.023026652863465818,3.2431906292198844,0.19701289267937644,-0.0015781542968750228,-0.15217544555664064,0.12701289267937643,0.26701289267937645,-0.08,0.08,-0.08849700605296502,0.026542061331450057,3.3944374499946277,Solve_Succeeded,0.03183412499492988,False,225857.67537679884,0.028499841544878182,0.0,False,False,0.5,10,0.015,7371.557014353168,0.08266606838557222,0.832801781263368,-0.3500000099990179,-0.35000000999590863,-0.3500000099962336,-0.35,0.0,False,False,47173.683166503906,3116.9393295782206,10.563460405389087,0.0010370661627031458,5037.710037256481,0.8553067223387508,0.9882873711081437,1.2051754055603177,1.2398431906970213,0.2359434754068803,1.5,0.005618080174128979,0.0024591399973336293,0.0066085331808780545,-0.0048269381253235565,0.031643640441132125,0.007538369299854642,-3289.503656277946,True
11,stress,10066,corridor_barrier_nmpc,128.0,0.10906768340972375,0.025111117951432324,3.2547807791029766,0.11793445217278616,0.023008744819180926,3.255505311583347,0.19606311044327573,-0.0015599682617187804,-0.15296000000000004,0.12606311044327573,0.26606311044327574,-0.08,0.08,-0.08699542703355198,0.026671086213151105,3.407740779102977,Solve_Succeeded,0.03245270799379796,False,167555.18511172463,0.02370470314954229,0.0,False,False,0.5,10,0.015,7514.420558026197,0.08271478717586808,0.8344981862859295,-0.3500000099989685,-0.35000000999917835,-0.3500000099988246,-0.35,0.0,False,False,47055.99999999999,3107.8587036530726,10.532685718340742,0.001056491169349238,5102.21091089722,0.8553067223387508,0.9882873711081437,1.2051754055603177,1.2398431906970213,0.2359434754068803,1.5,0.005618080174128979,0.0024591399973336293,0.0066085331808780545,-0.0048269381253235565,0.031643640441132125,0.007538369299854642,-3289.503656277946,True
11,stress,10066,corridor_barrier_nmpc,128.5,0.10963239095359588,0.02526117821740578,3.26737387222463,0.1094840506981048,0.027080326469573597,3.2732770280874157,0.1951196674258077,-0.0015415917968749637,-0.15373541381835942,0.12511966742580768,0.2651196674258077,-0.08,0.08,-0.08548727647221181,0.026802770014280743,3.4211092860429893,Solve_Succeeded,0.03522266598884016,False,142052.49469860242,0.030635616727702875,0.0,False,False,0.5,10,0.015,7656.60944247013,0.082757248067468,0.8361759202942732,-0.3500000099984286,-0.35000000999860226,-0.35000000999862896,-0.35,0.0,False,False,46939.687927246094,3098.8907824055045,10.502292992977637,0.001076047345455115,5166.708087867533,0.8553067223387508,0.9882873711081437,1.2051754055603177,1.2398431906970213,0.2359434754068803,1.5,0.005618080174128979,0.0024591399973336293,0.0066085331808780545,-0.0048269381253235565,0.031643640441132125,0.007538369299854642,-3289.503656277946,True
11,stress,10066,corridor_barrier_nmpc,129.0,0.11021001023740583,0.025414074214170274,3.2800427050833143,0.11349318267046918,0.023586944434573456,3.2800382879814647,0.19418282776108192,-0.0015230249023436837,-0.154501591796875,0.12418282776108192,0.26418282776108193,-0.08,0.08,-0.0839728175236761,0.026937099116513957,3.434544296880189,Solve_Succeeded,0.032249582989607006,False,167064.36853001307,0.02568964509061275,0.0,False,False,0.5,10,0.015,7798.032000738245,0.08279342236344991,0.8378347324529601,-0.3500000099989126,-0.3500000099990179,-0.3500000099989712,-0.35,0.0,False,False,46824.76123046875,3090.036473215777,10.472285304456019,0.0010957261175294864,5231.174762904775,0.8553067223387508,0.9882873711081437,1.2051754055603177,1.2398431906970213,0.2359434754068803,1.5,0.005618080174128979,0.0024591399973336293,0.0066085331808780545,-0.0048269381253235565,0.031643640441132125,0.007538369299854642,-3289.503656277946,True
11,stress,10066,corridor_barrier_nmpc,129.5,0.1108005352491829,0.02556979049422731,3.2927886916925915,0.10705950878524377,0.02314376052931969,3.2975800692809987,0.19325285558320815,-0.001504267578124996,-0.1552584387207031,0.12325285558320814,0.26325285558320816,-0.08,0.08,-0.08245232033402525,0.027074058072352306,3.4480471304132947,Solve_Succeeded,0.0322715409565717,False,229063.18153752177,0.031193346797964386,0.0,False,False,0.5,10,0.015,7938.59546441147,0.08282328333527217,0.8394743720419061,-0.3500000099990091,-0.3500000099989685,-0.35000000999896885,-0.35,0.0,False,False,46711.23419189453,3081.2966822619824,10.442665723857933,0.001115518539548904,5295.5836117540575,0.8553067223387508,0.9882873711081437,1.2051754055603177,1.2398431906970213,0.2359434754068803,1.5,0.005618080174128979,0.0024591399973336293,0.0066085331808780545,-0.0048269381253235565,0.031643640441132125,0.007538369299854642,-3289.503656277946,True
11,stress,10066,corridor_barrier_nmpc,130.0,0.11140395284252953,0.02572830975919597,3.305613237879177,0.11622094317425131,0.026898350193274495,3.309691218458935,0.19233001502629604,-0.0014853198242187893,-0.156005859375,0.12233001502629604,0.26233001502629605,-0.08,0.08,-0.08092606218376651,0.02721362958341476,3.461619097254177,Solve_Succeeded,0.03521649999311194,False,66081.28840026254,0.021109071852044733,0.0,False,False,0.5,10,0.015,8078.206051232863,0.08284680626148111,0.8410945884794722,-0.3500000099942346,-0.3500000099984286,-0.3500000099984935,-0.35,0.0,False,False,46599.12109375,3072.6723145274013,10.413437318216143,0.0011354152924641682,5359.90680254018,0.8553067223387508,0.9882873711081437,1.2051754055603177,1.2398431906970213,0.2359434754068803,1.5,0.005618080174128979,0.0024591399973336293,0.0066085331808780545,-0.0048269381253235565,0.031643640441132125,0.007538369299854642,-3289.503656277946,True
11,stress,10066,corridor_barrier_nmpc,130.5,0.11202024259859103,0.02588961283985905,3.3185177403524837,0.1109624571357292,0.02622498779843824,3.3081343169978585,0.1914145702244553,-0.0014661816406250083,-0.1567437585449219,0.12141457022445529,0.2614145702244553,-0.08,0.08,-0.07939432762586426,0.027355794480484058,3.4752614988974058,Solve_Succeeded,0.03552583302371204,False,101497.86047708993,0.025452113088726094,0.0,False,False,0.5,10,0.015,8216.76905608872,0.08286396846497622,0.8426951313457428,-0.3500000099983546,-0.3500000099989126,-0.35000000999886227,-0.35,0.0,False,False,46488.43621826172,3064.164273807798,10.384603150538863,0.0011554066843205667,5424.116007873747,0.8553067223387508,0.9882873711081437,1.2051754055603177,1.2398431906970213,0.2359434754068803,1.5,0.005618080174128979,0.0024591399973336293,0.0066085331808780545,-0.0048269381253235565,0.031643640441132125,0.007538369299854642,-3289.503656277946,True
11,stress,10066,corridor_barrier_nmpc,131.0,0.1126493766933946,0.02605367867803063,3.331503585764644,0.11467672553558801,0.022119026156865732,3.32005106878154,0.19050678531179568,-0.001446853027343764,-0.157472041015625,0.12050678531179568,0.2605067853117957,-0.08,0.08,-0.07785740861840108,0.027500531705374393,3.488975626780269,Solve_Succeeded,0.03252187499310821,False,140627.06744228402,0.021691255574461943,0.0,False,False,0.5,10,0.015,8354.188945229776,0.08287474934875039,0.844275750405994,-0.35000000999899744,-0.3500000099990091,-0.35000000999899145,-0.35,0.0,False,False,46379.19384765625,3055.7734627186314,10.356166279834195,0.0011754826510155284,5488.182417691421,0.8553067223387508,0.9882873711081437,1.2051754055603177,1.2398431906970213,0.2359434754068803,1.5,0.005618080174128979,0.0024591399973336293,0.0066085331808780545,-0.0048269381253235565,0.031643640441132125,0.007538369299854642,-3289.503656277946,True
11,stress,10066,corridor_barrier_nmpc,131.5,0.11329131977087623,0.02622048431030914,3.344572149761935,0.10675454186915502,0.031094741802580407,3.3467525571899404,0.18960692442242677,-0.001427333984375001,-0.15819061157226566,0.11960692442242676,0.2596069244224268,-0.08,0.08,-0.07631560465155054,0.027647818294684143,3.5027627613342007,Solve_Succeeded,0.03755699994508177,False,65402.07015857206,0.027852382553271757,0.0,False,False,0.5,10,0.015,8490.369453617972,0.08287913043002408,0.8458361956343506,-0.35000000999501607,-0.3500000099942346,-0.350000009994806,-0.35,0.0,False,False,46271.408264160156,3047.5007827021896,10.328129761134306,0.0011956327577167755,5552.076752830086,0.8553067223387508,0.9882873711081437,1.2051754055603177,1.2398431906970213,0.2359434754068803,1.5,0.005618080174128979,0.0024591399973336293,0.0066085331808780545,-0.0048269381253235565,0.031643640441132125,0.007538369299854642,-3289.503656277946,True
11,stress,10066,corridor_barrier_nmpc,132.0,0.11394602882191061,0.026390004853777717,3.3577247960285708,0.10861565937995961,0.024075857885240567,3.352533510226126,0.18871525169045833,-0.0014076245117187192,-0.158899375,0.11871525169045832,0.25871525169045834,-0.08,0.08,-0.07476922286854772,0.027797629365496436,3.5166241710285706,Solve_Succeeded,0.03422729199519381,False,126448.39920579144,0.025099592310498728,0.0,False,False,0.5,10,0.015,8625.213685273413,0.08287709537269346,0.8473762172376315,-0.35000000999875963,-0.3500000099983546,-0.3500000099979283,-0.35,0.0,False,False,46165.09375,3039.3471340346637,10.300496645519406,0.001215846200963269,5615.769279333324,0.8553067223387508,0.9882873711081437,1.2051754055603177,1.2398431906970213,0.2359434754068803,1.5,0.005618080174128979,0.0024591399973336293,0.0066085331808780545,-0.0048269381253235565,0.031643640441132125,0.007538369299854642,-3289.503656277946,True
11,stress,10066,corridor_barrier_nmpc,132.5,0.11461345306965526,0.026562213493710986,3.370962875323842,0.11508685460715623,0.025884248462165253,3.3783569534546865,0.18783203125000003,-0.001387724609374974,-0.15959823608398438,0.11783203125000002,0.25783203125000004,-0.08,0.08,-0.07321857818034477,0.02794993810308596,3.530561111407826,Solve_Succeeded,0.03592633397784084,False,48587.522387812714,0.017745176642843807,0.0,False,False,0.5,10,0.015,8758.62421648721,0.08286863001801349,0.8488955656793845,-0.3500000099978082,-0.35000000999899744,-0.350000009998869,-0.35,0.0,False,False,46060.264587402344,3031.31341583313,10.273269980141405,0.0012361118114705173,5679.229823487924,0.8553067223387508,0.9882873711081437,1.2051754055603177,1.2398431906970213,0.2359434754068803,1.5,0.005618080174128979,0.0024591399973336293,0.0066085331808780545,-0.0048269381253235565,0.031643640441132125,0.007538369299854642,-3289.503656277946,True
11,stress,10066,corridor_barrier_nmpc,133.0,0.11529353386151457,0.02673708147334488,3.3842877245136287,0.12187068422130105,0.030499788810417566,3.3890111583931355,0.1869575272351615,-0.0013676342773437655,-0.16028709960937498,0.11695752723516151,0.2569575272351615,-0.08,0.08,-0.07166399337364694,0.028104715750688646,3.5445748241230035,Solve_Succeeded,0.034227458003442734,False,7451.610145530363,0.010086843013860466,0.0,True,False,0.5,10,0.015,8890.503201756808,0.08285372241343934,0.850393991704108,-0.3500000099639619,-0.35000000999501607,-0.3500000099954789,-0.35,0.0,False,False,45956.93505859375,3023.4005260624763,10.246452808247394,0.0012564180576608965,5742.427787587346,0.8553067223387508,0.9882873711081437,1.2051754055603177,1.2398431906970213,0.2359434754068803,1.5,0.005618080174128979,0.0024591399973336293,0.0066085331808780545,-0.0048269381253235565,0.031643640441132125,0.007538369299854642,-3289.503656277946,True
11,stress,10066,corridor_barrier_nmpc,133.5,0.11598620456802436,0.02691457808576301,3.397700665597326,0.11877391281065663,0.02240300776986571,3.3990912960496744,0.1860920037800526,-0.0013473535156250382,-0.16096587036132814,0.1160920037800526,0.2560920037800526,-0.08,0.08,-0.07010579921202825,0.028261931601388048,3.558666535958654,Solve_Succeeded,0.034026874986011535,False,59681.77007918396,0.014186731761742094,0.0,False,False,0.5,10,0.015,9020.752482291091,0.0828323628395509,0.8518712463616613,-0.3500000099987263,-0.35000000999875963,-0.3500000099983655,-0.35,0.0,False,False,45855.11944580078,3015.6093615422524,10.22004816920285,0.0012767530499386364,5805.332166418015,0.8553067223387508,0.9882873711081437,1.2051754055603177,1.2398431906970213,0.2359434754068803,1.5,0.005618080174128979,0.0024591399973336293,0.0066085331808780545,-0.0048269381253235565,0.031643640441132125,0.007538369299854642,-3289.503656277946,False
11,stress,10066,corridor_barrier_nmpc,134.0,0.11669139048895003,0.027094670667950186,3.4112030047312536,0.11354021015561984,0.02846793502250012,3.420552644618052,0.18523572501878288,-0.0013268823242187366,-0.16163445312500002,0.11523572501878288,0.2552357250187829,-0.08,0.08,-0.06854433452983286,0.028421552992168923,3.5728374578562536,Solve_Succeeded,0.03758383297827095,False,25262.213324738696,0.01669551486316305,0.0,False,False,0.5,10,0.015,9149.273696924325,0.08280454383498728,0.8533270810318607,-0.35000000999317993,-0.3500000099978082,-0.35000000999787517,-0.35,0.0,False,False,45754.83203125,3007.9408179534475,10.194059098514616,0.0012971045457280984,5867.911564463705,0.8553067223387508,0.9882873711081437,1.2051754055603177,1.2398431906970213,0.2359434754068803,1.5,0.005618080174128979,0.0024591399973336293,0.0066085331808780545,-0.0048269381253235565,0.031643640441132125,0.007538369299854642,-3289.503656277946,False
11,stress,10066,corridor_barrier_nmpc,134.5,0.11740900876688486,0.027277324597060355,3.4247960312496475,0.10548190450039767,0.02537521131915074,3.4305481401953677,0.1843889550854621,-0.0013062207031249717,-0.16229275268554688,0.1143889550854621,0.2543889550854621,-0.08,0.08,-0.06697994631857725,0.028583545300185326,3.5870887839351946,Solve_Succeeded,0.036522624955978245,False,82358.95566590456,0.02390705058506444,0.0,False,False,0.5,10,0.015,9275.96839526926,0.08277026021932063,0.8547612474492646,-0.3500000099951991,-0.3500000099639619,-0.35000000996803604,-0.35,0.0,False,False,45656.087097167976,3000.3957898452063,10.168488627853662,0.0013174599552926963,5930.134213822234,0.8553067223387508,0.9882873711081437,1.2051754055603177,1.2398431906970213,0.2359434754068803,1.5,0.005618080174128979,0.0024591399973336293,0.0066085331808780545,-0.0048269381253235565,0.031643640441132125,0.007538369299854642,-3289.503656277946,False
11,stress,10066,corridor_barrier_nmpc,135.0,0.11813896830862615,0.027462503288942834,3.4384810166843502,0.11552564489855636,0.028643245305549132,3.443724687766758,0.1835519581141999,-0.0012853686523437435,-0.162940673828125,0.11355195811419988,0.2535519581141999,-0.08,0.08,-0.06541298980557374,0.028747871941286578,3.6014216905124754,Solve_Succeeded,0.03503654099768028,False,14049.764717201924,0.013026313215643529,0.0,False,False,0.5,10,0.015,9400.738152932037,0.08272950911380077,0.856173497728144,-0.3500000099876366,-0.3500000099987263,-0.3500000099950394,-0.35,0.0,False,False,45558.89892578125,2992.97517064147,10.143339785077583,0.0013378063483506042,5991.967992827981,0.8553067223387508,0.9882873711081437,1.2051754055603177,1.2398431906970213,0.2359434754068803,1.5,0.005618080174128979,0.0024591399973336293,0.0066085331808780545,-0.0048269381253235565,0.031643640441132125,0.007538369299854642,-3289.503656277946,False
11,stress,10066,corridor_barrier_nmpc,135.5,0.11888116971459801,0.027650168198967193,3.45225921378434,0.11374377156923056,0.02463382925365701,3.448125610733469,0.18272499823910593,-0.0012643261718749965,-0.16357812133789063,0.11272499823910592,0.25272499823910594,-0.08,0.08,-0.06384382852450791,0.02891449437084219,3.615837335122231,Solve_Succeeded,0.035674583981744945,False,33395.97602583153,0.013981226669875377,0.0,False,False,0.5,10,0.015,9523.484688603414,0.08268228995990534,0.8575635843876396,-0.350000009997711,-0.35000000999317993,-0.3500000099934033,-0.35,0.0,False,False,45463.281799316406,2985.6798526475577,10.118615594252912,0.001358130461501911,6053.380445372719,0.8553067223387508,0.9882873711081437,1.2051754055603177,1.2398431906970213,0.2359434754068803,1.5,0.005618080174128979,0.0024591399973336293,0.0066085331808780545,-0.0048269381253235565,0.031643640441132125,0.007538369299854642,-3289.503656277946,False
11,stress,10066,corridor_barrier_nmpc,136.0,0.11963550521658005,0.027840278825183314,3.4661318555362555,0.12183213855871552,0.031303651215102216,3.4649965358407018,0.18190833959429,-0.0012430932617187862,-0.164205,0.11190833959429,0.25190833959429004,-0.08,0.08,-0.06227283437770996,0.0290833720869021,3.6303368555362554,Solve_Succeeded,0.031619957997463644,False,2758.809562939913,0.0050762010355744625,0.0,False,False,0.5,10,0.015,9644.109982834681,0.08262860453563216,0.8589312603771045,-0.35000000909722706,-0.3500000099951991,-0.3500000099949834,-0.35,0.0,False,False,45369.25,2978.5107270566778,10.094319075677182,0.0013784187064805322,6114.338800916938,0.8553067223387508,0.9882873711081437,1.2051754055603177,1.2398431906970213,0.2359434754068803,1.5,0.005618080174128979,0.0024591399973336293,0.0066085331808780545,-0.0048269381253235565,0.031643640441132125,0.007538369299854642,-3289.503656277946,False
11,stress,10066,corridor_barrier_nmpc,136.5,0.12040185862399026,0.02803279271384947,3.4801001541870935,0.12039169299220459,0.031919628949506354,3.4868839722488807,0.1811022463138618,-0.0012216699218750016,-0.1648212145996094,0.11110224631386179,0.2511022463138618,-0.08,0.08,-0.06070038768987153,0.02925446263572447,3.644921368786703,Solve_Succeeded,0.03167045902227983,False,3000.8122535368907,0.005710553321657208,0.0,False,False,0.5,10,0.015,9762.51639829832,0.0825684569694746,0.8602762791016343,-0.35000000913913226,-0.3500000099876366,-0.35000000998851916,-0.35,0.0,False,False,45276.817810058594,2971.468683956373,10.07045324590077,0.001398657179242394,6174.809995182226,0.8553067223387508,0.9882873711081437,1.2051754055603177,1.2398431906970213,0.2359434754068803,1.5,0.005618080174128979,0.0024591399973336293,0.0066085331808780545,-0.0048269381253235565,0.031643640441132125,0.007538369299854642,-3289.503656277946,False
11,stress,10066,corridor_barrier_nmpc,137.0,0.12118010527895937,0.028227665467357086,3.494165300270272,0.12300488564656144,0.02662136528627823,3.4952745103369462,0.18030698253193092,-0.0012000561523436981,-0.165426669921875,0.11030698253193091,0.25030698253193095,-0.08,0.08,-0.059126877252971555,0.029427721619700784,3.659591970192147,Solve_Succeeded,0.0322385830222629,False,2207.7152048754992,0.0023020968853694618,0.0,True,False,0.5,10,0.015,9878.606801328873,0.08250185375202315,0.86159839444778,-0.35000000955283544,-0.350000009997711,-0.3500000099966068,-0.35,0.0,False,False,45185.99951171875,2964.5546123349086,10.047021117748553,0.0014188316698999152,6234.760691515401,0.8553067223387508,0.9882873711081437,1.2051754055603177,1.2398431906970213,0.2359434754068803,1.5,0.005618080174128979,0.0024591399973336293,0.0066085331808780545,-0.0048269381253235565,0.031643640441132125,0.007538369299854642,-3289.503656277946,False
11,stress,10066,corridor_barrier_nmpc,137.5,0.12197011202042154,0.028424850754576878,3.5083284616362596,0.12471684585547277,0.026387179753108548,3.5242894517954695,0.1795228123826071,-0.0011782519531250424,-0.1660212707519531,0.10952281238260708,0.2495228123826071,-0.08,0.08,-0.057552700362185544,0.02960310270770192,3.6743497323882126,Solve_Succeeded,0.029115958022885025,False,1943.7891035541716,0.0,0.0,False,False,0.5,10,0.015,9992.28468453224,0.08242880374514015,0.862897360809448,-0.3500000093204425,-0.35000000909722706,-0.3500000092052727,-0.35,0.0,False,False,45096.80938720703,2957.7694000875917,10.024025700341314,0.0014389276735108458,6294.157302913504,0.8553067223387508,0.9882873711081437,1.2051754055603177,1.2398431906970213,0.2359434754068803,1.5,0.005618080174128979,0.0024591399973336293,0.0066085331808780545,-0.0048269381253235565,0.031643640441132125,0.007538369299854642,-3289.503656277946,False
11,stress,10066,corridor_barrier_nmpc,138.0,0.1227717371574339,0.028624300323646767,3.5225907824889906,0.12367997984499826,0.02581025902979655,3.5334456664129648,0.17875000000000002,-0.0011562573242187568,-0.16660492187500003,0.10875000000000001,0.24875000000000003,-0.08,0.08,-0.055978262842566115,0.029780557647865524,3.6891957043639905,Solve_Succeeded,0.029148333007469773,False,1962.7501167576943,7.002015500175152e-05,0.0,True,False,0.5,10,0.015,10103.45429024743,0.08234931818865829,0.8641729331139841,-0.3500000093433018,-0.35000000913913226,-0.35000000914707796,-0.35,0.0,False,False,45009.26171875,2951.1139340230284,10.001469999116953,0.0014589304017277496,6352.966014698601,0.8553067223387508,0.9882873711081437,1.2051754055603177,1.2398431906970213,0.2359434754068803,1.5,0.005618080174128979,0.0024591399973336293,0.0066085331808780545,-0.0048269381253235565,0.031643640441132125,0.007538369299854642,-3289.503656277946,False
11,stress,10066,corridor_barrier_nmpc,138.5,0.12358483045192348,0.028825964017217667,3.53695338242929,0.12180769791086421,0.029990315998039804,3.5472079926436906,0.1779888095182194,-0.0011340722656249524,-0.16717752807617187,0.1079888095182194,0.24798880951821942,-0.08,0.08,-0.05440397906629593,0.02996003628284262,3.704130910505462,Solve_Succeeded,0.030315082985907793,False,1942.849966602067,0.0011811116073551925,0.0,False,False,0.5,10,0.015,10212.020734639607,0.08226341070455705,0.8654248668484424,-0.35000000912948226,-0.35000000955283544,-0.3500000095040904,-0.35,0.0,False,False,44923.37078857422,2944.589099869325,9.979357015851507,0.0014788247953123684,6411.152807830286,0.8553067223387508,0.9882873711081437,1.2051754055603177,1.2398431906970213,0.2359434754068803,1.5,0.005618080174128979,0.0024591399973336293,0.0066085331808780545,-0.0048269381253235565,0.031643640441132125,0.007538369299854642,-3289.503656277946,False
11,stress,10066,corridor_barrier_nmpc,139.0,0.12440923311104626,0.029029789790168816,3.551417355506538,0.13005087992064948,0.029996766740406845,3.562131258418692,0.17723950507137493,-0.0011116967773437958,-0.167738994140625,0.10723950507137492,0.24723950507137493,-0.08,0.08,-0.05283027196032866,0.030141486567512612,3.7191563496471627,Solve_Succeeded,0.029187624983023852,False,1845.7340468425741,0.0,0.0,False,False,0.5,10,0.015,10317.890132199207,0.08217109729857526,0.8666529180860374,-0.35000000768292927,-0.3500000093204425,-0.35000000934250475,-0.35,0.0,False,False,44839.15087890625,2938.19578228022,9.957689748679924,0.001498595537517039,6468.683482843121,0.8553067223387508,0.9882873711081437,1.2051754055603177,1.2398431906970213,0.2359434754068803,1.5,0.005618080174128979,0.0024591399973336293,0.0066085331808780545,-0.0048269381253235565,0.031643640441132125,0.007538369299854642,-3289.503656277946,False
11,stress,10066,corridor_barrier_nmpc,139.5,0.12524477778932827,0.029235723729799826,3.565983769279813,0.12848081426107114,0.03294952062014392,3.5724837526618995,0.1765023507935763,-0.0010891308593750093,-0.16828922485351566,0.10650235079357628,0.2465023507935763,-0.08,0.08,-0.05125757300424802,0.030324854589174836,3.7342729941333284,Solve_Succeeded,0.028661250020377338,False,1821.403966405578,0.0,0.0,False,False,0.5,10,0.015,10420.969720418445,0.08207239635922216,0.867856843512781,-0.35000000885744387,-0.3500000093433018,-0.350000009343206,-0.35,0.0,False,False,44756.616271972656,2931.934864841167,9.93647119211668,0.001518227068333172,6525.523684395543,0.8553067223387508,0.9882873711081437,1.2051754055603177,1.2398431906970213,0.2359434754068803,1.5,0.005618080174128979,0.0024591399973336293,0.0066085331808780545,-0.0048269381253235565,0.031643640441132125,0.007538369299854642,-3289.503656277946,False
11,stress,10066,corridor_barrier_nmpc,140.0,0.12609128860074284,0.02944371007850209,3.5806536638897546,0.12374661071068098,0.03277546065721573,3.575162553241193,0.17577761081893314,-0.0010663745117187595,-0.168828125,0.10577761081893314,0.24577761081893315,-0.08,0.08,-0.049686322218190304,0.03051008459022085,3.7494817888897547,Solve_Succeeded,0.029779915988910943,False,1849.3329528323973,0.0,0.0,False,False,0.5,10,0.015,10521.167984413642,0.081967328654153,0.8690364004543025,-0.35000000888041727,-0.35000000912948226,-0.35000000915515767,-0.35,0.0,False,False,44675.78125,2925.80723007535,9.91570433707618,0.0015377035996045419,6581.638926416099,0.8553067223387508,0.9882873711081437,1.2051754055603177,1.2398431906970213,0.2359434754068803,1.5,0.005618080174128979,0.0024591399973336293,0.0066085331808780545,-0.0048269381253235565,0.031643640441132125,0.007538369299854642,-3289.503656277946,False
11,stress,10066,corridor_barrier_nmpc,140.5,0.12694858114086305,0.0296536912589075,3.5954280511423784,0.11570188275289399,0.030252124786429784,3.5920687557325066,0.1750655492815552,-0.001043427734374991,-0.16935559936523442,0.1050655492815552,0.24506554928155522,-0.08,0.08,-0.04811696814069216,0.03069711899328249,3.7647836505076127,Solve_Succeeded,0.03226691600866616,False,2574.1223262394637,0.004363666528661214,0.0,False,False,0.5,10,0.015,10618.394781259487,0.08185591732388046,0.8701913469028518,-0.35000000960791194,-0.35000000768292927,-0.35000000785979324,-0.35,0.0,False,False,44596.660095214844,2919.813759449646,9.895392170892935,0.0015570091310008125,6636.994617832123,0.8553067223387508,0.9882873711081437,1.2051754055603177,1.2398431906970213,0.2359434754068803,1.5,0.005618080174128979,0.0024591399973336293,0.0066085331808780545,-0.0048269381253235565,0.031643640441132125,0.007538369299854642,-3289.503656277946,False
11,stress,10066,corridor_barrier_nmpc,141.0,0.1278164625192107,0.029865607901507853,3.6103079136060865,0.12067899833539866,0.033344069762415204,3.6088807530722926,0.17436643031555224,-0.0010202905273437035,-0.169871552734375,0.10436643031555223,0.24436643031555225,-0.08,0.08,-0.046549967796341546,0.030885898428851557,3.7801794663404613,Solve_Succeeded,0.030278999998699874,False,1879.093251973297,0.0,0.0,False,False,0.5,10,0.015,10712.561463799735,0.08173818787279656,0.8713214415444862,-0.35000000879913884,-0.35000000885744387,-0.3500000087375926,-0.35,0.0,False,False,44519.26708984375,2913.9553333805284,9.875537677341596,0.0015761274668443053,6691.556088865383,0.8553067223387508,0.9882873711081437,1.2051754055603177,1.2398431906970213,0.2359434754068803,1.5,0.005618080174128979,0.0024591399973336293,0.0066085331808780545,-0.0048269381253235565,0.031643640441132125,0.007538369299854642,-3289.503656277946,False
11,stress,10066,corridor_barrier_nmpc,141.5,0.12869473140190732,0.03007939887473362,3.625294203723104,0.132520818207096,0.02921814494148377,3.629141410800882,0.17368051805503382,-0.0009969628906250083,-0.17037588989257813,0.10368051805503381,0.24368051805503382,-0.08,0.08,-0.0449857866531265,0.031076361765358627,3.795670093615682,Solve_Succeeded,0.02965087501797825,False,1864.6740073965948,0.0,0.0,False,False,0.5,10,0.015,10803.581003697678,0.08161416815748523,0.8724264437864387,-0.3500000092342379,-0.35000000888041727,-0.35000000886325927,-0.35,0.0,False,False,44443.61651611328,2908.2328312399127,9.856143836656756,0.0015950422337805156,6745.288617878386,0.8553067223387508,0.9882873711081437,1.2051754055603177,1.2398431906970213,0.2359434754068803,1.5,0.005618080174128979,0.0024591399973336293,0.0066085331808780545,-0.0048269381253235565,0.031643640441132125,0.007538369299854642,-3289.503656277946,False
11,stress,10066,corridor_barrier_nmpc,142.0,0.12958317806471445,0.030295001317475926,3.640387842936567,0.13378941538451855,0.027211075678348864,3.644141882996202,0.17300807663410972,-0.0009734448242187388,-0.170868515625,0.10300807663410971,0.24300807663410973,-0.08,0.08,-0.04342489856939527,0.03126844614169466,3.811256358561567,Solve_Succeeded,0.02927391597768292,False,1891.3420911902506,0.0,0.0,False,False,0.5,10,0.015,10891.368113489842,0.08148388837230977,0.87350611378467,-0.35000000936998005,-0.35000000960791194,-0.3500000095184542,-0.35,0.0,False,False,44369.72265625,2902.64713136095,9.837213625552586,0.0016137368992803953,6798.157458754714,0.8553067223387508,0.9882873711081437,1.2051754055603177,1.2398431906970213,0.2359434754068803,1.5,0.005618080174128979,0.0024591399973336293,0.0066085331808780545,-0.0048269381253235565,0.031643640441132125,0.007538369299854642,-3289.503656277946,False
11,stress,10066,corridor_barrier_nmpc,142.5,0.13048158445653305,0.030512350674031102,3.6555897208344774,0.1327693499053145,0.02761700062115788,3.6576568325799284,0.17234937018688956,-0.000949736328125006,-0.17134933471679686,0.10234937018688955,0.24234937018688957,-0.08,0.08,-0.041867785730356516,0.03146208700215611,3.826939055551274,Solve_Succeeded,0.02910145797068253,False,1897.5854679553463,0.0,0.0,False,False,0.5,10,0.015,10975.839367405959,0.08134738103226409,0.8745602124716015,-0.35000000934473235,-0.35000000879913884,-0.3500000088855527,-0.35,0.0,False,False,44297.59979248047,2897.199111043762,9.818750017242264,0.0016321947909597211,6850.127868795669,0.8553067223387508,0.9882873711081437,1.2051754055603177,1.2398431906970213,0.2359434754068803,1.5,0.005618080174128979,0.0024591399973336293,0.0066085331808780545,-0.0048269381253235565,0.031643640441132125,0.007538369299854642,-3289.503656277946,False
11,stress,10066,corridor_barrier_nmpc,143.0,0.13138972427341342,0.030731380731442257,3.6709006943117344,0.13895887484663005,0.03345743757533769,3.6616942011144773,0.1717046628474831,-0.0009258374023437543,-0.171818251953125,0.10170466284748308,0.2417046628474831,-0.08,0.08,-0.040314938574069675,0.03165721813378601,3.8427189462648594,Solve_Succeeded,0.028513666009530425,False,1807.5837077467127,0.0,0.0,False,False,0.5,10,0.015,11056.913320720188,0.08120468095308209,0.8755885015840311,-0.350000008547769,-0.3500000092342379,-0.35000000919234914,-0.35,0.0,False,False,44227.26220703125,2891.8896465611238,9.800755981457243,0.0016503991166983306,6901.165137115407,0.8553067223387508,0.9882873711081437,1.2051754055603177,1.2398431906970213,0.2359434754068803,1.5,0.005618080174128979,0.0024591399973336293,0.0066085331808780545,-0.0048269381253235565,0.031643640441132125,0.007538369299854642,-3289.503656277946,False
11,stress,10066,corridor_barrier_nmpc,143.5,0.13230736304310853,0.030952023659207788,3.6863215867514256,0.1335560197289689,0.035748594962590675,3.6899686299800525,0.17107421875,-0.0009017480468749839,-0.17227517211914062,0.10107421875,0.24107421875,-0.08,0.08,-0.03876685570689148,0.03185377170608277,3.8585967588705663,Solve_Succeeded,0.027974500029813498,False,1840.58487718022,0.0,0.0,False,False,0.5,10,0.015,11134.510627399337,0.08105582522860362,0.8765907436912289,-0.3500000033908591,-0.35000000936998005,-0.3500000093486406,-0.35,0.0,False,False,44158.724182128906,2886.719613164095,9.783234484466332,0.0016683329855391835,6951.234613515641,0.8553067223387508,0.9882873711081437,1.2051754055603177,1.2398431906970213,0.2359434754068803,1.5,0.005618080174128979,0.0024591399973336293,0.0066085331808780545,-0.0048269381253235565,0.031643640441132125,0.007538369299854642,-3289.503656277946,False
11,stress,10066,corridor_barrier_nmpc,144.0,0.1332342582201849,0.03117421005132203,3.7018531872265608,0.1260955540929453,0.032903913562226925,3.696981372655531,0.17045830202855,-0.0008774682617187501,-0.17271999999999998,0.10045830202855,0.24045830202855,-0.08,0.08,-0.03722404380836511,0.03205167831304078,3.8745731872265607,Solve_Succeeded,0.028533208009321243,False,1895.7997342203737,0.0,0.0,False,False,0.5,10,0.015,11208.554155816617,0.08090085320540114,0.8775667022232162,-0.35000000878072124,-0.35000000934473235,-0.35000000934520187,-0.35,0.0,False,False,44092.0,2881.6898850875914,9.766188489094581,0.00168597942934455,7000.301737820661,0.8553067223387508,0.9882873711081437,1.2051754055603177,1.2398431906970213,0.2359434754068803,1.5,0.005618080174128979,0.0024591399973336293,0.0066085331808780545,-0.0048269381253235565,0.031643640441132125,0.007538369299854642,-3289.503656277946,False
11,stress,10066,corridor_barrier_nmpc,144.5,0.1341701592916861,0.0313978689706087,3.717496249723399,0.13716905632061122,0.03453465998287987,3.709338783109264,0.1698571768172427,-0.0008529980468749976,-0.17315264038085937,0.09985717681724268,0.2398571768172427,-0.08,0.08,-0.035687017525556586,0.0322508670174837,3.8906488901042584,Solve_Succeeded,0.028467374970205128,False,1842.055384655776,0.0,0.0,False,False,0.5,10,0.015,11278.969102302386,0.08073980645467504,0.8785161414992242,-0.35000000798812525,-0.350000008547769,-0.35000000864356745,-0.35,0.0,False,False,44027.103942871094,2876.8013355559106,9.749620954742001,0.001703321425183835,7048.332069652774,0.8553067223387508,0.9882873711081437,1.2051754055603177,1.2398431906970213,0.2359434754068803,1.5,0.005618080174128979,0.0024591399973336293,0.0066085331808780545,-0.0048269381253235565,0.031643640441132125,0.007538369299854642,-3289.503656277946,False
11,stress,10066,corridor_barrier_nmpc,145.0,0.13511480789332472,0.031622927995303245,3.7332514923875073,0.13361731179373906,0.03345478697417015,3.7379444536436996,0.16927110725018785,-0.0008283374023437817,-0.17357299804687498,0.09927110725018784,0.23927110725018785,-0.08,0.08,-0.03415629935686312,0.032451265397647026,3.9068244904343823,Solve_Succeeded,0.028417666966561228,False,1883.6140077781652,0.0,0.0,False,False,0.5,10,0.015,11345.68310230683,0.08057272874143216,0.8794388267563331,-0.35000000851757185,-0.3500000033908591,-0.35000000402188536,-0.35,0.0,False,False,43964.05029296875,2872.054836788207,9.733534837402127,0.0017203419184247378,7095.291318627571,0.8553067223387508,0.9882873711081437,1.2051754055603177,1.2398431906970213,0.2359434754068803,1.5,0.005618080174128979,0.0024591399973336293,0.0066085331808780545,-0.0048269381253235565,0.031643640441132125,0.007538369299854642,-3289.503656277946,False
11,stress,10066,corridor_barrier_nmpc,145.5,0.13606793793615915,0.03184931326783576,3.749119596793663,0.13221555443328267,0.03133876960148307,3.7457375669814477,0.16870035746149514,-0.0008034863281249915,-0.17398097778320315,0.09870035746149514,0.23870035746149515,-0.08,0.08,-0.03263241952533599,0.03265279959596075,3.923100574576866,Solve_Succeeded,0.029041708970908076,False,1908.0812058258537,0.0,0.0,False,False,0.5,10,0.015,11408.626338953882,0.08039966599096524,0.8803345241782927,-0.3500000072181611,-0.35000000878072124,-0.3500000082090256,-0.35,0.0,False,False,43902.85333251953,2867.45126000391,9.717933089680376,0.0017370238464967033,7141.145374947973,0.8553067223387508,0.9882873711081437,1.2051754055603177,1.2398431906970213,0.2359434754068803,1.5,0.005618080174128979,0.0024591399973336293,0.0066085331808780545,-0.0048269381253235565,0.031643640441132125,0.007538369299854642,-3289.503656277946,False
11,stress,10066,corridor_barrier_nmpc,146.0,0.13702927574369256,0.03207694954576175,3.765101207240684,0.13635744720849202,0.0297232691189459,3.7737176440128324,0.16814519158527425,-0.0007784448242186826,-0.17437648437499997,0.09814519158527424,0.23814519158527425,-0.08,0.08,-0.031115915841581687,0.03285539436998043,3.939477691615684,Solve_Succeeded,0.029601542046293616,False,1923.1654366913112,0.0,0.0,False,False,0.5,10,0.015,11467.731648770237,0.08022066625265747,0.8812030009245224,-0.35000000920603963,-0.35000000798812525,-0.3500000080146628,-0.35,0.0,False,False,43843.52734375,2862.991475428098,9.702818660812255,0.0017533501632927366,7185.860340375176,0.8553067223387508,0.9882873711081437,1.2051754055603177,1.2398431906970213,0.2359434754068803,1.5,0.005618080174128979,0.0024591399973336293,0.0066085331808780545,-0.0048269381253235565,0.031643640441132125,0.007538369299854642,-3289.503656277946,False
11,stress,10066,corridor_barrier_nmpc,146.5,0.13799854019931146,0.03230576025478385,3.7811969300722543,0.1379601339284333,0.027514339708815887,3.7867504986014335,0.16760587375563488,-0.0007532128906250213,-0.17475942260742183,0.09760587375563487,0.23760587375563488,-0.08,0.08,-0.029607333556323417,0.03305897314540887,3.955956352679676,Solve_Succeeded,0.029408875037916005,False,1945.406222921873,0.0,0.0,False,False,0.5,10,0.015,11522.934624379326,0.08003577966114053,0.8820440251592905,-0.3500000094076047,-0.35000000851757185,-0.3500000084571556,-0.35,0.0,False,False,43786.08660888672,2858.67635229682,9.68819449668141,0.0017693038641729553,7229.402559554316,0.8553067223387508,0.9882873711081437,1.2051754055603177,1.2398431906970213,0.2359434754068803,1.5,0.005618080174128979,0.0024591399973336293,0.0066085331808780545,-0.0048269381253235565,0.031643640441132125,0.007538369299854642,-3289.503656277946,False
11,stress,10066,corridor_barrier_nmpc,147.0,0.1389754429039622,0.0325356675438033,3.797407333024762,0.14439180532915044,0.030653361862287464,3.799057584197377,0.16708266810668673,-0.0007277905273437857,-0.175129697265625,0.09708266810668673,0.23708266810668674,-0.08,0.08,-0.028107225202724545,0.033263458071147084,3.972537030290387,Solve_Succeeded,0.029743916995357722,False,1900.4172862225175,0.0,0.0,False,False,0.5,10,0.015,11574.17371395548,0.07984505839483928,0.8828573660810748,-0.3500000090873347,-0.3500000072181611,-0.35000000736700587,-0.35,0.0,False,False,43730.54541015625,2854.506758862366,9.674063539837478,0.0017848680115304058,7271.73865167178,0.8553067223387508,0.9882873711081437,1.2051754055603177,1.2398431906970213,0.2359434754068803,1.5,0.005618080174128979,0.0024591399973336293,0.0066085331808780545,-0.0048269381253235565,0.031643640441132125,0.007538369299854642,-3289.503656277946,False
11,stress,10066,corridor_barrier_nmpc,147.5,0.13995968834394443,0.03276659234193606,3.813732944603165,0.14134500503394484,0.03220370762537203,3.8184669219448524,0.16657583877253945,-0.0007021777343750313,-0.17548721313476562,0.09657583877253945,0.23657583877253946,-0.08,0.08,-0.026616150428595026,0.03346877007631109,3.9892201577379307,Solve_Succeeded,0.028796166996471584,False,1918.6938778941076,0.0,0.0,False,False,0.5,10,0.015,11621.3903172406,0.07964855663194181,0.8836427939521009,-0.35000000864505393,-0.35000000920603963,-0.3500000089851101,-0.35,0.0,False,False,43676.918029785156,2850.4835623984977,9.660428729513812,0.0018000257608769678,7312.835542420651,0.8553067223387508,0.9882873711081437,1.2051754055603177,1.2398431906970213,0.2359434754068803,1.5,0.005618080174128979,0.0024591399973336293,0.0066085331808780545,-0.0048269381253235565,0.031643640441132125,0.007538369299854642,-3289.503656277946,False
11,stress,10066,corridor_barrier_nmpc,148.0,0.1409509740686813,0.03299845441742462,3.830174253485833,0.15104308933825386,0.03318393943037044,3.8176091673310895,0.1660856498873028,-0.0006763745117187581,-0.17583187500000003,0.09608564988730278,0.2360856498873028,-0.08,0.08,-0.0251346758186215,0.03367482892914338,4.006006128485833,Solve_Succeeded,0.028425332973711193,False,1887.639577363999,0.0,0.0,False,False,0.5,10,0.015,11664.528877932395,0.0794463305038377,0.8844000801280599,-0.3500000010916444,-0.3500000094076047,-0.35000000935684894,-0.35,0.0,False,False,43625.21875,2846.6076292056214,9.647293001645018,0.0018147603874044487,7352.660496250032,0.8553067223387508,0.9882873711081437,1.2051754055603177,1.2398431906970213,0.2359434754068803,1.5,0.005618080174128979,0.0024591399973336293,0.0066085331808780545,-0.0048269381253235565,0.031643640441132125,0.007538369299854642,-3289.503656277946,False
11,stress,10066,corridor_barrier_nmpc,148.5,0.1419489908783068,0.03323117243837256,3.8467317079593104,0.14475796170549715,0.03265159428233152,3.8415994115983128,0.16561236558508644,-0.000650380859374966,-0.17616358764648438,0.09561236558508643,0.23561236558508644,-0.08,0.08,-0.023663374706779622,0.03388155329774752,4.022895295605795,Solve_Succeeded,0.028968083031941205,False,1924.0581885839902,0.0,0.0,False,False,0.5,10,0.015,11703.536972261185,0.07923843804607268,0.8851289970880061,-0.35000000821273985,-0.3500000090873347,-0.3500000091197124,-0.35,0.0,False,False,43575.461853027344,2842.879824615921,9.634659288884347,0.0018290553129733252,7391.1811488734575,0.8553067223387508,0.9882873711081437,1.2051754055603177,1.2398431906970213,0.2359434754068803,1.5,0.005618080174128979,0.0024591399973336293,0.0066085331808780545,-0.0048269381253235565,0.031643640441132125,0.007538369299854642,-3289.503656277946,False
11,stress,10066,corridor_barrier_nmpc,149.0,0.14295342302089314,0.0334646640352256,3.8634057153838772,0.14014341272773517,0.031822883013812024,3.8672808222667117,0.16515625,-0.0006241967773437107,-0.176482255859375,0.09515625,0.23515625,-0.08,0.08,-0.02220282697910686,0.03408886081256931,4.039887971243252,Solve_Succeeded,0.028455750027205795,False,1962.6821851187253,0.0,0.0,False,False,0.5,10,0.015,11738.365393580078,0.07902493914687164,0.8858293184644305,-0.3500000087393543,-0.35000000864505393,-0.3500000087020763,-0.35,0.0,False,False,43527.66162109375,2839.3010129984405,9.622530520620925,0.001842894133479024,7428.365540010892,0.8553067223387508,0.9882873711081437,1.2051754055603177,1.2398431906970213,0.2359434754068803,1.5,0.005618080174128979,0.0024591399973336293,0.0066085331808780545,-0.0048269381253235565,0.031643640441132125,0.007538369299854642,-3289.503656277946,False
11,stress,10066,corridor_barrier_nmpc,149.5,0.14396394839912047,0.03369884586491933,3.8801966416907763,0.1401692495288506,0.03693577825833128,3.876267438089783,0.16471756726615328,-0.0005978222656249921,-0.1767877844238281,0.09471756726615327,0.23471756726615328,-0.08,0.08,-0.020753618867032808,0.03429666813054432,4.056984426114604,Solve_Succeeded,0.0285467499634251,False,1959.6640423358438,0.0,0.0,False,False,0.5,10,0.015,11768.96823280196,0.07880589549328801,0.8865008190735161,-0.2599999931005858,-0.3500000010916444,-0.35000000200591225,-0.35,0.0,False,False,43481.83233642579,2835.872057764125,9.61090962299683,0.0018562606465430385,7464.182146338067,0.8553067223387508,0.9882873711081437,1.2051754055603177,1.2398431906970213,0.2359434754068803,1.5,0.005618080174128979,0.0024591399973336293,0.0066085331808780545,-0.0048269381253235565,0.031643640441132125,0.007538369299854642,-3289.503656277946,False
11,stress,10066,corridor_barrier_nmpc,150.0,0.14498023878617577,0.033933633676610474,3.8971048109119093,0.14919853397799784,0.03210682770751277,3.9028499591817054,0.16429658151765592,-0.0005712573242187546,-0.17708007812499998,0.09429658151765591,0.23429658151765592,-0.08,0.08,-0.01931634273148014,0.03450489100082923,4.07418488903691,Solve_Succeeded,0.028969750041142106,False,1966.0469070593201,0.0,0.0,False,False,0.5,10,0.015,11795.302954525756,0.07858137051503997,0.8871432749455687,-0.3500000046777859,-0.35000000821273985,-0.3500000074670919,-0.35,0.0,False,False,43437.98828125,2832.59382137081,9.599799518924007,0.001869138879473889,7498.599914616416,0.8553067223387508,0.9882873711081437,1.2051754055603177,1.2398431906970213,0.2359434754068803,1.5,0.005618080174128979,0.0024591399973336293,0.0066085331808780545,-0.0048269381253235565,0.031643640441132125,0.007538369299854642,-3289.503656277946,False
11,stress,10066,corridor_barrier_nmpc,150.5,0.14600196005064764,0.0341689423789056,3.914130504742774,0.14663168368351245,0.03632141127393128,3.915813950717144,0.1638935568886176,-0.0005445019531249984,-0.17735904174804684,0.09389355688861759,0.2338935568886176,-0.08,0.08,-0.017891596837969953,0.0347134443320306,4.091489546490821,Solve_Succeeded,0.029170084046199918,False,1980.533025293558,0.0,0.0,False,False,0.5,10,0.015,11817.330468703534,0.07835142932610034,0.8877564633556255,-0.2599999904600364,-0.3500000087393543,-0.3500000085865129,-0.35,0.0,False,False,43396.14373779297,2829.467165328174,9.589203128101051,0.00188151311744043,7531.5882949759025,0.8553067223387508,0.9882873711081437,1.2051754055603177,1.2398431906970213,0.2359434754068803,1.5,0.005618080174128979,0.0024591399973336293,0.0066085331808780545,-0.0048269381253235565,0.031643640441132125,0.007538369299854642,-3289.503656277946,False
11,stress,10066,corridor_barrier_nmpc,151.0,0.14702877239016773,0.03440468610849822,3.9312739621393717,0.14840507180265275,0.03425635275055325,3.937784729152397,0.16350875751314803,-0.0005175561523437788,-0.17762458007812498,0.09350875751314802,0.23350875751314804,-0.08,0.08,-0.016479985122980295,0.034922242260842,4.108898542217497,Solve_Succeeded,0.029796125018037856,False,1996.1229569501793,0.0,0.0,False,False,0.5,10,0.015,7238.933845009082,0.05437798661278317,0.8883401628542431,-0.3049371205477385,-0.2599999931005858,-0.270812010249357,-0.270812010249357,0.1583759795012859,False,False,43356.31298828125,2826.4929502026407,9.579123367029817,0.0018933679317979825,7563.117274322619,0.8553067223387508,0.9882873711081437,1.2051754055603177,1.2398431906970213,0.2359434754068803,1.5,0.005618080174128979,0.0024591399973336293,0.0066085331808780545,-0.0048269381253235565,0.031643640441132125,0.007538369299854642,-3289.503656277946,False
11,stress,10066,corridor_barrier_nmpc,151.5,0.14803817088690838,0.03454886636456584,3.94851239982443,0.14565785157905523,0.03394780415048498,3.943653592323008,0.1631424475253569,-0.0004904199218750405,-0.17787659790039062,0.09314244752535689,0.2331424475253569,-0.08,0.08,-0.015104276638448516,0.03503928628644088,4.1263889977248205,Solve_Succeeded,0.028462084010243416,False,2006.5293994361716,0.0,0.0,False,False,0.5,10,0.015,11295.044442463366,0.07502925059457569,0.8888941532984604,-0.35000000499289136,-0.3500000046777859,-0.34048687349537127,-0.34048687349537127,-0.13934972649202848,False,False,43318.510314941406,2823.6720356222395,9.569563149031898,0.0019046882085054706,7593.157409841837,0.8553067223387508,0.9882873711081437,1.2051754055603177,1.2398431906970213,0.2359434754068803,1.5,0.005618080174128979,0.0024591399973336293,0.0066085331808780545,-0.0048269381253235565,0.031643640441132125,0.007538369299854642,-3289.503656277946,False
11,stress,10066,corridor_barrier_nmpc,152.0,0.14903025070459475,0.03477418013127425,3.9658432103996075,0.14068455138518374,0.0360141172939993,3.9702071921770155,0.1627948910593539,-0.0004630932617187278,-0.17811500000000002,0.0927948910593539,0.23279489105935391,-0.08,0.08,-0.013764640354759161,0.03523727339299298,4.1439582103996075,Solve_Succeeded,0.0285828749765642,False,2040.3871742482058,0.0,0.0,False,False,0.5,10,0.015,7157.030397268063,0.053540393171172596,0.8894182158829406,-0.25048686562256356,-0.2599999904600364,-0.2696691616810709,-0.2696691616810709,0.1416354236286007,False,False,43282.75,2821.0052802814257,9.56052538426496,0.0019154591765699468,7621.679862566908,0.8553067223387508,0.9882873711081437,1.2051754055603177,1.2398431906970213,0.2359434754068803,1.5,0.005618080174128979,0.0024591399973336293,0.0066085331808780545,-0.0048269381253235565,0.031643640441132125,0.007538369299854642,-3289.503656277946,False
11,stress,10066,corridor_barrier_nmpc,152.5,0.15000571969152393,0.034916738292529184,3.9832659882616004,0.14654623023137806,0.03457293904382143,3.9962787815509806,0.16246635224924869,-0.0004355761718750073,-0.17833969116210935,0.09246635224924868,0.2324663522492487,-0.08,0.08,-0.012460632557724755,0.03535231446440419,4.16160567942371,Solve_Succeeded,0.028441375005058944,False,2052.021862759955,0.0,0.0,False,False,0.5,10,0.015,8970.82240596702,0.06261478615596328,0.8899121331712881,-0.26386224977249584,-0.3049371205477385,-0.3007002570982184,-0.3007002570982184,-0.062062190834294984,False,False,43249.046325683594,2818.4935419458525,9.55201297973891,0.0019256664364529603,7648.656430983161,0.8553067223387508,0.9882873711081437,1.2051754055603177,1.2398431906970213,0.2359434754068803,1.5,0.005618080174128979,0.0024591399973336293,0.0066085331808780545,-0.0048269381253235565,0.031643640441132125,0.007538369299854642,-3289.503656277946,False
11,stress,10066,corridor_barrier_nmpc,153.0,0.1509558248776459,0.03509558709325766,4.00076911679228,0.14878057829109625,0.03293306916359931,4.00218320728734,0.162157095229151,-0.000407868652343768,-0.17855057617187503,0.092157095229151,0.232157095229151,-0.08,0.08,-0.011201270351505116,0.03550345574560143,4.179319692964155,Solve_Succeeded,0.02868879202287644,False,2053.4960158730173,0.0,0.0,False,False,0.5,10,0.015,11525.772224903754,0.07541272096288401,0.8903756891275432,-0.3500000060605086,-0.35000000499289136,-0.34407745357121244,-0.34407745357121244,-0.08675439294598808,False,False,43217.41357421875,2816.1376774571086,9.544028839331956,0.0019352959883716238,7674.059584635468,0.8553067223387508,0.9882873711081437,1.2051754055603177,1.2398431906970213,0.2359434754068803,1.5,0.005618080174128979,0.0024591399973336293,0.0066085331808780545,-0.0048269381253235565,0.031643640441132125,0.007538369299854642,-3289.503656277946,False
11,stress,10066,corridor_barrier_nmpc,153.5,0.15190396272567547,0.03532553629636154,4.018374444906818,0.15246636079232645,0.03259860160031881,4.013743533693266,0.16186738413317056,-0.0003799707031249544,-0.17874755981445312,0.09186738413317055,0.23186738413317057,-0.08,0.08,-0.009963421407495093,0.03570550699948649,4.197122004721271,Solve_Succeeded,0.02998533396748826,False,2057.7102139783647,0.0,0.0,False,False,0.5,10,0.015,6647.923738309522,0.05042708384525031,0.8908086691478525,-0.35000000396104386,-0.25048686562256356,-0.26173023081979063,-0.26173023081979063,0.16469444550284362,False,False,43187.86602783203,2813.938542737408,9.536575863806503,0.0019443342604256748,7697.862497706882,0.8553067223387508,0.9882873711081437,1.2051754055603177,1.2398431906970213,0.2359434754068803,1.5,0.005618080174128979,0.0024591399973336293,0.0066085331808780545,-0.0048269381253235565,0.031643640441132125,0.007538369299854642,-3289.503656277946,False
11,stress,10066,corridor_barrier_nmpc,154.0,0.1528386941276918,0.03545793116662851,4.036070358451153,0.15241013231229888,0.03642103306644872,4.0350942617533025,0.161597483095417,-0.000351882324218733,-0.17893054687499999,0.09159748309541699,0.231597483095417,-0.08,0.08,-0.008758788967725195,0.03580981349084724,4.215000905326153,Solve_Succeeded,0.029968999966513366,False,2081.175816297914,0.0,0.0,False,False,0.5,10,0.015,6740.138240934826,0.05074882166026683,0.8912108600923155,-0.17173022097091556,-0.26386224977249584,-0.2636061228668093,-0.2636061228668093,-0.0037517840940373137,False,False,43160.41796875,2811.8969927942394,9.529656950824899,0.0019527681364806004,7720.039082535301,0.8553067223387508,0.9882873711081437,1.2051754055603177,1.2398431906970213,0.2359434754068803,1.5,0.005618080174128979,0.0024591399973336293,0.0066085331808780545,-0.0048269381253235565,0.031643640441132125,0.007538369299854642,-3289.503656277946,False
11,stress,10066,corridor_barrier_nmpc,154.5,0.15373919276139358,0.035592189742422536,4.0538329337751,0.15419313896999903,0.03286811955458044,4.048834336485424,0.16134765625,-0.0003236035156249928,-0.17909944213867185,0.09134765624999999,0.23134765625,-0.08,0.08,-0.007608463488606415,0.03591579325804753,4.232932375913772,Solve_Succeeded,0.029610625002533197,False,2087.7192494338315,0.0,0.0,False,False,0.5,10,0.015,11252.161773932608,0.0733840330210164,0.8915820503170069,-0.3216575970748734,-0.3500000060605086,-0.3396212062170211,-0.3396212062170211,-0.15203016670042357,False,False,43135.08367919922,2810.013881724981,9.523274994965092,0.0019605849837356403,7740.564023033743,0.8553067223387508,0.9882873711081437,1.2051754055603177,1.2398431906970213,0.2359434754068803,1.5,0.005618080174128979,0.0024591399973336293,0.0066085331808780545,-0.0048269381253235565,0.031643640441132125,0.007538369299854642,-3289.503656277946,False
11,stress,10066,corridor_barrier_nmpc,155.0,0.1546312163016861,0.03581669617038452,4.0716852000954855,0.15995984720787543,0.032654974493140386,4.0596642637352796,0.1611181677310293,-0.00029513427734373376,-0.17925415039062498,0.09111816773102929,0.2311181677310293,-0.08,0.08,-0.006486951429343191,0.036111830447728255,4.25093935048611,Solve_Succeeded,0.029258750029839575,False,2091.6514887846165,0.0,0.0,False,False,0.5,10,0.015,11788.380458814294,0.07590520865704257,0.8919220297061744,-0.24962119724989537,-0.35000000396104386,-0.34875316262900485,-0.34875316262900485,-0.018263912823967554,False,False,43111.87744140625,2808.2900627214676,9.517432887736097,0.0019677726799047003,7759.412807979211,0.8553067223387508,0.9882873711081437,1.2051754055603177,1.2398431906970213,0.2359434754068803,1.5,0.005618080174128979,0.0024591399973336293,0.0066085331808780545,-0.0048269381253235565,0.031643640441132125,0.007538369299854642,-3289.503656277946,False
11,stress,10066,corridor_barrier_nmpc,155.5,0.1555392047906459,0.03605191636143734,4.089652398983349,0.14247749299098533,0.03592422078156879,4.092149892832596,0.1609092816726146,-0.00026647460937501144,-0.17939457641601558,0.09090928167261458,0.2309092816726146,-0.08,0.08,-0.005370076881968694,0.03631839097081235,4.269046975399364,Solve_Succeeded,0.029242458986118436,False,2148.2675369609597,0.0,0.0,False,False,0.5,10,0.015,6380.3018507545,0.04857246545132083,0.8922305897046117,-0.25875315336509447,-0.17173022097091556,-0.19299660709984315,-0.25875316262900483,0.18000000000000005,False,True,43090.81353759766,2806.7263880745245,9.512133517593359,0.0019743196399373483,7776.561764133869,0.8553067223387508,0.9882873711081437,1.2051754055603177,1.2398431906970213,0.2359434754068803,1.5,0.005618080174128979,0.0024591399973336293,0.0066085331808780545,-0.0048269381253235565,0.031643640441132125,0.007538369299854642,-3289.503656277946,False
11,stress,10066,corridor_barrier_nmpc,156.0,0.15643790768646412,0.03617897522910013,4.10771016719745,0.16133093463039017,0.03386364929132726,4.102549774458333,0.1607212622088655,-0.0002376245117187703,-0.179520625,0.0907212622088655,0.23072126220886552,-0.08,0.08,-0.004283354522401389,0.0364165997408189,4.28723079219745,Solve_Succeeded,0.029124666994903237,False,2133.123025881139,0.0,0.0,False,False,0.5,10,0.015,9201.24023690873,0.06261812489245133,0.892507523350207,-0.1687531528689672,-0.3216575970748734,-0.3062011016234318,-0.3062011016234318,-0.0948958779888539,False,False,43071.90625,2805.323709178458,9.50737976995398,0.0019802148422066674,7791.988089161444,0.8553067223387508,0.9882873711081437,1.2051754055603177,1.2398431906970213,0.2359434754068803,1.5,0.005618080174128979,0.0024591399973336293,0.0066085331808780545,-0.0048269381253235565,0.031643640441132125,0.007538369299854642,-3289.503656277946,False
11,stress,10066,corridor_barrier_nmpc,156.5,0.15731676057623556,0.03636246629903325,4.125845572015878,0.1625635712464852,0.03334501836230034,4.121950513176062,0.16055437347389181,-0.00020858398437501036,-0.17963220092773435,0.09055437347389181,0.23055437347389182,-0.08,0.08,-0.0032376128976562557,0.03657105028340826,4.305477772943613,Solve_Succeeded,0.029131957970093936,False,2150.6172228869277,0.0,0.0,False,False,0.5,10,0.015,6178.717500741986,0.047382530190007016,0.8927526253066658,-0.21620109185967154,-0.24962119724989537,-0.2564183393732561,-0.2564183393732561,0.09956552450035139,False,False,43055.169860839844,2804.0828765355113,9.503174527211813,0.001985447854090354,7805.669884300375,0.8553067223387508,0.9882873711081437,1.2051754055603177,1.2398431906970213,0.2359434754068803,1.5,0.005618080174128979,0.0024591399973336293,0.0066085331808780545,-0.0048269381253235565,0.031643640441132125,0.007538369299854642,-3289.503656277946,False
11,stress,10066,corridor_barrier_nmpc,157.0,0.15817637404181023,0.03648551547229428,4.14405761095971,0.15749835595236655,0.03474552337198925,4.150784255747939,0.16040887960180317,-0.0001793530273437871,-0.179729208984375,0.09040887960180316,0.23040887960180317,-0.08,0.08,-0.0022325055599929367,0.03666486849963807,4.323786819944084,Solve_Succeeded,0.029124666005373,False,2183.4292762455816,0.0,0.0,False,False,0.5,10,0.015,6269.163887465686,0.047762242974706076,0.8929656918964083,-0.16641832957401587,-0.25875315336509447,-0.2584726639809244,-0.2584726639809244,-0.004108649215336602,False,False,43040.61865234375,2803.004739760278,9.499520668752426,0.0019900088568715556,7817.586186754735,0.8553067223387508,0.9882873711081437,1.2051754055603177,1.2398431906970213,0.2359434754068803,1.5,0.005618080174128979,0.0024591399973336293,0.0066085331808780545,-0.0048269381253235565,0.031643640441132125,0.007538369299854642,-3289.503656277946,False
11,stress,10066,corridor_barrier_nmpc,157.5,0.15900514574854194,0.036610391928517415,4.162331629815111,0.16636648426289455,0.03731606234879478,4.151113355455655,0.16028504472670924,-0.00014993164062498954,-0.17981155395507814,0.09028504472670923,0.23028504472670924,-0.08,0.08,-0.0012798989781672987,0.036760323569142404,4.342143183770189,Solve_Succeeded,0.029755208001006395,False,2198.638573524546,0.0,0.0,False,False,0.5,10,0.015,1467.125479632029,0.023736911487685863,0.8931465211336418,-0.168472654152192,-0.1687531528689672,-0.17953147204462927,-0.17953147204462927,0.15788238387259024,False,False,43028.26690673828,2802.0901475840824,9.496421070967946,0.0019938886698859714,7827.717001762212,0.8553067223387508,0.9882873711081437,1.2051754055603177,1.2398431906970213,0.2359434754068803,1.5,0.005618080174128979,0.0024591399973336293,0.0066085331808780545,-0.0048269381253235565,0.031643640441132125,0.007538369299854642,-3289.503656277946,False
11,stress,10066,corridor_barrier_nmpc,158.0,0.159783564420208,0.03663925428293266,4.180644080814163,0.1655195779044396,0.03553740737042993,4.1806584367695425,0.16018313298271974,-0.00012031982421872867,-0.179879140625,0.09018313298271974,0.23018313298271975,-0.08,0.08,-0.00039956856251174844,0.03675957410715139,4.360523221439164,Solve_Succeeded,0.02915962500264868,False,2213.879696936228,0.0,0.0,False,False,0.5,10,0.015,3378.148893180106,0.03323809818320125,0.8932949127576065,-0.0895314621532377,-0.21620109185967154,-0.21179584197011844,-0.21179584197011844,-0.06452873985097834,False,False,43018.12890625,2801.339947859319,9.493878607271759,0.0019970787738422795,7836.043334297654,0.8553067223387508,0.9882873711081437,1.2051754055603177,1.2398431906970213,0.2359434754068803,1.5,0.005618080174128979,0.0024591399973336293,0.0066085331808780545,-0.0048269381253235565,0.031643640441132125,0.007538369299854642,-3289.503656277946,False
11,stress,10066,corridor_barrier_nmpc,158.5,0.16050378488881525,0.03670637417257833,4.19898052448752,0.1536320590566386,0.03541437804551292,4.202707958590538,0.16010340850394442,-9.05175781250045e-05,-0.17993187377929687,0.09010340850394441,0.23010340850394442,-0.08,0.08,0.0004003763848708375,0.03679689175070333,4.3789123982668166,Solve_Succeeded,0.029114917037077248,False,2237.892352303957,0.0,0.0,False,False,0.5,10,0.015,925.1857366953418,0.02099270808155371,0.8934106682659959,-0.12179583219396274,-0.16641832957401587,-0.171869689104859,-0.171869689104859,0.07985230573051888,False,False,43010.21893310547,2800.754987563758,9.491896148113106,0.001999571333243643,7842.547220369578,0.8553067223387508,0.9882873711081437,1.2051754055603177,1.2398431906970213,0.2359434754068803,1.5,0.005618080174128979,0.0024591399973336293,0.0066085331808780545,-0.0048269381253235565,0.031643640441132125,0.007538369299854642,-3289.503656277946,False
11,stress,10066,corridor_barrier_nmpc,159.0,0.1611689405816072,0.036724466592632905,4.217338268442132,0.16233809262992685,0.034834212562548934,4.212858510121307,0.16004613542449286,-6.052490234376151e-05,-0.179969658203125,0.09004613542449286,0.23004613542449287,-0.08,0.08,0.001122805157114326,0.03678499149497667,4.397307926645257,Solve_Succeeded,0.029818709008395672,False,2241.961325728828,0.0,0.0,False,False,0.5,10,0.015,707.3869712258038,0.019896052885328343,0.8934935909485493,-0.08186967927327016,-0.168472654152192,-0.16888075186156357,-0.16888075186156357,0.005977874486590873,False,False,43004.55126953125,2800.3361128048127,9.490476560991553,0.002001359217838939,7847.211757865643,0.8553067223387508,0.9882873711081437,1.2051754055603177,1.2398431906970213,0.2359434754068803,1.5,0.005618080174128979,0.0024591399973336293,0.0066085331808780545,-0.0048269381253235565,0.031643640441132125,0.007538369299854642,-3289.503656277946,False
11,stress,10066,corridor_barrier_nmpc,159.5,0.1617723322631213,0.03673824091151939,4.2357039759620285,0.1741466171487601,0.03842509791915253,4.242297009732058,0.16001157787847484,-3.0341796874999716e-05,-0.17999239868164063,0.09001157787847483,0.23001157787847484,-0.08,0.08,0.0017607543846464568,0.03676858270839439,4.4156963746436695,Solve_Succeeded,0.029794874950312078,False,2307.235586834736,0.0,0.0,False,False,0.5,10,0.015,-3557.7269975768677,-0.001334706504194684,0.8935434859208204,-0.07888074194111547,-0.0895314621532377,-0.09906397030267669,-0.09906397030267669,0.13963356311777375,False,False,43001.140197753906,2800.0841688237724,9.48962271047132,0.0020024360230336538,7850.021136902209,0.8553067223387508,0.9882873711081437,1.2051754055603177,1.2398431906970213,0.2359434754068803,1.5,0.005618080174128979,0.0024591399973336293,0.0066085331808780545,-0.0048269381253235565,0.031643640441132125,0.007538369299854642,-3289.503656277946,False
11,stress,10066,corridor_barrier_nmpc,160.0,0.162298834857986,0.03666675707478382,4.254055252153916,0.16954918111159692,0.04035297113388534,4.244736382097894,0.16,-1.5202636718725238e-05,-0.18,0.09,0.23,-0.08,0.08,0.0022988348579859874,0.036681959711502544,4.434055252153915,Solve_Succeeded,0.03206962498370558,False,2318.288261679472,0.0,0.0,False,False,0.5,10,0.015,-2377.4516229201517,0.0045379201415245915,0.8935601601581166,-0.009063960358111195,-0.12179583219396274,-0.11906497399060482,-0.11906497399060482,-0.04000200737585627,False,False,43000.0,2800.0,9.489337458195521,0.0020027960891917467,7850.960669631647,0.8553067223387508,0.9882873711081437,1.2051754055603177,1.2398431906970213,0.2359434754068803,1.5,0.005618080174128979,0.0024591399973336293,0.0066085331808780545,-0.0048269381253235565,0.031643640441132125,0.007538369299854642,-3289.503656277946,False
