scenario_id,tier,seed,controller,time_s,alpha_rad,q_radps,theta_rad,measured_alpha_rad,measured_q_radps,measured_theta_rad,alpha_ref_rad,q_ref_radps,theta_ref_rad,alpha_min_rad,alpha_max_rad,q_min_radps,q_max_radps,alpha_error_rad,q_error_rad,theta_error_rad,solver_status,solve_time_s,objective_value,solver_failure,pitching_moment_nm,cm,flap_effectiveness,delta_flap_raw_rad,delta_flap_delayed_rad,delta_flap_lagged_rad,delta_flap_rad,delta_flap_rate_radps,flap_saturated,flap_rate_saturated,altitude_m,velocity_mps,mach,density_kgm3,dynamic_pressure_pa,density_scale,cm_alpha_scale,cm_delta_scale,cm_q_scale,actuator_lag_s,actuator_delay_s,sensor_noise_alpha_rad,sensor_noise_q_radps,sensor_noise_theta_rad,initial_alpha_error_rad,initial_q_error_radps,initial_theta_error_rad,external_disturbance_moment_nm,corridor_violation
11,moderate,66,scenario_nmpc,0.0,0.09726367930063026,0.05237034123419307,0.08118891616634445,0.09743057985265398,0.05201600022115371,0.08050890310645166,0.12,-1.5202636718752993e-05,0.08,0.04999999999999999,0.19,-0.08,0.08,-0.022736320699369733,0.05238554387091182,0.0011889161663444503,Solve_Succeeded,0.09017779200803488,25160.49287102728,False,-1866.8762812365558,-0.020597535594071036,0.4015798869488264,0.35000000998820135,0.0,0.0,0.0,0.0,False,False,82000.0,6200.0,21.012104371718653,5.631335244604286e-06,108.23426340129438,1.1271201633807792,1.057845439337298,0.8291739104917131,1.0497015221724948,0.165381683907133,1.0,0.00030848479803221776,0.0006562873235056894,0.001380134036191736,-0.02273632069936974,0.05238554387091182,0.0011889161663444536,-1809.8046884581565,False
11,moderate,66,scenario_nmpc,0.5,0.1119194493992448,0.05233284002406308,0.10736472488783545,0.11159258340067996,0.05146259365845764,0.10522309627360388,0.12002304098079561,-3.0341796874999716e-05,0.07999239868164063,0.0500230409807956,0.19002304098079562,-0.08,0.08,-0.008103591581550815,0.05236318182093808,0.027372326206194827,not_applicable,0.0,,False,-1882.9520408485546,-0.026396770636646562,0.40159248685423254,0.35000000998820135,0.0,0.0,0.0,0.0,False,False,81998.8598022461,6199.7501458924335,21.01125760388222,5.632347837877232e-06,108.24500057530217,1.1271201633807792,1.057845439337298,0.8291739104917131,1.0497015221724948,0.165381683907133,1.0,0.00030848479803221776,0.0006562873235056894,0.001380134036191736,-0.02273632069936974,0.05238554387091182,0.0011889161663444536,-1809.8046884581565,False
11,moderate,66,scenario_nmpc,1.0,0.12503075967039443,0.05229503453190158,0.13352170552193554,0.12518556599403982,0.05302982449661957,0.1341304081736836,0.12009173525377229,-6.052490234374763e-05,0.079969658203125,0.05009173525377228,0.1900917352537723,-0.08,0.08,0.00493902441662214,0.05235555943424533,0.05355204731881054,not_applicable,0.0,,False,-1920.6168846526557,-0.03997570171296956,0.40162486243193063,0.35000000998820135,0.35000000998820135,0.3329760156553831,0.09,0.18,False,True,81995.44873046875,6199.108143368448,21.00908182581111,5.635378249087887e-06,108.28081130201328,1.1271201633807792,1.057845439337298,0.8291739104917131,1.0497015221724948,0.165381683907133,1.0,0.00030848479803221776,0.0006562873235056894,0.001380134036191736,-0.02273632069936974,0.05238554387091182,0.0011889161663444536,-1809.8046884581565,False
11,moderate,66,scenario_nmpc,1.5,0.13675824143893325,0.05225649115694383,0.15965959767643167,0.1368463092247614,0.052448748364073566,0.15948623952233218,0.12020543981481481,-9.05175781250045e-05,0.07993187377929688,0.0502054398148148,0.1902054398148148,-0.08,0.08,0.016552801624118443,0.05234700873506883,0.0797277238971348,not_applicable,0.0,,False,-1956.8265065320977,-0.05300782462787135,0.4016744554206741,0.35000000998820135,0.35000000998820135,0.34917196320313526,0.18,0.18,False,True,81989.78106689453,6198.124722339112,21.005748963664374,5.640417032047365e-06,108.34324571572121,1.1271201633807792,1.057845439337298,0.8291739104917131,1.0497015221724948,0.165381683907133,1.0,0.00030848479803221776,0.0006562873235056894,0.001380134036191736,-0.02273632069936974,0.05238554387091182,0.0011889161663444536,-1809.8046884581565,False
11,moderate,66,scenario_nmpc,2.0,0.14724569959322736,0.052217237379224915,0.18577803941301219,0.14754582567305655,0.051707802122655876,0.18725724649925476,0.12036351165980795,-0.00012031982421875642,0.079879140625,0.050363511659807944,0.19036351165980797,-0.08,0.08,0.026882187933419413,0.05233755720344367,0.10589889878801219,Solve_Succeeded,0.07109091698657721,39124.13538149648,False,-1991.7665461408847,-0.06555095285176801,0.4017399997587981,0.3500000099966393,0.35000000998820135,0.3499597338071328,0.27,0.18000000000000005,False,True,81981.87109375,6196.824988604601,21.00134410223131,5.647456851750512e-06,108.43297856866864,1.1271201633807792,1.057845439337298,0.8291739104917131,1.0497015221724948,0.165381683907133,1.0,0.00030848479803221776,0.0006562873235056894,0.001380134036191736,-0.02273632069936974,0.05238554387091182,0.0011889161663444536,-1809.8046884581565,False
11,moderate,66,scenario_nmpc,2.5,0.15662197162456165,0.05217729713956449,0.21187668163435872,0.15657359260528092,0.05214103676031462,0.21018599714668307,0.12056530778463648,-0.00014993164062498954,0.07981155395507812,0.05056530778463647,0.19056530778463648,-0.08,0.08,0.036056663839925174,0.05232722878018948,0.13206512767928058,not_applicable,0.0,,False,-2023.011912704829,-0.07672385439483936,0.4018206300465545,0.3500000099966393,0.35000000998820135,0.3499980509554622,0.3499980509554622,0.1599961019109244,False,False,81971.73309326172,6195.226102903411,20.995925400097143,5.656492448731403e-06,108.5504275407706,1.1271201633807792,1.057845439337298,0.8291739104917131,1.0497015221724948,0.165381683907133,1.0,0.00030848479803221776,0.0006562873235056894,0.001380134036191736,-0.02273632069936974,0.05238554387091182,0.0011889161663444536,-1809.8046884581565,False
11,moderate,66,scenario_nmpc,3.0,0.1650024976264422,0.052136743035693774,0.23795519936508805,0.16502715268603102,0.053758681031858,0.23785512905619,0.12081018518518519,-0.00017935302734374547,0.07972920898437501,0.05081018518518518,0.1908101851851852,-0.08,0.08,0.044192312441257015,0.05231609606303752,0.15822599038071306,not_applicable,0.0,,False,-2032.5281666507692,-0.08004107427141148,0.40191568368588926,0.3500000099966393,0.3500000099966393,0.3499999147089109,0.3499999147089109,3.7275068973663394e-06,False,False,81959.38134765625,6193.341204448907,20.98953738670099,5.667520607195489e-06,108.69589077974668,1.1271201633807792,1.057845439337298,0.8291739104917131,1.0497015221724948,0.165381683907133,1.0,0.00030848479803221776,0.0006562873235056894,0.001380134036191736,-0.02273632069936974,0.05238554387091182,0.0011889161663444536,-1809.8046884581565,False
11,moderate,66,scenario_nmpc,3.5,0.17249081414335113,0.052096008491754164,0.2640133941240364,0.1723674148524659,0.052353752022081604,0.2653803663490502,0.12109750085733882,-0.00020858398437501036,0.07963220092773438,0.051097500857338815,0.19109750085733884,-0.08,0.08,0.05139331328601231,0.052304592476129175,0.18438119319630203,not_applicable,0.0,,False,-2041.1439879980007,-0.0830047246136107,0.40202462079258067,0.3500000099966393,0.3500000099966393,0.3500000053618459,0.35,1.7058217816057208e-07,False,False,81944.83013916016,6191.180999058791,20.98221634458463,5.680540126795923e-06,108.86960266829645,1.1271201633807792,1.057845439337298,0.8291739104917131,1.0497015221724948,0.165381683907133,1.0,0.00030848479803221776,0.0006562873235056894,0.001380134036191736,-0.02273632069936974,0.05238554387091182,0.0011889161663444536,-1809.8046884581565,False
11,moderate,66,scenario_nmpc,4.0,0.17917977756778672,0.05205511048060388,0.29005118001923996,0.17950067842906978,0.05159599060625471,0.2884224943925414,0.12142661179698216,-0.00023762451171874255,0.079520625,0.05142661179698216,0.19142661179698217,-0.08,0.08,0.057753165770804554,0.05229273499232262,0.21053055501923995,Solve_Succeeded,0.062560707970988,53973.44045899668,False,-2048.9644785289215,-0.08565167668317727,0.40214698367832524,0.3500000099837411,0.3500000099966393,0.35000000977120305,0.35,0.0,False,False,81928.09375,6188.754562618874,20.973993032370615,5.695551797931644e-06,109.07176206480656,1.1271201633807792,1.057845439337298,0.8291739104917131,1.0497015221724948,0.165381683907133,1.0,0.00030848479803221776,0.0006562873235056894,0.001380134036191736,-0.02273632069936974,0.05238554387091182,0.0011889161663444536,-1809.8046884581565,False
11,moderate,66,scenario_nmpc,4.5,0.18515257938566337,0.052014063983568865,0.31606847913822794,0.18482628436556744,0.051975164916918226,0.3132915748669451,0.121796875,-0.00026647460937499756,0.07939457641601563,0.05179687499999999,0.191796875,-0.08,0.08,0.06335570438566338,0.05228053859294386,0.2366739027222123,not_applicable,0.0,,False,-2056.0830055836495,-0.08801484401295923,0.40228237351219553,0.3500000099837411,0.3500000099966393,0.3500000099856741,0.35,0.0,False,False,81909.18646240234,6186.0698038826085,20.964894253212666,5.712558380455047e-06,109.30254857121709,1.1271201633807792,1.057845439337298,0.8291739104917131,1.0497015221724948,0.165381683907133,1.0,0.00030848479803221776,0.0006562873235056894,0.001380134036191736,-0.02273632069936974,0.05238554387091182,0.0011889161663444536,-1809.8046884581565,False
11,moderate,66,scenario_nmpc,5.0,0.1904837520400688,0.05197288221319858,0.34206522060892314,0.19096172125790936,0.051533702122126074,0.34175198885337,0.1222076474622771,-0.0002951342773437615,0.079254150390625,0.05220764746227709,0.1922076474622771,-0.08,0.08,0.0682761045777917,0.05226801649054234,0.26281107021829814,not_applicable,0.0,,False,-2062.5828453917575,-0.09012371800338326,0.4024304356602051,0.3500000099837411,0.3500000099837411,0.3500000099838351,0.35,0.0,False,False,81888.12255859375,6183.133755185188,20.95494384003998,5.731564585685436e-06,109.56213274343739,1.1271201633807792,1.057845439337298,0.8291739104917131,1.0497015221724948,0.165381683907133,1.0,0.00030848479803221776,0.0006562873235056894,0.001380134036191736,-0.02273632069936974,0.05238554387091182,0.0011889161663444536,-1809.8046884581565,False
11,moderate,66,scenario_nmpc,5.5,0.19524007011624353,0.05193157680444772,0.3680413397639207,0.19574034030922488,0.051261516814767566,0.36804397262770033,0.12265828617969822,-0.0003236035156249928,0.07909944213867187,0.05265828617969821,0.1926582861796982,-0.08,0.08,0.07258178393654531,0.05225518032007271,0.28894189762524886,not_applicable,0.0,,False,-2068.5383159321086,-0.09200472910693906,0.40259084988176863,0.3500000099837411,0.3500000099837411,0.35000000998374564,0.35,0.0,False,False,81864.91632080078,6179.952766846162,20.944163314397265,5.7525770616336835e-06,109.85068290841785,1.1271201633807792,1.057845439337298,0.8291739104917131,1.0497015221724948,0.165381683907133,1.0,0.00030848479803221776,0.0006562873235056894,0.001380134036191736,-0.02273632069936974,0.05238554387091182,0.0011889161663444536,-1809.8046884581565,True
11,moderate,66,scenario_nmpc,6.0,0.19948135773921408,0.0518901579843573,0.39399677739488814,0.19927135343498578,0.05227342966292534,0.3930634107007159,0.12314814814814815,-0.0003518823242187469,0.07893054687500001,0.05314814814814814,0.19314814814814815,-0.08,0.08,0.07633320959106593,0.05224204030857605,0.31506623051988814,Solve_Succeeded,0.06362287496449426,80863.0839356541,False,-2074.0157648060595,-0.09368156373692614,0.4027633234553852,0.35000000998206054,0.3500000099837411,0.3500000099837413,0.35,0.0,False,False,81839.58203125,6176.532643486048,20.932572348428415,5.775604381351572e-06,110.16836993479706,1.1271201633807792,1.057845439337298,0.8291739104917131,1.0497015221724948,0.165381683907133,1.0,0.00030848479803221776,0.0006562873235056894,0.001380134036191736,-0.02273632069936974,0.05238554387091182,0.0011889161663444536,-1809.8046884581565,True
11,moderate,66,scenario_nmpc,6.5,0.20326121194400598,0.05184863472301099,0.41993147908703976,0.20334251641940435,0.051311854417625494,0.4212925231362624,0.12367659036351165,-0.0003799707031250099,0.07874755981445312,0.05367659036351165,0.19367659036351165,-0.08,0.08,0.07958462158049433,0.052228605426136,0.3411839192725866,not_applicable,0.0,,False,-2079.0744478251677,-0.09517544852618448,0.40294758617496185,0.35000000998206054,0.3500000099837411,0.3500000099837411,0.35,0.0,False,False,81812.13397216797,6172.878743248417,20.920189101145034,5.800657034326951e-06,110.51537069856919,1.1271201633807792,1.057845439337298,0.8291739104917131,1.0497015221724948,0.165381683907133,1.0,0.00030848479803221776,0.0006562873235056894,0.001380134036191736,-0.02273632069936974,0.05238554387091182,0.0011889161663444536,-1809.8046884581565,True
11,moderate,66,scenario_nmpc,7.0,0.20662765076285738,0.05180701486784033,0.4458453946248514,0.20646424726433676,0.05096509214894528,0.4462059246567046,0.12424296982167352,-0.00040786865234375413,0.078550576171875,0.05424296982167351,0.19424296982167352,-0.08,0.08,0.08238468094118387,0.05221488352018409,0.3672948184529764,not_applicable,0.0,,False,-2083.7673104017435,-0.09650540525726925,0.4031433865961587,0.35000000998206054,0.35000000998206054,0.3500000099821423,0.35,0.0,False,False,81782.58642578125,6168.996052234287,20.907030470688255,5.827747420853623e-06,110.89187067959872,1.1271201633807792,1.057845439337298,0.8291739104917131,1.0497015221724948,0.165381683907133,1.0,0.00030848479803221776,0.0006562873235056894,0.001380134036191736,-0.02273632069936974,0.05238554387091182,0.0011889161663444536,-1809.8046884581565,True
11,moderate,66,scenario_nmpc,7.5,0.2096236938639103,0.05176530526312268,0.47173847746115843,0.20897334844627766,0.05280901064884583,0.47236821416198793,0.12484664351851851,-0.0004355761718749934,0.07833969116210937,0.054846643518518506,0.19484664351851852,-0.08,0.08,0.08477705034539179,0.052200881434997674,0.39339878629904906,not_applicable,0.0,,False,-2088.1416825203974,-0.09768847946172601,0.40335048914940924,0.35000000998206054,0.35000000998206054,0.35000000998206454,0.35,0.0,False,False,81750.9536743164,6164.88924175046,20.893112288346153,5.856889849311447e-06,111.29806595890464,1.1271201633807792,1.057845439337298,0.8291739104917131,1.0497015221724948,0.165381683907133,1.0,0.00030848479803221776,0.0006562873235056894,0.001380134036191736,-0.02273632069936974,0.05238554387091182,0.0011889161663444536,-1809.8046884581565,True
11,moderate,66,scenario_nmpc,8.0,0.21228788276059546,0.051723511856310314,0.4976106842426509,0.21239026947800135,0.051800162331169734,0.49930458525584837,0.1254869684499314,-0.00046309326171874166,0.078115,0.055486968449931395,0.1954869684499314,-0.08,0.08,0.08680091431066406,0.052186605118029056,0.41949568424265093,Solve_Succeeded,0.0731355000170879,80223.72326012247,False,-2092.239896893061,-0.09873994538828518,0.4035686718725181,0.35000000999177794,0.35000000998206054,0.35000000998206077,0.35,0.0,False,False,81717.25,6160.562713271744,20.878449470932924,5.8881005362993896e-06,111.73416479119702,1.1271201633807792,1.057845439337298,0.8291739104917131,1.0497015221724948,0.165381683907133,1.0,0.00030848479803221776,0.0006562873235056894,0.001380134036191736,-0.02273632069936974,0.05238554387091182,0.0011889161663444536,-1809.8046884581565,True
11,moderate,66,scenario_nmpc,8.5,0.21465474688049563,0.051681639792646984,0.5234619743855518,0.2146701249059804,0.05155328610476887,0.5226732831684916,0.12616330161179698,-0.0004904199218749988,0.07787659790039063,0.05616330161179697,0.196163301611797,-0.08,0.08,0.08849144526869865,0.05217205971452198,0.4455853764851611,not_applicable,0.0,,False,-2096.0998388454027,-0.09967348976843454,0.4037977245977856,0.35000000999177794,0.35000000998206054,0.35000000998206054,0.35,0.0,False,False,81681.4896850586,6156.020634389981,20.86305614262193,5.92139760957033e-06,112.20038886953337,1.1271201633807792,1.057845439337298,0.8291739104917131,1.0497015221724948,0.165381683907133,1.0,0.00030848479803221776,0.0006562873235056894,0.001380134036191736,-0.02273632069936974,0.05238554387091182,0.0011889161663444536,-1809.8046884581565,True
11,moderate,66,scenario_nmpc,9.0,0.21675522112804663,0.05163969349936591,0.5492923096959509,0.2168198121540015,0.05269496804268507,0.5478135032426515,0.126875,-0.0005175561523437511,0.077624580078125,0.05687499999999998,0.196875,-0.08,0.08,0.08988022112804664,0.05215724965170966,0.4716677296178259,not_applicable,0.0,,False,-2099.75543553836,-0.10050137656190995,0.4040374474800409,0.35000000999177794,0.35000000999177794,0.35000000999130526,0.35,0.0,False,False,81643.68701171875,6151.266968002932,20.84694573386822,5.956801113722713e-06,112.69697436276796,1.1271201633807792,1.057845439337298,0.8291739104917131,1.0497015221724948,0.165381683907133,1.0,0.00030848479803221776,0.0006562873235056894,0.001380134036191736,-0.02273632069936974,0.05238554387091182,0.0011889161663444536,-1809.8046884581565,True
11,moderate,66,scenario_nmpc,9.5,0.21861701998910488,0.05159767676061887,0.5751016540298793,0.21888105877830263,0.051710508663673174,0.5756906958258307,0.12762142061042525,-0.0005445019531249984,0.07735904174804688,0.057621420610425245,0.19762142061042526,-0.08,0.08,0.09099559937867963,0.05214217871374387,0.4977426122818325,not_applicable,0.0,,False,-2103.237091284743,-0.10123459464249929,0.40428764978530923,0.35000000999177794,0.35000000999177794,0.35000000999175496,0.35,0.0,False,False,81603.85626220703,6146.305496334782,20.830131062815237,5.994333018610051e-06,113.22417278294309,1.1271201633807792,1.057845439337298,0.8291739104917131,1.0497015221724948,0.165381683907133,1.0,0.00030848479803221776,0.0006562873235056894,0.001380134036191736,-0.02273632069936974,0.05238554387091182,0.0011889161663444536,-1809.8046884581565,True
11,moderate,66,scenario_nmpc,10.0,0.22026497270009207,0.05155559278415787,0.6008899729887482,0.22072422377924406,0.0519906978685117,0.5994242724970579,0.12840192043895748,-0.0005712573242187546,0.077080078125,0.05840192043895748,0.1984019204389575,-0.08,0.08,0.09186305226113459,0.05212685010837662,0.5238098948637482,Solve_Succeeded,0.06892208300996572,81173.3815324044,False,-2106.572074968105,-0.101882990184296,0.40454814888211915,0.3500000099905758,0.35000000999177794,0.35000000999177683,0.35,0.0,False,False,81562.01171875,6141.139840938384,20.81262440308339,6.0340172304348305e-06,113.78225172401447,1.1271201633807792,1.057845439337298,0.8291739104917131,1.0497015221724948,0.165381683907133,1.0,0.00030848479803221776,0.0006562873235056894,0.001380134036191736,-0.02273632069936974,0.05238554387091182,0.0011889161663444536,-1809.8046884581565,True
11,moderate,66,scenario_nmpc,10.5,0.22172132353377125,0.05151344426067707,0.6266572336462601,0.22167961069952796,0.05051212448585851,0.626800507697668,0.12921585648148148,-0.000597822265625006,0.07678778442382812,0.05921585648148148,0.1992158564814815,-0.08,0.08,0.09250546705228976,0.052111266526302075,0.549869449222432,not_applicable,0.0,,False,-2109.7848649004363,-0.10245538532825504,0.40481876939269756,0.3500000099905758,0.35000000999177794,0.3500000099917779,0.35,0.0,False,False,81518.16766357422,6135.773479526905,20.794437540813334,6.075879605498911e-06,114.37149550249157,1.1271201633807792,1.057845439337298,0.8291739104917131,1.0497015221724948,0.165381683907133,1.0,0.00030848479803221776,0.0006562873235056894,0.001380134036191736,-0.02273632069936974,0.05238554387091182,0.0011889161663444536,-1809.8046884581565,True
11,moderate,66,scenario_nmpc,11.0,0.22300600083202893,0.05147123341662128,0.6524034043033282,0.22267718604434866,0.05240819295037868,0.6529195666469857,0.13006258573388202,-0.0006241967773437523,0.076482255859375,0.06006258573388201,0.20006258573388203,-0.08,0.08,0.09294341509814691,0.05209543019396503,0.5759211484439533,not_applicable,0.0,,False,-2112.897455858411,-0.10295968454675487,0.4050993424719997,0.3500000099905758,0.3500000099905758,0.35000000999063424,0.35,0.0,False,False,81472.33837890625,6130.2097602705635,20.7755818231183,6.119947966587557e-06,114.99220572296913,1.1271201633807792,1.057845439337298,0.8291739104917131,1.0497015221724948,0.165381683907133,1.0,0.00030848479803221776,0.0006562873235056894,0.001380134036191736,-0.02273632069936974,0.05238554387091182,0.0011889161663444536,-1809.8046884581565,True
11,moderate,66,scenario_nmpc,11.5,0.22413685803823652,0.05142896206117765,0.6781284542679191,0.2233297628019842,0.05227726303204049,0.6772554330830575,0.1309414651920439,-0.0006503808593749938,0.07616358764648437,0.06094146519204388,0.2009414651920439,-0.08,0.08,0.09319539284619263,0.05207934292055264,0.6019648666214348,not_applicable,0.0,,False,-2115.9296325072237,-0.10340296997813167,0.40538970519014955,0.3500000099905758,0.3500000099905758,0.3500000099905786,0.35,0.0,False,False,81424.53814697266,6124.451914042717,20.75606819958672,6.166252121969349e-06,115.64470178608642,1.1271201633807792,1.057845439337298,0.8291739104917131,1.0497015221724948,0.165381683907133,1.0,0.00030848479803221776,0.0006562873235056894,0.001380134036191736,-0.02273632069936974,0.05238554387091182,0.0011889161663444536,-1809.8046884581565,True
11,moderate,66,scenario_nmpc,12.0,0.22512988964327754,0.051386631628087404,0.7038323536570728,0.22489465059783975,0.05211813566554558,0.7065986097470832,0.13185185185185186,-0.0006763745117187442,0.075831875,0.06185185185185185,0.20185185185185187,-0.08,0.08,0.09327803779142568,0.05206300613980615,0.6280004786570728,Solve_Succeeded,0.09153049997985363,66329.09090413307,False,-2118.8992129495045,-0.10379158687222662,0.40568969999943083,0.35000000996856523,0.3500000099905758,0.3500000099905759,0.35,0.0,False,False,81374.78125,6118.5030649893715,20.735907258102767,6.214823886999213e-06,116.32932135248178,1.1271201633807792,1.057845439337298,0.8291739104917131,1.0497015221724948,0.165381683907133,1.0,0.00030848479803221776,0.0006562873235056894,0.001380134036191736,-0.02273632069936974,0.05238554387091182,0.0011889161663444536,-1809.8046884581565,True
11,moderate,66,scenario_nmpc,12.5,0.2259994246560634,0.051344243212843525,0.7295150732186535,0.226640300863994,0.050916534314968606,0.7279082350243206,0.13279310270919067,-0.0007021777343750035,0.07548721313476563,0.06279310270919067,0.20279310270919068,-0.08,0.08,0.09320632194687273,0.05204642094721853,0.6540278600838879,not_applicable,0.0,,False,-2121.822265717926,-0.10413122017041473,0.4059991742710676,0.35000000996856523,0.3500000099905758,0.3500000099905758,0.35,0.0,False,False,81323.08197021484,6112.36623971472,20.715109255976643,6.265697108315993e-06,117.04642077335978,1.1271201633807792,1.057845439337298,0.8291739104917131,1.0497015221724948,0.165381683907133,1.0,0.00030848479803221776,0.0006562873235056894,0.001380134036191736,-0.02273632069936974,0.05238554387091182,0.0011889161663444536,-1809.8046884581565,True
11,moderate,66,scenario_nmpc,13.0,0.22675829993765442,0.05130179760577751,0.7551765841706541,0.22715220198136002,0.051464541402493326,0.753464790478987,0.13376457475994513,-0.000727790527343744,0.075129697265625,0.06376457475994513,0.20376457475994514,-0.08,0.08,0.09299372517770929,0.05202958813312125,0.6800468869050291,not_applicable,0.0,,False,-2124.7133031582975,-0.10442696313803368,0.40631797989012214,0.35000000996856523,0.35000000996856523,0.3500000099696358,0.35,0.0,False,False,81269.45458984375,6106.044375314271,20.693684147169208,6.318907690631207e-06,117.79637549609089,1.1271201633807792,1.057845439337298,0.8291739104917131,1.0497015221724948,0.165381683907133,1.0,0.00030848479803221776,0.0006562873235056894,0.001380134036191736,-0.02273632069936974,0.05238554387091182,0.0011889161663444536,-1809.8046884581565,True
11,moderate,66,scenario_nmpc,13.5,0.2274180154946722,0.05125929532148246,0.7808168580561098,0.22789685421714978,0.05111215044163621,0.7808563615285125,0.134765625,-0.0007532128906250074,0.07475942260742188,0.064765625,0.204765625,-0.08,0.08,0.0926523904946722,0.05201250821210747,0.7060574354486879,not_applicable,0.0,,False,-2127.5854538198428,-0.1046833788723942,0.4066459728991729,0.35000000996856523,0.35000000996856523,0.3500000099686173,0.35,0.0,False,False,81213.91339111328,6099.540326440656,20.671641606238378,6.374493626109325e-06,118.57958045156634,1.1271201633807792,1.057845439337298,0.8291739104917131,1.0497015221724948,0.165381683907133,1.0,0.00030848479803221776,0.0006562873235056894,0.001380134036191736,-0.02273632069936974,0.05238554387091182,0.0011889161663444536,-1809.8046884581565,True
11,moderate,66,scenario_nmpc,14.0,0.2279888736095893,0.051216736624970165,0.8064358666118927,0.2275649669562257,0.05108067900916503,0.8058838479648366,0.13579561042524005,-0.0007784448242187519,0.074376484375,0.06579561042524004,0.20579561042524006,-0.08,0.08,0.09219326318434926,0.05199518144918892,0.7320593822368927,Solve_Succeeded,0.07088608399499208,36805.9951041683,False,-2130.450616176445,-0.10490455542454019,0.4069830131832363,0.3500000099378584,0.35000000996856523,0.3500000099685678,0.35,0.0,False,False,81156.47265625,6092.856871551574,20.64899104951369,6.432495026344647e-06,119.39645042874484,1.1271201633807792,1.057845439337298,0.8291739104917131,1.0497015221724948,0.165381683907133,1.0,0.00030848479803221776,0.0006562873235056894,0.001380134036191736,-0.02273632069936974,0.05238554387091182,0.0011889161663444536,-1809.8046884581565,True
11,moderate,66,scenario_nmpc,14.5,0.22848010349008074,0.05117412155491578,0.8320335816498438,0.2283719800806385,0.0504399090450594,0.8308313266545126,0.13685388803155007,-0.0008034863281249915,0.07398097778320313,0.06685388803155007,0.20685388803155008,-0.08,0.08,0.09162621545853067,0.051977607883040775,0.7580526038666406,not_applicable,0.0,,False,-2133.3195957427224,-0.1050941551966485,0.4073289641897978,0.3500000099378584,0.35000000996856523,0.35000000996856534,0.35,0.0,False,False,81097.14666748047,6085.996718461531,20.625741653911437,6.492954156943691e-06,120.24742044081205,1.1271201633807792,1.057845439337298,0.8291739104917131,1.0497015221724948,0.165381683907133,1.0,0.00030848479803221776,0.0006562873235056894,0.001380134036191736,-0.02273632069936974,0.05238554387091182,0.0011889161663444536,-1809.8046884581565,True
11,moderate,66,scenario_nmpc,15.0,0.22889997294455258,0.05113144994430475,0.8576099749488654,0.22892428852604566,0.05079470758102483,0.8575390544408082,0.13793981481481482,-0.000828337402343754,0.073572998046875,0.06793981481481481,0.20793981481481483,-0.08,0.08,0.09096015812973776,0.0519597873466485,0.7840369769019904,not_applicable,0.0,,False,-2136.202227418172,-0.1052554592085288,0.407683692678915,0.3500000099378584,0.3500000099378584,0.350000009939352,0.35,0.0,False,False,81035.94970703125,6078.962509297259,20.60190237372883,6.555915474726319e-06,121.13294608658632,1.1271201633807792,1.057845439337298,0.8291739104917131,1.0497015221724948,0.165381683907133,1.0,0.00030848479803221776,0.0006562873235056894,0.001380134036191736,-0.02273632069936974,0.05238554387091182,0.0011889161663444536,-1809.8046884581565,True
11,moderate,66,scenario_nmpc,15.5,0.22925588843411446,0.05108872143876161,0.8831650181567474,0.22928162197857144,0.051183090126101505,0.8840343690220052,0.13905274777091908,-0.0008529980468749976,0.07315264038085938,0.06905274777091908,0.2090527477709191,-0.08,0.08,0.09020314066319537,0.051941719485636605,0.8100123777758881,not_applicable,0.0,,False,-2139.1074846879546,-0.10539140676530023,0.4080470684992265,0.3500000099378584,0.3500000099378584,0.35000000993793107,0.35,0.0,False,False,80972.8960571289,6071.756824939426,20.577481955697145,6.621425667562333e-06,122.05350391016623,1.1271201633807792,1.057845439337298,0.8291739104917131,1.0497015221724948,0.165381683907133,1.0,0.00030848479803221776,0.0006562873235056894,0.001380134036191736,-0.02273632069936974,0.05238554387091182,0.0011889161663444536,-1809.8046884581565,True
11,moderate,66,scenario_nmpc,16.0,0.2295544847107355,0.05104593551280979,0.9086986827006311,0.2296064833737153,0.05200917869455267,0.90956227471005,0.1401920438957476,-0.0008774682617187501,0.07272,0.0701920438957476,0.2101920438957476,-0.08,0.08,0.0893624408149879,0.05192340377452854,0.8359786827006311,Solve_Succeeded,0.09356662497157231,28481.85927843798,False,-2142.0435771273615,-0.10550463100326465,0.40841896438639796,0.35000000992681424,0.3500000099378584,0.35000000993786196,0.35,0.0,False,False,80908.0,6064.382189019411,20.552488952527018,6.689533696864704e-06,123.00959176132505,1.1271201633807792,1.057845439337298,0.8291739104917131,1.0497015221724948,0.165381683907133,1.0,0.00030848479803221776,0.0006562873235056894,0.001380134036191736,-0.02273632069936974,0.05238554387091182,0.0011889161663444536,-1809.8046884581565,True
11,moderate,66,scenario_nmpc,16.5,0.22980170512542147,0.051003091484283856,0.9342109397051328,0.22951115837123442,0.05078071304319452,0.9344282033493782,0.14135706018518518,-0.0009017480468750116,0.07227517211914063,0.07135706018518517,0.21135706018518519,-0.08,0.08,0.0884446449402363,0.05190483953115887,0.8619357675859922,not_applicable,0.0,,False,-2145.0180374958395,-0.1055974907416186,0.4087992557810987,0.35000000992681424,0.3500000099378584,0.35000000993785857,0.35,0.0,False,False,80841.2758178711,6056.841071528806,20.526931735141215,6.760290842763655e-06,124.00172915873758,1.1271201633807792,1.057845439337298,0.8291739104917131,1.0497015221724948,0.165381683907133,1.0,0.00030848479803221776,0.0006562873235056894,0.001380134036191736,-0.02273632069936974,0.05238554387091182,0.0011889161663444536,-1809.8046884581565,True
11,moderate,66,scenario_nmpc,17.0,0.2300028735774506,0.050960188527091374,0.9597017599172527,0.22985956705662666,0.051662497391841894,0.9569071551775044,0.1425471536351166,-0.0009258374023437543,0.071818251953125,0.0725471536351166,0.21254715363511661,-0.08,0.08,0.087455719942334,0.05188602592943513,0.8878835079641277,not_applicable,0.0,,False,-2148.0377995634963,-0.10567209902336262,0.4091878206640562,0.35000000992681424,0.35000000992681424,0.3500000099273514,0.35,0.0,False,False,80772.73779296875,6049.1358920902585,20.500818503759668,6.833750751990154e-06,125.03045765780891,1.1271201633807792,1.057845439337298,0.8291739104917131,1.0497015221724948,0.165381683907133,1.0,0.00030848479803221776,0.0006562873235056894,0.001380134036191736,-0.02273632069936974,0.05238554387091182,0.0011889161663444536,-1809.8046884581565,True
11,moderate,66,scenario_nmpc,17.5,0.2301627589746452,0.050917225682499935,0.9851711136372906,0.230258967235846,0.051203100935521176,0.9833123238059334,0.1437616812414266,-0.0009497363281249921,0.07134933471679687,0.0737616812414266,0.2137616812414266,-0.08,0.08,0.08640107773321859,0.05186696201062493,0.9138217789204938,not_applicable,0.0,,False,-2151.1092676860876,-0.10573034868905765,0.4095845394061104,0.35000000992681424,0.35000000992681424,0.3500000099268404,0.35,0.0,False,False,80702.40020751953,6041.269022930859,20.47415729797645,6.909969488500479e-06,126.09634122459727,1.1271201633807792,1.057845439337298,0.8291739104917131,1.0497015221724948,0.165381683907133,1.0,0.00030848479803221776,0.0006562873235056894,0.001380134036191736,-0.02273632069936974,0.05238554387091182,0.0011889161663444536,-1809.8046884581565,True
11,moderate,66,scenario_nmpc,18.0,0.2302856329841123,0.05087420186910563,1.0106189706550683,0.22983179764571285,0.052315374779850085,1.0110498943112927,0.145,-0.0009734448242187527,0.070868515625,0.07499999999999998,0.215,-0.08,0.08,0.08528563298411232,0.05184764669332438,0.9397504550300684,Solve_Succeeded,0.07069900003261864,14461.095774483458,False,-2154.238379031869,-0.10577393529147164,0.40998929463149714,0.35000000995283986,0.35000000992681424,0.3500000099268155,0.35,0.0,False,False,80630.27734375,6033.242791593229,20.44695600594777,6.989005586877523e-06,127.19996661711095,1.1271201633807792,1.057845439337298,0.8291739104917131,1.0497015221724948,0.165381683907133,1.0,0.00030848479803221776,0.0006562873235056894,0.001380134036191736,-0.02273632069936974,0.05238554387091182,0.0011889161663444536,-1809.8046884581565,True
11,moderate,66,scenario_nmpc,18.5,0.23037532177176692,0.050831115891622106,1.0360453001908372,0.2304398248712369,0.0501456843565905,1.03708111485906,0.14626146690672154,-0.0009969628906250083,0.07037588989257812,0.07626146690672153,0.21626146690672154,-0.08,0.08,0.08411385486504538,0.051828078782247114,0.965669410298259,not_applicable,0.0,,False,-2157.430659263662,-0.10580437762723172,0.41040197109284127,0.35000000995283986,0.35000000992681424,0.3500000099268143,0.35,0.0,False,False,80556.38348388672,6025.059483414375,20.419222372792923,7.070920108547449e-06,128.3419437750663,1.1271201633807792,1.057845439337298,0.8291739104917131,1.0497015221724948,0.165381683907133,1.0,0.00030848479803221776,0.0006562873235056894,0.001380134036191736,-0.02273632069936974,0.05238554387091182,0.0011889161663444536,-1809.8046884581565,True
11,moderate,66,scenario_nmpc,19.0,0.23043525235627188,0.05078796644861419,1.0614500708403103,0.2302536905142839,0.05042739719295675,1.062145660104657,0.147545438957476,-0.0010202905273437451,0.069871552734375,0.07754543895747598,0.217545438957476,-0.08,0.08,0.08288981339879589,0.051808256975957936,0.9915785181059353,not_applicable,0.0,,False,-2160.6912723907485,-0.10582303613297306,0.41082245555655417,0.35000000995283986,0.35000000995283986,0.350000009951574,0.35,0.0,False,False,80480.73291015625,6016.721343798232,20.39096400829609,7.1557767008543775e-06,129.52290621905627,1.1271201633807792,1.057845439337298,0.8291739104917131,1.0497015221724948,0.165381683907133,1.0,0.00030848479803221776,0.0006562873235056894,0.001380134036191736,-0.02273632069936974,0.05238554387091182,0.0011889161663444536,-1809.8046884581565,True
11,moderate,66,scenario_nmpc,19.5,0.2304684941379159,0.050744752139286406,1.086833250523322,0.2308194688506934,0.050715632114107324,1.0847458006588582,0.14885127314814814,-0.001043427734374991,0.06935559936523437,0.07885127314814813,0.21885127314814815,-0.08,0.08,0.08161722098976776,0.0517881798736614,1.0174776511580876,not_applicable,0.0,,False,-2164.025065426321,-0.10583112936781136,0.41125063669750794,0.35000000995283986,0.35000000995283986,0.3500000099527783,0.35,0.0,False,False,80403.33990478516,6008.230580304267,20.362188393984678,7.2436416590386755e-06,130.74351145994072,1.1271201633807792,1.057845439337298,0.8291739104917131,1.0497015221724948,0.165381683907133,1.0,0.00030848479803221776,0.0006562873235056894,0.001380134036191736,-0.02273632069936974,0.05238554387091182,0.0011889161663444536,-1809.8046884581565,True
11,moderate,66,scenario_nmpc,20.0,0.23047779610461172,0.05070147146942484,1.112194806435666,0.23043219277927915,0.04970742726300575,1.1136593660017207,0.1501783264746228,-0.0010663745117187456,0.068828125,0.08017832647462278,0.2201783264746228,-0.08,0.08,0.08029946962998893,0.05176784598114358,1.043366681435666,Solve_Succeeded,0.06392879202030599,3779.9392587611806,False,-2167.4366084162184,-0.10582974878095774,0.4116864050020053,0.35000000938944326,0.35000000995283986,0.35000000995283687,0.35,0.0,False,False,80324.21875,5999.589364571574,20.332902889650182,7.334583991168145e-06,132.00444141917347,1.1271201633807792,1.057845439337298,0.8291739104917131,1.0497015221724948,0.165381683907133,1.0,0.00030848479803221776,0.0006562873235056894,0.001380134036191736,-0.02273632069936974,0.05238554387091182,0.0011889161663444536,-1809.8046884581565,True
11,moderate,66,scenario_nmpc,20.5,0.23046562016493163,0.05065812285657996,1.1375347050037101,0.23032086510677244,0.049984033198910024,1.1362085328197176,0.15152595593278462,-0.0010891308593749954,0.06828922485351563,0.08152595593278461,0.22152595593278462,-0.08,0.08,0.07893966423214702,0.051747253715954955,1.0692454801501945,not_applicable,0.0,,False,-2170.9302303424474,-0.10581987194266808,0.4121296526781913,0.35000000938944326,0.35000000995283986,0.3500000099528397,0.35,0.0,False,False,80243.38372802734,5990.799834095381,20.303114739368862,7.428675486074318e-06,133.30640286068217,1.1271201633807792,1.057845439337298,0.8291739104917131,1.0497015221724948,0.165381683907133,1.0,0.00030848479803221776,0.0006562873235056894,0.001380134036191736,-0.02273632069936974,0.05238554387091182,0.0011889161663444536,-1809.8046884581565,True
11,moderate,66,scenario_nmpc,21.0,0.23043417101126965,0.05061470463456848,1.1628529118414317,0.2303427207882571,0.050954555733334884,1.164557699917681,0.1528935185185185,-0.0011116967773437542,0.06773899414062501,0.0828935185185185,0.22289351851851852,-0.08,0.08,0.07754065249275113,0.05172640141191223,1.0951139177008067,not_applicable,0.0,,False,-2174.5100513497387,-0.10580237439822897,0.41258027357316207,0.35000000938944326,0.35000000938944326,0.35000000941684684,0.35,0.0,False,False,80160.84912109375,5981.864093870782,20.27283107707244,7.525990784349881e-06,134.65012783485227,1.1271201633807792,1.057845439337298,0.8291739104917131,1.0497015221724948,0.165381683907133,1.0,0.00030848479803221776,0.0006562873235056894,0.001380134036191736,-0.02273632069936974,0.05238554387091182,0.0011889161663444536,-1809.8046884581565,True
11,moderate,66,scenario_nmpc,21.5,0.23038542287426708,0.050571215057363894,1.1881493917095451,0.2305541208969614,0.04954904979970657,1.1868369368039953,0.15428037122770918,-0.001134072265625008,0.06717752807617187,0.08428037122770918,0.2242803712277092,-0.08,0.08,0.0761050516465579,0.0517052873229889,1.1209718636333732,not_applicable,0.0,,False,-2178.1800116942563,-0.10577804028810658,0.4130381630961138,0.35000000938944326,0.35000000938944326,0.3500000093907762,0.35,0.0,False,False,80076.62921142578,5972.78421791668,20.242058931712783,7.626607452466193e-06,136.03637413509614,1.1271201633807792,1.057845439337298,0.8291739104917131,1.0497015221724948,0.165381683907133,1.0,0.00030848479803221776,0.0006562873235056894,0.001380134036191736,-0.02273632069936974,0.05238554387091182,0.0011889161663444536,-1809.8046884581565,True
11,moderate,66,scenario_nmpc,22.0,0.2303211434920513,0.05052765230243778,1.213424108476438,0.23045646086562038,0.05015353029315757,1.2137256193542703,0.15568587105624143,-0.001156257324218743,0.066604921875,0.08568587105624142,0.22568587105624144,-0.08,0.08,0.07463527243580986,0.051683909626656525,1.146819186601438,Solve_Succeeded,0.05919183301739395,1011.4322522606903,False,-2181.958813915259,-0.10575181045419806,0.4135553796234184,0.3500000021140308,0.35000000938944326,0.3500000093895081,0.35,0.0,False,False,79990.73828125,5963.562250691366,20.210805232059418,7.73060606007288e-06,137.46592576742938,1.1271201633807792,1.057845439337298,0.8291739104917131,1.0497015221724948,0.165381683907133,1.0,0.00030848479803221776,0.0006562873235056894,0.001380134036191736,-0.02273632069936974,0.05238554387091182,0.0011889161663444536,-1809.8046884581565,True
11,moderate,66,scenario_nmpc,22.5,0.23024291551224058,0.050484014175284926,1.2386770250060686,0.2298398064867126,0.049164976358942264,1.23852622921784,0.157109375,-0.0011782519531250008,0.06602127075195313,0.08710937499999999,0.227109375,-0.08,0.08,0.07313354051224058,0.05166226612840993,1.1726557542541154,not_applicable,0.0,,False,-2185.963129832586,-0.10575595302305002,0.41452118455903586,0.3500000021140308,0.35000000938944326,0.3500000093894464,0.35,0.0,False,False,79903.19061279297,5954.200208409866,20.179076811164045,7.838070260545373e-06,138.93959343344096,1.1271201633807792,1.057845439337298,0.8291739104917131,1.0497015221724948,0.165381683907133,1.0,0.00030848479803221776,0.0006562873235056894,0.001380134036191736,-0.02273632069936974,0.05238554387091182,0.0011889161663444536,-1809.8046884581565,True
11,moderate,66,scenario_nmpc,23.0,0.2301521551234969,0.05044029614983808,1.2639081024820993,0.23021168652829244,0.051238926261620785,1.2636808407221178,0.15855024005486967,-0.0012000561523437536,0.065426669921875,0.08855024005486967,0.22855024005486968,-0.08,0.08,0.07160191506862723,0.051640352302181836,1.1984814325602242,not_applicable,0.0,,False,-2190.074740014555,-0.10575599929180007,0.41550436793117296,0.3500000021140308,0.3500000021140308,0.3500000024679069,0.35,0.0,False,False,79814.00048828125,5944.700080271976,20.146880410522424,7.949086874848706e-06,140.45821502698962,1.1271201633807792,1.057845439337298,0.8291739104917131,1.0497015221724948,0.165381683907133,1.0,0.00030848479803221776,0.0006562873235056894,0.001380134036191736,-0.02273632069936974,0.05238554387091182,0.0011889161663444536,-1809.8046884581565,True
11,moderate,66,scenario_nmpc,23.5,0.2300501294234436,0.05039649606611175,1.2891173004165402,0.23015114816449256,0.051545787876899146,1.2904152419602006,0.16000782321673526,-0.0012216699218750016,0.06482121459960938,0.09000782321673526,0.23000782321673527,-0.08,0.08,0.07004230620670834,0.05161816598798675,1.2242960858169307,not_applicable,0.0,,False,-2194.2973348527403,-0.1057524511051347,0.4165048071705042,0.3500000021140308,0.3500000021140308,0.3500000021312433,0.35,0.0,False,False,79723.1821899414,5935.063829608949,20.11422268396056,8.063745978789636e-06,142.02265614493345,1.1271201633807792,1.057845439337298,0.8291739104917131,1.0497015221724948,0.165381683907133,1.0,0.00030848479803221776,0.0006562873235056894,0.001380134036191736,-0.02273632069936974,0.05238554387091182,0.0011889161663444536,-1809.8046884581565,False
11,moderate,66,scenario_nmpc,24.0,0.2299379724812937,0.05035261169182875,1.3143045772232116,0.22991238578323267,0.04978344993375985,1.3153960448003177,0.16148148148148148,-0.0012430932617187584,0.064205,0.09148148148148147,0.23148148148148148,-0.08,0.08,0.06845649099981221,0.05159570495354751,1.2500995772232115,Solve_Succeeded,0.06038079201243818,316.6043622407614,False,-2198.634541070515,-0.10574575758268134,0.41752238101690514,0.3499999878809766,0.3500000021140308,0.35000000211486804,0.35,0.0,False,False,79630.75,5925.293394955936,20.08111020126924,8.182140993731783e-06,143.63381061216015,1.1271201633807792,1.057845439337298,0.8291739104917131,1.0497015221724948,0.165381683907133,1.0,0.00030848479803221776,0.0006562873235056894,0.001380134036191736,-0.02273632069936974,0.05238554387091182,0.0011889161663444536,-1809.8046884581565,False
11,moderate,66,scenario_nmpc,24.5,0.22981669916090589,0.05030864072354512,1.3394698901818913,0.2296452062017406,0.051311421738533126,1.3401848041301598,0.16297057184499314,-0.0012643261718749965,0.06357812133789062,0.09297057184499313,0.23297057184499315,-0.08,0.08,0.06684612731591275,0.05157296689542012,1.2758917688440008,not_applicable,0.0,,False,-2203.089937553732,-0.10573632060284818,0.4185569694413684,0.3499999878809766,0.3500000021140308,0.35000000211407156,0.35,0.0,False,False,79536.7182006836,5915.390691056471,20.047549451608308,8.304368780852361e-06,145.29260102116783,1.1271201633807792,1.057845439337298,0.8291739104917131,1.0497015221724948,0.165381683907133,1.0,0.00030848479803221776,0.0006562873235056894,0.001380134036191736,-0.02273632069936974,0.05238554387091182,0.0011889161663444536,-1809.8046884581565,False
11,moderate,66,scenario_nmpc,25.0,0.22968721750441037,0.05026458078747363,1.3646131954029486,0.22987845954740463,0.05135269427307946,1.3649740956229628,0.164474451303155,-0.0012853686523437435,0.062940673828125,0.09447445130315499,0.234474451303155,-0.08,0.08,0.06521276620125538,0.051549949439817375,1.3016725215748235,not_applicable,0.0,,False,-2207.6670655344265,-0.10572449860187752,0.41960845357147647,0.3499999878809766,0.3499999878809766,0.3499999885732741,0.3499999885732741,-2.2853451797644198e-08,False,False,79441.10107421875,5905.35760980471,20.01354684669993,8.430529739021184e-06,146.99997928640727,1.1271201633807792,1.057845439337298,0.8291739104917131,1.0497015221724948,0.165381683907133,1.0,0.00030848479803221776,0.0006562873235056894,0.001380134036191736,-0.02273632069936974,0.05238554387091182,0.0011889161663444536,-1809.8046884581565,False
11,moderate,66,scenario_nmpc,25.5,0.22955033982622847,0.05022042944011742,1.38973444779234,0.2297583705937741,0.04981206365663712,1.3897848789245324,0.16599247685185187,-0.0013062207031249995,0.062292752685546876,0.09599247685185186,0.23599247685185187,-0.08,0.08,0.0635578629743766,0.05152665014324242,1.327441695106793,not_applicable,0.0,,False,-2212.369458115745,-0.1057106153595866,0.42067671562017306,0.3499999878809766,0.3499999878809766,0.3499999879146499,0.3499999879146499,-1.3172483104284538e-09,False,False,79343.91290283203,5895.1960211304795,19.97910872382809,8.560727906386631e-06,148.7569272135873,1.1271201633807792,1.057845439337298,0.8291739104917131,1.0497015221724948,0.165381683907133,1.0,0.00030848479803221776,0.0006562873235056894,0.001380134036191736,-0.02273632069936974,0.05238554387091182,0.0011889161663444536,-1809.8046884581565,False
11,moderate,66,scenario_nmpc,26.0,0.22940679265163497,0.05017618416832536,1.414833601016777,0.22946280589231347,0.05009830588957022,1.4166077403421848,0.16752400548696844,-0.0013268823242187505,0.061634453125,0.09752400548696843,0.23752400548696845,-0.08,0.08,0.061882787164666525,0.05150306649254411,1.353199147891777,Solve_Succeeded,0.06077966699376702,318.6996970185972,False,-2217.2006281990275,-0.10569495752398367,0.4217616388175952,0.34999998867278287,0.3499999878809766,0.34999998788261444,0.34999998788261444,-6.407097075111778e-11,False,False,79245.16796875,5884.907773831726,19.944241348659794,8.695071065756092e-06,150.56445708412045,1.1271201633807792,1.057845439337298,0.8291739104917131,1.0497015221724948,0.165381683907133,1.0,0.00030848479803221776,0.0006562873235056894,0.001380134036191736,-0.02273632069936974,0.05238554387091182,0.0011889161663444536,-1809.8046884581565,False
11,moderate,66,scenario_nmpc,26.5,0.22925722562014933,0.05013184238959999,1.4399106074689851,0.22908794695424292,0.050382891930680594,1.4384487591595847,0.16906839420438957,-0.0013473535156250036,0.060965870361328126,0.09906839420438956,0.23906839420438958,-0.08,0.08,0.06018883141575976,0.05147919590522499,1.378944737107657,not_applicable,0.0,,False,-2222.164094536997,-0.1056777822127816,0.42286310734575583,0.34999998867278287,0.3499999878809766,0.34999998788105624,0.34999998788105624,-3.1163960301228144e-12,False,False,79144.88055419922,5874.494696358492,19.908950917901986,8.833670853861032e-06,152.42361225486124,1.1271201633807792,1.057845439337298,0.8291739104917131,1.0497015221724948,0.165381683907133,1.0,0.00030848479803221776,0.0006562873235056894,0.001380134036191736,-0.02273632069936974,0.05238554387091182,0.0011889161663444536,-1809.8046884581565,False
11,moderate,66,scenario_nmpc,27.0,0.2291022194615202,0.050087401451894185,1.4649654182329856,0.2289434004629789,0.04822401119143581,1.4653711464268129,0.170625,-0.0013676342773437516,0.060287099609375,0.10062499999999999,0.240625,-0.08,0.08,0.05847721946152021,0.05145503572923794,1.4046783186236107,not_applicable,0.0,,False,-2227.2633887658994,-0.10565931937774849,0.4239810062758817,0.34999998867278287,0.34999998867278287,0.3499999886342733,0.3499999886342733,1.5064340885828642e-09,False,False,79043.06494140625,5863.958597552136,19.87324356180684,8.976642874600512e-06,154.33546777328002,1.1271201633807792,1.057845439337298,0.8291739104917131,1.0497015221724948,0.165381683907133,1.0,0.00030848479803221776,0.0006562873235056894,0.001380134036191736,-0.02273632069936974,0.05238554387091182,0.0011889161663444536,-1809.8046884581565,False
11,moderate,66,scenario_nmpc,27.5,0.22894229314075715,0.050042858633276184,1.4899979830492436,0.2288495978041469,0.04983446016510439,1.488348749450823,0.1721931798696845,-0.0013877246093749948,0.059598236083984374,0.10219317986968449,0.2421931798696845,-0.08,0.08,0.056749113271072654,0.05143058324265118,1.4303997469652592,not_applicable,0.0,,False,-2232.5020632089218,-0.10563977429143323,0.4251152215082343,0.34999998867278287,0.34999998867278287,0.34999998867090976,0.34999998867090976,7.327294326842093e-11,False,False,78939.73541259766,5853.301267343199,19.837125346536833,9.124106816359874e-06,156.30113100819793,1.1271201633807792,1.057845439337298,0.8291739104917131,1.0497015221724948,0.165381683907133,1.0,0.00030848479803221776,0.0006562873235056894,0.001380134036191736,-0.02273632069936974,0.05238554387091182,0.0011889161663444536,-1809.8046884581565,False
11,moderate,66,scenario_nmpc,28.0,0.2287779102586997,0.0499982111414464,1.5150082502796105,0.2284322592235601,0.04934048649009759,1.513825646323695,0.17377229080932782,-0.001407624511718747,0.058899375000000004,0.10377229080932782,0.24377229080932783,-0.08,0.08,0.05500561944937188,0.051405835653165144,1.4561088752796105,Solve_Succeeded,0.06478470895672217,312.59011604203897,False,-2237.8837009809795,-0.10561933051109378,0.42626563971425235,0.3499999867312196,0.34999998867278287,0.3499999886726918,0.3499999886726918,3.5640379536516775e-12,False,False,78834.90625,5842.524477410941,19.800602276399946,9.276186573503817e-06,158.32174229618295,1.1271201633807792,1.057845439337298,0.8291739104917131,1.0497015221724948,0.165381683907133,1.0,0.00030848479803221776,0.0006562873235056894,0.001380134036191736,-0.02273632069936974,0.05238554387091182,0.0011889161663444536,-1809.8046884581565,False
11,moderate,66,scenario_nmpc,28.5,0.2286094847855904,0.04995345611305936,1.5399961668719764,0.22881966770644624,0.048592183646764445,1.544015364036255,0.17536168981481481,-0.001427333984375001,0.05819061157226563,0.10536168981481481,0.24536168981481482,-0.08,0.08,0.053247794970775586,0.05138079009743436,1.4818055552997107,not_applicable,0.0,,False,-2243.4119226942867,-0.10559815187518645,0.42743214828087306,0.3499999867312196,0.34999998867278287,0.34999998867277843,0.34999998867277843,1.7330581414398694e-13,False,False,78728.59173583984,5831.629981807371,19.763680295964555,9.433010372147022e-06,160.39847560370873,1.1271201633807792,1.057845439337298,0.8291739104917131,1.0497015221724948,0.165381683907133,1.0,0.00030848479803221776,0.0006562873235056894,0.001380134036191736,-0.02273632069936974,0.05238554387091182,0.0011889161663444536,-1809.8046884581565,False
11,moderate,66,scenario_nmpc,29.0,0.2284373861970535,0.049908590612918,1.5649616783245497,0.22864341625608373,0.04965189541929972,1.5677484985322676,0.17696073388203018,-0.0014468530273437502,0.057472041015625,0.10696073388203017,0.2469607338820302,-0.08,0.08,0.051476652315023325,0.05135544364026175,1.5074896373089246,not_applicable,0.0,,False,-2249.0903931362996,-0.10557638441451772,0.428614635256898,0.3499999867312196,0.3499999867312196,0.34999998682565703,0.34999998682565703,-3.694242800555969e-09,False,False,78620.80615234375,5820.619517548277,19.726365292062432,9.59471090030753e-06,162.53253920514408,1.1271201633807792,1.057845439337298,0.8291739104917131,1.0497015221724948,0.165381683907133,1.0,0.00030848479803221776,0.0006562873235056894,0.001380134036191736,-0.02273632069936974,0.05238554387091182,0.0011889161663444536,-1809.8046884581565,False
11,moderate,66,scenario_nmpc,29.5,0.22826194407466796,0.049863611633040074,1.5899047286497017,0.22796230018562075,0.04986461398207997,1.5870828392214353,0.17856878000685872,-0.0014661816406250014,0.05674375854492188,0.10856878000685871,0.24856878000685872,-0.08,0.08,0.04969316406780924,0.051329793273665075,1.5331609701047797,not_applicable,0.0,,False,-2254.9228309877335,-0.10555415890285957,0.429812989301285,0.3499999867312196,0.3499999867312196,0.34999998673581306,0.34999998673581306,-1.7968793120104465e-10,False,False,78511.56378173828,5809.494805173575,19.68866309568782,9.761425442551707e-06,164.7251763766416,1.1271201633807792,1.057845439337298,0.8291739104917131,1.0497015221724948,0.165381683907133,1.0,0.00030848479803221776,0.0006562873235056894,0.001380134036191736,-0.02273632069936974,0.05238554387091182,0.0011889161663444536,-1809.8046884581565,False
11,moderate,66,scenario_nmpc,30.0,0.2280834522268304,0.04981851609153552,1.6148252603372977,0.22849219148284966,0.04952061625383847,1.614948501848296,0.1801851851851852,-0.0014853198242187476,0.056005859375,0.11018518518518519,0.2501851851851852,-0.08,0.08,0.04789826704164521,0.05130383591575427,1.5588194009622978,Solve_Succeeded,0.06401454197475687,324.43420506045663,False,-2260.913010665121,-0.10553159142268989,0.4310270996332512,0.3499999863923805,0.3499999867312196,0.34999998673144306,0.34999998673144306,-8.74000871675662e-12,False,False,78400.87890625,5798.257549279098,19.65057948379968,9.933296019242235e-06,166.97766610596983,1.1271201633807792,1.057845439337298,0.8291739104917131,1.0497015221724948,0.165381683907133,1.0,0.00030848479803221776,0.0006562873235056894,0.001380134036191736,-0.02273632069936974,0.05238554387091182,0.0011889161663444536,-1809.8046884581565,False
11,moderate,66,scenario_nmpc,30.5,0.22790217237982563,0.04977330083145158,1.6397232143174574,0.22812583432797545,0.04887202684636042,1.6400291692941795,0.18180930641289436,-0.0015042675781250028,0.05525843872070313,0.11180930641289435,0.25180930641289434,-0.08,0.08,0.04609286596693127,0.051277568409576584,1.5844647755967542,not_applicable,0.0,,False,-2267.064770969325,-0.10550878550788023,0.43225685598409136,0.3499999863923805,0.3499999867312196,0.3499999867312305,0.3499999867312305,-4.2510439612897244e-13,False,False,78288.76580810547,5786.909439021749,19.61212018103368,1.0110469530503629e-05,169.29132381832267,1.1271201633807792,1.057845439337298,0.8291739104917131,1.0497015221724948,0.165381683907133,1.0,0.00030848479803221776,0.0006562873235056894,0.001380134036191736,-0.02273632069936974,0.05238554387091182,0.0011889161663444536,-1809.8046884581565,False
11,moderate,66,scenario_nmpc,31.0,0.22771833748382625,0.04972796261944915,1.6645985299226953,0.2277231161703095,0.05064516608609986,1.6658532391701009,0.1834405006858711,-0.001523024902343753,0.054501591796875,0.11344050068587108,0.2534405006858711,-0.08,0.08,0.04427783679795516,0.051250987521792905,1.6100969381258203,not_applicable,0.0,,False,-2273.3820198169483,-0.1054858332693787,0.43350214855061187,0.3499999863923805,0.3499999863923805,0.34999998640886215,0.34999998640886215,-6.447367084660982e-10,False,False,78175.23876953125,5775.452148599784,19.573290861329905,1.0293097905022398e-05,171.66750211812084,1.1271201633807792,1.057845439337298,0.8291739104917131,1.0497015221724948,0.165381683907133,1.0,0.00030848479803221776,0.0006562873235056894,0.001380134036191736,-0.02273632069936974,0.05238554387091182,0.0011889161663444536,-1809.8046884581565,False
11,moderate,66,scenario_nmpc,31.5,0.2275321546738716,0.049682498144388375,1.689451144849377,0.22680764301825218,0.049870856557641924,1.6869579366586362,0.185078125,-0.0015415917968750054,0.053735413818359376,0.115078125,0.25507812500000004,-0.08,0.08,0.0424540296738716,0.05122408994126338,1.6357157310310175,not_applicable,0.0,,False,-2279.8687399440587,-0.10546281668729694,0.43476286795009866,0.3499999863923805,0.3499999863923805,0.3499999863931822,0.3499999863931822,-3.1359914665074484e-11,False,False,78060.3120727539,5763.887337709867,19.534097149481823,1.0481338253802286e-05,174.10759154681057,1.1271201633807792,1.057845439337298,0.8291739104917131,1.0497015221724948,0.165381683907133,1.0,0.00030848479803221776,0.0006562873235056894,0.001380134036191736,-0.02273632069936974,0.05238554387091182,0.0011889161663444536,-1809.8046884581565,False
11,moderate,66,scenario_nmpc,32.0,0.22734380792171735,0.04963690401580347,1.7142809951184397,0.2270170929732686,0.04930527694682407,1.716887207156578,0.186721536351166,-0.0015599682617187527,0.05295999999999999,0.116721536351166,0.256721536351166,-0.08,0.08,0.040622271570551344,0.051196872277522225,1.6613209951184398,Solve_Succeeded,0.06164183298824355,337.33677018848573,False,-2286.528992979097,-0.10543980847111607,0.4360389051767378,0.34999998379262776,0.3499999863923805,0.34999998639241947,0.34999998639241947,-1.525446435834965e-12,False,False,77944.0,5752.216651982374,19.494544622611564,1.0675353028997124e-05,176.6130213566399,1.1271201633807792,1.057845439337298,0.8291739104917131,1.0497015221724948,0.165381683907133,1.0,0.00030848479803221776,0.0006562873235056894,0.001380134036191736,-0.02273632069936974,0.05238554387091182,0.0011889161663444536,-1809.8046884581565,False
11,moderate,66,scenario_nmpc,32.5,0.22715346041071208,0.04959117676229925,1.7390880150353303,0.22642376104862427,0.04918399797583427,1.737373473425952,0.18837009173525376,-0.0015781542968749881,0.05217544555664062,0.11837009173525376,0.25837009173525377,-0.08,0.08,0.03878336867545831,0.05116933105917424,1.6869125694786897,not_applicable,0.0,,False,-2293.3669246144145,-0.10541687311884793,0.43733015155941524,0.34999998379262776,0.3499999863923805,0.3499999863923824,0.3499999863923824,-7.416289804496046e-14,False,False,77826.3168334961,5740.441723396339,19.45463881157619,1.087531018794746e-05,179.18526030038882,1.1271201633807792,1.057845439337298,0.8291739104917131,1.0497015221724948,0.165381683907133,1.0,0.00030848479803221776,0.0006562873235056894,0.001380134036191736,-0.02273632069936974,0.05238554387091182,0.0011889161663444536,-1809.8046884581565,False
11,moderate,66,scenario_nmpc,33.0,0.22696125666250935,0.04954531282984696,1.7638721371491166,0.22691674869016204,0.049596813734346296,1.7626432467233657,0.19002314814814816,-0.0015961499023437464,0.051381845703125005,0.12002314814814816,0.2600231481481482,-0.08,0.08,0.03693810851436119,0.05114146273219071,1.7124902914459916,not_applicable,0.0,,False,-2300.3867677517483,-0.10539406747914826,0.4386364987208295,0.34999998379262776,0.34999998379262776,0.34999998391907977,0.34999998391907977,-4.94660523653323e-09,False,False,77707.27685546875,5728.564170675286,19.414385202309198,1.108138336254874e-05,181.82581743699492,1.1271201633807792,1.057845439337298,0.8291739104917131,1.0497015221724948,0.165381683907133,1.0,0.00030848479803221776,0.0006562873235056894,0.001380134036191736,-0.02273632069936974,0.05238554387091182,0.0011889161663444536,-1809.8046884581565,False
11,moderate,66,scenario_nmpc,33.5,0.22676732444142766,0.049499308580019726,1.7886332922107313,0.22623052983089986,0.04961826518293587,1.7875990117756078,0.1916800625857339,-0.0016139550781249998,0.05057929565429688,0.12168006258573388,0.2616800625857339,-0.08,0.08,0.035087261855693774,0.051113263658144725,1.7380539965564343,not_applicable,0.0,,False,-2307.5928513484464,-0.10537144249681324,0.43995783853785236,0.34999998379262776,0.34999998379262776,0.3499999837987784,0.3499999837987784,-2.4060275993775804e-10,False,False,77586.89434814453,5716.5855996651535,19.373789237101303,1.1293752034082553e-05,184.53624295301844,1.1271201633807792,1.057845439337298,0.8291739104917131,1.0497015221724948,0.165381683907133,1.0,0.00030848479803221776,0.0006562873235056894,0.001380134036191736,-0.02273632069936974,0.05238554387091182,0.0011889161663444536,-1809.8046884581565,False
11,moderate,66,scenario_nmpc,34.0,0.22657177645956353,0.04945316028805331,1.8133714091302895,0.22681019253401002,0.050037227588507496,1.8147843564727797,0.19334019204389574,-0.001631569824218762,0.049767890625000005,0.12334019204389574,0.26334019204389575,-0.08,0.08,0.033231584415667786,0.051084730112272075,1.7636035185052894,Solve_Succeeded,0.06149020796874538,361.2091241831904,False,-2314.9895977469764,-0.10534904242562526,0.4412940631030815,0.35000000093136596,0.34999998379262776,0.3499999837929269,0.3499999837929269,-1.1702971924876238e-11,False,False,77465.18359375,5704.507603695355,19.33285631582411,1.1512601713644247e-05,187.31812899985553,1.1271201633807792,1.057845439337298,0.8291739104917131,1.0497015221724948,0.165381683907133,1.0,0.00030848479803221776,0.0006562873235056894,0.001380134036191736,-0.02273632069936974,0.05238554387091182,0.0011889161663444536,-1809.8046884581565,False
11,moderate,66,scenario_nmpc,34.5,0.2263747119033852,0.04940686414096239,1.8380864149334502,0.2261988612456442,0.04860470727791134,1.8368763670679975,0.19500289351851852,-0.0016489941406250055,0.048947725830078115,0.1250028935185185,0.2650028935185185,-0.08,0.08,0.03137181838486669,0.051055858281587395,1.789138689103372,not_applicable,0.0,,False,-2322.5815308947804,-0.10532690636499199,0.4426450646875293,0.35000000093136596,0.34999998379262776,0.3499999837926423,0.3499999837926423,-5.692113447253178e-13,False,False,77342.15887451172,5692.331763924001,19.291591797100075,1.1738124128302926e-05,190.17311054659632,1.1271201633807792,1.057845439337298,0.8291739104917131,1.0497015221724948,0.165381683907133,1.0,0.00030848479803221776,0.0006562873235056894,0.001380134036191736,-0.02273632069936974,0.05238554387091182,0.0011889161663444536,-1809.8046884581565,False
11,moderate,66,scenario_nmpc,35.0,0.22617621780037656,0.04936041623549422,1.8627782347167954,0.22611065168043804,0.049433279622333064,1.8630501213220394,0.19666752400548698,-0.0016662280273437372,0.048118896484375,0.12666752400548698,0.266667524005487,-0.08,0.08,0.029508693794889573,0.051026644262837956,1.8146593382324203,not_applicable,0.0,,False,-2330.3732874610623,-0.1053050702644291,0.44401073570439814,0.35000000093136596,0.35000000093136596,0.35000000009773874,0.35,3.241471535631035e-08,False,False,77217.83447265625,5680.059649668205,19.25000099942194,1.1970517413132527e-05,193.10286624840563,1.1271201633807792,1.057845439337298,0.8291739104917131,1.0497015221724948,0.165381683907133,1.0,0.00030848479803221776,0.0006562873235056894,0.001380134036191736,-0.02273632069936974,0.05238554387091182,0.0011889161663444536,-1809.8046884581565,False
11,moderate,66,scenario_nmpc,35.5,0.22597637024230105,0.049313812575861676,1.8874467916021307,0.22602687679062078,0.04981242515531956,1.8873121558663248,0.19833344050068585,-0.0016832714843749985,0.04728149780273438,0.12833344050068585,0.26833344050068586,-0.08,0.08,0.027642929741615196,0.050997084060236675,1.8401652937993964,not_applicable,0.0,,False,-2338.369587592047,-0.10528356071828082,0.44539096867389644,0.35000000093136596,0.35000000093136596,0.35000000089081834,0.35,0.0,False,False,77092.22467041016,5667.692818720325,19.20808920222448,1.2209986309254453e-05,196.10911933027515,1.1271201633807792,1.057845439337298,0.8291739104917131,1.0497015221724948,0.165381683907133,1.0,0.00030848479803221776,0.0006562873235056894,0.001380134036191736,-0.02273632069936974,0.05238554387091182,0.0011889161663444536,-1809.8046884581565,False
11,moderate,66,scenario_nmpc,36.0,0.2257752354801116,0.049267049072062745,1.9120920066897993,0.22610370405104627,0.050035264886995806,1.9136813581167267,0.2,-0.001700124511718755,0.046435625,0.13,0.27,-0.08,0.08,0.025775235480111597,0.0509671735837815,1.8656563816897993,Solve_Succeeded,0.06357337499503046,385.81494025616973,False,-2346.5752875899398,-0.10526240540588641,0.44678565618904953,0.34999999837233453,0.35000000093136596,0.3500000009293937,0.35,0.0,False,False,76965.34375,5655.232817650954,19.165861646911356,1.245674236803517e-05,199.19363848598456,1.1271201633807792,1.057845439337298,0.8291739104917131,1.0497015221724948,0.165381683907133,1.0,0.00030848479803221776,0.0006562873235056894,0.001380134036191736,-0.02273632069936974,0.05238554387091182,0.0011889161663444536,-1809.8046884581565,False
11,moderate,66,scenario_nmpc,36.5,0.22557287090375883,0.04922012153714774,1.9367137990108914,0.22517952562278162,0.049409778681713645,1.934724076089669,0.2016665594993141,-0.0017167871093750064,0.04558137329101562,0.1316665594993141,0.2716665594993141,-0.08,0.08,0.023906311404444713,0.05093690864652275,1.8911324257198758,not_applicable,0.0,,False,-2354.9953508307995,-0.10524162681023161,0.4481946908824673,0.34999999837233453,0.35000000093136596,0.35000000093127004,0.35,0.0,False,False,76837.20599365234,5642.681182099389,19.123323537839543,1.2711004161583698e-05,202.35823879207564,1.1271201633807792,1.057845439337298,0.8291739104917131,1.0497015221724948,0.165381683907133,1.0,0.00030848479803221776,0.0006562873235056894,0.001380134036191736,-0.02273632069936974,0.05238554387091182,0.0011889161663444536,-1809.8046884581565,False
11,moderate,66,scenario_nmpc,37.0,0.22536932591878334,0.0491730256850695,1.9613120854782338,0.2251414421095959,0.049709255126733035,1.96204691661658,0.20333247599451304,-0.001733259277343746,0.044718837890624995,0.13333247599451303,0.27333247599451305,-0.08,0.08,0.022036849924270296,0.05090628496241325,1.9165932475876089,not_applicable,0.0,,False,-2363.6348584722623,-0.10522124407198843,0.44961796539402865,0.34999999837233453,0.34999999837233453,0.34999999849680113,0.34999999849680113,-3.0063976863559105e-09,False,False,76707.82568359375,5630.039437052273,19.080480043263627,1.297299749969606e-05,205.6047826366207,1.1271201633807792,1.057845439337298,0.8291739104917131,1.0497015221724948,0.165381683907133,1.0,0.00030848479803221776,0.0006562873235056894,0.001380134036191736,-0.02273632069936974,0.05238554387091182,0.0011889161663444536,-1809.8046884581565,False
11,moderate,66,scenario_nmpc,37.5,0.22516464273052778,0.049125757128320555,1.9858867808362515,0.22488265393029247,0.050144201845974165,1.9883289365199746,0.2049971064814815,-0.0017495410156249946,0.04384811401367188,0.1349971064814815,0.2749971064814815,-0.08,0.08,0.02016753624904627,0.05087529814394555,1.9420386668225795,not_applicable,0.0,,False,-2372.499016034818,-0.10520127391309597,0.45105537233944787,0.34999999837233453,0.34999999837233453,0.3499999983783886,0.3499999983783886,-2.368251150741685e-10,False,False,76577.21710205078,5617.309097111061,19.037336296242305,1.324295565339623e-05,208.9351806625521,1.1271201633807792,1.057845439337298,0.8291739104917131,1.0497015221724948,0.165381683907133,1.0,0.00030848479803221776,0.0006562873235056894,0.001380134036191736,-0.02273632069936974,0.05238554387091182,0.0011889161663444536,-1809.8046884581565,False
11,moderate,66,scenario_nmpc,38.0,0.2249588570455107,0.04907831137543967,2.0104377976096144,0.2248818053784502,0.04885646361707152,2.0086549158563645,0.20665980795610428,-0.0017656323242187522,0.042969296875,0.13665980795610427,0.2766598079561043,-0.08,0.08,0.01829904908940641,0.050843943699658424,1.9674685007346144,Solve_Succeeded,0.0637076249695383,412.8724822771794,False,-2381.5931520584095,-0.10518173002181147,0.45250680427969014,0.15044629236954288,0.34999999837233453,0.349999998372629,0.349999998372629,-1.1519118991998312e-11,False,False,76445.39453125,5604.4916667489015,18.99389739550893,1.3521119585223644e-05,212.3513927252687,1.1271201633807792,1.057845439337298,0.8291739104917131,1.0497015221724948,0.165381683907133,1.0,0.00030848479803221776,0.0006562873235056894,0.001380134036191736,-0.02273632069936974,0.05238554387091182,0.0011889161663444536,-1809.8046884581565,False
11,moderate,66,scenario_nmpc,38.5,0.22475199869856713,0.04903068382854632,2.0349650460506443,0.22481572077384207,0.05006981336295462,2.0364748402256123,0.20831993741426613,-0.0017815332031249978,0.042082481689453125,0.13831993741426613,0.27831993741426614,-0.08,0.08,0.016432061284300997,0.05081221703167132,1.9928825643611912,not_applicable,0.0,,False,-2390.9227242325433,-0.10516262385373715,0.4539721536912043,0.15044629236954288,0.34999999837233453,0.34999999837234885,0.34999999837234885,-5.603295605283165e-13,False,False,76312.37225341797,5591.588640557487,18.950168406308123,1.380773818642053e-05,215.855428864238,1.1271201633807792,1.057845439337298,0.8291739104917131,1.0497015221724948,0.165381683907133,1.0,0.00030848479803221776,0.0006562873235056894,0.001380134036191736,-0.02273632069936974,0.05238554387091182,0.0011889161663444536,-1809.8046884581565,False
11,moderate,66,scenario_nmpc,39.0,0.22454409221346597,0.048982869780753314,2.059468434085459,0.2248558158097575,0.04927044931607899,2.0597026497781545,0.20997685185185183,-0.0017972436523437524,0.041187763671875,0.13997685185185182,0.27997685185185184,-0.08,0.08,0.014567240361614137,0.05078011343309707,2.018280670413584,not_applicable,0.0,,False,-2347.029205764785,-0.09562722641796506,0.4554513129369436,0.15044629236954288,0.15044629236954288,0.16015258112136085,0.2599999983723489,-0.17999999999999994,False,True,76178.16455078125,5578.601503484431,18.90615436120024,1.4103068521172137e-05,219.44935028825378,1.1271201633807792,1.057845439337298,0.8291739104917131,1.0497015221724948,0.165381683907133,1.0,0.00030848479803221776,0.0006562873235056894,0.001380134036191736,-0.02273632069936974,0.05238554387091182,0.0011889161663444536,-1809.8046884581565,False
11,moderate,66,scenario_nmpc,39.5,0.22433541509176597,0.04893593369198722,2.083948134578888,0.22407849147443964,0.04872382408760753,2.0842656408744427,0.21162990826474626,-0.001812763671875002,0.04028523803710937,0.14162990826474625,0.28162990826474626,-0.08,0.08,0.012705506827019708,0.05074869736386222,2.0436628965417785,not_applicable,0.0,,False,-2301.230652338258,-0.08602999732804004,0.4569441742381477,0.15044629236954288,0.15044629236954288,0.15091840608379453,0.1699999983723489,-0.18,False,True,76042.7857055664,5565.531731061606,18.861860260835236,1.4407376078055472e-05,223.13527037399714,1.1271201633807792,1.057845439337298,0.8291739104917131,1.0497015221724948,0.165381683907133,1.0,0.00030848479803221776,0.0006562873235056894,0.001380134036191736,-0.02273632069936974,0.05238554387091182,0.0011889161663444536,-1809.8046884581565,False
11,moderate,66,scenario_nmpc,40.0,0.22412647248804876,0.048889913654107255,2.108404596034141,0.22387468403897637,0.048405235555984784,2.1074555160422666,0.21327846364883404,-0.0018280932617187468,0.039375,0.14327846364883404,0.283278463648834,-0.08,0.08,0.010848008839214718,0.050718006915826,2.0690295960341407,Solve_Succeeded,0.062473041005432606,450.22776028742703,False,-2297.013384018692,-0.08387087605204109,0.45845062964685884,-0.17301227551812529,0.15044629236954288,0.15046925597230432,0.15046925597230432,-0.03906148480008914,False,False,75906.25,5552.380789624953,18.817291074697604,1.4720935028852584e-05,226.91535567751174,1.1271201633807792,1.057845439337298,0.8291739104917131,1.0497015221724948,0.165381683907133,1.0,0.00030848479803221776,0.0006562873235056894,0.001380134036191736,-0.02273632069936974,0.05238554387091182,0.0011889161663444536,-1809.8046884581565,False
11,moderate,66,scenario_nmpc,40.5,0.22391752529497394,0.048843978036118466,2.1328380685692285,0.2239936066115375,0.04846701504665393,2.1335830795811725,0.214921875,-0.0018432324218749935,0.038457144775390625,0.144921875,0.284921875,-0.08,0.08,0.008995650294973928,0.05068721045799346,2.094380923793838,not_applicable,0.0,,False,-2304.8091994981623,-0.08378162245756421,0.4599705710191495,-0.17301227551812529,0.15044629236954288,0.15044740931877748,0.15044740931877748,-4.369330705367158e-05,False,False,75768.5717163086,5539.150136526166,18.77245174182378,1.5044028494885205e-05,230.7918269581621,1.1271201633807792,1.057845439337298,0.8291739104917131,1.0497015221724948,0.165381683907133,1.0,0.00030848479803221776,0.0006562873235056894,0.001380134036191736,-0.02273632069936974,0.05238554387091182,0.0011889161663444536,-1809.8046884581565,False
11,moderate,66,scenario_nmpc,41.0,0.22370855603845732,0.04879788657818048,2.157248534328949,0.22355472738792928,0.04836055373917341,2.1572575846918958,0.21655949931412896,-0.001858181152343763,0.03753176757812501,0.14655949931412895,0.28655949931412894,-0.08,0.08,0.007149056724328362,0.050656067730524244,2.119716766750824,not_applicable,0.0,,False,-2254.857957028976,-0.07405170338983903,0.46150388998903746,-0.17301227551812529,-0.17301227551812529,-0.1572792021340867,0.060447409318777484,-0.18,False,True,75629.76513671875,5525.841220336646,18.727347171493353,1.5376948821029015e-05,234.76696021462615,1.1271201633807792,1.057845439337298,0.8291739104917131,1.0497015221724948,0.165381683907133,1.0,0.00030848479803221776,0.0006562873235056894,0.001380134036191736,-0.02273632069936974,0.05238554387091182,0.0011889161663444536,-1809.8046884581565,False
11,moderate,66,scenario_nmpc,41.5,0.2234997716690323,0.048752794220563306,2.181636204128635,0.2235789383710696,0.049101141265234516,2.179813778300034,0.21819069358710566,-0.0018729394531250138,0.03659896362304686,0.14819069358710565,0.2881906935871057,-0.08,0.08,0.005309078081926627,0.05062573367368832,2.145037240505588,not_applicable,0.0,,False,-2202.699378774415,-0.06425745449109765,0.4630504779430665,-0.17301227551812529,-0.17301227551812529,-0.17224701910531343,-0.029552590681222513,-0.18,False,True,75489.84454345703,5512.455481044132,18.68198224389546,1.571999785756491e-05,238.84308773241418,1.1271201633807792,1.057845439337298,0.8291739104917131,1.0497015221724948,0.165381683907133,1.0,0.00030848479803221776,0.0006562873235056894,0.001380134036191736,-0.02273632069936974,0.05238554387091182,0.0011889161663444536,-1809.8046884581565,False
11,moderate,66,scenario_nmpc,42.0,0.22329163662407134,0.04870874510086769,2.206001588553602,0.22334470472653387,0.04882594434060541,2.2053141119481037,0.21981481481481485,-0.0018875073242187387,0.03565882812499999,0.14981481481481485,0.28981481481481486,-0.08,0.08,0.003476821809256486,0.050596252425086426,2.170342760428602,Solve_Succeeded,0.06625916599296033,491.2781360430121,False,-2148.2366792077314,-0.05439823162663795,0.46461022599553314,-0.3271527078856009,-0.17301227551812529,-0.17297505345965933,-0.11955259068122251,-0.18,False,True,75348.82421875,5498.99435024233,18.63636181077146,1.6073487250026188e-05,243.02259914238914,1.1271201633807792,1.057845439337298,0.8291739104917131,1.0497015221724948,0.165381683907133,1.0,0.00030848479803221776,0.0006562873235056894,0.001380134036191736,-0.02273632069936974,0.05238554387091182,0.0011889161663444536,-1809.8046884581565,False
11,moderate,66,scenario_nmpc,42.5,0.22308458832748157,0.04866578529255052,2.2303452207419197,0.2233162462879297,0.049422730204686384,2.2292577943072467,0.2214312199931413,-0.0019018847656249865,0.034711456298828124,0.1514312199931413,0.2914312199931413,-0.08,0.08,0.001653368334340266,0.05056767005817551,2.1956337644430914,not_applicable,0.0,,False,-2116.4092827163013,-0.04842845661419566,0.46618302496434094,-0.3271527078856009,-0.17301227551812529,-0.17301046503785586,-0.17301046503785586,-0.1069157487132667,False,False,75206.71844482422,5485.459251313897,18.590490696035044,1.6437738737199297e-05,247.307942489707,1.1271201633807792,1.057845439337298,0.8291739104917131,1.0497015221724948,0.165381683907133,1.0,0.00030848479803221776,0.0006562873235056894,0.001380134036191736,-0.02273632069936974,0.05238554387091182,0.0011889161663444536,-1809.8046884581565,False
11,moderate,66,scenario_nmpc,43.0,0.22287892020312203,0.048623462082684546,2.254667532171541,0.22311803856809578,0.049553154027632315,2.2539284378964,0.22303926611796981,-0.0019160717773437363,0.033756943359375007,0.1530392661179698,0.2930392661179698,-0.08,0.08,-0.00016034591484778704,0.05053953386002828,2.220910588812166,not_applicable,0.0,,False,-2057.564491240508,-0.03845075407902939,0.46776876534746137,-0.3271527078856009,-0.3271527078856009,-0.3196552319033106,-0.26301046503785586,-0.18,False,True,75063.54150390625,5471.851599607084,18.544373696370922,1.6813084457436497e-05,251.7016253125693,1.1271201633807792,1.057845439337298,0.8291739104917131,1.0497015221724948,0.165381683907133,1.0,0.00030848479803221776,0.0006562873235056894,0.001380134036191736,-0.02273632069936974,0.05238554387091182,0.0011889161663444536,-1809.8046884581565,False
11,moderate,66,scenario_nmpc,43.5,0.22267492017057866,0.04858231581393197,2.2789689762278718,0.22227182906135431,0.04919369329797406,2.279391832781717,0.2246383101851852,-0.001930068359375016,0.03279538452148439,0.1546383101851852,0.2946383101851852,-0.08,0.08,-0.0019633900146065475,0.05051238417330699,2.246173591706387,not_applicable,0.0,,False,-2014.8594166781463,-0.03126368459979473,0.469367337299987,-0.3271527078856009,-0.3271527078856009,-0.3267880307856281,-0.3267880307856281,-0.12755513149554454,False,False,74919.30767822266,5458.172802606335,18.49801558181297,1.7199867263436646e-05,256.2062157301172,1.1271201633807792,1.057845439337298,0.8291739104917131,1.0497015221724948,0.165381683907133,1.0,0.00030848479803221776,0.0006562873235056894,0.001380134036191736,-0.02273632069936974,0.05238554387091182,0.0011889161663444536,-1809.8046884581565,False
11,moderate,66,scenario_nmpc,44.0,0.2224728939083319,0.04854202368428547,2.3032500606815467,0.2224906961437095,0.05059674856600395,2.3050228203361023,0.22622770919067217,-0.0019438745117187697,0.03182687499999999,0.15622770919067216,0.2962277091906722,-0.08,0.08,-0.0037548152823402847,0.05048589819600424,2.2714231856815466,Solve_Succeeded,0.06550120800966397,533.0890825151771,False,-2016.5584559347403,-0.030964590699155393,0.47097863061175976,-0.3499999996621127,-0.3271527078856009,-0.3271349699978693,-0.3271349699978693,-0.0006938784244823193,False,False,74774.03125,5444.424260097118,18.451421096302866,1.759844104565087e-05,260.82434353877477,1.1271201633807792,1.057845439337298,0.8291739104917131,1.0497015221724948,0.165381683907133,1.0,0.00030848479803221776,0.0006562873235056894,0.001380134036191736,-0.02273632069936974,0.05238554387091182,0.0011889161663444536,-1809.8046884581565,False
11,moderate,66,scenario_nmpc,44.5,0.22227282613149146,0.048501697610553444,2.327510990581253,0.22221928861512127,0.04901256979768177,2.328722537288931,0.2278068201303155,-0.001957490234374991,0.030851510009765618,0.1578068201303155,0.2978068201303155,-0.08,0.08,-0.005533993998824038,0.050459187844928435,2.2966594805714875,not_applicable,0.0,,False,-2018.5196868044711,-0.030701044938432155,0.472602534685558,-0.3499999996621127,-0.3271527078856009,-0.32715184511505346,-0.32715184511505346,-3.375023436835711e-05,False,False,74627.72650146484,5430.607364325257,18.40459495823004,1.8009171064467275e-05,265.55870131628376,1.1271201633807792,1.057845439337298,0.8291739104917131,1.0497015221724948,0.165381683907133,1.0,0.00030848479803221776,0.0006562873235056894,0.001380134036191736,-0.02273632069936974,0.05238554387091182,0.0011889161663444536,-1809.8046884581565,False
11,moderate,66,scenario_nmpc,45.0,0.22207449549791938,0.04846133235509198,2.351751747645027,0.22239736100787402,0.04890721788308313,2.349421111388607,0.22937500000000002,-0.001970915527343728,0.029869384765625,0.15937500000000002,0.29937500000000006,-0.08,0.08,-0.00730050450208064,0.05043224788243571,2.321882362879402,not_applicable,0.0,,False,-2003.9514924864775,-0.028045568448765754,0.47423893851582877,-0.3499999996621127,-0.3499999996621127,-0.3488886658266148,-0.3488886658266148,-0.04347364142312271,False,False,74480.40771484375,5416.723500150996,18.35754186095386,1.8432434291327678e-05,270.41204553263526,1.1271201633807792,1.057845439337298,0.8291739104917131,1.0497015221724948,0.165381683907133,1.0,0.00030848479803221776,0.0006562873235056894,0.001380134036191736,-0.02273632069936974,0.05238554387091182,0.0011889161663444536,-1809.8046884581565,False
11,moderate,66,scenario_nmpc,45.5,0.22187778220586402,0.04842125851084655,2.3759723949299287,0.2219592323078618,0.048576831415697304,2.37738646522103,0.23093160579561045,-0.0019841503906249877,0.02888059448242189,0.16093160579561044,0.30093160579561046,-0.08,0.08,-0.009053823589746435,0.050405408901471535,2.3470918004475068,not_applicable,0.0,,False,-2004.7893784543612,-0.027657747046707384,0.47588773066795076,-0.3499999996621127,-0.3499999996621127,-0.3499459444038914,-0.3499459444038914,-0.0021145571545531094,False,False,74332.08917236328,5402.774045198055,18.310266473308733,1.8868619758926806e-05,275.3871976670455,1.1271201633807792,1.057845439337298,0.8291739104917131,1.0497015221724948,0.165381683907133,1.0,0.00030848479803221776,0.0006562873235056894,0.001380134036191736,-0.02273632069936974,0.05238554387091182,0.0011889161663444536,-1809.8046884581565,False
11,moderate,66,scenario_nmpc,46.0,0.22168258147812106,0.04838116795911832,2.4001730011115994,0.22177110855476875,0.048316058205123726,2.4048743745829833,0.23247599451303155,-0.0019971948242187704,0.027885234375000012,0.16247599451303155,0.30247599451303153,-0.08,0.08,-0.010793413034910493,0.05037836278333709,2.3722877667365996,Solve_Succeeded,0.06396925001172349,590.7678531485566,False,-2006.4061606364157,-0.027380034603472214,0.4775487992580159,-0.3500000072114796,-0.3499999996621127,-0.3499973704153031,-0.3499973704153031,-0.00010285202282345196,False,False,74182.78515625,5388.760369997873,18.26277344009299,1.9318128920642184e-05,280.4870453300791,1.1271201633807792,1.057845439337298,0.8291739104917131,1.0497015221724948,0.165381683907133,1.0,0.00030848479803221776,0.0006562873235056894,0.001380134036191736,-0.02273632069936974,0.05238554387091182,0.0011889161663444536,-1809.8046884581565,False
11,moderate,66,scenario_nmpc,46.5,0.2214887240919216,0.048341045127406064,2.4243535539427223,0.22171109279823104,0.049302224753351845,2.4243358053969764,0.23400752314814816,-0.0020100488281250273,0.02688339965820312,0.16400752314814815,0.30400752314814816,-0.08,0.08,-0.012518799056226548,0.05035109395553109,2.397470154284519,not_applicable,0.0,,False,-2008.0737719087062,-0.027107076806084603,0.4792220319331153,-0.3500000072114796,-0.3499999996621127,-0.3499998717755941,-0.3499998717755941,-5.002720582014675e-06,False,False,74032.50994873047,5374.683838129254,18.215067382542145,1.9781376019339474e-05,285.7145433899623,1.1271201633807792,1.057845439337298,0.8291739104917131,1.0497015221724948,0.165381683907133,1.0,0.00030848479803221776,0.0006562873235056894,0.001380134036191736,-0.02273632069936974,0.05238554387091182,0.0011889161663444536,-1809.8046884581565,False
11,moderate,66,scenario_nmpc,47.0,0.22129605458894455,0.04830088900444069,2.4485140370300496,0.2214076627868477,0.04705990203837294,2.44882773976792,0.235525548696845,-0.0020227124023437446,0.025875185546874985,0.165525548696845,0.305525548696845,-0.08,0.08,-0.014229494107900448,0.050323601406784435,2.4226388514831747,not_applicable,0.0,,False,-2009.7548897816976,-0.026833689088520712,0.48090731585211915,-0.3500000072114796,-0.3500000072114796,-0.35000000062388054,-0.35,-2.564488117418051e-07,False,False,73881.27783203125,5360.54580635363,18.16715289878729,2.0258788465694984e-05,291.07271510208136,1.1271201633807792,1.057845439337298,0.8291739104917131,1.0497015221724948,0.165381683907133,1.0,0.00030848479803221776,0.0006562873235056894,0.001380134036191736,-0.02273632069936974,0.05238554387091182,0.0011889161663444536,-1809.8046884581565,False
11,moderate,66,scenario_nmpc,47.5,0.22110443340540545,0.04826069932518715,2.472654433661275,0.2211983201761586,0.04791377119665886,2.4733974048915504,0.23702942815500688,-0.0020351855468749847,0.024860687255859375,0.16702942815500688,0.3070294281550069,-0.08,0.08,-0.015924994749601434,0.05029588487206214,2.4477937464054156,not_applicable,0.0,,False,-2011.4465208262307,-0.026559584868962358,0.48260453766693817,-0.3500000072114796,-0.3500000072114796,-0.3500000068910589,-0.35,0.0,False,False,73729.1030883789,5346.3476247460985,18.119034564299216,2.0750807226172183e-05,296.56465324059195,1.1271201633807792,1.057845439337298,0.8291739104917131,1.0497015221724948,0.165381683907133,1.0,0.00030848479803221776,0.0006562873235056894,0.001380134036191736,-0.02273632069936974,0.05238554387091182,0.0011889161663444536,-1809.8046884581565,False
11,moderate,66,scenario_nmpc,48.0,0.22091373540419612,0.04822047588428283,2.4967747270065086,0.22148879280858727,0.04794953713231294,2.4967977825852494,0.23851851851851852,-0.0020474682617187406,0.02384,0.1685185185185185,0.3085185185185185,-0.08,0.08,-0.017604783114322398,0.050267944146001574,2.4729347270065087,Solve_Succeeded,0.062234749959316105,644.1103978579022,False,-2013.1473157976495,-0.026284717647459613,0.48431358350425724,-0.35000000802698333,-0.3500000072114796,-0.35000000719589436,-0.35,0.0,False,False,73576.0,5332.090636822434,18.070716932318835,2.1257887220785578e-05,302.1935212310196,1.1271201633807792,1.057845439337298,0.8291739104917131,1.0497015221724948,0.165381683907133,1.0,0.00030848479803221776,0.0006562873235056894,0.001380134036191736,-0.02273632069936974,0.05238554387091182,0.0011889161663444536,-1809.8046884581565,False
11,moderate,66,scenario_nmpc,48.5,0.2207238483924492,0.04818021850317757,2.5208749001398973,0.22084162600953278,0.04789526371812232,2.522157485674238,0.23999217678326476,-0.0020595605468750125,0.022813218994140634,0.16999217678326475,0.30999217678326474,-0.08,0.08,-0.019268328390815548,0.050239779050052585,2.4980616811457566,not_applicable,0.0,,False,-2014.855993873551,-0.026009060213330194,0.48603433894772885,-0.35000000802698333,-0.3500000072114796,-0.35000000721072155,-0.35,0.0,False,False,73421.9828491211,5317.776179662232,18.022204534274533,2.178049773077945e-05,307.96255428266664,1.1271201633807792,1.057845439337298,0.8291739104917131,1.0497015221724948,0.165381683907133,1.0,0.00030848479803221776,0.0006562873235056894,0.001380134036191736,-0.02273632069936974,0.05238554387091182,0.0011889161663444536,-1809.8046884581565,False
11,moderate,66,scenario_nmpc,49.0,0.22053467178556066,0.04813992702878711,2.5449549360526906,0.22056165524437557,0.047214572867367126,2.545810503269626,0.24144975994513035,-0.0020714624023437656,0.021780439453124988,0.17144975994513034,0.31144975994513036,-0.08,0.08,-0.02091508815956969,0.050211389431130876,2.5231744965995655,not_applicable,0.0,,False,-2016.5243918988015,-0.025726760202876467,0.4878384306542634,-0.35000000802698333,-0.35000000802698333,-0.35000000798728037,-0.35,0.0,False,False,73267.06591796875,5303.405584028344,17.973501880186948,2.231912281634293e-05,313.8750605195653,1.1271201633807792,1.057845439337298,0.8291739104917131,1.0497015221724948,0.165381683907133,1.0,0.00030848479803221776,0.0006562873235056894,0.001380134036191736,-0.02273632069936974,0.05238554387091182,0.0011889161663444536,-1809.8046884581565,False
11,moderate,66,scenario_nmpc,49.5,0.2203461156361197,0.048099602271154916,2.5690148179003893,0.22014084154163976,0.048644274074149195,2.567950995834068,0.24289062500000003,-0.002083173828124986,0.02074175659179687,0.17289062500000002,0.31289062500000003,-0.08,0.08,-0.022544509363880333,0.0501827760992799,2.5482730613085924,not_applicable,0.0,,False,-2018.155571132043,-0.02543867052756244,0.4897150181989939,-0.35000000802698333,-0.35000000802698333,-0.35000000802505216,-0.35,0.0,False,False,73111.26348876953,5288.980174482759,17.92461345906169,2.2874261744477527e-05,319.93442210867545,1.1271201633807792,1.057845439337298,0.8291739104917131,1.0497015221724948,0.165381683907133,1.0,0.00030848479803221776,0.0006562873235056894,0.001380134036191736,-0.02273632069936974,0.05238554387091182,0.0011889161663444536,-1809.8046884581565,False
11,moderate,66,scenario_nmpc,50.0,0.22015809973491227,0.04805924497897392,2.5930545292281892,0.22034500703937507,0.04749819182590104,2.5942258293058185,0.2443141289437586,-0.002094694824218736,0.019697265625,0.17431412894375858,0.3143141289437586,-0.08,0.08,-0.024156029208846325,0.05015393980319265,2.573357263603189,Solve_Succeeded,0.06294416601303965,704.4955272645838,False,-2019.786401178618,-0.025149652390111424,0.4916039796605237,-0.35000000853340796,-0.35000000802698333,-0.3500000080268894,-0.35,0.0,False,False,72954.58984375,5274.501269499071,17.875543739270487,2.3446429427125124e-05,326.14409638393766,1.1271201633807792,1.057845439337298,0.8291739104917131,1.0497015221724948,0.165381683907133,1.0,0.00030848479803221776,0.0006562873235056894,0.001380134036191736,-0.02273632069936974,0.05238554387091182,0.0011889161663444536,-1809.8046884581565,False
11,moderate,66,scenario_nmpc,50.5,0.21997055240447594,0.048018855163441496,2.617074053771266,0.22005603636152032,0.04839919621447431,2.6180214421177537,0.2457196287722908,-0.002106025390624995,0.018647061767578132,0.1757196287722908,0.3157196287722908,-0.08,0.08,-0.02574907636781487,0.05012488055406649,2.5984269920036875,not_applicable,0.0,,False,-2021.415257172152,-0.024859694691646735,0.49350519329425013,-0.35000000853340796,-0.35000000802698333,-0.3500000080269788,-0.35,0.0,False,False,72797.05926513672,5259.970181571663,17.82629716892124,2.4036156869657575e-05,332.50761696473967,1.1271201633807792,1.057845439337298,0.8291739104917131,1.0497015221724948,0.165381683907133,1.0,0.00030848479803221776,0.0006562873235056894,0.001380134036191736,-0.02273632069936974,0.05238554387091182,0.0011889161663444536,-1809.8046884581565,False
11,moderate,66,scenario_nmpc,51.0,0.21978340944680683,0.04797843286817176,2.6410733752785047,0.2197372290585045,0.047612245228247405,2.6402386658425523,0.24710648148148148,-0.00211716552734377,0.017591240234375007,0.17710648148148148,0.31710648148148146,-0.08,0.08,-0.027323072034674656,0.05009559839551553,2.6234821350441297,not_applicable,0.0,,False,-2023.0404540783848,-0.024568789242692554,0.495418536625849,-0.35000000853340796,-0.35000000853340796,-0.3500000085087753,-0.35,0.0,False,False,72638.68603515625,5245.388217321746,17.776878176217384,2.4643991629819766e-05,339.0285948672705,1.1271201633807792,1.057845439337298,0.8291739104917131,1.0497015221724948,0.165381683907133,1.0,0.00030848479803221776,0.0006562873235056894,0.001380134036191736,-0.02273632069936974,0.05238554387091182,0.0011889161663444536,-1809.8046884581565,False
11,moderate,66,scenario_nmpc,51.5,0.21959661337989733,0.047937978170412614,2.665052477529012,0.2195648627628188,0.04818388681031366,2.665158095649166,0.2484740440672154,-0.0021281152343750123,0.016529896240234362,0.1784740440672154,0.3184740440672154,-0.08,0.08,-0.028877430687318073,0.050066093404787626,2.648522581288778,not_applicable,0.0,,False,-2024.6602430665578,-0.024276930467840817,0.4973438864335049,-0.35000000853340796,-0.35000000853340796,-0.3500000085322098,-0.35,0.0,False,False,72479.48443603516,5230.756677600381,17.72729116980702,2.5270498287209336e-05,345.71071960717796,1.1271201633807792,1.057845439337298,0.8291739104917131,1.0497015221724948,0.165381683907133,1.0,0.00030848479803221776,0.0006562873235056894,0.001380134036191736,-0.02273632069936974,0.05238554387091182,0.0011889161663444536,-1809.8046884581565,False
11,moderate,66,scenario_nmpc,52.0,0.2194101127543941,0.047897491182334245,2.689011344349253,0.2194011602194877,0.048746302509712305,2.6905134749347535,0.24982167352537724,-0.0021388745117187358,0.015463124999999994,0.17982167352537723,0.31982167352537727,-0.08,0.08,-0.030411560770983143,0.05003636569405298,2.673548219349253,Solve_Succeeded,0.06460774998413399,752.2135245349027,False,-2026.2728079317028,-0.023984115141687364,0.4992811187306089,-0.35000000832292083,-0.35000000853340796,-0.35000000853334967,-0.35,0.0,False,False,72319.46875,5216.076857588573,17.677540539122155,2.591625892336607e-05,352.5577602918606,1.1271201633807792,1.057845439337298,0.8291739104917131,1.0497015221724948,0.165381683907133,1.0,0.00030848479803221776,0.0006562873235056894,0.001380134036191736,-0.02273632069936974,0.05238554387091182,0.0011889161663444536,-1809.8046884581565,False
11,moderate,66,scenario_nmpc,52.5,0.2192238615420639,0.04785697205238806,2.7129499596308517,0.21924688961115404,0.04796605464748753,2.7112624310574716,0.25114872685185186,-0.002149443359375003,0.014391021728515627,0.18114872685185185,0.32114872685185186,-0.08,0.08,-0.03192486530978794,0.05000641541176306,2.698558937902336,not_applicable,0.0,,False,-2027.8762615584806,-0.023690342152772527,0.5012301087489158,-0.35000000832292083,-0.35000000853340796,-0.3500000085334051,-0.35,0.0,False,False,72158.65325927734,5201.350046894582,17.627630654708497,2.658187361253301e-05,359.5735667006599,1.1271201633807792,1.057845439337298,0.8291739104917131,1.0497015221724948,0.165381683907133,1.0,0.00030848479803221776,0.0006562873235056894,0.001380134036191736,-0.02273632069936974,0.05238554387091182,0.0011889161663444536,-1809.8046884581565,False
11,moderate,66,scenario_nmpc,53.0,0.21903781858862087,0.04781642096673533,2.7368683073490883,0.21935928315968978,0.04897378293901581,2.735437811237214,0.252454561042524,-0.0021598217773437373,0.013313681640624991,0.182454561042524,0.322454561042524,-0.08,0.08,-0.03341674245390314,0.049976242744079066,2.7235546257084633,not_applicable,0.0,,False,-2029.468642418276,-0.023395612292602327,0.5031907309221533,-0.35000000832292083,-0.35000000832292083,-0.3500000083331588,-0.35,0.0,False,False,71997.05224609375,5186.577529648537,17.577565868546092,2.726796092313923e-05,366.7620703511295,1.1271201633807792,1.057845439337298,0.8291739104917131,1.0497015221724948,0.165381683907133,1.0,0.00030848479803221776,0.0006562873235056894,0.001380134036191736,-0.02273632069936974,0.05238554387091182,0.0011889161663444536,-1809.8046884581565,False
11,moderate,66,scenario_nmpc,53.5,0.2188519471242432,0.04777583815074509,2.7607663715821262,0.21936732236273143,0.04781730634471965,2.7600350475160105,0.25373853309327843,-0.0021700097656250084,0.01223119995117189,0.18373853309327842,0.32373853309327844,-0.08,0.08,-0.03488658596903524,0.0499458479163701,2.7485351716309543,not_applicable,0.0,,False,-2031.0479110922624,-0.02309992806713232,0.5051628588700733,-0.35000000832292083,-0.35000000832292083,-0.3500000083234188,-0.35,0.0,False,False,71834.67999267578,5171.76058459446,17.527350514361206,2.7975158430042315e-05,374.1272855494931,1.1271201633807792,1.057845439337298,0.8291739104917131,1.0497015221724948,0.165381683907133,1.0,0.00030848479803221776,0.0006562873235056894,0.001380134036191736,-0.02273632069936974,0.05238554387091182,0.0011889161663444536,-1809.8046884581565,False
11,moderate,66,scenario_nmpc,54.0,0.2186662143258036,0.04773522387056068,2.7846441365310093,0.2187640785974783,0.047585652616068945,2.785017158620151,0.255,-0.0021800073242187745,0.011143671874999983,0.185,0.325,-0.08,0.08,-0.0363337856741964,0.049915231194779454,2.773500464656009,Solve_Succeeded,0.06011654203757644,820.724437180625,False,-2032.6119468140646,-0.022803293528370606,0.507146365382941,-0.35000000853861024,-0.35000000832292083,-0.35000000832294503,-0.35,0.0,False,False,71671.55078125,5156.900485179787,17.47698890792972,2.8704123237553922e-05,381.67331042331045,1.1271201633807792,1.057845439337298,0.8291739104917131,1.0497015221724948,0.165381683907133,1.0,0.00030848479803221776,0.0006562873235056894,0.001380134036191736,-0.02273632069936974,0.05238554387091182,0.0011889161663444536,-1809.8046884581565,False
11,moderate,66,scenario_nmpc,54.5,0.21848059092545824,0.047694578434734694,2.808501586540455,0.2185479424087699,0.04746347089134382,2.8089790448366427,0.2562383187585734,-0.0021898144531249802,0.010051192626953115,0.18623831875857338,0.3262383187585734,-0.08,0.08,-0.03775772783311515,0.049884392887859674,2.7984503939135017,not_applicable,0.0,,False,-2034.1585440264794,-0.02250571412399987,0.5091411224064528,-0.35000000853861024,-0.35000000832292083,-0.350000008322922,-0.35,0.0,False,False,71507.67889404297,5141.998499642501,17.426485347372413,2.9455532513257802e-05,389.4043279342982,1.1271201633807792,1.057845439337298,0.8291739104917131,1.0497015221724948,0.165381683907133,1.0,0.00030848479803221776,0.0006562873235056894,0.001380134036191736,-0.02273632069936974,0.05238554387091182,0.0011889161663444536,-1809.8046884581565,False
11,moderate,66,scenario_nmpc,55.0,0.218295050860798,0.04765390219593216,2.832338706120485,0.2181841578744942,0.04680608826369743,2.8316788883074264,0.2574528463648834,-0.0021994311523437365,0.008953857421875003,0.1874528463648834,0.3274528463648834,-0.08,0.08,-0.03915779550408541,0.049853333348275894,2.8233848486986104,not_applicable,0.0,,False,-2035.6854089475191,-0.022207196563140012,0.5111470010270767,-0.35000000853861024,-0.35000000853861024,-0.3500000085281192,-0.35,0.0,False,False,71343.07861328125,5127.055891095932,17.375844113442373,3.0230084032613333e-05,397.32460686915806,1.1271201633807792,1.057845439337298,0.8291739104917131,1.0497015221724948,0.165381683907133,1.0,0.00030848479803221776,0.0006562873235056894,0.001380134036191736,-0.02273632069936974,0.05238554387091182,0.0011889161663444536,-1809.8046884581565,False
11,moderate,66,scenario_nmpc,55.5,0.218109570962265,0.04761319555270171,2.856155479968925,0.217935513725869,0.04815681232478749,2.8559564318729374,0.25864293981481484,-0.002208857421874988,0.007851761474609378,0.18864293981481484,0.32864293981481485,-0.08,0.08,-0.04053336885254985,0.049822052974576696,2.8483037184943156,not_applicable,0.0,,False,-2037.1901561417644,-0.021907748696567864,0.5131638714578081,-0.35000000853861024,-0.35000000853861024,-0.3500000085381,-0.35,0.0,False,False,71177.7642211914,5112.073917611333,17.325069469804838,3.102849673432164e-05,405.438502806199,1.1271201633807792,1.057845439337298,0.8291739104917131,1.0497015221724948,0.165381683907133,1.0,0.00030848479803221776,0.0006562873235056894,0.001380134036191736,-0.02273632069936974,0.05238554387091182,0.0011889161663444536,-1809.8046884581565,False
11,moderate,66,scenario_nmpc,56.0,0.2179241306739844,0.047572458951314796,2.879951892994802,0.21808318179860817,0.04734207903125389,2.881784046726229,0.2598079561042524,-0.002218093261718762,0.006745000000000015,0.18980795610425238,0.3298079561042524,-0.08,0.08,-0.041883825430268,0.04979055221303356,2.873206892994802,Solve_Succeeded,0.06105179100995883,883.3658810861388,False,-2038.6703050936935,-0.0216073794098873,0.5151916030243355,-0.35000000859983493,-0.35000000853861024,-0.3500000085385854,-0.35,0.0,False,False,71011.75,5097.053832298304,17.27416566330976,3.1851511286411894e-05,413.75045905542737,1.1271201633807792,1.057845439337298,0.8291739104917131,1.0497015221724948,0.165381683907133,1.0,0.00030848479803221776,0.0006562873235056894,0.001380134036191736,-0.02273632069936974,0.05238554387091182,0.0011889161663444536,-1809.8046884581565,False
11,moderate,66,scenario_nmpc,56.5,0.21773871180456353,0.04753169288767287,2.903727930342686,0.21809330989609502,0.04716433978105845,2.9041956329253305,0.260947252229081,-0.0022271386718750175,0.005633668212890616,0.190947252229081,0.330947252229081,-0.08,0.08,-0.043208540424517466,0.04975883155954789,2.898094262129795,not_applicable,0.0,,False,-2040.123276780306,-0.021306098528300538,0.5172300641516114,-0.35000000859983493,-0.35000000853861024,-0.350000008538609,-0.35,0.0,False,False,70845.0502319336,5081.996883383135,17.223136924257314,3.2699890662987725e-05,422.2650075697172,1.1271201633807792,1.057845439337298,0.8291739104917131,1.0497015221724948,0.165381683907133,1.0,0.00030848479803221776,0.0006562873235056894,0.001380134036191736,-0.02273632069936974,0.05238554387091182,0.0011889161663444536,-1809.8046884581565,False
11,moderate,66,scenario_nmpc,57.0,0.21755329830476844,0.04749089790928265,2.9274835774179975,0.21786585490687446,0.04790350269494906,2.9295026255873347,0.2620601851851852,-0.00223599365234374,0.004517861328124997,0.1920601851851852,0.3320601851851852,-0.08,0.08,-0.04450688688041676,0.04972689156162639,2.9229657160898723,not_applicable,0.0,,False,-2041.5463902409624,-0.02100391673177284,0.5192791223508177,-0.35000000859983493,-0.35000000859983493,-0.3500000085968569,-0.35,0.0,False,False,70677.67919921875,5066.904314285146,17.171987466656617,3.357442073155181e-05,430.98676982456254,1.1271201633807792,1.057845439337298,0.8291739104917131,1.0497015221724948,0.165381683907133,1.0,0.00030848479803221776,0.0006562873235056894,0.001380134036191736,-0.02273632069936974,0.05238554387091182,0.0011889161663444536,-1809.8046884581565,False
11,moderate,66,scenario_nmpc,57.5,0.21736787606931074,0.04745007461729952,2.951218819913319,0.21765401945707194,0.04734186506404369,2.952468795067917,0.26314611196844995,-0.0022446582031249857,0.003397674560546876,0.19314611196844994,0.33314611196844995,-0.08,0.08,-0.04577823589913921,0.049694732820424505,2.947821145352772,not_applicable,0.0,,False,-2042.9368591429318,-0.020700845479508477,0.5213386442067272,-0.35000000859983493,-0.35000000859983493,-0.3500000085996901,-0.35,0.0,False,False,70509.65118408203,5051.777363691093,17.120721488477898,3.447591085080677e-05,439.9204576638511,1.1271201633807792,1.057845439337298,0.8291739104917131,1.0497015221724948,0.165381683907133,1.0,0.00030848479803221776,0.0006562873235056894,0.001380134036191736,-0.02273632069936974,0.05238554387091182,0.0011889161663444536,-1809.8046884581565,False
11,moderate,66,scenario_nmpc,58.0,0.2171824327602655,0.04740922366863916,2.974933643835748,0.21710285946033867,0.047127011520312526,2.9747219196175623,0.26420438957475995,-0.00225313232421874,0.0022732031250000118,0.19420438957475994,0.33420438957475995,-0.08,0.08,-0.04702195681449445,0.0496623559928579,2.9726604407107478,Solve_Succeeded,0.06275208300212398,944.6043571715024,False,-2044.2917883416853,-0.02039689694277018,0.5234084953654483,-0.350000008658505,-0.35000000859983493,-0.3500000085998279,-0.35,0.0,False,False,70340.98046875,5036.617265627709,17.06934317189833,3.540519447880457e-05,449.07087410896804,1.1271201633807792,1.057845439337298,0.8291739104917131,1.0497015221724948,0.165381683907133,1.0,0.00030848479803221776,0.0006562873235056894,0.001380134036191736,-0.02273632069936974,0.05238554387091182,0.0011889161663444536,-1809.8046884581565,False
11,moderate,66,scenario_nmpc,58.5,0.21699695764989912,0.04736834577815765,2.9986280355353223,0.21736856432722235,0.04657712630131383,2.9980337065836564,0.265234375,-0.0022614160156250174,0.001144542236328136,0.19523437500000002,0.33523437500000003,-0.08,0.08,-0.0482374173501009,0.049629761793782666,2.997483493298994,not_applicable,0.0,,False,-2045.608170435501,-0.020092083945174512,0.5254885405225552,-0.350000008658505,-0.35000000859983493,-0.3500000085998346,-0.35,0.0,False,False,70171.68133544922,5021.425249532426,17.01785668354173,3.6363129791295344e-05,458.44291412848867,1.1271201633807792,1.057845439337298,0.8291739104917131,1.0497015221724948,0.165381683907133,1.0,0.00030848479803221776,0.0006562873235056894,0.001380134036191736,-0.02273632069936974,0.05238554387091182,0.0011889161663444536,-1809.8046884581565,False
11,moderate,66,scenario_nmpc,59.0,0.21681144148091824,0.047327441720900046,3.022301981734551,0.21722802437872932,0.04829960689896184,3.020679597400701,0.26623542524005483,-0.002269509277343776,1.1787109374994387e-05,0.19623542524005483,0.33623542524005484,-0.08,0.08,-0.04942398375913659,0.04959695099824382,3.0222901946251763,not_applicable,0.0,,False,-2046.8828823144436,-0.019786419909687394,0.5275786434115908,-0.350000008658505,-0.350000008658505,-0.3500000086556513,-0.35,0.0,False,False,70001.76806640625,5006.2025403223815,16.966266174712413,3.735060031009835e-05,468.04156536560254,1.1271201633807792,1.057845439337298,0.8291739104917131,1.0497015221724948,0.165381683907133,1.0,0.00030848479803221776,0.0006562873235056894,0.001380134036191736,-0.02273632069936974,0.05238554387091182,0.0011889161663444536,-1809.8046884581565,False
11,moderate,66,scenario_nmpc,59.5,0.2166258763423568,0.047286512334417656,3.045955469559089,0.21617425117397981,0.04745325097845757,3.046264595107901,0.2672068972908094,-0.0022774121093750016,-0.0011249670410156398,0.19720689729080937,0.3372068972908094,-0.08,0.08,-0.05058102094845257,0.04956392444379266,3.0470804366001047,not_applicable,0.0,,False,-2048.1126817042496,-0.019479918811624017,0.5296786667929451,-0.350000008658505,-0.350000008658505,-0.3500000086583662,-0.35,0.0,False,False,69831.25494384766,4990.950358461709,16.914575781623235,3.83685155412908e-05,477.8719088203138,1.1271201633807792,1.057845439337298,0.8291739104917131,1.0497015221724948,0.165381683907133,1.0,0.00030848479803221776,0.0006562873235056894,0.001380134036191736,-0.02273632069936974,0.05238554387091182,0.0011889161663444536,-1809.8046884581565,False
11,moderate,66,scenario_nmpc,60.0,0.21644025555950558,0.047245558521154085,3.069588486569586,0.2165678882127964,0.047966914053452346,3.0692444885315995,0.26814814814814814,-0.0022851245117187363,-0.002265625000000007,0.19814814814814813,0.33814814814814814,-0.08,0.08,-0.05170789258864256,0.04953068303287282,3.071854111569586,Solve_Succeeded,0.06429804197978228,992.7772556434043,False,-2049.29420370616,-0.019172595137031914,0.5317884724430973,-0.3500000086130986,-0.350000008658505,-0.35000000865849823,-0.35,0.0,False,False,69660.15625,4975.6699200272205,16.86278962561822,3.941781162298295e-05,487.93911948340343,1.1271201633807792,1.057845439337298,0.8291739104917131,1.0497015221724948,0.165381683907133,1.0,0.00030848479803221776,0.0006562873235056894,0.001380134036191736,-0.02273632069936974,0.05238554387091182,0.0011889161663444536,-1809.8046884581565,False
11,moderate,66,scenario_nmpc,60.5,0.2162545735964533,0.047204581250900185,3.0932010207947456,0.21595341186367012,0.047269150477581644,3.093187317496273,0.2690585348079561,-0.00229264648437498,-0.003410091552734376,0.1990585348079561,0.3390585348079561,-0.08,0.08,-0.0528039612115028,0.049497227735275165,3.09661111234748,not_applicable,0.0,,False,-2050.423957334132,-0.018864463845898946,0.533907921144225,-0.3500000086130986,-0.350000008658505,-0.35000000865850467,-0.35,0.0,False,False,69488.48626708984,4960.362436772506,16.81091181338977,4.0499451982413844e-05,498.24846691898586,1.1271201633807792,1.057845439337298,0.8291739104917131,1.0497015221724948,0.165381683907133,1.0,0.00030848479803221776,0.0006562873235056894,0.001380134036191736,-0.02273632069936974,0.05238554387091182,0.0011889161663444536,-1809.8046884581565,False
11,moderate,66,scenario_nmpc,61.0,0.21606882596995905,0.047163581563317944,3.116793060765631,0.21629863922612255,0.046797437115183325,3.114856805388515,0.26993741426611795,-0.0022999780273437603,-0.004558271484374987,0.19993741426611794,0.33993741426611795,-0.08,0.08,-0.0538685882961589,0.049463559590661704,3.121351332250006,not_applicable,0.0,,False,-2051.4983220513755,-0.01855554033968837,0.5360368726741661,-0.3500000086130986,-0.3500000086130986,-0.35000000861530717,-0.35,0.0,False,False,69316.25927734375,4945.029116190508,16.758946437190744,4.1614428002074576e-05,508.8053157924733,1.1271201633807792,1.057845439337298,0.8291739104917131,1.0497015221724948,0.165381683907133,1.0,0.00030848479803221776,0.0006562873235056894,0.001380134036191736,-0.02273632069936974,0.05238554387091182,0.0011889161663444536,-1809.8046884581565,False
11,moderate,66,scenario_nmpc,61.5,0.2158830091735075,0.047122560570533364,3.1403645955512483,0.21555028767985762,0.046338429413794305,3.138050729463568,0.27078414351851854,-0.002307119140625022,-0.0057100695800781365,0.20078414351851853,0.34078414351851855,-0.08,0.08,-0.05490113434501104,0.049429679711158386,3.1460746651313265,not_applicable,0.0,,False,-2052.5135443085387,-0.01824584043275366,0.5381751857967413,-0.3500000086130986,-0.3500000086130986,-0.350000008613206,-0.35,0.0,False,False,69143.48956298828,4929.67116157462,16.706897575041523,4.27637596945271e-05,519.6151263405909,1.1271201633807792,1.057845439337298,0.8291739104917131,1.0497015221724948,0.165381683907133,1.0,0.00030848479803221776,0.0006562873235056894,0.001380134036191736,-0.02273632069936974,0.05238554387091182,0.0011889161663444536,-1809.8046884581565,False
11,moderate,66,scenario_nmpc,62.0,0.21569712061051957,0.04708151945979829,3.163915614795442,0.21624064440439336,0.0472361307964871,3.162655910875811,0.27159807956104254,-0.002314069824218737,-0.006865390625000009,0.20159807956104253,0.34159807956104254,-0.08,0.08,-0.055900958950522966,0.04939558928401703,3.1707810054204417,Solve_Succeeded,0.06358991604065523,1056.8796935404166,False,-2053.4657340863364,-0.017935380327233873,0.5403227182524204,-0.3500000087527076,-0.3500000086130986,-0.3500000086131038,-0.35,0.0,False,False,68970.19140625,4914.289772078365,16.654769290932272,4.3948496385555496e-05,530.6834547800585,1.1271201633807792,1.057845439337298,0.8291739104917131,1.0497015221724948,0.165381683907133,1.0,0.00030848479803221776,0.0006562873235056894,0.001380134036191736,-0.02273632069936974,0.05238554387091182,0.0011889161663444536,-1809.8046884581565,False
11,moderate,66,scenario_nmpc,62.5,0.2155111585357971,0.04704045949622109,3.187446108755143,0.21510550731350953,0.046585322985447965,3.1910322276372836,0.27237857938957477,-0.0023208300781249885,-0.008024139404296873,0.20237857938957476,0.3423785793895748,-0.08,0.08,-0.05686742085377766,0.04936128957434608,3.19547024815944,not_applicable,0.0,,False,-2054.3508614458106,-0.017624176591071114,0.5424793267493396,-0.3500000087527076,-0.3500000086130986,-0.3500000086130989,-0.35,0.0,False,False,68796.37908935547,4898.886142773685,16.602565635020465,4.516971740524538e-05,542.0159536514084,1.1271201633807792,1.057845439337298,0.8291739104917131,1.0497015221724948,0.165381683907133,1.0,0.00030848479803221776,0.0006562873235056894,0.001380134036191736,-0.02273632069936974,0.05238554387091182,0.0011889161663444536,-1809.8046884581565,False
11,moderate,66,scenario_nmpc,63.0,0.21532512200437653,0.0469993820255661,3.210956068339996,0.21493810093691376,0.04782523952797124,3.2089724344786617,0.27312500000000006,-0.002327399902343749,-0.009186220703124998,0.20312500000000006,0.34312500000000007,-0.08,0.08,-0.05779987799562353,0.049326781927909846,3.2201422890431206,not_applicable,0.0,,False,-2055.1647530898535,-0.017312246138829535,0.54464486695466,-0.3500000087527076,-0.3500000087527076,-0.350000008745917,-0.35,0.0,False,False,68622.06689453125,4883.461464707889,16.550290643823907,4.642853278655157e-05,553.6183720943598,1.1271201633807792,1.057845439337298,0.8291739104917131,1.0497015221724948,0.165381683907133,1.0,0.00030848479803221776,0.0006562873235056894,0.001380134036191736,-0.02273632069936974,0.05238554387091182,0.0011889161663444536,-1809.8046884581565,False
11,moderate,66,scenario_nmpc,63.5,0.21513901082705222,0.046958288477121496,3.234445485153403,0.21485233610116336,0.04797914529986118,3.233605284997836,0.273836698388203,-0.0023337792968750326,-0.010351539306640622,0.203836698388203,0.343836698388203,-0.08,0.08,-0.05869768756115079,0.04929206777399653,3.2447970244600435,not_applicable,0.0,,False,-2055.903088940023,-0.016999606215029446,0.5468191934862616,-0.3500000087527076,-0.3500000087527076,-0.3500000087523773,-0.35,0.0,False,False,68447.2691040039,4868.0169249593155,16.497948340409362,4.772608397086865e-05,565.4965560510343,1.1271201633807792,1.057845439337298,0.8291739104917131,1.0497015221724948,0.165381683907133,1.0,0.00030848479803221776,0.0006562873235056894,0.001380134036191736,-0.02273632069936974,0.05238554387091182,0.0011889161663444536,-1809.8046884581565,False
11,moderate,66,scenario_nmpc,64.0,0.21495282553190714,0.04691718036663548,3.2579143515350206,0.2155875764686164,0.04625423586850169,3.257648866835448,0.2745130315500686,-0.0023399682617187556,-0.01152000000000003,0.2045130315500686,0.3445130315500686,-0.08,0.08,-0.05956020601816148,0.04925714862835424,3.2694343515350206,Solve_Succeeded,0.06611995800631121,1136.8789416290228,False,-2056.561398733105,-0.016686274379738443,0.5490021599047784,-0.35000000976705165,-0.3500000087527076,-0.35000000875269155,-0.35,0.0,False,False,68272.0,4852.553706691728,16.445542734576904,4.906354452008186e-05,577.6564483932607,1.1271201633807792,1.057845439337298,0.8291739104917131,1.0497015221724948,0.165381683907133,1.0,0.00030848479803221776,0.0006562873235056894,0.001380134036191736,-0.02273632069936974,0.05238554387091182,0.0011889161663444536,-1809.8046884581565,False
11,moderate,66,scenario_nmpc,64.5,0.21476656733125732,0.04687605929932015,3.281362660604741,0.2146135869476571,0.04742866704243466,3.2831879738361174,0.27515335648148154,-0.0023459667968749737,-0.012691507568359378,0.20515335648148153,0.34515335648148154,-0.08,0.08,-0.06038678915022422,0.04922202609619512,3.2940541681731004,not_applicable,0.0,,False,-2057.1350586422927,-0.016372268496190598,0.5511936187059596,-0.35000000976705165,-0.3500000087527076,-0.3500000087527068,-0.35,0.0,False,False,68096.2738647461,4837.072989207493,16.39307782304016,5.044212083452396e-05,590.1040889700629,1.1271201633807792,1.057845439337298,0.8291739104917131,1.0497015221724948,0.165381683907133,1.0,0.00030848479803221776,0.0006562873235056894,0.001380134036191736,-0.02273632069936974,0.05238554387091182,0.0011889161663444536,-1809.8046884581565,False
11,moderate,66,scenario_nmpc,65.0,0.21458023809347804,0.04683492697292273,3.3047904063081908,0.21478532844086162,0.04699838883223555,3.304908528014839,0.2757570301783265,-0.0023517749023437423,-0.013865966796875004,0.20575703017832647,0.3457570301783265,-0.08,0.08,-0.06117679208484844,0.04918670187526647,3.318656373105066,not_applicable,0.0,,False,-2057.619287928255,-0.016057606720226436,0.5533934213133627,-0.35000000976705165,-0.35000000976705165,-0.35000000971771394,-0.35,0.0,False,False,67920.10498046875,4821.575947999591,16.340557589602536,5.186305287622269e-05,602.8456145713978,1.1271201633807792,1.057845439337298,0.8291739104917131,1.0497015221724948,0.165381683907133,1.0,0.00030848479803221776,0.0006562873235056894,0.001380134036191736,-0.02273632069936974,0.05238554387091182,0.0011889161663444536,-1809.8046884581565,False
11,moderate,66,scenario_nmpc,65.5,0.21439384031923503,0.04679378518086352,3.328197583463784,0.21543530043795509,0.047246996818248024,3.3274626586356857,0.2763234096364884,-0.0023573925781249783,-0.01504328247070312,0.20632340963648838,0.3463234096364884,-0.08,0.08,-0.06192956931725335,0.0491511777589885,3.343240865934487,not_applicable,0.0,,False,-2058.009145625787,-0.015742307491369685,0.5556014180713704,-0.35000000976705165,-0.35000000976705165,-0.35000000976465184,-0.35,0.0,False,False,67743.50762939453,4806.063754802459,16.287986005329568,5.332761489677058e-05,615.8872588040773,1.1271201633807792,1.057845439337298,0.8291739104917131,1.0497015221724948,0.165381683907133,1.0,0.00030848479803221776,0.0006562873235056894,0.001380134036191736,-0.02273632069936974,0.05238554387091182,0.0011889161663444536,-1809.8046884581565,False
11,moderate,66,scenario_nmpc,66.0,0.2142073771216934,0.046752635815439855,3.351584187811359,0.21429785774946353,0.04573527034634971,3.353438471815634,0.2768518518518519,-0.0023628198242187787,-0.016223359374999982,0.2068518518518519,0.3468518518518519,-0.08,0.08,-0.0626444747301585,0.049115455639658634,3.367807547186359,Solve_Succeeded,0.06172920897370204,1341.167044542331,False,-2058.2995272721573,-0.015426389525375207,0.55781745823853,-0.3500000099835177,-0.35000000976705165,-0.3500000097669349,-0.35,0.0,False,False,67566.49609375,4790.537577641742,16.23536702871751,5.4837116169099226e-05,629.2353518757529,1.1271201633807792,1.057845439337298,0.8291739104917131,1.0497015221724948,0.165381683907133,1.0,0.00030848479803221776,0.0006562873235056894,0.001380134036191736,-0.02273632069936974,0.05238554387091182,0.0011889161663444536,-1809.8046884581565,False
11,moderate,66,scenario_nmpc,66.5,0.21402085221032066,0.04671148087109514,3.3749502160624347,0.2136434408084417,0.046488774005843024,3.3745293137566104,0.2773417138203018,-0.0023680566406250325,-0.0174061022949219,0.2073417138203018,0.3473417138203018,-0.08,0.08,-0.06332086160998115,0.04907953751172017,3.392356318357357,not_applicable,0.0,,False,-2058.485161683664,-0.015109871808099633,0.5600413899812113,-0.3500000099835177,-0.35000000976705165,-0.350000009767046,-0.35,0.0,False,False,67389.08465576172,4774.998580882961,16.182704605858262,5.639290172238772e-05,642.8963202827551,1.1271201633807792,1.057845439337298,0.8291739104917131,1.0497015221724948,0.165381683907133,1.0,0.00030848479803221776,0.0006562873235056894,0.001380134036191736,-0.02273632069936974,0.05238554387091182,0.0011889161663444536,-1809.8046884581565,False
11,moderate,66,scenario_nmpc,67.0,0.2138342698779403,0.04667032244775215,3.3982956659521175,0.21383024207896692,0.04698725786714089,3.400089480208618,0.27779235253772294,-0.002373103027343726,-0.018591416015625015,0.20779235253772294,0.34779235253772295,-0.08,0.08,-0.06395808265978264,0.049043425475095874,3.4168870819677424,not_applicable,0.0,,False,-2058.5606077873467,-0.014792773590561956,0.562273060367581,-0.3500000099835177,-0.3500000099835177,-0.3500000099729885,-0.35,0.0,False,False,67211.28759765625,4759.44792527913,16.13000267060079,5.799635307927676e-05,656.8766863974796,1.1271201633807792,1.057845439337298,0.8291739104917131,1.0497015221724948,0.165381683907133,1.0,0.00030848479803221776,0.0006562873235056894,0.001380134036191736,-0.02273632069936974,0.05238554387091182,0.0011889161663444536,-1809.8046884581565,False
11,moderate,66,scenario_nmpc,67.5,0.21364763499072753,0.04662916275420937,3.421620536292689,0.21380956878050836,0.04592018800243851,3.420453053376155,0.278203125,-0.00237795898437497,-0.019779205322265625,0.208203125,0.348203125,-0.08,0.08,-0.06455549000927246,0.04900712173858434,3.4413997416149544,not_applicable,0.0,,False,-2058.520251515196,-0.014475114385074941,0.5645123153618897,-0.3500000099835177,-0.3500000099835177,-0.35000000998300557,-0.35,0.0,False,False,67033.11920166016,4743.886768017366,16.077265144709028,5.964888899450455e-05,671.1830679509552,1.1271201633807792,1.057845439337298,0.8291739104917131,1.0497015221724948,0.165381683907133,1.0,0.00030848479803221776,0.0006562873235056894,0.001380134036191736,-0.02273632069936974,0.05238554387091182,0.0011889161663444536,-1809.8046884581565,False
11,moderate,66,scenario_nmpc,68.0,0.21346095298087,0.046588004111599156,3.444924827028909,0.21340116636554277,0.04703338257119065,3.4451006742885584,0.27857338820301786,-0.002382624511718723,-0.020969374999999985,0.20857338820301785,0.34857338820301786,-0.08,0.08,-0.06511243522214785,0.04897062862331788,3.4658942020289087,Solve_Succeeded,0.0637669590068981,1222.9569051017297,False,-2058.3583027686614,-0.014156913962340305,0.5667589998190704,-0.3500000089195919,-0.3500000099835177,-0.3500000099834928,-0.35,0.0,False,False,66854.59375,4728.316262764509,16.02449593801654,6.135196619402224e-05,685.8221774061745,1.1271201633807792,1.057845439337298,0.8291739104917131,1.0497015221724948,0.165381683907133,1.0,0.00030848479803221776,0.0006562873235056894,0.001380134036191736,-0.02273632069936974,0.05238554387091182,0.0011889161663444536,-1809.8046884581565,False
11,moderate,66,scenario_nmpc,68.5,0.21327422984164515,0.0465468489569063,3.4682085392950626,0.21322507801375695,0.0464614500599687,3.4676616805925073,0.2789024991426612,-0.00238709960937504,-0.022161829833984348,0.20890249914266118,0.3489024991426612,-0.08,0.08,-0.06562826930101603,0.04893394856628134,3.490370369129047,not_applicable,0.0,,False,-2058.068792461624,-0.013838192349411846,0.5690129574796432,-0.3500000089195919,-0.3500000099835177,-0.3500000099835165,-0.35,0.0,False,False,66675.72552490234,4712.737559711781,15.97169894857784,6.310708011357948e-05,700.8008212176376,1.1271201633807792,1.057845439337298,0.8291739104917131,1.0497015221724948,0.165381683907133,1.0,0.00030848479803221776,0.0006562873235056894,0.001380134036191736,-0.02273632069936974,0.05238554387091182,0.0011889161663444536,-1809.8046884581565,False
11,moderate,66,scenario_nmpc,69.0,0.21308747212469023,0.046505699846545394,3.491471675473781,0.21322871947101404,0.04636584105107136,3.4916529117686577,0.27918981481481486,-0.0023913842773437832,-0.023356474609375025,0.20918981481481486,0.34918981481481487,-0.08,0.08,-0.06610234269012463,0.04889708412388918,3.514828150083156,not_applicable,0.0,,False,-2057.6455696504718,-0.013518969828440329,0.5712740309649265,-0.3500000089195919,-0.3500000089195919,-0.35000000897134115,-0.35,0.0,False,False,66496.52880859375,4697.151805618527,15.918878062816649,6.49157656357122e-05,716.1258989725656,1.1271201633807792,1.057845439337298,0.8291739104917131,1.0497015221724948,0.165381683907133,1.0,0.00030848479803221776,0.0006562873235056894,0.001380134036191736,-0.02273632069936974,0.05238554387091182,0.0011889161663444536,-1809.8046884581565,False
11,moderate,66,scenario_nmpc,69.5,0.21290068693926464,0.046464559459995294,3.5147142392566653,0.21275288052960065,0.04736245433474594,3.513323308010932,0.27943469221536354,-0.0023954785156249797,-0.02455321411132813,0.20943469221536354,0.34943469221536355,-0.08,0.08,-0.0665340052760989,0.048860037975620274,3.5392674533679935,not_applicable,0.0,,False,-2057.0822987603087,-0.013199266936122882,0.5735420617725491,-0.3500000089195919,-0.3500000089195919,-0.350000008922109,-0.35,0.0,False,False,66317.01788330078,4681.560143855039,15.866037155671014,6.677959782399367e-05,731.8044024091165,1.1271201633807792,1.057845439337298,0.8291739104917131,1.0497015221724948,0.165381683907133,1.0,0.00030848479803221776,0.0006562873235056894,0.001380134036191736,-0.02273632069936974,0.05238554387091182,0.0011889161663444536,-1809.8046884581565,False
11,moderate,66,scenario_nmpc,70.0,0.212713881953323,0.04642343060348872,3.5379362357067397,0.21268659485358482,0.04606423899047938,3.535759422809336,0.27963648834019206,-0.0023993823242187406,-0.025751953125000004,0.20963648834019205,0.34963648834019206,-0.08,0.08,-0.06692260638686906,0.04882281292770746,3.5636881888317395,Solve_Succeeded,0.06145320803625509,1284.5622078371284,False,-2056.3724569167584,-0.012879104463786907,0.5758168902722643,-0.35000000905048856,-0.3500000089195919,-0.35000000891971433,-0.35,0.0,False,False,66137.20703125,4665.963714444511,15.813180090735505,6.870019265334471e-05,747.8434143069393,1.1271201633807792,1.057845439337298,0.8291739104917131,1.0497015221724948,0.165381683907133,1.0,0.00030848479803221776,0.0006562873235056894,0.001380134036191736,-0.02273632069936974,0.05238554387091182,0.0011889161663444536,-1809.8046884581565,False
11,moderate,66,scenario_nmpc,70.5,0.2125270653962363,0.046382316213754805,3.561137671322767,0.21291810665587252,0.047681901375170234,3.5604969931602457,0.2797945601851852,-0.0024030957031249828,-0.02695259643554687,0.20979456018518522,0.34979456018518523,-0.08,0.08,-0.06726749478894892,0.04878541191687979,3.588090267758314,not_applicable,0.0,,False,-2055.509331393257,-0.012558503458046509,0.5780983557020595,-0.35000000905048856,-0.3500000089195919,-0.3500000089195978,-0.35,0.0,False,False,65957.11053466797,4650.3636541041415,15.760310720400511,7.067920773512445e-05,764.2501072452877,1.1271201633807792,1.057845439337298,0.8291739104917131,1.0497015221724948,0.165381683907133,1.0,0.00030848479803221776,0.0006562873235056894,0.001380134036191736,-0.02273632069936974,0.05238554387091182,0.0011889161663444536,-1809.8046884581565,False
11,moderate,66,scenario_nmpc,71.0,0.212340246063014,0.04634121936181241,3.5843185541054443,0.21257329394871105,0.0456933204164153,3.583137681796596,0.27990826474622776,-0.0024066186523437755,-0.028155048828124987,0.20990826474622776,0.34990826474622777,-0.08,0.08,-0.06756801868321377,0.048747838014156185,3.6124736029335693,not_applicable,0.0,,False,-2054.4860171841233,-0.012237485221974202,0.5803862961645628,-0.35000000905048856,-0.35000000905048856,-0.35000000904412204,-0.35,0.0,False,False,65776.74267578125,4634.761096285395,15.707432885988693,7.271834303565273e-05,781.0317422239278,1.1271201633807792,1.057845439337298,0.8291739104917131,1.0497015221724948,0.165381683907133,1.0,0.00030848479803221776,0.0006562873235056894,0.001380134036191736,-0.02273632069936974,0.05238554387091182,0.0011889161663444536,-1809.8046884581565,False
11,moderate,66,scenario_nmpc,71.5,0.2121534333198937,0.04630014325681153,3.607478893625507,0.2120510296557472,0.04753157350185776,3.6064385481829535,0.2799769590192044,-0.0024099511718750355,-0.029359215087890647,0.20997695901920438,0.3499769590192044,-0.08,0.08,-0.06782352569931069,0.04871009442868657,3.6368381087133974,not_applicable,0.0,,False,-2053.2954147141513,-0.011916071316737727,0.5826805486237413,-0.35000000905048856,-0.35000000905048856,-0.3500000090501789,-0.35,0.0,False,False,65596.1177368164,4619.157171213474,15.654550417888743,7.481934158673596e-05,798.1956671419734,1.1271201633807792,1.057845439337298,0.8291739104917131,1.0497015221724948,0.165381683907133,1.0,0.00030848479803221776,0.0006562873235056894,0.001380134036191736,-0.02273632069936974,0.05238554387091182,0.0011889161663444536,-1809.8046884581565,False
11,moderate,66,scenario_nmpc,72.0,0.21196663711117877,0.046259091249920156,3.6306187010937685,0.21217341364012485,0.04636834817818239,3.631402647693323,0.28,-0.002413093261718735,-0.030565000000000023,0.21000000000000002,0.35000000000000003,-0.08,0.08,-0.06803336288882125,0.04867218451163889,3.6611837010937687,Solve_Succeeded,0.059656042023561895,1331.5024919671346,False,-2051.930227695861,-0.011594283563655307,0.5849809489018909,-0.35000000908357143,-0.35000000905048856,-0.3500000090504735,-0.35,0.0,False,False,65415.25,4603.553005925993,15.60166713568647,7.698399018669652e-05,815.7493151298276,1.1271201633807792,1.057845439337298,0.8291739104917131,1.0497015221724948,0.165381683907133,1.0,0.00030848479803221776,0.0006562873235056894,0.001380134036191736,-0.02273632069936974,0.05238554387091182,0.0011889161663444536,-1809.8046884581565,False
11,moderate,66,scenario_nmpc,72.5,0.21177986796721407,0.04621806683825353,3.653737989433112,0.21163696649226438,0.045807515074649335,3.6539809909032144,0.2799884221215252,-0.0024160449218749713,-0.03177230834960938,0.2099884221215252,0.3499884221215252,-0.08,0.08,-0.06820855415431112,0.0486341117601285,3.6855102977827214,not_applicable,0.0,,False,-2050.382961145962,-0.011272144046628157,0.5872873316769143,-0.35000000908357143,-0.35000000905048856,-0.35000000905048784,-0.35,0.0,False,False,65234.153747558594,4587.949724310893,15.548786848293275,7.921412009031595e-05,833.7002027292672,1.1271201633807792,1.057845439337298,0.8291739104917131,1.0497015221724948,0.165381683907133,1.0,0.00030848479803221776,0.0006562873235056894,0.001380134036191736,-0.02273632069936974,0.05238554387091182,0.0011889161663444536,-1809.8046884581565,False
11,moderate,66,scenario_nmpc,73.0,0.21159313701340088,0.04617707366884268,3.6768367733524547,0.21209633512568965,0.045069458698957315,3.679638743469666,0.27995386457550714,-0.0024188061523437304,-0.032981044921874994,0.20995386457550713,0.34995386457550715,-0.08,0.08,-0.06836072756210626,0.04859587982118641,3.7098178182743298,not_applicable,0.0,,False,-2048.6459195730163,-0.010949675114912114,0.5895995304798856,-0.35000000908357143,-0.35000000908357143,-0.3500000090819622,-0.35,0.0,False,False,65052.84326171875,4572.348447143617,15.49591335407216,8.151160768603229e-05,852.055927916825,1.1271201633807792,1.057845439337298,0.8291739104917131,1.0497015221724948,0.165381683907133,1.0,0.00030848479803221776,0.0006562873235056894,0.001380134036191736,-0.02273632069936974,0.05238554387091182,0.0011889161663444536,-1809.8046884581565,False
11,moderate,66,scenario_nmpc,73.5,0.2114064559801605,0.04613611554263873,3.6999150694227096,0.2112403521653831,0.04649003722116972,3.7003133691682417,0.2798965914960556,-0.002421376953125026,-0.03419111450195311,0.2098965914960556,0.3498965914960556,-0.08,0.08,-0.06849013551589511,0.04855749249576376,3.7341061839246628,not_applicable,0.0,,False,-2046.7112053486649,-0.010626899386194232,0.5919173776928992,-0.35000000908357143,-0.35000000908357143,-0.35000000908349316,-0.35,0.0,False,False,64871.33282470703,4556.750292123559,15.44305044096124,8.387837515863541e-05,870.8241679654816,1.1271201633807792,1.057845439337298,0.8291739104917131,1.0497015221724948,0.165381683907133,1.0,0.00030848479803221776,0.0006562873235056894,0.001380134036191736,-0.02273632069936974,0.05238554387091182,0.0011889161663444536,-1809.8046884581565,False
11,moderate,66,scenario_nmpc,74.0,0.2112198372137637,0.04609519641854932,3.7229728961547535,0.21201080469921618,0.044895397422593845,3.71968449683548,0.27981686701728026,-0.0024237573242187754,-0.03540242187500002,0.20981686701728025,0.34981686701728026,-0.08,0.08,-0.06859702980351656,0.048518953742768094,3.7583753180297537,Solve_Succeeded,0.062014041002839804,1497.386149491672,False,-2044.5707172751954,-0.010303839749942728,0.5942407045472012,-0.35000000998477293,-0.35000000908357143,-0.3500000090835676,-0.35,0.0,False,False,64689.63671875,4541.156373909807,15.390201886594888,8.631639113562685e-05,890.0126771397578,1.1271201633807792,1.057845439337298,0.8291739104917131,1.0497015221724948,0.165381683907133,1.0,0.00030848479803221776,0.0006562873235056894,0.001380134036191736,-0.02273632069936974,0.05238554387091182,0.0011889161663444536,-1809.8046884581565,False
11,moderate,66,scenario_nmpc,74.5,0.2110332936879501,0.04605432041750319,3.7460102740794228,0.21082914321340843,0.044922282884685735,3.7446587362089754,0.27971495527329077,-0.002425947265624978,-0.03661487182617189,0.20971495527329076,0.3497149552732908,-0.08,0.08,-0.06868166158534067,0.048480267683128166,3.7826251459055946,not_applicable,0.0,,False,-2042.216149362633,-0.009980519371002063,0.5965693411216009,-0.35000000998477293,-0.35000000908357143,-0.35000000908357126,-0.35,0.0,False,False,64507.76922607422,4525.567804156212,15.337371458422572,8.882767131531593e-05,909.6292842192645,1.1271201633807792,1.057845439337298,0.8291739104917131,1.0497015221724948,0.165381683907133,1.0,0.00030848479803221776,0.0006562873235056894,0.001380134036191736,-0.02273632069936974,0.05238554387091182,0.0011889161663444536,-1809.8046884581565,False
11,moderate,66,scenario_nmpc,75.0,0.21084683901626752,0.04601349182653872,3.769027225829547,0.2113930420964745,0.04602257123241484,3.7678133947543997,0.2795911203981969,-0.0024279467773437313,-0.037828369140625,0.20959112039819688,0.3495911203981969,-0.08,0.08,-0.06874428138192937,0.048441438603882454,3.806855594970172,not_applicable,0.0,,False,-2039.6389898288921,-0.009656961693406331,0.598903116341161,-0.35000000998477293,-0.35000000998477293,-0.3500000099409385,-0.35,0.0,False,False,64325.74462890625,4509.985691545775,15.284562913825413,9.14142790746381e-05,929.681889845786,1.1271201633807792,1.057845439337298,0.8291739104917131,1.0497015221724948,0.165381683907133,1.0,0.00030848479803221776,0.0006562873235056894,0.001380134036191736,-0.02273632069936974,0.05238554387091182,0.0011889161663444536,-1809.8046884581565,False
11,moderate,66,scenario_nmpc,75.5,0.21066048746506663,0.04597271510291196,3.7920237762240303,0.21039473624749497,0.045231127663917195,3.791699304504215,0.2794456265261082,-0.0024297558593749935,-0.03904281860351562,0.2094456265261082,0.3494456265261082,-0.08,0.08,-0.06878513906104158,0.048402470962286955,3.8310665948275457,not_applicable,0.0,,False,-2036.830520336928,-0.009333190444387088,0.6012418579761649,-0.35000000998477293,-0.35000000998477293,-0.3500000099826408,-0.35,0.0,False,False,64143.577209472656,4494.411141824394,15.231780000230545,9.407832605458496e-05,950.1784636889923,1.1271201633807792,1.057845439337298,0.8291739104917131,1.0497015221724948,0.165381683907133,1.0,0.00030848479803221776,0.0006562873235056894,0.001380134036191736,-0.02273632069936974,0.05238554387091182,0.0011889161663444536,-1809.8046884581565,False
11,moderate,66,scenario_nmpc,76.0,0.21047425396709055,0.0459319948782193,3.8149999523539924,0.2105057906282493,0.0451944541378738,3.814525402950403,0.2792787377911345,-0.0024313745117187785,-0.04025812499999999,0.20927873779113448,0.3492787377911345,-0.08,0.08,-0.06880448382404394,0.04836336938993808,3.855258077353992,Solve_Succeeded,0.061807291000150144,1442.268926267926,False,-2033.7818154831684,-0.009009229638552968,0.6035853926413581,-0.35000000941381815,-0.35000000998477293,-0.35000000998466924,-0.35,0.0,False,False,63961.28125,4478.845257833978,15.179026455223338,9.682197272104423e-05,971.1270414259062,1.1271201633807792,1.057845439337298,0.8291739104917131,1.0497015221724948,0.165381683907133,1.0,0.00030848479803221776,0.0006562873235056894,0.001380134036191736,-0.02273632069936974,0.05238554387091182,0.0011889161663444536,-1809.8046884581565,False
11,moderate,66,scenario_nmpc,76.5,0.21028815413560342,0.045891335962529894,3.837955783670972,0.21029285898937325,0.04608051875746076,3.838119174423867,0.27909071832738547,-0.002432802734375031,-0.0414741931152344,0.20909071832738546,0.3490907183273855,-0.08,0.08,-0.06880256419178205,0.048324138696904925,3.8794299767862066,not_applicable,0.0,,False,-2030.4837425518774,-0.008685103582220584,0.6059335457954627,-0.35000000941381815,-0.35000000998477293,-0.3500000099847679,-0.35,0.0,False,False,63778.871032714844,4463.289139544943,15.126306006657531,9.964742889875098e-05,992.5357215292951,1.1271201633807792,1.057845439337298,0.8291739104917131,1.0497015221724948,0.165381683907133,1.0,0.00030848479803221776,0.0006562873235056894,0.001380134036191736,-0.02273632069936974,0.05238554387091182,0.0011889161663444536,-1809.8046884581565,False
11,moderate,66,scenario_nmpc,77.0,0.2101022042790048,0.04585074334852237,3.8608913020771993,0.20956592693126277,0.04534377751144662,3.8598339389060765,0.27888183226897073,-0.0024340405273437365,-0.04269092773437502,0.20888183226897072,0.34888183226897074,-0.08,0.08,-0.06877962798996592,0.04828478387586611,3.9035822298115743,not_applicable,0.0,,False,-2026.9269615504004,-0.00836083687787672,0.6082861417409636,-0.35000000941381815,-0.35000000941381815,-0.35000000944158915,-0.35,0.0,False,False,63596.36083984375,4447.743884088104,15.073622372763316,0.0001025569542759525,1014.4126618601911,1.1271201633807792,1.057845439337298,0.8291739104917131,1.0497015221724948,0.165381683907133,1.0,0.00030848479803221776,0.0006562873235056894,0.001380134036191736,-0.02273632069936974,0.05238554387091182,0.0011889161663444536,-1809.8046884581565,False
11,moderate,66,scenario_nmpc,77.5,0.20991642141588027,0.04581022221562019,3.8838065420179344,0.21014344104400273,0.045957592360219984,3.8816976026746453,0.27865234375000003,-0.002435087890624979,-0.043908233642578134,0.20865234375000002,0.34865234375000004,-0.08,0.08,-0.06873592233411976,0.04824531010624517,3.9277147756605126,not_applicable,0.0,,False,-2023.1019255405984,-0.008036454428754052,0.610643003624165,-0.35000000941381815,-0.35000000941381815,-0.35000000941516896,-0.35,0.0,False,False,63413.76495361328,4432.210585785984,15.020979262253448,0.00010555285887729259,1036.7660760598176,1.1271201633807792,1.057845439337298,0.8291739104917131,1.0497015221724948,0.165381683907133,1.0,0.00030848479803221776,0.0006562873235056894,0.001380134036191736,-0.02273632069936974,0.05238554387091182,0.0011889161663444536,-1809.8046884581565,False
11,moderate,66,scenario_nmpc,78.0,0.20973082329044046,0.045769777934119835,3.9067015405758734,0.20975297732432469,0.04665597249412021,3.9075611205833147,0.27840251690458306,-0.0024359448242187165,-0.045126015625,0.20840251690458306,0.34840251690458307,-0.08,0.08,-0.0686716936141426,0.04820572275833855,3.9518275562008736,Solve_Succeeded,0.059258082997985184,1474.448924763747,False,-2018.998881282052,-0.007711981443502901,0.6130039534355131,-0.3500000091975834,-0.35000000941381815,-0.3500000094138839,-0.35,0.0,False,False,63231.09765625,4416.690336183554,14.968380374427417,0.00010863750350232013,1059.6042297362853,1.1271201633807792,1.057845439337298,0.8291739104917131,1.0497015221724948,0.165381683907133,1.0,0.00030848479803221776,0.0006562873235056894,0.001380134036191736,-0.02273632069936974,0.05238554387091182,0.0011889161663444536,-1809.8046884581565,False
11,moderate,66,scenario_nmpc,78.5,0.2095454283883034,0.04572941606930537,3.929576337567613,0.2097667391437439,0.0472717949376948,3.931003009685517,0.27813261586682947,-0.0024366113281250323,-0.04634417846679685,0.20813261586682946,0.3481326158668295,-0.08,0.08,-0.06858718747852607,0.0481660273974304,3.9759205160344098,not_applicable,0.0,,False,-2014.6078702029013,-0.007387443440942769,0.6153688120101857,-0.3500000091975834,-0.35000000941381815,-0.35000000941382137,-0.35,0.0,False,False,63048.37322998047,4401.184224078418,14.91582939927376,0.00011181330012692427,1082.9354364414773,1.1271201633807792,1.057845439337298,0.8291739104917131,1.0497015221724948,0.165381683907133,1.0,0.00030848479803221776,0.0006562873235056894,0.001380134036191736,-0.02273632069936974,0.05238554387091182,0.0011889161663444536,-1809.8046884581565,False
11,moderate,66,scenario_nmpc,79.0,0.2093602559525762,0.045689142385543,3.952430975642171,0.20944622847167094,0.04531057464010662,3.952488990047725,0.277842904770849,-0.002437087402343774,-0.047562626953125034,0.207842904770849,0.347842904770849,-0.08,0.08,-0.06848264881827279,0.048126229787886776,3.9999936025952962,not_applicable,0.0,,False,-2009.9187297144224,-0.00706286625487762,0.6177373990289489,-0.3500000091975834,-0.3500000091975834,-0.3500000092081012,-0.35,0.0,False,False,62865.60595703125,4385.6933355504425,14.863330017570455,0.0001150827122648945,1106.7680534336173,1.1271201633807792,1.057845439337298,0.8291739104917131,1.0497015221724948,0.165381683907133,1.0,0.00030848479803221776,0.0006562873235056894,0.001380134036191736,-0.02273632069936974,0.05238554387091182,0.0011889161663444536,-1809.8046884581565,False
11,moderate,66,scenario_nmpc,79.5,0.2091753260001938,0.045648962850348605,3.975265500381544,0.20871089154666267,0.04647302873782879,3.976104778864006,0.27753364775075134,-0.002437373046874969,-0.048781265869140625,0.20753364775075134,0.34753364775075135,-0.08,0.08,-0.06835832175055753,0.048086335897223574,4.0240467662506845,not_applicable,0.0,,False,-2004.9210948857321,-0.006738276038960642,0.6201095330192727,-0.3500000091975834,-0.3500000091975834,-0.350000009198095,-0.35,0.0,False,False,62682.810119628906,4370.218753990877,14.810885900983639,0.00011844825528670852,1131.1104772212339,1.1271201633807792,1.057845439337298,0.8291739104917131,1.0497015221724948,0.165381683907133,1.0,0.00030848479803221776,0.0006562873235056894,0.001380134036191736,-0.02273632069936974,0.05238554387091182,0.0011889161663444536,-1809.8046884581565,False
11,moderate,66,scenario_nmpc,80.0,0.2089906593384735,0.04560888363842103,3.998079960403292,0.20896751539327518,0.04532218086528045,3.9982690065116984,0.27720510894064615,-0.002437468261718756,-0.05,0.20720510894064614,0.34720510894064616,-0.08,0.08,-0.06821444960217266,0.04804635190013978,4.048079960403292,Solve_Succeeded,0.0591946670319885,1536.0012229049692,False,-1999.604400495128,-0.006413699271593062,0.6224850313567132,-0.350000009322304,-0.3500000091975834,-0.35000000919760826,-0.35,0.0,False,False,62500.0,4354.761560130941,14.758500712164466,0.00012191249669253539,1155.9711388841995,1.1271201633807792,1.057845439337298,0.8291739104917131,1.0497015221724948,0.165381683907133,1.0,0.00030848479803221776,0.0006562873235056894,0.001380134036191736,-0.02273632069936974,0.05238554387091182,0.0011889161663444536,-1809.8046884581565,False
11,moderate,66,scenario_nmpc,80.5,0.20880627758184472,0.045568911135633654,4.020874407465129,0.2085576712937066,0.04463971808518723,4.019249486618224,0.27685755247464316,-0.0024373730468749966,-0.05121873413085938,0.20685755247464316,0.34685755247464317,-0.08,0.08,-0.06805127489279844,0.04800628418250865,4.072093141595989,not_applicable,0.0,,False,-1993.957883474819,-0.006089162760843571,0.6248637102665509,-0.350000009322304,-0.3500000091975834,-0.3500000091975846,-0.35,0.0,False,False,62317.189880371094,4339.322832069908,14.706178104844305,0.00012547805633634539,1181.3584991677603,1.1271201633807792,1.057845439337298,0.8291739104917131,1.0497015221724948,0.165381683907133,1.0,0.00030848479803221776,0.0006562873235056894,0.001380134036191736,-0.02273632069936974,0.05238554387091182,0.0011889161663444536,-1809.8046884581565,False
11,moderate,66,scenario_nmpc,81.0,0.20862220316871424,0.04552905194297629,4.043648896571498,0.20865986000344278,0.04563486507365333,4.044480731988243,0.27649124248685203,-0.002437087402343746,-0.052437373046875,0.20649124248685202,0.34649124248685204,-0.08,0.08,-0.06786903931813779,0.047966139345320034,4.096086269618373,not_applicable,0.0,,False,-1987.9705857659226,-0.005764693649374361,0.6272453848256894,-0.350000009322304,-0.350000009322304,-0.35000000931623765,-0.35,0.0,False,False,62134.39404296875,4323.90364530272,14.653921723928308,0.00012914760659791312,1207.2810433456307,1.1271201633807792,1.057845439337298,0.8291739104917131,1.0497015221724948,0.165381683907133,1.0,0.00030848479803221776,0.0006562873235056894,0.001380134036191736,-0.02273632069936974,0.05238554387091182,0.0011889161663444536,-1809.8046884581565,False
11,moderate,66,scenario_nmpc,81.5,0.208438459378427,0.04548931288043915,4.066403486082098,0.20822591759808537,0.04470001504588338,4.066648835143763,0.27610644311138244,-0.0024366113281250046,-0.05365582153320313,0.20610644311138243,0.34610644311138244,-0.08,0.08,-0.06766798373295543,0.047925924208564154,4.120059307615302,not_applicable,0.0,,False,-1981.631357600678,-0.0054403194193598375,0.6296298689648132,-0.350000009322304,-0.350000009322304,-0.350000009322009,-0.35,0.0,False,False,61951.62677001953,4308.505072747086,14.601735205587266,0.00013292387249939108,1233.7472758482895,1.1271201633807792,1.057845439337298,0.8291739104917131,1.0497015221724948,0.165381683907133,1.0,0.00030848479803221776,0.0006562873235056894,0.001380134036191736,-0.02273632069936974,0.05238554387091182,0.0011889161663444536,-1809.8046884581565,False
11,moderate,66,scenario_nmpc,82.0,0.20825507034828333,0.04544970099083042,4.089138237822346,0.20741117007443716,0.04566538110043007,4.088525700289396,0.27570341848234414,-0.0024359448242187443,-0.054873984375000004,0.20570341848234414,0.34570341848234415,-0.08,0.08,-0.06744834813406081,0.047885645815049165,4.144012222197346,Solve_Succeeded,0.061925207963213325,1581.120481859511,False,-1974.9288612289638,-0.005116067897385217,0.6320169754707983,-0.35000000932481495,-0.350000009322304,-0.35000000932228964,-0.35,0.0,False,False,61768.90234375,4293.128184770147,14.549622177347963,0.0001368096317630312,1260.7657146529043,1.1271201633807792,1.057845439337298,0.8291739104917131,1.0497015221724948,0.165381683907133,1.0,0.00030848479803221776,0.0006562873235056894,0.001380134036191736,-0.02273632069936974,0.05238554387091182,0.0011889161663444536,-1809.8046884581565,False
11,moderate,66,scenario_nmpc,82.5,0.20807206109057289,0.04541022354351843,4.1118532171957165,0.20841042913563448,0.0439562565861568,4.1100232818311335,0.2752824327338468,-0.0024350878906250206,-0.05609176635742187,0.20528243273384678,0.3452824327338468,-0.08,0.08,-0.0672103716432739,0.04784531143414345,4.167944983553139,not_applicable,0.0,,False,-1967.85157510618,-0.0047919672593112195,0.6344065159893799,-0.35000000932481495,-0.350000009322304,-0.3500000093223033,-0.35,0.0,False,False,61586.23504638672,4277.774049214653,14.497586258181908,0.00014080771480652735,1288.344885431418,1.1271201633807792,1.057845439337298,0.8291739104917131,1.0497015221724948,0.165381683907133,1.0,0.00030848479803221776,0.0006562873235056894,0.001380134036191736,-0.02273632069936974,0.05238554387091182,0.0011889161663444536,-1809.8046884581565,False
11,moderate,66,scenario_nmpc,83.0,0.20788945750958587,0.04537088803808922,4.134548493297942,0.20800967976266319,0.045137745969589034,4.134800301825316,0.27484375,-0.0024340405273437504,-0.057309072265625025,0.20484375,0.34484375,-0.08,0.08,-0.06695429249041412,0.04780492856543297,4.191857565563566,not_applicable,0.0,,False,-1960.3877985595932,-0.004468046035091787,0.6367983010280722,-0.35000000932481495,-0.35000000932481495,-0.3500000093246928,-0.35,0.0,False,False,61403.63916015625,4262.443731424724,14.445631058592618,0.0001449210046723514,1316.4933154536159,1.1271201633807792,1.057845439337298,0.8291739104917131,1.0497015221724948,0.165381683907133,1.0,0.00030848479803221776,0.0006562873235056894,0.001380134036191736,-0.02273632069936974,0.05238554387091182,0.0011889161663444536,-1809.8046884581565,False
11,moderate,66,scenario_nmpc,83.5,0.2077072864185614,0.04533170220790991,4.157224139033012,0.20736405718769277,0.044997885651772006,4.157255514427358,0.27438763441491365,-0.002432802734374989,-0.05852580688476562,0.20438763441491364,0.34438763441491366,-0.08,0.08,-0.06668034799635225,0.0477645049422849,4.215749945917778,not_applicable,0.0,,False,-1952.5256569501603,-0.004144333113531677,0.6391921399593407,-0.35000000932481495,-0.35000000932481495,-0.350000009324809,-0.35,0.0,False,False,61221.128967285156,4247.138294271152,14.393760180701383,0.00014915243688734778,1345.2195272421088,1.1271201633807792,1.057845439337298,0.8291739104917131,1.0497015221724948,0.165381683907133,1.0,0.00030848479803221776,0.0006562873235056894,0.001380134036191736,-0.02273632069936974,0.05238554387091182,0.0011889161663444536,-1809.8046884581565,False
11,moderate,66,scenario_nmpc,84.0,0.20752557555653248,0.04529267402358798,4.179880231230932,0.20717845890705558,0.04580135375550829,4.179377130230087,0.27391435011269727,-0.002431374511718737,-0.059741875000000014,0.20391435011269726,0.3439143501126973,-0.08,0.08,-0.06638877455616479,0.047724048535306714,4.239622106230932,Solve_Succeeded,0.06474170804722235,1626.7135294290974,False,-1944.2531073467571,-0.003820857746970066,0.6415878410240256,-0.35000000934175324,-0.35000000932481495,-0.3500000093248147,-0.35,0.0,False,False,61038.71875,4231.858798176278,14.341977218331582,0.00015350499924876072,1374.5320319765126,1.1271201633807792,1.057845439337298,0.8291739104917131,1.0497015221724948,0.165381683907133,1.0,0.00030848479803221776,0.0006562873235056894,0.001380134036191736,-0.02273632069936974,0.05238554387091182,0.0011889161663444536,-1809.8046884581565,False
11,moderate,66,scenario_nmpc,84.5,0.20734435360502676,0.045253811696316044,4.2025168507671795,0.2079501892573625,0.045185392936415006,4.203239257729085,0.2734241612274606,-0.0024297558593749935,-0.06095718139648436,0.2034241612274606,0.3434241612274606,-0.08,0.08,-0.06607980762243384,0.04768356755569104,4.263474032163664,not_applicable,0.0,,False,-1935.5579447296222,-0.00349764955587778,0.6439852113350127,-0.35000000934175324,-0.35000000932481495,-0.35000000932481495,-0.35,0.0,False,False,60856.422790527344,4216.606301138476,14.290285757091644,0.00015798173153276575,1404.439322644302,1.1271201633807792,1.057845439337298,0.8291739104917131,1.0497015221724948,0.165381683907133,1.0,0.00030848479803221776,0.0006562873235056894,0.001380134036191736,-0.02273632069936974,0.05238554387091182,0.0011889161663444536,-1809.8046884581565,False
11,moderate,66,scenario_nmpc,85.0,0.20716365020458136,0.045215123681091776,4.225134082683805,0.20729664475406287,0.04510349164106277,4.226134672868423,0.27291733189331335,-0.002427946777343787,-0.06217163085937501,0.20291733189331335,0.34291733189331336,-0.08,0.08,-0.065753681688732,0.04764307045843556,4.28730571354318,not_applicable,0.0,,False,-1926.4278087395533,-0.0031747385333532746,0.6463840568811571,-0.35000000934175324,-0.35000000934175324,-0.35000000934092934,-0.35,0.0,False,False,60674.25537109375,4201.381858756196,14.238689374456536,0.00016258572512148077,1434.9498669360596,1.1271201633807792,1.057845439337298,0.8291739104917131,1.0497015221724948,0.165381683907133,1.0,0.00030848479803221776,0.0006562873235056894,0.001380134036191736,-0.02273632069936974,0.05238554387091182,0.0011889161663444536,-1809.8046884581565,False
11,moderate,66,scenario_nmpc,85.5,0.20698349597102914,0.045176618679801765,4.247732016312107,0.20746434460563692,0.04549166781208948,4.248433480470141,0.27239412624436515,-0.002425947265624978,-0.06338512817382815,0.20239412624436515,0.34239412624436516,-0.08,0.08,-0.06541063027333602,0.04760256594542674,4.3111171444859355,not_applicable,0.0,,False,-1916.850190989237,-0.0028521550495050133,0.6487841825314473,-0.35000000934175324,-0.35000000934175324,-0.35000000934171316,-0.35,0.0,False,False,60492.23077392578,4186.186524251644,14.187191639848015,0.00016732012254434483,1466.0720998832153,1.1271201633807792,1.057845439337298,0.8291739104917131,1.0497015221724948,0.165381683907133,1.0,0.00030848479803221776,0.0006562873235056894,0.001380134036191736,-0.02273632069936974,0.05238554387091182,0.0011889161663444536,-1809.8046884581565,False
11,moderate,66,scenario_nmpc,86.0,0.20680392251151333,0.04513830564415828,4.270310745396811,0.20686058774579646,0.04586196811012114,4.269928800639403,0.2718548084147258,-0.002423757324218734,-0.06459757812499999,0.2018548084147258,0.3418548084147258,-0.08,0.08,-0.06505088590321248,0.04756206296837701,4.3349083235218115,Solve_Succeeded,0.059455832990352064,1673.8722911834384,False,-1906.812442952691,-0.002529929855705347,0.651185392039422,-0.3500000093548849,-0.35000000934175324,-0.3500000093417513,-0.35,0.0,False,False,60310.36328125,4171.021348494046,14.13579611471348,0.00017218811692965851,1497.8144162365643,1.1271201633807792,1.057845439337298,0.8291739104917131,1.0497015221724948,0.165381683907133,1.0,0.00030848479803221776,0.0006562873235056894,0.001380134036191736,-0.02273632069936974,0.05238554387091182,0.0011889161663444536,-1809.8046884581565,False
11,moderate,66,scenario_nmpc,86.5,0.2066249624401863,0.0451001937784772,4.292870368221682,0.20660548784744173,0.044354534416882564,4.293623720331139,0.2712996425385049,-0.0024213769531249985,-0.06580888549804688,0.2012996425385049,0.3412996425385049,-0.08,0.08,-0.06467468009831862,0.0475215707316022,4.358679253719729,not_applicable,0.0,,False,-1896.301784448488,-0.002208094088702338,0.6535874880478271,-0.3500000093548849,-0.35000000934175324,-0.3500000093417531,-0.35,0.0,False,False,60128.66717529297,4155.887380022547,14.084506352603574,0.00017719295136199724,1530.1851625842553,1.1271201633807792,1.057845439337298,0.8291739104917131,1.0497015221724948,0.165381683907133,1.0,0.00030848479803221776,0.0006562873235056894,0.001380134036191736,-0.02273632069936974,0.05238554387091182,0.0011889161663444536,-1809.8046884581565,False
11,moderate,66,scenario_nmpc,87.0,0.20644664939354718,0.04506229254228536,4.3154109877364775,0.2062667546330818,0.04548721095737863,4.315242967890509,0.2707288927498122,-0.0024188061523437443,-0.06701895507812498,0.2007288927498122,0.3407288927498122,-0.08,0.08,-0.06428224335626503,0.047481098694629104,4.3824299428146025,not_applicable,0.0,,False,-1885.305312731965,-0.0018866792745750316,0.6559902720935179,-0.3500000093548849,-0.3500000093548849,-0.3500000093542462,-0.35,0.0,False,False,59947.15673828125,4140.785665068743,14.033325899248526,0.00018233791814112752,1563.1926292082433,1.1271201633807792,1.057845439337298,0.8291739104917131,1.0497015221724948,0.165381683907133,1.0,0.00030848479803221776,0.0006562873235056894,0.001380134036191736,-0.02273632069936974,0.05238554387091182,0.0011889161663444536,-1809.8046884581565,False
11,moderate,66,scenario_nmpc,87.5,0.20626901804537245,0.04502461165274497,4.337932711685163,0.20662760474152123,0.04469646863014941,4.3397018638700615,0.27014282318275734,-0.0024160449218750546,-0.06822769165039062,0.20014282318275733,0.34014282318275735,-0.08,0.08,-0.06387380513738489,0.04744065657462002,4.406160403335553,not_applicable,0.0,,False,-1873.810012211152,-0.001565717332517938,0.6583935446126042,-0.3500000093548849,-0.3500000093548849,-0.3500000093548538,-0.35,0.0,False,False,59765.846252441406,4125.717247578832,13.982258292633263,0.00018762635793797625,1596.8450416785176,1.1271201633807792,1.057845439337298,0.8291739104917131,1.0497015221724948,0.165381683907133,1.0,0.00030848479803221776,0.0006562873235056894,0.001380134036191736,-0.02273632069936974,0.05238554387091182,0.0011889161663444536,-1809.8046884581565,False
11,moderate,66,scenario_nmpc,88.0,0.20609210412119225,0.04498716108688279,4.360435652735287,0.2059258401620285,0.04562763638753526,4.360086896629459,0.26954169797145006,-0.002413093261718763,-0.06943500000000004,0.19954169797145005,0.33954169797145006,-0.08,0.08,-0.06344959385025781,0.04740025434860155,4.429870652735287,Solve_Succeeded,0.06063491600798443,1725.133650148841,False,-1861.8027648005373,-0.0012452405784392842,0.6607971049458362,-0.3500000093788868,-0.3500000093548849,-0.3500000093548834,-0.35,0.0,False,False,59584.75,4110.6831692354335,13.931307063071314,0.00019306165884313745,1631.1505521848683,1.1271201633807792,1.057845439337298,0.8291739104917131,1.0497015221724948,0.165381683907133,1.0,0.00030848479803221776,0.0006562873235056894,0.001380134036191736,-0.02273632069936974,0.05238554387091182,0.0011889161663444536,-1809.8046884581565,False
11,moderate,66,scenario_nmpc,88.5,0.2059159444122639,0.04494995108361116,4.382919928608426,0.20586938790042802,0.04520342917313431,4.383737559092344,0.26892578125000005,-0.00240995117187498,-0.07064078491210939,0.19892578125000004,0.33892578125000006,-0.08,0.08,-0.06300983683773614,0.04735990225548614,4.4535607135205355,not_applicable,0.0,,False,-1849.2703609262205,-0.0009252817283588108,0.6632007513442304,-0.3500000093788868,-0.3500000093548849,-0.35000000935488484,-0.35,0.0,False,False,59403.882263183594,4095.6844694790416,13.880475733277544,0.00019864725530333027,1666.1172306062515,1.1271201633807792,1.057845439337298,0.8291739104917131,1.0497015221724948,0.165381683907133,1.0,0.00030848479803221776,0.0006562873235056894,0.001380134036191736,-0.02273632069936974,0.05238554387091182,0.0011889161663444536,-1809.8046884581565,False
11,moderate,66,scenario_nmpc,89.0,0.20574057678899377,0.04491299214552793,4.405385662211574,0.20609977462975784,0.04448353177472285,4.406161984804329,0.2682953371525169,-0.0024066186523437616,-0.07184495117187502,0.1982953371525169,0.3382953371525169,-0.08,0.08,-0.06255476036352314,0.04731961079787169,4.477230613383449,not_applicable,0.0,,False,-1836.1995111952288,-0.0006058739015891226,0.6656042809749362,-0.3500000093788868,-0.3500000093788868,-0.35000000937771936,-0.35,0.0,False,False,59223.25732421875,4080.722185529149,13.829767818439732,0.0002043866269411626,1701.7530553182658,1.1271201633807792,1.057845439337298,0.8291739104917131,1.0497015221724948,0.165381683907133,1.0,0.00030848479803221776,0.0006562873235056894,0.001380134036191736,-0.02273632069936974,0.05238554387091182,0.0011889161663444536,-1809.8046884581565,False
11,moderate,66,scenario_nmpc,89.5,0.2055660402137567,0.04487629504048195,4.427832981769384,0.20568308475994768,0.044494334781075506,4.425498114696027,0.2676506298131105,-0.0024030957031249967,-0.07304740356445315,0.1976506298131105,0.3376506298131105,-0.08,0.08,-0.062084589599353784,0.047279390743606944,4.500880385333836,not_applicable,0.0,,False,-1822.5768587410287,-0.00028705062368534345,0.6680074899273395,-0.3500000093788868,-0.3500000093788868,-0.35000000937883,-0.35,0.0,False,False,59042.88946533203,4065.797352405041,13.779186826289047,0.0002102832972535052,1738.0659037396492,1.1271201633807792,1.057845439337298,0.8291739104917131,1.0497015221724948,0.165381683907133,1.0,0.00030848479803221776,0.0006562873235056894,0.001380134036191736,-0.02273632069936974,0.05238554387091182,0.0011889161663444536,-1809.8046884581565,False
11,moderate,66,scenario_nmpc,90.0,0.2053923747530618,0.04483987080289069,4.450262020957118,0.2055472252603564,0.04459255528906554,4.449677426778584,0.26699192336589034,-0.0023993823242187684,-0.07424804687500001,0.19699192336589033,0.33699192336589034,-0.08,0.08,-0.06159954861282854,0.04723925312710946,4.524510067832118,Solve_Succeeded,0.06402133300434798,1781.3195093449538,False,-1808.3889922563972,3.115417085274019e-05,0.6704101732194035,-0.3500000094607237,-0.3500000093788868,-0.35000000937888404,-0.35,0.0,False,False,58862.79296875,4050.911002946254,13.728736257169384,0.00021634083218373393,1775.063542619162,1.1271201633807792,1.057845439337298,0.8291739104917131,1.0497015221724948,0.165381683907133,1.0,0.00030848479803221776,0.0006562873235056894,0.001380134036191736,-0.02273632069936974,0.05238554387091182,0.0011889161663444536,-1809.8046884581565,False
11,moderate,66,scenario_nmpc,90.5,0.2052196215890116,0.04480373073479611,4.47267291903421,0.20489165638446166,0.045473697786338516,4.473747057378279,0.2663194819449662,-0.002395478515624966,-0.07544678588867192,0.19631948194496618,0.3363194819449662,-0.08,0.08,-0.06109986035595458,0.04719920925042108,4.548119704922882,not_applicable,0.0,,False,-1793.622459723859,0.000348706136142414,0.6728121248042477,-0.3500000094607237,-0.3500000093788868,-0.3500000093788867,-0.35,0.0,False,False,58682.98211669921,4036.0641678327297,13.678419604105663,0.00022256283856305798,1812.7536180646225,1.1271201633807792,1.057845439337298,0.8291739104917131,1.0497015221724948,0.165381683907133,1.0,0.00030848479803221776,0.0006562873235056894,0.001380134036191736,-0.02273632069936974,0.05238554387091182,0.0011889161663444536,-1809.8046884581565,False
11,moderate,66,scenario_nmpc,91.0,0.20504782303000138,0.04476788640664498,4.495065820978265,0.20546290921002608,0.04569621726313791,4.4961584996229815,0.26563356968444785,-0.0023913842773437277,-0.07664352539062498,0.19563356968444784,0.33563356968444785,-0.08,0.08,-0.060585746654446465,0.04715927068398871,4.57170934636889,not_applicable,0.0,,False,-1778.263782852907,0.0006655705127596792,0.6752131375769588,-0.3500000094607237,-0.3500000094607237,-0.35000000945674314,-0.35,0.0,False,False,58503.47119140625,4021.257875604648,13.628240352871046,0.00022895296241612839,1851.1436453163928,1.1271201633807792,1.057845439337298,0.8291739104917131,1.0497015221724948,0.165381683907133,1.0,0.00030848479803221776,0.0006562873235056894,0.001380134036191736,-0.02273632069936974,0.05238554387091182,0.0011889161663444536,-1809.8046884581565,False
11,moderate,66,scenario_nmpc,91.5,0.20487702252060344,0.044732349657779384,4.517440877619393,0.20458425735707955,0.04578203361608612,4.517892024209947,0.2649344507184448,-0.0023870996093749985,-0.07783817016601564,0.19493445071844479,0.3349344507184448,-0.08,0.08,-0.06005742819784135,0.04711944926715438,4.595279047785408,not_applicable,0.0,,False,-1762.2994722320784,0.0009817121258778386,0.6776130033816398,-0.3500000094607237,-0.3500000094607237,-0.35000000946053006,-0.35,0.0,False,False,58324.274475097656,4006.4931526819596,13.57820198205314,0.00023551488712609975,1890.240998268052,1.1271201633807792,1.057845439337298,0.8291739104917131,1.0497015221724948,0.165381683907133,1.0,0.00030848479803221776,0.0006562873235056894,0.001380134036191736,-0.02273632069936974,0.05238554387091182,0.0011889161663444536,-1809.8046884581565,False
11,moderate,66,scenario_nmpc,92.0,0.20470726465058098,0.044697132596623265,4.539798245774703,0.20458645040234416,0.04492434961758636,4.5384489439739735,0.2642223891810669,-0.002382624511718723,-0.07903062499999998,0.19422238918106688,0.3342223891810669,-0.08,0.08,-0.05951512453048591,0.04707975710834199,4.618828870774703,Solve_Succeeded,0.06483695795759559,1829.0724627097431,False,-1745.716043202818,0.0012970953837194293,0.6800115130186897,-0.35000000942750675,-0.3500000094607237,-0.35000000946071425,-0.35,0.0,False,False,58145.40625,3991.771023383624,13.528307963119177,0.00024225233145430236,1930.052898737459,1.1271201633807792,1.057845439337298,0.8291739104917131,1.0497015221724948,0.165381683907133,1.0,0.00030848479803221776,0.0006562873235056894,0.001380134036191736,-0.02273632069936974,0.05238554387091182,0.0011889161663444536,-1809.8046884581565,False
11,moderate,66,scenario_nmpc,92.5,0.20453859516297457,0.04466224760055046,4.562138088382818,0.20463041017330097,0.0444099763355866,4.562070182096248,0.26349764920642377,-0.0023779589843750393,-0.08022079467773437,0.19349764920642376,0.3334976492064238,-0.08,0.08,-0.0589590540434492,0.0470402065849255,4.642358883060552,not_applicable,0.0,,False,-1728.500032460744,0.001611684276339037,0.6824084562523166,-0.35000000942750675,-0.3500000094607237,-0.35000000946072324,-0.35,0.0,False,False,57966.880798339844,3977.092509946549,13.478561760480225,0.00024916904740969676,1970.5864054920066,1.1271201633807792,1.057845439337298,0.8291739104917131,1.0497015221724948,0.165381683907133,1.0,0.00030848479803221776,0.0006562873235056894,0.001380134036191736,-0.02273632069936974,0.05238554387091182,0.0011889161663444536,-1809.8046884581565,False
11,moderate,66,scenario_nmpc,93.0,0.20437106096120367,0.04462770731541981,4.584460574638234,0.20425778222622487,0.04435462114165006,4.584302335185076,0.26276049492862513,-0.0023731030273437537,-0.08140858398437502,0.19276049492862513,0.33276049492862514,-0.08,0.08,-0.05838943396742147,0.047000810342763565,4.665869158622609,not_applicable,0.0,,False,-1710.6380153886053,0.001925442374753887,0.6848036218182828,-0.35000000942750675,-0.35000000942750675,-0.3500000094291224,-0.35,0.0,False,False,57788.71240234375,3962.4586325442483,13.428966831554407,0.00025626881796328286,2011.8484030323093,1.1271201633807792,1.057845439337298,0.8291739104917131,1.0497015221724948,0.165381683907133,1.0,0.00030848479803221776,0.0006562873235056894,0.001380134036191736,-0.02273632069936974,0.05238554387091182,0.0011889161663444536,-1809.8046884581565,False
11,moderate,66,scenario_nmpc,93.5,0.20420471011512453,0.04459352465476265,4.60676588012536,0.20379384383402652,0.04476412681621383,4.6064079095506685,0.2620111904817807,-0.0023680566406250325,-0.08259389770507812,0.19201119048178067,0.3320111904817807,-0.08,0.08,-0.05780648036665614,0.04696158129538768,4.689359777830439,not_applicable,0.0,,False,-1692.116624123742,0.0022383328304401012,0.6871967974318803,-0.35000000942750675,-0.35000000942750675,-0.35000000942758536,-0.35,0.0,False,False,57610.91534423828,3947.870409305223,13.379526626829191,0.00026355545460266704,2053.8455901391417,1.1271201633807792,1.057845439337298,0.8291739104917131,1.0497015221724948,0.165381683907133,1.0,0.00030848479803221776,0.0006562873235056894,0.001380134036191736,-0.02273632069936974,0.05238554387091182,0.0011889161663444536,-1809.8046884581565,False
11,moderate,66,scenario_nmpc,94.0,0.20403959186598505,0.04455971279860807,4.6290541869520725,0.20396211663198324,0.04494086405276059,4.628744285911486,0.26125000000000004,-0.002362819824218737,-0.08377664062500005,0.19125000000000003,0.33125000000000004,-0.08,0.08,-0.057210408134014984,0.04692253262282681,4.712830827577073,Solve_Succeeded,0.06402495800284669,1881.0595721786422,False,-1672.9225663613527,0.0025503183752119754,0.6895877697961353,-0.35000000940149606,-0.35000000942750675,-0.3500000094275106,-0.35,0.0,False,False,57433.50390625,3933.3288563310607,13.330244589922744,0.0002710327947220275,2096.5844681889885,1.1271201633807792,1.057845439337298,0.8291739104917131,1.0497015221724948,0.165381683907133,1.0,0.00030848479803221776,0.0006562873235056894,0.001380134036191736,-0.02273632069936974,0.05238554387091182,0.0011889161663444536,-1809.8046884581565,False
11,moderate,66,scenario_nmpc,94.5,0.20387575663021665,0.04452628519193125,4.65132568388257,0.20394491707076431,0.045537694726189716,4.651120501344315,0.26047718761739297,-0.0023573925781249505,-0.08495671752929686,0.19047718761739296,0.330477187617393,-0.08,0.08,-0.05660143098717632,0.0468836777700562,4.7362824014118665,not_applicable,0.0,,False,-1653.0426448932235,0.0028613613215023315,0.691976324610243,-0.35000000940149606,-0.35000000942750675,-0.3500000094275069,-0.35,0.0,False,False,57256.49237060547,3918.834987714277,13.281124157644383,0.00027870469884276594,2140.071329244118,1.1271201633807792,1.057845439337298,0.8291739104917131,1.0497015221724948,0.165381683907133,1.0,0.00030848479803221776,0.0006562873235056894,0.001380134036191736,-0.02273632069936974,0.05238554387091182,0.0011889161663444536,-1809.8046884581565,False
11,moderate,66,scenario_nmpc,95.0,0.2037132560020019,0.0444932555427102,4.6735805664693695,0.2041258560766468,0.0445360466729233,4.671038890279449,0.25969301746806916,-0.0023517749023438117,-0.086134033203125,0.18969301746806916,0.32969301746806917,-0.08,0.08,-0.05597976146606726,0.04684503044505401,4.7597145996724946,not_applicable,0.0,,False,-1632.4637778798838,0.0031714235630616802,0.6943622465782294,-0.35000000940149606,-0.35000000940149606,-0.3500000094027612,-0.35,0.0,False,False,57079.89501953125,3904.3898155558845,13.232168760054128,0.0002865750476602082,2184.3122439237077,1.1271201633807792,1.057845439337298,0.8291739104917131,1.0497015221724948,0.165381683907133,1.0,0.00030848479803221776,0.0006562873235056894,0.001380134036191736,-0.02273632069936974,0.05238554387091182,0.0011889161663444536,-1809.8046884581565,False
11,moderate,66,scenario_nmpc,95.5,0.203552142754557,0.044460637819576286,4.695819037184223,0.2039440860562875,0.044343876130431045,4.695552229868163,0.25889775368613827,-0.0023459667968750153,-0.08730849243164067,0.18889775368613826,0.32889775368613827,-0.08,0.08,-0.055345610931581274,0.0468066046164513,4.7831275296158635,not_applicable,0.0,,False,-1611.173019852325,0.003480466576094514,0.6967453194178412,-0.35000000940149606,-0.35000000940149606,-0.3500000094015576,-0.35,0.0,False,False,56903.726135253906,3889.99434998271,13.183381820521381,0.0002946477389117828,2229.31304906305,1.1271201633807792,1.057845439337298,0.8291739104917131,1.0497015221724948,0.165381683907133,1.0,0.00030848479803221776,0.0006562873235056894,0.001380134036191736,-0.02273632069936974,0.05238554387091182,0.0011889161663444536,-1809.8046884581565,False
11,moderate,66,scenario_nmpc,96.0,0.20339247084006654,0.04442844624904397,4.718041305547754,0.2037529526974581,0.044818158245705675,4.717230137558875,0.25809166040571,-0.0023399682617187,-0.08848000000000002,0.18809166040571001,0.32809166040571003,-0.08,0.08,-0.054699189565643486,0.04676841451076267,4.806521305547753,Solve_Succeeded,0.06832299998495728,1933.413398117208,False,-1589.1575834375537,0.0037884514208506442,0.6991253258696613,-0.3500000093686464,-0.35000000940149606,-0.35000000940149906,-0.35,0.0,False,False,56728.0,3875.649599164461,13.134766755782778,0.0003029266840622185,2275.0793351685675,1.1271201633807792,1.057845439337298,0.8291739104917131,1.0497015221724948,0.165381683907133,1.0,0.00030848479803221776,0.0006562873235056894,0.001380134036191736,-0.02273632069936974,0.05238554387091182,0.0011889161663444536,-1809.8046884581565,False
11,moderate,66,scenario_nmpc,96.5,0.20323429538820886,0.0443966953123054,4.740247588257602,0.20316205185945937,0.04426037527630392,4.73941162612904,0.2572750017608941,-0.002333779296874977,-0.08964846069335937,0.18727500176089407,0.3272750017608941,-0.08,0.08,-0.05404070637268521,0.046730474609180374,4.829896048950961,not_applicable,0.0,,False,-1566.4048618002712,0.004095338743689732,0.7015020477064505,-0.3500000093686464,-0.35000000940149606,-0.3500000094014962,-0.35,0.0,False,False,56552.730895996094,3861.356569330537,13.086326975999148,0.00031141580480140363,2321.6164336768643,1.1271201633807792,1.057845439337298,0.8291739104917131,1.0497015221724948,0.165381683907133,1.0,0.00030848479803221776,0.0006562873235056894,0.001380134036191736,-0.02273632069936974,0.05238554387091182,0.0011889161663444536,-1809.8046884581565,False
11,moderate,66,scenario_nmpc,97.0,0.20307767270320873,0.04436539974157553,4.762438109314853,0.20272650603533995,0.04434440551479679,4.760651165621612,0.25644804188580017,-0.002327399902343763,-0.090813779296875,0.18644804188580016,0.3264480418858002,-0.08,0.08,-0.05337036918259144,0.04669279964391929,4.8532518886117275,not_applicable,0.0,,False,-1542.9024517908863,0.004401088779637387,0.703875265742714,-0.3500000093686464,-0.3500000093686464,-0.3500000093702442,-0.35,0.0,False,False,56377.93310546875,3847.116264786609,13.038065884811717,0.00032011902935068725,2368.9294040267578,1.1271201633807792,1.057845439337298,0.8291739104917131,1.0497015221724948,0.165381683907133,1.0,0.00030848479803221776,0.0006562873235056894,0.001380134036191736,-0.02273632069936974,0.05238554387091182,0.0011889161663444536,-1809.8046884581565,False
11,moderate,66,scenario_nmpc,97.5,0.20292266025935501,0.044334574515973765,4.784613100148522,0.20299236017921643,0.04354964097303955,4.78360436184296,0.25561104491453795,-0.00232083007812503,-0.09197586059570313,0.18561104491453795,0.32561104491453796,-0.08,0.08,-0.05268838465518294,0.046655404594098795,4.8765889607442245,not_applicable,0.0,,False,-1518.638177787964,0.00470566135545071,0.7062447598444915,-0.3500000093686464,-0.3500000093686464,-0.3500000093687241,-0.35,0.0,False,False,56203.62091064453,3832.929687930953,12.989986879397451,0.00032904028857354473,2417.0230205537214,1.1271201633807792,1.057845439337298,0.8291739104917131,1.0497015221724948,0.165381683907133,1.0,0.00030848479803221776,0.0006562873235056894,0.001380134036191736,-0.02273632069936974,0.05238554387091182,0.0011889161663444536,-1809.8046884581565,False
11,moderate,66,scenario_nmpc,98.0,0.20276931669492007,0.04430423485692825,4.806772799737861,0.20250237985599118,0.044557775122675114,4.807494866581859,0.2547642749812171,-0.0023140698242187507,-0.09313460937500002,0.1847642749812171,0.3247642749812171,-0.08,0.08,-0.05199495828629705,0.046618304681147,4.899907409112862,Solve_Succeeded,0.06511791696539149,1990.7334573558799,False,-1493.6001162209423,0.005009015893211587,0.708610308939371,-0.350000009319434,-0.3500000093686464,-0.35000000936865017,-0.35,0.0,False,False,56029.80859375,3818.7978392705595,12.942093350523658,0.00033818351188670754,2465.901759216964,1.1271201633807792,1.057845439337298,0.8291739104917131,1.0497015221724948,0.165381683907133,1.0,0.00030848479803221776,0.0006562873235056894,0.001380134036191736,-0.02273632069936974,0.05238554387091182,0.0011889161663444536,-1809.8046884581565,False
11,moderate,66,scenario_nmpc,98.5,0.2026177018044185,0.04427439622308934,4.828917454732249,0.20250783198782982,0.04403713285923674,4.832039428335028,0.2539079962199474,-0.0023071191406249802,-0.09428993041992188,0.1839079962199474,0.3239079962199474,-0.08,0.08,-0.05129029441552893,0.04658151536371432,4.923207385152171,not_applicable,0.0,,False,-1467.7766207567004,0.005311111414465289,0.7109716910267249,-0.350000009319434,-0.3500000093686464,-0.35000000936864656,-0.35,0.0,False,False,55856.51043701172,3804.721717437004,12.89438868260177,0.00034755262296803035,2515.5697841697856,1.1271201633807792,1.057845439337298,0.8291739104917131,1.0497015221724948,0.165381683907133,1.0,0.00030848479803221776,0.0006562873235056894,0.001380134036191736,-0.02273632069936974,0.05238554387091182,0.0011889161663444536,-1809.8046884581565,False
11,moderate,66,scenario_nmpc,99.0,0.20246787652914205,0.04424507430473904,4.851047319568402,0.20252538483576277,0.04520914484063437,4.850568362917861,0.2530424727648385,-0.0022999780273437465,-0.095441728515625,0.18304247276483848,0.3230424727648385,-0.08,0.08,-0.050574596235696434,0.04654505233208279,4.946489048084027,not_applicable,0.0,,False,-1441.1563481311057,0.0056119065449227595,0.7133286831881679,-0.350000009319434,-0.350000009319434,-0.3500000093218277,-0.35,0.0,False,False,55683.74072265625,3790.7023192021034,12.846876253740414,0.0003571515352575915,2566.0309341847073,1.1271201633807792,1.057845439337298,0.8291739104917131,1.0497015221724948,0.165381683907133,1.0,0.00030848479803221776,0.0006562873235056894,0.001380134036191736,-0.02273632069936974,0.05238554387091182,0.0011889161663444536,-1809.8046884581565,False
11,moderate,66,scenario_nmpc,99.5,0.2023199029459093,0.04421628501768357,4.8731626565846735,0.20229067488103045,0.04371373418828289,4.873668705193062,0.25216796875,-0.002292646484374994,-0.09658990844726563,0.18216796875000002,0.32216796875000003,-0.08,0.08,-0.049848065804090735,0.046508931502058565,4.969752565031939,not_applicable,0.0,,False,-1413.7282846043065,0.005911359519743455,0.7156810615982359,-0.350000009319434,-0.350000009319434,-0.3500000093195504,-0.35,0.0,False,False,55511.513732910156,3776.7406394933505,12.7995594357977,0.0003669841472487405,2617.288708945327,1.1271201633807792,1.057845439337298,0.8291739104917131,1.0497015221724948,0.165381683907133,1.0,0.00030848479803221776,0.0006562873235056894,0.001380134036191736,-0.02273632069936974,0.05238554387091182,0.0011889161663444536,-1809.8046884581565,False
11,moderate,66,scenario_nmpc,100.0,0.20217384425396742,0.044188044496616743,4.895263736132157,0.20184714485902785,0.0447448548886332,4.895218491398136,0.25128474830954173,-0.00228512451171875,-0.097734375,0.18128474830954172,0.32128474830954173,-0.08,0.08,-0.049110904055574306,0.046473169008335494,4.992998111132157,Solve_Succeeded,0.0602569580078125,2045.7424470349756,False,-1385.4817730159307,0.006209428189416784,0.7180286015352851,-0.35000000906676626,-0.350000009319434,-0.35000000931943964,-0.35,0.0,False,False,55339.84375,3762.837671409129,12.752441594432808,0.00037705433756605696,2669.3462552175447,1.1271201633807792,1.057845439337298,0.8291739104917131,1.0497015221724948,0.165381683907133,1.0,0.00030848479803221776,0.0006562873235056894,0.001380134036191736,-0.02273632069936974,0.05238554387091182,0.0011889161663444536,-1809.8046884581565,False
11,moderate,66,scenario_nmpc,100.5,0.20202976475998602,0.04416036908794222,4.917350836682338,0.20199715332210766,0.04430936983491194,4.915576104866241,0.2503930755775733,-0.0022774121093749877,-0.09887503295898438,0.18039307557757328,0.3203930755775733,-0.08,0.08,-0.04836331081758727,0.04643778119731721,5.016225869641323,not_applicable,0.0,,False,-1356.4065404138314,0.006506070026258588,0.7203710773926116,-0.35000000906676626,-0.350000009319434,-0.35000000931943426,-0.35,0.0,False,False,55168.745056152344,3748.9944062337245,12.705526089156843,0.0003873659598274731,2722.206352913534,1.1271201633807792,1.057845439337298,0.8291739104917131,1.0497015221724948,0.165381683907133,1.0,0.00030848479803221776,0.0006562873235056894,0.001380134036191736,-0.02273632069936974,0.05238554387091182,0.0011889161663444536,-1809.8046884581565,False
11,moderate,66,scenario_nmpc,101.0,0.201887729861082,0.044133275342043296,4.939424244931026,0.20181250611238352,0.044104646010965004,4.939456881261317,0.2494932146882044,-0.002269509277343762,-0.10001178710937499,0.1794932146882044,0.3194932146882044,-0.08,0.08,-0.0476054848271224,0.04640278461938706,5.039436032040402,not_applicable,0.0,,False,-1326.4927262273602,0.0068012421315396115,0.7227082626897876,-0.35000000906676626,-0.35000000906676626,-0.35000000907905604,-0.35,0.0,False,False,54998.23193359375,3735.2118334521238,12.658816273383003,0.00039792283728808217,2775.8714010622525,1.1271201633807792,1.057845439337298,0.8291739104917131,1.0497015221724948,0.165381683907133,1.0,0.00030848479803221776,0.0006562873235056894,0.001380134036191736,-0.02273632069936974,0.05238554387091182,0.0011889161663444536,-1809.8046884581565,False
11,moderate,66,scenario_nmpc,101.5,0.201747806025817,0.04410678000498946,4.961484255898269,0.2016121874604367,0.04499627506799898,4.960711572757514,0.24858542977554474,-0.0022614160156250174,-0.10114454223632814,0.17858542977554473,0.3185854297755447,-0.08,0.08,-0.04683762374972775,0.046368196020614476,5.062628798134598,not_applicable,0.0,,False,-1295.730910953422,0.007094901243262439,0.7250399300842185,-0.35000000906676626,-0.35000000906676626,-0.35000000906736406,-0.35,0.0,False,False,54828.31866455078,3721.4909407646123,12.612315494476045,0.00040872875726349846,2830.343403701117,1.1271201633807792,1.057845439337298,0.8291739104917131,1.0497015221724948,0.165381683907133,1.0,0.00030848479803221776,0.0006562873235056894,0.001380134036191736,-0.02273632069936974,0.05238554387091182,0.0011889161663444536,-1809.8046884581565,False
11,moderate,66,scenario_nmpc,102.0,0.201610060773109,0.04408090000966958,4.983531173023986,0.20187917500211525,0.043927440790449385,4.981851306185151,0.24766998497370402,-0.0022531323242187262,-0.102273203125,0.177669984973704,0.317669984973704,-0.08,0.08,-0.046059924200595015,0.0463340323338883,5.085804376148986,Solve_Succeeded,0.06483270804164931,2102.8684235619976,False,-1264.1121453209048,0.007387003744602057,0.7273658513829152,-0.3500000090528298,-0.35000000906676626,-0.35000000906679535,-0.35,0.0,False,False,54659.01953125,3707.8327141011764,12.566027093801093,0.00041978746533097083,2885.623955704006,1.1271201633807792,1.057845439337298,0.8291739104917131,1.0497015221724948,0.165381683907133,1.0,0.00030848479803221776,0.0006562873235056894,0.001380134036191736,-0.02273632069936974,0.05238554387091182,0.0011889161663444536,-1809.8046884581565,False
11,moderate,66,scenario_nmpc,102.5,0.20147456264900215,0.0440556524663423,5.005565308259018,0.20159201115788808,0.04383131255987057,5.005961184201127,0.2467471444167919,-0.0022446582031250273,-0.10339767456054687,0.1767471444167919,0.3167471444167919,-0.08,0.08,-0.045272581767789755,0.046300310669467326,5.108962982819565,not_applicable,0.0,,False,-1231.627979896201,0.007677505673026171,0.7296857975544854,-0.3500000090528298,-0.35000000906676626,-0.35000000906676765,-0.35,0.0,False,False,54490.34881591797,3694.2381376357025,12.519954406771761,0.0004311026593068143,2941.714228561327,1.1271201633807792,1.057845439337298,0.8291739104917131,1.0497015221724948,0.165381683907133,1.0,0.00030848479803221776,0.0006562873235056894,0.001380134036191736,-0.02273632069936974,0.05238554387091182,0.0011889161663444536,-1809.8046884581565,False
11,moderate,66,scenario_nmpc,103.0,0.20134138120123904,0.04403105465259495,5.0275869821513055,0.20153232665439155,0.04394641864167773,5.026753176278807,0.24581717223891814,-0.0022359936523437263,-0.10451786132812503,0.17581717223891813,0.31581717223891814,-0.08,0.08,-0.0444757910376791,0.04626704830493868,5.13210484347943,not_applicable,0.0,,False,-1198.2704950898096,0.007966362730109318,0.7319995387413384,-0.3500000090528298,-0.3500000090528298,-0.35000000905350775,-0.35,0.0,False,False,54322.32080078125,3680.708193799991,12.474100762897656,0.0004426779829991274,2998.614956128573,1.1271201633807792,1.057845439337298,0.8291739104917131,1.0497015221724948,0.165381683907133,1.0,0.00030848479803221776,0.0006562873235056894,0.001380134036191736,-0.02273632069936974,0.05238554387091182,0.0011889161663444536,-1809.8046884581565,False
11,moderate,66,scenario_nmpc,103.5,0.20121058695158325,0.044007124002703124,5.049596523926897,0.20166811872790671,0.043315240515377315,5.048182127443642,0.24488033257419237,-0.0022271386718749897,-0.1056336682128906,0.17488033257419236,0.31488033257419235,-0.08,0.08,-0.04366974562260911,0.046234262674578114,5.155230192139787,not_applicable,0.0,,False,-1164.032331521119,0.00825353029205527,0.7343068442721085,-0.3500000090528298,-0.3500000090528298,-0.35000000905286277,-0.35,0.0,False,False,54154.949768066406,3667.243863297581,12.428469485831211,0.0004545170197351812,3056.3264203603526,1.1271201633807792,1.057845439337298,0.8291739104917131,1.0497015221724948,0.165381683907133,1.0,0.00030848479803221776,0.0006562873235056894,0.001380134036191736,-0.02273632069936974,0.05238554387091182,0.0011889161663444536,-1809.8046884581565,False
11,moderate,66,scenario_nmpc,104.0,0.2010822513658405,0.04398387809638389,5.071594271565485,0.20098812778936548,0.042946142130580595,5.071891282999138,0.2439368895567243,-0.00221809326171879,-0.10674500000000002,0.1739368895567243,0.3139368895567243,-0.08,0.08,-0.04285463819088381,0.04620197135810268,5.178339271565485,Solve_Succeeded,0.06566858402220532,2165.08230232312,False,-1128.9067206956538,0.008538963420940848,0.7366074826742901,-0.3500000090959871,-0.3500000090528298,-0.3500000090528314,-0.35,0.0,False,False,53988.25,3653.846125117388,12.383063893413926,0.0004666232856633072,3114.8484370474284,1.1271201633807792,1.057845439337298,0.8291739104917131,1.0497015221724948,0.165381683907133,1.0,0.00030848479803221776,0.0006562873235056894,0.001380134036191736,-0.02273632069936974,0.05238554387091182,0.0011889161663444536,-1809.8046884581565,False
11,moderate,66,scenario_nmpc,104.5,0.2009564468215297,0.04396133464693657,5.0935805718701666,0.20032190143268716,0.04502966498970997,5.095138308220398,0.24298710732062362,-0.002208857421874988,-0.10785176147460938,0.1729871073206236,0.3129871073206236,-0.08,0.08,-0.04203066049909393,0.04617019206881156,5.201432333344776,not_applicable,0.0,,False,-1092.8875159461786,0.008822616876693848,0.7389012216870896,-0.3500000090959871,-0.3500000090528298,-0.35000000905282985,-0.35,0.0,False,False,53822.235778808594,3640.5159565471645,12.337887297721966,0.0004790002228295944,3174.1803415749655,1.1271201633807792,1.057845439337298,0.8291739104917131,1.0497015221724948,0.165381683907133,1.0,0.00030848479803221776,0.0006562873235056894,0.001380134036191736,-0.02273632069936974,0.05238554387091182,0.0011889161663444536,-1809.8046884581565,False
11,moderate,66,scenario_nmpc,105.0,0.20083324657315743,0.04393951148876597,5.115555780531116,0.20098113329660816,0.043821322452850045,5.114551638092065,0.24203125000000003,-0.002199431152343778,-0.10895385742187501,0.17203125000000002,0.31203125000000004,-0.08,0.08,-0.0411980034268426,0.04613894264110975,5.224509637952991,not_applicable,0.0,,False,-1055.9692235861996,0.009104445129817118,0.7411878282744888,-0.3500000090959871,-0.3500000090959871,-0.35000000909388795,-0.35,0.0,False,False,53656.92138671875,3627.2543331867764,12.292943005111177,0.0004916511920301989,3234.3209747206542,1.1271201633807792,1.057845439337298,0.8291739104917131,1.0497015221724948,0.165381683907133,1.0,0.00030848479803221776,0.0006562873235056894,0.001380134036191736,-0.02273632069936974,0.05238554387091182,0.0011889161663444536,-1809.8046884581565,False
11,moderate,66,scenario_nmpc,105.5,0.20071272471505233,0.043918426564284005,5.137520262182868,0.2006095726266163,0.043096302827887005,5.136183450098469,0.2410695817289632,-0.002189814453124994,-0.11005119262695316,0.1710695817289632,0.3110695817289632,-0.08,0.08,-0.04035685701391087,0.046108241017409,5.247571454809821,not_applicable,0.0,,False,-1018.1470342216028,0.00938440237486926,0.7434670686385235,-0.3500000090959871,-0.3500000090959871,-0.350000009095885,-0.35,0.0,False,False,53492.32110595703,3614.062228961312,12.248234316261492,0.0005045794654405867,3295.2686685119043,1.1271201633807792,1.057845439337298,0.8291739104917131,1.0497015221724948,0.165381683907133,1.0,0.00030848479803221776,0.0006562873235056894,0.001380134036191736,-0.02273632069936974,0.05238554387091182,0.0011889161663444536,-1809.8046884581565,False
11,moderate,66,scenario_nmpc,106.0,0.20059495614171807,0.0438980979101867,5.159474390454893,0.20047988721038743,0.04365010789011154,5.160250191664561,0.24010236664162288,-0.0021800073242187468,-0.111143671875,0.17010236664162287,0.3101023666416229,-0.08,0.08,-0.039507410499904805,0.04607810523440545,5.270618062329893,Solve_Succeeded,0.06302895804401487,2225.6128730899777,False,-979.4168541632715,0.009662442544712123,0.7457387082327718,-0.3499999990282602,-0.3500000090959871,-0.35000000909598217,-0.35,0.0,False,False,53328.44921875,3600.9406161340166,12.20376452622078,0.0005177882190236157,3357.0212321619915,1.1271201633807792,1.057845439337298,0.8291739104917131,1.0497015221724948,0.165381683907133,1.0,0.00030848479803221776,0.0006562873235056894,0.001380134036191736,-0.02273632069936974,0.05238554387091182,0.0011889161663444536,-1809.8046884581565,False
11,moderate,66,scenario_nmpc,106.5,0.20048001650566757,0.04387854364310484,5.181418548015154,0.200422403560954,0.0452564760823838,5.181977280681978,0.23912986887208867,-0.0021700097656249806,-0.11223119995117191,0.16912986887208867,0.3091298688720887,-0.08,0.08,-0.0386498523664211,0.04604855340872982,5.293649747966326,not_applicable,0.0,,False,-939.7753368807724,0.009938519325534287,0.7480025117760563,-0.3499999990282602,-0.3500000090959871,-0.3500000090959869,-0.35,0.0,False,False,53165.32000732422,3587.890465319055,12.159536924448094,0.0005312805247189067,3419.5759381053003,1.1271201633807792,1.057845439337298,0.8291739104917131,1.0497015221724948,0.165381683907133,1.0,0.00030848479803221776,0.0006562873235056894,0.001380134036191736,-0.02273632069936974,0.05238554387091182,0.0011889161663444536,-1809.8046884581565,False
11,moderate,66,scenario_nmpc,107.0,0.20036798217270405,0.04385978194462748,5.203353126606335,0.1999984419325604,0.043889887007857085,5.199960028363227,0.23815235255447037,-0.0021598217773437234,-0.11331368164062498,0.16815235255447036,0.3081523525544704,-0.08,0.08,-0.037784370381766325,0.046019603721971204,5.31666680824696,not_applicable,0.0,,False,-899.2199219211319,0.010212586088691883,0.7502582432663564,-0.3499999990282602,-0.3499999990282602,-0.34999999951795424,-0.34999999951795424,9.640914733211048e-10,False,False,53002.94775390625,3574.912745494116,12.115554794856395,0.0005450593424165863,3482.9295081524842,1.1271201633807792,1.057845439337298,0.8291739104917131,1.0497015221724948,0.165381683907133,1.0,0.00030848479803221776,0.0006562873235056894,0.001380134036191736,-0.02273632069936974,0.05238554387091182,0.0011889161663444536,-1809.8046884581565,False
11,moderate,66,scenario_nmpc,107.5,0.2002589301745818,0.04384183104554941,5.225278527074383,0.19976654063256843,0.044323767539513816,5.225289245800421,0.23717008182287758,-0.0021494433593750306,-0.11439102172851563,0.16717008182287757,0.3071700818228776,-0.08,0.08,-0.03691115164829578,0.04599127440492444,5.339669548802898,not_applicable,0.0,,False,-857.7488438578306,0.010484596161538337,0.7525056659949317,-0.3499999990282602,-0.3499999990282602,-0.3499999990520789,-0.3499999990520789,9.31750676613774e-10,False,False,52841.346740722656,3562.008424012848,12.071821415854684,0.0005591275117191097,3547.0780997866905,1.1271201633807792,1.057845439337298,0.8291739104917131,1.0497015221724948,0.165381683907133,1.0,0.00030848479803221776,0.0006562873235056894,0.001380134036191736,-0.02273632069936974,0.05238554387091182,0.0011889161663444536,-1809.8046884581565,False
11,moderate,66,scenario_nmpc,108.0,0.20015293815909677,0.04382470920994202,5.247195159389129,0.2002757693988297,0.04352471480492019,5.246766907435209,0.23618332081142,-0.0021388745117187358,-0.11546312500000001,0.16618332081141998,0.30618332081141997,-0.08,0.08,-0.03603038265232322,0.045963583721660754,5.362658284389129,Solve_Succeeded,0.06252066598972306,2287.045993629558,False,-815.3611788828766,0.010754502663131014,0.7547445425606546,-0.09925233155443192,-0.3499999990282602,-0.3499999990294187,-0.3499999990294187,4.5320414088223515e-11,False,False,52680.53125,3549.1784666171407,12.028340060389635,0.0005734877434955433,3612.0172926225387,1.1271201633807792,1.057845439337298,0.8291739104917131,1.0497015221724948,0.165381683907133,1.0,0.00030848479803221776,0.0006562873235056894,0.001380134036191736,-0.02273632069936974,0.05238554387091182,0.0011889161663444536,-1809.8046884581565,False
11,moderate,66,scenario_nmpc,108.5,0.20005008433760976,0.043808434718294986,5.269103442656718,0.20050037650452784,0.04472316146446823,5.268131431747432,0.2351923336542074,-0.0021281152343750054,-0.11652989624023437,0.16519233365420738,0.3051923336542074,-0.08,0.08,-0.035142249316597624,0.04593654995266999,5.385633338896953,not_applicable,0.0,,False,-772.0568887362422,0.011022258385557926,0.7569746348845532,-0.09925233155443192,-0.3499999990282602,-0.3499999990283165,-0.3499999990283165,2.2043478153932483e-12,False,False,52520.515563964844,3536.423837449245,11.98511399598667,0.0005881426112333599,3677.7420750498377,1.1271201633807792,1.057845439337298,0.8291739104917131,1.0497015221724948,0.165381683907133,1.0,0.00030848479803221776,0.0006562873235056894,0.001380134036191736,-0.02273632069936974,0.05238554387091182,0.0011889161663444536,-1809.8046884581565,False
11,moderate,66,scenario_nmpc,109.0,0.19995044742984236,0.04379302584978224,5.291003805123382,0.19971349253172996,0.04485911289420645,5.291047229162532,0.23419738448534938,-0.002117165527343756,-0.11759124023437502,0.16419738448534937,0.3041973844853494,-0.08,0.08,-0.03424693705550702,0.04591019137712599,5.408595045357757,not_applicable,0.0,,False,-2248.399584125941,-0.00457571679564206,0.7591957042245618,-0.09925233155443192,-0.09925233155443192,-0.11144869369221219,-0.2599999990283165,0.18000000000000005,False,True,52361.31396484375,3523.7454990637425,11.942146484790516,0.000603094542193534,3744.2468310844843,1.1271201633807792,1.057845439337298,0.8291739104917131,1.0497015221724948,0.165381683907133,1.0,0.00030848479803221776,0.0006562873235056894,0.001380134036191736,-0.02273632069936974,0.05238554387091182,0.0011889161663444536,-1809.8046884581565,False
11,moderate,66,scenario_nmpc,109.5,0.19984677512005,0.04374809132610692,5.312889081581187,0.2001381877199892,0.04455013873760626,5.314484913561138,0.23319873743895572,-0.002106025390624988,-0.11864706176757812,0.16319873743895572,0.30319873743895576,-0.08,0.08,-0.03335196231890572,0.04585411671673191,5.431536143348765,not_applicable,0.0,,False,-3787.237211335131,-0.02026576010622333,0.7614075111904817,-0.09925233155443192,-0.09925233155443192,-0.09984556239440123,-0.1699999990283165,0.18,False,True,52202.94073486328,3511.1444124393643,11.899440783605273,0.000618345808375446,3811.5253274492993,1.1271201633807792,1.057845439337298,0.8291739104917131,1.0497015221724948,0.165381683907133,1.0,0.00030848479803221776,0.0006562873235056894,0.001380134036191736,-0.02273632069936974,0.05238554387091182,0.0011889161663444536,-1809.8046884581565,False
11,moderate,66,scenario_nmpc,110.0,0.19972520736421007,0.0436723859445797,5.33474419751238,0.1997623826476094,0.04379497919172905,5.335536266239297,0.23219665664913602,-0.0020946948242187846,-0.11969726562500001,0.16219665664913602,0.30219665664913603,-0.08,0.08,-0.03247144928492596,0.045767080768798485,5.45444146313738,Solve_Succeeded,0.06395504204556346,2352.246278610173,False,-5049.950860743302,-0.032624282327235715,0.7636098157591469,0.19000000662078767,-0.09925233155443192,-0.09928118629205901,-0.09928118629205901,0.14143762547251498,False,False,52045.41015625,3498.6215369906577,11.857000143933941,0.0006338985172988799,3879.5707009078205,1.1271201633807792,1.057845439337298,0.8291739104917131,1.0497015221724948,0.165381683907133,1.0,0.00030848479803221776,0.0006562873235056894,0.001380134036191736,-0.02273632069936974,0.05238554387091182,0.0011889161663444536,-1809.8046884581565,False
11,moderate,66,scenario_nmpc,110.5,0.19957437094147176,0.043571436430219664,5.356555148831251,0.20052478413827365,0.04334345138275223,5.355385758868455,0.23119140625,-0.002083173828124979,-0.12074175659179691,0.16119140625,0.30119140625,-0.08,0.08,-0.031617035308528246,0.04565461025834464,5.477296905423048,not_applicable,0.0,,False,-5092.519708886902,-0.03247691544112942,0.7658023772898002,0.19000000662078767,-0.09925233155443192,-0.09925373504836284,-0.09925373504836284,5.490248739234427e-05,False,False,51888.73651123047,3486.17783057951,11.81482781201748,0.0006497546026111945,3948.3754458745016,1.1271201633807792,1.057845439337298,0.8291739104917131,1.0497015221724948,0.165381683907133,1.0,0.00030848479803221776,0.0006562873235056894,0.001380134036191736,-0.02273632069936974,0.05238554387091182,0.0011889161663444536,-1809.8046884581565,False
11,moderate,66,scenario_nmpc,111.0,0.1993912455914937,0.04346964767876805,5.3783154145835805,0.19923758805869005,0.0426286265840601,5.376349957969041,0.23018325037565746,-0.002071462402343738,-0.12178043945312499,0.16018325037565745,0.30018325037565746,-0.08,0.08,-0.030792004784163746,0.04554111008111179,5.500095854036705,not_applicable,0.0,,False,-6784.222917440149,-0.04836150561385342,0.7679849545396729,0.19000000662078767,0.19000000662078767,0.17593070971108732,-0.00925373504836284,0.18,False,True,51732.93408203125,3473.81424952653,11.772927028873381,0.0006659158145285358,4017.9314023248066,1.1271201633807792,1.057845439337298,0.8291739104917131,1.0497015221724948,0.165381683907133,1.0,0.00030848479803221776,0.0006562873235056894,0.001380134036191736,-0.02273632069936974,0.05238554387091182,0.0011889161663444536,-1809.8046884581565,False
11,moderate,66,scenario_nmpc,111.5,0.19917084585801303,0.043334038329713706,5.40001632962774,0.19886790541492866,0.04380552344967214,5.398909271540517,0.2291724531602179,-0.0020595605468750056,-0.12281321899414065,0.15917245316021789,0.2991724531602179,-0.08,0.08,-0.030001607302204858,0.04539359887658871,5.522829548621881,not_applicable,0.0,,False,-8541.946589914896,-0.06432473454059973,0.7701573056797725,0.19000000662078767,0.19000000662078767,0.1893156762664384,0.08074626495163716,0.18,False,True,51578.017150878906,3461.5317486222852,11.731301030333748,0.0006823837101208221,4088.22974402907,1.1271201633807792,1.057845439337298,0.8291739104917131,1.0497015221724948,0.165381683907133,1.0,0.00030848479803221776,0.0006562873235056894,0.001380134036191736,-0.02273632069936974,0.05238554387091182,0.0011889161663444536,-1809.8046884581565,False
11,moderate,66,scenario_nmpc,112.0,0.19890072352233243,0.04316329287900041,5.421640654381483,0.19960622115007676,0.04382028936947985,5.42172954168674,0.22815927873779118,-0.0020474682617187268,-0.12383999999999999,0.15815927873779118,0.2981592787377912,-0.08,0.08,-0.029258555215458754,0.04521076114071914,5.545480654381484,Solve_Succeeded,0.06501320900861174,2416.5307177035197,False,-10366.488816921872,-0.08036174609125935,0.7723191883108756,0.350000008615646,0.19000000662078767,0.18996672080438268,0.17074626495163714,0.17999999999999997,False,True,51424.0,3449.3312811384008,11.68995304708292,0.0006991596434510667,4159.26096713407,1.1271201633807792,1.057845439337298,0.8291739104917131,1.0497015221724948,0.165381683907133,1.0,0.00030848479803221776,0.0006562873235056894,0.001380134036191736,-0.02273632069936974,0.05238554387091182,0.0011889161663444536,-1809.8046884581565,False
11,moderate,66,scenario_nmpc,112.5,0.19856910032664904,0.042956079842893166,5.443170487516855,0.19829018452438593,0.0437694470937758,5.442948231426563,0.22714399124248688,-0.0020351855468749985,-0.12486068725585937,0.15714399124248687,0.2971439912424869,-0.08,0.08,-0.02857489091583784,0.044991265389768165,5.568031174772714,not_applicable,0.0,,False,-10880.763173171952,-0.08374688483325042,0.7744703594797258,0.350000008615646,0.19000000662078767,0.1899983875992629,0.1899983875992629,0.03850424529525154,False,False,51270.896911621094,3437.213798838527,11.64888630469463,0.000716244755580485,4231.01487911643,1.1271201633807792,1.057845439337298,0.8291739104917131,1.0497015221724948,0.165381683907133,1.0,0.00030848479803221776,0.0006562873235056894,0.001380134036191736,-0.02273632069936974,0.05238554387091182,0.0011889161663444536,-1809.8046884581565,False
11,moderate,66,scenario_nmpc,113.0,0.1981714341521099,0.04273860771282466,5.464594147166349,0.19736680103291268,0.04385394965477259,5.4626581055029675,0.22612685480841474,-0.0020227124023437376,-0.125875185546875,0.15612685480841473,0.2961268548084147,-0.08,0.08,-0.027955420656304852,0.044761320115168396,5.590469332713225,not_applicable,0.0,,False,-12814.039296916124,-0.09988494326622979,0.776610575695435,0.350000008615646,0.350000008615646,0.34221753258224114,0.2799983875992629,0.17999999999999994,False,True,51118.72216796875,3425.180251989168,11.60810402366871,0.0007336399644517229,4303.480588132033,1.1271201633807792,1.057845439337298,0.8291739104917131,1.0497015221724948,0.165381683907133,1.0,0.00030848479803221776,0.0006562873235056894,0.001380134036191736,-0.02273632069936974,0.05238554387091182,0.0011889161663444536,-1809.8046884581565,False
11,moderate,66,scenario_nmpc,113.5,0.19770290516649588,0.04248249833842965,5.48589940902195,0.19743420855982563,0.04309715248125797,5.4864456526586505,0.22510813356968448,-0.0020100488281249995,-0.1268833996582031,0.15510813356968448,0.29510813356968446,-0.08,0.08,-0.027405228403188597,0.04449254716655465,5.612782808680153,not_applicable,0.0,,False,-14403.75856579281,-0.11240371461215701,0.7787395929460911,0.350000008615646,0.350000008615646,0.3496214691181973,0.3496214691181973,0.13924616303786885,False,False,50967.49005126953,3413.231589370381,11.567609419467352,0.0007513459546634574,4376.646492785729,1.1271201633807792,1.057845439337298,0.8291739104917131,1.0497015221724948,0.165381683907133,1.0,0.00030848479803221776,0.0006562873235056894,0.001380134036191736,-0.02273632069936974,0.05238554387091182,0.0011889161663444536,-1809.8046884581565,False
11,moderate,66,scenario_nmpc,114.0,0.19715425816090354,0.042194627493126406,5.50706867303873,0.1969548401333998,0.04212068363888318,5.505904258021463,0.22408809166040572,-0.0019971948242187842,-0.127885234375,0.1540880916604057,0.2940880916604057,-0.08,0.08,-0.02693383349950218,0.04419182231734519,5.63495390741373,Solve_Succeeded,0.06344379100482911,2480.761032815188,False,-14616.624599096447,-0.11240677949574746,0.7808571667155672,0.35000000835133765,0.350000008615646,0.34998159646114485,0.34998159646114485,0.0007202546858950942,False,False,50817.21484375,3401.3687582863445,11.527405702550928,0.000769363167150526,4450.500272345532,1.1271201633807792,1.057845439337298,0.8291739104917131,1.0497015221724948,0.165381683907133,1.0,0.00030848479803221776,0.0006562873235056894,0.001380134036191736,-0.02273632069936974,0.05238554387091182,0.0011889161663444536,-1809.8046884581565,False
11,moderate,66,scenario_nmpc,114.5,0.19652543938209002,0.04190253403177498,5.528092943114019,0.1967326530153894,0.04310182597026116,5.526734204878378,0.22306699321468826,-0.0019841503906249947,-0.1288805944824219,0.15306699321468825,0.29306699321468827,-0.08,0.08,-0.026541553832598236,0.04388668442239997,5.656973537596441,not_applicable,0.0,,False,-14821.084119942889,-0.11232041088796911,0.7829630520005345,0.35000000835133765,0.350000008615646,0.34999911304877473,0.34999911304877473,3.503317525976879e-05,False,False,50667.91082763672,3389.5927045758044,11.487496078413374,0.0007876917887847022,4525.02887742563,1.1271201633807792,1.057845439337298,0.8291739104917131,1.0497015221724948,0.165381683907133,1.0,0.00030848479803221776,0.0006562873235056894,0.001380134036191736,-0.02273632069936974,0.05238554387091182,0.0011889161663444536,-1809.8046884581565,False
11,moderate,66,scenario_nmpc,115.0,0.19582284094124758,0.04160638457065909,5.5489701497178805,0.19537938906841004,0.04124401304241649,5.550559073424522,0.22204510236664166,-0.0019709155273437418,-0.12986938476562498,0.15204510236664165,0.29204510236664166,-0.08,0.08,-0.026222261425394078,0.043577300098002834,5.678839534483505,not_applicable,0.0,,False,-15023.77751580126,-0.11220571614012878,0.7850570033276781,0.35000000835133765,0.35000000835133765,0.3499999648038367,0.3499999648038367,1.7035101239626371e-06,False,False,50519.59228515625,3377.9043726223863,11.447883747617162,0.0008063317419121473,4600.21852116221,1.1271201633807792,1.057845439337298,0.8291739104917131,1.0497015221724948,0.165381683907133,1.0,0.00030848479803221776,0.0006562873235056894,0.001380134036191736,-0.02273632069936974,0.05238554387091182,0.0011889161663444536,-1809.8046884581565,False
11,moderate,66,scenario_nmpc,115.5,0.19505223600433927,0.041306213055669526,5.569698273449347,0.19539225413010813,0.041927877435708936,5.569711011336049,0.22102268325037566,-0.0019574902343750256,-0.13085151000976564,0.15102268325037566,0.29102268325037567,-0.08,0.08,-0.025970447246036393,0.04326370329004455,5.700549783459113,not_applicable,0.0,,False,-15225.075052845918,-0.11206755170536428,0.7871387747711145,0.35000000835133765,0.35000000835133765,0.350000006233188,0.35,7.039232652328309e-08,False,False,50372.273498535156,3366.304705364795,11.408571905827854,0.0008252826738445487,4676.054670906255,1.1271201633807792,1.057845439337298,0.8291739104917131,1.0497015221724948,0.165381683907133,1.0,0.00030848479803221776,0.0006562873235056894,0.001380134036191736,-0.02273632069936974,0.05238554387091182,0.0011889161663444536,-1809.8046884581565,False
11,moderate,66,scenario_nmpc,116.0,0.1942188106817096,0.04100204616852793,5.590275310052776,0.19409385160068005,0.040212906456091546,5.588980537663881,0.22000000000000003,-0.001943874511718735,-0.131826875,0.15000000000000002,0.29000000000000004,-0.08,0.08,-0.02578118931829043,0.04294592068024666,5.722102185052775,Solve_Succeeded,0.06240316602634266,2545.2121356892976,False,-15425.023202892868,-0.11190783939403934,0.7892081199700104,0.3500000013111239,0.35000000835133765,0.3500000082483109,0.35,0.0,False,False,50225.96875,3354.794644306886,11.369563743848234,0.000844543946321908,4752.5220404571055,1.1271201633807792,1.057845439337298,0.8291739104917131,1.0497015221724948,0.165381683907133,1.0,0.00030848479803221776,0.0006562873235056894,0.001380134036191736,-0.02273632069936974,0.05238554387091182,0.0011889161663444536,-1809.8046884581565,False
11,moderate,66,scenario_nmpc,116.5,0.19332722329908247,0.04069390979107842,5.6106992684028,0.19373214478961082,0.04057663341072095,5.610359709162062,0.21897731674962437,-0.0019300683593749812,-0.13279538452148437,0.14897731674962436,0.28897731674962435,-0.08,0.08,-0.025650093450541894,0.0426239781504534,5.7434946529242845,not_applicable,0.0,,False,-15623.63989563298,-0.11172818157727533,0.7912647921464034,0.3500000013111239,0.35000000835133765,0.35000000834632644,0.35,0.0,False,False,50080.692321777344,3343.3751295276165,11.330862447652041,0.0008641146249658773,4829.604582860387,1.1271201633807792,1.057845439337298,0.8291739104917131,1.0497015221724948,0.165381683907133,1.0,0.00030848479803221776,0.0006562873235056894,0.001380134036191736,-0.02273632069936974,0.05238554387091182,0.0011889161663444536,-1809.8046884581565,False
11,moderate,66,scenario_nmpc,117.0,0.1923816591316644,0.04038182956470853,5.630968170245185,0.19232912187140822,0.039347257218047146,5.629922846368732,0.2179548976333584,-0.001916071777343764,-0.133756943359375,0.1479548976333584,0.2879548976333584,-0.08,0.08,-0.02557323850169399,0.042297901342052295,5.76472511360456,not_applicable,0.0,,False,-15820.93036272236,-0.11153000950493464,0.7933085441232226,0.3500000013111239,0.3500000013111239,0.350000001653316,0.35,0.0,False,False,49936.45849609375,3332.047099690892,11.292471198417331,0.0008839934687435425,4907.285483793757,1.1271201633807792,1.057845439337298,0.8291739104917131,1.0497015221724948,0.165381683907133,1.0,0.00030848479803221776,0.0006562873235056894,0.001380134036191736,-0.02273632069936974,0.05238554387091182,0.0011889161663444536,-1809.8046884581565,False
11,moderate,66,scenario_nmpc,117.5,0.19138587962545153,0.040065831133764766,5.651080050138319,0.19132913096802476,0.040684883402582195,5.651543247147799,0.2169330067853118,-0.0019018847656250282,-0.13471145629882814,0.1469330067853118,0.2869330067853118,-0.08,0.08,-0.025547127159860267,0.041967715899389794,5.785791506437147,not_applicable,0.0,,False,-16016.888771264186,-0.11131460693643519,0.7953391283425101,0.3500000013111239,0.3500000013111239,0.35000000132776815,0.35,0.0,False,False,49793.28155517578,3320.8114920552794,11.2543931725594,0.0009041789194624811,4985.547155563473,1.1271201633807792,1.057845439337298,0.8291739104917131,1.0497015221724948,0.165381683907133,1.0,0.00030848479803221776,0.0006562873235056894,0.001380134036191736,-0.02273632069936974,0.05238554387091182,0.0011889161663444536,-1809.8046884581565,False
11,moderate,66,scenario_nmpc,118.0,0.19034326659887646,0.03974594035713706,5.671032955508382,0.19050561322990525,0.03996170277033808,5.669389500934683,0.2159119083395943,-0.001887507324218718,-0.13565882812500002,0.1459119083395943,0.28591190833959435,-0.08,0.08,-0.02556864174071785,0.04163344768135578,5.806691783633382,Solve_Succeeded,0.06346750003285706,2610.2176725855675,False,-16211.499038559732,-0.11108312558638403,0.797356296883841,0.35000000852787977,0.3500000013111239,0.3500000013119335,0.35,0.0,False,False,49651.17578125,3309.669242483622,11.216631541763368,0.0009246690913188887,5064.371231734581,1.1271201633807792,1.057845439337298,0.8291739104917131,1.0497015221724948,0.165381683907133,1.0,0.00030848479803221776,0.0006562873235056894,0.001380134036191736,-0.02273632069936974,0.05238554387091182,0.0011889161663444536,-1809.8046884581565,False
11,moderate,66,scenario_nmpc,118.5,0.18925686193653643,0.03942218350431705,5.690824946806369,0.18912925323889007,0.03887275057902247,5.691642546703496,0.2148918664303156,-0.0018729394531249999,-0.13659896362304685,0.1448918664303156,0.2848918664303156,-0.08,0.08,-0.025635004493779173,0.04129512295744205,5.827423910429416,not_applicable,0.0,,False,-16404.73558921897,-0.11083659898202228,0.7993598014829447,0.35000000852787977,0.3500000013111239,0.35000000131116327,0.35,0.0,False,False,49510.15545654297,3298.6212854525365,11.179189473016363,0.0009454617605214939,5143.738562416931,1.1271201633807792,1.057845439337298,0.8291739104917131,1.0497015221724948,0.165381683907133,1.0,0.00030848479803221776,0.0006562873235056894,0.001380134036191736,-0.02273632069936974,0.05238554387091182,0.0011889161663444536,-1809.8046884581565,False
11,moderate,66,scenario_nmpc,119.0,0.18812940323748922,0.03909458743701722,5.710454097759469,0.18805214970820913,0.03892186101657885,5.708105108772111,0.2138731451915853,-0.001858181152343763,-0.13753176757812502,0.14387314519158528,0.2838731451915853,-0.08,0.08,-0.025743741954096067,0.040952768589360984,5.847985865337594,not_applicable,0.0,,False,-16596.564059905402,-0.11057595489665947,0.8013493935505227,0.35000000852787977,0.35000000852787977,0.3500000081768588,0.35,0.0,False,False,49370.23486328125,3287.6685540618005,11.14207012863934,0.0009665543550149393,5223.629210229028,1.1271201633807792,1.057845439337298,0.8291739104917131,1.0497015221724948,0.165381683907133,1.0,0.00030848479803221776,0.0006562873235056894,0.001380134036191736,-0.02273632069936974,0.05238554387091182,0.0011889161663444536,-1809.8046884581565,False
11,moderate,66,scenario_nmpc,119.5,0.18696335583291823,0.03876317977733831,5.72991849570984,0.18727921864051564,0.0390963417575626,5.7298724325637655,0.21285600875751315,-0.0018432324218750074,-0.13845714477539062,0.14285600875751314,0.28285600875751316,-0.08,0.08,-0.025892652924594917,0.040606412199213314,5.8683756404852305,not_applicable,0.0,,False,-16786.941956535982,-0.11030202650622277,0.8033248241912663,0.35000000852787977,0.35000000852787977,0.3500000085108061,0.35,0.0,False,False,49231.42828369141,3276.811980043634,11.105276666318533,0.0009879439443271824,5304.022446960976,1.1271201633807792,1.057845439337298,0.8291739104917131,1.0497015221724948,0.165381683907133,1.0,0.00030848479803221776,0.0006562873235056894,0.001380134036191736,-0.02273632069936974,0.05238554387091182,0.0011889161663444536,-1809.8046884581565,False
11,moderate,66,scenario_nmpc,120.0,0.18576094154520542,0.03842798906338092,5.749216242034279,0.18576969141669686,0.03869781173725723,5.747714837927036,0.21184072126220888,-0.0018280932617187884,-0.13937500000000003,0.14184072126220887,0.2818407212622089,-0.08,0.08,-0.026079779717003454,0.04025608232509971,5.88859124203428,Solve_Succeeded,0.06308816600358114,2674.5146077310624,False,-16975.819268340514,-0.11001556240076765,0.8052858442230727,0.3500000080329187,0.35000000852787977,0.3500000085270493,0.35,0.0,False,False,49093.75,3266.0524937718724,11.068812239136545,0.0010096272295664027,5384.896750957489,1.1271201633807792,1.057845439337298,0.8291739104917131,1.0497015221724948,0.165381683907133,1.0,0.00030848479803221776,0.0006562873235056894,0.001380134036191736,-0.02273632069936974,0.05238554387091182,0.0011889161663444536,-1809.8046884581565,False
11,moderate,66,scenario_nmpc,120.5,0.18452416452210033,0.038089044893113946,5.768345452638725,0.1844216421991081,0.03828940345877446,5.767120359258886,0.21082754683978214,-0.001812763671874995,-0.1402852380371094,0.14082754683978213,0.28082754683978217,-0.08,0.08,-0.02630338231768181,0.03990180856498894,5.908630690675834,not_applicable,0.0,,False,-17163.139042800765,-0.10971723556910608,0.807232204196456,0.3500000080329187,0.35000000852787977,0.35000000852783936,0.35,0.0,False,False,48957.214294433594,3255.391024271041,11.032679995603099,0.0010316005335937208,5466.229805241114,1.1271201633807792,1.057845439337298,0.8291739104917131,1.0497015221724948,0.165381683907133,1.0,0.00030848479803221776,0.0006562873235056894,0.001380134036191736,-0.02273632069936974,0.05238554387091182,0.0011889161663444536,-1809.8046884581565,False
11,moderate,66,scenario_nmpc,121.0,0.1832548344452811,0.0377463780572363,5.787304258521892,0.18314399266491008,0.03726850372113575,5.786740312714019,0.20981674962434263,-0.0017972436523437385,-0.14118776367187502,0.13981674962434262,0.27981674962434266,-0.08,0.08,-0.026561915179061535,0.03954362170958004,5.928492022193767,not_applicable,0.0,,False,-17348.837925137566,-0.10940765146244291,0.8091636544141589,0.3500000080329187,0.3500000080329187,0.3500000080569916,0.35,0.0,False,False,48821.83544921875,3244.8284992253148,10.996883079685405,0.0010538597913989404,5547.998496395438,1.1271201633807792,1.057845439337298,0.8291739104917131,1.0497015221724948,0.165381683907133,1.0,0.00030848479803221776,0.0006562873235056894,0.001380134036191736,-0.02273632069936974,0.05238554387091182,0.0011889161663444536,-1809.8046884581565,False
11,moderate,66,scenario_nmpc,121.5,0.1819545873817585,0.03740002066169921,5.806090806402724,0.18150865762725346,0.03693163098691119,5.804746363059081,0.20880859375,-0.001781533203124963,-0.14208248168945314,0.13880859375,0.27880859375,-0.08,0.08,-0.026854006368241506,0.03918155386482417,5.948173288092177,not_applicable,0.0,,False,-17532.846665688405,-0.10908735523191776,0.8110799449509581,0.3500000080329187,0.3500000080329187,0.3500000080340896,0.35,0.0,False,False,48687.62774658203,3234.365844987393,10.961424630838241,0.0010764005407072675,5630.178914227208,1.1271201633807792,1.057845439337298,0.8291739104917131,1.0497015221724948,0.165381683907133,1.0,0.00030848479803221776,0.0006562873235056894,0.001380134036191736,-0.02273632069936974,0.05238554387091182,0.0011889161663444536,-1809.8046884581565,False
11,moderate,66,scenario_nmpc,122.0,0.18062490451891086,0.037050006240492865,5.824703259406634,0.18026854682425925,0.03564787619274341,5.825677759896243,0.20780334335086403,-0.0017656323242187244,-0.14296929687499998,0.13780334335086403,0.27780334335086404,-0.08,0.08,-0.027178438831953172,0.03881563856471159,5.967672556281634,Solve_Succeeded,0.06359645799966529,2739.4672981413473,False,-17715.090598219198,-0.10875683822510282,0.8129808256736674,0.014588784173061944,0.3500000080329187,0.35000000803297565,0.35,0.0,False,False,48554.60546875,3224.003986587259,10.926307784033632,0.0010992179128457586,5712.746352225552,1.1271201633807792,1.057845439337298,0.8291739104917131,1.0497015221724948,0.165381683907133,1.0,0.00030848479803221776,0.0006562873235056894,0.001380134036191736,-0.02273632069936974,0.05238554387091182,0.0011889161663444536,-1809.8046884581565,False
11,moderate,66,scenario_nmpc,122.5,0.1792671289991282,0.03669636985924395,5.843139797805813,0.1788553567708297,0.03771387904275317,5.843137537455641,0.20680126256104436,-0.0017495410156250224,-0.14384811401367187,0.13680126256104436,0.27680126256104437,-0.08,0.08,-0.02753413356191617,0.038445910874868976,5.986987911819485,not_applicable,0.0,,False,-17895.49009193891,-0.1084165438176795,0.8148660462613366,0.014588784173061944,0.3500000080329187,0.3500000080329215,0.35,0.0,False,False,48422.78289794922,3213.743847740855,10.89153566979025,0.0011223066238990117,5795.675308836051,1.1271201633807792,1.057845439337298,0.8291739104917131,1.0497015221724948,0.165381683907133,1.0,0.00030848479803221776,0.0006562873235056894,0.001380134036191736,-0.02273632069936974,0.05238554387091182,0.0011889161663444536,-1809.8046884581565,False
11,moderate,66,scenario_nmpc,123.0,0.17788248104779122,0.03633914821011805,5.861398619809132,0.17808882577009807,0.037033283163861494,5.862669460132031,0.20580261551465062,-0.001733259277343746,-0.144718837890625,0.13580261551465062,0.27580261551465063,-0.08,0.08,-0.027920134466859398,0.038072407487461796,6.006117457699757,not_applicable,0.0,,False,-15505.538386852391,-0.0910010382898166,0.8167353562256445,0.014588784173061944,0.014588784173061944,0.030903180205068825,0.26,-0.17999999999999994,False,True,48292.17431640625,3203.5863508586476,10.857111414202452,0.0011456609661842341,5878.939489566159,1.1271201633807792,1.057845439337298,0.8291739104917131,1.0497015221724948,0.165381683907133,1.0,0.00030848479803221776,0.0006562873235056894,0.001380134036191736,-0.02273632069936974,0.05238554387091182,0.0011889161663444536,-1809.8046884581565,False
11,moderate,66,scenario_nmpc,123.5,0.17648445516445127,0.03602974365098687,5.8794907839204615,0.17630035894850135,0.0355922323034454,5.88032732698747,0.20480766634579267,-0.0017167871093750064,-0.14558137329101561,0.13480766634579266,0.2748076663457927,-0.08,0.08,-0.0283232111813414,0.03774653076036188,6.025072157211477,not_applicable,0.0,,False,-13029.389101758708,-0.0735034210605792,0.8185885049314899,0.014588784173061944,0.014588784173061944,0.01538231610925132,0.17,-0.18,False,True,48162.79400634766,3193.5324170541107,10.82303813896902,0.001169274800076508,5962.5118099380525,1.1271201633807792,1.057845439337298,0.8291739104917131,1.0497015221724948,0.165381683907133,1.0,0.00030848479803221776,0.0006562873235056894,0.001380134036191736,-0.02273632069936974,0.05238554387091182,0.0011889161663444536,-1809.8046884581565,False
11,moderate,66,scenario_nmpc,124.0,0.1750974989400098,0.03576986774091725,5.8974406275995355,0.17497836967962044,0.035580746742879844,5.897801752116688,0.20381667918858004,-0.001700124511718748,-0.146435625,0.13381667918858003,0.27381667918858005,-0.08,0.08,-0.02871918024857023,0.037469992252635996,6.043876252599535,Solve_Succeeded,0.06075704103568569,2801.2613291017774,False,-10467.484483312368,-0.0559328870462097,0.8204252416177731,0.15672906055711028,0.014588784173061944,0.014627381552487887,0.08000000000000002,-0.18,False,True,48034.65624999999,3183.5829661521066,10.789318961421568,0.001193141546215648,6046.364399303971,1.1271201633807792,1.057845439337298,0.8291739104917131,1.0497015221724948,0.165381683907133,1.0,0.00030848479803221776,0.0006562873235056894,0.001380134036191736,-0.02273632069936974,0.05238554387091182,0.0011889161663444536,-1809.8046884581565,False
11,moderate,66,scenario_nmpc,124.5,0.17374432168779652,0.0355612235970557,5.915273341942348,0.1738890779608198,0.03469355892818167,5.9155579448335684,0.2028299181771225,-0.0016832714843749708,-0.14728149780273436,0.1328299181771225,0.27282991817712254,-0.08,0.08,-0.029085596489325988,0.03724449508143067,6.062554839745083,not_applicable,0.0,,False,-8557.031684407295,-0.04299239935609036,0.8222453154183749,0.15672906055711028,0.014588784173061944,0.01459066154891868,0.01459066154891868,-0.13081867690216267,False,False,47907.77532958985,3173.738916697176,10.755956994552639,0.001217254178126507,6130.468605537979,1.1271201633807792,1.057845439337298,0.8291739104917131,1.0497015221724948,0.165381683907133,1.0,0.00030848479803221776,0.0006562873235056894,0.001380134036191736,-0.02273632069936974,0.05238554387091182,0.0011889161663444536,-1809.8046884581565,False
11,moderate,66,scenario_nmpc,125.0,0.17244251921792053,0.03539077189247501,5.9330112838038165,0.17205775635096798,0.035594982915862196,5.931689921927907,0.2018476474455297,-0.0016662280273437857,-0.14811889648437498,0.13184764744552968,0.2718476474455297,-0.08,0.08,-0.029405128227609156,0.0370569999198188,6.081130180288191,not_applicable,0.0,,False,-11315.588365929283,-0.05974769479352059,0.8240484753833285,0.15672906055711028,0.15672906055711028,0.149815451328148,0.10459066154891868,0.18,False,True,47782.16552734375,3164.0011859617425,10.722955347043506,0.0012416052152851816,6214.7950006179,1.1271201633807792,1.057845439337298,0.8291739104917131,1.0497015221724948,0.165381683907133,1.0,0.00030848479803221776,0.0006562873235056894,0.001380134036191736,-0.02273632069936974,0.05238554387091182,0.0011889161663444536,-1809.8046884581565,False
11,moderate,66,scenario_nmpc,125.5,0.1711823107142298,0.035165133515319594,5.950650204221777,0.171344811015657,0.03603791951501424,5.950856053050841,0.20087013112791136,-0.0016489941406250264,-0.14894772583007815,0.13087013112791135,0.27087013112791136,-0.08,0.08,-0.029687820413681565,0.03681412765594462,6.099597930051855,not_applicable,0.0,,False,-12980.182670692844,-0.06926832546924522,0.8258344705001837,0.15672906055711028,0.15672906055711028,0.15639278272575496,0.15639278272575496,0.10360424235367258,False,False,47657.84112548828,3154.3706899542217,10.69031712329166,0.0012661867166637495,6299.3133871090395,1.1271201633807792,1.057845439337298,0.8291739104917131,1.0497015221724948,0.165381683907133,1.0,0.00030848479803221776,0.0006562873235056894,0.001380134036191736,-0.02273632069936974,0.05238554387091182,0.0011889161663444536,-1809.8046884581565,False
11,moderate,66,scenario_nmpc,126.0,0.1699385108123669,0.03490620173924788,5.968167982100178,0.1704081665799609,0.035214082814315935,5.9655116779333905,0.19989763335837718,-0.0016315698242187482,-0.149767890625,0.12989763335837717,0.2698976333583772,-0.08,0.08,-0.02995912254601027,0.03653777156346663,6.1179358727251785,Solve_Succeeded,0.06381045799935237,2859.2958419767597,False,-13077.550489030644,-0.06894530331416071,0.8276030497155658,0.23554657614483615,0.15672906055711028,0.15671270400930493,0.15671270400930493,0.0006398425670999242,False,False,47534.81640625,3144.848343427045,10.658045423437997,0.0012909902747867009,6383.992805561577,1.1271201633807792,1.057845439337298,0.8291739104917131,1.0497015221724948,0.165381683907133,1.0,0.00030848479803221776,0.0006562873235056894,0.001380134036191736,-0.02273632069936974,0.05238554387091182,0.0011889161663444536,-1809.8046884581565,False
11,moderate,66,scenario_nmpc,126.5,0.16870120438022193,0.0346453275687172,5.985555808067162,0.16878700618952577,0.03375907783602414,5.985472233896911,0.19893041827103683,-0.0016139550781250067,-0.1505792956542969,0.12893041827103682,0.2689304182710368,-0.08,0.08,-0.0302292138908149,0.03625928264684221,6.136135103721459,not_applicable,0.0,,False,-13164.474392300619,-0.06856629970320495,0.8293539619569262,0.23554657614483615,0.15672906055711028,0.15672826497491257,0.15672826497491257,3.1121931215294385e-05,False,False,47413.10565185547,3135.4350598845976,10.626143343393725,0.0013160070103323102,6468.801542831602,1.1271201633807792,1.057845439337298,0.8291739104917131,1.0497015221724948,0.165381683907133,1.0,0.00030848479803221776,0.0006562873235056894,0.001380134036191736,-0.02273632069936974,0.05238554387091182,0.0011889161663444536,-1809.8046884581565,False
11,moderate,66,scenario_nmpc,127.0,0.16746884582200816,0.03438272067393949,6.00281276327874,0.16755139116196263,0.03432638684844824,6.003344388657095,0.19796875000000003,-0.0015961499023437464,-0.15138184570312502,0.12796875000000002,0.26796875000000003,-0.08,0.08,-0.030499904177991866,0.03597887057628324,6.154194608981865,not_applicable,0.0,,False,-15677.170514675505,-0.08265459012809342,0.8310869561544854,0.23554657614483615,0.23554657614483615,0.2317128548751587,0.2317128548751587,0.14996917980049224,False,False,47292.72314453125,3126.131751591069,10.594613974866968,0.0013412275673124084,6553.707141335143,1.1271201633807792,1.057845439337298,0.8291739104917131,1.0497015221724948,0.165381683907133,1.0,0.00030848479803221776,0.0006562873235056894,0.001380134036191736,-0.02273632069936974,0.05238554387091182,0.0011889161663444536,-1809.8046884581565,False
11,moderate,66,scenario_nmpc,127.5,0.16622840369278397,0.03406987102862377,6.019925853247894,0.1661073906065192,0.03478717137506223,6.020392580498807,0.19701289267937644,-0.0015781542968750228,-0.15217544555664064,0.12701289267937643,0.26701289267937645,-0.08,0.08,-0.030784488986592473,0.035648025325498794,6.1721012988045345,not_applicable,0.0,,False,-15916.811969798895,-0.08300675284611134,0.832801781263368,0.23554657614483615,0.23554657614483615,0.23536010400967594,0.23536010400967594,0.0072944982690344995,False,False,47173.683166503906,3116.9393295782206,10.563460405389087,0.0013666421088640716,6638.67640924335,1.1271201633807792,1.057845439337298,0.8291739104917131,1.0497015221724948,0.165381683907133,1.0,0.00030848479803221776,0.0006562873235056894,0.001380134036191736,-0.02273632069936974,0.05238554387091182,0.0011889161663444536,-1809.8046884581565,False
11,moderate,66,scenario_nmpc,128.0,0.16496789264314998,0.033752248537489586,6.0368813235146614,0.164827164753244,0.034892563226374074,6.0378367854328,0.19606311044327573,-0.0015599682617187804,-0.15296000000000004,0.12606311044327573,0.26606311044327574,-0.08,0.08,-0.031095217800125752,0.03531221679920837,6.189841323514662,Solve_Succeeded,0.06141545798163861,2923.255779191519,False,-16041.648366163718,-0.08268266356901269,0.8344981862859295,0.30104499112078403,0.23554657614483615,0.23553750614346014,0.23553750614346014,0.0003548042675683982,False,False,47055.99999999999,3107.8587036530726,10.532685718340742,0.0013922403136867212,6723.675431626058,1.1271201633807792,1.057845439337298,0.8291739104917131,1.0497015221724948,0.165381683907133,1.0,0.00030848479803221776,0.0006562873235056894,0.001380134036191736,-0.02273632069936974,0.05238554387091182,0.0011889161663444536,-1809.8046884581565,False
11,moderate,66,scenario_nmpc,128.5,0.1636876969044689,0.03343214944805387,6.053677361714059,0.1638722254814953,0.03377494716915953,6.053730170130142,0.1951196674258077,-0.0015415917968749637,-0.15373541381835942,0.12511966742580768,0.2651196674258077,-0.08,0.08,-0.03143197052133878,0.03497374124492884,6.207412775532418,not_applicable,0.0,,False,-16158.200950241791,-0.08231919939431724,0.8361759202942732,0.30104499112078403,0.23554657614483615,0.23554613498012866,0.23554613498012866,1.725767333704553e-05,False,False,46939.687927246094,3098.8907824055045,10.502292992977637,0.0014180113731579798,6808.669582549599,1.1271201633807792,1.057845439337298,0.8291739104917131,1.0497015221724948,0.165381683907133,1.0,0.00030848479803221776,0.0006562873235056894,0.001380134036191736,-0.02273632069936974,0.05238554387091182,0.0011889161663444536,-1809.8046884581565,False
11,moderate,66,scenario_nmpc,129.0,0.162388734224698,0.033109739171271226,6.070312770921815,0.16262557443006054,0.03402153351399166,6.069565459157999,0.19418282776108192,-0.0015230249023436837,-0.154501591796875,0.12418282776108192,0.26418282776108193,-0.08,0.08,-0.03179409353638393,0.03463276407361491,6.22481436271869,not_applicable,0.0,,False,-18410.739372704113,-0.09406867194243267,0.8378347324529601,0.30104499112078403,0.30104499112078403,0.29785912790957386,0.29785912790957386,0.1246259858588904,False,False,46824.76123046875,3090.036473215777,10.472285304456019,0.0014439439891614511,6893.623538133983,1.1271201633807792,1.057845439337298,0.8291739104917131,1.0497015221724948,0.165381683907133,1.0,0.00030848479803221776,0.0006562873235056894,0.001380134036191736,-0.02273632069936974,0.05238554387091182,0.0011889161663444536,-1809.8046884581565,False
11,moderate,66,scenario_nmpc,129.5,0.1610615666021377,0.032742302099498834,6.086775716144432,0.16092185234549558,0.032345574616505966,6.087168105182939,0.19325285558320815,-0.001504267578124996,-0.1552584387207031,0.12325285558320814,0.26325285558320816,-0.08,0.08,-0.03219128898107046,0.03424656967762383,6.242034154865135,not_applicable,0.0,,False,-18656.77831782067,-0.0943017533415015,0.8394743720419061,0.30104499112078403,0.30104499112078403,0.3008900307901983,0.3008900307901983,0.0060618057612489284,False,False,46711.23419189453,3081.2966822619824,10.442665723857933,0.001470026372659183,6978.501290573087,1.1271201633807792,1.057845439337298,0.8291739104917131,1.0497015221724948,0.165381683907133,1.0,0.00030848479803221776,0.0006562873235056894,0.001380134036191736,-0.02273632069936974,0.05238554387091182,0.0011889161663444536,-1809.8046884581565,False
11,moderate,66,scenario_nmpc,130.0,0.15969748878996967,0.03236997552182579,6.103053717857913,0.15993005539766636,0.032357265432866385,6.103947748453995,0.19233001502629604,-0.0014853198242187893,-0.156005859375,0.12233001502629604,0.26233001502629605,-0.08,0.08,-0.03263252623632637,0.03385529534604458,6.259059577232913,Solve_Succeeded,0.06064695899840444,2981.259628241786,False,-18799.842246796015,-0.09396125344784718,0.8410945884794722,-0.012845587259172064,0.30104499112078403,0.30103745385302855,0.30103745385302855,0.00029484612566044177,False,False,46599.12109375,3072.6723145274013,10.413437318216143,0.0014962462430412114,7063.266163120545,1.1271201633807792,1.057845439337298,0.8291739104917131,1.0497015221724948,0.165381683907133,1.0,0.00030848479803221776,0.0006562873235056894,0.001380134036191736,-0.02273632069936974,0.05238554387091182,0.0011889161663444536,-1809.8046884581565,False
11,moderate,66,scenario_nmpc,130.5,0.15829852689413162,0.03199481828380882,6.119144846081882,0.15837964538633345,0.03079178809861964,6.1192354051164,0.1914145702244553,-0.0014661816406250083,-0.1567437585449219,0.12141457022445529,0.2614145702244553,-0.08,0.08,-0.03311604333032367,0.033460999924433826,6.275888604626804,not_applicable,0.0,,False,-18933.84860242764,-0.09358129796348624,0.8426951313457428,-0.012845587259172064,0.30104499112078403,0.3010446245082129,0.3010446245082129,1.4341310368704008e-05,False,False,46488.43621826172,3064.164273807798,10.384603150538863,0.0015225908282840116,7147.880826043136,1.1271201633807792,1.057845439337298,0.8291739104917131,1.0497015221724948,0.165381683907133,1.0,0.00030848479803221776,0.0006562873235056894,0.001380134036191736,-0.02273632069936974,0.05238554387091182,0.0011889161663444536,-1809.8046884581565,False
11,moderate,66,scenario_nmpc,131.0,0.15686701789239374,0.031617010563327566,6.1350477306108875,0.15691817339395686,0.03120939868855194,6.1365302023571076,0.19050678531179568,-0.001446853027343764,-0.157472041015625,0.12050678531179568,0.2605067853117957,-0.08,0.08,-0.033639767419401945,0.03306386359067133,6.292519771626512,not_applicable,0.0,,False,-15797.163886589024,-0.07554729009564527,0.844275750405994,-0.012845587259172064,-0.012845587259172064,0.0024220271229967727,0.2110446245082129,-0.18,False,True,46379.19384765625,3055.7734627186314,10.356166279834195,0.0015490468659489303,7232.307313541637,1.1271201633807792,1.057845439337298,0.8291739104917131,1.0497015221724948,0.165381683907133,1.0,0.00030848479803221776,0.0006562873235056894,0.001380134036191736,-0.02273632069936974,0.05238554387091182,0.0011889161663444536,-1809.8046884581565,False
11,moderate,66,scenario_nmpc,131.5,0.15542086637732583,0.03130195825912952,6.15077739858549,0.15513579852267328,0.031108506941381273,6.150296726000356,0.18960692442242677,-0.001427333984375001,-0.15819061157226566,0.11960692442242676,0.2596069244224268,-0.08,0.08,-0.03418605804510094,0.03272929224350452,6.308968010157756,not_applicable,0.0,,False,-12569.010757590318,-0.05744291431466148,0.8458361956343506,-0.012845587259172064,-0.012845587259172064,-0.012102970764028366,0.1210446245082129,-0.18,False,True,46271.408264160156,3047.5007827021896,10.328129761134306,0.0015756006050510235,7316.507041638801,1.1271201633807792,1.057845439337298,0.8291739104917131,1.0497015221724948,0.165381683907133,1.0,0.00030848479803221776,0.0006562873235056894,0.001380134036191736,-0.02273632069936974,0.05238554387091182,0.0011889161663444536,-1809.8046884581565,False
11,moderate,66,scenario_nmpc,132.0,0.1539917488926694,0.031051471011952974,6.166365681752859,0.15414663748498725,0.03082577660649628,6.168113047620204,0.18871525169045833,-0.0014076245117187192,-0.158899375,0.11871525169045832,0.25871525169045834,-0.08,0.08,-0.034723502797788935,0.0324590955236717,6.325265056752859,Solve_Succeeded,0.06593029201030731,3039.758429909897,False,-9251.440304547266,-0.039279942647693446,0.8473762172376315,-0.23895537743736492,-0.012845587259172064,-0.01280946640590349,0.03104462450821291,-0.18,False,True,46165.09375,3039.3471340346637,10.300496645519406,0.0016022378088276737,7400.4408270323775,1.1271201633807792,1.057845439337298,0.8291739104917131,1.0497015221724948,0.165381683907133,1.0,0.00030848479803221776,0.0006562873235056894,0.001380134036191736,-0.02273632069936974,0.05238554387091182,0.0011889161663444536,-1809.8046884581565,False
11,moderate,66,scenario_nmpc,132.5,0.1526088894594861,0.030867318344666758,6.181845306577071,0.1527353168590526,0.03146934891637724,6.181985488446014,0.18783203125000003,-0.001387724609374974,-0.15959823608398438,0.11783203125000002,0.25783203125000004,-0.08,0.08,-0.03522314179051392,0.03225504295404173,6.341443542661056,not_applicable,0.0,,False,-7587.710752060654,-0.030157319289388168,0.8488955656793845,-0.23895537743736492,-0.012845587259172064,-0.012843830341504086,-0.01284383034150409,-0.087776909699434,False,False,46060.264587402344,3031.31341583313,10.273269980141405,0.0016289437584354148,7484.068906910178,1.1271201633807792,1.057845439337298,0.8291739104917131,1.0497015221724948,0.165381683907133,1.0,0.00030848479803221776,0.0006562873235056894,0.001380134036191736,-0.02273632069936974,0.05238554387091182,0.0011889161663444536,-1809.8046884581565,False
11,moderate,66,scenario_nmpc,133.0,0.15129090094937142,0.030716409299628537,6.197241168637762,0.1515559758509708,0.030849738662199096,6.195991999100836,0.1869575272351615,-0.0013676342773437655,-0.16028709960937498,0.11695752723516151,0.2569575272351615,-0.08,0.08,-0.03566662628579009,0.0320840435769723,6.357528268247138,not_applicable,0.0,,False,-4119.465448287051,-0.011922418282304347,0.850393991704108,-0.23895537743736492,-0.23895537743736492,-0.2279573157616682,-0.10284383034150409,-0.18,False,True,45956.93505859375,3023.4005260624763,10.246452808247394,0.0016557032576021778,7567.350959723112,1.1271201633807792,1.057845439337298,0.8291739104917131,1.0497015221724948,0.165381683907133,1.0,0.00030848479803221776,0.0006562873235056894,0.001380134036191736,-0.02273632069936974,0.05238554387091182,0.0011889161663444536,-1809.8046884581565,False
11,moderate,66,scenario_nmpc,133.5,0.15005546546068063,0.030634823374127384,6.212578910658252,0.1501734052855141,0.030237494298324577,6.2113258990695845,0.1860920037800526,-0.0013473535156250382,-0.16096587036132814,0.1160920037800526,0.2560920037800526,-0.08,0.08,-0.03603653831937198,0.031982176889752426,6.3735447810195796,not_applicable,0.0,,False,-567.0125662691273,0.006345752341514861,0.8518712463616613,-0.23895537743736492,-0.23895537743736492,-0.2384204319108052,-0.1928438303415041,-0.18000000000000002,False,True,45855.11944580078,3015.6093615422524,10.22004816920285,0.0016825006382608504,7650.246126910761,1.1271201633807792,1.057845439337298,0.8291739104917131,1.0497015221724948,0.165381683907133,1.0,0.00030848479803221776,0.0006562873235056894,0.001380134036191736,-0.02273632069936974,0.05238554387091182,0.0011889161663444536,-1809.8046884581565,False
11,moderate,66,scenario_nmpc,134.0,0.1489272101611763,0.03062422742605546,6.227893612342409,0.14894720754838603,0.030213528738482442,6.226869944142751,0.18523572501878288,-0.0013268823242187366,-0.16163445312500002,0.11523572501878288,0.2552357250187829,-0.08,0.08,-0.03630851485760658,0.031951109750274195,6.389528065467409,Solve_Succeeded,0.0607857090071775,3093.603717666892,False,1345.159218195871,0.015937585817127974,0.8533270810318607,-0.2724831639569276,-0.23895537743736492,-0.2389293576963574,-0.2389293576963574,-0.0921710547097066,False,False,45754.83203125,3007.9408179534475,10.194059098514616,0.0017093197671887025,7732.713035573258,1.1271201633807792,1.057845439337298,0.8291739104917131,1.0497015221724948,0.165381683907133,1.0,0.00030848479803221776,0.0006562873235056894,0.001380134036191736,-0.02273632069936974,0.05238554387091182,0.0011889161663444536,-1809.8046884581565,False
11,moderate,66,scenario_nmpc,134.5,0.14792067178467558,0.03065180317558165,6.243212565013847,0.1480479614058719,0.029550004842958322,6.239490556402857,0.1843889550854621,-0.0013062207031249717,-0.16229275268554688,0.1143889550854621,0.2543889550854621,-0.08,0.08,-0.036468283300786525,0.03195802387870662,6.405505317699394,not_applicable,0.0,,False,1466.5828503613595,0.01637730525495601,0.8547612474492646,-0.2724831639569276,-0.23895537743736492,-0.23895411183761975,-0.23895411183761975,-4.950828252470174e-05,False,False,45656.087097167976,3000.3957898452063,10.168488627853662,0.0017361440536755397,7814.709822081845,1.1271201633807792,1.057845439337298,0.8291739104917131,1.0497015221724948,0.165381683907133,1.0,0.00030848479803221776,0.0006562873235056894,0.001380134036191736,-0.02273632069936974,0.05238554387091182,0.0011889161663444536,-1809.8046884581565,False
11,moderate,66,scenario_nmpc,135.0,0.14703261037252352,0.03068173450759918,6.258545900437902,0.14712031781851156,0.03240875940771117,6.257600790754769,0.1835519581141999,-0.0012853686523437435,-0.162940673828125,0.11355195811419988,0.2535519581141999,-0.08,0.08,-0.03651934774167637,0.031967103159942924,6.4214865742660265,not_applicable,0.0,,False,2862.048868530931,0.023111675821306528,0.856173497728144,-0.2724831639569276,-0.2724831639569276,-0.27085231145128597,-0.27085231145128597,-0.06379639922733243,False,False,45558.89892578125,2992.97517064147,10.143339785077583,0.0017629564582418583,7896.194156619562,1.1271201633807792,1.057845439337298,0.8291739104917131,1.0497015221724948,0.165381683907133,1.0,0.00030848479803221776,0.0006562873235056894,0.001380134036191736,-0.02273632069936974,0.05238554387091182,0.0011889161663444536,-1809.8046884581565,False
11,moderate,66,scenario_nmpc,135.5,0.14625794365914224,0.03073950529667154,6.273901167236149,0.1463848053387546,0.029792408235668276,6.273946134484487,0.18272499823910593,-0.0012643261718749965,-0.16357812133789063,0.11272499823910592,0.25272499823910594,-0.08,0.08,-0.03646705457996369,0.03200383146854653,6.437479288574039,not_applicable,0.0,,False,3047.47125091585,0.023785183579605566,0.8575635843876396,-0.2724831639569276,-0.2724831639569276,-0.2724038393197236,-0.2724038393197236,-0.0031030557368753042,False,False,45463.281799316406,2985.6798526475577,10.118615594252912,0.0017897395024263252,7977.123268642165,1.1271201633807792,1.057845439337298,0.8291739104917131,1.0497015221724948,0.165381683907133,1.0,0.00030848479803221776,0.0006562873235056894,0.001380134036191736,-0.02273632069936974,0.05238554387091182,0.0011889161663444536,-1809.8046884581565,False
11,moderate,66,scenario_nmpc,136.0,0.14559220674040194,0.030800915053453268,6.289286234880739,0.14593127058319733,0.030412745340791157,6.289169521392182,0.18190833959429,-0.0012430932617187862,-0.164205,0.11190833959429,0.25190833959429004,-0.08,0.08,-0.03631613285388807,0.032044008315172054,6.4534912348807385,Solve_Succeeded,0.06080079200910404,3149.254073838736,False,3166.9590186845953,0.024127327683868147,0.8589312603771045,-0.07537420274180619,-0.2724831639569276,-0.27247930560796857,-0.27247930560796857,-0.00015093257648990388,False,False,45369.25,2978.5107270566778,10.094319075677182,0.0018164752796601164,8057.453973248988,1.1271201633807792,1.057845439337298,0.8291739104917131,1.0497015221724948,0.165381683907133,1.0,0.00030848479803221776,0.0006562873235056894,0.001380134036191736,-0.02273632069936974,0.05238554387091182,0.0011889161663444536,-1809.8046884581565,False
11,moderate,66,scenario_nmpc,136.5,0.14502545879725282,0.030864650439935127,6.304702594076939,0.14474297292098523,0.03074630746580956,6.3057435490882,0.1811022463138618,-0.0012216699218750016,-0.1648212145996094,0.11110224631386179,0.2511022463138618,-0.08,0.08,-0.03607678751660898,0.032086320361810125,6.469523808676548,not_applicable,0.0,,False,3277.2495389334717,0.02442049539026839,0.8602762791016343,-0.07537420274180619,-0.2724831639569276,-0.2724829762869021,-0.2724829762869021,-7.341357867063358e-06,False,False,45276.817810058594,2971.468683956373,10.07045324590077,0.0018431454672432938,8137.1426984512755,1.1271201633807792,1.057845439337298,0.8291739104917131,1.0497015221724948,0.165381683907133,1.0,0.00030848479803221776,0.0006562873235056894,0.001380134036191736,-0.02273632069936974,0.05238554387091182,0.0011889161663444536,-1809.8046884581565,False
11,moderate,66,scenario_nmpc,137.0,0.14454844620316634,0.030930532648662027,6.320151362516258,0.14448236621250723,0.029936644171612042,6.320186464499079,0.18030698253193092,-0.0012000561523436981,-0.165426669921875,0.11030698253193091,0.25030698253193095,-0.08,0.08,-0.03575853632876458,0.03213058880100572,6.485578032438133,not_applicable,0.0,,False,-405.1832010158482,0.0066780738929495195,0.86159839444778,-0.07537420274180619,-0.07537420274180619,-0.08496157002186308,-0.1824829762869021,0.18,False,True,45185.99951171875,2964.5546123349086,10.047021117748553,0.0018697313394364313,8216.145513325771,1.1271201633807792,1.057845439337298,0.8291739104917131,1.0497015221724948,0.165381683907133,1.0,0.00030848479803221776,0.0006562873235056894,0.001380134036191736,-0.02273632069936974,0.05238554387091182,0.0011889161663444536,-1809.8046884581565,False
11,moderate,66,scenario_nmpc,137.5,0.14413455265571248,0.030922721113938102,6.335614651991562,0.14418546092461054,0.031528184155546715,6.33557530252009,0.1795228123826071,-0.0011782519531250424,-0.1660212707519531,0.10952281238260708,0.2495228123826071,-0.08,0.08,-0.035388259726894605,0.032100973067063145,6.501635922743515,not_applicable,0.0,,False,-4175.475412501481,-0.011141108503134507,0.862897360809448,-0.07537420274180619,-0.07537420274180619,-0.07584053211776202,-0.09248297628690211,0.18,False,True,45096.80938720703,2957.7694000875917,10.024025700341314,0.001896213781678107,8294.41815703917,1.1271201633807792,1.057845439337298,0.8291739104917131,1.0497015221724948,0.165381683907133,1.0,0.00030848479803221776,0.0006562873235056894,0.001380134036191736,-0.02273632069936974,0.05238554387091182,0.0011889161663444536,-1809.8046884581565,False
11,moderate,66,scenario_nmpc,138.0,0.14374189182735472,0.030839487528248527,6.351055181174508,0.1433460016931922,0.030476337742266883,6.3479650148931155,0.17875000000000002,-0.0011562573242187568,-0.16660492187500003,0.10875000000000001,0.24875000000000003,-0.08,0.08,-0.0350081081726453,0.031995744852467284,6.517660103049508,Solve_Succeeded,0.0612139169825241,3202.097376544119,False,-4894.474741997025,-0.014392753460159436,0.8641729331139841,0.0843439502090084,-0.07537420274180619,-0.0753968849944546,-0.0753968849944546,0.03417218258489502,False,False,45009.26171875,2951.1139340230284,10.001469999116953,0.00192257330593655,8371.916068728888,1.1271201633807792,1.057845439337298,0.8291739104917131,1.0497015221724948,0.165381683907133,1.0,0.00030848479803221776,0.0006562873235056894,0.001380134036191736,-0.02273632069936974,0.05238554387091182,0.0011889161663444536,-1809.8046884581565,False
11,moderate,66,scenario_nmpc,138.5,0.14334725696588824,0.0307418771262715,6.366450499032194,0.1433655442240079,0.030582217276773824,6.36729648229345,0.1779888095182194,-0.0011340722656249524,-0.16717752807617187,0.1079888095182194,0.24798880951821942,-0.08,0.08,-0.03464155255233117,0.03187594939189645,6.5336280271083655,not_applicable,0.0,,False,-4886.6454842411,-0.014225927726630474,0.8654248668484424,0.0843439502090084,-0.07537420274180619,-0.07537530600617626,-0.07537530600617626,4.315797655668474e-05,False,False,44923.37078857422,2944.589099869325,9.979357015851507,0.0019487900672010268,8448.59441822421,1.1271201633807792,1.057845439337298,0.8291739104917131,1.0497015221724948,0.165381683907133,1.0,0.00030848479803221776,0.0006562873235056894,0.001380134036191736,-0.02273632069936974,0.05238554387091182,0.0011889161663444536,-1809.8046884581565,False
11,moderate,66,scenario_nmpc,139.0,0.14294755165136724,0.030644429443145323,6.381797051863023,0.1432573522389683,0.02958151398924631,6.382529950014595,0.17723950507137493,-0.0011116967773437958,-0.167738994140625,0.10723950507137492,0.24723950507137493,-0.08,0.08,-0.03429195342000768,0.03175612622048912,6.549536046003648,not_applicable,0.0,,False,-8828.542634990397,-0.03216287237906675,0.8666529180860374,0.0843439502090084,0.0843439502090084,0.07657520839456983,0.01462469399382374,0.18,False,True,44839.15087890625,2938.19578228022,9.957689748679924,0.0019748438811158222,8524.408137590945,1.1271201633807792,1.057845439337298,0.8291739104917131,1.0497015221724948,0.165381683907133,1.0,0.00030848479803221776,0.0006562873235056894,0.001380134036191736,-0.02273632069936974,0.05238554387091182,0.0011889161663444536,-1809.8046884581565,False
11,moderate,66,scenario_nmpc,139.5,0.14252433790292227,0.03046815948542283,6.397075173632023,0.1424835677422842,0.030757340585313195,6.395731191687515,0.1765023507935763,-0.0010891308593750093,-0.16828922485351566,0.10650235079357628,0.2465023507935763,-0.08,0.08,-0.033978012890654025,0.03155729034479784,6.5653643984855385,not_applicable,0.0,,False,-11932.054094770714,-0.04598046559689983,0.867856843512781,0.0843439502090084,0.0843439502090084,0.08396607874372876,0.08396607874372876,0.13868276949981004,False,False,44756.616271972656,2931.934864841167,9.93647119211668,0.0020007142427568374,8599.311953481905,1.1271201633807792,1.057845439337298,0.8291739104917131,1.0497015221724948,0.165381683907133,1.0,0.00030848479803221776,0.0006562873235056894,0.001380134036191736,-0.02273632069936974,0.05238554387091182,0.0011889161663444536,-1809.8046884581565,False
11,moderate,66,scenario_nmpc,140.0,0.14204679007889104,0.03022985877456501,6.412249649204184,0.14148503609321605,0.03078820443644672,6.413386550700221,0.17577761081893314,-0.0010663745117187595,-0.168828125,0.10577761081893314,0.24577761081893315,-0.08,0.08,-0.033730820740042106,0.03129623328628377,6.581077774204184,Solve_Succeeded,0.060427999997045845,3261.456120142718,False,-12001.297325274438,-0.04590029145153187,0.8690364004543025,0.20717203775209167,0.0843439502090084,0.08432557054758018,0.08432557054758018,0.0007189836077028389,False,False,44675.78125,2925.80723007535,9.91570433707618,0.0020263803465478264,8673.260420274513,1.1271201633807792,1.057845439337298,0.8291739104917131,1.0497015221724948,0.165381683907133,1.0,0.00030848479803221776,0.0006562873235056894,0.001380134036191736,-0.02273632069936974,0.05238554387091182,0.0011889161663444536,-1809.8046884581565,False
11,moderate,66,scenario_nmpc,140.5,0.14150582988028276,0.029990223129107017,6.427304636581749,0.14137062760469413,0.030444009718737803,6.425889377816624,0.1750655492815552,-0.001043427734374991,-0.16935559936523442,0.1050655492815552,0.24506554928155522,-0.08,0.08,-0.03355971940127245,0.031033650863482008,6.596660235946984,not_applicable,0.0,,False,-12048.965900553672,-0.04573035959723078,0.8701913469028518,0.20717203775209167,0.0843439502090084,0.08434305622259965,0.08434305622259965,3.497135003893703e-05,False,False,44596.660095214844,2919.813759449646,9.895392170892935,0.0020518211073102554,8746.207953975967,1.1271201633807792,1.057845439337298,0.8291739104917131,1.0497015221724948,0.165381683907133,1.0,0.00030848479803221776,0.0006562873235056894,0.001380134036191736,-0.02273632069936974,0.05238554387091182,0.0011889161663444536,-1809.8046884581565,False
11,moderate,66,scenario_nmpc,141.0,0.1409075340427972,0.029749680223890167,6.442239575530968,0.14116925050309184,0.029591668453800846,6.44205929186972,0.17436643031555224,-0.0010202905273437035,-0.169871552734375,0.10436643031555223,0.24436643031555225,-0.08,0.08,-0.03345889627275503,0.03076997075123387,6.612111128265343,not_applicable,0.0,,False,-16199.712424004492,-0.0637444807504339,0.8713214415444862,0.20717203775209167,0.20717203775209167,0.20119763824983336,0.17434305622259966,0.18000000000000002,False,True,44519.26708984375,2913.9553333805284,9.875537677341596,0.0020770151824375544,8818.108866875546,1.1271201633807792,1.057845439337298,0.8291739104917131,1.0497015221724948,0.165381683907133,1.0,0.00030848479803221776,0.0006562873235056894,0.001380134036191736,-0.02273632069936974,0.05238554387091182,0.0011889161663444536,-1809.8046884581565,False
11,moderate,66,scenario_nmpc,141.5,0.14023766237772722,0.029426175614736656,6.457033497836446,0.14026368860811517,0.028911323252220372,6.4559372776906265,0.17368051805503382,-0.0009969628906250083,-0.17037588989257813,0.10368051805503381,0.24368051805503382,-0.08,0.08,-0.03344285567730659,0.030423138505361665,6.627409387729024,not_applicable,0.0,,False,-17771.071424164318,-0.07014206045592525,0.8724264437864387,0.20717203775209167,0.20717203775209167,0.2068814430653319,0.2068814430653319,0.0650767736854645,False,False,44443.61651611328,2908.2328312399127,9.856143836656756,0.002101940995181263,8888.917402922583,1.1271201633807792,1.057845439337298,0.8291739104917131,1.0497015221724948,0.165381683907133,1.0,0.00030848479803221776,0.0006562873235056894,0.001380134036191736,-0.02273632069936974,0.05238554387091182,0.0011889161663444536,-1809.8046884581565,False
11,moderate,66,scenario_nmpc,142.0,0.13947683011557316,0.02907131524930622,6.471657822884782,0.13990967074907315,0.028822430080367667,6.4736529041774435,0.17300807663410972,-0.0009734448242187388,-0.170868515625,0.10300807663410971,0.24300807663410973,-0.08,0.08,-0.03353124651853656,0.030044760073524957,6.642526338509782,Solve_Succeeded,0.060247791989240795,3316.1477671247276,False,-17859.62256182903,-0.06998268326527134,0.87350611378467,0.01912419116820502,0.20717203775209167,0.20715790323163633,0.20715790323163633,0.0005529203326088417,False,False,44369.72265625,2902.64713136095,9.837213625552586,0.002126576759033272,8958.587773808174,1.1271201633807792,1.057845439337298,0.8291739104917131,1.0497015221724948,0.165381683907133,1.0,0.00030848479803221776,0.0006562873235056894,0.001380134036191736,-0.02273632069936974,0.05238554387091182,0.0011889161663444536,-1809.8046884581565,False
11,moderate,66,scenario_nmpc,142.5,0.13862681587191963,0.028714756442441338,6.486104287173398,0.13823686919971256,0.028887059166914107,6.486202476538753,0.17234937018688956,-0.000949736328125006,-0.17134933471679686,0.10234937018688955,0.24234937018688957,-0.08,0.08,-0.03372255431496993,0.029664492770566344,6.657453621890195,not_applicable,0.0,,False,-17926.248762606465,-0.06974004899000373,0.8745602124716015,0.01912419116820502,0.20717203775209167,0.2071713502492652,0.2071713502492652,2.68940352577407e-05,False,False,44297.59979248047,2897.199111043762,9.818750017242264,0.002150900503184819,9027.074195727268,1.1271201633807792,1.057845439337298,0.8291739104917131,1.0497015221724948,0.165381683907133,1.0,0.00030848479803221776,0.0006562873235056894,0.001380134036191736,-0.02273632069936974,0.05238554387091182,0.0011889161663444536,-1809.8046884581565,False
11,moderate,66,scenario_nmpc,143.0,0.13769620996185275,0.028356931999461203,6.500372150151515,0.13788215576946458,0.028107410040486537,6.5007584831108325,0.1717046628474831,-0.0009258374023437543,-0.171818251953125,0.10170466284748308,0.2417046628474831,-0.08,0.08,-0.03400845288563034,0.029282769401804958,6.67219040210464,not_applicable,0.0,,False,-13723.396290786626,-0.051171952693591385,0.8755885015840311,0.01912419116820502,0.01912419116820502,0.028270801680034624,0.1171713502492652,-0.18,False,True,44227.26220703125,2891.8896465611238,9.800755981457243,0.002174890099039547,9094.330926797677,1.1271201633807792,1.057845439337298,0.8291739104917131,1.0497015221724948,0.165381683907133,1.0,0.00030848479803221776,0.0006562873235056894,0.001380134036191736,-0.02273632069936974,0.05238554387091182,0.0011889161663444536,-1809.8046884581565,False
11,moderate,66,scenario_nmpc,143.5,0.13671339184088285,0.02808321477506851,6.514482124004211,0.1362474899510172,0.02774547779898169,6.513112695511634,0.17107421875,-0.0009017480468749839,-0.17227517211914062,0.10107421875,0.24107421875,-0.08,0.08,-0.034360826909117154,0.028984962821943495,6.686757296123351,not_applicable,0.0,,False,-9441.624566720047,-0.03254451966973525,0.8765907436912289,0.01912419116820502,0.01912419116820502,0.019569082142702802,0.027171350249265203,-0.18,False,True,44158.724182128906,2886.719613164095,9.783234484466332,0.00219852328775421,9160.31230511107,1.1271201633807792,1.057845439337298,0.8291739104917131,1.0497015221724948,0.165381683907133,1.0,0.00030848479803221776,0.0006562873235056894,0.001380134036191736,-0.02273632069936974,0.05238554387091182,0.0011889161663444536,-1809.8046884581565,False
11,moderate,66,scenario_nmpc,144.0,0.13572399816102798,0.02789514797734989,6.5284766510380114,0.13564262135531785,0.0287409123132992,6.530020256295592,0.17045830202855,-0.0008774682617187501,-0.17271999999999998,0.10045830202855,0.24045830202855,-0.08,0.08,-0.03473430386752202,0.02877261623906864,6.701196651038011,Solve_Succeeded,0.060444749949965626,3371.1944519495773,False,-9030.648195518559,-0.030576155181736214,0.8775667022232162,0.0443258100190968,0.01912419116820502,0.0191458306573834,0.0191458306573834,-0.016051039183763605,False,False,44092.0,2881.6898850875914,9.766188489094581,0.0022217777087771245,9224.972787390545,1.1271201633807792,1.057845439337298,0.8291739104917131,1.0497015221724948,0.165381683907133,1.0,0.00030848479803221776,0.0006562873235056894,0.001380134036191736,-0.02273632069936974,0.05238554387091182,0.0011889161663444536,-1809.8046884581565,False
11,moderate,66,scenario_nmpc,144.5,0.13475059991129543,0.027715293694364127,6.5423791984107735,0.13498447740466812,0.026872657959401986,6.542583734618654,0.1698571768172427,-0.0008529980468749976,-0.17315264038085937,0.09985717681724268,0.2398571768172427,-0.08,0.08,-0.03510657690594726,0.028568291741239125,6.715531838791633,not_applicable,0.0,,False,-9000.895509192496,-0.030242669115878536,0.8785161414992242,0.0443258100190968,0.01912419116820502,0.019125243712578236,0.019125243712578236,-4.117388961032836e-05,False,False,44027.103942871094,2876.8013355559106,9.749620954742001,0.0022446309293507635,9288.266988228595,1.1271201633807792,1.057845439337298,0.8291739104917131,1.0497015221724948,0.165381683907133,1.0,0.00030848479803221776,0.0006562873235056894,0.001380134036191736,-0.02273632069936974,0.05238554387091182,0.0011889161663444536,-1809.8046884581565,False
11,moderate,66,scenario_nmpc,145.0,0.13379358103776023,0.027536026459509207,6.5561919660569625,0.13353527825108727,0.027590961832048115,6.555803461744625,0.16927110725018785,-0.0008283374023437817,-0.17357299804687498,0.09927110725018784,0.23927110725018785,-0.08,0.08,-0.03547752621242761,0.02836436386185299,6.729764964103838,not_applicable,0.0,,False,-10143.098496726634,-0.03481433978468132,0.8794388267563331,0.0443258100190968,0.0443258100190968,0.043100054916974245,0.043100054916974245,0.04794962240879202,False,False,43964.05029296875,2872.054836788207,9.733534837402127,0.002267060474941205,9350.14971987834,1.1271201633807792,1.057845439337298,0.8291739104917131,1.0497015221724948,0.165381683907133,1.0,0.00030848479803221776,0.0006562873235056894,0.001380134036191736,-0.02273632069936974,0.05238554387091182,0.0011889161663444536,-1809.8046884581565,False
11,moderate,66,scenario_nmpc,145.5,0.13284586306282214,0.027333911252958906,6.569909388292191,0.1324130614511876,0.027176662413262838,6.569825445850304,0.16870035746149514,-0.0008034863281249915,-0.17398097778320315,0.09870035746149514,0.23870035746149515,-0.08,0.08,-0.035854494398673,0.028137397581083898,6.743890366075394,not_applicable,0.0,,False,-10178.4653365156,-0.03473759793591083,0.8803345241782927,0.0443258100190968,0.0443258100190968,0.04426618931247836,0.04426618931247836,0.0023322687910082296,False,False,43902.85333251953,2867.45126000391,9.717933089680376,0.0022890438605535227,9410.576032570238,1.1271201633807792,1.057845439337298,0.8291739104917131,1.0497015221724948,0.165381683907133,1.0,0.00030848479803221776,0.0006562873235056894,0.001380134036191736,-0.02273632069936974,0.05238554387091182,0.0011889161663444536,-1809.8046884581565,False
11,moderate,66,scenario_nmpc,146.0,0.1319009970306748,0.02713109099147631,6.583525576463629,0.13226094008335687,0.02618714397156737,6.5845099513424845,0.16814519158527425,-0.0007784448242186826,-0.17437648437499997,0.09814519158527424,0.23814519158527425,-0.08,0.08,-0.03624419455459946,0.027909535815694993,6.757902060838629,Solve_Succeeded,0.06072391598718241,3424.675848460123,False,-10157.648736868341,-0.03443556839465401,0.8812030009245224,-0.3157338197935866,0.0443258100190968,0.04432291006897501,0.04432291006897501,0.0001134415129933064,False,False,43843.52734375,2862.991475428098,9.702818660812255,0.0023105586228884117,9469.501255325487,1.1271201633807792,1.057845439337298,0.8291739104917131,1.0497015221724948,0.165381683907133,1.0,0.00030848479803221776,0.0006562873235056894,0.001380134036191736,-0.02273632069936974,0.05238554387091182,0.0011889161663444536,-1809.8046884581565,False
11,moderate,66,scenario_nmpc,146.5,0.13095862297640157,0.026928689553957556,6.59704045900218,0.1306139387197131,0.02770047316535642,6.599581812872411,0.16760587375563488,-0.0007532128906250213,-0.17475942260742183,0.09760587375563487,0.23760587375563488,-0.08,0.08,-0.03664725077923331,0.027681902444582577,6.771799881609602,not_applicable,0.0,,False,-10132.14541932865,-0.03412359549037844,0.8820440251592905,-0.3157338197935866,0.0443258100190968,0.044325668965573856,0.044325668965573856,5.5177931976846395e-06,False,False,43786.08660888672,2858.67635229682,9.68819449668141,0.002331582353291782,9526.881037236892,1.1271201633807792,1.057845439337298,0.8291739104917131,1.0497015221724948,0.165381683907133,1.0,0.00030848479803221776,0.0006562873235056894,0.001380134036191736,-0.02273632069936974,0.05238554387091182,0.0011889161663444536,-1809.8046884581565,False
11,moderate,66,scenario_nmpc,147.0,0.13001870220772138,0.026726800569586873,6.610454268736408,0.12972048539517014,0.025971318748859103,6.609688853610078,0.16708266810668673,-0.0007277905273437857,-0.175129697265625,0.09708266810668673,0.23708266810668674,-0.08,0.08,-0.03706396589896535,0.02745459109693066,6.785583966002033,not_applicable,0.0,,False,-5579.006503527121,-0.015364655629042401,0.8828573660810748,-0.3157338197935866,-0.3157338197935866,-0.29822053259019476,-0.04567433103442614,-0.18,False,True,43730.54541015625,2854.506758862366,9.674063539837478,0.002352092731445298,9582.671389186728,1.1271201633807792,1.057845439337298,0.8291739104917131,1.0497015221724948,0.165381683907133,1.0,0.00030848479803221776,0.0006562873235056894,0.001380134036191736,-0.02273632069936974,0.05238554387091182,0.0011889161663444536,-1809.8046884581565,False
11,moderate,66,scenario_nmpc,147.5,0.12910305105416858,0.02661596383764359,6.623789898368681,0.12939695755747826,0.026422785036415125,6.6236322895366575,0.16657583877253945,-0.0007021777343750313,-0.17548721313476562,0.09657583877253945,0.23657583877253946,-0.08,0.08,-0.03747278771837087,0.02731814157201862,6.7992771115034465,not_applicable,0.0,,False,-966.449764779969,0.003418505469273119,0.8836427939521009,-0.3157338197935866,-0.3157338197935866,-0.3148819738118976,-0.13567433103442614,-0.18,False,True,43676.918029785156,2850.4835623984977,9.660428729513812,0.0023720675597422927,9636.828725970718,1.1271201633807792,1.057845439337298,0.8291739104917131,1.0497015221724948,0.165381683907133,1.0,0.00030848479803221776,0.0006562873235056894,0.001380134036191736,-0.02273632069936974,0.05238554387091182,0.0011889161663444536,-1809.8046884581565,False
11,moderate,66,scenario_nmpc,148.0,0.12825253390428537,0.026597333856832554,6.637093165434658,0.12794728435410946,0.028353788079667337,6.635717089585048,0.1660856498873028,-0.0006763745117187581,-0.17583187500000003,0.09608564988730278,0.2360856498873028,-0.08,0.08,-0.03783311598301742,0.02727370836855131,6.812925040434658,Solve_Succeeded,0.062996499997098,3476.5481413673847,False,3699.4894201026236,0.02221074598102063,0.8844000801280599,0.038607705968513886,-0.3157338197935866,-0.3156923860200127,-0.22567433103442613,-0.18,False,True,43625.21875,2846.6076292056214,9.647293001645018,0.0023914847982898827,9689.30990879606,1.1271201633807792,1.057845439337298,0.8291739104917131,1.0497015221724948,0.165381683907133,1.0,0.00030848479803221776,0.0006562873235056894,0.001380134036191736,-0.02273632069936974,0.05238554387091182,0.0011889161663444536,-1809.8046884581565,False
11,moderate,66,scenario_nmpc,148.5,0.1275042764281352,0.026671946985233827,6.6504104349731605,0.12743499049469495,0.02670316517777365,6.650320565797714,0.16561236558508644,-0.000650380859374966,-0.17616358764648438,0.09561236558508643,0.23561236558508644,-0.08,0.08,-0.03810808915695124,0.027322327844608793,6.826574022619645,not_applicable,0.0,,False,8412.911906501307,0.04099814202381484,0.8851289970880061,0.038607705968513886,-0.3157338197935866,-0.31573180445556837,-0.3156743310344261,-0.17999999999999994,False,True,43575.461853027344,2842.879824615921,9.634659288884347,0.002410322600474638,9740.072288120904,1.1271201633807792,1.057845439337298,0.8291739104917131,1.0497015221724948,0.165381683907133,1.0,0.00030848479803221776,0.0006562873235056894,0.001380134036191736,-0.02273632069936974,0.05238554387091182,0.0011889161663444536,-1809.8046884581565,False
11,moderate,66,scenario_nmpc,149.0,0.12689199971365311,0.02684072398392248,6.663788561106582,0.12714635031626215,0.02718675687903804,6.665995888055861,0.16515625,-0.0006241967773437107,-0.176482255859375,0.09515625,0.23515625,-0.08,0.08,-0.03826425028634689,0.02746492076126619,6.8402708169659565,not_applicable,0.0,,False,3891.0373956705535,0.022748745149053184,0.8858293184644305,0.038607705968513886,0.038607705968513886,0.02137263841078285,-0.2256743310344261,0.18,False,True,43527.66162109375,2839.3010129984405,9.622530520620925,0.0024285593490257643,9789.073746801641,1.1271201633807792,1.057845439337298,0.8291739104917131,1.0497015221724948,0.165381683907133,1.0,0.00030848479803221776,0.0006562873235056894,0.001380134036191736,-0.02273632069936974,0.05238554387091182,0.0011889161663444536,-1809.8046884581565,False
11,moderate,66,scenario_nmpc,149.5,0.12640159323840372,0.02691895896676916,6.677228448324363,0.1265296125562434,0.027099000761809554,6.678582874492945,0.16471756726615328,-0.0005978222656249921,-0.1767877844238281,0.09471756726615327,0.23471756726615328,-0.08,0.08,-0.038315974027749555,0.027516781232394153,6.854016232748191,not_applicable,0.0,,False,-694.4906053058166,0.004429213942025827,0.8865008190735161,0.038607705968513886,0.038607705968513886,0.03776939258549872,-0.1356743310344261,0.18,False,True,43481.83233642579,2835.872057764125,9.61090962299683,0.002446173692506367,9836.272743513422,1.1271201633807792,1.057845439337298,0.8291739104917131,1.0497015221724948,0.165381683907133,1.0,0.00030848479803221776,0.0006562873235056894,0.001380134036191736,-0.02273632069936974,0.05238554387091182,0.0011889161663444536,-1809.8046884581565,False
11,moderate,66,scenario_nmpc,150.0,0.12597719295452123,0.026905424609083205,6.69068451502906,0.12575636452578046,0.026803369972679205,6.690806047425454,0.16429658151765592,-0.0005712573242187546,-0.17708007812499998,0.09429658151765591,0.23429658151765592,-0.08,0.08,-0.03831938856313469,0.02747668193330196,6.86776459315406,Solve_Succeeded,0.060457332991063595,3531.094187220372,False,-5336.285614681434,-0.01394033009663411,0.8871432749455687,-0.23050024134042105,0.038607705968513886,0.0385669304203016,-0.04567433103442611,0.18,False,True,43437.98828125,2832.59382137081,9.599799518924007,0.002463144582160298,9881.628356408664,1.1271201633807792,1.057845439337298,0.8291739104917131,1.0497015221724948,0.165381683907133,1.0,0.00030848479803221776,0.0006562873235056894,0.001380134036191736,-0.02273632069936974,0.05238554387091182,0.0011889161663444536,-1809.8046884581565,False
11,moderate,66,scenario_nmpc,150.5,0.12556820782097455,0.026799037553463887,6.704110602261846,0.125647629321024,0.026914730027901776,6.702180061248287,0.1638935568886176,-0.0005445019531249984,-0.17735904174804684,0.09389355688861759,0.2338935568886176,-0.08,0.08,-0.03832534906764304,0.027343539506588885,6.881469644009893,not_applicable,0.0,,False,-9727.666790275203,-0.031162555355894447,0.8877564633556255,-0.23050024134042105,0.038607705968513886,0.03860572264656568,0.03860572264656567,0.16856010736198357,False,False,43396.14373779297,2829.467165328174,9.589203128101051,0.0024794513090388415,9925.100326977048,1.1271201633807792,1.057845439337298,0.8291739104917131,1.0497015221724948,0.165381683907133,1.0,0.00030848479803221776,0.0006562873235056894,0.001380134036191736,-0.02273632069936974,0.05238554387091182,0.0011889161663444536,-1809.8046884581565,False
11,moderate,66,scenario_nmpc,151.0,0.12513028174432106,0.026604843705387023,6.717461542090534,0.12534636589238082,0.0258158872795453,6.715253919598594,0.16350875751314803,-0.0005175561523437788,-0.17762458007812498,0.09350875751314802,0.23350875751314804,-0.08,0.08,-0.03837847576882697,0.0271223998577308,6.895086122168659,not_applicable,0.0,,False,-4987.436253882372,-0.012454159038637747,0.8883401628542431,-0.23050024134042105,-0.23050024134042105,-0.21741093198298275,-0.051394277353434326,-0.18,False,True,43356.31298828125,2826.4929502026407,9.579123367029817,0.0024950735413287934,9966.649104069937,1.1271201633807792,1.057845439337298,0.8291739104917131,1.0497015221724948,0.165381683907133,1.0,0.00030848479803221776,0.0006562873235056894,0.001380134036191736,-0.02273632069936974,0.05238554387091182,0.0011889161663444536,-1809.8046884581565,False
11,moderate,66,scenario_nmpc,151.5,0.12466888638717485,0.026505481382897992,6.730739091176648,0.1247388254781404,0.026775511150135566,6.734018036436036,0.1631424475253569,-0.0004904199218750405,-0.17787659790039062,0.09314244752535689,0.2331424475253569,-0.08,0.08,-0.03847356113818204,0.026995901304773032,6.908615689077039,not_applicable,0.0,,False,-199.9759161966092,0.006284474713569629,0.8888941532984604,-0.23050024134042105,-0.23050024134042105,-0.2298635775633856,-0.14139427735343432,-0.18,False,True,43318.510314941406,2823.6720356222395,9.569563149031898,0.0025099913618004607,10006.235888050562,1.1271201633807792,1.057845439337298,0.8291739104917131,1.0497015221724948,0.165381683907133,1.0,0.00030848479803221776,0.0006562873235056894,0.001380134036191736,-0.02273632069936974,0.05238554387091182,0.0011889161663444536,-1809.8046884581565,False
11,moderate,66,scenario_nmpc,152.0,0.1242315884683,0.026501854771744684,6.743990894648615,0.12380552935757087,0.02637589758268954,6.74302028763592,0.1627948910593539,-0.0004630932617187278,-0.17811500000000002,0.0927948910593539,0.23279489105935391,-0.08,0.08,-0.03856330259105391,0.02696494803346341,6.922105894648615,Solve_Succeeded,0.06292275001760572,3583.522911071948,False,4578.362282025797,0.02484490022955913,0.8894182158829406,-0.30063692863380115,-0.23050024134042105,-0.2304692740254986,-0.2304692740254986,-0.17814999334412857,False,False,43282.75,2821.0052802814257,9.56052538426496,0.0025241853052917567,10043.822675031022,1.1271201633807792,1.057845439337298,0.8291739104917131,1.0497015221724948,0.165381683907133,1.0,0.00030848479803221776,0.0006562873235056894,0.001380134036191736,-0.02273632069936974,0.05238554387091182,0.0011889161663444536,-1809.8046884581565,False
11,moderate,66,scenario_nmpc,152.5,0.12386115686695119,0.02659374460897721,6.757264768565156,0.12358452973162588,0.025489098287947938,6.755527572993365,0.16246635224924869,-0.0004355761718750073,-0.17833969116210935,0.09246635224924868,0.2324663522492487,-0.08,0.08,-0.038605195382297494,0.02702932078085222,6.935604459727265,not_applicable,0.0,,False,4642.120680941902,0.02500436805110379,0.8899121331712881,-0.30063692863380115,-0.23050024134042105,-0.23049873509076763,-0.23049873509076763,-5.892213053804163e-05,False,False,43249.046325683594,2818.4935419458525,9.55201297973891,0.0025376363961420114,10079.372301155367,1.1271201633807792,1.057845439337298,0.8291739104917131,1.0497015221724948,0.165381683907133,1.0,0.00030848479803221776,0.0006562873235056894,0.001380134036191736,-0.02273632069936974,0.05238554387091182,0.0011889161663444536,-1809.8046884581565,False
11,moderate,66,scenario_nmpc,153.0,0.12357311565962752,0.026686839985625436,6.770584894497105,0.12326639908540728,0.027637917868370904,6.768062299922892,0.162157095229151,-0.000407868652343768,-0.17855057617187503,0.092157095229151,0.232157095229151,-0.08,0.08,-0.03858397956952349,0.027094708637969204,6.94913547066898,not_applicable,0.0,,False,8266.753877880823,0.0389223243587585,0.8903756891275432,-0.30063692863380115,-0.30063692863380115,-0.297225408132899,-0.297225408132899,-0.13345334608426274,False,False,43217.41357421875,2816.1376774571086,9.544028839331956,0.002550326185487019,10112.848486887524,1.1271201633807792,1.057845439337298,0.8291739104917131,1.0497015221724948,0.165381683907133,1.0,0.00030848479803221776,0.0006562873235056894,0.001380134036191736,-0.02273632069936974,0.05238554387091182,0.0011889161663444536,-1809.8046884581565,False
11,moderate,66,scenario_nmpc,153.5,0.12337662254431053,0.026852354195098536,6.7839696792692985,0.12359826535444664,0.02677871613517062,6.782503943977678,0.16186738413317056,-0.0003799707031249544,-0.17874755981445312,0.09186738413317055,0.23186738413317057,-0.08,0.08,-0.03849076158886003,0.02723232489822349,6.9627172390837515,not_applicable,0.0,,False,8497.983445050702,0.03969237037916161,0.8908086691478525,-0.30063692863380115,-0.30063692863380115,-0.3004709923366119,-0.3004709923366119,-0.006491168407425807,False,False,43187.86602783203,2813.938542737408,9.536575863806503,0.0025622367883247777,10144.215881261123,1.1271201633807792,1.057845439337298,0.8291739104917131,1.0497015221724948,0.165381683907133,1.0,0.00030848479803221776,0.0006562873235056894,0.001380134036191736,-0.02273632069936974,0.05238554387091182,0.0011889161663444536,-1809.8046884581565,False
11,moderate,66,scenario_nmpc,154.0,0.12328006601156355,0.027022407400650907,6.797438362934337,0.12344777075664723,0.026725707323689847,6.798008828110794,0.161597483095417,-0.000351882324218733,-0.17893054687499999,0.09159748309541699,0.231597483095417,-0.08,0.08,-0.038317417083853444,0.02737428972486964,6.976368909809337,Solve_Succeeded,0.06248362502083182,3637.681611889627,False,8552.825091714027,0.039788923075032144,0.8912108600923155,-0.21356885903243666,-0.30063692863380115,-0.300628857495223,-0.300628857495223,-0.000315730317222207,False,False,43160.41796875,2811.8969927942394,9.529656950824899,0.0025733509202597723,10173.440106047627,1.1271201633807792,1.057845439337298,0.8291739104917131,1.0497015221724948,0.165381683907133,1.0,0.00030848479803221776,0.0006562873235056894,0.001380134036191736,-0.02273632069936974,0.05238554387091182,0.0011889161663444536,-1809.8046884581565,False
11,moderate,66,scenario_nmpc,154.5,0.12327433588486587,0.027193479021599222,6.810992334237798,0.122975408802933,0.027227641061162572,6.810672372935417,0.16134765625,-0.0003236035156249928,-0.17909944213867185,0.09134765624999999,0.23134765625,-0.08,0.08,-0.038073320365134125,0.027517082537224215,6.99009177637647,not_applicable,0.0,,False,8589.05648107544,0.039822165606920486,0.8915820503170069,-0.21356885903243666,-0.30063692863380115,-0.3006365360537626,-0.3006365360537626,-1.535711707922882e-05,False,False,43135.08367919922,2810.013881724981,9.523274994965092,0.0025836519338319932,10200.48779979745,1.1271201633807792,1.057845439337298,0.8291739104917131,1.0497015221724948,0.165381683907133,1.0,0.00030848479803221776,0.0006562873235056894,0.001380134036191736,-0.02273632069936974,0.05238554387091182,0.0011889161663444536,-1809.8046884581565,False
11,moderate,66,scenario_nmpc,155.0,0.1233503648449516,0.027365204292223153,6.824632010584373,0.1234626698714967,0.026195980915426395,6.824637214255583,0.1611181677310293,-0.00029513427734373376,-0.17925415039062498,0.09111816773102929,0.2311181677310293,-0.08,0.08,-0.0377678028860777,0.027660338569566886,7.003886160974997,not_applicable,0.0,,False,4124.963376428166,0.02267183095507096,0.8919220297061744,-0.21356885903243666,-0.21356885903243666,-0.2178038293121023,-0.2178038293121023,0.16566541348332064,False,False,43111.87744140625,2808.2900627214676,9.517432887736097,0.002593123854335845,10225.326661707917,1.1271201633807792,1.057845439337298,0.8291739104917131,1.0497015221724948,0.165381683907133,1.0,0.00030848479803221776,0.0006562873235056894,0.001380134036191736,-0.02273632069936974,0.05238554387091182,0.0011889161663444536,-1809.8046884581565,False
11,moderate,66,scenario_nmpc,155.5,0.12347824952315564,0.02744759707296898,6.838335220101849,0.12328063615685278,0.026853226102252544,6.839538246376186,0.1609092816726146,-0.00026647460937501144,-0.17939457641601558,0.09090928167261458,0.2309092816726146,-0.08,0.08,-0.03743103214945895,0.02771407168234399,7.017729796517864,not_applicable,0.0,,False,3913.171398063737,0.021814537340551464,0.8922305897046117,-0.21356885903243666,-0.21356885903243666,-0.21377484791238874,-0.21377484791238874,0.00805796279942711,False,False,43090.81353759766,2806.7263880745245,9.512133517593359,0.00260175141503298,10247.925495270214,1.1271201633807792,1.057845439337298,0.8291739104917131,1.0497015221724948,0.165381683907133,1.0,0.00030848479803221776,0.0006562873235056894,0.001380134036191736,-0.02273632069936974,0.05238554387091182,0.0011889161663444536,-1809.8046884581565,False
11,moderate,66,scenario_nmpc,156.0,0.12363079956969349,0.027525732003164667,6.8520785633276,0.12359339907475525,0.027784698214727906,6.853647348075019,0.1607212622088655,-0.0002376245117187703,-0.179520625,0.0907212622088655,0.23072126220886552,-0.08,0.08,-0.037090462639172025,0.027763356514883437,7.031599188327601,Solve_Succeeded,0.06435412500286475,3692.8315696668415,False,3905.178841515668,0.021740944338596357,0.892507523350207,0.010000003984652051,-0.21356885903243666,-0.21357887832793623,-0.21357887832793623,0.0003919391689050089,False,False,43071.90625,2805.323709178458,9.50737976995398,0.0026095200916625627,10268.254251646526,1.1271201633807792,1.057845439337298,0.8291739104917131,1.0497015221724948,0.165381683907133,1.0,0.00030848479803221776,0.0006562873235056894,0.001380134036191736,-0.02273632069936974,0.05238554387091182,0.0011889161663444536,-1809.8046884581565,False
11,moderate,66,scenario_nmpc,156.5,0.12380441291440364,0.02760368840576615,6.865860930916283,0.12369782296700443,0.027157921167510715,6.865112904140779,0.16055437347389181,-0.00020858398437501036,-0.17963220092773435,0.09055437347389181,0.23055437347389182,-0.08,0.08,-0.036749960559488176,0.02781227239014116,7.045493131844018,not_applicable,0.0,,False,3903.6733808114413,0.02169711972787125,0.8927526253066658,0.010000003984652051,-0.21356885903243666,-0.2135693463707936,-0.2135693463707936,1.9063914285244454e-05,False,False,43055.169860839844,2804.0828765355113,9.503174527211813,0.0026164161361519433,10286.284072726578,1.1271201633807792,1.057845439337298,0.8291739104917131,1.0497015221724948,0.165381683907133,1.0,0.00030848479803221776,0.0006562873235056894,0.001380134036191736,-0.02273632069936974,0.05238554387091182,0.0011889161663444536,-1809.8046884581565,False
11,moderate,66,scenario_nmpc,157.0,0.12399684255069296,0.027681597964823508,6.879682266366654,0.12351407500606153,0.028135897635622423,6.879433958468417,0.16040887960180317,-0.0001793530273437871,-0.179729208984375,0.09040887960180316,0.23040887960180317,-0.08,0.08,-0.03641203705111021,0.027860950992167295,7.059411475351029,not_applicable,0.0,,False,-1021.6555858171088,0.0029884597334796995,0.8929656918964083,0.010000003984652051,0.010000003984652051,-0.0008744052862827423,-0.12356934637079361,0.18,False,True,43040.61865234375,2803.004739760278,9.499520668752426,0.002622426609430899,10301.987333812294,1.1271201633807792,1.057845439337298,0.8291739104917131,1.0497015221724948,0.165381683907133,1.0,0.00030848479803221776,0.0006562873235056894,0.001380134036191736,-0.02273632069936974,0.05238554387091182,0.0011889161663444536,-1809.8046884581565,False
11,moderate,66,scenario_nmpc,157.5,0.1241823672833664,0.027661000850866483,6.893517929390885,0.12432348812564749,0.02742056211745246,6.8937370117636245,0.16028504472670924,-0.00014993164062498954,-0.17981155395507814,0.09028504472670923,0.23028504472670924,-0.08,0.08,-0.036102677443342834,0.027810932491491473,7.0733294833459635,not_applicable,0.0,,False,-5962.88968161811,-0.01572705494338069,0.8931465211336418,0.010000003984652051,0.010000003984652051,0.009471072908886135,-0.03356934637079362,0.18,False,True,43028.26690673828,2802.0901475840824,9.496421070967946,0.0026275394132525944,10315.337685876855,1.1271201633807792,1.057845439337298,0.8291739104917131,1.0497015221724948,0.165381683907133,1.0,0.00030848479803221776,0.0006562873235056894,0.001380134036191736,-0.02273632069936974,0.05238554387091182,0.0011889161663444536,-1809.8046884581565,False
11,moderate,66,scenario_nmpc,158.0,0.12431499527711735,0.027541619381724346,6.907318593917859,0.12476888191247797,0.02810917133868973,6.907361264663956,0.16018313298271974,-0.00012031982421872867,-0.179879140625,0.09018313298271974,0.23018313298271975,-0.08,0.08,-0.03586813770560239,0.027661939205943075,7.087197734542859,Solve_Succeeded,0.06320662499638274,3745.7102870596423,False,-8365.126258262064,-0.02479755560375232,0.8932949127576065,0.05601559984006874,0.010000003984652051,0.009974276786425417,0.009974276786425415,0.08708724631443807,False,False,43018.12890625,2801.339947859319,9.493878607271759,0.0026317433209251586,10326.310097343525,1.1271201633807792,1.057845439337298,0.8291739104917131,1.0497015221724948,0.165381683907133,1.0,0.00030848479803221776,0.0006562873235056894,0.001380134036191736,-0.02273632069936974,0.05238554387091182,0.0011889161663444536,-1809.8046884581565,False
11,moderate,66,scenario_nmpc,158.5,0.12436571132181978,0.0273742621962146,6.921047567860665,0.12437180242064934,0.02728355966507244,6.923701279977273,0.16010340850394442,-9.05175781250045e-05,-0.17993187377929687,0.09010340850394441,0.23010340850394442,-0.08,0.08,-0.035737697182124634,0.027464779774339605,7.100979441639962,not_applicable,0.0,,False,-8375.780342006694,-0.02481725977922822,0.8934106682659959,0.05601559984006874,0.010000003984652051,0.009998752614182592,0.009998752614182592,4.895165551435307e-05,False,False,43010.21893310547,2800.754987563758,9.491896148113106,0.0026350280068586666,10334.88089532808,1.1271201633807792,1.057845439337298,0.8291739104917131,1.0497015221724948,0.165381683907133,1.0,0.00030848479803221776,0.0006562873235056894,0.001380134036191736,-0.02273632069936974,0.05238554387091182,0.0011889161663444536,-1809.8046884581565,False
11,moderate,66,scenario_nmpc,159.0,0.12433186488506097,0.02720676629330973,6.934692822438232,0.12452978226830543,0.02853432448563861,6.931650168025233,0.16004613542449286,-6.052490234376151e-05,-0.179969658203125,0.09004613542449286,0.23004613542449287,-0.08,0.08,-0.035714270539431894,0.027267291195653492,7.114662480641357,not_applicable,0.0,,False,-10780.479364786335,-0.03388608812472513,0.8934935909485493,0.05601559984006874,0.05601559984006874,0.053777341199978825,0.053777341199978825,0.08755717717159246,False,False,43004.55126953125,2800.3361128048127,9.490476560991553,0.0026373840748334927,10341.027806286858,1.1271201633807792,1.057845439337298,0.8291739104917131,1.0497015221724948,0.165381683907133,1.0,0.00030848479803221776,0.0006562873235056894,0.001380134036191736,-0.02273632069936974,0.05238554387091182,0.0011889161663444536,-1809.8046884581565,False
11,moderate,66,scenario_nmpc,159.5,0.12421065512688399,0.026991250453760125,6.948242317747291,0.12397912252963407,0.02650403031872403,6.947441958368453,0.16001157787847484,-3.0341796874999716e-05,-0.17999239868164063,0.09001157787847483,0.23001157787847484,-0.08,0.08,-0.035800922751590844,0.027021592250635124,7.128234716428932,not_applicable,0.0,,False,-10889.935517004988,-0.034287275803899384,0.8935434859208204,0.05601559984006874,0.05601559984006874,0.055906730979163405,0.055906730979163405,0.004258779558369161,False,False,43001.140197753906,2800.0841688237724,9.48962271047132,0.0026388030848977155,10344.729996011305,1.1271201633807792,1.057845439337298,0.8291739104917131,1.0497015221724948,0.165381683907133,1.0,0.00030848479803221776,0.0006562873235056894,0.001380134036191736,-0.02273632069936974,0.05238554387091182,0.0011889161663444536,-1809.8046884581565,False
11,moderate,66,scenario_nmpc,160.0,0.12399951384816353,0.02677362460884097,6.961683521142082,0.124287228452577,0.026861588318083166,6.962486444513004,0.16,-1.5202636718725238e-05,-0.18,0.09,0.23,-0.08,0.08,-0.03600048615183647,0.026788827245559695,7.141683521142082,Solve_Succeeded,0.061278624983970076,3802.3404716185146,False,-10878.191550964635,-0.034238831793001745,0.8935601601581166,-0.13294486392592345,0.05601559984006874,0.056010304460588224,0.056010304460588224,0.00020714696284963863,False,False,43000.0,2800.0,9.489337458195521,0.0026392775788030456,10345.96810890794,1.1271201633807792,1.057845439337298,0.8291739104917131,1.0497015221724948,0.165381683907133,1.0,0.00030848479803221776,0.0006562873235056894,0.001380134036191736,-0.02273632069936974,0.05238554387091182,0.0011889161663444536,-1809.8046884581565,False
