scenario_id,tier,seed,controller,time_s,alpha_rad,q_radps,theta_rad,measured_alpha_rad,measured_q_radps,measured_theta_rad,alpha_ref_rad,q_ref_radps,theta_ref_rad,alpha_min_rad,alpha_max_rad,q_min_radps,q_max_radps,alpha_error_rad,q_error_rad,theta_error_rad,solver_status,solve_time_s,solver_failure,objective_value,max_predicted_alpha_violation_rad,max_predicted_q_violation_radps,predicted_alpha_constraint_active,predicted_q_constraint_active,control_dt_s,horizon_steps,planning_alpha_buffer_rad,pitching_moment_nm,cm,flap_effectiveness,delta_flap_raw_rad,delta_flap_delayed_rad,delta_flap_lagged_rad,delta_flap_rad,delta_flap_rate_radps,flap_saturated,flap_rate_saturated,altitude_m,velocity_mps,mach,density_kgm3,dynamic_pressure_pa,density_scale,cm_alpha_scale,cm_delta_scale,cm_q_scale,actuator_lag_s,actuator_delay_s,sensor_noise_alpha_rad,sensor_noise_q_radps,sensor_noise_theta_rad,initial_alpha_error_rad,initial_q_error_radps,initial_theta_error_rad,external_disturbance_moment_nm,corridor_violation
3,stress,10058,corridor_barrier_nmpc,0.0,0.09233069806153471,0.05846590700119528,0.11044640249662771,0.10592633003200369,0.060612660648438135,0.11331861761663638,0.12,-1.5202636718752993e-05,0.08,0.04999999999999999,0.19,-0.08,0.08,-0.027669301938465285,0.05848110963791403,0.03044640249662771,Solve_Succeeded,0.03641887498088181,False,133453.0859502755,0.04179096721411629,0.0,False,False,0.5,10,0.015,-2510.663005268762,-0.00857043263157554,0.4015798869488264,0.09000000997429096,0.0,0.0,0.0,0.0,False,False,82000.0,6200.0,21.012104371718653,4.196994959774971e-06,80.66624312687493,0.8400348122237011,0.7368166561589482,1.098880145389692,0.9663426523519489,0.4807149936858969,1.5,0.007381684733804169,0.0039628751550082695,0.0015802535717956004,-0.027669301938465292,0.05848110963791403,0.030446402496627712,-2492.964583448316,False
3,stress,10058,corridor_barrier_nmpc,0.5,0.11038335273735621,0.05841558491713871,0.13966678438951516,0.11773681858560803,0.057774191996717586,0.13886647307907726,0.12002304098079561,-3.0341796874999716e-05,0.07999239868164063,0.0500230409807956,0.19002304098079562,-0.08,0.08,-0.009639688243439401,0.05844592671401371,0.05967438570787453,Solve_Succeeded,0.03325520799262449,False,105826.53872263152,0.03666284864360442,0.0,False,False,0.5,10,0.015,-2521.3484887586446,-0.013743497627449827,0.40159248685423254,0.09000000997273244,0.0,0.0,0.0,0.0,False,False,81998.8598022461,6199.7501458924335,21.01125760388222,4.1977496384929405e-06,80.6742454679247,0.8400348122237011,0.7368166561589482,1.098880145389692,0.9663426523519489,0.4807149936858969,1.5,0.007381684733804169,0.0039628751550082695,0.0015802535717956004,-0.027669301938465292,0.05848110963791403,0.030446402496627712,-2492.964583448316,False
3,stress,10058,corridor_barrier_nmpc,1.0,0.1265316632279228,0.0583650605926289,0.1688619537406573,0.13034595962824205,0.06433309779797748,0.16563060238135355,0.12009173525377229,-6.052490234374763e-05,0.079969658203125,0.05009173525377228,0.1900917352537723,-0.08,0.08,0.006439927974150522,0.05842558549497265,0.08889229553753229,Solve_Succeeded,0.03792470903135836,False,368481.3808817974,0.060253427159853656,0.0,False,False,0.5,10,0.015,-2530.91520817103,-0.01836962953513925,0.40162486243193063,0.0900000099944181,0.0,0.0,0.0,0.0,False,False,81995.44873046875,6199.108143368448,21.00908182581111,4.200008182874461e-06,80.7009349532748,0.8400348122237011,0.7368166561589482,1.098880145389692,0.9663426523519489,0.4807149936858969,1.5,0.007381684733804169,0.0039628751550082695,0.0015802535717956004,-0.027669301938465292,0.05848110963791403,0.030446402496627712,-2492.964583448316,False
3,stress,10058,corridor_barrier_nmpc,1.5,0.1409739063806464,0.058314355191898516,0.19803181482009916,0.1254416825908832,0.06338540414984586,0.19783477338007593,0.12020543981481481,-9.05175781250045e-05,0.07993187377929688,0.0502054398148148,0.1902054398148148,-0.08,0.08,0.020768466565831603,0.05840487277002352,0.11809994104080228,Solve_Succeeded,0.03964595805155113,False,292383.3240171345,0.055220164180441234,0.0,False,False,0.5,10,0.015,-2554.353361387551,-0.029697515361076746,0.4016744554206741,0.09000000998285383,0.09000000997429096,0.05819281751236631,0.05819281751236631,0.11638563502473262,False,False,81989.78106689453,6198.124722339112,21.005748963664374,4.203763552740709e-06,80.74746688722418,0.8400348122237011,0.7368166561589482,1.098880145389692,0.9663426523519489,0.4807149936858969,1.5,0.007381684733804169,0.0039628751550082695,0.0015802535717956004,-0.027669301938465292,0.05848110963791403,0.030446402496627712,-2492.964583448316,False
3,stress,10058,corridor_barrier_nmpc,2.0,0.1538876431533085,0.058263190203918375,0.2271762075506321,0.14598602456039414,0.05659342377608151,0.22659419257843594,0.12036351165980795,-0.00012031982421875642,0.079879140625,0.050363511659807944,0.19036351165980797,-0.08,0.08,0.033524131493500545,0.05838351002813713,0.1472970669256321,Solve_Succeeded,0.04060020798351616,False,174134.1320367541,0.040892007575911576,0.0,False,False,0.5,10,0.015,-2567.3131262784555,-0.03593718398094081,0.4017399997587981,0.1481928274988721,0.09000000997273244,0.07875892797119331,0.07875892797119331,0.041132220917654005,False,False,81981.87109375,6196.824988604601,21.00134410223131,4.2090102813634e-06,80.81434415792253,0.8400348122237011,0.7368166561589482,1.098880145389692,0.9663426523519489,0.4807149936858969,1.5,0.007381684733804169,0.0039628751550082695,0.0015802535717956004,-0.027669301938465292,0.05848110963791403,0.030446402496627712,-2492.964583448316,False
3,stress,10058,corridor_barrier_nmpc,2.5,0.1654319242935023,0.05821177423000829,0.2562949543681431,0.16359666499530082,0.0543901030111735,0.2564267876540605,0.12056530778463648,-0.00014993164062498954,0.07981155395507812,0.05056530778463647,0.19056530778463648,-0.08,0.08,0.044866616508865836,0.05836170587063328,0.17648340041306498,Solve_Succeeded,0.041116375010460615,False,197318.18266961793,0.03946491569980898,0.0,False,False,0.5,10,0.015,-2576.0981493374707,-0.04014004366084907,0.4018206300465545,0.1687589379502011,0.0900000099944181,0.08602726310811078,0.08602726310811078,0.014536670273834928,False,False,81971.73309326172,6195.226102903411,20.995925400097143,4.2157444488991894e-06,80.9018780593032,0.8400348122237011,0.7368166561589482,1.098880145389692,0.9663426523519489,0.4807149936858969,1.5,0.007381684733804169,0.0039628751550082695,0.0015802535717956004,-0.027669301938465292,0.05848110963791403,0.030446402496627712,-2492.964583448316,False
3,stress,10058,corridor_barrier_nmpc,3.0,0.17574930130226246,0.05816018990145467,0.28538795050823634,0.17162502238141708,0.06419969783828869,0.2870843570748951,0.12081018518518519,-0.00017935302734374547,0.07972920898437501,0.05081018518518518,0.1908101851851852,-0.08,0.08,0.054939116117077275,0.058339542928798414,0.20565874152386132,Solve_Succeeded,0.041932874999474734,False,724737.3103552872,0.07123678191596405,0.0,False,False,0.5,10,0.015,-2582.9894972855727,-0.043409277538607856,0.40191568368588926,0.17602727308994837,0.09000000998285383,0.08859598875570554,0.08859598875570554,0.005137451295189527,False,False,81959.38134765625,6193.341204448907,20.98953738670099,4.223963658638783e-06,81.01029079878629,0.8400348122237011,0.7368166561589482,1.098880145389692,0.9663426523519489,0.4807149936858969,1.5,0.007381684733804169,0.0039628751550082695,0.0015802535717956004,-0.027669301938465292,0.05848110963791403,0.030446402496627712,-2492.964583448316,False
3,stress,10058,corridor_barrier_nmpc,3.5,0.18496750483976077,0.05810847432035412,0.3144551211323113,0.1906222722886022,0.059261126401536746,0.3146089618018748,0.12109750085733882,-0.00020858398437501036,0.07963220092773438,0.051097500857338815,0.19109750085733884,-0.08,0.08,0.06387000398242194,0.05831705830472913,0.2348229202045769,Solve_Succeeded,0.03738616599002853,False,679149.1828089878,0.061905956716641786,0.0,False,False,0.5,10,0.015,-2598.5086631501626,-0.050811288605366045,0.40202462079258067,0.17859599872936216,0.1481928274988721,0.1271305173883768,0.1271305173883768,0.07706905726534252,False,False,81944.83013916016,6191.180999058791,20.98221634458463,4.233667015972031e-06,81.13975706016629,0.8400348122237011,0.7368166561589482,1.098880145389692,0.9663426523519489,0.4807149936858969,1.5,0.007381684733804169,0.0039628751550082695,0.0015802535717956004,-0.027669301938465292,0.05848110963791403,0.030446402496627712,-2492.964583448316,False
3,stress,10058,corridor_barrier_nmpc,4.0,0.19320092725735866,0.05805645424145878,0.3434963573592114,0.19048849909403995,0.06370399209980182,0.3430382912798681,0.12142661179698216,-0.00023762451171874255,0.079520625,0.05142661179698216,0.19142661179698217,-0.08,0.08,0.07177431546037649,0.05829407875317752,0.2639757323592114,Solve_Succeeded,0.04797495802631602,False,947095.7052793561,0.07461876743584633,0.0,False,False,0.5,10,0.015,-2610.532927757149,-0.05649513391854488,0.40214698367832524,0.2171305273664145,0.1687589379502011,0.1540469041951591,0.1540469041951591,0.05383277361356459,False,False,81928.09375,6188.754562618874,20.973993032370615,4.244855109977763e-06,81.2904250512146,0.8400348122237011,0.7368166561589482,1.098880145389692,0.9663426523519489,0.4807149936858969,1.5,0.007381684733804169,0.0039628751550082695,0.0015802535717956004,-0.027669301938465292,0.05848110963791403,0.030446402496627712,-2492.964583448316,True
3,stress,10058,corridor_barrier_nmpc,4.5,0.20055202157930335,0.05800419894765887,0.3725115243111579,0.19486926639555419,0.05875673731064897,0.37531179783735996,0.121796875,-0.00026647460937499756,0.07939457641601563,0.05179687499999999,0.191796875,-0.08,0.08,0.07875514657930335,0.058270673557033865,0.2931169478951423,Solve_Succeeded,0.03898800001479685,False,681767.6467073035,0.06032868450141998,0.0,False,False,0.5,10,0.015,-2618.830716600217,-0.060354766105706094,0.40228237351219553,0.24404691416738136,0.17602727308994837,0.16825912035285004,0.16825912035285004,0.028424432315381887,False,False,81909.18646240234,6186.0698038826085,20.964894253212666,4.257529997554756e-06,81.462428628007,0.8400348122237011,0.7368166561589482,1.098880145389692,0.9663426523519489,0.4807149936858969,1.5,0.007381684733804169,0.0039628751550082695,0.0015802535717956004,-0.027669301938465292,0.05848110963791403,0.030446402496627712,-2492.964583448316,True
3,stress,10058,corridor_barrier_nmpc,5.0,0.20711260266684453,0.05795178241868387,0.4015005229206735,0.20973714203919272,0.05787402916604661,0.4049713130496929,0.1222076474622771,-0.0002951342773437615,0.079254150390625,0.05220764746227709,0.1922076474622771,-0.08,0.08,0.08490495520456744,0.058246916696027634,0.3222463725300485,Solve_Succeeded,0.03681379102636129,False,866333.0004973523,0.06181673671553506,0.0,False,False,0.5,10,0.015,-2624.7761690469288,-0.06305595044248295,0.4024304356602051,0.25825913032220893,0.17859599872936216,0.17494280935670378,0.17494280935670378,0.013367378007707487,False,False,81888.12255859375,6183.133755185188,20.95494384003998,4.271695190016495e-06,81.65589490467555,0.8400348122237011,0.7368166561589482,1.098880145389692,0.9663426523519489,0.4807149936858969,1.5,0.007381684733804169,0.0039628751550082695,0.0015802535717956004,-0.027669301938465292,0.05848110963791403,0.030446402496627712,-2492.964583448316,True
3,stress,10058,corridor_barrier_nmpc,5.5,0.21296494983070807,0.057899251209789816,0.43046328424924885,0.2207976098897149,0.05948509280033464,0.43421810536848343,0.12265828617969822,-0.0003236035156249928,0.07909944213867187,0.05265828617969821,0.1926582861796982,-0.08,0.08,0.09030666365100985,0.05822285472541481,0.351363842110577,Solve_Succeeded,0.034816041006706655,False,1186064.6907298951,0.06956608156692412,0.0,False,False,0.5,10,0.015,-2635.705521721422,-0.06810496209757708,0.40259084988176863,0.2649428193015688,0.2171305273664145,0.20222083050474096,0.20222083050474096,0.05455604229607436,False,False,81864.91632080078,6179.952766846162,20.944163314397265,4.2873556420792065e-06,81.8709493341247,0.8400348122237011,0.7368166561589482,1.098880145389692,0.9663426523519489,0.4807149936858969,1.5,0.007381684733804169,0.0039628751550082695,0.0015802535717956004,-0.027669301938465292,0.05848110963791403,0.030446402496627712,-2492.964583448316,True
3,stress,10058,corridor_barrier_nmpc,6.0,0.2181827583752558,0.05784650520372214,0.45939972596359124,0.21669738382847425,0.055455477466772124,0.4587392513825129,0.12314814814814815,-0.0003518823242187469,0.07893054687500001,0.05314814814814814,0.19314814814814815,-0.08,0.08,0.09503461022710766,0.05819838752794089,0.38046917908859124,Solve_Succeeded,0.035728833987377584,False,804166.3112897165,0.05513715151823767,0.0,False,False,0.5,10,0.015,-2646.292246810648,-0.07294517377672569,0.4027633234553852,0.29222084032678286,0.24404691416738136,0.2292650236613004,0.2292650236613004,0.05408838631311885,False,False,81839.58203125,6176.532643486048,20.932572348428415,4.304517743178713e-06,82.1077192635614,0.8400348122237011,0.7368166561589482,1.098880145389692,0.9663426523519489,0.4807149936858969,1.5,0.007381684733804169,0.0039628751550082695,0.0015802535717956004,-0.027669301938465292,0.05848110963791403,0.030446402496627712,-2492.964583448316,True
3,stress,10058,corridor_barrier_nmpc,6.5,0.22283202536648383,0.05779355086054054,0.4883097423122827,0.2157002149663681,0.06466415283623417,0.4873097410121889,0.12367659036351165,-0.0003799707031250099,0.07874755981445312,0.05367659036351165,0.19367659036351165,-0.08,0.08,0.09915543500297218,0.05817352156366555,0.40956218249782955,Solve_Succeeded,0.03715808299602941,False,1417270.3526611798,0.08184575997354898,0.0,False,False,0.5,10,0.015,-2654.4734588316214,-0.07659610359536975,0.40294758617496185,0.319265033535549,0.25825913032220893,0.2480122300042142,0.2480122300042142,0.03749441268582765,False,False,81812.13397216797,6172.878743248417,20.920189101145034,4.32318931105729e-06,82.36633651743297,0.8400348122237011,0.7368166561589482,1.098880145389692,0.9663426523519489,0.4807149936858969,1.5,0.007381684733804169,0.0039628751550082695,0.0015802535717956004,-0.027669301938465292,0.05848110963791403,0.030446402496627712,-2492.964583448316,True
3,stress,10058,corridor_barrier_nmpc,7.0,0.22697188624976153,0.0577404359395061,0.5171932410953379,0.21660471140440235,0.05114580325422655,0.5166515488538691,0.12424296982167352,-0.00040786865234375413,0.078550576171875,0.05424296982167351,0.19424296982167352,-0.08,0.08,0.10272891642808801,0.05814830459184985,0.43864266492346293,Solve_Succeeded,0.03476566600147635,False,527897.1816646269,0.04086334286357807,0.0,False,False,0.5,10,0.015,-2660.3957019542822,-0.07913515151867459,0.4031433865961587,0.33801223977956657,0.2649428193015688,0.25895932538386157,0.25895932538386157,0.021894190759294718,False,False,81782.58642578125,6168.996052234287,20.907030470688255,4.343379587567597e-06,82.6469393325913,0.8400348122237011,0.7368166561589482,1.098880145389692,0.9663426523519489,0.4807149936858969,1.5,0.007381684733804169,0.0039628751550082695,0.0015802535717956004,-0.027669301938465292,0.05848110963791403,0.030446402496627712,-2492.964583448316,True
3,stress,10058,corridor_barrier_nmpc,7.5,0.23065533849597694,0.05768720530595663,0.5460501532658935,0.2247000648370485,0.057983691250506064,0.5481434017334723,0.12484664351851851,-0.0004355761718749934,0.07833969116210937,0.054846643518518506,0.19484664351851852,-0.08,0.08,0.10580869497745843,0.05812278147783163,0.4677104621037841,Solve_Succeeded,0.0350428749807179,False,1053157.6326820448,0.06273175601806374,0.0,False,False,0.5,10,0.015,-2668.907614351958,-0.08285475187476087,0.40335048914940924,0.34895933521933,0.29222084032678286,0.28046578154771284,0.28046578154771284,0.043012912327702546,False,False,81750.9536743164,6164.88924175046,20.893112288346153,4.365099236645546e-06,82.949673846855,0.8400348122237011,0.7368166561589482,1.098880145389692,0.9663426523519489,0.4807149936858969,1.5,0.007381684733804169,0.0039628751550082695,0.0015802535717956004,-0.027669301938465292,0.05848110963791403,0.030446402496627712,-2492.964583448316,True
3,stress,10058,corridor_barrier_nmpc,8.0,0.23392985692517093,0.05763380688556481,0.5748804079721229,0.2349389913419256,0.05979908294055798,0.5786949230952031,0.1254869684499314,-0.00046309326171874166,0.078115,0.055486968449931395,0.1954869684499314,-0.08,0.08,0.10844288847523953,0.05809690014728355,0.49676540797212293,Solve_Succeeded,0.03471095801796764,False,1397133.8849919,0.07066970240594078,0.0,False,False,0.5,10,0.015,-2678.2297793069947,-0.0869042112934516,0.4035686718725181,0.3500000099428721,0.319265033535549,0.30555286532903053,0.30555286532903053,0.050174167562635374,False,False,81717.25,6160.562713271744,20.878449470932924,4.388360344409467e-06,83.27469527100989,0.8400348122237011,0.7368166561589482,1.098880145389692,0.9663426523519489,0.4807149936858969,1.5,0.007381684733804169,0.0039628751550082695,0.0015802535717956004,-0.027669301938465292,0.05848110963791403,0.030446402496627712,-2492.964583448316,True
3,stress,10058,corridor_barrier_nmpc,8.5,0.23683795503645566,0.05758022422203511,0.6036839172271128,0.24724926128607994,0.053641770815146886,0.6044263240384768,0.12616330161179698,-0.0004904199218749988,0.07787659790039063,0.05616330161179697,0.196163301611797,-0.08,0.08,0.11067465342465868,0.05807064414391011,0.5258073193267222,Solve_Succeeded,0.03528479201486334,False,1220231.152669766,0.06608595967428293,0.0,False,False,0.5,10,0.015,-2686.3633458130303,-0.09034254026713968,0.4037977245977856,0.3500000099271695,0.33801223977956657,0.32654066804711007,0.32654066804711007,0.04197560543615908,False,False,81681.4896850586,6156.020634389981,20.86305614262193,4.413176421347401e-06,83.62216883134857,0.8400348122237011,0.7368166561589482,1.098880145389692,0.9663426523519489,0.4807149936858969,1.5,0.007381684733804169,0.0039628751550082695,0.0015802535717956004,-0.027669301938465292,0.05848110963791403,0.030446402496627712,-2492.964583448316,True
3,stress,10058,corridor_barrier_nmpc,9.0,0.23941771972960516,0.05752648086250932,0.6324605948144986,0.23045442136492514,0.05257209014332923,0.6302189532617746,0.126875,-0.0005175561523437511,0.077624580078125,0.05687499999999998,0.196875,-0.08,0.08,0.11254271972960517,0.05804403701485307,0.5548360147363736,Solve_Succeeded,0.03423091699369252,False,750214.577445783,0.04872782146181104,0.0,False,False,0.5,10,0.015,-2692.680824828875,-0.09288254298287862,0.4040374474800409,0.35000000978694074,0.34895933521933,0.3410362820808878,0.3410362820808878,0.028991228067555497,False,False,81643.68701171875,6151.266968002932,20.84694573386822,4.439562406559042e-06,83.99227054287425,0.8400348122237011,0.7368166561589482,1.098880145389692,0.9663426523519489,0.4807149936858969,1.5,0.007381684733804169,0.0039628751550082695,0.0015802535717956004,-0.027669301938465292,0.05848110963791403,0.030446402496627712,-2492.964583448316,True
3,stress,10058,corridor_barrier_nmpc,9.5,0.2417032847330883,0.05747261292742065,0.6612103694328839,0.24243936132566998,0.05464904616816335,0.6615361977900175,0.12762142061042525,-0.0005445019531249984,0.07735904174804688,0.057621420610425245,0.19762142061042526,-0.08,0.08,0.11408186412266305,0.058017114880545645,0.583851327684837,Solve_Succeeded,0.033858457987662405,False,1101778.1165633155,0.05981794071524474,0.0,False,False,0.5,10,0.015,-2696.586704508058,-0.0942581192980437,0.40428764978530923,0.35000000992936264,0.3500000099428721,0.3468321101019288,0.3468321101019288,0.01159165604208201,False,False,81603.85626220703,6146.305496334782,20.830131062815237,4.467534674023289e-06,84.38518785576134,0.8400348122237011,0.7368166561589482,1.098880145389692,0.9663426523519489,0.4807149936858969,1.5,0.007381684733804169,0.0039628751550082695,0.0015802535717956004,-0.027669301938465292,0.05848110963791403,0.030446402496627712,-2492.964583448316,True
3,stress,10058,corridor_barrier_nmpc,10.0,0.24372524818766503,0.057418668468408415,0.6899331908221731,0.24765592497357544,0.06037617095742822,0.6878492179714918,0.12840192043895748,-0.0005712573242187546,0.077080078125,0.05840192043895748,0.1984019204389575,-0.08,0.08,0.11532332774870754,0.05798992579262717,0.612853112697173,Solve_Succeeded,0.034157666959799826,False,1624005.7552781855,0.07253987759241498,0.0,False,False,0.5,10,0.015,-2699.4017978194306,-0.09509253730127598,0.40454814888211915,0.3500000099422089,0.3500000099271695,0.3488804322796747,0.3488804322796747,0.00409664435549173,False,False,81562.01171875,6141.139840938384,20.81262440308339,4.497111040866451e-06,84.80112020592243,0.8400348122237011,0.7368166561589482,1.098880145389692,0.9663426523519489,0.4807149936858969,1.5,0.007381684733804169,0.0039628751550082695,0.0015802535717956004,-0.027669301938465292,0.05848110963791403,0.030446402496627712,-2492.964583448316,True
3,stress,10058,corridor_barrier_nmpc,10.5,0.24551103734234167,0.057364669139595516,0.7186290261471746,0.25968407914151787,0.06177633977582901,0.7178781971727909,0.12921585648148148,-0.000597822265625006,0.07678778442382812,0.05921585648148148,0.1992158564814815,-0.08,0.08,0.11629518086086019,0.05796249140522052,0.6418412417233464,Solve_Succeeded,0.03215024998644367,False,2058344.6397558982,0.08016708629930214,0.0,False,False,0.5,10,0.015,-2701.7846861781304,-0.09569460953731021,0.40481876939269756,0.3500000099435267,0.35000000978694074,0.3496043363057953,0.3496043363057953,0.0014478080522412062,False,False,81518.16766357422,6135.773479526905,20.794437540813334,4.5283107776103244e-06,85.24027949247294,0.8400348122237011,0.7368166561589482,1.098880145389692,0.9663426523519489,0.4807149936858969,1.5,0.007381684733804169,0.0039628751550082695,0.0015802535717956004,-0.027669301938465292,0.05848110963791403,0.030446402496627712,-2492.964583448316,True
3,stress,10058,corridor_barrier_nmpc,11.0,0.24708522954669568,0.0573106234402927,0.7472978501096771,0.23710097517346895,0.06876005317155312,0.7511123098251622,0.13006258573388202,-0.0006241967773437523,0.076482255859375,0.06006258573388201,0.20006258573388203,-0.08,0.08,0.11702264381281366,0.057934820217636455,0.6708155942503021,Solve_Succeeded,0.03477874997770414,False,1981346.9350388201,0.09212657061270174,0.0,False,False,0.5,10,0.015,-2703.978128879586,-0.09617781349491605,0.4050993424719997,0.3500000099562649,0.35000000992936264,0.34986017364378325,0.34986017364378325,0.0005116746759759039,False,False,81472.33837890625,6130.2097602705635,20.7755818231183,4.561154620383104e-06,85.70289049921796,0.8400348122237011,0.7368166561589482,1.098880145389692,0.9663426523519489,0.4807149936858969,1.5,0.007381684733804169,0.0039628751550082695,0.0015802535717956004,-0.027669301938465292,0.05848110963791403,0.030446402496627712,-2492.964583448316,True
3,stress,10058,corridor_barrier_nmpc,11.5,0.24846984488887713,0.05725653502968962,0.7759396404498599,0.2506397415952531,0.05670157753497665,0.7765189612588675,0.1309414651920439,-0.0006503808593749938,0.07616358764648437,0.06094146519204388,0.2009414651920439,-0.08,0.08,0.11752837969683325,0.05790691588906462,0.6997760528033755,Solve_Succeeded,0.032894167001359165,False,1288626.3217778595,0.06469827640320919,0.0,False,False,0.5,10,0.015,-2706.076355554343,-0.09658610870940178,0.40538970519014955,0.35000000993351577,0.3500000099422089,0.34995058994705047,0.34995058994705047,0.00018083260653445343,False,False,81424.53814697266,6124.451914042717,20.75606819958672,4.595664785079873e-06,86.18919127323069,0.8400348122237011,0.7368166561589482,1.098880145389692,0.9663426523519489,0.4807149936858969,1.5,0.007381684733804169,0.0039628751550082695,0.0015802535717956004,-0.027669301938465292,0.05848110963791403,0.030446402496627712,-2492.964583448316,True
3,stress,10058,corridor_barrier_nmpc,12.0,0.24968461099882475,0.05720240569586702,0.8045543762686153,0.2453331388152471,0.054229917278232384,0.8041271436809561,0.13185185185185186,-0.0006763745117187442,0.075831875,0.06185185185185185,0.20185185185185187,-0.08,0.08,0.11783275914697289,0.057878780207585766,0.7287225012686153,Solve_Succeeded,0.033146291971206665,False,958608.7001678221,0.05848128696339522,0.0,False,False,0.5,10,0.015,-2708.1200570202777,-0.09693847295151485,0.40568969999943083,0.3500000099259836,0.3500000099435267,0.3499825442639136,0.3499825442639136,6.390863372629507e-05,False,False,81374.78125,6118.5030649893715,20.735907258102767,4.6318649834632036e-06,86.69943347063455,0.8400348122237011,0.7368166561589482,1.098880145389692,0.9663426523519489,0.4807149936858969,1.5,0.007381684733804169,0.0039628751550082695,0.0015802535717956004,-0.027669301938465292,0.05848110963791403,0.030446402496627712,-2492.964583448316,True
3,stress,10058,corridor_barrier_nmpc,12.5,0.2507472012158389,0.057148236425155284,0.8331420373594498,0.25543726819972573,0.05678722523331457,0.8314912878618872,0.13279310270919067,-0.0007021777343750035,0.07548721313476563,0.06279310270919067,0.20279310270919068,-0.08,0.08,0.1179540985066482,0.05785041415953029,0.7576548242246842,Solve_Succeeded,0.033090416982304305,False,1329820.6345528923,0.06764416549053504,0.0,False,False,0.5,10,0.015,-2710.130204797679,-0.09724469235561531,0.4059991742710676,0.35000000981563784,0.3500000099562649,0.349993837349859,0.349993837349859,2.25861718907705e-05,False,False,81323.08197021484,6112.36623971472,20.715109255976643,4.669780441197428e-06,87.23388267750184,0.8400348122237011,0.7368166561589482,1.098880145389692,0.9663426523519489,0.4807149936858969,1.5,0.007381684733804169,0.0039628751550082695,0.0015802535717956004,-0.027669301938465292,0.05848110963791403,0.030446402496627712,-2492.964583448316,True
3,stress,10058,corridor_barrier_nmpc,13.0,0.2516734482905319,0.05709402779525246,0.8617026039059926,0.2507779002265614,0.05865619148867717,0.861387770040014,0.13376457475994513,-0.000727790527343744,0.075129697265625,0.06376457475994513,0.20376457475994514,-0.08,0.08,0.11790887353058677,0.057821818322596204,0.7865729066403676,Solve_Succeeded,0.03153837495483458,False,1299155.1809742744,0.06345515618827796,0.0,False,False,0.5,10,0.015,-2712.120141766976,-0.09751098236054762,0.40631797989012214,0.3500000099375804,0.35000000993351577,0.3499978284609091,0.3499978284609091,7.982222100189063e-06,False,False,81269.45458984375,6106.044375314271,20.693684147169208,4.709437917814119e-06,87.79281871214438,0.8400348122237011,0.7368166561589482,1.098880145389692,0.9663426523519489,0.4807149936858969,1.5,0.007381684733804169,0.0039628751550082695,0.0015802535717956004,-0.027669301938465292,0.05848110963791403,0.030446402496627712,-2492.964583448316,True
3,stress,10058,corridor_barrier_nmpc,13.5,0.25247753595421646,0.05703978012666407,0.8902360563156317,0.24641001634507909,0.06285533871825644,0.8934514730960101,0.134765625,-0.0007532128906250074,0.07475942260742188,0.064765625,0.204765625,-0.08,0.08,0.11771191095421646,0.05779299301728908,0.8154766337082099,Solve_Succeeded,0.032946291961707175,False,1459000.3748654253,0.07124708308926875,0.0,False,False,0.5,10,0.015,-2714.0999472487965,-0.09774200877120841,0.4066459728991729,0.350000009946426,0.3500000099259836,0.34999923896740825,0.34999923896740825,2.8210129983108345e-06,False,False,81213.91339111328,6099.540326440656,20.671641606238378,4.750865728609005e-06,88.37653591380642,0.8400348122237011,0.7368166561589482,1.098880145389692,0.9663426523519489,0.4807149936858969,1.5,0.007381684733804169,0.0039628751550082695,0.0015802535717956004,-0.027669301938465292,0.05848110963791403,0.030446402496627712,-2492.964583448316,True
3,stress,10058,corridor_barrier_nmpc,14.0,0.2531721705840043,0.056985493546962133,0.9187423751070658,0.25740699521587573,0.06210339297161259,0.9197877047761364,0.13579561042524005,-0.0007784448242187519,0.074376484375,0.06579561042524004,0.20579561042524006,-0.08,0.08,0.11737656015876427,0.057763938371180885,0.8443658907320658,Solve_Succeeded,0.03173662500921637,False,1644539.419611019,0.0719423677788385,0.0,False,False,0.5,10,0.015,-2716.0780499685757,-0.0979416323049373,0.4069830131832363,0.35000000994403163,0.35000000981563784,0.3499997373876903,0.3499997373876903,9.968405640936595e-07,False,False,81156.47265625,6092.856871551574,20.64899104951369,4.794093768474112e-06,88.98534342181166,0.8400348122237011,0.7368166561589482,1.098880145389692,0.9663426523519489,0.4807149936858969,1.5,0.007381684733804169,0.0039628751550082695,0.0015802535717956004,-0.027669301938465292,0.05848110963791403,0.030446402496627712,-2492.964583448316,True
3,stress,10058,corridor_barrier_nmpc,14.5,0.25376873500895025,0.056931168022892734,0.9472215408219381,0.24921075157582806,0.05750628826239148,0.9492586357009996,0.13685388803155007,-0.0008034863281249915,0.07398097778320313,0.06685388803155007,0.20685388803155008,-0.08,0.08,0.11691484697740018,0.057734654351017725,0.873240563038735,Solve_Succeeded,0.032554458011873066,False,1045538.8814059868,0.057557730064794144,0.0,False,False,0.5,10,0.015,-2718.0618565646673,-0.09811319868722526,0.4073289641897978,0.35000000981798707,0.3500000099375804,0.3499999136148487,0.3499999136148487,3.5245431684316486e-07,False,False,81097.14666748047,6085.996718461531,20.625741653911437,4.839153537671781e-06,89.6195654484594,0.8400348122237011,0.7368166561589482,1.098880145389692,0.9663426523519489,0.4807149936858969,1.5,0.007381684733804169,0.0039628751550082695,0.0015802535717956004,-0.027669301938465292,0.05848110963791403,0.030446402496627712,-2492.964583448316,True
3,stress,10058,corridor_barrier_nmpc,15.0,0.2542774263070536,0.05687680338000976,0.9756735339493983,0.2598175000943179,0.05115868742657399,0.9742509091071329,0.13793981481481482,-0.000828337402343754,0.073572998046875,0.06793981481481481,0.20793981481481483,-0.08,0.08,0.11633761149223876,0.05770514078235352,0.9021005359025233,Solve_Succeeded,0.03532608301611617,False,867901.1688956746,0.06687768527950311,0.0,False,False,0.5,10,0.015,-2720.058023938596,-0.09825966511358501,0.407683692678915,0.35000000975642814,0.350000009946426,0.349999975901574,0.349999975901574,1.2457345055505442e-07,False,False,81035.94970703125,6078.962509297259,20.60190237372883,4.8860781695604025e-06,90.27954154837764,0.8400348122237011,0.7368166561589482,1.098880145389692,0.9663426523519489,0.4807149936858969,1.5,0.007381684733804169,0.0039628751550082695,0.0015802535717956004,-0.027669301938465292,0.05848110963791403,0.030446402496627712,-2492.964583448316,True
3,stress,10058,corridor_barrier_nmpc,15.5,0.2547073792565315,0.056822399316947464,1.0040983348591337,0.25459095651268726,0.05861570171638314,1.003711275010274,0.13905274777091908,-0.0008529980468749976,0.07315264038085938,0.06905274777091908,0.2090527477709191,-0.08,0.08,0.11565463148561239,0.05767539736382246,0.9309456944782744,Solve_Succeeded,0.032227458024863154,False,1152385.4877103895,0.06063108840897563,0.0,False,False,0.5,10,0.015,-2722.072600135077,-0.09838366653578576,0.4080470684992265,0.3500000098243733,0.35000000994403163,0.34999999791297737,0.34999999791297737,4.4022806733323705e-08,False,False,80972.8960571289,6071.756824939426,20.577481955697145,4.934902460284362e-06,90.96562688656599,0.8400348122237011,0.7368166561589482,1.098880145389692,0.9663426523519489,0.4807149936858969,1.5,0.007381684733804169,0.0039628751550082695,0.0015802535717956004,-0.027669301938465292,0.05848110963791403,0.030446402496627712,-2492.964583448316,True
3,stress,10058,corridor_barrier_nmpc,16.0,0.2550667769337904,0.056767955416951996,1.032495923740845,0.24056649917127132,0.053385597994004975,1.0302332559255023,0.1401920438957476,-0.0008774682617187501,0.07272,0.0701920438957476,0.2101920438957476,-0.08,0.08,0.11487473303804277,0.057645423678670746,0.9597759237408451,Solve_Succeeded,0.035749749979004264,False,532785.9788678255,0.045374455275523695,0.0,False,False,0.5,10,0.015,-2724.1111118033864,-0.09848755758552954,0.40841896438639796,0.3500000099156729,0.35000000981798707,0.35000000561059935,0.35,4.174045220572964e-09,False,False,80908.0,6064.382189019411,20.552488952527018,4.985662900443939e-06,91.67819250699507,0.8400348122237011,0.7368166561589482,1.098880145389692,0.9663426523519489,0.4807149936858969,1.5,0.007381684733804169,0.0039628751550082695,0.0015802535717956004,-0.027669301938465292,0.05848110963791403,0.030446402496627712,-2492.964583448316,True
3,stress,10058,corridor_barrier_nmpc,16.5,0.25536294979592855,0.056713471157732176,1.060866280549063,0.2591609372090219,0.05587730587709918,1.0596804064595988,0.14135706018518518,-0.0009017480468750116,0.07227517211914063,0.07135706018518517,0.21135706018518519,-0.08,0.08,0.11400588961074337,0.05761521920460719,0.9885911084299224,Solve_Succeeded,0.03318733401829377,False,989424.0810266985,0.06280387702383672,0.0,False,False,0.5,10,0.015,-2726.178636762723,-0.09857344741463533,0.4087992557810987,0.3500000099277561,0.35000000975642814,0.3500000082912375,0.35,0.0,False,False,80841.2758178711,6056.841071528806,20.526931735141215,5.038397708763246e-06,92.41762560331702,0.8400348122237011,0.7368166561589482,1.098880145389692,0.9663426523519489,0.4807149936858969,1.5,0.007381684733804169,0.0039628751550082695,0.0015802535717956004,-0.027669301938465292,0.05848110963791403,0.030446402496627712,-2492.964583448316,True
3,stress,10058,corridor_barrier_nmpc,17.0,0.25560246444656104,0.05665894591991984,1.0892093849525357,0.25251363619046774,0.04631879618936864,1.0886234395722343,0.1425471536351166,-0.0009258374023437543,0.071818251953125,0.0725471536351166,0.21254715363511661,-0.08,0.08,0.11305531081144443,0.05758478332226359,1.0173911329994108,Solve_Succeeded,0.037397083011455834,False,400056.3323091888,0.05496648255535114,0.0,False,False,0.5,10,0.015,-2728.2798519252,-0.09864322354731625,0.4091878206640562,0.3500000098600609,0.3500000098243733,0.3500000092825429,0.35,0.0,False,False,80772.73779296875,6049.1358920902585,20.500818503759668,5.093146867777451e-06,93.18432979300563,0.8400348122237011,0.7368166561589482,1.098880145389692,0.9663426523519489,0.4807149936858969,1.5,0.007381684733804169,0.0039628751550082695,0.0015802535717956004,-0.027669301938465292,0.05848110963791403,0.030446402496627712,-2492.964583448316,True
3,stress,10058,corridor_barrier_nmpc,17.5,0.2557912031590712,0.056604378994626246,1.1175252162876184,0.2512155944402725,0.055842345799644144,1.1160980958366045,0.1437616812414266,-0.0009497363281249921,0.07134933471679687,0.0737616812414266,0.2137616812414266,-0.08,0.08,0.11202952191764462,0.05755411532275124,1.0461758815708215,Solve_Succeeded,0.0464524999842979,False,732176.8872713068,0.0524539131988459,0.0,False,False,0.5,10,0.015,-2730.4190836492794,-0.09869857645984983,0.4095845394061104,0.35000000979517726,0.3500000099156729,0.3500000096919164,0.35,0.0,False,False,80702.40020751953,6041.269022930859,20.47415729797645,5.149952161562927e-06,93.9787253960385,0.8400348122237011,0.7368166561589482,1.098880145389692,0.9663426523519489,0.4807149936858969,1.5,0.007381684733804169,0.0039628751550082695,0.0015802535717956004,-0.027669301938465292,0.05848110963791403,0.030446402496627712,-2492.964583448316,True
3,stress,10058,corridor_barrier_nmpc,18.0,0.2559344351196075,0.05654976959004004,1.1458137535151958,0.24605938150594817,0.06184840627925273,1.1450949908765833,0.145,-0.0009734448242187527,0.070868515625,0.07499999999999998,0.215,-0.08,0.08,0.11093443511960752,0.05752321441425879,1.0749452378901958,Solve_Succeeded,0.0327861660043709,False,931469.0409888381,0.05588437561506032,0.0,False,False,0.5,10,0.015,-2732.600349874032,-0.09874102033194038,0.40998929463149714,0.35000000984436447,0.3500000099277561,0.3500000098444072,0.35,0.0,False,False,80630.27734375,6033.242791593229,20.44695600594777,5.208857215536861e-06,94.80124971907497,0.8400348122237011,0.7368166561589482,1.098880145389692,0.9663426523519489,0.4807149936858969,1.5,0.007381684733804169,0.0039628751550082695,0.0015802535717956004,-0.027669301938465292,0.05848110963791403,0.030446402496627712,-2492.964583448316,True
3,stress,10058,corridor_barrier_nmpc,18.5,0.2560368802519289,0.056495116837225884,1.174074975180701,0.25980851504327684,0.057423553695176335,1.175594996753892,0.14626146690672154,-0.0009969628906250083,0.07037588989257812,0.07626146690672153,0.21626146690672154,-0.08,0.08,0.10977541334520735,0.05749207972785089,1.1036990852881228,Solve_Succeeded,0.032871374976821244,False,908057.3190871504,0.05854704813655531,0.0,False,False,0.5,10,0.015,-2734.8273972844336,-0.09877191140521693,0.41040197109284127,0.35000000993086716,0.3500000098600609,0.35000000985452867,0.35,0.0,False,False,80556.38348388672,6025.059483414375,20.419222372792923,5.269907538355143e-06,95.65235734594006,0.8400348122237011,0.7368166561589482,1.098880145389692,0.9663426523519489,0.4807149936858969,1.5,0.007381684733804169,0.0039628751550082695,0.0015802535717956004,-0.027669301938465292,0.05848110963791403,0.030446402496627712,-2492.964583448316,True
3,stress,10058,corridor_barrier_nmpc,19.0,0.25610276639646146,0.05644041979521864,1.202308859376854,0.25467809149305043,0.05529468592914252,1.2032190376716796,0.147545438957476,-0.0010202905273437451,0.069871552734375,0.07754543895747598,0.217545438957476,-0.08,0.08,0.10855732743898547,0.057460710322562385,1.132437306642479,Solve_Succeeded,0.033975667029153556,False,648180.2355748209,0.05213265253557442,0.0,False,False,0.5,10,0.015,-2737.1037345939912,-0.0987924644321021,0.41082245555655417,0.3500000097834219,0.35000000979517726,0.3500000098161528,0.35,0.0,False,False,80480.73291015625,6016.721343798232,20.39096400829609,5.333150565940314e-06,96.53252043512187,0.8400348122237011,0.7368166561589482,1.098880145389692,0.9663426523519489,0.4807149936858969,1.5,0.007381684733804169,0.0039628751550082695,0.0015802535717956004,-0.027669301938465292,0.05848110963791403,0.030446402496627712,-2492.964583448316,True
3,stress,10058,corridor_barrier_nmpc,19.5,0.25613588053551395,0.05638567745548649,1.2305153837087872,0.2497085641174314,0.05739627833204961,1.2293889337780626,0.14885127314814814,-0.001043427734374991,0.06935559936523437,0.07885127314814813,0.21885127314814815,-0.08,0.08,0.10728460738736581,0.05742910518986148,1.1611597843435528,Solve_Succeeded,0.03183883399469778,False,619660.7907656031,0.04585729096928323,0.0,False,False,0.5,10,0.015,-2739.432662368326,-0.09880376741334507,0.41125063669750794,0.3500000099286104,0.35000000984436447,0.3500000098343941,0.35,0.0,False,False,80403.33990478516,6008.230580304267,20.362188393984678,5.398635707673561e-06,97.4422290248876,0.8400348122237011,0.7368166561589482,1.098880145389692,0.9663426523519489,0.4807149936858969,1.5,0.007381684733804169,0.0039628751550082695,0.0015802535717956004,-0.027669301938465292,0.05848110963791403,0.030446402496627712,-2492.964583448316,True
3,stress,10058,corridor_barrier_nmpc,20.0,0.2561396146845551,0.05633088874582859,1.2586945252612574,0.26253083654062276,0.0511208472329228,1.2600899422918768,0.1501783264746228,-0.0010663745117187456,0.068828125,0.08017832647462278,0.2201783264746228,-0.08,0.08,0.10596128820993231,0.057397263257547335,1.1898664002612573,Solve_Succeeded,0.03583462501410395,False,532130.7930183283,0.05735251006599995,0.0,False,False,0.5,10,0.015,-2741.8172997667098,-0.09880679480196491,0.4116864050020053,0.3500000098972567,0.35000000993086716,0.3500000098967723,0.35,0.0,False,False,80324.21875,5999.589364571574,20.332902889650182,5.46641439478747e-06,98.3819913465501,0.8400348122237011,0.7368166561589482,1.098880145389692,0.9663426523519489,0.4807149936858969,1.5,0.007381684733804169,0.0039628751550082695,0.0015802535717956004,-0.027669301938465292,0.05848110963791403,0.030446402496627712,-2492.964583448316,True
3,stress,10058,corridor_barrier_nmpc,20.5,0.2561170070049142,0.056276052533765525,1.2868462605676791,0.2562220102321711,0.05716159892156583,1.2860710919211311,0.15152595593278462,-0.0010891308593749954,0.06828922485351563,0.08152595593278461,0.22152595593278462,-0.08,0.08,0.10459105107212957,0.05736518339314052,1.2185570357141635,Solve_Succeeded,0.03353279200382531,False,643618.2962010638,0.049696054299386505,0.0,False,False,0.5,10,0.015,-2744.2606085371394,-0.098802419332926,0.4121296526781913,0.3500000097986472,0.3500000097834219,0.35000000982348145,0.35,0.0,False,False,80243.38372802734,5990.799834095381,20.303114739368862,5.536540130998483e-06,99.35233414634506,0.8400348122237011,0.7368166561589482,1.098880145389692,0.9663426523519489,0.4807149936858969,1.5,0.007381684733804169,0.0039628751550082695,0.0015802535717956004,-0.027669301938465292,0.05848110963791403,0.030446402496627712,-2492.964583448316,True
3,stress,10058,corridor_barrier_nmpc,21.0,0.25607077863544003,0.05622116762947468,1.3149705655807369,0.25362827137972566,0.06065778171468239,1.3157888705155718,0.1528935185185185,-0.0011116967773437542,0.06773899414062501,0.0828935185185185,0.22289351851851852,-0.08,0.08,0.10317726011692152,0.05733286440681844,1.2472315714401119,Solve_Succeeded,0.030522124958224595,False,732492.4514400848,0.04792672594522185,0.0,False,False,0.5,10,0.015,-2746.7654145637216,-0.09879142262134653,0.41258027357316207,0.35000000993846253,0.3500000099286104,0.35000000989145647,0.35,0.0,False,False,80160.84912109375,5981.864093870782,20.27283107707244,5.609068545420779e-06,100.35380301632918,0.8400348122237011,0.7368166561589482,1.098880145389692,0.9663426523519489,0.4807149936858969,1.5,0.007381684733804169,0.0039628751550082695,0.0015802535717956004,-0.027669301938465292,0.05848110963791403,0.030446402496627712,-2492.964583448316,True
3,stress,10058,corridor_barrier_nmpc,21.5,0.25600336668885315,0.056166232788316735,1.3430674156443596,0.2541385537824769,0.057660118096910996,1.3433044793601427,0.15428037122770918,-0.001134072265625008,0.06717752807617187,0.08428037122770918,0.2242803712277092,-0.08,0.08,0.10172299546114397,0.05730030505394174,1.2758898875681877,Solve_Succeeded,0.03237149998312816,False,549003.1922277558,0.0448581825547677,0.0,False,False,0.5,10,0.015,-2749.334427232433,-0.09877450465723199,0.4130381630961138,0.35000000992689584,0.3500000098972567,0.35000000989520685,0.35,0.0,False,False,80076.62921142578,5972.78421791668,20.242058931712783,5.684057447805542e-06,101.38696273465794,0.8400348122237011,0.7368166561589482,1.098880145389692,0.9663426523519489,0.4807149936858969,1.5,0.007381684733804169,0.0039628751550082695,0.0015802535717956004,-0.027669301938465292,0.05848110963791403,0.030446402496627712,-2492.964583448316,True
3,stress,10058,corridor_barrier_nmpc,22.0,0.2559169538121149,0.056111246712994646,1.3711367854668672,0.23889151520310772,0.06410940986192014,1.3714479573942782,0.15568587105624143,-0.001156257324218743,0.066604921875,0.08568587105624142,0.22568587105624144,-0.08,0.08,0.10023108275587345,0.05726750403721339,1.3045318635918672,Solve_Succeeded,0.03299833298660815,False,573875.7976612493,0.0481647457478645,0.0,False,False,0.5,10,0.015,-2751.9849897565855,-0.09875790959410752,0.4135553796234184,0.35000000985652574,0.3500000097986472,0.3500000098327727,0.35,0.0,False,False,79990.73828125,5963.562250691366,20.210805232059418,5.76156688615182e-06,102.45239761555754,0.8400348122237011,0.7368166561589482,1.098880145389692,0.9663426523519489,0.4807149936858969,1.5,0.007381684733804169,0.0039628751550082695,0.0015802535717956004,-0.027669301938465292,0.05848110963791403,0.030446402496627712,-2492.964583448316,True
3,stress,10058,corridor_barrier_nmpc,22.5,0.255813494597522,0.056056207760724244,1.3991786490214464,0.2583529158425729,0.053684057718224876,1.399347109881833,0.157109375,-0.0011782519531250008,0.06602127075195313,0.08710937499999999,0.227109375,-0.08,0.08,0.09870411959752201,0.057234459713849245,1.3331573782694932,Solve_Succeeded,0.036702207988128066,False,385299.08456746384,0.04624354084257293,0.0,False,False,0.5,10,0.015,-2754.8312565989827,-0.09878412939218675,0.41452118455903586,0.3500000097291686,0.35000000993846253,0.35000000990111035,0.35,0.0,False,False,79903.19061279297,5954.200208409866,20.179076811164045,5.841659206738036e-06,103.5507118692792,0.8400348122237011,0.7368166561589482,1.098880145389692,0.9663426523519489,0.4807149936858969,1.5,0.007381684733804169,0.0039628751550082695,0.0015802535717956004,-0.027669301938465292,0.05848110963791403,0.030446402496627712,-2492.964583448316,True
3,stress,10058,corridor_barrier_nmpc,23.0,0.2556947387077892,0.0560011120068753,1.427192978889328,0.24073236365836476,0.05056934845469406,1.4289518319349124,0.15855024005486967,-0.0012000561523437536,0.065426669921875,0.08855024005486967,0.22855024005486968,-0.08,0.08,0.09714449865291952,0.05720116815921905,1.361766308967453,Solve_Succeeded,0.03877475002082065,False,96135.14653569303,0.02718212360349509,0.0,False,False,0.5,10,0.015,-2757.7554157465784,-0.09880724022804445,0.41550436793117296,0.3500000097991861,0.35000000992689584,0.3500000099177829,0.35,0.0,False,False,79814.00048828125,5944.700080271976,20.146880410522424,5.924399116625094e-06,104.68252997228348,0.8400348122237011,0.7368166561589482,1.098880145389692,0.9663426523519489,0.4807149936858969,1.5,0.007381684733804169,0.0039628751550082695,0.0015802535717956004,-0.027669301938465292,0.05848110963791403,0.030446402496627712,-2492.964583448316,True
3,stress,10058,corridor_barrier_nmpc,23.5,0.25556225226073415,0.055945957884179644,1.4551797462786769,0.24948158388430858,0.04799073888986226,1.454772729504091,0.16000782321673526,-0.0012216699218750016,0.06482121459960938,0.09000782321673526,0.23000782321673527,-0.08,0.08,0.09555442904399888,0.057167627806054645,1.3903585316790674,Solve_Succeeded,0.04238358297152445,False,115501.86092463466,0.034473760667573294,0.0,False,False,0.5,10,0.015,-2760.760100476605,-0.09882768934532274,0.4165048071705042,0.35000000918956325,0.35000000985652574,0.3500000098781748,0.35,0.0,False,False,79723.1821899414,5935.063829608949,20.11422268396056,6.00985374868478e-06,105.84849704788355,0.8400348122237011,0.7368166561589482,1.098880145389692,0.9663426523519489,0.4807149936858969,1.5,0.007381684733804169,0.0039628751550082695,0.0015802535717956004,-0.027669301938465292,0.05848110963791403,0.030446402496627712,-2492.964583448316,True
3,stress,10058,corridor_barrier_nmpc,24.0,0.2554174374837606,0.05589074377370898,1.483138921601026,0.2578208205307439,0.06143098990799298,1.4836402281227146,0.16148148148148148,-0.0012430932617187584,0.064205,0.09148148148148147,0.23148148148148148,-0.08,0.08,0.09393595600227914,0.05713383703542774,1.418933921601026,Solve_Succeeded,0.031519000011030585,False,582248.8513664465,0.04289091497092368,0.0,False,False,0.5,10,0.015,-2763.8479084671253,-0.09884587693570379,0.41752238101690514,0.35000000993847363,0.3500000097291686,0.3500000097818294,0.35,0.0,False,False,79630.75,5925.293394955936,20.08111020126924,6.09809272920912e-06,107.04927925754662,0.8400348122237011,0.7368166561589482,1.098880145389692,0.9663426523519489,0.4807149936858969,1.5,0.007381684733804169,0.0039628751550082695,0.0015802535717956004,-0.027669301938465292,0.05848110963791403,0.030446402496627712,-2492.964583448316,True
3,stress,10058,corridor_barrier_nmpc,24.5,0.25526154976131865,0.05583546800548778,1.5110704744456085,0.2566066475216553,0.053252485800059236,1.5131426544882978,0.16297057184499314,-0.0012643261718749965,0.06357812133789062,0.09297057184499313,0.23297057184499315,-0.08,0.08,0.09229097791632551,0.05709979417736278,1.447492353107718,Solve_Succeeded,0.03921433299547061,False,232568.55932706568,0.03863607567666216,0.0,False,False,0.5,10,0.015,-2767.0214125435627,-0.09886216103986077,0.4185569694413684,0.3500000098799484,0.3500000097991861,0.350000009793052,0.35,0.0,False,False,79536.7182006836,5915.390691056471,20.047549451608308,6.189188248159274e-06,108.28556420303958,0.8400348122237011,0.7368166561589482,1.098880145389692,0.9663426523519489,0.4807149936858969,1.5,0.007381684733804169,0.0039628751550082695,0.0015802535717956004,-0.027669301938465292,0.05848110963791403,0.030446402496627712,-2492.964583448316,True
3,stress,10058,corridor_barrier_nmpc,25.0,0.255095712906844,0.05578012885890152,1.5389743735539425,0.26097681008407125,0.057823493090726964,1.5367458568427355,0.164474451303155,-0.0012853686523437435,0.062940673828125,0.09447445130315499,0.234474451303155,-0.08,0.08,0.09062126160368902,0.05706549751124526,1.4760336997258174,Solve_Succeeded,0.03495041700080037,False,398940.7968856732,0.04150235878091624,0.0,False,False,0.5,10,0.015,-2770.283170460965,-0.098876861937209,0.41960845357147647,0.35000000992110725,0.35000000918956325,0.35000000940284415,0.35,0.0,False,False,79441.10107421875,5905.35760980471,20.01354684669993,6.283215132114064e-06,109.55806133957667,0.8400348122237011,0.7368166561589482,1.098880145389692,0.9663426523519489,0.4807149936858969,1.5,0.007381684733804169,0.0039628751550082695,0.0015802535717956004,-0.027669301938465292,0.05848110963791403,0.030446402496627712,-2492.964583448316,True
3,stress,10058,corridor_barrier_nmpc,25.5,0.2549209328440325,0.05572472456291834,1.5668505867945746,0.2594080020638461,0.060268862142746855,1.5692145693248334,0.16599247685185187,-0.0013062207031249995,0.062292752685546876,0.09599247685185186,0.23599247685185187,-0.08,0.08,0.08892845599218063,0.05703094526604334,1.5045578341090278,Solve_Succeeded,0.03193183400435373,False,434572.4885911384,0.03841552521199426,0.0,False,False,0.5,10,0.015,-2773.6357338282137,-0.09889026607767287,0.42067671562017306,0.35000000981227375,0.35000000993847363,0.3500000097491751,0.35,0.0,False,False,79343.91290283203,5895.1960211304795,19.97910872382809,6.380250919981301e-06,110.86750240011857,0.8400348122237011,0.7368166561589482,1.098880145389692,0.9663426523519489,0.4807149936858969,1.5,0.007381684733804169,0.0039628751550082695,0.0015802535717956004,-0.027669301938465292,0.05848110963791403,0.030446402496627712,-2492.964583448316,True
3,stress,10058,corridor_barrier_nmpc,26.0,0.25473810986305717,0.055669253296140475,1.594699081137889,0.26144063143795104,0.05956429598668838,1.594623161215061,0.16752400548696844,-0.0013268823242187505,0.061634453125,0.09752400548696843,0.23752400548696845,-0.08,0.08,0.08721410437608873,0.056996135620359226,1.533064628012889,Solve_Succeeded,0.0327384999836795,False,399447.8339010671,0.03891662595098261,0.0,False,False,0.5,10,0.015,-2777.0816562689865,-0.09890262960315252,0.4217616388175952,0.3500000098011961,0.3500000098799484,0.35000000983373136,0.35,0.0,False,False,79245.16796875,5884.907773831726,19.944241348659794,6.48037594153709e-06,112.21464183095588,0.8400348122237011,0.7368166561589482,1.098880145389692,0.9663426523519489,0.4807149936858969,1.5,0.007381684733804169,0.0039628751550082695,0.0015802535717956004,-0.027669301938465292,0.05848110963791403,0.030446402496627712,-2492.964583448316,True
3,stress,10058,corridor_barrier_nmpc,26.5,0.2545480496000944,0.05561371318669974,1.6225198226309043,0.24959923264874945,0.051051579418196255,1.6247380693618498,0.16906839420438957,-0.0013473535156250036,0.060965870361328126,0.09906839420438956,0.23906839420438958,-0.08,0.08,0.08547965539570485,0.056961066702324745,1.5615539522695763,Solve_Succeeded,0.039150499971583486,False,64316.403730845595,0.025530838444359882,0.0,True,False,0.5,10,0.015,-2780.623500904072,-0.09891418150141744,0.42286310734575583,0.35000000907202405,0.35000000992110725,0.35000000989022745,0.35,0.0,False,False,79144.88055419922,5874.494696358492,19.908950917901986,6.58367339886032e-06,113.6002572386898,0.8400348122237011,0.7368166561589482,1.098880145389692,0.9663426523519489,0.4807149936858969,1.5,0.007381684733804169,0.0039628751550082695,0.0015802535717956004,-0.027669301938465292,0.05848110963791403,0.030446402496627712,-2492.964583448316,True
3,stress,10058,corridor_barrier_nmpc,27.0,0.25435147287307486,0.05555810231201003,1.6503127763719807,0.24411404960637426,0.05037798074145683,1.6480669061091158,0.170625,-0.0013676342773437516,0.060287099609375,0.10062499999999999,0.240625,-0.08,0.08,0.08372647287307486,0.05692573658935378,1.5900256767626058,Solve_Succeeded,0.03834570903563872,False,27434.627939187834,0.018489049606374236,0.0,False,False,0.5,10,0.015,-2784.263847230606,-0.09892512643071036,0.4239810062758817,0.3500000092581234,0.35000000981227375,0.3500000098398236,0.35,0.0,False,False,79043.06494140625,5863.958597552136,19.87324356180684,6.6902294507322776e-06,115.02514984871685,0.8400348122237011,0.7368166561589482,1.098880145389692,0.9663426523519489,0.4807149936858969,1.5,0.007381684733804169,0.0039628751550082695,0.0015802535717956004,-0.027669301938465292,0.05848110963791403,0.030446402496627712,-2492.964583448316,True
3,stress,10058,corridor_barrier_nmpc,27.5,0.25414902449273674,0.05550241869838804,1.6780779064853708,0.2550555013170591,0.05138033373210273,1.678510209058558,0.1721931798696845,-0.0013877246093749948,0.059598236083984374,0.10219317986968449,0.2421931798696845,-0.08,0.08,0.08195584462305225,0.056890143307763034,1.6184796704013864,Solve_Succeeded,0.03864795796107501,False,74790.12426043238,0.027862321447374605,0.0,False,False,0.5,10,0.015,-2788.0052974657156,-0.09893564724936402,0.4251152215082343,0.3500000091183242,0.3500000098011961,0.3500000098148476,0.35,0.0,False,False,78939.73541259766,5853.301267343199,19.837125346536833,6.800133300073445e-06,116.49014497531141,0.8400348122237011,0.7368166561589482,1.098880145389692,0.9663426523519489,0.4807149936858969,1.5,0.007381684733804169,0.0039628751550082695,0.0015802535717956004,-0.027669301938465292,0.05848110963791403,0.030446402496627712,-2492.964583448316,True
3,stress,10058,corridor_barrier_nmpc,28.0,0.2539412811556601,0.05544666032055254,1.7058151760955496,0.2442051863996399,0.06274006299211195,1.7052292442197583,0.17377229080932782,-0.001407624511718747,0.058899375000000004,0.10377229080932782,0.24377229080932783,-0.08,0.08,0.08016899034633229,0.056854284832271285,1.6469158010955496,Solve_Succeeded,0.03553579200524837,False,182921.78246106493,0.026453874197308547,0.0,False,False,0.5,10,0.015,-2791.8504824148204,-0.0989459072811639,0.42626563971425235,0.3500000098180772,0.35000000907202405,0.3500000093345477,0.35,0.0,False,False,78834.90625,5842.524477410941,19.800602276399946,6.913477284491439e-06,117.99609250338004,0.8400348122237011,0.7368166561589482,1.098880145389692,0.9663426523519489,0.4807149936858969,1.5,0.007381684733804169,0.0039628751550082695,0.0015802535717956004,-0.027669301938465292,0.05848110963791403,0.030446402496627712,-2492.964583448316,True
3,stress,10058,corridor_barrier_nmpc,28.5,0.25372875851485277,0.055390825101010926,1.733524547301265,0.24757346205091255,0.05712051985319673,1.7285302446714133,0.17536168981481481,-0.001427333984375001,0.05819061157226563,0.10536168981481481,0.24536168981481482,-0.08,0.08,0.07836706870003796,0.05681815908538593,1.6753339357289994,Solve_Succeeded,0.03798091702628881,False,65689.30527786384,0.01721177223609774,0.0,False,False,0.5,10,0.015,-2795.802066918474,-0.09895605234399366,0.42743214828087306,0.35000000961885186,0.3500000092581234,0.35000000928513275,0.35,0.0,False,False,78728.59173583984,5831.629981807371,19.763680295964555,7.03035697001699e-06,119.5438673819639,0.8400348122237011,0.7368166561589482,1.098880145389692,0.9663426523519489,0.4807149936858969,1.5,0.007381684733804169,0.0039628751550082695,0.0015802535717956004,-0.027669301938465292,0.05848110963791403,0.030446402496627712,-2492.964583448316,True
3,stress,10058,corridor_barrier_nmpc,29.0,0.25351191751350755,0.05533491090934119,1.7612059811492564,0.26145143625321565,0.054189621270450274,1.7615288787772125,0.17696073388203018,-0.0014468530273437502,0.057472041015625,0.10696073388203017,0.2469607338820302,-0.08,0.08,0.07655118363147737,0.05678176393668494,1.7037339401336313,Solve_Succeeded,0.04241933400044218,False,102860.18220067113,0.02949070237118545,0.0,False,False,0.5,10,0.015,-2799.8627549258463,-0.09896621256643337,0.428614635256898,0.3500000098146343,0.3500000091183242,0.3500000091772765,0.35,0.0,False,False,78620.80615234375,5820.619517548277,19.726365292062432,7.15087124810634e-06,121.13437012953968,0.8400348122237011,0.7368166561589482,1.098880145389692,0.9663426523519489,0.4807149936858969,1.5,0.007381684733804169,0.0039628751550082695,0.0015802535717956004,-0.027669301938465292,0.05848110963791403,0.030446402496627712,-2492.964583448316,True
3,stress,10058,corridor_barrier_nmpc,29.5,0.2532911700586351,0.05527891556137619,1.7888594376075886,0.249848395874997,0.05982958427024019,1.7899963558865573,0.17856878000685872,-0.0014661816406250014,0.05674375854492188,0.10856878000685871,0.24856878000685872,-0.08,0.08,0.07472239005177639,0.056745097202001195,1.7321156790626666,Solve_Succeeded,0.034898708981927484,False,92532.17997000781,0.01760768132204804,0.0,False,False,0.5,10,0.015,-2804.035294237862,-0.09897650401441324,0.429812989301285,0.350000009901267,0.3500000098180772,0.35000000959160976,0.35,0.0,False,False,78511.56378173828,5809.494805173575,19.68866309568782,7.2751224359912075e-06,122.76852735116981,0.8400348122237011,0.7368166561589482,1.098880145389692,0.9663426523519489,0.4807149936858969,1.5,0.007381684733804169,0.0039628751550082695,0.0015802535717956004,-0.027669301938465292,0.05848110963791403,0.030446402496627712,-2492.964583448316,True
3,stress,10058,corridor_barrier_nmpc,30.0,0.2530668841032901,0.055222836818296615,1.8164848755385548,0.26354845391361614,0.06014420487111435,1.8172276428870202,0.1801851851851852,-0.0014853198242187476,0.056005859375,0.11018518518518519,0.2501851851851852,-0.08,0.08,0.07288169891810489,0.05670815664251536,1.7604790161635548,Solve_Succeeded,0.03732770902570337,False,193388.6970731758,0.02836326872843098,0.0,False,False,0.5,10,0.015,-2808.322480958441,-0.09898703014772478,0.4310270996332512,0.35000000991604097,0.35000000961885186,0.3500000096092241,0.35,0.0,False,False,78400.87890625,5798.257549279098,19.65057948379968,7.403216380459336e-06,124.44729226753553,0.8400348122237011,0.7368166561589482,1.098880145389692,0.9663426523519489,0.4807149936858969,1.5,0.007381684733804169,0.0039628751550082695,0.0015802535717956004,-0.027669301938465292,0.05848110963791403,0.030446402496627712,-2492.964583448316,True
3,stress,10058,corridor_barrier_nmpc,30.5,0.2528393881989533,0.055166672385637876,1.8440822526711045,0.25134986993421415,0.055216837557989985,1.8461934151441834,0.18180930641289436,-0.0015042675781250028,0.05525843872070313,0.11180930641289435,0.25180930641289434,-0.08,0.08,0.07103008178605894,0.05667093996376288,1.7888238139504014,Solve_Succeeded,0.042082375031895936,False,22608.10401567913,0.014540563521319827,0.0,False,False,0.5,10,0.015,-2812.7271636882,-0.09899788312412935,0.43225685598409136,0.3500000095612472,0.3500000098146343,0.35000000974203965,0.35,0.0,False,False,78288.76580810547,5786.909439021749,19.61212018103368,7.535262565151002e-06,126.17164525587759,0.8400348122237011,0.7368166561589482,1.098880145389692,0.9663426523519489,0.4807149936858969,1.5,0.007381684733804169,0.0039628751550082695,0.0015802535717956004,-0.027669301938465292,0.05848110963791403,0.030446402496627712,-2492.964583448316,True
3,stress,10058,corridor_barrier_nmpc,31.0,0.25260897557322126,0.055110419912216047,1.8716515255727542,0.24040666100464136,0.05483702999092557,1.8715164973263918,0.1834405006858711,-0.001523024902343753,0.054501591796875,0.11344050068587108,0.2534405006858711,-0.08,0.08,0.06916847488735017,0.0566334448145598,1.8171499337758792,Solve_Succeeded,0.03276149998418987,False,1063.2524054716346,0.0019661603187702825,0.0,False,False,0.5,10,0.015,-2817.2522474913453,-0.0990091449669564,0.43350214855061187,0.34999998826337164,0.350000009901267,0.35000000984499396,0.35,0.0,False,False,78175.23876953125,5775.452148599784,19.573290861329905,7.67137422145873e-06,127.94259440285566,0.8400348122237011,0.7368166561589482,1.098880145389692,0.9663426523519489,0.4807149936858969,1.5,0.007381684733804169,0.0039628751550082695,0.0015802535717956004,-0.027669301938465292,0.05848110963791403,0.030446402496627712,-2492.964583448316,False
3,stress,10058,corridor_barrier_nmpc,31.5,0.2523759077822134,0.055054076988976915,1.8991926496209421,0.25361672028800053,0.060227959726614655,1.900439055440199,0.185078125,-0.0015415917968750054,0.053735413818359376,0.115078125,0.25507812500000004,-0.08,0.08,0.0672977827822134,0.05659566878585192,1.8454572358025827,Solve_Succeeded,0.03399912500753999,False,57566.97520500462,0.014237200463030675,0.0,False,False,0.5,10,0.015,-2821.9006976632136,-0.09902088861042904,0.43476286795009866,0.35000000988347185,0.35000000991604097,0.350000009890932,0.35,0.0,False,False,78060.3120727539,5763.887337709867,19.534097149481823,7.811668443120007e-06,129.7611760693305,0.8400348122237011,0.7368166561589482,1.098880145389692,0.9663426523519489,0.4807149936858969,1.5,0.007381684733804169,0.0039628751550082695,0.0015802535717956004,-0.027669301938465292,0.05848110963791403,0.030446402496627712,-2492.964583448316,False
3,stress,10058,corridor_barrier_nmpc,32.0,0.2521404179819606,0.054997641147771927,1.9267055789737886,0.24664075194943144,0.056162110427843304,1.9267652199162628,0.186721536351166,-0.0015599682617187527,0.05295999999999999,0.116721536351166,0.256721536351166,-0.08,0.08,0.06541888163079457,0.05655760940949068,1.8737455789737887,Solve_Succeeded,0.03504716599127278,False,2769.5830159248326,0.004919215598265442,0.0,False,False,0.5,10,0.015,-2826.675543323018,-0.09903317883547066,0.4360389051767378,0.35000000744240306,0.3500000095612472,0.3500000096777622,0.35,0.0,False,False,77944.0,5752.216651982374,19.494544622611564,7.9562663045943e-06,131.62845546705398,0.8400348122237011,0.7368166561589482,1.098880145389692,0.9663426523519489,0.4807149936858969,1.5,0.007381684733804169,0.0039628751550082695,0.0015802535717956004,-0.027669301938465292,0.05848110963791403,0.030446402496627712,-2492.964583448316,False
3,stress,10058,corridor_barrier_nmpc,32.5,0.2519027138584304,0.05494110986006435,1.954190266540226,0.252022533382335,0.05731804758112638,1.9568166784606817,0.18837009173525376,-0.0015781542968749881,0.05217544555664062,0.11837009173525376,0.25837009173525377,-0.08,0.08,0.06353262212317662,0.056519264156939336,1.9020148209835854,Solve_Succeeded,0.03957175003597513,False,9236.796139099193,0.008652441647081233,0.0,False,False,0.5,10,0.015,-2831.5798789361106,-0.09904607254650241,0.43733015155941524,0.35000000830106476,0.34999998826337164,0.34999999583150015,0.34999999583150015,-8.33699964619683e-09,False,False,77826.3168334961,5740.441723396339,19.45463881157619,8.105292983318426e-06,133.54552724724948,0.8400348122237011,0.7368166561589482,1.098880145389692,0.9663426523519489,0.4807149936858969,1.5,0.007381684733804169,0.0039628751550082695,0.0015802535717956004,-0.027669301938465292,0.05848110963791403,0.030446402496627712,-2492.964583448316,False
3,stress,10058,corridor_barrier_nmpc,33.0,0.25166298025172495,0.054884480535606794,1.9816466639494767,0.2533559887225379,0.05438260344444889,1.9802307368803609,0.19002314814814816,-0.0015961499023437464,0.051381845703125005,0.12002314814814816,0.2600231481481482,-0.08,0.08,0.06163983210357679,0.05648063043795054,1.9302648182463518,Solve_Succeeded,0.035684833012055606,False,4633.983091974334,0.00833284057438971,0.0,False,False,0.5,10,0.015,-2836.6168772088477,-0.09905962232587837,0.4386364987208295,0.35000000634879974,0.35000000988347185,0.3500000049173194,0.35,8.33699964619683e-09,False,False,77707.27685546875,5728.564170675286,19.414385202309198,8.258877885935456e-06,135.51351610103907,0.8400348122237011,0.7368166561589482,1.098880145389692,0.9663426523519489,0.4807149936858969,1.5,0.007381684733804169,0.0039628751550082695,0.0015802535717956004,-0.027669301938465292,0.05848110963791403,0.030446402496627712,-2492.964583448316,False
3,stress,10058,corridor_barrier_nmpc,33.5,0.2514213815062387,0.05482775052086252,2.009074721519803,0.24748561497799493,0.05410007061750186,2.010371956870337,0.1916800625857339,-0.0016139550781249998,0.05057929565429688,0.12168006258573388,0.2616800625857339,-0.08,0.08,0.05974131892050483,0.05644170559898752,1.958495425865506,Solve_Succeeded,0.030151042039506137,False,904.8902902235596,0.0008055523922610441,0.0,False,False,0.5,10,0.015,-2841.789773103123,-0.09907387149588608,0.43995783853785236,0.3499999561394845,0.35000000744240306,0.3500000065500051,0.35,0.0,False,False,77586.89434814453,5716.5855996651535,19.373789237101303,8.417154778595245e-06,137.5335773716757,0.8400348122237011,0.7368166561589482,1.098880145389692,0.9663426523519489,0.4807149936858969,1.5,0.007381684733804169,0.0039628751550082695,0.0015802535717956004,-0.027669301938465292,0.05848110963791403,0.030446402496627712,-2492.964583448316,False
3,stress,10058,corridor_barrier_nmpc,34.0,0.2511780635753405,0.054770917097747895,2.03647438822655,0.24094888400676284,0.0553942177579438,2.039571907506706,0.19334019204389574,-0.001631569824218762,0.049767890625000005,0.12334019204389574,0.26334019204389575,-0.08,0.08,0.05783787153144476,0.05640248692196666,1.98670649760155,Solve_Succeeded,0.0289436670136638,False,862.3453788975514,0.0,0.0,False,False,0.5,10,0.015,-2847.101886103643,-0.09908886032858899,0.4412940631030815,0.34999996349109375,0.35000000830106476,0.3500000076822172,0.35,0.0,False,False,77465.18359375,5704.507603695355,19.33285631582411,8.580261921425869e-06,139.60689767851244,0.8400348122237011,0.7368166561589482,1.098880145389692,0.9663426523519489,0.4807149936858969,1.5,0.007381684733804169,0.0039628751550082695,0.0015802535717956004,-0.027669301938465292,0.05848110963791403,0.030446402496627712,-2492.964583448316,False
3,stress,10058,corridor_barrier_nmpc,34.5,0.2509331559061171,0.05471397748193089,2.0638456116694472,0.24272399449604393,0.057509044706340384,2.0655268203453647,0.19500289351851852,-0.0016489941406250055,0.048947725830078115,0.1250028935185185,0.2650028935185185,-0.08,0.08,0.05593026238759857,0.056362971622555894,2.0148978858393694,Solve_Succeeded,0.029073875048197806,False,924.4367264205599,0.0,0.0,False,False,0.5,10,0.015,-2852.556613634513,-0.09910462377881414,0.4426450646875293,0.34999996841517467,0.35000000634879974,0.35000000682004706,0.35,0.0,False,False,77342.15887451172,5692.331763924001,19.291591797100075,8.748342207277377e-06,141.73469555263165,0.8400348122237011,0.7368166561589482,1.098880145389692,0.9663426523519489,0.4807149936858969,1.5,0.007381684733804169,0.0039628751550082695,0.0015802535717956004,-0.027669301938465292,0.05848110963791403,0.030446402496627712,-2492.964583448316,False
3,stress,10058,corridor_barrier_nmpc,35.0,0.2506867731270173,0.05465692882126244,2.0911883380390925,0.2418006261039699,0.0534778807622392,2.090018796927525,0.19666752400548698,-0.0016662280273437372,0.048118896484375,0.12666752400548698,0.266667524005487,-0.08,0.08,0.05401924912153033,0.05632315684860618,2.0430694415547177,Solve_Succeeded,0.028089708008337766,False,810.8575669262303,0.0,0.0,False,False,0.5,10,0.015,-2858.1574228467543,-0.09912118898099687,0.44401073570439814,0.3499999591675895,0.3499999561394845,0.3499999740506648,0.3499999740506648,-5.189867036126117e-08,False,False,77217.83447265625,5680.059649668205,19.25000099942194,8.921543304841213e-06,143.91822208404307,0.8400348122237011,0.7368166561589482,1.098880145389692,0.9663426523519489,0.4807149936858969,1.5,0.007381684733804169,0.0039628751550082695,0.0015802535717956004,-0.027669301938465292,0.05848110963791403,0.030446402496627712,-2492.964583448316,False
3,stress,10058,corridor_barrier_nmpc,35.5,0.25043901655899886,0.05459976819437318,2.118502512082695,0.2533923872954131,0.062102046947877305,2.119392151119519,0.19833344050068585,-0.0016832714843749985,0.04728149780273438,0.12833344050068585,0.26833344050068586,-0.08,0.08,0.05210557605831301,0.056283039678748176,2.0712210142799603,Solve_Succeeded,0.034161167044658214,False,4288.727750554704,0.003949887417813935,0.0,True,False,0.5,10,0.015,-2863.9079019862675,-0.09913858891329017,0.44539096867389644,0.3500000097006401,0.34999996349109375,0.34999996722298565,0.34999996722298565,-1.3655358288566788e-08,False,False,77092.22467041016,5667.692818720325,19.20808920222448,9.100017806250023e-06,146.15876158033814,0.8400348122237011,0.7368166561589482,1.098880145389692,0.9663426523519489,0.4807149936858969,1.5,0.007381684733804169,0.0039628751550082695,0.0015802535717956004,-0.027669301938465292,0.05848110963791403,0.030446402496627712,-2492.964583448316,False
3,stress,10058,corridor_barrier_nmpc,36.0,0.25018997556835304,0.054542492608243745,2.1457880770688558,0.23520336724329524,0.0553968364393545,2.145494865899905,0.2,-0.001700124511718755,0.046435625,0.13,0.27,-0.08,0.08,0.05018997556835303,0.0562426171199625,2.099352452068856,Solve_Succeeded,0.02777045901166275,False,808.1923116558892,0.0,0.0,False,False,0.5,10,0.015,-2869.811699909363,-0.09915684539068537,0.44678565618904953,0.3499999703663186,0.34999996841517467,0.3499999679938393,0.3499999679938393,1.5417073173651374e-09,False,False,76965.34375,5655.232817650954,19.165861646911356,9.283923379264685e-06,148.4576322366795,0.8400348122237011,0.7368166561589482,1.098880145389692,0.9663426523519489,0.4807149936858969,1.5,0.007381684733804169,0.0039628751550082695,0.0015802535717956004,-0.027669301938465292,0.05848110963791403,0.030446402496627712,-2492.964583448316,False
3,stress,10058,corridor_barrier_nmpc,36.5,0.2499397287777533,0.05448509899698576,2.1730449747514418,0.25700867466286104,0.05044091981242321,2.1728107968191153,0.2016665594993141,-0.0017167871093750064,0.04558137329101562,0.1316665594993141,0.2716665594993141,-0.08,0.08,0.04827316927843919,0.05620188610636077,2.127463601460426,Solve_Succeeded,0.02931420796085149,False,842.577719104857,0.00034211516354692995,0.0,False,False,0.5,10,0.015,-2875.8725549287337,-0.09917597674117742,0.4481946908824673,0.3499999422297041,0.3499999591675895,0.3499999622869028,0.3499999622869028,-1.1413873068910618e-08,False,False,76837.20599365234,5642.681182099389,19.123323537839543,9.473422924156635e-06,150.81618681697955,0.8400348122237011,0.7368166561589482,1.098880145389692,0.9663426523519489,0.4807149936858969,1.5,0.007381684733804169,0.0039628751550082695,0.0015802535717956004,-0.027669301938465292,0.05848110963791403,0.030446402496627712,-2492.964583448316,False
3,stress,10058,corridor_barrier_nmpc,37.0,0.24968834515043753,0.054427584220046635,2.2002731453327002,0.24724756613353743,0.05386285950965625,2.2010497928454575,0.20333247599451304,-0.001733259277343746,0.044718837890624995,0.13333247599451303,0.27333247599451305,-0.08,0.08,0.04635586915592449,0.05616084349739038,2.1555543074420753,Solve_Succeeded,0.027816166984848678,False,844.3981673671474,0.0,0.0,False,False,0.5,10,0.015,-2882.0943296612845,-0.09919600633509773,0.44961796539402865,0.3499999608293444,0.3500000097006401,0.34999999294399897,0.34999999294399897,6.131419238997182e-08,False,False,76707.82568359375,5630.039437052273,19.080480043263627,9.668684735395058e-06,153.2358133461051,0.8400348122237011,0.7368166561589482,1.098880145389692,0.9663426523519489,0.4807149936858969,1.5,0.007381684733804169,0.0039628751550082695,0.0015802535717956004,-0.027669301938465292,0.05848110963791403,0.030446402496627712,-2492.964583448316,False
3,stress,10058,corridor_barrier_nmpc,37.5,0.24943588496043798,0.05436994505971819,2.2274725274253053,0.252929094178379,0.04629107515473277,2.22876084865989,0.2049971064814815,-0.0017495410156249946,0.04384811401367188,0.1349971064814815,0.2749971064814815,-0.08,0.08,0.04443877847895647,0.056119486075343186,2.1836244134116334,Solve_Succeeded,0.03539279196411371,False,754.9605525286061,0.0,0.0,False,False,0.5,10,0.015,-2888.480916350011,-0.09921693781333293,0.45105537233944787,0.3499999047809176,0.3499999703663186,0.3499999783455691,0.3499999783455691,-2.9196859707703027e-08,False,False,76577.21710205078,5617.309097111061,19.037336296242305,9.869882668250392e-06,155.71793581293414,0.8400348122237011,0.7368166561589482,1.098880145389692,0.9663426523519489,0.4807149936858969,1.5,0.007381684733804169,0.0039628751550082695,0.0015802535717956004,-0.027669301938465292,0.05848110963791403,0.030446402496627712,-2492.964583448316,False
3,stress,10058,corridor_barrier_nmpc,38.0,0.24918240066102348,0.054312178220539506,2.2546430580136314,0.24530436172457867,0.0562424336043786,2.253588369650539,0.20665980795610428,-0.0017656323242187522,0.042969296875,0.13665980795610427,0.2766598079561043,-0.08,0.08,0.042522592704919204,0.05607781054475826,2.2116737611386315,Solve_Succeeded,0.03861945797689259,False,879.2807692242563,0.0,0.0,False,False,0.5,10,0.015,-2895.036369761528,-0.099238788832485,0.45250680427969014,0.34999997059740484,0.3499999422297041,0.34999995499352793,0.34999995499352793,-4.670408237927859e-08,False,False,76445.39453125,5604.4916667489015,18.99389739550893,1.0077196310426011e-05,158.26401488405355,0.8400348122237011,0.7368166561589482,1.098880145389692,0.9663426523519489,0.4807149936858969,1.5,0.007381684733804169,0.0039628751550082695,0.0015802535717956004,-0.027669301938465292,0.05848110963791403,0.030446402496627712,-2492.964583448316,False
3,stress,10058,corridor_barrier_nmpc,38.5,0.2489279376617563,0.054254280326042424,2.281784672414063,0.24098538445065326,0.056722512059300234,2.2779900804012927,0.20831993741426613,-0.0017815332031249978,0.042082481689453125,0.13831993741426613,0.27831993741426614,-0.08,0.08,0.04060800024749017,0.05603581352916742,2.23970219072461,Solve_Succeeded,0.028727207973133773,False,863.9652761851754,0.0,0.0,False,False,0.5,10,0.015,-2901.764847886224,-0.09926157496153924,0.4539721536912043,0.34999997515989545,0.3499999608293444,0.3499999587668898,0.3499999587668898,7.546723690410317e-09,False,False,76312.37225341797,5591.588640557487,18.950168406308123,1.0290811158832291e-05,160.87554862788716,0.8400348122237011,0.7368166561589482,1.098880145389692,0.9663426523519489,0.4807149936858969,1.5,0.007381684733804169,0.0039628751550082695,0.0015802535717956004,-0.027669301938465292,0.05848110963791403,0.030446402496627712,-2492.964583448316,False
3,stress,10058,corridor_barrier_nmpc,39.0,0.24867253502335135,0.054196247916683614,2.3088973042339758,0.2452988944737083,0.05672765487901826,2.308099953189909,0.20997685185185183,-0.0017972436523437524,0.041187763671875,0.13997685185185182,0.27997685185185184,-0.08,0.08,0.03869568317149952,0.055993491569027366,2.267709540562101,Solve_Succeeded,0.02934729104163125,False,889.3149021748468,0.0,0.0,False,False,0.5,10,0.015,-2908.670555368899,-0.09928529571639337,0.4554513129369436,0.349999973645079,0.3499999047809176,0.34999992386027334,0.34999992386027334,-6.981323286137098e-08,False,False,76178.16455078125,5578.601503484431,18.90615436120024,1.051091880161715e-05,163.55407324900148,0.8400348122237011,0.7368166561589482,1.098880145389692,0.9663426523519489,0.4807149936858969,1.5,0.007381684733804169,0.0039628751550082695,0.0015802535717956004,-0.027669301938465292,0.05848110963791403,0.030446402496627712,-2492.964583448316,False
3,stress,10058,corridor_barrier_nmpc,39.5,0.24841622607944855,0.05413807744890854,2.335980885329963,0.2572412701013796,0.05430116614650015,2.333776993794828,0.21162990826474626,-0.001812763671875002,0.04028523803710937,0.14162990826474625,0.28162990826474626,-0.08,0.08,0.03678631781470229,0.055950841120783544,2.2956956472928534,Solve_Succeeded,0.028543416992761195,False,908.4648347581251,0.0,0.0,False,False,0.5,10,0.015,-2915.7579026497747,-0.09930997264672574,0.4569441742381477,0.34999996139369416,0.34999997059740484,0.34999995407988516,0.34999995407988516,6.043922362586329e-08,False,False,76042.7857055664,5565.531731061606,18.861860260835236,1.0737717105569047e-05,166.3011638323264,0.8400348122237011,0.7368166561589482,1.098880145389692,0.9663426523519489,0.4807149936858969,1.5,0.007381684733804169,0.0039628751550082695,0.0015802535717956004,-0.027669301938465292,0.05848110963791403,0.030446402496627712,-2492.964583448316,False
3,stress,10058,corridor_barrier_nmpc,40.0,0.2481590389924075,0.05407976529103307,2.363035345764802,0.24191556439835807,0.05600777533109697,2.36268582290032,0.21327846364883404,-0.0018280932617187468,0.039375,0.14327846364883404,0.283278463648834,-0.08,0.08,0.034880575343573444,0.055907858552751814,2.323660345764802,Solve_Succeeded,0.028095624991692603,False,864.4809016542096,0.0,0.0,False,False,0.5,10,0.015,-2923.031301801372,-0.09933559978857814,0.45845062964685884,0.3499999755435164,0.34999997515989545,0.34999996770994135,0.34999996770994135,2.7260112389626556e-08,False,False,75906.25,5552.380789624953,18.817291074697604,1.0971410409008716e-05,169.1184350970005,0.8400348122237011,0.7368166561589482,1.098880145389692,0.9663426523519489,0.4807149936858969,1.5,0.007381684733804169,0.0039628751550082695,0.0015802535717956004,-0.027669301938465292,0.05848110963791403,0.030446402496627712,-2492.964583448316,False
3,stress,10058,corridor_barrier_nmpc,40.5,0.24790099725024176,0.054021307723208734,2.3900606137633815,0.2299477656196595,0.05784757163477938,2.3922577625699333,0.214921875,-0.0018432324218749935,0.038457144775390625,0.144921875,0.284921875,-0.08,0.08,0.032979122250241744,0.05586454014508373,2.351603468987991,Solve_Succeeded,0.027761999983340502,False,856.4526925515448,0.0,0.0,False,False,0.5,10,0.015,-2930.4953287071494,-0.09936218215840167,0.4599705710191495,0.34999999061107284,0.349999973645079,0.34999997154752294,0.34999997154752294,7.675163171683153e-09,False,False,75768.5717163086,5539.150136526166,18.77245174182378,1.1212209720286519e-05,172.00754215952014,0.8400348122237011,0.7368166561589482,1.098880145389692,0.9663426523519489,0.4807149936858969,1.5,0.007381684733804169,0.0039628751550082695,0.0015802535717956004,-0.027669301938465292,0.05848110963791403,0.030446402496627712,-2492.964583448316,False
3,stress,10058,corridor_barrier_nmpc,41.0,0.24764212011099135,0.053962700934144875,2.4170566156677977,0.24679586443673368,0.05379874883986599,2.4124894717125294,0.21655949931412896,-0.001858181152343763,0.03753176757812501,0.14655949931412895,0.28655949931412894,-0.08,0.08,0.031082620796862387,0.05582088208648864,2.3795248480896727,Solve_Succeeded,0.029339749948121607,False,858.2863300721207,0.0,0.0,False,False,0.5,10,0.015,-2938.1546700871177,-0.09938972246321853,0.46150388998903746,0.34999996582014986,0.34999996139369416,0.3499999649821914,0.3499999649821914,-1.3130663112370655e-08,False,False,75629.76513671875,5525.841220336646,18.727347171493353,1.1460332922003378e-05,174.97018130585744,0.8400348122237011,0.7368166561589482,1.098880145389692,0.9663426523519489,0.4807149936858969,1.5,0.007381684733804169,0.0039628751550082695,0.0015802535717956004,-0.027669301938465292,0.05848110963791403,0.030446402496627712,-2492.964583448316,False
3,stress,10058,corridor_barrier_nmpc,41.5,0.2473824229995103,0.0539039410188906,2.4440232758910816,0.24235526102174046,0.05120778536012621,2.4427911441224746,0.21819069358710566,-0.0018729394531250138,0.03659896362304686,0.14819069358710565,0.2881906935871057,-0.08,0.08,0.029191729412404638,0.055776880472015615,2.4074243122680348,Solve_Succeeded,0.0298825420322828,False,825.3884115847482,0.0,0.0,False,False,0.5,10,0.015,-2946.01414632254,-0.09941822572786845,0.4630504779430665,0.34999994914135296,0.3499999755435164,0.3499999718110046,0.3499999718110046,1.3657626474206097e-08,False,False,75489.84454345703,5512.455481044132,18.68198224389546,1.1716004981072559e-05,178.00809077216883,0.8400348122237011,0.7368166561589482,1.098880145389692,0.9663426523519489,0.4807149936858969,1.5,0.007381684733804169,0.0039628751550082695,0.0015802535717956004,-0.027669301938465292,0.05848110963791403,0.030446402496627712,-2492.964583448316,False
3,stress,10058,corridor_barrier_nmpc,42.0,0.2471219178617623,0.053845023976160575,2.470960516869698,0.24958756654275335,0.05188214712303496,2.4712847798741,0.21981481481481485,-0.0018875073242187387,0.03565882812499999,0.14981481481481485,0.28981481481481486,-0.08,0.08,0.027307103046947445,0.055732531300379314,2.435301688744698,Solve_Succeeded,0.03044637496350333,False,862.3443783347278,0.0,0.0,False,False,0.5,10,0.015,-2954.0786784492448,-0.09944769140896509,0.46461022599553314,0.3499999525237413,0.34999999061107284,0.34999998396688037,0.34999998396688037,2.4311751500860623e-08,False,False,75348.82421875,5498.99435024233,18.63636181077146,1.197945816474075e-05,181.12305153370303,0.8400348122237011,0.7368166561589482,1.098880145389692,0.9663426523519489,0.4807149936858969,1.5,0.007381684733804169,0.0039628751550082695,0.0015802535717956004,-0.027669301938465292,0.05848110963791403,0.030446402496627712,-2492.964583448316,False
3,stress,10058,corridor_barrier_nmpc,42.5,0.24686061348110397,0.05378594570632126,2.4978682590148766,0.2506372364010573,0.05273643180325909,2.4993519729826734,0.2214312199931413,-0.0019018847656249865,0.034711456298828124,0.1514312199931413,0.2914312199931413,-0.08,0.08,0.025429393487962665,0.05568783047194625,2.4631568027160484,Solve_Succeeded,0.030418000009376556,False,884.4536401536171,0.0,0.0,False,False,0.5,10,0.015,-2962.353295916325,-0.09947811494455733,0.46618302496434094,0.34999995845656595,0.34999996582014986,0.34999997223344415,0.34999997223344415,-2.3466872445254694e-08,False,False,75206.71844482422,5485.459251313897,18.590490696035044,1.2250932262685968e-05,184.31688810147463,0.8400348122237011,0.7368166561589482,1.098880145389692,0.9663426523519489,0.4807149936858969,1.5,0.007381684733804169,0.0039628751550082695,0.0015802535717956004,-0.027669301938465292,0.05848110963791403,0.030446402496627712,-2492.964583448316,False
3,stress,10058,corridor_barrier_nmpc,43.0,0.24659851576063133,0.05372670200922228,2.5247464206628956,0.24657156702757121,0.053571489694744,2.5264019701337563,0.22303926611796981,-0.0019160717773437363,0.033756943359375007,0.1530392661179698,0.2930392661179698,-0.08,0.08,0.02355924964266151,0.05564277378656601,2.4909894773035206,Solve_Succeeded,0.03134529199451208,False,891.1954127259316,0.0,0.0,False,False,0.5,10,0.015,-2970.8431867974764,-0.09950949800847025,0.46776876534746137,0.3499999662973351,0.34999994914135296,0.349999957302403,0.349999957302403,-2.986208225141951e-08,False,False,75063.54150390625,5471.851599607084,18.544373696370922,1.2530674815310241e-05,187.59146932625106,0.8400348122237011,0.7368166561589482,1.098880145389692,0.9663426523519489,0.4807149936858969,1.5,0.007381684733804169,0.0039628751550082695,0.0015802535717956004,-0.027669301938465292,0.05848110963791403,0.030446402496627712,-2492.964583448316,False
3,stress,10058,corridor_barrier_nmpc,43.5,0.24633562797484668,0.05366728858102381,2.551594918024028,0.24480892134267965,0.05167848298446692,2.5508517301804225,0.2246383101851852,-0.001930068359375016,0.03279538452148439,0.1546383101851852,0.2946383101851852,-0.08,0.08,0.02169731778966147,0.05559735694039883,2.5187995335025435,Solve_Succeeded,0.028077290975488722,False,880.8755670832417,0.0,0.0,False,False,0.5,10,0.015,-2979.5536647890167,-0.09954184067844007,0.469367337299987,0.34999994734012446,0.3499999525237413,0.34999995421258345,0.34999995421258345,-6.179639133740977e-09,False,False,74919.30767822266,5458.172802606335,18.49801558181297,1.2818941348343532e-05,190.9487092093523,0.8400348122237011,0.7368166561589482,1.098880145389692,0.9663426523519489,0.4807149936858969,1.5,0.007381684733804169,0.0039628751550082695,0.0015802535717956004,-0.027669301938465292,0.05848110963791403,0.030446402496627712,-2492.964583448316,False
3,stress,10058,corridor_barrier_nmpc,44.0,0.2460719509937673,0.053607701011684286,2.578413665130072,0.25166977461808404,0.05232689354782552,2.580010654592224,0.22622770919067217,-0.0019438745117187697,0.03182687499999999,0.15622770919067216,0.2962277091906722,-0.08,0.08,0.01984424180309513,0.055551575523403056,2.546586790130072,Solve_Succeeded,0.027913375000935048,False,913.7237459501263,0.0,0.0,False,False,0.5,10,0.015,-2988.490160422358,-0.09957513925497996,0.47097863061175976,0.3499999528205532,0.34999995845656595,0.34999995695668645,0.34999995695668645,5.488206000769935e-09,False,False,74774.03125,5444.424260097118,18.451421096302866,1.3115995613875737e-05,194.39056771974796,0.8400348122237011,0.7368166561589482,1.098880145389692,0.9663426523519489,0.4807149936858969,1.5,0.007381684733804169,0.0039628751550082695,0.0015802535717956004,-0.027669301938465292,0.05848110963791403,0.030446402496627712,-2492.964583448316,False
3,stress,10058,corridor_barrier_nmpc,44.5,0.2458074834825427,0.05354793478262403,2.6052025737806646,0.24997538070735084,0.05602011551243616,2.6031837800515394,0.2278068201303155,-0.001957490234374991,0.030851510009765618,0.1578068201303155,0.2978068201303155,-0.08,0.08,0.018000663352227192,0.055505425016999024,2.574351063770899,Solve_Succeeded,0.030712790961842984,False,956.2021705853921,0.0,0.0,False,False,0.5,10,0.015,-2997.658240211017,-0.09960938983001338,0.472602534685558,0.3499999781050297,0.3499999662973351,0.3499999629962265,0.3499999629962265,1.2079080069504755e-08,False,False,74627.72650146484,5430.607364325257,18.40459495823004,1.3422109837931645e-05,197.9190516168868,0.8400348122237011,0.7368166561589482,1.098880145389692,0.9663426523519489,0.4807149936858969,1.5,0.007381684733804169,0.0039628751550082695,0.0015802535717956004,-0.027669301938465292,0.05848110963791403,0.030446402496627712,-2492.964583448316,False
3,stress,10058,corridor_barrier_nmpc,45.0,0.24554222207907994,0.05348798526400628,2.631961553488331,0.24380925386298602,0.05765792774598641,2.631406840712052,0.22937500000000002,-0.001970915527343728,0.029869384765625,0.15937500000000002,0.29937500000000006,-0.08,0.08,0.016167222079079918,0.055458900791350005,2.6020921687227063,Solve_Succeeded,0.03446187498047948,False,971.2711646220951,0.0,0.0,False,False,0.5,10,0.015,-3007.063594225373,-0.09964458536998533,0.47423893851582877,0.3499999894862131,0.34999994734012446,0.34999995287319774,0.34999995287319774,-2.024605749717523e-08,False,False,74480.40771484375,5416.723500150996,18.35754186095386,1.373756497470286e-05,201.53621527866625,0.8400348122237011,0.7368166561589482,1.098880145389692,0.9663426523519489,0.4807149936858969,1.5,0.007381684733804169,0.0039628751550082695,0.0015802535717956004,-0.027669301938465292,0.05848110963791403,0.030446402496627712,-2492.964583448316,False
3,stress,10058,corridor_barrier_nmpc,45.5,0.24527616155193926,0.05342784771226678,2.6586905114222414,0.24062105845713827,0.05322545987454125,2.657145781506833,0.23093160579561045,-0.0019841503906249877,0.02888059448242189,0.16093160579561044,0.30093160579561046,-0.08,0.08,0.014344555756328814,0.05541199810289177,2.6298099169398195,Solve_Succeeded,0.03220625000540167,False,942.1385768434554,0.0,0.0,False,False,0.5,10,0.015,-3016.712085543384,-0.09968072488731311,0.47588773066795076,0.34999995081960494,0.3499999528205532,0.34999995283915847,0.34999995283915847,-6.807854280310721e-11,False,False,74332.08917236328,5402.774045198055,18.310266473308733,1.4062650967548815e-05,205.24416153390658,0.8400348122237011,0.7368166561589482,1.098880145389692,0.9663426523519489,0.4807149936858969,1.5,0.007381684733804169,0.0039628751550082695,0.0015802535717956004,-0.027669301938465292,0.05848110963791403,0.030446402496627712,-2492.964583448316,False
3,stress,10058,corridor_barrier_nmpc,46.0,0.24500929494037402,0.05336751726665471,2.6853893523504806,0.23121163727883975,0.056958166673534025,2.6846521075810457,0.23247599451303155,-0.0019971948242187704,0.027885234375000012,0.16247599451303155,0.30247599451303153,-0.08,0.08,0.012533300427342464,0.05536471209087348,2.6575041179754804,Solve_Succeeded,0.029462042031809688,False,975.9854667464597,0.0,0.0,False,False,0.5,10,0.015,-3026.609705074533,-0.09971780394484853,0.4775487992580159,0.34999997055866816,0.3499999781050297,0.34999996917573706,0.34999996917573706,3.267315717980779e-08,False,False,74182.78515625,5388.760369997873,18.26277344009299,1.4397667016877395e-05,209.04504249866193,0.8400348122237011,0.7368166561589482,1.098880145389692,0.9663426523519489,0.4807149936858969,1.5,0.007381684733804169,0.0039628751550082695,0.0015802535717956004,-0.027669301938465292,0.05848110963791403,0.030446402496627712,-2492.964583448316,False
3,stress,10058,corridor_barrier_nmpc,46.5,0.24474161367836358,0.05330698894667721,2.7120579785808157,0.2551844216515231,0.04979727366491829,2.711272287291217,0.23400752314814816,-0.0020100488281250273,0.02688339965820312,0.16400752314814815,0.30400752314814816,-0.08,0.08,0.010734090530215429,0.055317037774802236,2.6851745789226125,Solve_Succeeded,0.028514375037048012,False,973.0864984895443,0.0,0.0,False,False,0.5,10,0.015,-3036.762567889775,-0.0997558137720394,0.4792220319331153,0.3499994195850367,0.3499999894862131,0.34999998230822255,0.34999998230822255,2.6264970975908852e-08,False,False,74032.50994873047,5374.683838129254,18.215067382542145,1.4742921855012953e-05,212.94106041565325,0.8400348122237011,0.7368166561589482,1.098880145389692,0.9663426523519489,0.4807149936858969,1.5,0.007381684733804169,0.0039628751550082695,0.0015802535717956004,-0.027669301938465292,0.05848110963791403,0.030446402496627712,-2492.964583448316,False
3,stress,10058,corridor_barrier_nmpc,47.0,0.24447310770453384,0.05324625764961756,2.7386962899002056,0.24842594428503553,0.054529013288247406,2.7362234611639757,0.235525548696845,-0.0020227124023437446,0.025875185546874985,0.165525548696845,0.305525548696845,-0.08,0.08,0.008947559007688843,0.055268970051961304,2.712821104353331,Solve_Succeeded,0.028439750021789223,False,1002.6689304138508,0.0,0.0,False,False,0.5,10,0.015,-3047.1769260586884,-0.099794743469313,0.48090731585211915,0.349999971644487,0.34999995081960494,0.3499999619480984,0.3499999619480984,-4.072024828438714e-08,False,False,73881.27783203125,5360.54580635363,18.16715289878729,1.509873402815746e-05,216.93446849607608,0.8400348122237011,0.7368166561589482,1.098880145389692,0.9663426523519489,0.4807149936858969,1.5,0.007381684733804169,0.0039628751550082695,0.0015802535717956004,-0.027669301938465292,0.05848110963791403,0.030446402496627712,-2492.964583448316,False
3,stress,10058,corridor_barrier_nmpc,47.5,0.24420376555939088,0.053185318147796784,2.7653041835130034,0.2434139095580478,0.058785053438872324,2.7643945453861436,0.23702942815500688,-0.0020351855468749847,0.024860687255859375,0.16702942815500688,0.3070294281550069,-0.08,0.08,0.007174337404384001,0.05522050369467177,2.7404434962571442,Solve_Succeeded,0.028279874997679144,False,1046.5793965339344,0.0,0.0,False,False,0.5,10,0.015,-3057.8592546218497,-0.09983459491822536,0.48260453766693817,0.3499999870296564,0.34999997055866816,0.34999996751557905,0.34999996751557905,1.1134961286352052e-08,False,False,73729.1030883789,5346.3476247460985,18.119034564299216,1.546543218554671e-05,221.02757176298067,0.8400348122237011,0.7368166561589482,1.098880145389692,0.9663426523519489,0.4807149936858969,1.5,0.007381684733804169,0.0039628751550082695,0.0015802535717956004,-0.027669301938465292,0.05848110963791403,0.030446402496627712,-2492.964583448316,False
3,stress,10058,corridor_barrier_nmpc,48.0,0.2439335744707151,0.053124165084115944,2.791881553977361,0.2291273810196554,0.04789185099899953,2.7932157762150003,0.23851851851851852,-0.0020474682617187406,0.02384,0.1685185185185185,0.3085185185185185,-0.08,0.08,0.0054150559521965735,0.055171633345834685,2.768041553977361,Solve_Succeeded,0.03072833298938349,False,1070.8490295656102,0.0,0.0,False,False,0.5,10,0.015,-3068.815803039284,-0.09987530332959998,0.48431358350425724,0.25999996196496217,0.3499994195850367,0.34999961323092876,0.34999961323092876,-7.085693005670635e-07,False,False,73576.0,5332.090636822434,18.070716932318835,1.5843355375900952e-05,225.2227278953916,0.8400348122237011,0.7368166561589482,1.098880145389692,0.9663426523519489,0.4807149936858969,1.5,0.007381684733804169,0.0039628751550082695,0.0015802535717956004,-0.027669301938465292,0.05848110963791403,0.030446402496627712,-2492.964583448316,False
3,stress,10058,corridor_barrier_nmpc,48.5,0.24366252043011238,0.05306279297656966,2.8184282931416473,0.24817627976065137,0.04951313499543217,2.8171000312307513,0.23999217678326476,-0.0020595605468750125,0.022813218994140634,0.16999217678326475,0.30999217678326474,-0.08,0.08,0.0036703436468476236,0.055122353523444675,2.7956150741475065,Solve_Succeeded,0.030732750019524246,False,1046.569526592352,0.0,0.0,False,False,0.5,10,0.015,-3080.054116070837,-0.09991700181127888,0.48603433894772885,0.25999961788296155,0.349999971644487,0.34999984497640074,0.34999984497640074,4.6349094395825574e-07,False,False,73421.9828491211,5317.776179662232,18.022204534274533,1.6232853351265024e-05,229.52234807228257,0.8400348122237011,0.7368166561589482,1.098880145389692,0.9663426523519489,0.4807149936858969,1.5,0.007381684733804169,0.0039628751550082695,0.0015802535717956004,-0.027669301938465292,0.05848110963791403,0.030446402496627712,-2492.964583448316,False
3,stress,10058,corridor_barrier_nmpc,49.0,0.2433905882563952,0.053001196192342226,2.8449442900755186,0.24261697673858024,0.053687485564606015,2.84471239141216,0.24144975994513035,-0.0020714624023437656,0.021780439453124988,0.17144975994513034,0.31144975994513036,-0.08,0.08,0.0019408283112648528,0.05507265859468599,2.8231638506223935,Solve_Succeeded,0.030001040955539793,False,1070.6247734713031,0.0,0.0,False,False,0.5,10,0.015,-3091.626735512121,-0.09996730003592605,0.4878384306542634,0.2978938859200466,0.3499999870296564,0.34999993682615926,0.34999993682615926,1.83699517042335e-07,False,False,73267.06591796875,5303.405584028344,17.973501880186948,1.6634286878328486e-05,233.92889781546796,0.8400348122237011,0.7368166561589482,1.098880145389692,0.9663426523519489,0.4807149936858969,1.5,0.007381684733804169,0.0039628751550082695,0.0015802535717956004,-0.027669301938465292,0.05848110963791403,0.030446402496627712,-2492.964583448316,False
3,stress,10058,corridor_barrier_nmpc,49.5,0.24311776142937977,0.05293936804787167,2.87142943076953,0.2485445700207181,0.053234143370793456,2.8703319266781633,0.24289062500000003,-0.002083173828124986,0.02074175659179687,0.17289062500000002,0.31289062500000003,-0.08,0.08,0.00022713642937974288,0.05502254187599666,2.850687674177733,Solve_Succeeded,0.030514083977323025,False,1086.1536390136077,0.0,0.0,False,False,0.5,10,0.015,-3050.0123259569846,-0.09125662842749646,0.4897150181989939,0.30961239911801847,0.25999996196496217,0.2918071420174556,0.2918071420174556,-0.1163855896174073,False,False,73111.26348876953,5288.980174482759,17.92461345906169,1.704802805731232e-05,238.44489783044068,0.8400348122237011,0.7368166561589482,1.098880145389692,0.9663426523519489,0.4807149936858969,1.5,0.007381684733804169,0.0039628751550082695,0.0015802535717956004,-0.027669301938465292,0.05848110963791403,0.030446402496627712,-2492.964583448316,False
3,stress,10058,corridor_barrier_nmpc,50.0,0.24284428004907882,0.05287837228341805,2.8978838654787586,0.24147946831435477,0.05406084656904517,2.8988387957722486,0.2443141289437586,-0.002094694824218736,0.019697265625,0.17431412894375858,0.3143141289437586,-0.08,0.08,-0.0014698488946797705,0.05497306710763679,2.8781865998537586,Solve_Succeeded,0.026780083950143307,False,1113.9665631346845,0.0,0.0,False,False,0.5,10,0.015,-3041.6217580731236,-0.08817074504503336,0.4916039796605237,0.2018074353249562,0.25999961788296155,0.271240817102519,0.271240817102519,-0.04113264982987319,False,False,72954.58984375,5274.501269499071,17.875543739270487,1.747446064850266e-05,243.0729248441212,0.8400348122237011,0.7368166561589482,1.098880145389692,0.9663426523519489,0.4807149936858969,1.5,0.007381684733804169,0.0039628751550082695,0.0015802535717956004,-0.027669301938465292,0.05848110963791403,0.030446402496627712,-2492.964583448316,False
3,stress,10058,corridor_barrier_nmpc,50.5,0.24257044621697949,0.05281754441852015,2.924307844273325,0.2519334483582549,0.05252963764591584,2.9260808787242873,0.2457196287722908,-0.002106025390624995,0.018647061767578132,0.1757196287722908,0.3157196287722908,-0.08,0.08,-0.003149182555311325,0.054923569809145145,2.9056607825057466,Solve_Succeeded,0.02652958402177319,False,1125.890099295925,0.0,0.0,False,False,0.5,10,0.015,-3069.016054204437,-0.09080142431300803,0.49350519329425013,0.1812409831374658,0.2978938859200466,0.2884743393019719,0.2884743393019719,0.0344670443989058,False,False,72797.05926513672,5259.970181571663,17.82629716892124,1.791398040650698e-05,247.8156124384427,0.8400348122237011,0.7368166561589482,1.098880145389692,0.9663426523519489,0.4807149936858969,1.5,0.007381684733804169,0.0039628751550082695,0.0015802535717956004,-0.027669301938465292,0.05848110963791403,0.030446402496627712,-2492.964583448316,False
3,stress,10058,corridor_barrier_nmpc,51.0,0.2422962035997815,0.05275616875812803,2.950701272178981,0.24944707420792533,0.05184237578446713,2.9477843598083693,0.24710648148148148,-0.00211716552734377,0.017591240234375007,0.17710648148148148,0.31710648148148146,-0.08,0.08,-0.0048102778816999925,0.0548733342854718,2.933110031944606,Solve_Succeeded,0.026378166978247464,False,1146.7569119428986,0.0,0.0,False,False,0.5,10,0.015,-3093.9502959841648,-0.0929096421494838,0.495418536625849,0.19847434725076724,0.30961239911801847,0.3021419295365959,0.3021419295365959,0.02733518046924799,False,False,72638.68603515625,5245.388217321746,17.776878176217384,1.8366995422301163e-05,252.67565187863576,0.8400348122237011,0.7368166561589482,1.098880145389692,0.9663426523519489,0.4807149936858969,1.5,0.007381684733804169,0.0039628751550082695,0.0015802535717956004,-0.027669301938465292,0.05848110963791403,0.030446402496627712,-2492.964583448316,False
3,stress,10058,corridor_barrier_nmpc,51.5,0.24202134727097036,0.05269429450922312,2.9770638875992432,0.22846411955683207,0.05714335809400091,2.9761384321846043,0.2484740440672154,-0.0021281152343750123,0.016529896240234362,0.1784740440672154,0.3184740440672154,-0.08,0.08,-0.00645269679624505,0.05482240974359813,2.960533991359009,Solve_Succeeded,0.026157249987591058,False,1202.9286582865325,0.0,0.0,False,False,0.5,10,0.015,-3040.5359960423193,-0.0830158253412401,0.4973438864335049,0.21214201665061286,0.2018074353249562,0.23726697103913136,0.23726697103913136,-0.1297499169949291,False,False,72479.48443603516,5230.756677600381,17.72729116980702,1.8833926473129457e-05,257.65579293503095,0.8400348122237011,0.7368166561589482,1.098880145389692,0.9663426523519489,0.4807149936858969,1.5,0.007381684733804169,0.0039628751550082695,0.0015802535717956004,-0.027669301938465292,0.05848110963791403,0.030446402496627712,-2492.964583448316,False
3,stress,10058,corridor_barrier_nmpc,52.0,0.24174608286037408,0.05263348864343791,3.0033958329828696,0.24756616206780505,0.04802438955375892,3.003337935125956,0.24982167352537724,-0.0021388745117187358,0.015463124999999994,0.17982167352537723,0.31982167352537727,-0.08,0.08,-0.008075590665003157,0.05477236315515665,2.9879327079828695,Solve_Succeeded,0.03022120799869299,False,1219.0726795886783,0.0,0.0,False,False,0.5,10,0.015,-3013.920000555976,-0.07744675922983195,0.4992811187306089,0.14726696468740566,0.1812409831374658,0.20104130738817183,0.20104130738817183,-0.07245132730191906,False,False,72319.46875,5216.076857588573,17.677540539122155,1.931520738031177e-05,262.75884469713685,0.8400348122237011,0.7368166561589482,1.098880145389692,0.9663426523519489,0.4807149936858969,1.5,0.007381684733804169,0.0039628751550082695,0.0015802535717956004,-0.027669301938465292,0.05848110963791403,0.030446402496627712,-2492.964583448316,False
3,stress,10058,corridor_barrier_nmpc,52.5,0.24147082952018034,0.052573215188715515,3.0296975085288342,0.2342725924096535,0.04923208617821074,3.0303111538182512,0.25114872685185186,-0.002149443359375003,0.014391021728515627,0.18114872685185185,0.32114872685185186,-0.08,0.08,-0.009677897331671514,0.05472265854809052,3.0153064868003185,Solve_Succeeded,0.028388583043124527,False,1281.5575755197497,0.0,0.0,False,False,0.5,10,0.015,-3022.3597452348486,-0.0771658562316267,0.5012301087489158,0.11104130165009451,0.19847434725076724,0.19938154487392126,0.19938154487392126,-0.0033195250285011357,False,False,72158.65325927734,5201.350046894582,17.627630654708497,1.9811285375004508e-05,267.98767637869963,0.8400348122237011,0.7368166561589482,1.098880145389692,0.9663426523519489,0.4807149936858969,1.5,0.007381684733804169,0.0039628751550082695,0.0015802535717956004,-0.027669301938465292,0.05848110963791403,0.030446402496627712,-2492.964583448316,False
3,stress,10058,corridor_barrier_nmpc,53.0,0.2411956691548623,0.05251277302991914,3.055969005163829,0.25250767899658505,0.056138334317121105,3.0563046977930886,0.252454561042524,-0.0021598217773437373,0.013313681640624991,0.182454561042524,0.322454561042524,-0.08,0.08,-0.011258891887661715,0.05467259480726288,3.042655323523204,Solve_Succeeded,0.026335250004194677,False,1231.615042793266,0.0,0.0,False,False,0.5,10,0.015,-3041.7055554158096,-0.07841803257252214,0.5031907309221533,0.28937755995904635,0.21214201665061286,0.20763229735366914,0.20763229735366914,0.01650150495949576,False,False,71997.05224609375,5186.577529648537,17.577565868546092,2.032262147195219e-05,273.34521811238574,0.8400348122237011,0.7368166561589482,1.098880145389692,0.9663426523519489,0.4807149936858969,1.5,0.007381684733804169,0.0039628751550082695,0.0015802535717956004,-0.027669301938465292,0.05848110963791403,0.030446402496627712,-2492.964583448316,False
3,stress,10058,corridor_barrier_nmpc,53.5,0.24092045961635805,0.05245194405023445,3.082210184006215,0.2512215443679357,0.05113929210437973,3.0857111818490215,0.25373853309327843,-0.0021700097656250084,0.01223119995117189,0.18373853309327842,0.32373853309327844,-0.08,0.08,-0.012818073476920377,0.05462195381585946,3.069978984055043,Solve_Succeeded,0.027960667037405074,False,1266.280316289969,0.0,0.0,False,False,0.5,10,0.015,-3009.2800722547418,-0.07233171128193124,0.5051628588700733,0.11763229369194123,0.14726696468740566,0.16860087070244303,0.16860087070244303,-0.07806285330245222,False,False,71834.67999267578,5171.76058459446,17.527350514361206,2.0849690851258206e-05,278.83446173268135,0.8400348122237011,0.7368166561589482,1.098880145389692,0.9663426523519489,0.4807149936858969,1.5,0.007381684733804169,0.0039628751550082695,0.0015802535717956004,-0.027669301938465292,0.05848110963791403,0.030446402496627712,-2492.964583448316,False
3,stress,10058,corridor_barrier_nmpc,54.0,0.24064527250120465,0.052391763677859624,3.1084211105025283,0.2424201551103056,0.05643009702900224,3.109413978138754,0.255,-0.0021800073242187745,0.011143671874999983,0.185,0.325,-0.08,0.08,-0.01435472749879535,0.0545717710020784,3.097277438627528,Solve_Succeeded,0.026178790954872966,False,1290.8454183811577,0.0,0.0,False,False,0.5,10,0.015,-2977.0921403579314,-0.0664815262974868,0.507146365382941,0.07860092302953091,0.11104130165009451,0.13138361373868732,0.13138361373868732,-0.07443451392751144,False,False,71671.55078125,5156.900485179787,17.47698890792972,2.1392983248192126e-05,284.458461545531,0.8400348122237011,0.7368166561589482,1.098880145389692,0.9663426523519489,0.4807149936858969,1.5,0.007381684733804169,0.0039628751550082695,0.0015802535717956004,-0.027669301938465292,0.05848110963791403,0.030446402496627712,-2492.964583448316,False
3,stress,10058,corridor_barrier_nmpc,54.5,0.240370411430632,0.05233222715807976,3.134602107768046,0.2321476790184074,0.052608395782902086,3.1349965656634557,0.2562383187585734,-0.0021898144531249802,0.010051192626953115,0.18623831875857338,0.3262383187585734,-0.08,0.08,-0.015867907327941383,0.05452204161120474,3.124550915141093,Solve_Succeeded,0.027892707963474095,False,1369.0763312929398,0.0,0.0,False,False,0.5,10,0.015,-3091.1666661692157,-0.08051561531547197,0.5091411224064528,0.04138361121152683,0.28937755995904635,0.23354041220000218,0.2213836137386873,0.18,False,True,71507.67889404297,5141.998499642501,17.426485347372413,2.195300335104057e-05,290.22033508318566,0.8400348122237011,0.7368166561589482,1.098880145389692,0.9663426523519489,0.4807149936858969,1.5,0.007381684733804169,0.0039628751550082695,0.0015802535717956004,-0.027669301938465292,0.05848110963791403,0.030446402496627712,-2492.964583448316,False
3,stress,10058,corridor_barrier_nmpc,55.0,0.2400954420595093,0.052270409248249654,3.1607527664175015,0.2481793612892644,0.05869418346510824,3.159821051152162,0.2574528463648834,-0.0021994311523437365,0.008953857421875003,0.1874528463648834,0.3274528463648834,-0.08,0.08,-0.017357404305374108,0.05446984040059339,3.1517989089956266,Solve_Succeeded,0.0264667920419015,False,1325.9010365178024,0.0,0.0,False,False,0.5,10,0.015,-3028.4068259910146,-0.07063177788840438,0.5111470010270767,0.31138313030240017,0.11763229369194123,0.15859575396643005,0.15859575396643005,-0.12557571954451452,False,False,71343.07861328125,5127.055891095932,17.375844113442373,2.25302712069964e-05,296.1232638426605,0.8400348122237011,0.7368166561589482,1.098880145389692,0.9663426523519489,0.4807149936858969,1.5,0.007381684733804169,0.0039628751550082695,0.0015802535717956004,-0.027669301938465292,0.05848110963791403,0.030446402496627712,-2492.964583448316,False
3,stress,10058,corridor_barrier_nmpc,55.5,0.23982014812119853,0.052209846647754854,3.1868728299301683,0.2476061344424619,0.04897650705344027,3.1878422910878466,0.25864293981481484,-0.002208857421874988,0.007851761474609378,0.18864293981481484,0.32864293981481485,-0.08,0.08,-0.01882279169361631,0.05441870406962984,3.179021068455559,Solve_Succeeded,0.02914579102071002,False,1396.0108090671267,0.0,0.0,False,False,0.5,10,0.015,-2975.8002029665254,-0.0624176309783778,0.5131638714578081,0.06859574668499636,0.07860092302953091,0.10687215304712648,0.10687215304712648,-0.10344720183860714,False,False,71177.7642211914,5112.073917611333,17.325069469804838,2.3125322636069245e-05,302.17049400615116,0.8400348122237011,0.7368166561589482,1.098880145389692,0.9663426523519489,0.4807149936858969,1.5,0.007381684733804169,0.0039628751550082695,0.0015802535717956004,-0.027669301938465292,0.05848110963791403,0.030446402496627712,-2492.964583448316,False
3,stress,10058,corridor_barrier_nmpc,56.0,0.2395451088316557,0.05215033628262296,3.212962875192986,0.24386389427754027,0.04727209279266833,3.2117258462382474,0.2598079561042524,-0.002218093261718762,0.006745000000000015,0.18980795610425238,0.3298079561042524,-0.08,0.08,-0.020262847272596696,0.05436842954434172,3.206217875192986,Solve_Succeeded,0.028857375029474497,False,1460.1102141718497,0.0,0.0,False,False,0.5,10,0.015,-2932.087505506011,-0.055626353149406484,0.5151916030243355,0.01687214572036339,0.04138361121152683,0.06452812702670002,0.06452812702670002,-0.08468805204085292,False,False,71011.75,5097.053832298304,17.27416566330976,2.373870965298569e-05,308.365337141677,0.8400348122237011,0.7368166561589482,1.098880145389692,0.9663426523519489,0.4807149936858969,1.5,0.007381684733804169,0.0039628751550082695,0.0015802535717956004,-0.027669301938465292,0.05848110963791403,0.030446402496627712,-2492.964583448316,False
3,stress,10058,corridor_barrier_nmpc,56.5,0.2392707529931549,0.05209170026729307,3.239023383852802,0.25096058119647324,0.05450976625367466,3.2403315427936317,0.260947252229081,-0.0022271386718750175,0.005633668212890616,0.190947252229081,0.330947252229081,-0.08,0.08,-0.0216764992359261,0.054318838939168085,3.233389715639911,Solve_Succeeded,0.02875670901266858,False,1396.7510597402897,0.0,0.0,False,False,0.5,10,0.015,-3055.672843150143,-0.06984433165492057,0.5172300641516114,-0.0254718726575539,0.31138313030240017,0.224141311089023,0.15452812702670002,0.18,False,True,70845.0502319336,5081.996883383135,17.223136924257314,2.437100089703433e-05,314.7111708821694,0.8400348122237011,0.7368166561589482,1.098880145389692,0.9663426523519489,0.4807149936858969,1.5,0.007381684733804169,0.0039628751550082695,0.0015802535717956004,-0.027669301938465292,0.05848110963791403,0.030446402496627712,-2492.964583448316,False
3,stress,10058,corridor_barrier_nmpc,57.0,0.23899661673956,0.05203059264780422,3.2650539565950187,0.24850691893769708,0.04837853484865817,3.2668053596897897,0.2620601851851852,-0.00223599365234374,0.004517861328124997,0.1920601851851852,0.3320601851851852,-0.08,0.08,-0.02306356844562521,0.05426658630014796,3.2605360952668936,Solve_Succeeded,0.029085708025377244,False,1482.6245649795192,0.0,0.0,False,False,0.5,10,0.015,-3026.223421518406,-0.06484956883626386,0.5192791223508177,0.06452811940592183,0.06859574668499636,0.12356760396602162,0.12356760396602162,-0.06192104612135679,False,False,70677.67919921875,5066.904314285146,17.171987466656617,2.5022782069794727e-05,321.2114395811454,0.8400348122237011,0.7368166561589482,1.098880145389692,0.9663426523519489,0.4807149936858969,1.5,0.007381684733804169,0.0039628751550082695,0.0015802535717956004,-0.027669301938465292,0.05848110963791403,0.030446402496627712,-2492.964583448316,False
3,stress,10058,corridor_barrier_nmpc,57.5,0.23872224483316903,0.05197007413658996,3.2910541227946615,0.25159471750253026,0.04779935127229248,3.291913726529374,0.26314611196844995,-0.0022446582031249857,0.003397674560546876,0.19314611196844994,0.33314611196844995,-0.08,0.08,-0.024423867135280913,0.054214732339714945,3.2876564482341144,Solve_Succeeded,0.031074291036929935,False,1503.452288248473,0.0,0.0,False,False,0.5,10,0.015,-2943.828562928658,-0.05371608483105771,0.5213386442067272,0.03356759595844819,0.01687214572036339,0.054579730155102035,0.054579730155102035,-0.13797574762183917,False,False,70509.65118408203,5051.777363691093,17.120721488477898,2.5694656380674238e-05,327.86965494305673,0.8400348122237011,0.7368166561589482,1.098880145389692,0.9663426523519489,0.4807149936858969,1.5,0.007381684733804169,0.0039628751550082695,0.0015802535717956004,-0.027669301938465292,0.05848110963791403,0.030446402496627712,-2492.964583448316,False
3,stress,10058,corridor_barrier_nmpc,58.0,0.23844819603855683,0.051911203634432856,3.3170244417318644,0.24132460077762674,0.04161007398031542,3.3144273344541006,0.26420438957475995,-0.00225313232421874,0.0022732031250000118,0.19420438957475994,0.33420438957475995,-0.08,0.08,-0.02575619353620312,0.0541643359586516,3.3147512386068643,Solve_Succeeded,0.03229054203256965,False,9452.9363221731,0.011713068104279106,0.0,False,False,0.5,10,0.015,-2880.8371060081704,-0.04526964572293025,0.5234084953654483,-0.035420279835374845,-0.0254718726575539,0.002819421290913858,0.002819421290913858,-0.10352061772837635,False,False,70340.98046875,5036.617265627709,17.06934317189833,2.638724500015754e-05,334.6893966263094,0.8400348122237011,0.7368166561589482,1.098880145389692,0.9663426523519489,0.4807149936858969,1.5,0.007381684733804169,0.0039628751550082695,0.0015802535717956004,-0.027669301938465292,0.05848110963791403,0.030446402496627712,-2492.964583448316,False
3,stress,10058,corridor_barrier_nmpc,58.5,0.23817512343913955,0.0518535930601696,3.3429656403918906,0.23504032291539223,0.04683282197602456,3.3437711098724483,0.265234375,-0.0022614160156250174,0.001144542236328136,0.19523437500000002,0.33523437500000003,-0.08,0.08,-0.027059251560860476,0.05411500907579462,3.3418210981555623,Solve_Succeeded,0.028249500028323382,False,1670.287490539866,0.0,0.0,False,False,0.5,10,0.015,-2944.106456404722,-0.0515775659781686,0.5254885405225552,-0.08718058398833503,0.06452811940592183,0.04271945029489012,0.04271945029489012,0.07980005800795252,False,False,70171.68133544922,5021.425249532426,17.01785668354173,2.710118752065771e-05,341.67431281691023,0.8400348122237011,0.7368166561589482,1.098880145389692,0.9663426523519489,0.4807149936858969,1.5,0.007381684733804169,0.0039628751550082695,0.0015802535717956004,-0.027669301938465292,0.05848110963791403,0.030446402496627712,-2492.964583448316,False
3,stress,10058,corridor_barrier_nmpc,59.0,0.23790291310718337,0.05179471719793125,3.3688777174343274,0.2575467476328971,0.04435280924465325,3.3688074823087812,0.26623542524005483,-0.002269509277343776,1.1787109374994387e-05,0.19623542524005483,0.33623542524005484,-0.08,0.08,-0.028332512132871468,0.05406422647527503,3.3688659303249526,Solve_Succeeded,0.02881225000601262,False,1610.3882447936487,0.0,0.0,False,False,0.5,10,0.015,-2943.925654119291,-0.05049956059783673,0.5275786434115908,-0.047280555586669555,0.03356759595844819,0.03680198218069262,0.03680198218069262,-0.011834936228395002,False,False,70001.76806640625,5006.2025403223815,16.966266174712413,2.7837142424836717e-05,348.8281207706108,0.8400348122237011,0.7368166561589482,1.098880145389692,0.9663426523519489,0.4807149936858969,1.5,0.007381684733804169,0.0039628751550082695,0.0015802535717956004,-0.027669301938465292,0.05848110963791403,0.030446402496627712,-2492.964583448316,False
3,stress,10058,corridor_barrier_nmpc,59.5,0.23763118207510567,0.051735845064034724,3.39476035746836,0.2419905461177656,0.04813629874489011,3.3941587786744996,0.2672068972908094,-0.0022774121093750016,-0.0011249670410156398,0.19720689729080937,0.3372068972908094,-0.08,0.08,-0.029575715215703707,0.054013257173409726,3.3958853245093756,Solve_Succeeded,0.03143199998885393,False,1661.613713645298,0.0,0.0,False,False,0.5,10,0.015,-2882.9042454352048,-0.042767993824152556,0.5296786667929451,-0.053198024265705184,-0.035420279835374845,-0.009895978353221528,-0.009895978353221528,-0.09339592106782829,False,False,69831.25494384766,4990.950358461709,16.914575781623235,2.85957875612431e-05,356.15460732134704,0.8400348122237011,0.7368166561589482,1.098880145389692,0.9663426523519489,0.4807149936858969,1.5,0.007381684733804169,0.0039628751550082695,0.0015802535717956004,-0.027669301938465292,0.05848110963791403,0.030446402496627712,-2492.964583448316,False
3,stress,10058,corridor_barrier_nmpc,60.0,0.2373601755371699,0.05167819346919602,3.420613866561137,0.2205372280022201,0.05330380428309761,3.419585943358999,0.26814814814814814,-0.0022851245117187363,-0.002265625000000007,0.19814814814814813,0.33814814814814814,-0.08,0.08,-0.030787972610978237,0.053963317980914756,3.422879491561137,Solve_Succeeded,0.028877042001113296,False,1750.7291166521784,0.0,0.0,False,False,0.5,10,0.015,-2813.5935817067266,-0.03444055406379676,0.5317884724430973,-0.09989597951149486,-0.08718058398833503,-0.059867183395577284,-0.059867183395577284,-0.09994241008471151,False,False,69660.15625,4975.6699200272205,16.86278962561822,2.9377820627094256e-05,363.6576293537263,0.8400348122237011,0.7368166561589482,1.098880145389692,0.9663426523519489,0.4807149936858969,1.5,0.007381684733804169,0.0039628751550082695,0.0015802535717956004,-0.027669301938465292,0.05848110963791403,0.030446402496627712,-2492.964583448316,False
3,stress,10058,corridor_barrier_nmpc,60.5,0.23709043589410228,0.05162192818763617,3.446438896426663,0.24652920050551913,0.05055562690449364,3.4449674375153916,0.2690585348079561,-0.00229264648437498,-0.003410091552734376,0.1990585348079561,0.3390585348079561,-0.08,0.08,-0.031968098913853826,0.05391457467201115,3.449848987979397,Solve_Succeeded,0.033549916988704354,False,1656.7969259431804,0.0,0.0,False,False,0.5,10,0.015,-2831.3358591160986,-0.03559430251326731,0.533907921144225,-0.14986718856005726,-0.047280555586669555,-0.051728836128848404,-0.051728836128848404,0.01627669453345776,False,False,69488.48626708984,4960.362436772506,16.81091181338977,3.0183959658005326e-05,371.3411142372033,0.8400348122237011,0.7368166561589482,1.098880145389692,0.9663426523519489,0.4807149936858969,1.5,0.007381684733804169,0.0039628751550082695,0.0015802535717956004,-0.027669301938465292,0.05848110963791403,0.030446402496627712,-2492.964583448316,False
3,stress,10058,corridor_barrier_nmpc,61.0,0.23682206782652065,0.05156530815645186,3.4722357049559123,0.23308862074126746,0.05015728427108593,3.470082568861432,0.26993741426611795,-0.0022999780273437603,-0.004558271484374987,0.19993741426611794,0.33993741426611795,-0.08,0.08,-0.03311534643959729,0.05386528618379562,3.476793976440287,Solve_Succeeded,0.029430790978949517,False,1771.7742483654943,0.0,0.0,False,False,0.5,10,0.015,-2835.2598692085166,-0.03525999508626161,0.5360368726741661,-0.1417288402693289,-0.053198024265705184,-0.05267879376956269,-0.05267879376956269,-0.001899915281428577,False,False,69316.25927734375,4945.029116190508,16.758946437190744,3.101494352444621e-05,379.2090602195681,0.8400348122237011,0.7368166561589482,1.098880145389692,0.9663426523519489,0.4807149936858969,1.5,0.007381684733804169,0.0039628751550082695,0.0015802535717956004,-0.027669301938465292,0.05848110963791403,0.030446402496627712,-2492.964583448316,False
3,stress,10058,corridor_barrier_nmpc,61.5,0.23655482712525425,0.05150860974939444,3.498004183866861,0.242030403674259,0.04609082307276397,3.498430962725263,0.27078414351851854,-0.002307119140625022,-0.0057100695800781365,0.20078414351851853,0.34078414351851855,-0.08,0.08,-0.03422931639326429,0.05381572889001946,3.5037142534469394,Solve_Succeeded,0.03447470802348107,False,1951.1671577280777,0.002090442238887019,0.0,False,False,0.5,10,0.015,-2790.647199095218,-0.030026496213619157,0.5381751857967413,-0.14267880363011745,-0.09989597951149486,-0.08320880231192462,-0.08320880231192462,-0.06106001708472386,False,False,69143.48956298828,4929.67116157462,16.706897575041523,3.187153243467931e-05,387.2655367772445,0.8400348122237011,0.7368166561589482,1.098880145389692,0.9663426523519489,0.4807149936858969,1.5,0.007381684733804169,0.0039628751550082695,0.0015802535717956004,-0.027669301938465292,0.05848110963791403,0.030446402496627712,-2492.964583448316,False
3,stress,10058,corridor_barrier_nmpc,62.0,0.23628879327803004,0.05145280370170936,3.523744536655406,0.22452775045500567,0.049970906981254,3.528230952711344,0.27159807956104254,-0.002314069824218737,-0.006865390625000009,0.20159807956104253,0.34159807956104254,-0.08,0.08,-0.0353092862830125,0.0537668735259281,3.530609927280406,Solve_Succeeded,0.03080462501384318,False,1904.1630336348858,0.0,0.0,False,False,0.5,10,0.015,-2722.4318685024086,-0.022663041763522088,0.5403227182524204,-0.17320880395653487,-0.14986718856005726,-0.12630923427537086,-0.12630923427537086,-0.08620086392689247,False,False,68970.19140625,4914.289772078365,16.654769290932272,3.2754508443907485e-05,395.51468491987896,0.8400348122237011,0.7368166561589482,1.098880145389692,0.9663426523519489,0.4807149936858969,1.5,0.007381684733804169,0.0039628751550082695,0.0015802535717956004,-0.027669301938465292,0.05848110963791403,0.030446402496627712,-2492.964583448316,False
3,stress,10058,corridor_barrier_nmpc,62.5,0.23602437689074054,0.05139836205838318,3.5494573275132355,0.23791388307250094,0.051318178737486654,3.551312770693424,0.27237857938957477,-0.0023208300781249885,-0.008024139404296873,0.20237857938957476,0.3423785793895748,-0.08,0.08,-0.036354202498834226,0.05371919213650817,3.5574814669175323,Solve_Succeeded,0.028647958009969443,False,1810.1867105225729,0.0,0.0,False,False,0.5,10,0.015,-2707.7816099824017,-0.020772539845034094,0.5424793267493396,-0.2163092363241778,-0.1417288402693289,-0.13627934781175058,-0.13627934781175058,-0.019940227072759442,False,False,68796.37908935547,4898.886142773685,16.602565635020465,3.366467596933064e-05,403.96071744658445,0.8400348122237011,0.7368166561589482,1.098880145389692,0.9663426523519489,0.4807149936858969,1.5,0.007381684733804169,0.0039628751550082695,0.0015802535717956004,-0.027669301938465292,0.05848110963791403,0.030446402496627712,-2492.964583448316,False
3,stress,10058,corridor_barrier_nmpc,63.0,0.2357617972220864,0.05134421351131772,3.57514297081587,0.2317828746778301,0.05562891375228948,3.5750610880147624,0.27312500000000006,-0.002327399902343749,-0.009186220703124998,0.20312500000000006,0.34312500000000007,-0.08,0.08,-0.03736320277791366,0.053671613413661466,3.5843291915189948,Solve_Succeeded,0.034185207972768694,False,1816.894833600969,0.0,0.0,False,False,0.5,10,0.015,-2702.5966247605074,-0.019846326824273116,0.54464486695466,-0.2262793451014492,-0.14267880363011745,-0.140417151404473,-0.140417151404473,-0.008275607185444844,False,False,68622.06689453125,4883.461464707889,16.550290643823907,3.46028623107834e-05,412.6079191511758,0.8400348122237011,0.7368166561589482,1.098880145389692,0.9663426523519489,0.4807149936858969,1.5,0.007381684733804169,0.0039628751550082695,0.0015802535717956004,-0.027669301938465292,0.05848110963791403,0.030446402496627712,-2492.964583448316,False
3,stress,10058,corridor_barrier_nmpc,63.5,0.2355009560860778,0.0512901687585783,3.600801565785631,0.22012383838204094,0.054356659427421454,3.6016227548980813,0.273836698388203,-0.0023337792968750326,-0.010351539306640622,0.203836698388203,0.343836698388203,-0.08,0.08,-0.03833574230212522,0.053623948055453334,3.6111531050922716,Solve_Succeeded,0.030379667005036026,False,1944.8804441130362,0.0,0.0,False,False,0.5,10,0.015,-2666.0651885590887,-0.016043591342853745,0.5468191934862616,-0.23041713024133195,-0.17320880395653487,-0.16161980075346927,-0.16161980075346927,-0.04240529869799253,False,False,68447.2691040039,4868.0169249593155,16.497948340409362,3.5569918176591925e-05,421.4606469736242,0.8400348122237011,0.7368166561589482,1.098880145389692,0.9663426523519489,0.4807149936858969,1.5,0.007381684733804169,0.0039628751550082695,0.0015802535717956004,-0.027669301938465292,0.05848110963791403,0.030446402496627712,-2492.964583448316,False
3,stress,10058,corridor_barrier_nmpc,64.0,0.2352418726756578,0.05123685473120565,3.626433321052385,0.24122254294900145,0.04972627134358769,3.626294896328968,0.2745130315500686,-0.0023399682617187556,-0.01152000000000003,0.2045130315500686,0.3445130315500686,-0.08,0.08,-0.03927115887441082,0.053576822992924406,3.637953321052385,Solve_Succeeded,0.029294708045199513,False,1895.7498178113399,0.0,0.0,False,False,0.5,10,0.015,-2601.2037354757604,-0.009820819408647805,0.5490021599047784,-0.25161980438519416,-0.2163092363241778,-0.19698126732363594,-0.19698126732363594,-0.07072293314033334,False,False,68272.0,4852.553706691728,16.445542734576904,3.656671821426046e-05,430.52333009493725,0.8400348122237011,0.7368166561589482,1.098880145389692,0.9663426523519489,0.4807149936858969,1.5,0.007381684733804169,0.0039628751550082695,0.0015802535717956004,-0.027669301938465292,0.05848110963791403,0.030446402496627712,-2492.964583448316,False
3,stress,10058,corridor_barrier_nmpc,64.5,0.23498484647849552,0.05118483802331893,3.6520387436279607,0.22267432514095228,0.05563169515268818,3.6522260756876657,0.27515335648148154,-0.0023459667968749737,-0.012691507568359378,0.20515335648148153,0.34515335648148154,-0.08,0.08,-0.04016851000298602,0.05353080482019391,3.6647302511963202,Solve_Succeeded,0.02852491696830839,False,1961.514020749556,0.0,0.0,False,False,0.5,10,0.015,-2564.288701280495,-0.006334914451076819,0.5511936187059596,-0.28698125546608516,-0.2262793451014492,-0.21592501737515735,-0.21592501737515735,-0.037887500103042815,False,False,68096.2738647461,4837.072989207493,16.39307782304016,3.759416154555963e-05,439.80046997255084,0.8400348122237011,0.7368166561589482,1.098880145389692,0.9663426523519489,0.4807149936858969,1.5,0.007381684733804169,0.0039628751550082695,0.0015802535717956004,-0.027669301938465292,0.05848110963791403,0.030446402496627712,-2492.964583448316,False
3,stress,10058,corridor_barrier_nmpc,65.0,0.23473014270818784,0.05113355969844512,3.677618342438546,0.22366458771363218,0.046258190902843555,3.6780407260623424,0.2757570301783265,-0.0023517749023437423,-0.013865966796875004,0.20575703017832647,0.3457570301783265,-0.08,0.08,-0.041026887470138634,0.053485334600788866,3.691484309235421,Solve_Succeeded,0.03970620903419331,False,14152.88538608096,0.009934450277946483,0.0,False,False,0.5,10,0.015,-2544.1900548169274,-0.004453616599360839,0.5533934213133627,-0.3059250272767649,-0.23041713024133195,-0.22529542610767658,-0.22529542610767658,-0.018740817465038473,False,False,67920.10498046875,4821.575947999591,16.340557589602536,3.8653172305557704e-05,449.2966403133035,0.8400348122237011,0.7368166561589482,1.098880145389692,0.9663426523519489,0.4807149936858969,1.5,0.007381684733804169,0.0039628751550082695,0.0015802535717956004,-0.027669301938465292,0.05848110963791403,0.030446402496627712,-2492.964583448316,False
3,stress,10058,corridor_barrier_nmpc,65.5,0.2344777879735481,0.05108268342788648,3.7031724025934865,0.2421488791311602,0.05318292419678084,3.7028374320534225,0.2763234096364884,-0.0023573925781249783,-0.01504328247070312,0.20632340963648838,0.3463234096364884,-0.08,0.08,-0.041845621662940286,0.05344007600601146,3.7182156850641896,Solve_Succeeded,0.02981908299261704,False,1917.9111431914857,0.0,0.0,False,False,0.5,10,0.015,-2507.6750241828654,-0.0012518648185662687,0.5556014180713704,-0.3152953942385737,-0.25161980438519416,-0.2423164213460957,-0.2423164213460957,-0.03404199047683826,False,False,67743.50762939453,4806.063754802459,16.287986005329568,3.974470018509691e-05,459.01648698096193,0.8400348122237011,0.7368166561589482,1.098880145389692,0.9663426523519489,0.4807149936858969,1.5,0.007381684733804169,0.0039628751550082695,0.0015802535717956004,-0.027669301938465292,0.05848110963791403,0.030446402496627712,-2492.964583448316,False
3,stress,10058,corridor_barrier_nmpc,66.0,0.2342278071056254,0.05103253753981312,3.7287012072020063,0.23850296892803727,0.0486821939022059,3.7290906571230256,0.2768518518518519,-0.0023628198242187787,-0.016223359374999982,0.2068518518518519,0.3468518518518519,-0.08,0.08,-0.0426240447462265,0.0533953573640319,3.7449245665770063,Solve_Succeeded,0.02837516600266099,False,2042.4867586742894,0.0,0.0,False,False,0.5,10,0.015,-2444.8430792553268,0.004008289208051255,0.55781745823853,-0.3323164015030891,-0.28698125546608516,-0.2711961130473203,-0.2711961130473203,-0.05775938340244913,False,False,67566.49609375,4790.537577641742,16.23536702871751,4.086972097617972e-05,468.964727835226,0.8400348122237011,0.7368166561589482,1.098880145389692,0.9663426523519489,0.4807149936858969,1.5,0.007381684733804169,0.0039628751550082695,0.0015802535717956004,-0.027669301938465292,0.05848110963791403,0.030446402496627712,-2492.964583448316,False
3,stress,10058,corridor_barrier_nmpc,66.5,0.23398042554248719,0.050983648367093015,3.7542052530391143,0.23594370125658978,0.0559215804751335,3.753133165170456,0.2773417138203018,-0.0023680566406250325,-0.0174061022949219,0.2073417138203018,0.3473417138203018,-0.08,0.08,-0.04336128827781463,0.05335170500771805,3.771611355334036,Solve_Succeeded,0.027501166972797364,False,1973.1839097500301,0.0,0.0,False,False,0.5,10,0.015,-2392.373109699336,0.008200742973360459,0.5600413899812113,-0.34999998918240005,-0.3059250272767649,-0.2936513702048917,-0.2936513702048917,-0.04491051431514281,False,False,67389.08465576172,4774.998580882961,16.182704605858262,4.2029237119690975e-05,479.146152499078,0.8400348122237011,0.7368166561589482,1.098880145389692,0.9663426523519489,0.4807149936858969,1.5,0.007381684733804169,0.0039628751550082695,0.0015802535717956004,-0.027669301938465292,0.05848110963791403,0.030446402496627712,-2492.964583448316,False
3,stress,10058,corridor_barrier_nmpc,67.0,0.2337359175920488,0.050935808661117236,3.779685116651045,0.23824608568560096,0.04614208010805679,3.777566169287562,0.27779235253772294,-0.002373103027343726,-0.018591416015625015,0.20779235253772294,0.34779235253772295,-0.08,0.08,-0.044056434945674156,0.05330891168846096,3.79827653266667,Solve_Succeeded,0.033503875019960105,False,4262.753070414661,0.005805202257650827,0.0,False,False,0.5,10,0.015,-2355.6025413076422,0.010960133901228464,0.562273060367581,-0.3500000099298763,-0.3152953942385737,-0.30764611021864413,-0.30764611021864413,-0.0279894800275049,False,False,67211.28759765625,4759.44792527913,16.13000267060079,4.3224278254838406e-05,489.56562205126426,0.8400348122237011,0.7368166561589482,1.098880145389692,0.9663426523519489,0.4807149936858969,1.5,0.007381684733804169,0.0039628751550082695,0.0015802535717956004,-0.027669301938465292,0.05848110963791403,0.030446402496627712,-2492.964583448316,False
3,stress,10058,corridor_barrier_nmpc,67.5,0.233494405125688,0.050888704428899596,3.8051412442732695,0.2418208620821494,0.05403285653509762,3.8032918842896306,0.278203125,-0.00237795898437497,-0.019779205322265625,0.208203125,0.348203125,-0.08,0.08,-0.04470871987431199,0.053266663413274566,3.824920449595535,Solve_Succeeded,0.028608207998331636,False,2009.791857349576,0.0,0.0,False,False,0.5,10,0.015,-2312.6777336452715,0.01407848841743111,0.5645123153618897,-0.34999999465695086,-0.3323164015030891,-0.32359759465850946,-0.32359759465850946,-0.03190296887973065,False,False,67033.11920166016,4743.886768017366,16.077265144709028,4.445590176965288e-05,500.22806864065643,0.8400348122237011,0.7368166561589482,1.098880145389692,0.9663426523519489,0.4807149936858969,1.5,0.007381684733804169,0.0039628751550082695,0.0015802535717956004,-0.027669301938465292,0.05848110963791403,0.030446402496627712,-2492.964583448316,False
3,stress,10058,corridor_barrier_nmpc,68.0,0.23325595402275404,0.050842458752855466,3.8305740344134924,0.23032984725315409,0.04846540321099566,3.8311813061966316,0.27857338820301786,-0.002382624511718723,-0.020969374999999985,0.20857338820301785,0.34857338820301786,-0.08,0.08,-0.04531743418026382,0.05322508326457419,3.8515434094134924,Solve_Succeeded,0.03075729199917987,False,2309.402667385648,0.0013424632477560816,0.0,True,False,0.5,10,0.015,-2265.09981189713,0.017414003690690218,0.5667589998190704,-0.35000000885532934,-0.34999998918240005,-0.3406690341712068,-0.3406690341712068,-0.0341428790253947,False,False,66854.59375,4728.316262764509,16.02449593801654,4.5725193351845955e-05,511.1384950191994,0.8400348122237011,0.7368166561589482,1.098880145389692,0.9663426523519489,0.4807149936858969,1.5,0.007381684733804169,0.0039628751550082695,0.0015802535717956004,-0.027669301938465292,0.05848110963791403,0.030446402496627712,-2492.964583448316,False
3,stress,10058,corridor_barrier_nmpc,68.5,0.23302067433908102,0.05079716469112872,3.855983939614699,0.23165688653703023,0.05619890556874262,3.858027998372815,0.2789024991426612,-0.00238709960937504,-0.022161829833984348,0.20890249914266118,0.3489024991426612,-0.08,0.08,-0.04588182480358016,0.05318426430050376,3.8781457694486834,Solve_Succeeded,0.02754979202290997,False,2100.8237343565415,0.0,0.0,False,False,0.5,10,0.015,-2241.0501174714277,0.01884045880977192,0.5690129574796432,-0.3499999909932804,-0.3500000099298763,-0.34670231983074923,-0.34670231983074923,-0.01206657131908484,False,False,66675.72552490234,4712.737559711781,15.97169894857784,4.703326753927257e-05,522.3019739900545,0.8400348122237011,0.7368166561589482,1.098880145389692,0.9663426523519489,0.4807149936858969,1.5,0.007381684733804169,0.0039628751550082695,0.0015802535717956004,-0.027669301938465292,0.05848110963791403,0.030446402496627712,-2492.964583448316,False
3,stress,10058,corridor_barrier_nmpc,69.0,0.23278857284567495,0.050752351676926086,3.8813713180424343,0.23045291017169364,0.05900431876958524,3.8821494764847357,0.27918981481481486,-0.0023913842773437832,-0.023356474609375025,0.20918981481481486,0.34918981481481487,-0.08,0.08,-0.04640124196913992,0.05314373595426987,3.9047277926518094,Solve_Succeeded,0.027206040977034718,False,2102.4832555007843,0.0,0.0,False,False,0.5,10,0.015,-2225.307950740946,0.019589420965070596,0.5712740309649265,-0.3499999835520462,-0.34999999465695086,-0.3488345528097355,-0.3488345528097355,-0.004264465957972585,False,False,66496.52880859375,4697.151805618527,15.918878062816649,4.838126826920291e-05,533.7236477675516,0.8400348122237011,0.7368166561589482,1.098880145389692,0.9663426523519489,0.4807149936858969,1.5,0.007381684733804169,0.0039628751550082695,0.0015802535717956004,-0.027669301938465292,0.05848110963791403,0.030446402496627712,-2492.964583448316,False
3,stress,10058,corridor_barrier_nmpc,69.5,0.23255950619478943,0.05070785356341766,3.90673636868341,0.23761690449919248,0.05551350637160914,3.9032449823903983,0.27943469221536354,-0.0023954785156249797,-0.02455321411132813,0.20943469221536354,0.34943469221536355,-0.08,0.08,-0.04687518602057411,0.05310333207904264,3.9312895827947383,Solve_Succeeded,0.027288333047181368,False,2114.5035293065325,0.0,0.0,False,False,0.5,10,0.015,-2212.3482703503587,0.020097908564370034,0.5735420617725491,-0.34999999326504444,-0.35000000885532934,-0.3495881212926646,-0.3495881212926646,-0.0015071369658581357,False,False,66317.01788330078,4681.560143855039,15.866037155671014,4.977036942555456e-05,545.4087272454727,0.8400348122237011,0.7368166561589482,1.098880145389692,0.9663426523519489,0.4807149936858969,1.5,0.007381684733804169,0.0039628751550082695,0.0015802535717956004,-0.027669301938465292,0.05848110963791403,0.030446402496627712,-2492.964583448316,False
3,stress,10058,corridor_barrier_nmpc,70.0,0.23233329394376004,0.05066361470644918,3.932079235076464,0.23944786804538243,0.05670373955632784,3.933318921970055,0.27963648834019206,-0.0023993823242187406,-0.025751953125000004,0.20963648834019205,0.34963648834019206,-0.08,0.08,-0.04730319439643202,0.05306299703066792,3.957831188201464,Solve_Succeeded,0.028920457989443094,False,2119.4225802199658,0.0,0.0,False,False,0.5,10,0.015,-2200.1611395645364,0.02052099792846966,0.5758168902722643,-0.34999999093735606,-0.3499999909932804,-0.34985443080011525,-0.34985443080011525,-0.0005326190149013144,False,False,66137.20703125,4665.963714444511,15.813180090735505,5.120177538318773e-05,557.3624911701888,0.8400348122237011,0.7368166561589482,1.098880145389692,0.9663426523519489,0.4807149936858969,1.5,0.007381684733804169,0.0039628751550082695,0.0015802535717956004,-0.027669301938465292,0.05848110963791403,0.030446402496627712,-2492.964583448316,False
3,stress,10058,corridor_barrier_nmpc,70.5,0.23210975779083004,0.05061961966094924,3.9574000429881075,0.2207828481618321,0.052500518896251035,3.954075048522595,0.2797945601851852,-0.0024030957031249828,-0.02695259643554687,0.20979456018518522,0.34979456018518523,-0.08,0.08,-0.047684802394355186,0.05302271536407422,3.9843526394236544,Solve_Succeeded,0.03255979099776596,False,2985.394281108288,0.004011712023353126,0.0,False,False,0.5,10,0.015,-2188.010733080898,0.020913734115881016,0.5780983557020595,-0.35000000705493706,-0.3499999835520462,-0.34994854328670233,-0.34994854328670233,-0.00018822497317416698,False,False,65957.11053466797,4650.3636541041415,15.760310720400511,5.267672154831022e-05,569.5902852150916,0.8400348122237011,0.7368166561589482,1.098880145389692,0.9663426523519489,0.4807149936858969,1.5,0.007381684733804169,0.0039628751550082695,0.0015802535717956004,-0.027669301938465292,0.05848110963791403,0.030446402496627712,-2492.964583448316,False
3,stress,10058,corridor_barrier_nmpc,71.0,0.2318887342421418,0.05057586769816745,3.9826989141414155,0.2536392253180766,0.04700202404518985,3.98254503123771,0.27990826474622776,-0.0024066186523437755,-0.028155048828124987,0.20990826474622776,0.34990826474622777,-0.08,0.08,-0.04801953050408597,0.052982486350511226,4.0108539629695406,Solve_Succeeded,0.02806545898783952,False,2212.117948328082,0.0,0.0,False,False,0.5,10,0.015,-2175.623101972631,0.021295661249087883,0.5803862961645628,-0.34999999337805426,-0.34999999326504444,-0.34998181016302304,-0.34998181016302304,-6.653375264142891e-05,False,False,65776.74267578125,4634.761096285395,15.707432885988693,5.419647489398727e-05,582.0975209527653,0.8400348122237011,0.7368166561589482,1.098880145389692,0.9663426523519489,0.4807149936858969,1.5,0.007381684733804169,0.0039628751550082695,0.0015802535717956004,-0.027669301938465292,0.05848110963791403,0.030446402496627712,-2492.964583448316,False
3,stress,10058,corridor_barrier_nmpc,71.5,0.23167007781008978,0.05053236356796922,4.007975971264772,0.23363837273678034,0.04842090409217253,4.008640327023363,0.2799769590192044,-0.0024099511718750355,-0.029359215087890647,0.20997695901920438,0.3499769590192044,-0.08,0.08,-0.04830688120911461,0.05294231473984425,4.037335186352663,Solve_Succeeded,0.02994495799066499,False,2356.7574056411468,0.0,0.0,False,False,0.5,10,0.015,-2162.891702297493,0.02167371946066316,0.5826805486237413,-0.35000000108832807,-0.34999999093735606,-0.3499935656115313,-0.3499935656115313,-2.351089701646547e-05,False,False,65596.1177368164,4619.157171213474,15.654550417888743,5.576233448969146e-05,594.8896747212727,0.8400348122237011,0.7368166561589482,1.098880145389692,0.9663426523519489,0.4807149936858969,1.5,0.007381684733804169,0.0039628751550082695,0.0015802535717956004,-0.027669301938465292,0.05848110963791403,0.030446402496627712,-2492.964583448316,False
3,stress,10058,corridor_barrier_nmpc,72.0,0.2314536609245178,0.05048911415068753,4.033231339994145,0.2206068295547111,0.049544934636174376,4.034509592728613,0.28,-0.002413093261718735,-0.030565000000000023,0.21000000000000002,0.35000000000000003,-0.08,0.08,-0.048546339075482225,0.05290220741240626,4.063796339994145,Solve_Succeeded,0.03979249997064471,False,4662.683397875551,0.004393170445288946,0.0,False,False,0.5,10,0.015,-2149.770464203149,0.022050380557336692,0.5849809489018909,-0.35000000986356905,-0.35000000705493706,-0.34999773056374334,-0.34999773056374334,-8.329904424120294e-06,False,False,65415.25,4603.553005925993,15.60166713568647,5.73756320237751e-05,607.9722863809635,0.8400348122237011,0.7368166561589482,1.098880145389692,0.9663426523519489,0.4807149936858969,1.5,0.007381684733804169,0.0039628751550082695,0.0015802535717956004,-0.027669301938465292,0.05848110963791403,0.030446402496627712,-2492.964583448316,False
3,stress,10058,corridor_barrier_nmpc,72.5,0.2312393727834808,0.0504461272476384,4.058465149635949,0.24771846204266287,0.05096841240248541,4.059715790089984,0.2799884221215252,-0.0024160449218749713,-0.03177230834960938,0.2099884221215252,0.3499884221215252,-0.08,0.08,-0.04874904933804439,0.052862172169513374,4.090237457985558,Solve_Succeeded,0.03307495795888826,False,2256.221922364224,0.0,0.0,False,False,0.5,10,0.015,-2136.2352638465,0.022426518972045305,0.5872873316769143,-0.35000000127250064,-0.34999999337805426,-0.3499991936695841,-0.3499991936695841,-2.9262116815198524e-06,False,False,65234.153747558594,4587.949724310893,15.548786848293275,5.9037732317680066e-05,621.3509579581037,0.8400348122237011,0.7368166561589482,1.098880145389692,0.9663426523519489,0.4807149936858969,1.5,0.007381684733804169,0.0039628751550082695,0.0015802535717956004,-0.027669301938465292,0.05848110963791403,0.030446402496627712,-2492.964583448316,False
3,stress,10058,corridor_barrier_nmpc,73.0,0.2310271179368241,0.050403411142212994,4.083677533517809,0.23682985205590168,0.051074170583506766,4.085893754013886,0.27995386457550714,-0.0024188061523437304,-0.032981044921874994,0.20995386457550713,0.34995386457550715,-0.08,0.08,-0.048926746638683044,0.052822217294556724,4.116658578439684,Solve_Succeeded,0.029697459016460925,False,2351.6408227967086,0.0,0.0,False,False,0.5,10,0.015,-2122.2696316402257,0.022802451415167256,0.5895995304798856,-0.3500000002726004,-0.35000000108832807,-0.3499997157358776,-0.3499997157358776,-1.0441325870580442e-06,False,False,65052.84326171875,4572.348447143617,15.49591335407216,6.075003383064826e-05,635.0313521717159,0.8400348122237011,0.7368166561589482,1.098880145389692,0.9663426523519489,0.4807149936858969,1.5,0.007381684733804169,0.0039628751550082695,0.0015802535717956004,-0.027669301938465292,0.05848110963791403,0.030446402496627712,-2492.964583448316,False
3,stress,10058,corridor_barrier_nmpc,73.5,0.23081681487840208,0.05036097444680847,4.108868629191329,0.23518704230359008,0.047778398761666806,4.108616324221737,0.2798965914960556,-0.002421376953125026,-0.03419111450195311,0.2098965914960556,0.3498965914960556,-0.08,0.08,-0.04907977661765353,0.052782351399933494,4.143059743693282,Solve_Succeeded,0.03062124998541549,False,2446.573654179439,0.0,0.0,True,False,0.5,10,0.015,-2107.859879655441,0.023178286103437737,0.5919173776928992,-0.3500000022658999,-0.35000000986356905,-0.34999990591495733,-0.34999990591495733,-3.803581594130634e-07,False,False,64871.33282470703,4556.750292123559,15.44305044096124,6.251396915362381e-05,649.0191908399132,0.8400348122237011,0.7368166561589482,1.098880145389692,0.9663426523519489,0.4807149936858969,1.5,0.007381684733804169,0.0039628751550082695,0.0015802535717956004,-0.027669301938465292,0.05848110963791403,0.030446402496627712,-2492.964583448316,False
3,stress,10058,corridor_barrier_nmpc,74.0,0.23060839473595862,0.050318826047210635,4.134038578582687,0.22350419851625852,0.047286586150603376,4.132734502320683,0.27981686701728026,-0.0024237573242187754,-0.03540242187500002,0.20981686701728025,0.34981686701728026,-0.08,0.08,-0.049208472281321636,0.05274258337142941,4.169441000457687,Solve_Succeeded,0.03699699998833239,False,7827.1438543910945,0.005041236845365282,0.0,False,False,0.5,10,0.015,-2092.993204453651,0.023554055401594602,0.5942407045472012,-0.35000000996237435,-0.35000000127250064,-0.3499999675718851,-0.3499999675718851,-1.2331385557118324e-07,False,False,64689.63671875,4541.156373909807,15.390201886594888,6.433100549098059e-05,663.3202531620681,0.8400348122237011,0.7368166561589482,1.098880145389692,0.9663426523519489,0.4807149936858969,1.5,0.007381684733804169,0.0039628751550082695,0.0015802535717956004,-0.027669301938465292,0.05848110963791403,0.030446402496627712,-2492.964583448316,False
3,stress,10058,corridor_barrier_nmpc,74.5,0.23040180008029032,0.05027697508491831,4.159187528124915,0.23127857986066186,0.05155211076789486,4.162209076651855,0.27971495527329077,-0.002425947265624978,-0.03661487182617189,0.20971495527329076,0.3497149552732908,-0.08,0.08,-0.049313155193000446,0.05270292235054329,4.195802399951087,Solve_Succeeded,0.035196500015445054,False,2453.739810372798,0.0,0.0,False,False,0.5,10,0.015,-2077.656913147056,0.02392976800962575,0.5965693411216009,-0.3500000001017452,-0.3500000002726004,-0.3499999887157356,-0.3499999887157356,-4.228770100755952e-08,False,False,64507.76922607422,4525.567804156212,15.337371458422572,6.620264512863786e-05,677.9403738731306,0.8400348122237011,0.7368166561589482,1.098880145389692,0.9663426523519489,0.4807149936858969,1.5,0.007381684733804169,0.0039628751550082695,0.0015802535717956004,-0.027669301938465292,0.05848110963791403,0.030446402496627712,-2492.964583448316,False
3,stress,10058,corridor_barrier_nmpc,75.0,0.23019698385381676,0.05023543095494443,4.184315628885198,0.23671701057788377,0.05688275755338269,4.183068783193975,0.2795911203981969,-0.0024279467773437313,-0.037828369140625,0.20959112039819688,0.3495911203981969,-0.08,0.08,-0.04939413654438013,0.05266337773228816,4.222143998025823,Solve_Succeeded,0.033394666970707476,False,2366.41681454371,0.0,0.0,False,False,0.5,10,0.015,-2061.8382855298105,0.024305419062724903,0.598903116341161,-0.3499999933552392,-0.3500000022658999,-0.3499999974770928,-0.3499999974770928,-1.7522714390594274e-08,False,False,64325.74462890625,4509.985691545775,15.284562913825413,6.81304258870631e-05,692.8854412664288,0.8400348122237011,0.7368166561589482,1.098880145389692,0.9663426523519489,0.4807149936858969,1.5,0.007381684733804169,0.0039628751550082695,0.0015802535717956004,-0.027669301938465292,0.05848110963791403,0.030446402496627712,-2492.964583448316,False
3,stress,10058,corridor_barrier_nmpc,75.5,0.22999390841038012,0.05019420330637247,4.209423036691776,0.23494474537212398,0.04359547465860316,4.208592728693117,0.2794456265261082,-0.0024297558593749935,-0.03904281860351562,0.2094456265261082,0.3494456265261082,-0.08,0.08,-0.0494517181157281,0.05262395916574746,4.248465855295292,Solve_Succeeded,0.04275675001554191,False,15678.19577369901,0.011439588680744073,0.0,False,False,0.5,10,0.015,-2045.524470851891,0.02468099718467632,0.6012418579761649,-0.3500000099822776,-0.35000000996237435,-0.3500000055499109,-0.35,-5.045814321924524e-09,False,False,64143.577209472656,4494.411141824394,15.231780000230545,7.011592155758881e-05,708.161395081293,0.8400348122237011,0.7368166561589482,1.098880145389692,0.9663426523519489,0.4807149936858969,1.5,0.007381684733804169,0.0039628751550082695,0.0015802535717956004,-0.027669301938465292,0.05848110963791403,0.030446402496627712,-2492.964583448316,False
3,stress,10058,corridor_barrier_nmpc,76.0,0.22979254465582577,0.05015330204497539,4.234509912261628,0.22781146473082012,0.04905262090791018,4.235488202381284,0.2792787377911345,-0.0024313745117187785,-0.04025812499999999,0.20927873779113448,0.3492787377911345,-0.08,0.08,-0.04948619313530872,0.05258467655669417,4.274768037261628,Solve_Succeeded,0.03104612499009818,False,2592.557608199509,0.0,0.0,False,False,0.5,10,0.015,-2028.7024301979097,0.025056488271725047,0.6035853926413581,-0.3500000019555051,-0.3500000001017452,-0.35000000202719894,-0.35,0.0,False,False,63961.28125,4478.845257833978,15.179026455223338,7.216074232040279e-05,723.7742242518746,0.8400348122237011,0.7368166561589482,1.098880145389692,0.9663426523519489,0.4807149936858969,1.5,0.007381684733804169,0.0039628751550082695,0.0015802535717956004,-0.027669301938465292,0.05848110963791403,0.030446402496627712,-2492.964583448316,False
3,stress,10058,corridor_barrier_nmpc,76.5,0.22959287127962227,0.05011273733698507,4.25957642132976,0.2286774725142015,0.046190878561471777,4.260880980422965,0.27909071832738547,-0.002432802734375031,-0.0414741931152344,0.20909071832738546,0.3490907183273855,-0.08,0.08,-0.049497847047763194,0.0525455400713601,4.3010506144449945,Solve_Succeeded,0.03584195795701817,False,5325.855912061448,0.004896895300003035,0.0,True,False,0.5,10,0.015,-2011.3589468834239,0.025431875252866463,0.6059335457954627,-0.35000000995827835,-0.3499999933552392,-0.34999999642002433,-0.34999999642002433,7.159951298518763e-09,False,False,63778.871032714844,4463.289139544943,15.126306006657531,7.426653514249814e-05,739.7299645135558,0.8400348122237011,0.7368166561589482,1.098880145389692,0.9663426523519489,0.4807149936858969,1.5,0.007381684733804169,0.0039628751550082695,0.0015802535717956004,-0.027669301938465292,0.05848110963791403,0.030446402496627712,-2492.964583448316,False
3,stress,10058,corridor_barrier_nmpc,77.0,0.2293948740682548,0.05007251961265206,4.284622734780327,0.23880686278686927,0.05319738656885241,4.285808470840199,0.27888183226897073,-0.0024340405273437365,-0.04269092773437502,0.20888183226897072,0.34888183226897074,-0.08,0.08,-0.04948695820071594,0.05250656013999579,4.327313662514702,Solve_Succeeded,0.02922212501289323,False,2486.8284791772576,0.0,0.0,False,False,0.5,10,0.015,-1993.480570197927,0.025807141357860497,0.6082861417409636,-0.3500000000069635,-0.3500000099822776,-0.3500000051891981,-0.35,-7.159951298518763e-09,False,False,63596.36083984375,4447.743884088104,15.073622372763316,7.643498415379656e-05,756.0346958633799,0.8400348122237011,0.7368166561589482,1.098880145389692,0.9663426523519489,0.4807149936858969,1.5,0.007381684733804169,0.0039628751550082695,0.0015802535717956004,-0.027669301938465292,0.05848110963791403,0.030446402496627712,-2492.964583448316,False
3,stress,10058,corridor_barrier_nmpc,77.5,0.22919854529209566,0.05003265957092873,4.309649028779809,0.2194177391486667,0.049963271148156595,4.309647084768364,0.27865234375000003,-0.002435087890624979,-0.043908233642578134,0.20865234375000002,0.34865234375000004,-0.08,0.08,-0.049453798457904374,0.05246774746155371,4.353557262422387,Solve_Succeeded,0.033513083995785564,False,3749.350922452735,0.004234604601333347,0.0,False,False,0.5,10,0.015,-1975.0537357058122,0.02618226407206093,0.610643003624165,-0.3500000083675662,-0.3500000019555051,-0.35000000309833496,-0.35,0.0,False,False,63413.76495361328,4432.210585785984,15.020979262253448,7.866781099958571e-05,772.6945398709776,0.8400348122237011,0.7368166561589482,1.098880145389692,0.9663426523519489,0.4807149936858969,1.5,0.007381684733804169,0.0039628751550082695,0.0015802535717956004,-0.027669301938465292,0.05848110963791403,0.030446402496627712,-2492.964583448316,False
3,stress,10058,corridor_barrier_nmpc,78.0,0.2290038831577792,0.04999316818174484,4.3346554849119325,0.23691873709569564,0.04620314066636283,4.3351798321035835,0.27840251690458306,-0.0024359448242187165,-0.045126015625,0.20840251690458306,0.34840251690458307,-0.08,0.08,-0.049398633746803866,0.052429113005963555,4.379781500536932,Solve_Succeeded,0.03425595897715539,False,2683.9265248442016,0.0008617675607414943,0.0,False,False,0.5,10,0.015,-1956.064641508374,0.026557221957636865,0.6130039534355131,-0.3500000094907602,-0.35000000995827835,-0.3500000075338837,-0.35,0.0,False,False,63231.09765625,4416.690336183554,14.968380374427417,8.096677516733653e-05,789.7156568365397,0.8400348122237011,0.7368166561589482,1.098880145389692,0.9663426523519489,0.4807149936858969,1.5,0.007381684733804169,0.0039628751550082695,0.0015802535717956004,-0.027669301938465292,0.05848110963791403,0.030446402496627712,-2492.964583448316,False
3,stress,10058,corridor_barrier_nmpc,78.5,0.22881089131929408,0.049954056690756345,4.359642290314347,0.23906147991085727,0.049215279214482065,4.359258117235921,0.27813261586682947,-0.0024366113281250323,-0.04634417846679685,0.20813261586682946,0.3481326158668295,-0.08,0.08,-0.04932172454753539,0.05239066801888138,4.405986468781144,Solve_Succeeded,0.030737458961084485,False,2607.139314769736,0.0,0.0,False,False,0.5,10,0.015,-1936.4993146076022,0.026931991447455464,0.6153688120101857,-0.35000000337187737,-0.3500000000069635,-0.35000000266707654,-0.35,0.0,False,False,63048.37322998047,4401.184224078418,14.91582939927376,8.333367428589017e-05,807.1042427924161,0.8400348122237011,0.7368166561589482,1.098880145389692,0.9663426523519489,0.4807149936858969,1.5,0.007381684733804169,0.0039628751550082695,0.0015802535717956004,-0.027669301938465292,0.05848110963791403,0.030446402496627712,-2492.964583448316,False
3,stress,10058,corridor_barrier_nmpc,79.0,0.2286195784419314,0.0499153366227655,4.384609637817342,0.2338862405368996,0.0456529659483231,4.383197074560226,0.277842904770849,-0.002437087402343774,-0.047562626953125034,0.207842904770849,0.347842904770849,-0.08,0.08,-0.0492233263289176,0.05235242402510927,4.432172264770467,Solve_Succeeded,0.03829116601264104,False,3130.264266698117,0.002594410478620468,0.0,False,False,0.5,10,0.015,-1916.3436019539188,0.02730654762950633,0.6177373990289489,-0.35000000990021496,-0.3500000083675662,-0.3500000063529378,-0.35,0.0,False,False,62865.60595703125,4385.6933355504425,14.863330017570455,8.577034439492617e-05,824.866526344989,0.8400348122237011,0.7368166561589482,1.098880145389692,0.9663426523519489,0.4807149936858969,1.5,0.007381684733804169,0.0039628751550082695,0.0015802535717956004,-0.027669301938465292,0.05848110963791403,0.030446402496627712,-2492.964583448316,False
3,stress,10058,corridor_barrier_nmpc,79.5,0.2284299578133166,0.04987701978531864,4.409557726084321,0.21711413403185878,0.05534753744228511,4.410106514836078,0.27753364775075134,-0.002437373046874969,-0.048781265869140625,0.20753364775075134,0.34753364775075135,-0.08,0.08,-0.04910368993743475,0.05231439283219361,4.458338991953462,Solve_Succeeded,0.033963375026360154,False,3670.837770209769,0.005419513718892571,0.0,False,False,0.5,10,0.015,-1895.5831746616013,0.027680864351324448,0.6201095330192727,-0.3500000056733967,-0.3500000094907602,-0.35000000838181233,-0.35,0.0,False,False,62682.810119628906,4370.218753990877,14.810885900983639,8.82786601825528e-05,843.0087653536192,0.8400348122237011,0.7368166561589482,1.098880145389692,0.9663426523519489,0.4807149936858969,1.5,0.007381684733804169,0.0039628751550082695,0.0015802535717956004,-0.027669301938465292,0.05848110963791403,0.030446402496627712,-2492.964583448316,False
3,stress,10058,corridor_barrier_nmpc,80.0,0.2282420469966417,0.049839118272218375,4.434486759754051,0.23136371144550286,0.04872676842911165,4.433372194702496,0.27720510894064615,-0.002437468261718756,-0.05,0.20720510894064614,0.34720510894064616,-0.08,0.08,-0.04896306194400446,0.05227658653393713,4.484486759754051,Solve_Succeeded,0.029727791028562933,False,2735.857673982231,0.0,0.0,False,False,0.5,10,0.015,-1874.2035327625208,0.028054914313173744,0.6224850313567132,-0.3499999920734254,-0.35000000337187737,-0.35000000514245455,-0.35,0.0,False,False,62500.0,4354.761560130941,14.758500712164466,9.08605351887745e-05,861.537243443449,0.8400348122237011,0.7368166561589482,1.098880145389692,0.9663426523519489,0.4807149936858969,1.5,0.007381684733804169,0.0039628751550082695,0.0015802535717956004,-0.027669301938465292,0.05848110963791403,0.030446402496627712,-2492.964583448316,False
3,stress,10058,corridor_barrier_nmpc,80.5,0.22805586752165846,0.04980164446693946,4.459396949584647,0.22912186806917456,0.04798200827626812,4.457585701057899,0.27685755247464316,-0.0024373730468749966,-0.05121873413085938,0.20685755247464316,0.34685755247464317,-0.08,0.08,-0.0488016849529847,0.052239017513814455,4.510615683715507,Solve_Succeeded,0.03192862495779991,False,2787.824736993435,0.0,0.0,False,False,0.5,10,0.015,-1852.1900105084496,0.028428669151186546,0.6248637102665509,-0.35000000381562413,-0.35000000990021496,-0.3500000082187596,-0.35,0.0,False,False,62317.189880371094,4339.322832069908,14.706178104844305,9.351792197251926e-05,880.4582663490181,0.8400348122237011,0.7368166561589482,1.098880145389692,0.9663426523519489,0.4807149936858969,1.5,0.007381684733804169,0.0039628751550082695,0.0015802535717956004,-0.027669301938465292,0.05848110963791403,0.030446402496627712,-2492.964583448316,False
3,stress,10058,corridor_barrier_nmpc,81.0,0.2278714446094512,0.049764611045937435,4.484288512599233,0.22503670258058478,0.04842284420303689,4.484721223979558,0.27649124248685203,-0.002437087402343746,-0.052437373046875,0.20649124248685202,0.34649124248685204,-0.08,0.08,-0.04861979787740084,0.05220169844828118,4.536725885646107,Solve_Succeeded,0.028940417047124356,False,2835.863413197929,0.0,0.0,False,False,0.5,10,0.015,-1829.5277822326289,0.02880209951153053,0.6272453848256894,-0.3500000035551879,-0.3500000056733967,-0.35000000657296154,-0.35,0.0,False,False,62134.39404296875,4323.90364530272,14.653921723928308,9.625281223983153e-05,899.7781580857621,0.8400348122237011,0.7368166561589482,1.098880145389692,0.9663426523519489,0.4807149936858969,1.5,0.007381684733804169,0.0039628751550082695,0.0015802535717956004,-0.027669301938465292,0.05848110963791403,0.030446402496627712,-2492.964583448316,False
3,stress,10058,corridor_barrier_nmpc,81.5,0.2276888069274169,0.04972803098183893,4.509161672233231,0.22678932444846683,0.05036310635669121,4.509755810433657,0.27610644311138244,-0.0024366113281250046,-0.05365582153320313,0.20610644311138243,0.34610644311138244,-0.08,0.08,-0.04841763618396555,0.052164642309963934,4.562817493766434,Solve_Succeeded,0.029272457992192358,False,2807.071754222879,0.0,0.0,False,False,0.5,10,0.015,-1806.2018815605932,0.02917517457368772,0.6296298689648132,-0.3500000028338706,-0.3499999920734254,-0.34999999719775304,-0.34999999719775304,5.604493868993643e-09,False,False,61951.62677001953,4308.505072747086,14.601735205587266,9.906723693075344e-05,919.5032569465203,0.8400348122237011,0.7368166561589482,1.098880145389692,0.9663426523519489,0.4807149936858969,1.5,0.007381684733804169,0.0039628751550082695,0.0015802535717956004,-0.027669301938465292,0.05848110963791403,0.030446402496627712,-2492.964583448316,False
3,stress,10058,corridor_barrier_nmpc,82.0,0.22750798637118574,0.04969191754624661,4.534016658483152,0.2274149638644971,0.05424072216491265,4.533456445077509,0.27570341848234414,-0.0024359448242187443,-0.054873984375000004,0.20570341848234414,0.34570341848234415,-0.08,0.08,-0.0481954321111584,0.05212786237046536,4.588890642858152,Solve_Succeeded,0.033292415959294885,False,2768.41443924058,0.0,0.0,False,False,0.5,10,0.015,-1782.1971445289655,0.029547864823847858,0.6320169754707983,-0.34999999990335323,-0.35000000381562413,-0.35000000147678106,-0.35,-5.604493868993643e-09,False,False,61768.90234375,4293.128184770147,14.549622177347963,0.00010196326626234449,939.6399113203847,0.8400348122237011,0.7368166561589482,1.098880145389692,0.9663426523519489,0.4807149936858969,1.5,0.007381684733804169,0.0039628751550082695,0.0015802535717956004,-0.027669301938465292,0.05848110963791403,0.030446402496627712,-2492.964583448316,False
3,stress,10058,corridor_barrier_nmpc,82.5,0.22732901787086035,0.04965628431368075,4.558853708057066,0.21918182638226347,0.04876793162157717,4.555742307938939,0.2752824327338468,-0.0024350878906250206,-0.05609176635742187,0.20528243273384678,0.3452824327338468,-0.08,0.08,-0.04795341486298643,0.05209137220430577,4.614945474414489,Solve_Succeeded,0.030741708003915846,False,2976.9766875250025,0.001100606351583322,0.0,False,False,0.5,10,0.015,-1757.4983449822037,0.029920136678738628,0.6344065159893799,-0.35000000509986867,-0.3500000035551879,-0.35000000282065147,-0.35,0.0,False,False,61586.23504638672,4277.774049214653,14.497586258181908,0.00010494300972521024,960.1944753313094,0.8400348122237011,0.7368166561589482,1.098880145389692,0.9663426523519489,0.4807149936858969,1.5,0.007381684733804169,0.0039628751550082695,0.0015802535717956004,-0.027669301938465292,0.05848110963791403,0.030446402496627712,-2492.964583448316,False
3,stress,10058,corridor_barrier_nmpc,83.0,0.22715193921865132,0.049621145162811804,4.583673064526375,0.23534282776504417,0.04717087117062294,4.583010219337969,0.27484375,-0.0024340405273437504,-0.057309072265625025,0.20484375,0.34484375,-0.08,0.08,-0.04769181078134868,0.052055185690155555,4.640982136791999,Solve_Succeeded,0.029515040980186313,False,2858.008981372857,0.0,0.0,False,False,0.5,10,0.015,-1732.0900749954712,0.030291957961312496,0.6367983010280722,-0.3500000050275275,-0.3500000028338706,-0.3500000028291988,-0.35,0.0,False,False,61403.63916015625,4262.443731424724,14.445631058592618,0.00010800861603083698,981.1733042941096,0.8400348122237011,0.7368166561589482,1.098880145389692,0.9663426523519489,0.4807149936858969,1.5,0.007381684733804169,0.0039628751550082695,0.0015802535717956004,-0.027669301938465292,0.05848110963791403,0.030446402496627712,-2492.964583448316,False
3,stress,10058,corridor_barrier_nmpc,83.5,0.22697679091562734,0.0495865142800836,4.608474978478787,0.23041770680552298,0.05205265491115026,4.606935574425978,0.27438763441491365,-0.002432802734374989,-0.05852580688476562,0.20438763441491364,0.34438763441491366,-0.08,0.08,-0.047410843499286315,0.05201931701445859,4.667000785363553,Solve_Succeeded,0.028918416996020824,False,2838.9429415015256,0.0,0.0,False,False,0.5,10,0.015,-1705.9568175971872,0.030663295228251577,0.6391921399593407,-0.35000000229355416,-0.34999999990335323,-0.3500000009373857,-0.35,0.0,False,False,61221.128967285156,4247.138294271152,14.393760180701383,0.00011116227300694853,1002.5827499855649,0.8400348122237011,0.7368166561589482,1.098880145389692,0.9663426523519489,0.4807149936858969,1.5,0.007381684733804169,0.0039628751550082695,0.0015802535717956004,-0.027669301938465292,0.05848110963791403,0.030446402496627712,-2492.964583448316,False
3,stress,10058,corridor_barrier_nmpc,84.0,0.2268036160357934,0.04955240616188106,4.633259707672755,0.2249469889105393,0.05006527461816697,4.634528601907451,0.27391435011269727,-0.002431374511718737,-0.059741875000000014,0.20391435011269726,0.3439143501126973,-0.08,0.08,-0.04711073407690386,0.051983780673599794,4.693001582672755,Solve_Succeeded,0.030297125049401075,False,2930.1138163245437,0.0,0.0,False,False,0.5,10,0.015,-1679.0829434477537,0.031034114350162678,0.6415878410240256,-0.3500000034833008,-0.35000000509986867,-0.3500000036287922,-0.35,0.0,False,False,61038.71875,4231.858798176278,14.341977218331582,0.0001144062074380339,1024.429155728599,0.8400348122237011,0.7368166561589482,1.098880145389692,0.9663426523519489,0.4807149936858969,1.5,0.007381684733804169,0.0039628751550082695,0.0015802535717956004,-0.027669301938465292,0.05848110963791403,0.030446402496627712,-2492.964583448316,False
3,stress,10058,corridor_barrier_nmpc,84.5,0.22663246010536964,0.049518835616763485,4.658027517192999,0.22928428480428428,0.0444209912560981,4.6586308224865665,0.2734241612274606,-0.0024297558593749935,-0.06095718139648436,0.2034241612274606,0.3434241612274606,-0.08,0.08,-0.04679170112209097,0.05194859147613848,4.718984698589484,Solve_Succeeded,0.03481204103445634,False,3140.2117949937647,0.0015300231978574441,0.0,True,False,0.5,10,0.015,-1651.4527209369412,0.03140438054489266,0.6439852113350127,-0.35000000985303636,-0.3500000050275275,-0.35000000453319596,-0.35,0.0,False,False,60856.422790527344,4216.606301138476,14.290285757091644,0.00011774268484811772,1046.7188512876594,0.8400348122237011,0.7368166561589482,1.098880145389692,0.9663426523519489,0.4807149936858969,1.5,0.007381684733804169,0.0039628751550082695,0.0015802535717956004,-0.027669301938465292,0.05848110963791403,0.030446402496627712,-2492.964583448316,False
3,stress,10058,corridor_barrier_nmpc,85.0,0.22646337099565375,0.049485817767494965,4.682778679607108,0.22406748545134542,0.051301248028146465,4.681290637981532,0.27291733189331335,-0.002427946777343787,-0.06217163085937501,0.20291733189331335,0.34291733189331336,-0.08,0.08,-0.0464539608976596,0.05191376454483875,4.744950310466483,Solve_Succeeded,0.03074445901438594,False,2956.6579744372966,0.0,0.0,False,False,0.5,10,0.015,-1623.0503269328556,0.03177405840727086,0.6463840568811571,-0.350000002935497,-0.35000000229355416,-0.3500000030850732,-0.35,0.0,False,False,60674.25537109375,4201.381858756196,14.238689374456536,0.00012117400922277427,1069.4581475735968,0.8400348122237011,0.7368166561589482,1.098880145389692,0.9663426523519489,0.4807149936858969,1.5,0.007381684733804169,0.0039628751550082695,0.0015802535717956004,-0.027669301938465292,0.05848110963791403,0.030446402496627712,-2492.964583448316,False
3,stress,10058,corridor_barrier_nmpc,85.5,0.22629639882795283,0.04945336805285894,4.707513475123093,0.22944632483753744,0.05053516092413787,4.708398428066989,0.27239412624436515,-0.002425947265624978,-0.06338512817382815,0.20239412624436515,0.34239412624436516,-0.08,0.08,-0.046097727416412326,0.051879315318483915,4.770898603296922,Solve_Succeeded,0.029869040998164564,False,2953.3841680817077,0.0,0.0,False,False,0.5,10,0.015,-1593.8598581936913,0.032143111935678044,0.6487841825314473,-0.35000000364793726,-0.3500000034833008,-0.35000000334256187,-0.35,0.0,False,False,60492.23077392578,4186.186524251644,14.187191639848015,0.00012470252266732029,1092.6533311566216,0.8400348122237011,0.7368166561589482,1.098880145389692,0.9663426523519489,0.4807149936858969,1.5,0.007381684733804169,0.0039628751550082695,0.0015802535717956004,-0.027669301938465292,0.05848110963791403,0.030446402496627712,-2492.964583448316,False
3,stress,10058,corridor_barrier_nmpc,86.0,0.22613159588922216,0.04942150222924367,4.732232191747799,0.22624841240377414,0.0504207099864322,4.73321895471018,0.2718548084147258,-0.002423757324218734,-0.06459757812499999,0.2018548084147258,0.3418548084147258,-0.08,0.08,-0.045723212525503654,0.051845259553462406,4.796829769872799,Solve_Succeeded,0.029325541050639004,False,2998.070489688122,0.0,0.0,False,False,0.5,10,0.015,-1563.8653434531084,0.03251150455580333,0.651185392039422,-0.3500000036945809,-0.35000000985303636,-0.35000000755214866,-0.35,0.0,False,False,60310.36328125,4171.021348494046,14.13579611471348,0.0001283306049980518,1116.3106585860685,0.8400348122237011,0.7368166561589482,1.098880145389692,0.9663426523519489,0.4807149936858969,1.5,0.007381684733804169,0.0039628751550082695,0.0015802535717956004,-0.027669301938465292,0.05848110963791403,0.030446402496627712,-2492.964583448316,False
3,stress,10058,corridor_barrier_nmpc,86.5,0.22596901655718368,0.04939023637198521,4.756935125446038,0.22257411857611403,0.04862581525134363,4.7568529461951705,0.2712996425385049,-0.0024213769531249985,-0.06580888549804688,0.2012996425385049,0.3412996425385049,-0.08,0.08,-0.04533062598132123,0.05181161332511021,4.822744010944085,Solve_Succeeded,0.030288417008705437,False,3071.888321154953,0.0,0.0,False,False,0.5,10,0.015,-1533.0507561897105,0.03287919914191093,0.6535874880478271,-0.3500000045382025,-0.350000002935497,-0.3500000045670827,-0.35,0.0,False,False,60128.66717529297,4155.887380022547,14.084506352603574,0.00013206067326332872,1140.4363505159868,0.8400348122237011,0.7368166561589482,1.098880145389692,0.9663426523519489,0.4807149936858969,1.5,0.007381684733804169,0.0039628751550082695,0.0015802535717956004,-0.027669301938465292,0.05848110963791403,0.030446402496627712,-2492.964583448316,False
3,stress,10058,corridor_barrier_nmpc,87.0,0.22580871723381887,0.04935958687645413,4.781622580300343,0.21574724274840928,0.04834231612216542,4.781780167438329,0.2707288927498122,-0.0024188061523437443,-0.06701895507812498,0.2007288927498122,0.3407288927498122,-0.08,0.08,-0.04492017551599334,0.05177839302879787,4.848641535378468,Solve_Succeeded,0.03313416603486985,False,3152.028045303123,0.0,0.0,True,False,0.5,10,0.015,-1501.4000280905507,0.03324615803590788,0.6559902720935179,-0.35000000452832103,-0.35000000364793726,-0.3500000039727754,-0.35,0.0,False,False,59947.15673828125,4140.785665068743,14.033325899248526,0.00013589518119125032,1165.036585635811,0.8400348122237011,0.7368166561589482,1.098880145389692,0.9663426523519489,0.4807149936858969,1.5,0.007381684733804169,0.0039628751550082695,0.0015802535717956004,-0.027669301938465292,0.05848110963791403,0.030446402496627712,-2492.964583448316,False
3,stress,10058,corridor_barrier_nmpc,87.5,0.22565075628623876,0.04932957045887224,4.806294868671189,0.2153900252344221,0.052504160759487634,4.805545772456069,0.27014282318275734,-0.0024160449218750546,-0.06822769165039062,0.20014282318275733,0.34014282318275735,-0.08,0.08,-0.04449206689651858,0.0517456153807473,4.874522560321579,Solve_Succeeded,0.03129429102409631,False,3108.9616304419637,0.0,0.0,False,False,0.5,10,0.015,-1468.8970632181092,0.03361234306447337,0.6583935446126042,-0.35000000237602313,-0.3500000036945809,-0.35000000379289853,-0.35,0.0,False,False,59765.846252441406,4125.717247578832,13.982258292633263,0.000139836618560605,1190.1174944055986,0.8400348122237011,0.7368166561589482,1.098880145389692,0.9663426523519489,0.4807149936858969,1.5,0.007381684733804169,0.0039628751550082695,0.0015802535717956004,-0.027669301938465292,0.05848110963791403,0.030446402496627712,-2492.964583448316,False
3,stress,10058,corridor_barrier_nmpc,88.0,0.22549519399403162,0.049300204156845204,4.830952311357549,0.23080401753959237,0.05356364868866207,4.831495053885639,0.26954169797145006,-0.002413093261718763,-0.06943500000000004,0.19954169797145005,0.33954169797145006,-0.08,0.08,-0.04404650397741844,0.05171329741856397,4.90038731135755,Solve_Succeeded,0.030205707997083664,False,3023.8728544708956,0.0,0.0,False,False,0.5,10,0.015,-1435.5257528894483,0.03397771555448492,0.6607971049458362,-0.35000000088976513,-0.3500000045382025,-0.3500000042748022,-0.35,0.0,False,False,59584.75,4110.6831692354335,13.931307063071314,0.00014388751049172903,1215.685152595655,0.8400348122237011,0.7368166561589482,1.098880145389692,0.9663426523519489,0.4807149936858969,1.5,0.007381684733804169,0.0039628751550082695,0.0015802535717956004,-0.027669301938465292,0.05848110963791403,0.030446402496627712,-2492.964583448316,False
3,stress,10058,corridor_barrier_nmpc,88.5,0.22534209250227552,0.0492715053295968,4.855595237757654,0.22532769162301916,0.050032338885194434,4.85950309108775,0.26892578125000005,-0.00240995117187498,-0.07064078491210939,0.19892578125000004,0.33892578125000006,-0.08,0.08,-0.04358368874772453,0.05168145650147178,4.926236022669763,Solve_Succeeded,0.032305333006661385,False,3118.292081678189,0.0,0.0,False,False,0.5,10,0.015,-1401.2699912756248,0.03434223634695211,0.6632007513442304,-0.35000000423004973,-0.35000000452832103,-0.35000000443872414,-0.35,0.0,False,False,59403.882263183594,4095.6844694790416,13.880475733277544,0.00014805041665385602,1241.7455746305945,0.8400348122237011,0.7368166561589482,1.098880145389692,0.9663426523519489,0.4807149936858969,1.5,0.007381684733804169,0.0039628751550082695,0.0015802535717956004,-0.027669301938465292,0.05848110963791403,0.030446402496627712,-2492.964583448316,False
3,stress,10058,corridor_barrier_nmpc,89.0,0.2251915157794809,0.04924349165789053,4.880223986029776,0.2226023997665414,0.04914666260361274,4.880287594936705,0.2682953371525169,-0.0024066186523437616,-0.07184495117187502,0.1982953371525169,0.3382953371525169,-0.08,0.08,-0.043103821373036005,0.05165011031023429,4.952068937201651,Solve_Succeeded,0.03018129098927602,False,3165.597740161771,0.0,0.0,False,False,0.5,10,0.015,-1366.113691728569,0.0347058658096489,0.6656042809749362,-0.35000000468270226,-0.35000000237602313,-0.3500000031050089,-0.35,0.0,False,False,59223.25732421875,4080.722185529149,13.829767818439732,0.00015232793038549508,1268.3047067382156,0.8400348122237011,0.7368166561589482,1.098880145389692,0.9663426523519489,0.4807149936858969,1.5,0.007381684733804169,0.0039628751550082695,0.0015802535717956004,-0.027669301938465292,0.05848110963791403,0.030446402496627712,-2492.964583448316,False
3,stress,10058,corridor_barrier_nmpc,89.5,0.2250435295797982,0.04921618114362394,4.904838903252905,0.22907825238672516,0.04796584474045581,4.905507833065445,0.2676506298131105,-0.0024030957031249967,-0.07304740356445315,0.1976506298131105,0.3376506298131105,-0.08,0.08,-0.042607100233312295,0.051619276846748934,4.977886306817358,Solve_Succeeded,0.03106804098933935,False,3159.769475027454,0.0,0.0,False,False,0.5,10,0.015,-1330.0408038418036,0.03506856384861572,0.6680074899273395,-0.3500000054810662,-0.35000000088976513,-0.35000000167266154,-0.35,0.0,False,False,59042.88946533203,4065.797352405041,13.779186826289047,0.00015672267772433792,1295.3684199038717,0.8400348122237011,0.7368166561589482,1.098880145389692,0.9663426523519489,0.4807149936858969,1.5,0.007381684733804169,0.0039628751550082695,0.0015802535717956004,-0.027669301938465292,0.05848110963791403,0.030446402496627712,-2492.964583448316,False
3,stress,10058,corridor_barrier_nmpc,90.0,0.2248982014088877,0.04918959210908111,4.929440345587128,0.22206241171640623,0.05437903898084672,4.9306764987345515,0.26699192336589034,-0.0023993823242187684,-0.07424804687500001,0.19699192336589033,0.33699192336589034,-0.08,0.08,-0.042093721957002644,0.05158897443329988,5.003688392462128,Solve_Succeeded,0.031553792010527104,False,3158.316173647874,0.0,0.0,False,False,0.5,10,0.015,-1293.035331250411,0.035430289918685895,0.6704101732194035,-0.3499999997867177,-0.35000000423004973,-0.350000003326235,-0.35,0.0,False,False,58862.79296875,4050.911002946254,13.728736257169384,0.00016123731634316114,1322.942502631351,0.8400348122237011,0.7368166561589482,1.098880145389692,0.9663426523519489,0.4807149936858969,1.5,0.007381684733804169,0.0039628751550082695,0.0015802535717956004,-0.027669301938465292,0.05848110963791403,0.030446402496627712,-2492.964583448316,False
3,stress,10058,corridor_barrier_nmpc,90.5,0.2247556004929046,0.049163743195828495,4.954028678433548,0.23271732467448641,0.045538386792875966,4.953903917739468,0.2663194819449662,-0.002395478515624966,-0.07544678588867192,0.19631948194496618,0.3363194819449662,-0.08,0.08,-0.04156388145206158,0.05155922171145346,5.0294754643222195,Solve_Succeeded,0.02965624997159466,False,3212.1612710953364,0.0,0.0,False,False,0.5,10,0.015,-1255.0813501746072,0.03579100303317684,0.6728121248042477,-0.35000000660286706,-0.35000000468270226,-0.3500000042033088,-0.35,0.0,False,False,58682.98211669921,4036.0641678327297,13.678419604105663,0.00016587453438815888,1351.0326535115892,0.8400348122237011,0.7368166561589482,1.098880145389692,0.9663426523519489,0.4807149936858969,1.5,0.007381684733804169,0.0039628751550082695,0.0015802535717956004,-0.027669301938465292,0.05848110963791403,0.030446402496627712,-2492.964583448316,False
3,stress,10058,corridor_barrier_nmpc,91.0,0.22461579775010268,0.04913865336323924,4.978604276593558,0.21567698340331046,0.044852864384819724,4.979186101846455,0.26563356968444785,-0.0023913842773437277,-0.07664352539062498,0.19563356968444784,0.33563356968444785,-0.08,0.08,-0.041017771934345165,0.05153003764058297,5.055247801984183,Solve_Succeeded,0.028880833997391164,False,3370.95306561279,0.0,0.0,False,False,0.5,10,0.015,-1216.1630287101925,0.03615066177287141,0.6752131375769588,-0.3500000062080539,-0.3500000054810662,-0.35000000502948986,-0.35,0.0,False,False,58503.47119140625,4021.257875604648,13.628240352871046,0.00017063704921612468,1379.644473600916,0.8400348122237011,0.7368166561589482,1.098880145389692,0.9663426523519489,0.4807149936858969,1.5,0.007381684733804169,0.0039628751550082695,0.0015802535717956004,-0.027669301938465292,0.05848110963791403,0.030446402496627712,-2492.964583448316,False
3,stress,10058,corridor_barrier_nmpc,91.5,0.22447886576460377,0.04911434188663115,5.003167524427283,0.2195317239198323,0.04168047294757007,5.0009025720828975,0.2649344507184448,-0.0023870996093749985,-0.07783817016601564,0.19493445071844479,0.3349344507184448,-0.08,0.08,-0.04045558495384102,0.05150144149600615,5.081005694593299,Solve_Succeeded,0.03448841697536409,False,3911.3338124183088,0.0025515106224368866,0.0,False,False,0.5,10,0.015,-1176.2646468679204,0.036509224294404376,0.6776130033816398,-0.35000000987411717,-0.3499999997867177,-0.3500000016395826,-0.35,0.0,False,False,58324.274475097656,4006.4931526819596,13.57820198205314,0.00017552760602688474,1408.783458610889,0.8400348122237011,0.7368166561589482,1.098880145389692,0.9663426523519489,0.4807149936858969,1.5,0.007381684733804169,0.0039628751550082695,0.0015802535717956004,-0.027669301938465292,0.05848110963791403,0.030446402496627712,-2492.964583448316,False
3,stress,10058,corridor_barrier_nmpc,92.0,0.22434487876192152,0.04909082835500326,5.027718816010988,0.23274807455591673,0.04802684522842781,5.026411877121137,0.2642223891810669,-0.002382624511718723,-0.07903062499999998,0.19422238918106688,0.3342223891810669,-0.08,0.08,-0.03987751041914536,0.05147345286672198,5.1067494410109875,Solve_Succeeded,0.03014275000896305,False,3243.558554562915,0.0,0.0,False,False,0.5,10,0.015,-1135.3706173626094,0.03686664833815706,0.6800115130186897,-0.35000000583866053,-0.35000000660286706,-0.35000000484877675,-0.35,0.0,False,False,58145.40625,3991.771023383624,13.528307963119177,0.00018054897638737334,1438.4549909120892,0.8400348122237011,0.7368166561589482,1.098880145389692,0.9663426523519489,0.4807149936858969,1.5,0.007381684733804169,0.0039628751550082695,0.0015802535717956004,-0.027669301938465292,0.05848110963791403,0.030446402496627712,-2492.964583448316,False
3,stress,10058,corridor_barrier_nmpc,92.5,0.22421391258586254,0.04906813266835617,5.052258555293248,0.22310640873669144,0.04852096503285447,5.050303027913223,0.26349764920642377,-0.0023779589843750393,-0.08022079467773437,0.19349764920642376,0.3334976492064238,-0.08,0.08,-0.03928373662056123,0.05144609165273121,5.132479349970982,Solve_Succeeded,0.030492458026856184,False,3315.8590282179607,0.0,0.0,False,False,0.5,10,0.015,-1093.4655071514023,0.03722289123575403,0.6824084562523166,-0.3500000053338246,-0.3500000062080539,-0.3500000057276674,-0.35,0.0,False,False,57966.880798339844,3977.092509946549,13.478561760480225,0.00018570395664375218,1468.6643313547208,0.8400348122237011,0.7368166561589482,1.098880145389692,0.9663426523519489,0.4807149936858969,1.5,0.007381684733804169,0.0039628751550082695,0.0015802535717956004,-0.027669301938465292,0.05848110963791403,0.030446402496627712,-2492.964583448316,False
3,stress,10058,corridor_barrier_nmpc,93.0,0.22408604467646095,0.04904627503458103,5.076787156249676,0.21383968529824662,0.048644809581730265,5.07496407377854,0.26276049492862513,-0.0023731030273437537,-0.08140858398437502,0.19276049492862513,0.33276049492862514,-0.08,0.08,-0.03867445025216418,0.051419378061924786,5.158195740234051,Solve_Succeeded,0.031350625038612634,False,3397.866795578158,0.0,0.0,False,False,0.5,10,0.015,-1050.5340597191926,0.03757790991724717,0.6848036218182828,-0.3500000051429848,-0.35000000987411717,-0.35000000840870704,-0.35,0.0,False,False,57788.71240234375,3962.4586325442483,13.428966831554407,0.00019099536621797536,1499.416610909171,0.8400348122237011,0.7368166561589482,1.098880145389692,0.9663426523519489,0.4807149936858969,1.5,0.007381684733804169,0.0039628751550082695,0.0015802535717956004,-0.027669301938465292,0.05848110963791403,0.030446402496627712,-2492.964583448316,False
3,stress,10058,corridor_barrier_nmpc,93.5,0.22396135404863096,0.04902527596590246,5.101305043035981,0.23511433788706435,0.048408473736273674,5.101290764793797,0.2620111904817807,-0.0023680566406250325,-0.08259389770507812,0.19201119048178067,0.3320111904817807,-0.08,0.08,-0.038049836433149714,0.051393332606527495,5.183898940741059,Solve_Succeeded,0.03250433300854638,False,3298.2648316291143,0.0,0.0,False,False,0.5,10,0.015,-1006.5612181077258,0.03793166091806434,0.6871967974318803,-0.35000000578219637,-0.35000000583866053,-0.3500000067469489,-0.35,0.0,False,False,57610.91534423828,3947.870409305223,13.379526626829191,0.0001964260457852253,1530.7168221301222,0.8400348122237011,0.7368166561589482,1.098880145389692,0.9663426523519489,0.4807149936858969,1.5,0.007381684733804169,0.0039628751550082695,0.0015802535717956004,-0.027669301938465292,0.05848110963791403,0.030446402496627712,-2492.964583448316,False
3,stress,10058,corridor_barrier_nmpc,94.0,0.2238399212712477,0.049005156274860386,5.125812650139133,0.22689912548031865,0.045325431083025544,5.1274633390358275,0.26125000000000004,-0.002362819824218737,-0.08377664062500005,0.19125000000000003,0.33125000000000004,-0.08,0.08,-0.03741007872875235,0.05136797609907912,5.209589290764133,Solve_Succeeded,0.032155583961866796,False,3401.769666753123,0.0,0.0,False,False,0.5,10,0.015,-961.5321486832806,0.03828410038579312,0.6895877697961353,-0.350000006799544,-0.3500000053338246,-0.35000000583324137,-0.35,0.0,False,False,57433.50390625,3933.3288563310607,13.330244589922744,0.0002019988553286721,1562.5698104482149,0.8400348122237011,0.7368166561589482,1.098880145389692,0.9663426523519489,0.4807149936858969,1.5,0.007381684733804169,0.0039628751550082695,0.0015802535717956004,-0.027669301938465292,0.05848110963791403,0.030446402496627712,-2492.964583448316,False
3,stress,10058,corridor_barrier_nmpc,94.5,0.22372182844639,0.048985937069816174,5.150310422526395,0.2182105399785558,0.04557991298268507,5.149897913726003,0.26047718761739297,-0.0023573925781249505,-0.08495671752929686,0.19047718761739296,0.330477187617393,-0.08,0.08,-0.03675535917100298,0.051343329647941124,5.235267140055692,Solve_Succeeded,0.029736416006926447,False,3474.1876813353765,0.0,0.0,False,False,0.5,10,0.015,-915.432265636201,0.03863518408686399,0.691976324610243,-0.35000000648794305,-0.3500000051429848,-0.3500000053869306,-0.35,0.0,False,False,57256.49237060547,3918.834987714277,13.281124157644383,0.00020771667206804451,1594.98026529366,0.8400348122237011,0.7368166561589482,1.098880145389692,0.9663426523519489,0.4807149936858969,1.5,0.007381684733804169,0.0039628751550082695,0.0015802535717956004,-0.027669301938465292,0.05848110963791403,0.030446402496627712,-2492.964583448316,False
3,stress,10058,corridor_barrier_nmpc,95.0,0.2236071591884994,0.04896763974996848,5.1747988157919975,0.221688384481849,0.050702695478712735,5.17579825067318,0.25969301746806916,-0.0023517749023438117,-0.086134033203125,0.18969301746806916,0.32969301746806917,-0.08,0.08,-0.036085858279569755,0.051319414652312295,5.260932848995123,Solve_Succeeded,0.03047487500589341,False,3418.6237414901143,0.0,0.0,False,False,0.5,10,0.015,-868.2472562037685,0.03898486741319148,0.6943622465782294,-0.3500000036939974,-0.35000000578219637,-0.3500000056425042,-0.35,0.0,False,False,57079.89501953125,3904.3898155558845,13.232168760054128,0.0002135823882585565,1627.9527110566758,0.8400348122237011,0.7368166561589482,1.098880145389692,0.9663426523519489,0.4807149936858969,1.5,0.007381684733804169,0.0039628751550082695,0.0015802535717956004,-0.027669301938465292,0.05848110963791403,0.030446402496627712,-2492.964583448316,False
3,stress,10058,corridor_barrier_nmpc,95.5,0.22349599860322855,0.04895028599986431,5.1992782963011805,0.23212165284507155,0.04640086924393589,5.201638856837623,0.25889775368613827,-0.0023459667968750153,-0.08730849243164067,0.18889775368613826,0.32889775368613827,-0.08,0.08,-0.035401755082909714,0.05129625279673933,5.286586788732821,Solve_Succeeded,0.0285904579795897,False,3427.3544365112525,0.0,0.0,False,False,0.5,10,0.015,-819.9631066061693,0.03933310538882692,0.6967453194178412,-0.3500000067535684,-0.350000006799544,-0.3500000063906309,-0.35,0.0,False,False,56903.726135253906,3889.99434998271,13.183381820521381,0.00021959890885678252,1661.4914978899765,0.8400348122237011,0.7368166561589482,1.098880145389692,0.9663426523519489,0.4807149936858969,1.5,0.007381684733804169,0.0039628751550082695,0.0015802535717956004,-0.027669301938465292,0.05848110963791403,0.030446402496627712,-2492.964583448316,False
3,stress,10058,corridor_barrier_nmpc,96.0,0.2233884332657687,0.04893389778339111,5.223749341331372,0.22275757364267032,0.052606934220699564,5.221244695864741,0.25809166040571,-0.0023399682617187,-0.08848000000000002,0.18809166040571001,0.32809166040571003,-0.08,0.08,-0.03470322713994131,0.05127386604510981,5.3122293413313715,Solve_Succeeded,0.02880770800402388,False,3446.6851947472765,0.0,0.0,False,False,0.5,10,0.015,-770.5661286833522,0.03967985267667176,0.6991253258696613,-0.3499999993525351,-0.35000000648794305,-0.35000000645355167,-0.35,0.0,False,False,56728.0,3875.649599164461,13.134766755782778,0.0002257691490501585,1695.6007923590848,0.8400348122237011,0.7368166561589482,1.098880145389692,0.9663426523519489,0.4807149936858969,1.5,0.007381684733804169,0.0039628751550082695,0.0015802535717956004,-0.027669301938465292,0.05848110963791403,0.030446402496627712,-2492.964583448316,False
3,stress,10058,corridor_barrier_nmpc,96.5,0.22328455119846194,0.04891849733723601,5.248212439210223,0.21222281434707974,0.050665805866441246,5.250123154624939,0.2572750017608941,-0.002333779296874977,-0.08964846069335937,0.18727500176089407,0.3272750017608941,-0.08,0.08,-0.033990450562432134,0.051252276634110985,5.337860899903583,Solve_Succeeded,0.028573333052918315,False,3542.237747198272,0.0,0.0,False,False,0.5,10,0.015,-720.0429872186824,0.040025063585296755,0.7015020477064505,-0.3500000038194009,-0.3500000036939974,-0.35000000466926035,-0.35,0.0,False,False,56552.730895996094,3861.356569330537,13.086326975999148,0.00023209603164686045,1730.2845679465918,0.8400348122237011,0.7368166561589482,1.098880145389692,0.9663426523519489,0.4807149936858969,1.5,0.007381684733804169,0.0039628751550082695,0.0015802535717956004,-0.027669301938465292,0.05848110963791403,0.030446402496627712,-2492.964583448316,False
3,stress,10058,corridor_barrier_nmpc,97.0,0.22318444184751646,0.04890410716379837,5.272668089450241,0.21697480051333567,0.04459494280164736,5.271557195199719,0.25644804188580017,-0.002327399902343763,-0.090813779296875,0.18644804188580016,0.3264480418858002,-0.08,0.08,-0.033263600038283714,0.051231507066142136,5.363481868747116,Solve_Succeeded,0.029233042034320533,False,3599.783171350859,0.0,0.0,False,False,0.5,10,0.015,-668.380727933247,0.04036869207590775,0.703875265742714,-0.35000000693785466,-0.3500000067535684,-0.3500000060169464,-0.35,0.0,False,False,56377.93310546875,3847.116264786609,13.038065884811717,0.00023858248432291667,1765.5465954170302,0.8400348122237011,0.7368166561589482,1.098880145389692,0.9663426523519489,0.4807149936858969,1.5,0.007381684733804169,0.0039628751550082695,0.0015802535717956004,-0.027669301938465292,0.05848110963791403,0.030446402496627712,-2492.964583448316,False
3,stress,10058,corridor_barrier_nmpc,97.5,0.2230881960586568,0.0488907500235425,5.297116802879732,0.2125171022286746,0.05506316047745267,5.2967415247481595,0.25561104491453795,-0.00232083007812503,-0.09197586059570313,0.18561104491453795,0.32561104491453796,-0.08,0.08,-0.032522848855881165,0.05121158010166753,5.389092663475435,Solve_Succeeded,0.02823670901125297,False,3562.7466436053032,0.0,0.0,False,False,0.5,10,0.015,-615.5668061326253,0.040710691769496696,0.7062447598444915,-0.34999992466446533,-0.3499999993525351,-0.35000000170782614,-0.35,0.0,False,False,56203.62091064453,3832.929687930953,12.989986879397451,0.0002452314367235138,1801.3904330493965,0.8400348122237011,0.7368166561589482,1.098880145389692,0.9663426523519489,0.4807149936858969,1.5,0.007381684733804169,0.0039628751550082695,0.0015802535717956004,-0.027669301938465292,0.05848110963791403,0.030446402496627712,-2492.964583448316,False
3,stress,10058,corridor_barrier_nmpc,98.0,0.22299590605155134,0.04887844892677728,5.321559101769785,0.21280534947806834,0.054586264953653825,5.324475701772125,0.2547642749812171,-0.0023140698242187507,-0.09313460937500002,0.1847642749812171,0.3247642749812171,-0.08,0.08,-0.03176836892966578,0.05119251875099603,5.4146937111447855,Solve_Succeeded,0.03098275000229478,False,3592.0418617798305,0.0,0.0,False,False,0.5,10,0.015,-561.5891159857351,0.04105101595421213,0.708610308939371,-0.3499999881198709,-0.3500000038194009,-0.3500000030731425,-0.35,0.0,False,False,56029.80859375,3818.7978392705595,12.942093350523658,0.0002520458174155903,1837.8194167449324,0.8400348122237011,0.7368166561589482,1.098880145389692,0.9663426523519489,0.4807149936858969,1.5,0.007381684733804169,0.0039628751550082695,0.0015802535717956004,-0.027669301938465292,0.05848110963791403,0.030446402496627712,-2492.964583448316,False
3,stress,10058,corridor_barrier_nmpc,98.5,0.22290766539287032,0.04886722712485041,5.345995519956992,0.21596053496886625,0.050390009295998024,5.349243770123846,0.2539079962199474,-0.0023071191406249802,-0.09428993041992188,0.1839079962199474,0.3239079962199474,-0.08,0.08,-0.031000330827077094,0.05117434626547539,5.440285450376915,Solve_Succeeded,0.03247270901920274,False,3619.992174497315,0.0,0.0,False,False,0.5,10,0.015,-506.4360204132563,0.041389617592982056,0.7109716910267249,-0.3500000033281124,-0.35000000693785466,-0.3500000055720143,-0.35,0.0,False,False,55856.51043701172,3804.721717437004,12.89438868260177,0.00025902855068893967,1874.8366500181075,0.8400348122237011,0.7368166561589482,1.098880145389692,0.9663426523519489,0.4807149936858969,1.5,0.007381684733804169,0.0039628751550082695,0.0015802535717956004,-0.027669301938465292,0.05848110963791403,0.030446402496627712,-2492.964583448316,False
3,stress,10058,corridor_barrier_nmpc,99.0,0.22282356896783684,0.04885710810074494,5.370426602961621,0.22884376673476514,0.048452302400389495,5.372260406133421,0.2530424727648385,-0.0022999780273437465,-0.095441728515625,0.18304247276483848,0.3230424727648385,-0.08,0.08,-0.03021890379700165,0.05115708612808869,5.465868331477246,Solve_Succeeded,0.03179304103832692,False,3597.044326904618,0.0,0.0,False,False,0.5,10,0.015,-450.0968838245283,0.04172643907246831,0.7133286831881679,-0.350000004895015,-0.34999992466446533,-0.349999953258262,-0.349999953258262,9.348347596027651e-08,False,False,55683.74072265625,3790.7023192021034,12.846876253740414,0.00026618255320321214,1912.4449938793612,0.8400348122237011,0.7368166561589482,1.098880145389692,0.9663426523519489,0.4807149936858969,1.5,0.007381684733804169,0.0039628751550082695,0.0015802535717956004,-0.027669301938465292,0.05848110963791403,0.030446402496627712,-2492.964583448316,False
3,stress,10058,corridor_barrier_nmpc,99.5,0.2227437129477202,0.04884811554902155,5.39485290809842,0.223802242600545,0.050106047661659214,5.395173325341552,0.25216796875,-0.002292646484374994,-0.09658990844726563,0.18216796875000002,0.32216796875000003,-0.08,0.08,-0.029424255802279836,0.05114076203339654,5.4914428165456854,Solve_Succeeded,0.03143883403390646,False,3633.5353653169336,0.0,0.0,False,False,0.5,10,0.015,-392.55985791740295,0.04206145817751434,0.7156810615982359,-0.35000000194152875,-0.3499999881198709,-0.34999997579931774,-0.34999997579931774,-4.5082111488348175e-08,False,False,55511.513732910156,3776.7406394933505,12.7995594357977,0.0002735107304783648,1950.6470566185187,0.8400348122237011,0.7368166561589482,1.098880145389692,0.9663426523519489,0.4807149936858969,1.5,0.007381684733804169,0.0039628751550082695,0.0015802535717956004,-0.027669301938465292,0.05848110963791403,0.030446402496627712,-2492.964583448316,False
3,stress,10058,corridor_barrier_nmpc,100.0,0.22266819476189467,0.04884027340004462,5.419275004588465,0.21568793173107534,0.050412506146403725,5.419047854210015,0.25128474830954173,-0.00228512451171875,-0.097734375,0.18128474830954172,0.32128474830954173,-0.08,0.08,-0.028616553547647056,0.05112539791176337,5.5170093795884645,Solve_Succeeded,0.02865458297310397,False,3691.340452911172,0.0,0.0,False,False,0.5,10,0.015,-333.81567735658064,0.042394610740618274,0.7180286015352851,-0.3500000023628481,-0.3500000033281124,-0.3499999935990727,-0.3499999935990727,-3.559950989551197e-08,False,False,55339.84375,3762.837671409129,12.752441594432808,0.0002810159732262989,1989.4451834983017,0.8400348122237011,0.7368166561589482,1.098880145389692,0.9663426523519489,0.4807149936858969,1.5,0.007381684733804169,0.0039628751550082695,0.0015802535717956004,-0.027669301938465292,0.05848110963791403,0.030446402496627712,-2492.964583448316,False
3,stress,10058,corridor_barrier_nmpc,100.5,0.22259711306597774,0.048833605768294853,5.443693473664143,0.22693750510442884,0.04792159860442373,5.443716708357562,0.2503930755775733,-0.0022774121093749877,-0.09887503295898438,0.18039307557757328,0.3203930755775733,-0.08,0.08,-0.02779596251159555,0.05111101787766984,5.542568506623128,Solve_Succeeded,0.02825570898130536,False,3682.1664602813994,0.0,0.0,False,False,0.5,10,0.015,-273.854970279554,0.04272584701953384,0.7203710773926116,-0.35000000503562084,-0.350000004895015,-0.35000000090287975,-0.35,-1.280185457641636e-08,False,False,55168.745056152344,3748.9944062337245,12.705526089156843,0.00028870115352163544,2028.8414463679023,0.8400348122237011,0.7368166561589482,1.098880145389692,0.9663426523519489,0.4807149936858969,1.5,0.007381684733804169,0.0039628751550082695,0.0015802535717956004,-0.027669301938465292,0.05848110963791403,0.030446402496627712,-2492.964583448316,False
3,stress,10058,corridor_barrier_nmpc,101.0,0.2225305677017823,0.048828136954473335,5.468108908661739,0.22792518938045128,0.05351704893626116,5.465649919241968,0.2494932146882044,-0.002269509277343762,-0.10001178710937499,0.1794932146882044,0.3194932146882044,-0.08,0.08,-0.02696264698642209,0.0510976462318171,5.568120695771114,Solve_Succeeded,0.02916625002399087,False,3698.4077759768047,0.0,0.0,False,False,0.5,10,0.015,-212.66886112419388,0.04305511956257889,0.7227082626897876,-0.25999999123815726,-0.35000000194152875,-0.3500000015744565,-0.35,0.0,False,False,54998.23193359375,3735.2118334521238,12.658816273383003,0.0002965691208097828,2068.8376332069047,0.8400348122237011,0.7368166561589482,1.098880145389692,0.9663426523519489,0.4807149936858969,1.5,0.007381684733804169,0.0039628751550082695,0.0015802535717956004,-0.027669301938465292,0.05848110963791403,0.030446402496627712,-2492.964583448316,False
3,stress,10058,corridor_barrier_nmpc,101.5,0.2224686596595303,0.04882389143554901,5.492521915112057,0.2291971907018056,0.04696596841231538,5.490976842212225,0.24858542977554474,-0.0022614160156250174,-0.10114454223632814,0.17858542977554473,0.3185854297755447,-0.08,0.08,-0.02611677011601443,0.051085307451174025,5.593666457348386,Solve_Succeeded,0.0290358749916777,False,3729.006193721358,0.0,0.0,False,False,0.5,10,0.015,-150.24911167707205,0.04338238097308393,0.7250399300842185,-0.3500000057762246,-0.3500000023628481,-0.3500000020842201,-0.35,0.0,False,False,54828.31866455078,3721.4909407646123,12.612315494476045,0.00030462269775070617,2109.435237610446,0.8400348122237011,0.7368166561589482,1.098880145389692,0.9663426523519489,0.4807149936858969,1.5,0.007381684733804169,0.0039628751550082695,0.0015802535717956004,-0.027669301938465292,0.05848110963791403,0.030446402496627712,-2492.964583448316,False
3,stress,10058,corridor_barrier_nmpc,102.0,0.22241149103860988,0.04882089385198573,5.516933110825367,0.22670706352789974,0.04125162584558944,5.515863779510504,0.24766998497370402,-0.0022531323242187262,-0.102273203125,0.177669984973704,0.317669984973704,-0.08,0.08,-0.025258493935094134,0.051074026176204455,5.619206313950367,Solve_Succeeded,0.030563209031242877,False,3809.044109759833,0.0,0.0,False,False,0.5,10,0.015,-86.58824840237321,0.04370758217773677,0.7273658513829152,-0.3500000083750313,-0.35000000503562084,-0.3500000039925568,-0.35,0.0,False,False,54659.01953125,3707.8327141011764,12.566027093801093,0.00031286467589705706,2150.635448226926,0.8400348122237011,0.7368166561589482,1.098880145389692,0.9663426523519489,0.4807149936858969,1.5,0.007381684733804169,0.0039628751550082695,0.0015802535717956004,-0.027669301938465292,0.05848110963791403,0.030446402496627712,-2492.964583448316,False
3,stress,10058,corridor_barrier_nmpc,102.5,0.2223591650057588,0.048819168992423466,5.541343125969323,0.21731255437881628,0.05695569116090686,5.541711690186593,0.2467471444167919,-0.0022446582031250273,-0.10339767456054687,0.1767471444167919,0.3167471444167919,-0.08,0.08,-0.0243879794110331,0.05106382719554849,5.6447408005298705,Solve_Succeeded,0.03464533400256187,False,3828.1996801184077,0.0,0.0,False,False,0.5,10,0.015,-754.9785892133646,0.030965547329527998,0.7296857975544854,-0.2599999921434959,-0.25999999123815726,-0.291807184682609,-0.291807184682609,0.11638563063478191,False,False,54490.34881591797,3694.2381376357025,12.519954406771761,0.00032129781120559587,2192.439138159991,0.8400348122237011,0.7368166561589482,1.098880145389692,0.9663426523519489,0.4807149936858969,1.5,0.007381684733804169,0.0039628751550082695,0.0015802535717956004,-0.027669301938465292,0.05848110963791403,0.030446402496627712,-2492.964583448316,False
3,stress,10058,corridor_barrier_nmpc,103.0,0.22230825004091984,0.0488040761380474,5.565748936688805,0.2178945165894617,0.045769025382926265,5.564291558340125,0.24581717223891814,-0.0022359936523437263,-0.10451786132812503,0.17581717223891813,0.31581717223891814,-0.08,0.08,-0.0235089221979983,0.05104006979039113,5.67026679801693,Solve_Succeeded,0.02958995895460248,False,3858.208153736463,0.0,0.0,False,False,0.5,10,0.015,-220.47468764318,0.039720456183483896,0.7319995387413384,-0.35000000650503965,-0.3500000057762246,-0.3294338940507291,-0.3294338940507291,-0.07525341873624014,False,False,54322.32080078125,3680.708193799991,12.474100762897656,0.00032992481938113477,2234.846854347032,0.8400348122237011,0.7368166561589482,1.098880145389692,0.9663426523519489,0.4807149936858969,1.5,0.007381684733804169,0.0039628751550082695,0.0015802535717956004,-0.027669301938465292,0.05848110963791403,0.030446402496627712,-2492.964583448316,False
3,stress,10058,corridor_barrier_nmpc,103.5,0.22225806974670378,0.04879967348385129,5.590149873530157,0.21550588616921373,0.052151374014560464,5.588452885018572,0.24488033257419237,-0.0022271386718749897,-0.1056336682128906,0.17488033257419236,0.31488033257419235,-0.08,0.08,-0.022622262827488582,0.05102681215572628,5.695783541743047,Solve_Succeeded,0.028976582980249077,False,3873.8746963089466,0.0,0.0,False,False,0.5,10,0.015,16.30378586223651,0.04303089172082337,0.7343068442721085,-0.23943388751228603,-0.3500000083750313,-0.3427316718860255,-0.3427316718860255,-0.026595555670592796,False,False,54154.949768066406,3667.243863297581,12.428469485831211,0.00033874837105254664,2277.8588069268562,0.8400348122237011,0.7368166561589482,1.098880145389692,0.9663426523519489,0.4807149936858969,1.5,0.007381684733804169,0.0039628751550082695,0.0015802535717956004,-0.027669301938465292,0.05848110963791403,0.030446402496627712,-2492.964583448316,False
3,stress,10058,corridor_barrier_nmpc,104.0,0.22221217355851255,0.04880000597003539,5.614549792868762,0.23646087302776264,0.043776615929256565,5.613767459135819,0.2439368895567243,-0.00221809326171879,-0.10674500000000002,0.1739368895567243,0.3139368895567243,-0.08,0.08,-0.02172471599821174,0.05101809923175418,5.721294792868762,Solve_Succeeded,0.029421916988212615,False,3857.486616430452,0.0,0.0,False,False,0.5,10,0.015,-637.5473070091575,0.031220341280936093,0.7366074826742901,-0.3500000077276727,-0.2599999921434959,-0.28923846068389547,-0.28923846068389547,0.10698642240426004,False,False,53988.25,3653.846125117388,12.383063893413926,0.000347771086780708,2321.4748586096016,0.8400348122237011,0.7368166561589482,1.098880145389692,0.9663426523519489,0.4807149936858969,1.5,0.007381684733804169,0.0039628751550082695,0.0015802535717956004,-0.027669301938465292,0.05848110963791403,0.030446402496627712,-2492.964583448316,False
3,stress,10058,corridor_barrier_nmpc,104.5,0.22216806287311255,0.0487872611682112,5.638946609138535,0.21517297684476375,0.04563692057750501,5.637692948704634,0.24298710732062362,-0.002208857421874988,-0.10785176147460938,0.1729871073206236,0.3129871073206236,-0.08,0.08,-0.020819044447511065,0.05099611859008619,5.746798370613145,Solve_Succeeded,0.02920566697139293,False,3948.1567581145937,0.0,0.0,False,False,0.5,10,0.015,-44.66025713389581,0.04042655853414729,0.7389012216870896,-0.3500000063551273,-0.35000000650503965,-0.3285260735269293,-0.3285260735269293,-0.07857522568606767,False,False,53822.235778808594,3640.5159565471645,12.337887297721966,0.0003569955318986098,2365.6945140624566,0.8400348122237011,0.7368166561589482,1.098880145389692,0.9663426523519489,0.4807149936858969,1.5,0.007381684733804169,0.0039628751550082695,0.0015802535717956004,-0.027669301938465292,0.05848110963791403,0.030446402496627712,-2492.964583448316,False
3,stress,10058,corridor_barrier_nmpc,105.0,0.2221253713345349,0.04878637412967234,5.663340017457014,0.20890779060091094,0.05667239302306634,5.663618860249256,0.24203125000000003,-0.002199431152343778,-0.10895385742187501,0.17203125000000002,0.31203125000000004,-0.08,0.08,-0.019905878665465143,0.05098580528201612,5.77229387487889,Solve_Succeeded,0.02858304197434336,False,3996.8703315113694,0.0,0.0,False,False,0.5,10,0.015,-790.4170364973354,0.027589834900346298,0.7411878282744888,-0.23852606562409015,-0.23943388751228603,-0.2709202429941447,-0.2709202429941447,0.11521166106556924,False,False,53656.92138671875,3627.2543331867764,12.292943005111177,0.00036642421118423396,2410.5169093251047,0.8400348122237011,0.7368166561589482,1.098880145389692,0.9663426523519489,0.4807149936858969,1.5,0.007381684733804169,0.0039628751550082695,0.0015802535717956004,-0.027669301938465292,0.05848110963791403,0.030446402496627712,-2492.964583448316,False
3,stress,10058,corridor_barrier_nmpc,105.5,0.22208311094489522,0.0487705718512278,5.687729253440918,0.2260070874327672,0.05223828494636105,5.687611680018256,0.2410695817289632,-0.002189814453124994,-0.11005119262695316,0.1710695817289632,0.3110695817289632,-0.08,0.08,-0.018986470784067982,0.050960386304352796,5.797780446067871,Solve_Succeeded,0.02933925000252202,False,3972.2363342067715,0.0,0.0,False,False,0.5,10,0.015,-6.659295325046514,0.03954545657905304,0.7434670686385235,-0.18092023348913522,-0.3500000077276727,-0.32205217419474796,-0.32205217419474796,-0.10226386240120655,False,False,53492.32110595703,3614.062228961312,12.248234316261492,0.00037605956336717847,2455.940801269183,0.8400348122237011,0.7368166561589482,1.098880145389692,0.9663426523519489,0.4807149936858969,1.5,0.007381684733804169,0.0039628751550082695,0.0015802535717956004,-0.027669301938465292,0.05848110963791403,0.030446402496627712,-2492.964583448316,False
3,stress,10058,corridor_barrier_nmpc,106.0,0.22204154965809766,0.04877044489095834,5.712114507116327,0.22905003173377012,0.050323771857786456,5.711644579823107,0.24010236664162288,-0.0021800073242187468,-0.111143671875,0.17010236664162287,0.3101023666416229,-0.08,0.08,-0.018060816983525213,0.050950452215177085,5.823258178991328,Solve_Succeeded,0.03028245799941942,False,3991.1945943488213,0.0,0.0,False,False,0.5,10,0.015,324.3096394686545,0.0439853450440248,0.7457387082327718,-0.23205216552398863,-0.3500000063551273,-0.3401228732673345,-0.3401228732673345,-0.03614139814517303,False,False,53328.44921875,3600.9406161340166,12.20376452622078,0.00038590395547045454,2501.9645571165956,0.8400348122237011,0.7368166561589482,1.098880145389692,0.9663426523519489,0.4807149936858969,1.5,0.007381684733804169,0.0039628751550082695,0.0015802535717956004,-0.027669301938465292,0.05848110963791403,0.030446402496627712,-2492.964583448316,False
3,stress,10058,corridor_barrier_nmpc,106.5,0.22200585324435682,0.0487769365936818,5.7365013520423505,0.2143909977362003,0.048525763337262384,5.733839454461989,0.23912986887208867,-0.0021700097656249806,-0.11223119995117191,0.16912986887208867,0.3091298688720887,-0.08,0.08,-0.01712401562773186,0.05094694635930678,5.848732551993522,Solve_Succeeded,0.03644495899789035,False,4048.3216245388453,0.0,0.0,False,False,0.5,10,0.015,-589.7972503677922,0.029170084802726592,0.7480025117760563,-0.34999997963266516,-0.23852606562409015,-0.27443171958067203,-0.27443171958067203,0.1313823073733249,False,False,53165.32000732422,3587.890465319055,12.159536924448094,0.0003959596769892786,2548.5861440316758,0.8400348122237011,0.7368166561589482,1.098880145389692,0.9663426523519489,0.4807149936858969,1.5,0.007381684733804169,0.0039628751550082695,0.0015802535717956004,-0.027669301938465292,0.05848110963791403,0.030446402496627712,-2492.964583448316,False
3,stress,10058,corridor_barrier_nmpc,107.0,0.2219725412202368,0.0487651456911841,5.7608868721889275,0.23182524703467686,0.04871830786680128,5.7579455251616025,0.23815235255447037,-0.0021598217773437234,-0.11331368164062498,0.16815235255447036,0.3081523525544704,-0.08,0.08,-0.016179811334233574,0.05092496746852782,5.874200553829552,Solve_Succeeded,0.03343799995491281,False,4041.836097445936,0.0,0.0,False,False,0.5,10,0.015,-1465.02513768269,0.015468771228975248,0.7502582432663564,-0.18443171015470042,-0.18092023348913522,-0.21396842799893293,-0.21396842799893293,0.12092658316347821,False,False,53002.94775390625,3574.912745494116,12.115554794856395,0.000406228933909159,2595.8031188027217,0.8400348122237011,0.7368166561589482,1.098880145389692,0.9663426523519489,0.4807149936858969,1.5,0.007381684733804169,0.0039628751550082695,0.0015802535717956004,-0.027669301938465292,0.05848110963791403,0.030446402496627712,-2492.964583448316,False
3,stress,10058,corridor_barrier_nmpc,107.5,0.2219328964415311,0.04873585112953423,5.785262120878213,0.22180588646465083,0.049539416839243504,5.785903533413648,0.23717008182287758,-0.0021494433593750306,-0.11439102172851563,0.16717008182287757,0.3071700818228776,-0.08,0.08,-0.015237185381346469,0.05088529448890926,5.899653142606728,Solve_Succeeded,0.030212917015887797,False,4094.327186356666,0.0,0.0,False,False,0.5,10,0.015,-1248.3254535693313,0.018391013753939867,0.7525056659949317,-0.12396841887390052,-0.23205216552398863,-0.22566113378905123,-0.22566113378905123,-0.023385411580236604,False,False,52841.346740722656,3562.008424012848,12.071821415854684,0.00041671384256604025,2643.6126176286693,0.8400348122237011,0.7368166561589482,1.098880145389692,0.9663426523519489,0.4807149936858969,1.5,0.007381684733804169,0.0039628751550082695,0.0015802535717956004,-0.027669301938465292,0.05848110963791403,0.030446402496627712,-2492.964583448316,False
3,stress,10058,corridor_barrier_nmpc,108.0,0.2218845560021738,0.04871089210800168,5.809623806048905,0.23556366647333396,0.04782276529517994,5.8102101737085325,0.23618332081142,-0.0021388745117187358,-0.11546312500000001,0.16618332081141998,0.30618332081141997,-0.08,0.08,-0.01429876480924619,0.05084976661972042,5.925086931048905,Solve_Succeeded,0.028901084035169333,False,4104.463797636203,0.0,0.0,False,False,0.5,10,0.015,76.55096411265549,0.03728502156008051,0.7547445425606546,-0.135661125110916,-0.34999997963266516,-0.30605698894442923,-0.30605698894442923,-0.160791710310756,False,False,52680.53125,3549.1784666171407,12.028340060389635,0.0004274164233517677,2692.011346027064,0.8400348122237011,0.7368166561589482,1.098880145389692,0.9663426523519489,0.4807149936858969,1.5,0.007381684733804169,0.0039628751550082695,0.0015802535717956004,-0.027669301938465292,0.05848110963791403,0.030446402496627712,-2492.964583448316,False
3,stress,10058,corridor_barrier_nmpc,108.5,0.22183582163853008,0.04871243110278231,5.833979636199819,0.22691636105277452,0.049403307400011226,5.833032516263824,0.2351923336542074,-0.0021281152343750054,-0.11652989624023437,0.16519233365420738,0.3051923336542074,-0.08,0.08,-0.013356512015677308,0.050840546337157316,5.950509532440054,Solve_Succeeded,0.028981833020225167,False,4148.849369345632,0.0,0.0,False,False,0.5,10,0.015,-1142.4185381651544,0.019246913600606638,0.7569746348845532,-0.21605697930841208,-0.18443171015470042,-0.22741569039876064,-0.22741569039876064,0.15728259709133718,False,False,52520.515563964844,3536.423837449245,11.98511399598667,0.00043833859426864187,2740.995568879714,0.8400348122237011,0.7368166561589482,1.098880145389692,0.9663426523519489,0.4807149936858969,1.5,0.007381684733804169,0.0039628751550082695,0.0015802535717956004,-0.027669301938465292,0.05848110963791403,0.030446402496627712,-2492.964583448316,False
3,stress,10058,corridor_barrier_nmpc,109.0,0.221787014851068,0.04868959057998377,5.85833014095364,0.23192188882190276,0.049761102103472225,5.859665423494819,0.23419738448534938,-0.002117165527343756,-0.11759124023437502,0.16419738448534937,0.3041973844853494,-0.08,0.08,-0.012410369634281382,0.05080675610732752,5.975921381188015,Solve_Succeeded,0.031020833004731685,False,4184.0050390375745,0.0,0.0,False,False,0.5,10,0.015,-2218.2280615270715,0.0038457840557998,0.7591957042245618,-0.13741568068362253,-0.12396841887390052,-0.16052805121163155,-0.16052805121163155,0.13377527837425818,False,False,52361.31396484375,3523.7454990637425,11.942146484790516,0.00044948216433737137,2790.561100632759,0.8400348122237011,0.7368166561589482,1.098880145389692,0.9663426523519489,0.4807149936858969,1.5,0.007381684733804169,0.0039628751550082695,0.0015802535717956004,-0.027669301938465292,0.05848110963791403,0.030446402496627712,-2492.964583448316,False
3,stress,10058,corridor_barrier_nmpc,109.5,0.2217272905361573,0.048645235596912646,5.882663846665904,0.23048237829831258,0.045188097430814284,5.884370779315724,0.23319873743895572,-0.002106025390624988,-0.11864706176757812,0.16319873743895572,0.30319873743895576,-0.08,0.08,-0.011471446902798416,0.050751260987537634,6.0013109084334815,Solve_Succeeded,0.03035562502918765,False,4199.613889836666,0.0,0.0,False,False,0.5,10,0.015,-2474.1684364570337,0.00025846574436921843,0.7614075111904817,-0.07052804337813556,-0.135661125110916,-0.14444942529719215,-0.14444942529719215,0.0321572518288788,False,False,52202.94073486328,3511.1444124393643,11.899440783605273,0.00046084882686327986,2840.7032956681055,0.8400348122237011,0.7368166561589482,1.098880145389692,0.9663426523519489,0.4807149936858969,1.5,0.007381684733804169,0.0039628751550082695,0.0015802535717956004,-0.027669301938465292,0.05848110963791403,0.030446402496627712,-2492.964583448316,False
3,stress,10058,corridor_barrier_nmpc,110.0,0.22165155261455757,0.04859576465879994,5.906974095657848,0.22645094190507706,0.047704357612754274,5.909011528347424,0.23219665664913602,-0.0020946948242187846,-0.11969726562500001,0.16219665664913602,0.30219665664913603,-0.08,0.08,-0.01054510403457845,0.05069045948301872,6.0266713612828475,Solve_Succeeded,0.02992704202188179,False,4242.8650410715445,0.0,0.0,False,False,0.5,10,0.015,-1655.9169579851978,0.011308355878855245,0.7636098157591469,-0.054449416748190524,-0.21605697930841208,-0.1907499237557165,-0.1907499237557165,-0.0926009969170487,False,False,52045.41015625,3498.6215369906577,11.857000143933941,0.0004724401525661925,2891.4170388633906,0.8400348122237011,0.7368166561589482,1.098880145389692,0.9663426523519489,0.4807149936858969,1.5,0.007381684733804169,0.0039628751550082695,0.0015802535717956004,-0.027669301938465292,0.05848110963791403,0.030446402496627712,-2492.964583448316,False
3,stress,10058,corridor_barrier_nmpc,110.5,0.22156422624072045,0.04856266117643855,5.931263700863063,0.22520646821085108,0.044137312767501304,5.930947945206511,0.23119140625,-0.002083173828124979,-0.12074175659179691,0.16119140625,0.30119140625,-0.08,0.08,-0.009627180009279562,0.05064583500456353,6.05200545745486,Solve_Succeeded,0.029705583991017193,False,4266.881464277666,0.0,0.0,False,False,0.5,10,0.015,-2237.7950279224087,0.0033872198380412027,0.7658023772898002,-0.23439090452226136,-0.13741568068362253,-0.1562647067525058,-0.1562647067525058,0.06897043400642139,False,False,51888.73651123047,3486.17783057951,11.81482781201748,0.00048425758258002614,2942.6967363579506,0.8400348122237011,0.7368166561589482,1.098880145389692,0.9663426523519489,0.4807149936858969,1.5,0.007381684733804169,0.0039628751550082695,0.0015802535717956004,-0.027669301938465292,0.05848110963791403,0.030446402496627712,-2492.964583448316,False
3,stress,10058,corridor_barrier_nmpc,111.0,0.22146751705701362,0.04851792190565717,5.9555338452210975,0.22765745274029808,0.04324793077379387,5.958648016420863,0.23018325037565746,-0.002071462402343738,-0.12178043945312499,0.16018325037565745,0.30018325037565746,-0.08,0.08,-0.008715733318643837,0.05058938430800091,6.077314284674222,Solve_Succeeded,0.02963279199320823,False,4298.947120450486,0.0,0.0,False,False,0.5,10,0.015,-3223.5127550533734,-0.009529701774186675,0.7679849545396729,-0.18464786530556135,-0.07052804337813556,-0.1008285128310927,-0.1008285128310927,0.11087238784282621,False,False,51732.93408203125,3473.81424952653,11.772927028873381,0.0004963024213286919,2994.536306542299,0.8400348122237011,0.7368166561589482,1.098880145389692,0.9663426523519489,0.4807149936858969,1.5,0.007381684733804169,0.0039628751550082695,0.0015802535717956004,-0.027669301938465292,0.05848110963791403,0.030446402496627712,-2492.964583448316,False
3,stress,10058,corridor_barrier_nmpc,111.5,0.22135494608855252,0.048453471176835156,5.979776691818658,0.22802484761798686,0.04092702359138497,5.981936638277235,0.2291724531602179,-0.0020595605468750056,-0.12281321899414065,0.15917245316021789,0.2991724531602179,-0.08,0.08,-0.00781750707166537,0.05051303172371016,6.102589910812799,Solve_Succeeded,0.029729666013736278,False,4329.68328687058,0.0,0.0,False,False,0.5,10,0.015,-3779.016491751583,-0.016487551841201986,0.7701573056797725,-0.19082852109189377,-0.054449416748190524,-0.07084040199075174,-0.07084040199075174,0.059976221680681924,False,False,51578.017150878906,3461.5317486222852,11.731301030333748,0.0005085758292855615,3046.929171288902,0.8400348122237011,0.7368166561589482,1.098880145389692,0.9663426523519489,0.4807149936858969,1.5,0.007381684733804169,0.0039628751550082695,0.0015802535717956004,-0.027669301938465292,0.05848110963791403,0.030446402496627712,-2492.964583448316,False
3,stress,10058,corridor_barrier_nmpc,112.0,0.22122090717113774,0.04837791449391873,6.003984536211646,0.2080662392130662,0.04924523297895575,6.004284074796445,0.22815927873779118,-0.0020474682617187268,-0.12383999999999999,0.15815927873779118,0.2981592787377912,-0.08,0.08,-0.006938371566653445,0.05042538275563746,6.127824536211646,Solve_Succeeded,0.029018333996646106,False,4400.906735327896,0.0,0.0,False,False,0.5,10,0.015,-2093.6440086242046,0.00503197513860084,0.7723191883108756,0.019159607007986895,-0.23439090452226136,-0.17658999635847084,-0.16084040199075172,-0.17999999999999997,False,True,51424.0,3449.3312811384008,11.68995304708292,0.0005210788156243734,3099.8682474421075,0.8400348122237011,0.7368166561589482,1.098880145389692,0.9663426523519489,0.4807149936858969,1.5,0.007381684733804169,0.0039628751550082695,0.0015802535717956004,-0.027669301938465292,0.05848110963791403,0.030446402496627712,-2492.964583448316,False
3,stress,10058,corridor_barrier_nmpc,112.5,0.2210731828491792,0.04833606862241894,6.02816302972888,0.2204913455254185,0.05475205044884315,6.026631196938902,0.22714399124248688,-0.0020351855468749985,-0.12486068725585937,0.15714399124248687,0.2971439912424869,-0.08,0.08,-0.006070808393307675,0.05037125416929394,6.153023716984739,Solve_Succeeded,0.029616749961860478,False,4473.8562024852645,0.0,0.0,False,False,0.5,10,0.015,-1667.8579659990583,0.010221120001369897,0.7744703594797258,-0.07084039213498594,-0.18464786530556135,-0.18180010797190896,-0.18180010797190896,-0.04191941196231447,False,False,51270.896911621094,3437.213798838527,11.64888630469463,0.0005338122307701089,3153.34593858519,0.8400348122237011,0.7368166561589482,1.098880145389692,0.9663426523519489,0.4807149936858969,1.5,0.007381684733804169,0.0039628751550082695,0.0015802535717956004,-0.027669301938465292,0.05848110963791403,0.030446402496627712,-2492.964583448316,False
3,stress,10058,corridor_barrier_nmpc,113.0,0.22092308631791419,0.048302739467178654,6.052322729417274,0.22538996192599423,0.04863311419999931,6.051295700123455,0.22612685480841474,-0.0020227124023437376,-0.125875185546875,0.15612685480841473,0.2961268548084147,-0.08,0.08,-0.005203768490500554,0.05032545186952239,6.17819791496415,Solve_Succeeded,0.029640708002261817,False,4448.297215817269,0.0,0.0,False,False,0.5,10,0.015,-1522.1211762199491,0.011823942443523514,0.776610575695435,-0.09180009860490078,-0.19082852109189377,-0.18763776062625434,-0.18763776062625434,-0.011675305308690764,False,False,51118.72216796875,3425.180251989168,11.60810402366871,0.0005467767588590327,3207.3541271025433,0.8400348122237011,0.7368166561589482,1.098880145389692,0.9663426523519489,0.4807149936858969,1.5,0.007381684733804169,0.0039628751550082695,0.0015802535717956004,-0.027669301938465292,0.05848110963791403,0.030446402496627712,-2492.964583448316,False
3,stress,10058,corridor_barrier_nmpc,113.5,0.22077354675826574,0.04827232542820589,6.076466493278849,0.21733366506709886,0.04420706722027957,6.074962782853674,0.22510813356968448,-0.0020100488281249995,-0.1268833996582031,0.15510813356968448,0.29510813356968446,-0.08,0.08,-0.004334586811418739,0.05028237425633089,6.203349892937052,Solve_Succeeded,0.029165790998376906,False,4467.520669856127,0.0,0.0,False,False,0.5,10,0.015,-3288.779673058214,-0.009530236314527745,0.7787395929460911,-0.09763775256524576,0.019159607007986895,-0.05392531459191785,-0.09763776062625434,0.18,False,True,50967.49005126953,3413.231589370381,11.567609419467352,0.0005599729101177732,3261.8841665551163,0.8400348122237011,0.7368166561589482,1.098880145389692,0.9663426523519489,0.4807149936858969,1.5,0.007381684733804169,0.0039628751550082695,0.0015802535717956004,-0.027669301938465292,0.05848110963791403,0.030446402496627712,-2492.964583448316,False
3,stress,10058,corridor_barrier_nmpc,114.0,0.22061666552029963,0.04820657964155592,6.100586217023295,0.23306251102091802,0.048599047600872136,6.102854747957522,0.22408809166040572,-0.0019971948242187842,-0.127885234375,0.1540880916604057,0.2940880916604057,-0.08,0.08,-0.003471426140106093,0.0502037744657747,6.2284714513982955,Solve_Succeeded,0.03041304199723527,False,4529.641359451203,0.0,0.0,False,False,0.5,10,0.015,-3957.9118625413485,-0.017252265502580647,0.7808571667155672,-0.0076377508212108714,-0.07084039213498594,-0.0648623802761602,-0.0648623802761602,0.06555076070018828,False,False,50817.21484375,3401.3687582863445,11.527405702550928,0.0005734010131719957,3316.9268743871216,0.8400348122237011,0.7368166561589482,1.098880145389692,0.9663426523519489,0.4807149936858969,1.5,0.007381684733804169,0.0039628751550082695,0.0015802535717956004,-0.027669301938465292,0.05848110963791403,0.030446402496627712,-2492.964583448316,False
3,stress,10058,corridor_barrier_nmpc,114.5,0.22044177083272892,0.04812745508186203,6.1246697228459945,0.2265634063018595,0.04838093814411478,6.123712247087735,0.22306699321468826,-0.0019841503906249947,-0.1288805944824219,0.15306699321468825,0.29306699321468827,-0.08,0.08,-0.0026252223819593357,0.050111605472487025,6.253550317328417,Solve_Succeeded,0.02903429203433916,False,4552.556497864041,0.0,0.0,False,False,0.5,10,0.015,-3608.5516595182244,-0.012921564174703398,0.7829630520005345,0.025137629123732037,-0.09180009860490078,-0.08227995308922673,-0.08227995308922673,-0.034835145626133046,False,False,50667.91082763672,3389.5927045758044,11.487496078413374,0.0005870612072959322,3372.472524982145,0.8400348122237011,0.7368166561589482,1.098880145389692,0.9663426523519489,0.4807149936858969,1.5,0.007381684733804169,0.0039628751550082695,0.0015802535717956004,-0.027669301938465292,0.05848110963791403,0.030446402496627712,-2492.964583448316,False
3,stress,10058,corridor_barrier_nmpc,115.0,0.2202493154341335,0.04805532189288616,6.148715413897536,0.20283960944968102,0.04589495163216308,6.148804210749577,0.22204510236664166,-0.0019709155273437418,-0.12986938476562498,0.15204510236664165,0.29204510236664166,-0.08,0.08,-0.0017957869325081477,0.0500262374202299,6.278584798663161,Solve_Succeeded,0.028981083014514297,False,4594.890558858778,0.0,0.0,False,False,0.5,10,0.015,-3403.4654419567346,-0.010373728249161971,0.7850570033276781,0.007720054099437799,-0.09763775256524576,-0.09221010334759654,-0.09221010334759654,-0.01986030051673962,False,False,50519.59228515625,3377.9043726223863,11.447883747617162,0.0006009534346147171,3428.510843086553,0.8400348122237011,0.7368166561589482,1.098880145389692,0.9663426523519489,0.4807149936858969,1.5,0.007381684733804169,0.0039628751550082695,0.0015802535717956004,-0.027669301938465292,0.05848110963791403,0.030446402496627712,-2492.964583448316,False
3,stress,10058,corridor_barrier_nmpc,115.5,0.2200437430411063,0.04798729376195975,6.17272606434988,0.21872011353747145,0.05178009174679637,6.17158394557714,0.22102268325037566,-0.0019574902343750256,-0.13085151000976564,0.15102268325037566,0.29102268325037567,-0.08,0.08,-0.0009789402092693633,0.04994478399633478,6.303577574359646,Solve_Succeeded,0.030310833011753857,False,4656.093907508845,0.0,0.0,False,False,0.5,10,0.015,-4585.9770364935675,-0.023459848421135132,0.7871387747711145,-0.002210093505092067,-0.0076377508212108714,-0.03752673743946687,-0.03752673743946687,0.10936673181625933,False,False,50372.273498535156,3366.304705364795,11.408571905827854,0.0006150774322722064,3485.030997618192,0.8400348122237011,0.7368166561589482,1.098880145389692,0.9663426523519489,0.4807149936858969,1.5,0.007381684733804169,0.0039628751550082695,0.0015802535717956004,-0.027669301938465292,0.05848110963791403,0.030446402496627712,-2492.964583448316,False
3,stress,10058,corridor_barrier_nmpc,116.0,0.2198216731025657,0.04789561913747833,6.196696788774699,0.2242429763969046,0.04832806703213788,6.195949383490807,0.22000000000000003,-0.001943874511718735,-0.131826875,0.15000000000000002,0.29000000000000004,-0.08,0.08,-0.00017832689743432772,0.04983949364919706,6.328523663774699,Solve_Succeeded,0.03163199999835342,False,4659.682019394302,0.0,0.0,False,False,0.5,10,0.015,-5500.935722918943,-0.03317282784845413,0.7892081199700104,0.052473272372603026,0.025137629123732037,0.0029912141583378488,0.0029912141583378488,0.08103590319560944,False,False,50225.96875,3354.794644306886,11.369563743848234,0.0006294327245776656,3542.021595878112,0.8400348122237011,0.7368166561589482,1.098880145389692,0.9663426523519489,0.4807149936858969,1.5,0.007381684733804169,0.0039628751550082695,0.0015802535717956004,-0.027669301938465292,0.05848110963791403,0.030446402496627712,-2492.964583448316,False
3,stress,10058,corridor_barrier_nmpc,116.5,0.21957491832009607,0.0477856509829845,6.2206171020161865,0.2050082106646687,0.03944487401941973,6.2202390420401015,0.21897731674962437,-0.0019300683593749812,-0.13279538452148437,0.14897731674962436,0.28897731674962435,-0.08,0.08,0.0005976015704717008,0.04971571934235948,6.353412486537671,Solve_Succeeded,0.03015429200604558,False,4689.356400667393,0.0,0.0,False,False,0.5,10,0.015,-5608.609764334745,-0.03381188534637965,0.7912647921464034,-0.0870087951733197,0.007720054099437799,0.006048819594339762,0.006048819594339762,0.006115210872003826,False,False,50080.692321777344,3343.3751295276165,11.330862447652041,0.0006440186151454162,3599.470678182915,0.8400348122237011,0.7368166561589482,1.098880145389692,0.9663426523519489,0.4807149936858969,1.5,0.007381684733804169,0.0039628751550082695,0.0015802535717956004,-0.027669301938465292,0.05848110963791403,0.030446402496627712,-2492.964583448316,False
3,stress,10058,corridor_barrier_nmpc,117.0,0.21930128102689533,0.04767353585044877,6.244481893898063,0.23107756735901952,0.050529193770153115,6.243259168548519,0.2179548976333584,-0.001916071777343764,-0.133756943359375,0.1479548976333584,0.2879548976333584,-0.08,0.08,0.0013463833935369318,0.049589607627792534,6.378238837257437,Solve_Succeeded,0.030350124987307936,False,4774.199651765253,0.0,0.0,False,False,0.5,10,0.015,-5526.469368645829,-0.03239935242261547,0.7933085441232226,0.09604882943494156,-0.002210093505092067,0.0007087154878733628,0.0007087154878733628,-0.010680208212932798,False,False,49936.45849609375,3332.047099690892,11.292471198417331,0.0006588341790422656,3657.3657129352,0.8400348122237011,0.7368166561589482,1.098880145389692,0.9663426523519489,0.4807149936858969,1.5,0.007381684733804169,0.0039628751550082695,0.0015802535717956004,-0.027669301938465292,0.05848110963791403,0.030446402496627712,-2492.964583448316,False
3,stress,10058,corridor_barrier_nmpc,117.5,0.21900346008344176,0.04756306967442547,6.268291039949076,0.21894818446428613,0.04232883355114528,6.270540318081922,0.2169330067853118,-0.0019018847656250282,-0.13471145629882814,0.1469330067853118,0.2869330067853118,-0.08,0.08,0.002070453298129965,0.0494649544400505,6.403002496247904,Solve_Succeeded,0.03060712496517226,False,4730.988887672387,0.0,0.0,False,False,0.5,10,0.015,-6342.792465535969,-0.04047263260937063,0.7953391283425101,0.09070872466016497,0.052473272372603026,0.03417899413853204,0.03417899413853204,0.06694055730131734,False,False,49793.28155517578,3320.8114920552794,11.2543931725594,0.0006738782549582475,3715.693592149243,0.8400348122237011,0.7368166561589482,1.098880145389692,0.9663426523519489,0.4807149936858969,1.5,0.007381684733804169,0.0039628751550082695,0.0015802535717956004,-0.027669301938465292,0.05848110963791403,0.030446402496627712,-2492.964583448316,False
3,stress,10058,corridor_barrier_nmpc,118.0,0.21868042321596312,0.047436283310982874,6.29204087232617,0.2206635032706088,0.049969297976943265,6.291363901943338,0.2159119083395943,-0.001887507324218718,-0.13565882812500002,0.1459119083395943,0.28591190833959435,-0.08,0.08,0.0027685148763688106,0.04932379063520159,6.42769970045117,Solve_Succeeded,0.03097525000339374,False,4823.079154182542,0.0,0.0,False,False,0.5,10,0.015,-4536.271851931857,-0.021146627554474252,0.797356296883841,0.12417900396990406,-0.0870087951733197,-0.04417942949015649,-0.04417942949015649,-0.15671684725737706,False,False,49651.17578125,3309.669242483622,11.216631541763368,0.0006891494374169129,3774.440627448915,0.8400348122237011,0.7368166561589482,1.098880145389692,0.9663426523519489,0.4807149936858969,1.5,0.007381684733804169,0.0039628751550082695,0.0015802535717956004,-0.027669301938465292,0.05848110963791403,0.030446402496627712,-2492.964583448316,False
3,stress,10058,corridor_barrier_nmpc,118.5,0.2183397162984212,0.04734563289253853,6.3157363451030815,0.21353045248274044,0.052909680149779995,6.315752086254827,0.2148918664303156,-0.0018729394531249999,-0.13659896362304685,0.1448918664303156,0.2848918664303156,-0.08,0.08,0.0034478498681055902,0.04921857234566353,6.452335308726128,Solve_Succeeded,0.030931458983104676,False,4894.358665116007,0.0,0.0,False,False,0.5,10,0.015,-6725.609656844419,-0.04312865704211053,0.7993598014829447,0.045820580394413335,0.09604882943494156,0.046490310258051476,0.045820570509843506,0.18,False,True,49510.15545654297,3298.6212854525365,11.179189473016363,0.0007046460690421065,3833.5925465543855,0.8400348122237011,0.7368166561589482,1.098880145389692,0.9663426523519489,0.4807149936858969,1.5,0.007381684733804169,0.0039628751550082695,0.0015802535717956004,-0.027669301938465292,0.05848110963791403,0.030446402496627712,-2492.964583448316,False
3,stress,10058,corridor_barrier_nmpc,119.0,0.21798102248603637,0.04721120024638812,6.339375546678097,0.21571862230855202,0.04228923838864046,6.3387468016470265,0.2138731451915853,-0.001858181152343763,-0.13753176757812502,0.14387314519158528,0.2838731451915853,-0.08,0.08,0.004107877294451084,0.04906938139873188,6.476907314256222,Solve_Succeeded,0.031145583023317158,False,4830.58647576309,0.0,0.0,False,False,0.5,10,0.015,-7500.222616529236,-0.05024126893275066,0.8013493935505227,0.13582057988651386,0.09070872466016497,0.07508135286708484,0.07508135286708484,0.058521564714482666,False,False,49370.23486328125,3287.6685540618005,11.14207012863934,0.0007203662328988739,3893.1344902740043,0.8400348122237011,0.7368166561589482,1.098880145389692,0.9663426523519489,0.4807149936858969,1.5,0.007381684733804169,0.0039628751550082695,0.0015802535717956004,-0.027669301938465292,0.05848110963791403,0.030446402496627712,-2492.964583448316,False
3,stress,10058,corridor_barrier_nmpc,119.5,0.2175923073286988,0.0470612831891256,6.362943660158957,0.22137917630961135,0.05320200803097148,6.363699597106214,0.21285600875751315,-0.0018432324218750074,-0.13845714477539062,0.14285600875751314,0.28285600875751316,-0.08,0.08,0.004736298571185654,0.04890451561100061,6.501400804934348,Solve_Succeeded,0.029819374962244183,False,4995.052272168562,0.0,0.0,False,False,0.5,10,0.015,-8362.17220031193,-0.057997208220375705,0.8033248241912663,0.1650813627491609,0.12417900396990406,0.10682724547007838,0.10682724547007838,0.06349178520598708,False,False,49231.42828369141,3276.811980043634,11.105276666318533,0.0007363077449267995,3953.051010017216,0.8400348122237011,0.7368166561589482,1.098880145389692,0.9663426523519489,0.4807149936858969,1.5,0.007381684733804169,0.0039628751550082695,0.0015802535717956004,-0.027669301938465292,0.05848110963791403,0.030446402496627712,-2492.964583448316,False
3,stress,10058,corridor_barrier_nmpc,120.0,0.2171689455438381,0.04689413624307179,6.386432506864646,0.22531494041173017,0.04079994363400556,6.386499653650973,0.21184072126220888,-0.0018280932617187884,-0.13937500000000003,0.14184072126220887,0.2818407212622089,-0.08,0.08,0.0053282242816292125,0.048722229504790576,6.525807506864647,Solve_Succeeded,0.02846383402356878,False,4895.261501296538,0.0,0.0,False,False,0.5,10,0.015,-7439.350951565299,-0.04814416131023458,0.8052858442230727,0.19682725472010643,0.045820580394413335,0.06738114175519715,0.06738114175519715,-0.07889220742976247,False,False,49093.75,3266.0524937718724,11.068812239136545,0.0007524681464847722,4013.3260658441445,0.8400348122237011,0.7368166561589482,1.098880145389692,0.9663426523519489,0.4807149936858969,1.5,0.007381684733804169,0.0039628751550082695,0.0015802535717956004,-0.027669301938465292,0.05848110963791403,0.030446402496627712,-2492.964583448316,False
3,stress,10058,corridor_barrier_nmpc,120.5,0.2167149937679668,0.0467454546563916,6.409842395729396,0.22695558821371734,0.04883190395271955,6.4076881822799665,0.21082754683978214,-0.001812763671874995,-0.1402852380371094,0.14082754683978213,0.28082754683978217,-0.08,0.08,0.005887446928184659,0.048558218328266595,6.550127633766506,Solve_Succeeded,0.0289679589914158,False,5013.437901772203,0.0,0.0,False,False,0.5,10,0.015,-8648.918518530354,-0.059025604705209914,0.807232204196456,0.15738115158361907,0.13582057988651386,0.11163317833788503,0.11163317833788503,0.08850407316537576,False,False,48957.214294433594,3255.391024271041,11.032679995603099,0.000768844697026781,4073.9430250668356,0.8400348122237011,0.7368166561589482,1.098880145389692,0.9663426523519489,0.4807149936858969,1.5,0.007381684733804169,0.0039628751550082695,0.0015802535717956004,-0.027669301938465292,0.05848110963791403,0.030446402496627712,-2492.964583448316,False
3,stress,10058,corridor_barrier_nmpc,121.0,0.21623209946564484,0.04657258979267766,6.433171897280161,0.21228912628642516,0.0485514743793853,6.434742929632408,0.20981674962434263,-0.0017972436523437385,-0.14118776367187502,0.13981674962434262,0.27981674962434266,-0.08,0.08,0.006415349841302209,0.048369833445021396,6.574359660952036,Solve_Succeeded,0.028948666993528605,False,5023.67575013045,0.0,0.0,False,False,0.5,10,0.015,-9642.28261840269,-0.06754003040188945,0.8091636544141589,0.20163318811532757,0.1650813627491609,0.14619206830579898,0.14619206830579898,0.0691177799358279,False,False,48821.83544921875,3244.8284992253148,10.996883079685405,0.0007854343669290216,4134.8846614169215,0.8400348122237011,0.7368166561589482,1.098880145389692,0.9663426523519489,0.4807149936858969,1.5,0.007381684733804169,0.0039628751550082695,0.0015802535717956004,-0.027669301938465292,0.05848110963791403,0.030446402496627712,-2492.964583448316,False
3,stress,10058,corridor_barrier_nmpc,121.5,0.21571286995627958,0.04637986778792308,6.456410001248746,0.20508007590362662,0.04811708774803478,6.456473306809657,0.20880859375,-0.001781533203124963,-0.14208248168945314,0.13880859375,0.27880859375,-0.08,0.08,0.0069042762062795915,0.04816140099104804,6.598492482938199,Solve_Succeeded,0.02888862503459677,False,5047.125587941055,0.0,0.0,False,False,0.5,10,0.015,-10617.551330915074,-0.07563312652753881,0.8110799449509581,0.23619207805075304,0.19682725472010643,0.17893211092972933,0.17893211092972933,0.0654800852478607,False,False,48687.62774658203,3234.365844987393,10.961424630838241,0.0008022338304891507,4196.133154793802,0.8400348122237011,0.7368166561589482,1.098880145389692,0.9663426523519489,0.4807149936858969,1.5,0.007381684733804169,0.0039628751550082695,0.0015802535717956004,-0.027669301938465292,0.05848110963791403,0.030446402496627712,-2492.964583448316,False
3,stress,10058,corridor_barrier_nmpc,122.0,0.21515177566702084,0.046167652168689094,6.479546869813361,0.22514138536348693,0.0513021849033365,6.478739861513413,0.20780334335086403,-0.0017656323242187244,-0.14296929687499998,0.13780334335086403,0.27780334335086404,-0.08,0.08,0.007348432316156811,0.04793328449290782,6.622516166688361,Solve_Succeeded,0.02891204197658226,False,5172.532499880988,0.0,0.0,False,False,0.5,10,0.015,-10349.379677825085,-0.07207961350247968,0.8129808256736674,0.2689321205693748,0.15738115158361907,0.16499754531353814,0.16499754531353814,-0.027869131232382383,False,False,48554.60546875,3224.003986587259,10.926307784033632,0.0008192394591191128,4257.6700916068985,0.8400348122237011,0.7368166561589482,1.098880145389692,0.9663426523519489,0.4807149936858969,1.5,0.007381684733804169,0.0039628751550082695,0.0015802535717956004,-0.027669301938465292,0.05848110963791403,0.030446402496627712,-2492.964583448316,False
3,stress,10058,corridor_barrier_nmpc,122.5,0.21454994323324963,0.04596081215593036,6.502578973476683,0.2219967208601288,0.04743352428825693,6.502527114437642,0.20680126256104436,-0.0017495410156250224,-0.14384811401367187,0.13680126256104436,0.27680126256104437,-0.08,0.08,0.0077486806722052715,0.047710353171555385,6.646427087490355,Solve_Succeeded,0.02903220901498571,False,5139.536086030219,0.0,0.0,False,False,0.5,10,0.015,-11110.735771513533,-0.07793344626483088,0.8148660462613366,0.2549975550857854,0.20163318811532757,0.18868566797732192,0.18868566797732192,0.04737624532756757,False,False,48422.78289794922,3213.743847740855,10.89153566979025,0.0008364473147535384,4319.476465725213,0.8400348122237011,0.7368166561589482,1.098880145389692,0.9663426523519489,0.4807149936858969,1.5,0.007381684733804169,0.0039628751550082695,0.0015802535717956004,-0.027669301938465292,0.05848110963791403,0.030446402496627712,-2492.964583448316,False
3,stress,10058,corridor_barrier_nmpc,123.0,0.21390919722192128,0.04573875667000463,6.525503852282161,0.21572525013796012,0.0458897374683778,6.528027035349276,0.20580261551465062,-0.001733259277343746,-0.144718837890625,0.13580261551465062,0.27580261551465063,-0.08,0.08,0.00810658170727066,0.04747201594734837,6.6702226901727855,Solve_Succeeded,0.02878287498606369,False,5148.974406516584,0.0,0.0,False,False,0.5,10,0.015,-12091.3309223083,-0.08557192482420121,0.8167353562256445,0.2786856775845251,0.23619207805075304,0.21940268515165914,0.21940268515165914,0.06143403434867445,False,False,48292.17431640625,3203.5863508586476,10.857111414202452,0.0008538531434961718,4381.532680046478,0.8400348122237011,0.7368166561589482,1.098880145389692,0.9663426523519489,0.4807149936858969,1.5,0.007381684733804169,0.0039628751550082695,0.0015802535717956004,-0.027669301938465292,0.05848110963791403,0.030446402496627712,-2492.964583448316,False
3,stress,10058,corridor_barrier_nmpc,123.5,0.21322532995762006,0.04549710220539654,6.548312802504524,0.2130135281901443,0.03970440938236729,6.54711984634805,0.20480766634579267,-0.0017167871093750064,-0.14558137329101561,0.13480766634579266,0.2748076663457927,-0.08,0.08,0.008417663611827386,0.047213889314771544,6.69389417579554,Solve_Succeeded,0.02876933303195983,False,5131.268319421617,0.0,0.0,False,False,0.5,10,0.015,-13137.068076822023,-0.09356486727653211,0.8185885049314899,0.30940269398499354,0.2689321205693748,0.25142776378861703,0.25142776378861703,0.06405015727391578,False,False,48162.79400634766,3193.5324170541107,10.82303813896902,0.0008714523695272977,4443.818548697898,0.8400348122237011,0.7368166561589482,1.098880145389692,0.9663426523519489,0.4807149936858969,1.5,0.007381684733804169,0.0039628751550082695,0.0015802535717956004,-0.027669301938465292,0.05848110963791403,0.030446402496627712,-2492.964583448316,False
3,stress,10058,corridor_barrier_nmpc,124.0,0.21249323962447145,0.04523454752533929,6.570995699210887,0.20382537348511798,0.04346754538278024,6.568936080273786,0.20381667918858004,-0.001700124511718748,-0.146435625,0.13381667918858003,0.27381667918858005,-0.08,0.08,0.008676560435891406,0.04693467203705804,6.717431324210887,Solve_Succeeded,0.028393833024892956,False,5183.480022000478,0.0,0.0,False,False,0.5,10,0.015,-13346.31696296947,-0.09408113664364243,0.8204252416177731,0.34142777313741807,0.2549975550857854,0.2537359436829603,0.2537359436829603,0.004616359788686575,False,False,48034.65624999999,3183.5829661521066,10.789318961421568,0.0008892400892955672,4506.313299879697,0.8400348122237011,0.7368166561589482,1.098880145389692,0.9663426523519489,0.4807149936858969,1.5,0.007381684733804169,0.0039628751550082695,0.0015802535717956004,-0.027669301938465292,0.05848110963791403,0.030446402496627712,-2492.964583448316,False
3,stress,10058,corridor_barrier_nmpc,124.5,0.21171208703100447,0.04496782323773289,6.593546274903524,0.21429431010890068,0.04592490348572966,6.5922425462852345,0.2028299181771225,-0.0016832714843749708,-0.14728149780273436,0.1328299181771225,0.27282991817712254,-0.08,0.08,0.008882168853881961,0.046651094722107864,6.740827772706258,Solve_Succeeded,0.02770512504503131,False,5254.071866101387,0.0,0.0,False,False,0.5,10,0.015,-13965.692849415582,-0.0980857696412872,0.8222453154183749,0.34373595333606194,0.2786856775845251,0.2698681120275039,0.2698681120275039,0.032264336689087125,False,False,47907.77532958985,3173.738916697176,10.755956994552639,0.0009072110660179616,4568.995579361854,0.8400348122237011,0.7368166561589482,1.098880145389692,0.9663426523519489,0.4807149936858969,1.5,0.007381684733804169,0.0039628751550082695,0.0015802535717956004,-0.027669301938465292,0.05848110963791403,0.030446402496627712,-2492.964583448316,False
3,stress,10058,corridor_barrier_nmpc,125.0,0.2108830310113387,0.04468872668795837,6.615960394110313,0.22024056347186285,0.047797746007224,6.613688581215761,0.2018476474455297,-0.0016662280273437857,-0.14811889648437498,0.13184764744552968,0.2718476474455297,-0.08,0.08,0.009035383565809019,0.046354954715302155,6.764079290594688,Solve_Succeeded,0.027771875029429793,False,5333.466855656946,0.0,0.0,False,False,0.5,10,0.015,-14882.647265689498,-0.10448798291958133,0.8240484753833285,0.35000000887642124,0.30940269398499354,0.29543065045318934,0.29543065045318934,0.05112507685137091,False,False,47782.16552734375,3164.0011859617425,10.722955347043506,0.0009253597245120863,4631.84345464428,0.8400348122237011,0.7368166561589482,1.098880145389692,0.9663426523519489,0.4807149936858969,1.5,0.007381684733804169,0.0039628751550082695,0.0015802535717956004,-0.027669301938465292,0.05848110963791403,0.030446402496627712,-2492.964583448316,False
3,stress,10058,corridor_barrier_nmpc,125.5,0.21000376872703833,0.04439130715384552,6.638230382939368,0.21220392750609932,0.04094612661392028,6.639610703709052,0.20087013112791136,-0.0016489941406250264,-0.14894772583007815,0.13087013112791135,0.27087013112791136,-0.08,0.08,0.00913363759912697,0.046040301294470544,6.787178108769447,Solve_Succeeded,0.028434874955564737,False,5281.276870783298,0.0,0.0,False,False,0.5,10,0.015,-15950.15611227225,-0.11196806896510307,0.8258344705001837,0.35000000936494086,0.34142777313741807,0.3251717823399732,0.3251717823399732,0.05948226377356769,False,False,47657.84112548828,3154.3706899542217,10.69031712329166,0.0009436801463851052,4694.834419789094,0.8400348122237011,0.7368166561589482,1.098880145389692,0.9663426523519489,0.4807149936858969,1.5,0.007381684733804169,0.0039628751550082695,0.0015802535717956004,-0.027669301938465292,0.05848110963791403,0.030446402496627712,-2492.964583448316,False
3,stress,10058,corridor_barrier_nmpc,126.0,0.20907012867232852,0.04407255498212362,6.660346327361585,0.20723170382339878,0.044163577027021506,6.6594259038674,0.19989763335837718,-0.0016315698242187482,-0.149767890625,0.12989763335837717,0.2698976333583772,-0.08,0.08,0.00917249531395134,0.04570412480634237,6.810114217986585,Solve_Succeeded,0.028708458004985005,False,5335.422806761168,0.0,0.0,False,False,0.5,10,0.015,-16494.346262455623,-0.11495066162988697,0.8276030497155658,0.3500000096039963,0.34373595333606194,0.33717513006573846,0.33717513006573846,0.024006695451530558,False,False,47534.81640625,3144.848343427045,10.658045423437997,0.000962166065604043,4757.9454009338415,0.8400348122237011,0.7368166561589482,1.098880145389692,0.9663426523519489,0.4807149936858969,1.5,0.007381684733804169,0.0039628751550082695,0.0015802535717956004,-0.027669301938465292,0.05848110963791403,0.030446402496627712,-2492.964583448316,False
3,stress,10058,corridor_barrier_nmpc,126.5,0.2080801980415744,0.04374293764089798,6.682300177853019,0.21111411864005694,0.04481981630560318,6.6816841922460855,0.19893041827103683,-0.0016139550781250067,-0.1505792956542969,0.12893041827103682,0.2689304182710368,-0.08,0.08,0.009149779770537575,0.04535689271902299,6.832879473507316,Solve_Succeeded,0.02882224996574223,False,5385.716387419634,0.0,0.0,False,False,0.5,10,0.015,-16931.504633567543,-0.11698560458310886,0.8293539619569262,0.3500000096446097,0.35000000887642124,0.3454675272828217,0.3454675272828217,0.016584794434166494,False,False,47413.10565185547,3135.4350598845976,10.626143343393725,0.0009808108644722242,4821.152762493113,0.8400348122237011,0.7368166561589482,1.098880145389692,0.9663426523519489,0.4807149936858969,1.5,0.007381684733804169,0.0039628751550082695,0.0015802535717956004,-0.027669301938465292,0.05848110963791403,0.030446402496627712,-2492.964583448316,False
3,stress,10058,corridor_barrier_nmpc,127.0,0.20703521202859548,0.043404595843977066,6.704087037004298,0.21680659737591257,0.04439893785365651,6.704186377058788,0.19796875000000003,-0.0015961499023437464,-0.15138184570312502,0.12796875000000002,0.26796875000000003,-0.08,0.08,0.009066462028595457,0.04500074574632081,6.855468882707423,Solve_Succeeded,0.02831333299400285,False,5431.725392634486,0.0,0.0,False,False,0.5,10,0.015,-17203.45773072661,-0.1176449178980329,0.8310869561544854,0.35000000865033654,0.35000000936494086,0.3483981703211744,0.3483981703211744,0.005861286076705441,False,False,47292.72314453125,3126.131751591069,10.594613974866968,0.00099960757003679,4884.4323140555025,0.8400348122237011,0.7368166561589482,1.098880145389692,0.9663426523519489,0.4807149936858969,1.5,0.007381684733804169,0.0039628751550082695,0.0015802535717956004,-0.027669301938465292,0.05848110963791403,0.030446402496627712,-2492.964583448316,False
3,stress,10058,corridor_barrier_nmpc,127.5,0.205937571193609,0.043060833451814974,6.725703368578332,0.19541602253013773,0.045415129470950465,6.729061860858155,0.19701289267937644,-0.0015781542968750228,-0.15217544555664064,0.12701289267937643,0.26701289267937645,-0.08,0.08,0.008924678514232565,0.04463898774869,6.877878814134972,Solve_Succeeded,0.029261292016599327,False,5451.19952138082,0.0,0.0,False,False,0.5,10,0.015,-17414.9476713151,-0.11780887608080617,0.832801781263368,0.3500000096165887,0.3500000096039963,0.3494338984404938,0.3494338984404938,0.0020714562386386914,False,False,47173.683166503906,3116.9393295782206,10.563460405389087,0.0010185488509522752,4947.759317982006,0.8400348122237011,0.7368166561589482,1.098880145389692,0.9663426523519489,0.4807149936858969,1.5,0.007381684733804169,0.0039628751550082695,0.0015802535717956004,-0.027669301938465292,0.05848110963791403,0.030446402496627712,-2492.964583448316,False
3,stress,10058,corridor_barrier_nmpc,128.0,0.2047904852668489,0.04271285918493752,6.747146764504053,0.20264494308032785,0.04403730830900119,6.749978601374728,0.19606311044327573,-0.0015599682617187804,-0.15296000000000004,0.12606311044327573,0.26606311044327574,-0.08,0.08,0.008727374823573164,0.0442728274466563,6.900106764504053,Solve_Succeeded,0.028893499984405935,False,5478.418275874265,0.0,0.0,False,False,0.5,10,0.015,-17603.552871518186,-0.1177897775057797,0.8344981862859295,0.3500000096478822,0.3500000096446097,0.34979993846651414,0.34979993846651414,0.0007320800520407289,False,False,47055.99999999999,3107.8587036530726,10.532685718340742,0.0010376270148252018,5011.108497711243,0.8400348122237011,0.7368166561589482,1.098880145389692,0.9663426523519489,0.4807149936858969,1.5,0.007381684733804169,0.0039628751550082695,0.0015802535717956004,-0.027669301938465292,0.05848110963791403,0.030446402496627712,-2492.964583448316,False
3,stress,10058,corridor_barrier_nmpc,128.5,0.20359722073641429,0.04236113013036226,6.768415233166313,0.1941634232555253,0.051747413551707706,6.766857041746062,0.1951196674258077,-0.0015415917968749637,-0.15373541381835942,0.12511966742580768,0.2651196674258077,-0.08,0.08,0.008477553310606595,0.04390272192723722,6.922150646984672,Solve_Succeeded,0.028826249996200204,False,5603.629555613659,0.0,0.0,False,False,0.5,10,0.015,-17782.734727739076,-0.11769870034409584,0.8361759202942732,0.35000000977347956,0.35000000865033654,0.3499293012043646,0.3499293012043646,0.0002587254757009383,False,False,46939.687927246094,3098.8907824055045,10.502292992977637,0.0010568340060645475,5074.4540467758725,0.8400348122237011,0.7368166561589482,1.098880145389692,0.9663426523519489,0.4807149936858969,1.5,0.007381684733804169,0.0039628751550082695,0.0015802535717956004,-0.027669301938465292,0.05848110963791403,0.030446402496627712,-2492.964583448316,False
3,stress,10058,corridor_barrier_nmpc,129.0,0.20236085535123857,0.042005834162268316,6.789506944188558,0.19761591458194838,0.04658995707558386,6.790682386712865,0.19418282776108192,-0.0015230249023436837,-0.154501591796875,0.12418282776108192,0.26418282776108193,-0.08,0.08,0.00817802759015665,0.043528859064612,6.944008535985433,Solve_Succeeded,0.02894749998813495,False,5570.618868479795,0.0,0.0,False,False,0.5,10,0.015,-17957.293862808874,-0.1175754081974344,0.8378347324529601,0.3500000097180173,0.3500000096165887,0.34997502032962163,0.34997502032962163,9.143825051405319e-05,False,False,46824.76123046875,3090.036473215777,10.472285304456019,0.001076161404262805,5137.769638534015,0.8400348122237011,0.7368166561589482,1.098880145389692,0.9663426523519489,0.4807149936858969,1.5,0.007381684733804169,0.0039628751550082695,0.0015802535717956004,-0.027669301938465292,0.05848110963791403,0.030446402496627712,-2492.964583448316,False
3,stress,10058,corridor_barrier_nmpc,129.5,0.20108421207831215,0.04164706318278484,6.810420137134834,0.1941350056865718,0.04024767531687957,6.813334906174783,0.19325285558320815,-0.001504267578124996,-0.1552584387207031,0.12325285558320814,0.26325285558320816,-0.08,0.08,0.007831356495103997,0.04315133076090984,6.965678575855537,Solve_Succeeded,0.028916708019096404,False,5548.105686299344,0.0,0.0,False,False,0.5,10,0.015,-18128.918793193865,-0.1174343629844294,0.8394743720419061,0.35000000933644154,0.3500000096478822,0.34999117809268976,0.34999117809268976,3.231552613625066e-05,False,False,46711.23419189453,3081.2966822619824,10.442665723857933,0.0010956004231320485,5201.028436618409,0.8400348122237011,0.7368166561589482,1.098880145389692,0.9663426523519489,0.4807149936858969,1.5,0.007381684733804169,0.0039628751550082695,0.0015802535717956004,-0.027669301938465292,0.05848110963791403,0.030446402496627712,-2492.964583448316,False
3,stress,10058,corridor_barrier_nmpc,130.0,0.19976985520801757,0.04128487536978112,6.831153089085359,0.1967285963421704,0.03580760950305123,6.832067588283813,0.19233001502629604,-0.0014853198242187893,-0.156005859375,0.12233001502629604,0.26233001502629605,-0.08,0.08,0.00743984018172153,0.04277019519399991,6.987158948460359,Solve_Succeeded,0.028331999958027154,False,5563.357850667054,0.0,0.0,False,False,0.5,10,0.015,-18298.177993361238,-0.11728102741869705,0.8410945884794722,0.3500000062916761,0.35000000977347956,0.34999688854081834,0.34999688854081834,1.1420896257163804e-05,False,False,46599.12109375,3072.6723145274013,10.413437318216143,0.0011151419100191532,5264.20310610528,0.8400348122237011,0.7368166561589482,1.098880145389692,0.9663426523519489,0.4807149936858969,1.5,0.007381684733804169,0.0039628751550082695,0.0015802535717956004,-0.027669301938465292,0.05848110963791403,0.030446402496627712,-2492.964583448316,False
3,stress,10058,corridor_barrier_nmpc,130.5,0.19842010673194296,0.04091931757652107,6.851704103374441,0.18354786734150944,0.04104440989544894,6.8518570541882315,0.1914145702244553,-0.0014661816406250083,-0.1567437585449219,0.12141457022445529,0.2614145702244553,-0.08,0.08,0.00700553650748767,0.04238549921714608,7.008447861919363,Solve_Succeeded,0.029243333032354712,False,5617.957774420844,0.0,0.0,False,False,0.5,10,0.015,-18465.234957243098,-0.11711764194327728,0.8426951313457428,0.35000000923690533,0.3500000097180173,0.3499989066527632,0.3499989066527632,4.036223889669621e-06,False,False,46488.43621826172,3064.164273807798,10.384603150538863,0.0011347763460238887,5327.265825404303,0.8400348122237011,0.7368166561589482,1.098880145389692,0.9663426523519489,0.4807149936858969,1.5,0.007381684733804169,0.0039628751550082695,0.0015802535717956004,-0.027669301938465292,0.05848110963791403,0.030446402496627712,-2492.964583448316,False
3,stress,10058,corridor_barrier_nmpc,131.0,0.1970370681722877,0.04055043342786928,6.872071505952525,0.19601772375430015,0.03363736648642572,6.8717107522485295,0.19050678531179568,-0.001446853027343764,-0.157472041015625,0.12050678531179568,0.2605067853117957,-0.08,0.08,0.006530282860492009,0.04199728645521304,7.02954354696815,Solve_Succeeded,0.02883141703205183,False,5623.08816441993,0.0,0.0,False,False,0.5,10,0.015,-18630.105082616243,-0.116945274598467,0.844275750405994,0.2599988972678967,0.35000000933644154,0.3499996196334627,0.3499996196334627,1.4259613990708075e-06,False,False,46379.19384765625,3055.7734627186314,10.356166279834195,0.0011544938467430426,5390.188298869583,0.8400348122237011,0.7368166561589482,1.098880145389692,0.9663426523519489,0.4807149936858969,1.5,0.007381684733804169,0.0039628751550082695,0.0015802535717956004,-0.027669301938465292,0.05848110963791403,0.030446402496627712,-2492.964583448316,False
3,stress,10058,corridor_barrier_nmpc,131.5,0.19562264273206723,0.040178266278248956,6.892253644511809,0.19333649075832268,0.03876504309426583,6.89279322141171,0.18960692442242677,-0.001427333984375001,-0.15819061157226566,0.11960692442242676,0.2596069244224268,-0.08,0.08,0.006015718309640455,0.04160560026262396,7.050444256084075,Solve_Succeeded,0.029429417045321316,False,5667.54813411561,0.0,0.0,False,False,0.5,10,0.015,-18792.748047007004,-0.11676454992291481,0.8458361956343506,0.35000000933787523,0.3500000062916761,0.34999986964155555,0.34999986964155555,5.000161856782981e-07,False,False,46271.408264160156,3047.5007827021896,10.328129761134306,0.001174284163663252,5452.941770131451,0.8400348122237011,0.7368166561589482,1.098880145389692,0.9663426523519489,0.4807149936858969,1.5,0.007381684733804169,0.0039628751550082695,0.0015802535717956004,-0.027669301938465292,0.05848110963791403,0.030446402496627712,-2492.964583448316,False
3,stress,10058,corridor_barrier_nmpc,132.0,0.19417855609315227,0.039802860322102944,6.912248888628968,0.19052229431976211,0.0389145373811738,6.914793183154197,0.18871525169045833,-0.0014076245117187192,-0.158899375,0.11871525169045832,0.25871525169045834,-0.08,0.08,0.005463304402693936,0.04121048483382166,7.0711482636289675,Solve_Succeeded,0.029580915987025946,False,5703.796837143134,0.0,0.0,False,False,0.5,10,0.015,-18953.10151291981,-0.11657591230555546,0.8473762172376315,0.3500000093328287,0.35000000923690533,0.3499999599020646,0.3499999599020646,1.8052101813381682e-07,False,False,46165.09375,3039.3471340346637,10.300496645519406,0.0011941366862244366,5515.497036147483,0.8400348122237011,0.7368166561589482,1.098880145389692,0.9663426523519489,0.4807149936858969,1.5,0.007381684733804169,0.0039628751550082695,0.0015802535717956004,-0.027669301938465292,0.05848110963791403,0.030446402496627712,-2492.964583448316,False
3,stress,10058,corridor_barrier_nmpc,132.5,0.19270637541116362,0.039424261030463745,6.932055630294609,0.2087884099464274,0.03807799567610958,6.932326745113063,0.18783203125000003,-0.001387724609374974,-0.15959823608398438,0.11783203125000002,0.25783203125000004,-0.08,0.08,0.004874344161163585,0.04081198563983872,7.091653866378593,Solve_Succeeded,0.030382625001948327,False,5741.423821729333,0.0,0.0,False,False,0.5,10,0.015,-16940.681033242796,-0.10117993631171368,0.8488955656793845,0.35000000922263996,0.2599988972678967,0.29180646175372793,0.29180646175372793,-0.11638699629667337,False,False,46060.264587402344,3031.31341583313,10.273269980141405,0.001214040444575014,5577.824461970531,0.8400348122237011,0.7368166561589482,1.098880145389692,0.9663426523519489,0.4807149936858969,1.5,0.007381684733804169,0.0039628751550082695,0.0015802535717956004,-0.027669301938465292,0.05848110963791403,0.030446402496627712,-2492.964583448316,False
3,stress,10058,corridor_barrier_nmpc,133.0,0.19121799124941363,0.039085921120674404,6.95168313633514,0.19439259993575383,0.037394121387165156,6.952385764521305,0.1869575272351615,-0.0013676342773437655,-0.16028709960937498,0.11695752723516151,0.2569575272351615,-0.08,0.08,0.004260464014252119,0.04045355539801817,7.111970235944515,Solve_Succeeded,0.029745417006779462,False,5757.37931506991,0.0,0.0,False,False,0.5,10,0.015,-18490.046500278542,-0.11079747470321373,0.850393991704108,0.3500000093373669,0.35000000933787523,0.32943364086102855,0.32943364086102855,0.07525435821460125,False,False,45956.93505859375,3023.4005260624763,10.246452808247394,0.001233984113039188,5639.893996230724,0.8400348122237011,0.7368166561589482,1.098880145389692,0.9663426523519489,0.4807149936858969,1.5,0.007381684733804169,0.0039628751550082695,0.0015802535717956004,-0.027669301938465292,0.05848110963791403,0.030446402496627712,-2492.964583448316,False
3,stress,10058,corridor_barrier_nmpc,133.5,0.18971697905018756,0.038716602297340086,6.971133726933539,0.18030761858122388,0.0427613102884703,6.972542880373043,0.1860920037800526,-0.0013473535156250382,-0.16096587036132814,0.1160920037800526,0.2560920037800526,-0.08,0.08,0.0036249752701349447,0.040063955812965124,7.132099597294867,Solve_Succeeded,0.029681125015486032,False,5822.6313524434345,0.0,0.0,False,False,0.5,10,0.015,-19142.71985270818,-0.11406841741020401,0.8518712463616613,0.35000000961718164,0.3500000093328287,0.3427315830247397,0.3427315830247397,0.026595884327422326,False,False,45855.11944580078,3015.6093615422524,10.22004816920285,0.0012539560143156009,5701.675187327385,0.8400348122237011,0.7368166561589482,1.098880145389692,0.9663426523519489,0.4807149936858969,1.5,0.007381684733804169,0.0039628751550082695,0.0015802535717956004,-0.027669301938465292,0.05848110963791403,0.030446402496627712,-2492.964583448316,False
3,stress,10058,corridor_barrier_nmpc,134.0,0.18819431048351057,0.038334241809081765,6.990396396702242,0.19588554498896252,0.03199021735414289,6.9921851472606775,0.18523572501878288,-0.0013268823242187366,-0.16163445312500002,0.11523572501878288,0.2552357250187829,-0.08,0.08,0.0029585854647276866,0.0396611241333005,7.152030849827242,Solve_Succeeded,0.030423125019297004,False,5809.117562959545,0.0,0.0,False,False,0.5,10,0.015,-19472.571510061738,-0.11508764627940692,0.8533270810318607,0.2527315755302434,0.35000000922263996,0.34743125138541364,0.34743125138541364,0.00939933672134785,False,False,45754.83203125,3007.9408179534475,10.194059098514616,0.0012739441244256498,5763.13720032623,0.8400348122237011,0.7368166561589482,1.098880145389692,0.9663426523519489,0.4807149936858969,1.5,0.007381684733804169,0.0039628751550082695,0.0015802535717956004,-0.027669301938465292,0.05848110963791403,0.030446402496627712,-2492.964583448316,False
3,stress,10058,corridor_barrier_nmpc,134.5,0.1866476231581256,0.03794529712557876,7.009466239104443,0.18685926025969932,0.03819969596645493,7.00839331833606,0.1843889550854621,-0.0013062207031249717,-0.16229275268554688,0.1143889550854621,0.2543889550854621,-0.08,0.08,0.0022586680726635056,0.03925151782870373,7.171758991789989,Solve_Succeeded,0.03183166601229459,False,5852.005761704197,0.0,0.0,False,False,0.5,10,0.015,-19685.049586798737,-0.11530513882904087,0.8547612474492646,0.350000009406178,0.3500000093373669,0.3490921763428015,0.3490921763428015,0.0033218499147756875,False,False,45656.087097167976,3000.3957898452063,10.168488627853662,0.0012939360784285103,5824.248834556146,0.8400348122237011,0.7368166561589482,1.098880145389692,0.9663426523519489,0.4807149936858969,1.5,0.007381684733804169,0.0039628751550082695,0.0015802535717956004,-0.027669301938465292,0.05848110963791403,0.030446402496627712,-2492.964583448316,False
3,stress,10058,corridor_barrier_nmpc,135.0,0.18507686749357258,0.03755211591015664,7.028340548947412,0.1888347037148865,0.030709031141854175,7.02465995928434,0.1835519581141999,-0.0012853686523437435,-0.162940673828125,0.11355195811419988,0.2535519581141999,-0.08,0.08,0.0015249093793726909,0.038837484562500385,7.191281222775537,Solve_Succeeded,0.029802249977365136,False,5867.001904123853,0.0,0.0,False,False,0.5,10,0.015,-19853.65646366627,-0.11523440939381256,0.856173497728144,0.25909216676547253,0.35000000961718164,0.34967916934516613,0.34967916934516613,0.0011739860047292883,False,False,45558.89892578125,2992.97517064147,10.143339785077583,0.0013139191769187147,5884.978541899194,0.8400348122237011,0.7368166561589482,1.098880145389692,0.9663426523519489,0.4807149936858969,1.5,0.007381684733804169,0.0039628751550082695,0.0015802535717956004,-0.027669301938465292,0.05848110963791403,0.030446402496627712,-2492.964583448316,False
3,stress,10058,corridor_barrier_nmpc,135.5,0.18348275618941404,0.03715557548507361,7.047017427305853,0.17864033467152374,0.036037039282483384,7.04953761049851,0.18272499823910593,-0.0012643261718749965,-0.16357812133789063,0.11272499823910592,0.25272499823910594,-0.08,0.08,0.0007577579503081078,0.038419901656948606,7.210595548643743,Solve_Succeeded,0.028904416016303003,False,5917.555484689436,0.0,0.0,False,False,0.5,10,0.015,-17478.919318242042,-0.098462550874116,0.8575635843876396,0.34999999900655804,0.2527315755302434,0.2869941359018767,0.2869941359018767,-0.1253700668865788,False,False,45463.281799316406,2985.6798526475577,10.118615594252912,0.0013338803933206937,5945.294445766466,0.8400348122237011,0.7368166561589482,1.098880145389692,0.9663426523519489,0.4807149936858969,1.5,0.007381684733804169,0.0039628751550082695,0.0015802535717956004,-0.027669301938465292,0.05848110963791403,0.030446402496627712,-2492.964583448316,False
3,stress,10058,corridor_barrier_nmpc,136.0,0.1818783944109857,0.03680653947768188,7.065507910858394,0.18398323689507975,0.038258419349019544,7.066578283731472,0.18190833959429,-0.0012430932617187862,-0.164205,0.11190833959429,0.25190833959429004,-0.08,0.08,-2.994518330431961e-05,0.038049632739400666,7.229712910858394,Solve_Succeeded,0.028483750007580966,False,5947.508923609701,0.0,0.0,False,False,0.5,10,0.015,-19244.758475369712,-0.10896736701828194,0.8589312603771045,0.3500000094800567,0.350000009406178,0.3277329013763516,0.3277329013763516,0.08147753094894972,False,False,45369.25,2978.5107270566778,10.094319075677182,0.0013538063819933453,6005.16436075209,0.8400348122237011,0.7368166561589482,1.098880145389692,0.9663426523519489,0.4807149936858969,1.5,0.007381684733804169,0.0039628751550082695,0.0015802535717956004,-0.027669301938465292,0.05848110963791403,0.030446402496627712,-2492.964583448316,False
3,stress,10058,corridor_barrier_nmpc,136.5,0.18026737701922987,0.03642219330814267,7.083815048239978,0.1766024620430823,0.03174209865675301,7.081927997444298,0.1811022463138618,-0.0012216699218750016,-0.1648212145996094,0.11110224631386179,0.2511022463138618,-0.08,0.08,-0.0008348692946319181,0.03764386323001767,7.248636262839587,Solve_Succeeded,0.030052667018026114,False,5972.234685020619,0.0,0.0,False,False,0.5,10,0.015,-17548.137160363793,-0.0969720943996223,0.8602762791016343,0.2377328915309684,0.25909216676547253,0.2833507091491877,0.2833507091491877,-0.08876438445432777,False,False,45276.817810058594,2971.468683956373,10.07045324590077,0.001373683487155944,6064.555812956139,0.8400348122237011,0.7368166561589482,1.098880145389692,0.9663426523519489,0.4807149936858969,1.5,0.007381684733804169,0.0039628751550082695,0.0015802535717956004,-0.027669301938465292,0.05848110963791403,0.030446402496627712,-2492.964583448316,False
3,stress,10058,corridor_barrier_nmpc,137.0,0.17865037394632396,0.036071787498929385,7.1019384970440695,0.18969682022398832,0.03906721423240411,7.101020210703572,0.18030698253193092,-0.0012000561523436981,-0.165426669921875,0.11030698253193091,0.25030698253193095,-0.08,0.08,-0.0016566085856069557,0.03727184365127308,7.267365166965945,Solve_Succeeded,0.02727366704493761,False,6013.37073420773,0.0,0.0,False,False,0.5,10,0.015,-19443.168725244945,-0.10812840090051307,0.86159839444778,0.35000000968053185,0.34999999900655804,0.3264452595065341,0.3264452595065341,0.08618910071469277,False,False,45185.99951171875,2964.5546123349086,10.047021117748553,0.00139349775264524,6123.4360609673,0.8400348122237011,0.7368166561589482,1.098880145389692,0.9663426523519489,0.4807149936858969,1.5,0.007381684733804169,0.0039628751550082695,0.0015802535717956004,-0.027669301938465292,0.05848110963791403,0.030446402496627712,-2492.964583448316,False
3,stress,10058,corridor_barrier_nmpc,137.5,0.1770267605250117,0.03568348758234474,7.119877268790862,0.18428207499693974,0.03407760192413536,7.12021120183747,0.1795228123826071,-0.0011782519531250424,-0.1660212707519531,0.10952281238260708,0.2495228123826071,-0.08,0.08,-0.0024960518575953827,0.036861739535469784,7.285898539542815,Solve_Succeeded,0.02861379098612815,False,6021.270153088332,0.0,0.0,False,False,0.5,10,0.015,-20204.427944753053,-0.11191839886704963,0.862897360809448,0.3500000080378451,0.3500000094800567,0.34167544967151486,0.34167544967151486,0.030460380329961567,False,False,45096.80938720703,2957.7694000875917,10.024025700341314,0.0014132349325116564,6181.772117494597,0.8400348122237011,0.7368166561589482,1.098880145389692,0.9663426523519489,0.4807149936858969,1.5,0.007381684733804169,0.0039628751550082695,0.0015802535717956004,-0.027669301938465292,0.05848110963791403,0.030446402496627712,-2492.964583448316,False
3,stress,10058,corridor_barrier_nmpc,138.0,0.17538475073116744,0.03527997369403185,7.137618086126008,0.17599722271761592,0.03256902534132994,7.138965847353796,0.17875000000000002,-0.0011562573242187568,-0.16660492187500003,0.10875000000000001,0.24875000000000003,-0.08,0.08,-0.003365249268832582,0.03643623101825061,7.304223008001008,Solve_Succeeded,0.02884116698987782,False,6059.343287657803,0.0,0.0,False,False,0.5,10,0.015,-17475.021707311116,-0.09379497077907963,0.8641729331139841,0.2516754400358288,0.2377328915309684,0.27446756470162215,0.27446756470162215,-0.13441576993978543,False,False,45009.26171875,2951.1139340230284,10.001469999116953,0.0014328805024607647,6239.530771637321,0.8400348122237011,0.7368166561589482,1.098880145389692,0.9663426523519489,0.4807149936858969,1.5,0.007381684733804169,0.0039628751550082695,0.0015802535717956004,-0.027669301938465292,0.05848110963791403,0.030446402496627712,-2492.964583448316,False
3,stress,10058,corridor_barrier_nmpc,138.5,0.17373588802167336,0.03493105667132163,7.155170795133196,0.17633572725964253,0.036370576466098786,7.1575514209616475,0.1779888095182194,-0.0011340722656249524,-0.16717752807617187,0.1079888095182194,0.24798880951821942,-0.08,0.08,-0.004252921496546047,0.036065128936946585,7.322348323209368,Solve_Succeeded,0.028526792011689395,False,6091.518466291712,0.0,0.0,False,False,0.5,10,0.015,-19663.065174556417,-0.10651759374938491,0.8654248668484424,0.35000000904427714,0.35000000968053185,0.32330584581043675,0.32330584581043675,0.09767656221762921,False,False,44923.37078857422,2944.589099869325,9.979357015851507,0.0014524196721441998,6296.678611781288,0.8400348122237011,0.7368166561589482,1.098880145389692,0.9663426523519489,0.4807149936858969,1.5,0.007381684733804169,0.0039628751550082695,0.0015802535717956004,-0.027669301938465292,0.05848110963791403,0.030446402496627712,-2492.964583448316,False
3,stress,10058,corridor_barrier_nmpc,139.0,0.17208302554650684,0.034538384202761105,7.172538106216482,0.1697803330610093,0.03479749789913827,7.171141723947876,0.17723950507137493,-0.0011116967773437958,-0.167738994140625,0.10723950507137492,0.24723950507137493,-0.08,0.08,-0.005156479524868085,0.0356500809801049,7.340277100357107,Solve_Succeeded,0.028534082986880094,False,6119.179071718534,0.0,0.0,False,False,0.5,10,0.015,-20522.483575942424,-0.11085438449589038,0.8666529180860374,0.32362139366796616,0.3500000080378451,0.34056593846585775,0.34056593846585775,0.034520185310842,False,False,44839.15087890625,2938.19578228022,9.957689748679924,0.0014718373983021453,6353.182049108848,0.8400348122237011,0.7368166561589482,1.098880145389692,0.9663426523519489,0.4807149936858969,1.5,0.007381684733804169,0.0039628751550082695,0.0015802535717956004,-0.027669301938465292,0.05848110963791403,0.030446402496627712,-2492.964583448316,False
3,stress,10058,corridor_barrier_nmpc,139.5,0.17041226980573226,0.03412853443126266,7.189704785786183,0.1719875879916916,0.0404964277819357,7.187518605745622,0.1765023507935763,-0.0010891308593750093,-0.16828922485351566,0.10650235079357628,0.2465023507935763,-0.08,0.08,-0.0060900809878440265,0.03521766529063767,7.357994010639699,Solve_Succeeded,0.028628667001612484,False,6163.16890098032,0.0,0.0,False,False,0.5,10,0.015,-18119.371253022204,-0.0952419739883487,0.867856843512781,0.35000000965471945,0.2516754400358288,0.2830905164609091,0.2830905164609091,-0.1149508440098973,False,False,44756.616271972656,2931.934864841167,9.93647119211668,0.0014911183987573978,6409.007341709478,0.8400348122237011,0.7368166561589482,1.098880145389692,0.9663426523519489,0.4807149936858969,1.5,0.007381684733804169,0.0039628751550082695,0.0015802535717956004,-0.027669301938465292,0.05848110963791403,0.030446402496627712,-2492.964583448316,False
3,stress,10058,corridor_barrier_nmpc,140.0,0.16873308233913187,0.03376675607271556,7.206678557676434,0.16702627460690592,0.03461424478114088,7.206509639829288,0.17577761081893314,-0.0010663745117187595,-0.168828125,0.10577761081893314,0.24577761081893315,-0.08,0.08,-0.007044528479801276,0.03483313058443432,7.375506682676434,Solve_Succeeded,0.028729291982017457,False,6179.279021191038,0.0,0.0,False,False,0.5,10,0.015,-20120.211637009263,-0.10652096063559202,0.8690364004543025,0.2584006253600897,0.35000000904427714,0.32635331046350097,0.32635331046350097,0.08652558800518373,False,False,44675.78125,2925.80723007535,9.91570433707618,0.0015102471672588037,6464.120619277003,0.8400348122237011,0.7368166561589482,1.098880145389692,0.9663426523519489,0.4807149936858969,1.5,0.007381684733804169,0.0039628751550082695,0.0015802535717956004,-0.027669301938465292,0.05848110963791403,0.030446402496627712,-2492.964583448316,False
3,stress,10058,corridor_barrier_nmpc,140.5,0.16704786708182562,0.03336496708471914,7.223461437123439,0.17844210467756988,0.03566708755856023,7.223236793127898,0.1750655492815552,-0.001043427734374991,-0.16935559936523442,0.1050655492815552,0.24506554928155522,-0.08,0.08,-0.008017682199729592,0.03440839481909413,7.392817036488673,Solve_Succeeded,0.03020883398130536,False,6195.538825726272,0.0,0.0,False,False,0.5,10,0.015,-20143.408597867212,-0.10577153459577499,0.8701913469028518,0.3500000093354325,0.32362139366796616,0.32458688915324846,0.32458688915324846,-0.0035328426205050167,False,False,44596.660095214844,2919.813759449646,9.895392170892935,0.0015292079891695686,6518.487908378885,0.8400348122237011,0.7368166561589482,1.098880145389692,0.9663426523519489,0.4807149936858969,1.5,0.007381684733804169,0.0039628751550082695,0.0015802535717956004,-0.027669301938465292,0.05848110963791403,0.030446402496627712,-2492.964583448316,False
3,stress,10058,corridor_barrier_nmpc,141.0,0.16534784404982436,0.032962724517745935,7.240043307824531,0.17145961774144317,0.040299139653663364,7.240236233679172,0.17436643031555224,-0.0010202905273437035,-0.169871552734375,0.10436643031555223,0.24436643031555225,-0.08,0.08,-0.00901858626572788,0.03398301504508964,7.4099148605589065,Solve_Succeeded,0.03033729101298377,False,6250.66040422828,0.0,0.0,False,False,0.5,10,0.015,-20982.23032819805,-0.10989480883280833,0.8713214415444862,0.35000000968859324,0.35000000965471945,0.3410186771517645,0.3410186771517645,0.032863575997032046,False,False,44519.26708984375,2913.9553333805284,9.875537677341596,0.0015479849579935752,6572.07515828234,0.8400348122237011,0.7368166561589482,1.098880145389692,0.9663426523519489,0.4807149936858969,1.5,0.007381684733804169,0.0039628751550082695,0.0015802535717956004,-0.027669301938465292,0.05848110963791403,0.030446402496627712,-2492.964583448316,False
3,stress,10058,corridor_barrier_nmpc,141.5,0.1636304083040988,0.03254371647599645,7.256419864928432,0.16260148619714032,0.03173479934860334,7.256215381942414,0.17368051805503382,-0.0009969628906250083,-0.17037588989257813,0.10368051805503381,0.24368051805503382,-0.08,0.08,-0.01005010975093501,0.03354067936662146,7.42679575482101,Solve_Succeeded,0.031323625007644296,False,6268.783548349912,0.0,0.0,False,False,0.5,10,0.015,-18650.928265532017,-0.09527319432277387,0.8724264437864387,0.2510186673580493,0.2584006253600897,0.28759893628158534,0.28759893628158534,-0.10683948174035829,False,False,44443.61651611328,2908.2328312399127,9.856143836656756,0.0015665619927303857,6624.848267321306,0.8400348122237011,0.7368166561589482,1.098880145389692,0.9663426523519489,0.4807149936858969,1.5,0.007381684733804169,0.0039628751550082695,0.0015802535717956004,-0.027669301938465292,0.05848110963791403,0.030446402496627712,-2492.964583448316,False
3,stress,10058,corridor_barrier_nmpc,142.0,0.16190472075819165,0.03217134351874082,7.272598576146091,0.14995124337535115,0.032125446580138016,7.27449622175819,0.17300807663410972,-0.0009734448242187388,-0.170868515625,0.10300807663410971,0.24300807663410973,-0.08,0.08,-0.01110335587591807,0.03314478834295956,7.443467091771091,Solve_Succeeded,0.029848875012248755,False,6333.748801687354,0.0,0.0,False,False,0.5,10,0.015,-20579.28862844828,-0.10581414425661945,0.87350611378467,0.1975989265695393,0.3500000093354325,0.32794664577445837,0.32794664577445837,0.08069541898574606,False,False,44369.72265625,2902.64713136095,9.837213625552586,0.0015849228560471556,6676.773109787868,0.8400348122237011,0.7368166561589482,1.098880145389692,0.9663426523519489,0.4807149936858969,1.5,0.007381684733804169,0.0039628751550082695,0.0015802535717956004,-0.027669301938465292,0.05848110963791403,0.030446402496627712,-2492.964583448316,False
3,stress,10058,corridor_barrier_nmpc,142.5,0.1601731822521664,0.03176040937622773,7.288581459995836,0.16657043954872275,0.0371821790715266,7.2897688972601795,0.17234937018688956,-0.000949736328125006,-0.17134933471679686,0.10234937018688955,0.24234937018688957,-0.08,0.08,-0.012176187934723165,0.03271014570435274,7.4599307947126325,Solve_Succeeded,0.028551166993565857,False,6317.543548229333,0.0,0.0,False,False,0.5,10,0.015,-21327.969657685295,-0.10935828706756792,0.8745602124716015,0.3500000093767898,0.35000000968859324,0.34220605954736405,0.34220605954736405,0.028518827545811365,False,False,44297.59979248047,2897.199111043762,9.818750017242264,0.0016030511732530468,6727.815563330811,0.8400348122237011,0.7368166561589482,1.098880145389692,0.9663426523519489,0.4807149936858969,1.5,0.007381684733804169,0.0039628751550082695,0.0015802535717956004,-0.027669301938465292,0.05848110963791403,0.030446402496627712,-2492.964583448316,False
3,stress,10058,corridor_barrier_nmpc,143.0,0.15842383323778905,0.031334512756186574,7.304355135198633,0.15366734062408255,0.035470612280390244,7.30314293604633,0.1717046628474831,-0.0009258374023437543,-0.171818251953125,0.10170466284748308,0.2417046628474831,-0.08,0.08,-0.01328082960969404,0.03226035015853033,7.476173387151758,Solve_Succeeded,0.028901792014949024,False,6358.390582216371,0.0,0.0,False,False,0.5,10,0.015,-18661.07683940525,-0.09317974809390545,0.8755885015840311,0.2522060547013257,0.2510186673580493,0.28324549638056895,0.28324549638056895,-0.1179211263335902,False,False,44227.26220703125,2891.8896465611238,9.800755981457243,0.0016209304520592238,6777.941536843738,0.8400348122237011,0.7368166561589482,1.098880145389692,0.9663426523519489,0.4807149936858969,1.5,0.007381684733804169,0.0039628751550082695,0.0015802535717956004,-0.027669301938465292,0.05848110963791403,0.030446402496627712,-2492.964583448316,False
3,stress,10058,corridor_barrier_nmpc,143.5,0.15666791313049677,0.03096196247793191,7.319929198105183,0.15817259649717427,0.03886665407418158,7.318418775022707,0.17107421875,-0.0009017480468749839,-0.17227517211914062,0.10107421875,0.24107421875,-0.08,0.08,-0.014406305619503235,0.031863710524806896,7.492204370224323,Solve_Succeeded,0.02795062499353662,False,6379.749385308098,0.0,0.0,False,False,0.5,10,0.015,-16112.763549161666,-0.07792797416388275,0.8765907436912289,0.3500000079748669,0.1975989265695393,0.227867555767039,0.227867555767039,-0.11075588122705993,False,False,44158.724182128906,2886.719613164095,9.783234484466332,0.0016385441031047533,6827.116998824209,0.8400348122237011,0.7368166561589482,1.098880145389692,0.9663426523519489,0.4807149936858969,1.5,0.007381684733804169,0.0039628751550082695,0.0015802535717956004,-0.027669301938465292,0.05848110963791403,0.030446402496627712,-2492.964583448316,False
3,stress,10058,corridor_barrier_nmpc,144.0,0.15493079147899966,0.030640376954064106,7.3353297273045115,0.15266735738684337,0.03343326572746392,7.3388526925142665,0.17045830202855,-0.0008774682617187501,-0.17271999999999998,0.10045830202855,0.24045830202855,-0.08,0.08,-0.015527510549550344,0.03151784521578285,7.5080497273045115,Solve_Succeeded,0.0286418329924345,False,6418.458702094255,0.0,0.0,False,False,0.5,10,0.015,-19903.942211171223,-0.09892157747276198,0.8775667022232162,0.1378675466760678,0.3500000093767898,0.30683678685134663,0.30683678685134663,0.1579384621686153,False,False,44092.0,2881.6898850875914,9.766188489094581,0.0016558754612261103,6875.308006184958,0.8400348122237011,0.7368166561589482,1.098880145389692,0.9663426523519489,0.4807149936858969,1.5,0.007381684733804169,0.0039628751550082695,0.0015802535717956004,-0.027669301938465292,0.05848110963791403,0.030446402496627712,-2492.964583448316,False
3,stress,10058,corridor_barrier_nmpc,144.5,0.15320407348494888,0.030242966286508556,7.350550507391217,0.1593508362758357,0.029290848778043378,7.354551044642301,0.1698571768172427,-0.0008529980468749976,-0.17315264038085937,0.09985717681724268,0.2398571768172427,-0.08,0.08,-0.016653103332293806,0.031095964333383554,7.523703147772077,Solve_Succeeded,0.03058529197005555,False,6437.2516459051985,0.0,0.0,False,False,0.5,10,0.015,-18277.2011303563,-0.0890680326678296,0.8785161414992242,0.21683677696044346,0.2522060547013257,0.2715132771375003,0.2715132771375003,-0.07064701942769269,False,False,44027.103942871094,2876.8013355559106,9.749620954742001,0.0016729078074452582,6922.480733497689,0.8400348122237011,0.7368166561589482,1.098880145389692,0.9663426523519489,0.4807149936858969,1.5,0.007381684733804169,0.0039628751550082695,0.0015802535717956004,-0.027669301938465292,0.05848110963791403,0.030446402496627712,-2492.964583448316,False
3,stress,10058,corridor_barrier_nmpc,145.0,0.15147689869383024,0.029878095727677387,7.365580716813177,0.14810341647007771,0.023022351832273413,7.3655390624143475,0.16927110725018785,-0.0008283374023437817,-0.17357299804687498,0.09927110725018784,0.23927110725018785,-0.08,0.08,-0.017794208556357605,0.03070643313002117,7.539153714860053,Solve_Succeeded,0.030410040984861553,False,6558.505794312229,0.0,0.0,False,False,0.5,10,0.015,-20775.550810483706,-0.10248304831637645,0.8794388267563331,0.1815132672157323,0.3500000079748669,0.3222617604550664,0.3222617604550664,0.10149696663513219,False,False,43964.05029296875,2872.054836788207,9.733534837402127,0.0016896243916485023,6968.601502649185,0.8400348122237011,0.7368166561589482,1.098880145389692,0.9663426523519489,0.4807149936858969,1.5,0.007381684733804169,0.0039628751550082695,0.0015802535717956004,-0.027669301938465292,0.05848110963791403,0.030446402496627712,-2492.964583448316,False
3,stress,10058,corridor_barrier_nmpc,145.5,0.1497448315647728,0.02946326304672957,7.380415999894878,0.13184654368854704,0.034792742443776434,7.379926896366656,0.16870035746149514,-0.0008034863281249915,-0.17398097778320315,0.09870035746149514,0.23870035746149515,-0.08,0.08,-0.018955525896722336,0.030266749374854563,7.554396977678081,Solve_Succeeded,0.028516000020317733,False,6551.953766503705,0.0,0.0,False,False,0.5,10,0.015,-16461.731817553737,-0.07779914823640176,0.8803345241782927,0.23226175211148475,0.1378675466760678,0.20303489774868744,0.23226176045506639,-0.18,False,True,43902.85333251953,2867.45126000391,9.717933089680376,0.0017060084559256364,7013.636812889093,0.8400348122237011,0.7368166561589482,1.098880145389692,0.9663426523519489,0.4807149936858969,1.5,0.007381684733804169,0.0039628751550082695,0.0015802535717956004,-0.027669301938465292,0.05848110963791403,0.030446402496627712,-2492.964583448316,False
3,stress,10058,corridor_barrier_nmpc,146.0,0.14801757212739616,0.02913471112157331,7.39506543667847,0.1435077280740233,0.03577808149291133,7.396889233976356,0.16814519158527425,-0.0007784448242186826,-0.17437648437499997,0.09814519158527424,0.23814519158527425,-0.08,0.08,-0.020127619457878082,0.029913155945791994,7.56944192105347,Solve_Succeeded,0.02899737498955801,False,6532.646598675526,0.0,0.0,False,False,0.5,10,0.015,-15494.925799155455,-0.07196390636699639,0.8812030009245224,0.14226175560598958,0.21683677696044346,0.21195901051852903,0.21195901051852903,-0.04060549987307471,False,False,43843.52734375,2862.991475428098,9.702818660812255,0.0017220432585360486,7057.553371247852,0.8400348122237011,0.7368166561589482,1.098880145389692,0.9663426523519489,0.4807149936858969,1.5,0.007381684733804169,0.0039628751550082695,0.0015802535717956004,-0.027669301938465292,0.05848110963791403,0.030446402496627712,-2492.964583448316,False
3,stress,10058,corridor_barrier_nmpc,146.5,0.14631933149287554,0.02882548812890151,7.409555430365749,0.1459447016673365,0.028133576906460976,7.4107876507573645,0.16760587375563488,-0.0007532128906250213,-0.17475942260742183,0.09760587375563487,0.23760587375563488,-0.08,0.08,-0.021286542262759334,0.029578701019526532,7.584314852973171,Solve_Succeeded,0.02962916699470952,False,6574.494947903514,0.0,0.0,False,False,0.5,10,0.015,-14542.517384523899,-0.06629078417588616,0.8820440251592905,0.12195900066798543,0.1815132672157323,0.19227319509968516,0.19227319509968516,-0.03937163083768774,False,False,43786.08660888672,2858.67635229682,9.68819449668141,0.0017377120984658249,7100.318123303041,0.8400348122237011,0.7368166561589482,1.098880145389692,0.9663426523519489,0.4807149936858969,1.5,0.007381684733804169,0.0039628751550082695,0.0015802535717956004,-0.027669301938465292,0.05848110963791403,0.030446402496627712,-2492.964583448316,False
3,stress,10058,corridor_barrier_nmpc,147.0,0.14465616890999908,0.0285353034234118,7.423895572982205,0.15274833492525128,0.03325573035949892,7.425739057395169,0.16708266810668673,-0.0007277905273437857,-0.175129697265625,0.09708266810668673,0.23708266810668674,-0.08,0.08,-0.022426499196687655,0.029263093950755586,7.59902527024783,Solve_Succeeded,0.02859337505651638,False,6555.808686588576,0.0,0.0,False,False,0.5,10,0.015,-15837.113252014908,-0.07298561063433831,0.8828573660810748,0.10227318738515673,0.23226175211148475,0.21812926779829092,0.21812926779829092,0.05171214539721153,False,False,43730.54541015625,2854.506758862366,9.674063539837478,0.0017529983405370753,7141.898284271417,0.8400348122237011,0.7368166561589482,1.098880145389692,0.9663426523519489,0.4807149936858969,1.5,0.007381684733804169,0.0039628751550082695,0.0015802535717956004,-0.027669301938465292,0.05848110963791403,0.030446402496627712,-2492.964583448316,False
3,stress,10058,corridor_barrier_nmpc,147.5,0.14302261033870098,0.028219217724950653,7.43808414867048,0.1443295160636034,0.02757021758996867,7.438566717456815,0.16657583877253945,-0.0007021777343750313,-0.17548721313476562,0.09657583877253945,0.23657583877253946,-0.08,0.08,-0.023553228433838475,0.028921395459325684,7.613571361805246,Solve_Succeeded,0.029814124980475754,False,6627.816624215178,0.0,0.0,False,False,0.5,10,0.015,-13401.943562289016,-0.059331172925139314,0.8836427939521009,0.1281292579372316,0.14226175560598958,0.16907433665567245,0.16907433665567245,-0.09810986228523694,False,False,43676.918029785156,2850.4835623984977,9.660428729513812,0.0017678854410280618,7182.261370403613,0.8400348122237011,0.7368166561589482,1.098880145389692,0.9663426523519489,0.4807149936858969,1.5,0.007381684733804169,0.0039628751550082695,0.0015802535717956004,-0.027669301938465292,0.05848110963791403,0.030446402496627712,-2492.964583448316,False
3,stress,10058,corridor_barrier_nmpc,148.0,0.14142129255001604,0.027951826966457483,7.452126856058672,0.14467411007053596,0.02992585779317457,7.450287109482212,0.1660856498873028,-0.0006763745117187581,-0.17583187500000003,0.09608564988730278,0.2360856498873028,-0.08,0.08,-0.024664357337286752,0.02862820147817624,7.627958731058672,Solve_Succeeded,0.029654957994353026,False,6626.418417245513,0.0,0.0,False,False,0.5,10,0.015,-11869.205790690805,-0.05071879115254828,0.8844000801280599,0.07907432690149553,0.12195900066798543,0.13861018281892842,0.13861018281892842,-0.06092830767348806,False,False,43625.21875,2846.6076292056214,9.647293001645018,0.001782356973760031,7221.375230657633,0.8400348122237011,0.7368166561589482,1.098880145389692,0.9663426523519489,0.4807149936858969,1.5,0.007381684733804169,0.0039628751550082695,0.0015802535717956004,-0.027669301938465292,0.05848110963791403,0.030446402496627712,-2492.964583448316,False
3,stress,10058,corridor_barrier_nmpc,148.5,0.1398675608199031,0.02771507549696716,7.466043529232988,0.13560490156117003,0.030269492048580957,7.464709793781762,0.16561236558508644,-0.000650380859374966,-0.17616358764648438,0.09561236558508643,0.23561236558508644,-0.08,0.08,-0.025744804765183343,0.028365456356342127,7.642207116879472,Solve_Succeeded,0.02917545899981633,False,6683.383224136541,0.0,0.0,False,False,0.5,10,0.015,-10669.81775524772,-0.04400043690218001,0.8851289970880061,0.04861017359596958,0.10227318738515673,0.1151151615980508,0.1151151615980508,-0.04699004244175525,False,False,43575.461853027344,2842.879824615921,9.634659288884347,0.0017963966566040613,7259.208078626806,0.8400348122237011,0.7368166561589482,1.098880145389692,0.9663426523519489,0.4807149936858969,1.5,0.007381684733804169,0.0039628751550082695,0.0015802535717956004,-0.027669301938465292,0.05848110963791403,0.030446402496627712,-2492.964583448316,False
3,stress,10058,corridor_barrier_nmpc,149.0,0.1383693574785138,0.027502292571563527,7.479847820442393,0.1343981737698074,0.024912519247397836,7.480898238402,0.16515625,-0.0006241967773437107,-0.176482255859375,0.09515625,0.23515625,-0.08,0.08,-0.026786892521486194,0.028126489348907237,7.656330076301767,Solve_Succeeded,0.02979783300543204,False,6766.265245184146,0.0,0.0,False,False,0.5,10,0.015,-11080.838269238919,-0.045980852318668206,0.8858293184644305,0.025115151734914,0.1281292579372316,0.1235299043694198,0.1235299043694198,0.016829485542738,False,False,43527.66162109375,2839.3010129984405,9.622530520620925,0.001809988378358702,7295.728524697165,0.8400348122237011,0.7368166561589482,1.098880145389692,0.9663426523519489,0.4807149936858969,1.5,0.007381684733804169,0.0039628751550082695,0.0015802535717956004,-0.027669301938465292,0.05848110963791403,0.030446402496627712,-2492.964583448316,False
3,stress,10058,corridor_barrier_nmpc,149.5,0.13692448197561707,0.02728126976458055,7.493543661789564,0.13638933110961055,0.029062499118898022,7.495338857669754,0.16471756726615328,-0.0005978222656249921,-0.1767877844238281,0.09471756726615327,0.23471756726615328,-0.08,0.08,-0.0277930852905362,0.02787909203020554,7.6703314462133925,Solve_Succeeded,0.029146874963771552,False,6735.382913730418,0.0,0.0,False,False,0.5,10,0.015,-9594.492674994674,-0.03784026911461681,0.8865008190735161,0.03352989459651905,0.07907432690149553,0.09478551525505446,0.09478551525505446,-0.057488778228730664,False,False,43481.83233642579,2835.872057764125,9.61090962299683,0.0018231162259466555,7330.905608408453,0.8400348122237011,0.7368166561589482,1.098880145389692,0.9663426523519489,0.4807149936858969,1.5,0.007381684733804169,0.0039628751550082695,0.0015802535717956004,-0.027669301938465292,0.05848110963791403,0.030446402496627712,-2492.964583448316,False
3,stress,10058,corridor_barrier_nmpc,150.0,0.1355326267224079,0.027089955223545008,7.507136420402895,0.13978062713409378,0.024557858329273527,7.504713244777473,0.16429658151765592,-0.0005712573242187546,-0.17708007812499998,0.09429658151765591,0.23429658151765592,-0.08,0.08,-0.028763954795248015,0.027661212547763762,7.684216498527895,Solve_Succeeded,0.029641375003848225,False,6774.825758889226,0.0,0.0,False,False,0.5,10,0.015,-8035.1821889835355,-0.029395985664112605,0.8871432749455687,0.004785505389571487,0.04861017359596958,0.06492914933347434,0.06492914933347434,-0.059712731843160255,False,False,43437.98828125,2832.59382137081,9.599799518924007,0.0018357645118764782,7364.708830992517,0.8400348122237011,0.7368166561589482,1.098880145389692,0.9663426523519489,0.4807149936858969,1.5,0.007381684733804169,0.0039628751550082695,0.0015802535717956004,-0.027669301938465292,0.05848110963791403,0.030446402496627712,-2492.964583448316,False
3,stress,10058,corridor_barrier_nmpc,150.5,0.13420268628359622,0.026929804270657,7.5206413145762205,0.1385923479222395,0.024401223267196643,7.519266993591207,0.1638935568886176,-0.0005445019531249984,-0.17735904174804684,0.09389355688861759,0.2338935568886176,-0.08,0.08,-0.029690870605021374,0.027474306223781997,7.698000356324267,Solve_Succeeded,0.02964229095960036,False,6804.119880394719,0.0,0.0,False,False,0.5,10,0.015,-6673.656782992719,-0.022077315201130328,0.8877564633556255,-0.025070860530331574,0.025115151734914,0.03918594444546771,0.03918594444546771,-0.05148640977601325,False,False,43396.14373779297,2829.467165328174,9.589203128101051,0.0018479178019128423,7397.1081880618385,0.8400348122237011,0.7368166561589482,1.098880145389692,0.9663426523519489,0.4807149936858969,1.5,0.007381684733804169,0.0039628751550082695,0.0015802535717956004,-0.027669301938465292,0.05848110963791403,0.030446402496627712,-2492.964583448316,False
3,stress,10058,corridor_barrier_nmpc,151.0,0.1329420123682918,0.026796857696863637,7.5340729365789265,0.14046836008535163,0.023893303095548574,7.534952890956716,0.16350875751314803,-0.0005175561523437788,-0.17762458007812498,0.09350875751314802,0.23350875751314804,-0.08,0.08,-0.030566745144856217,0.027314413849207415,7.711697516657051,Solve_Succeeded,0.029825791949406266,False,6823.883508995592,0.0,0.0,False,False,0.5,10,0.015,-6448.529183562402,-0.02080138646724931,0.8883401628542431,-0.050814065431083806,0.03352989459651905,0.03552881733187364,0.03552881733187364,-0.0073142542271881494,False,False,43356.31298828125,2826.4929502026407,9.579123367029817,0.0018595609428968896,7428.074202420644,0.8400348122237011,0.7368166561589482,1.098880145389692,0.9663426523519489,0.4807149936858969,1.5,0.007381684733804169,0.0039628751550082695,0.0015802535717956004,-0.027669301938465292,0.05848110963791403,0.030446402496627712,-2492.964583448316,False
3,stress,10058,corridor_barrier_nmpc,151.5,0.13175079092750502,0.02666838653526039,7.547439206381635,0.13443365919163242,0.025477564781021127,7.546612275617643,0.1631424475253569,-0.0004904199218750405,-0.17787659790039062,0.09314244752535689,0.2331424475253569,-0.08,0.08,-0.03139165659785187,0.02715880645713543,7.725315804282026,Solve_Succeeded,0.02978583297226578,False,6854.901198940913,0.0,0.0,False,False,0.5,10,0.015,-5376.3546351464,-0.015103083674665724,0.8888941532984604,-0.054471192503141044,0.004785505389571487,0.015650597961729226,0.015650597961729226,-0.03975643874028882,False,False,43318.510314941406,2823.6720356222395,9.569563149031898,0.0018706790906559679,7457.577956969724,0.8400348122237011,0.7368166561589482,1.098880145389692,0.9663426523519489,0.4807149936858969,1.5,0.007381684733804169,0.0039628751550082695,0.0015802535717956004,-0.027669301938465292,0.05848110963791403,0.030446402496627712,-2492.964583448316,False
3,stress,10058,corridor_barrier_nmpc,152.0,0.13062799076194745,0.026561332302623822,7.560746597067826,0.13516357806742624,0.022292605877428165,7.562362348305574,0.1627948910593539,-0.0004630932617187278,-0.17811500000000002,0.0927948910593539,0.23279489105935391,-0.08,0.08,-0.03216690029740646,0.02702442556434255,7.738861597067826,Solve_Succeeded,0.029704207961913198,False,6916.435615649987,0.0,0.0,False,False,0.5,10,0.015,-3958.5562285513956,-0.007647982992976173,0.8894182158829406,-0.07434941191909292,-0.025070860530331574,-0.010679359152084553,-0.010679359152084553,-0.05265991422762756,False,False,43282.75,2821.0052802814257,9.56052538426496,0.0018812577379402648,7485.591127675958,0.8400348122237011,0.7368166561589482,1.098880145389692,0.9663426523519489,0.4807149936858969,1.5,0.007381684733804169,0.0039628751550082695,0.0015802535717956004,-0.027669301938465292,0.05848110963791403,0.030446402496627712,-2492.964583448316,False
3,stress,10058,corridor_barrier_nmpc,152.5,0.1295782913914704,0.02648260537897804,7.574007544887825,0.11581727274817545,0.02208215068165141,7.569844637194957,0.16246635224924869,-0.0004355761718750073,-0.17833969116210935,0.09246635224924868,0.2324663522492487,-0.08,0.08,-0.03288806085777829,0.026918181550853047,7.752347236049934,Solve_Succeeded,0.029669249954167753,False,7065.875695799198,0.0,0.0,False,False,0.5,10,0.015,-2551.653374125904,-0.0003051789983214495,0.8899121331712881,-0.10067936896025838,-0.050814065431083806,-0.0366299300361699,-0.0366299300361699,-0.05190114176817069,False,False,43249.046325683594,2818.4935419458525,9.55201297973891,0.0018912827423219676,7512.08601657619,0.8400348122237011,0.7368166561589482,1.098880145389692,0.9663426523519489,0.4807149936858969,1.5,0.007381684733804169,0.0039628751550082695,0.0015802535717956004,-0.027669301938465292,0.05848110963791403,0.030446402496627712,-2492.964583448316,False
3,stress,10058,corridor_barrier_nmpc,153.0,0.1286074376655499,0.026431985105456888,7.587236158556472,0.1381913205408036,0.023963100310776267,7.586359688545639,0.162157095229151,-0.000407868652343768,-0.17855057617187503,0.092157095229151,0.232157095229151,-0.08,0.08,-0.03354965756360109,0.026839853757800656,7.765786734728347,Solve_Succeeded,0.030298291996587068,False,6912.892252866331,0.0,0.0,False,False,0.5,10,0.015,-1899.0420518338635,0.003078146391934834,0.8903756891275432,-0.12662993987671894,-0.054471192503141044,-0.048165854656925605,-0.048165854656925605,-0.023071849241511413,False,False,43217.41357421875,2816.1376774571086,9.544028839331956,0.0019007403539909999,7537.03558478472,0.8400348122237011,0.7368166561589482,1.098880145389692,0.9663426523519489,0.4807149936858969,1.5,0.007381684733804169,0.0039628751550082695,0.0015802535717956004,-0.027669301938465292,0.05848110963791403,0.030446402496627712,-2492.964583448316,False
3,stress,10058,corridor_barrier_nmpc,153.5,0.12771688729820388,0.02639438432835727,7.600442719678493,0.13391619818380926,0.028289885753116202,7.601028060894843,0.16186738413317056,-0.0003799707031249544,-0.17874755981445312,0.09186738413317055,0.23186738413317057,-0.08,0.08,-0.03415049683496668,0.026774355031482223,7.779190279492946,Solve_Succeeded,0.028934250003658235,False,6916.115394422508,0.0,0.0,False,False,0.5,10,0.015,-959.1826877191102,0.007924613570018078,0.8908086691478525,-0.13816586435222344,-0.07434941191909292,-0.06509579688712257,-0.06509579688712257,-0.033859884460393924,False,False,43187.86602783203,2813.938542737408,9.536575863806503,0.0019096172433798622,7560.413485472379,0.8400348122237011,0.7368166561589482,1.098880145389692,0.9663426523519489,0.4807149936858969,1.5,0.007381684733804169,0.0039628751550082695,0.0015802535717956004,-0.027669301938465292,0.05848110963791403,0.030446402496627712,-2492.964583448316,False
3,stress,10058,corridor_barrier_nmpc,154.0,0.12690582498769098,0.026375548236512423,7.613635174296444,0.12398449893104728,0.032098391375109885,7.614713447525165,0.161597483095417,-0.000351882324218733,-0.17893054687499999,0.09159748309541699,0.231597483095417,-0.08,0.08,-0.03469165810772601,0.026727430560731156,7.792565721171444,Solve_Succeeded,0.02834083401830867,False,6961.1438522917,0.0,0.0,False,False,0.5,10,0.015,306.71675748040207,0.014423602321972182,0.8912108600923155,-0.15509580622461724,-0.10067936896025838,-0.08810366451604434,-0.08810366451604434,-0.046015735257843554,False,False,43160.41796875,2811.8969927942394,9.529656950824899,0.0019179005285488888,7582.194096784733,0.8400348122237011,0.7368166561589482,1.098880145389692,0.9663426523519489,0.4807149936858969,1.5,0.007381684733804169,0.0039628751550082695,0.0015802535717956004,-0.027669301938465292,0.05848110963791403,0.030446402496627712,-2492.964583448316,False
3,stress,10058,corridor_barrier_nmpc,154.5,0.1261764274370095,0.026381996616094985,7.626824534800709,0.12657367085523508,0.022929956707046624,7.625598592765341,0.16134765625,-0.0003236035156249928,-0.17909944213867185,0.09134765624999999,0.23134765625,-0.08,0.08,-0.03517122881299051,0.026705600131719978,7.805923976939381,Solve_Succeeded,0.02881150000030175,False,7056.521934543976,0.0,0.0,False,False,0.5,10,0.015,1677.9114588718298,0.021430845811424824,0.8915820503170069,-0.17810367427005022,-0.12662993987671894,-0.11301424521637247,-0.11301424521637247,-0.04982116140065626,False,False,43135.08367919922,2810.013881724981,9.523274994965092,0.0019255778022620117,7602.352554665627,0.8400348122237011,0.7368166561589482,1.098880145389692,0.9663426523519489,0.4807149936858969,1.5,0.007381684733804169,0.0039628751550082695,0.0015802535717956004,-0.027669301938465292,0.05848110963791403,0.030446402496627712,-2492.964583448316,False
3,stress,10058,corridor_barrier_nmpc,155.0,0.12553266708189023,0.026415833474901267,7.640023969590465,0.13071713285801415,0.020921053913267894,7.6417705104822025,0.1611181677310293,-0.00029513427734373376,-0.17925415039062498,0.09111816773102929,0.2311181677310293,-0.08,0.08,-0.03558550064913907,0.026710967752245,7.81927811998109,Solve_Succeeded,0.028959167015273124,False,7087.501782012108,0.0,0.0,False,False,0.5,10,0.015,2589.236249046023,0.026049992435988267,0.8919220297061744,-0.20301425502059622,-0.13816586435222344,-0.12927694988641877,-0.12927694988641877,-0.0325254093400926,False,False,43111.87744140625,2808.2900627214676,9.517432887736097,0.0019326371586823464,7620.86478555166,0.8400348122237011,0.7368166561589482,1.098880145389692,0.9663426523519489,0.4807149936858969,1.5,0.007381684733804169,0.0039628751550082695,0.0015802535717956004,-0.027669301938465292,0.05848110963791403,0.030446402496627712,-2492.964583448316,False
3,stress,10058,corridor_barrier_nmpc,155.5,0.12497637378669856,0.026467860143159938,7.653244873317244,0.12560389672434763,0.02530635016470303,7.653815957033306,0.1609092816726146,-0.00026647460937501144,-0.17939457641601558,0.09090928167261458,0.2309092816726146,-0.08,0.08,-0.035932907885916035,0.02673433475253495,7.83263944973326,Solve_Succeeded,0.028385541983880103,False,7075.201830170182,0.0,0.0,False,False,0.5,10,0.015,3523.353185010488,0.03077001988272105,0.8922305897046117,-0.21927695957901389,-0.15509580622461724,-0.14597108131702613,-0.14597108131702613,-0.03338826286121471,False,False,43090.81353759766,2806.7263880745245,9.512133517593359,0.00193906721961607,7637.7075389019665,0.8400348122237011,0.7368166561589482,1.098880145389692,0.9663426523519489,0.4807149936858969,1.5,0.007381684733804169,0.0039628751550082695,0.0015802535717956004,-0.027669301938465292,0.05848110963791403,0.030446402496627712,-2492.964583448316,False
3,stress,10058,corridor_barrier_nmpc,156.0,0.12450715889635397,0.026538532433252417,7.666496454842804,0.11461998161680936,0.02582315931086986,7.66731578917804,0.1607212622088655,-0.0002376245117187703,-0.179520625,0.0907212622088655,0.23072126220886552,-0.08,0.08,-0.03621410331251154,0.026776156944971187,7.846017079842804,Solve_Succeeded,0.02831287501612678,False,7162.738940240654,0.0,0.0,False,False,0.5,10,0.015,4676.134765640418,0.036593247643158626,0.892507523350207,-0.23597109096539454,-0.17810367427005022,-0.16674759143573192,-0.16674759143573192,-0.041553020237411586,False,False,43071.90625,2805.323709178458,9.50737976995398,0.0019448571602326795,7652.85841952688,0.8400348122237011,0.7368166561589482,1.098880145389692,0.9663426523519489,0.4807149936858969,1.5,0.007381684733804169,0.0039628751550082695,0.0015802535717956004,-0.027669301938465292,0.05848110963791403,0.030446402496627712,-2492.964583448316,False
3,stress,10058,corridor_barrier_nmpc,156.5,0.12412583444442031,0.026632223217446467,7.679789130242741,0.12186185938699838,0.01995739740863396,7.67714303597658,0.16055437347389181,-0.00020858398437501036,-0.17963220092773435,0.09055437347389181,0.23055437347389182,-0.08,0.08,-0.036428539029471504,0.026840807201821477,7.859421331170475,Solve_Succeeded,0.029412666975986212,False,7224.888286583642,0.0,0.0,False,False,0.5,10,0.015,5972.154231741131,0.043132786313346466,0.8927526253066658,-0.2567476012250179,-0.20301425502059622,-0.19019713701221858,-0.19019713701221858,-0.046899091152973305,False,False,43055.169860839844,2804.0828765355113,9.503174527211813,0.0019499967341893262,7666.29591967769,0.8400348122237011,0.7368166561589482,1.098880145389692,0.9663426523519489,0.4807149936858969,1.5,0.007381684733804169,0.0039628751550082695,0.0015802535717956004,-0.027669301938465292,0.05848110963791403,0.030446402496627712,-2492.964583448316,False
3,stress,10058,corridor_barrier_nmpc,157.0,0.1238348345407024,0.026751796107707046,7.693135124768992,0.12045362374350362,0.025161779576323772,7.69323260226965,0.16040887960180317,-0.0001793530273437871,-0.179729208984375,0.09040887960180316,0.23040887960180317,-0.08,0.08,-0.03657404506110076,0.026931149135050833,7.872864333753367,Solve_Succeeded,0.02831287501612678,False,7174.992347682256,0.0,0.0,False,False,0.5,10,0.015,7015.828282574432,0.0483768231173093,0.8929656918964083,-0.28019714540038154,-0.21927695957901389,-0.20899976612753654,-0.20899976612753654,-0.03760525823063593,False,False,43040.61865234375,2803.004739760278,9.499520668752426,0.001954476298087038,7677.999450859203,0.8400348122237011,0.7368166561589482,1.098880145389692,0.9663426523519489,0.4807149936858969,1.5,0.007381684733804169,0.0039628751550082695,0.0015802535717956004,-0.027669301938465292,0.05848110963791403,0.030446402496627712,-2492.964583448316,False
3,stress,10058,corridor_barrier_nmpc,157.5,0.12363578822723162,0.026892203201793637,7.7065461175667105,0.12051661085629292,0.019928977175249583,7.707460734517979,0.16028504472670924,-0.00014993164062498954,-0.17981155395507814,0.09028504472670923,0.23028504472670924,-0.08,0.08,-0.03664925649947762,0.027042134842418627,7.886357671521789,Solve_Succeeded,0.0282538749743253,False,7286.743808421256,0.0,0.0,False,False,0.5,10,0.015,7982.5063799267355,0.05322590778500437,0.8931465211336418,-0.29899977573157016,-0.23597109096539454,-0.22643906846544262,-0.22643906846544262,-0.034878604675812164,False,False,43028.26690673828,2802.0901475840824,9.496421070967946,0.0019582868351866595,7687.949375325141,0.8400348122237011,0.7368166561589482,1.098880145389692,0.9663426523519489,0.4807149936858969,1.5,0.007381684733804169,0.0039628751550082695,0.0015802535717956004,-0.027669301938465292,0.05848110963791403,0.030446402496627712,-2492.964583448316,False
3,stress,10058,corridor_barrier_nmpc,158.0,0.12352861040557911,0.027051904451954416,7.720032140732236,0.12206564904482882,0.023836567882321184,7.719922850955712,0.16018313298271974,-0.00012031982421872867,-0.179879140625,0.09018313298271974,0.23018313298271975,-0.08,0.08,-0.036654522577140636,0.027172224276173145,7.8999112813572365,Solve_Succeeded,0.028131917002610862,False,7228.636357507823,0.0,0.0,False,False,0.5,10,0.015,9061.738150850895,0.058647105664443394,0.8932949127576065,-0.3164390779532626,-0.2567476012250179,-0.24603616535964698,-0.24603616535964698,-0.039194193788408715,False,False,43018.12890625,2801.339947859319,9.493878607271759,0.0019614199783128863,7696.127037215599,0.8400348122237011,0.7368166561589482,1.098880145389692,0.9663426523519489,0.4807149936858969,1.5,0.007381684733804169,0.0039628751550082695,0.0015802535717956004,-0.027669301938465292,0.05848110963791403,0.030446402496627712,-2492.964583448316,False
3,stress,10058,corridor_barrier_nmpc,158.5,0.1235134096284967,0.027233150848342238,7.733603404104202,0.1215195600499312,0.027784725067739973,7.734633834261085,0.16010340850394442,-9.05175781250045e-05,-0.17993187377929687,0.09010340850394441,0.23010340850394442,-0.08,0.08,-0.03658999887544771,0.027323668426467242,7.913535277883499,Solve_Succeeded,0.028084458026569337,False,7208.136296668204,0.0,0.0,False,False,0.5,10,0.015,10271.107260050669,0.06473165839560885,0.8934106682659959,-0.33603617459536717,-0.28019714540038154,-0.26812420377344176,-0.26812420377344176,-0.04417607682758956,False,False,43010.21893310547,2800.754987563758,9.491896148113106,0.001963868031875421,7702.514793294744,0.8400348122237011,0.7368166561589482,1.098880145389692,0.9663426523519489,0.4807149936858969,1.5,0.007381684733804169,0.0039628751550082695,0.0015802535717956004,-0.027669301938465292,0.05848110963791403,0.030446402496627712,-2492.964583448316,False
3,stress,10058,corridor_barrier_nmpc,159.0,0.1235914336500946,0.02743854459226979,7.74727133085791,0.12185901669974365,0.0303924975726157,7.746447144094406,0.16004613542449286,-6.052490234376151e-05,-0.179969658203125,0.09004613542449286,0.23004613542449287,-0.08,0.08,-0.03645470177439826,0.027499069494613552,7.927240989061035,Solve_Succeeded,0.028265499975532293,False,7204.688548851391,0.0,0.0,False,False,0.5,10,0.015,11359.597663947312,0.07021006482242087,0.8934935909485493,-0.35000000887210714,-0.29899977573157016,-0.2880879407226104,-0.2880879407226104,-0.039927473898337285,False,False,43004.55126953125,2800.3361128048127,9.490476560991553,0.001965623992937179,7707.096043245525,0.8400348122237011,0.7368166561589482,1.098880145389692,0.9663426523519489,0.4807149936858969,1.5,0.007381684733804169,0.0039628751550082695,0.0015802535717956004,-0.027669301938465292,0.05848110963791403,0.030446402496627712,-2492.964583448316,False
3,stress,10058,corridor_barrier_nmpc,159.5,0.12376382199391935,0.02766566749793396,7.7610473901640775,0.12202241506318366,0.02897756262446625,7.761882512809426,0.16001157787847484,-3.0341796874999716e-05,-0.17999239868164063,0.09001157787847483,0.23001157787847484,-0.08,0.08,-0.03624775588455549,0.02769600929480896,7.9410397888457185,Solve_Succeeded,0.02821912500075996,False,7241.856991248795,0.0,0.0,False,False,0.5,10,0.015,12352.703748157704,0.0752165766653671,0.8935434859208204,-0.35000000910453827,-0.3164390779532626,-0.3064194115258101,-0.3064194115258101,-0.03666294160639938,False,False,43001.140197753906,2800.0841688237724,9.48962271047132,0.0019666815712607428,7709.855259477327,0.8400348122237011,0.7368166561589482,1.098880145389692,0.9663426523519489,0.4807149936858969,1.5,0.007381684733804169,0.0039628751550082695,0.0015802535717956004,-0.027669301938465292,0.05848110963791403,0.030446402496627712,-2492.964583448316,False
3,stress,10058,corridor_barrier_nmpc,160.0,0.12403057353580163,0.027912611805902935,7.77494196966434,0.12041899572427021,0.026716895303298353,7.775686413129561,0.16,-1.5202636718725238e-05,-0.18,0.09,0.23,-0.08,0.08,-0.03596942646419837,0.02792781444262166,7.95494196966434,Solve_Succeeded,0.028326333034783602,False,7298.342285124177,0.0,0.0,False,False,0.5,10,0.015,13382.465154365922,0.08042430644668085,0.8935601601581166,-0.3500000093205982,-0.33603617459536717,-0.32556921927700977,-0.32556921927700977,-0.03829961550239935,False,False,43000.0,2800.0,9.489337458195521,0.001967035208265576,7710.778016401058,0.8400348122237011,0.7368166561589482,1.098880145389692,0.9663426523519489,0.4807149936858969,1.5,0.007381684733804169,0.0039628751550082695,0.0015802535717956004,-0.027669301938465292,0.05848110963791403,0.030446402496627712,-2492.964583448316,False
