scenario_id,tier,seed,controller,time_s,alpha_rad,q_radps,theta_rad,measured_alpha_rad,measured_q_radps,measured_theta_rad,alpha_ref_rad,q_ref_radps,theta_ref_rad,alpha_min_rad,alpha_max_rad,q_min_radps,q_max_radps,alpha_error_rad,q_error_rad,theta_error_rad,solver_status,solve_time_s,objective_value,solver_failure,pitching_moment_nm,cm,flap_effectiveness,delta_flap_raw_rad,delta_flap_delayed_rad,delta_flap_lagged_rad,delta_flap_rad,delta_flap_rate_radps,flap_saturated,flap_rate_saturated,altitude_m,velocity_mps,mach,density_kgm3,dynamic_pressure_pa,density_scale,cm_alpha_scale,cm_delta_scale,cm_q_scale,actuator_lag_s,actuator_delay_s,sensor_noise_alpha_rad,sensor_noise_q_radps,sensor_noise_theta_rad,initial_alpha_error_rad,initial_q_error_radps,initial_theta_error_rad,external_disturbance_moment_nm,corridor_violation
2,moderate,57,scenario_nmpc,0.0,0.08011232494696882,0.04028607392345165,0.07930102295603621,0.08053937142463052,0.04078780484998233,0.08066047593754032,0.12,-1.5202636718752993e-05,0.08,0.04999999999999999,0.19,-0.08,0.08,-0.039887675053031174,0.0403012765601704,-0.0006989770439637943,Solve_Succeeded,0.09022062498843297,92.77412580182862,False,2212.652159596557,-0.011942107788413356,0.4015798869488264,0.3499999817904186,0.0,0.0,0.0,0.0,False,False,82000.0,6200.0,21.012104371718653,5.272256474135521e-06,101.33276943288472,1.0552500109466625,0.9904935904652705,1.1364934679007512,0.9361279231434767,0.13783755517640428,0.5,0.0012876544132459234,0.0010895091536253408,0.0008726206962965641,-0.03988767505303118,0.0403012765601704,-0.0006989770439637954,2243.631407086245,False
2,moderate,57,scenario_nmpc,0.5,0.09085269201774643,0.04033022121356714,0.09945510540666651,0.09257027456765415,0.040502571772489046,0.09977437950006858,0.12002304098079561,-3.0341796874999716e-05,0.07999239868164063,0.0500230409807956,0.19002304098079562,-0.08,0.08,-0.02917034896304918,0.04036056301044214,0.019462706725025883,not_applicable,0.0,,False,2172.4219154746497,-0.027447634793999292,0.40159248685423254,0.3499999817904186,0.3499999817904186,0.34069570017187006,0.09,0.18,False,True,81998.8598022461,6199.7501458924335,21.01125760388222,5.273204499995653e-06,101.34282195732476,1.0552500109466625,0.9904935904652705,1.1364934679007512,0.9361279231434767,0.13783755517640428,0.5,0.0012876544132459234,0.0010895091536253408,0.0008726206962965641,-0.03988767505303118,0.0403012765601704,-0.0006989770439637954,2243.631407086245,False
2,moderate,57,scenario_nmpc,1.0,0.10049499155283276,0.04037357470542517,0.11963106216742728,0.0989687490829584,0.039943024251917494,0.11991033718119201,0.12009173525377229,-6.052490234374763e-05,0.079969658203125,0.05009173525377228,0.1900917352537723,-0.08,0.08,-0.01959674370093953,0.04043409960776892,0.039661403964302275,not_applicable,0.0,,False,2133.2178902907594,-0.042544716123688944,0.40162486243193063,0.3499999817904186,0.3499999817904186,0.349752639902015,0.18,0.18,False,True,81995.44873046875,6199.108143368448,21.00908182581111,5.2760416788228186e-06,101.37634923416856,1.0552500109466625,0.9904935904652705,1.1364934679007512,0.9361279231434767,0.13783755517640428,0.5,0.0012876544132459234,0.0010895091536253408,0.0008726206962965641,-0.03988767505303118,0.0403012765601704,-0.0006989770439637954,2243.631407086245,False
2,moderate,57,scenario_nmpc,1.5,0.10915323347587043,0.04041615378422022,0.13982850127881585,0.11016292155542394,0.03953402785041463,0.13910634483001696,0.12020543981481481,-9.05175781250045e-05,0.07993187377929688,0.0502054398148148,0.1902054398148148,-0.08,0.08,-0.011052206338944381,0.040506671362345224,0.059896627499518976,not_applicable,0.0,,False,2094.897777433267,-0.057277258514982346,0.4016744554206741,0.3499999817904186,0.3499999817904186,0.3499934065369743,0.27,0.18000000000000005,False,True,81989.78106689453,6198.124722339112,21.005748963664374,5.280759166758797e-06,101.43480255431069,1.0552500109466625,0.9904935904652705,1.1364934679007512,0.9361279231434767,0.13783755517640428,0.5,0.0012876544132459234,0.0010895091536253408,0.0008726206962965641,-0.03988767505303118,0.0403012765601704,-0.0006989770439637954,2243.631407086245,False
2,moderate,57,scenario_nmpc,2.0,0.11692956029532822,0.04045797510981538,0.16004703978269738,0.117592785021818,0.04125878155237806,0.15909415741721172,0.12036351165980795,-0.00012031982421875642,0.079879140625,0.050363511659807944,0.19036351165980797,-0.08,0.08,-0.0034339513644797287,0.040578294934034136,0.08016789915769738,Solve_Succeeded,0.06748237495776266,104.13417037366622,False,2060.6540890729184,-0.07040617623746849,0.4017399997587981,0.3499999968766351,0.3499999817904186,0.3499998069960959,0.3499998069960959,0.15999961399219176,False,False,81981.87109375,6196.824988604601,21.00134410223131,5.287350096510711e-06,101.51881364481503,1.0552500109466625,0.9904935904652705,1.1364934679007512,0.9361279231434767,0.13783755517640428,0.5,0.0012876544132459234,0.0010895091536253408,0.0008726206962965641,-0.03988767505303118,0.0403012765601704,-0.0006989770439637954,2243.631407086245,False
2,moderate,57,scenario_nmpc,2.5,0.12391549806964561,0.04049911930093089,0.18028631903168885,0.12433952208964955,0.04196413321244317,0.1803009390307053,0.12056530778463648,-0.00014993164062498954,0.07981155395507812,0.05056530778463647,0.19056530778463648,-0.08,0.08,0.0033501902850091303,0.04064905094155588,0.10047476507661073,not_applicable,0.0,,False,2053.667400278853,-0.0730154340796178,0.4018206300465545,0.3499999968766351,0.3499999968766351,0.3499999918289148,0.3499999918289148,3.696656377671914e-07,False,False,81971.73309326172,6195.226102903411,20.995925400097143,5.295809543979379e-06,101.62877355248318,1.0552500109466625,0.9904935904652705,1.1364934679007512,0.9361279231434767,0.13783755517640428,0.5,0.0012876544132459234,0.0010895091536253408,0.0008726206962965641,-0.03988767505303118,0.0403012765601704,-0.0006989770439637954,2243.631407086245,False
2,moderate,57,scenario_nmpc,3.0,0.13019318893540816,0.04054013068395735,0.2005461366068353,0.13135380378310912,0.04166838112403303,0.199892452481135,0.12081018518518519,-0.00017935302734374547,0.07972920898437501,0.05081018518518518,0.1908101851851852,-0.08,0.08,0.009383003750222968,0.040719483711301095,0.12081692762246028,not_applicable,0.0,,False,2047.3019605632694,-0.0753610957863749,0.40191568368588926,0.3499999968766351,0.3499999968766351,0.3499999967424482,0.3499999967424482,9.82706682695067e-09,False,False,81959.38134765625,6193.341204448907,20.98953738670099,5.306134498423491e-06,101.76496141382125,1.0552500109466625,0.9904935904652705,1.1364934679007512,0.9361279231434767,0.13783755517640428,0.5,0.0012876544132459234,0.0010895091536253408,0.0008726206962965641,-0.03988767505303118,0.0403012765601704,-0.0006989770439637954,2243.631407086245,False
2,moderate,57,scenario_nmpc,3.5,0.13583634794541552,0.040581020955601455,0.22082642908793282,0.13527207787929302,0.03911739454915787,0.21982642677148617,0.12109750085733882,-0.00020858398437501036,0.07963220092773438,0.051097500857338815,0.19109750085733884,-0.08,0.08,0.014738847088076698,0.040789604939976465,0.14119422816019844,not_applicable,0.0,,False,2041.4837812485534,-0.07747059572237643,0.40202462079258067,0.3499999968766351,0.3499999968766351,0.3499999968730679,0.3499999968730679,2.612393634748855e-10,False,False,81944.83013916016,6191.180999058791,20.98221634458463,5.3183238360356135e-06,101.92759666625422,1.0552500109466625,0.9904935904652705,1.1364934679007512,0.9361279231434767,0.13783755517640428,0.5,0.0012876544132459234,0.0010895091536253408,0.0008726206962965641,-0.03988767505303118,0.0403012765601704,-0.0006989770439637954,2243.631407086245,False
2,moderate,57,scenario_nmpc,4.0,0.14091101676406861,0.04062180041050261,0.24112713854624807,0.14065587761903872,0.04134625318660466,0.24158353038795935,0.12142661179698216,-0.00023762451171874255,0.079520625,0.05142661179698216,0.19142661179698217,-0.08,0.08,0.01948440496708645,0.04085942492222135,0.16160651354624805,Solve_Succeeded,0.06751279201125726,118.67910922956862,False,2036.1469125225813,-0.07936850617334226,0.40214698367832524,0.3500000060844976,0.3499999968766351,0.34999999687654026,0.34999999687654026,6.944778085937742e-12,False,False,81928.09375,6188.754562618874,20.973993032370615,5.33237829681536e-06,102.11686548808098,1.0552500109466625,0.9904935904652705,1.1364934679007512,0.9361279231434767,0.13783755517640428,0.5,0.0012876544132459234,0.0010895091536253408,0.0008726206962965641,-0.03988767505303118,0.0403012765601704,-0.0006989770439637954,2243.631407086245,False
2,moderate,57,scenario_nmpc,4.5,0.14547636234503586,0.040662478093623715,0.26144821188226924,0.14485986125095435,0.03875944128848704,0.26143115766183145,0.121796875,-0.00026647460937499756,0.07939457641601563,0.05179687499999999,0.191796875,-0.08,0.08,0.02367948734503586,0.04092895270299871,0.1820536354662536,not_applicable,0.0,,False,2031.2325019006034,-0.08107685126380498,0.40228237351219553,0.3500000060844976,0.3500000060844976,0.35000000583971635,0.35,6.246919426189379e-09,False,False,81909.18646240234,6186.0698038826085,20.964894253212666,5.3483004646347674e-06,102.33293602902984,1.0552500109466625,0.9904935904652705,1.1364934679007512,0.9361279231434767,0.13783755517640428,0.5,0.0012876544132459234,0.0010895091536253408,0.0008726206962965641,-0.03988767505303118,0.0403012765601704,-0.0006989770439637954,2243.631407086245,False
2,moderate,57,scenario_nmpc,5.0,0.14958539248183636,0.04070306193471289,0.2817896002350966,0.150758606015175,0.04109552898802995,0.2822600747996055,0.1222076474622771,-0.0002951342773437615,0.079254150390625,0.05220764746227709,0.1922076474622771,-0.08,0.08,0.027377745019559266,0.04099819621205665,0.20253544984447158,not_applicable,0.0,,False,2026.6880107146958,-0.08261536877013975,0.4024304356602051,0.3500000060844976,0.3500000060844976,0.3500000060779904,0.35,0.0,False,False,81888.12255859375,6183.133755185188,20.95494384003998,5.366094750398642e-06,102.57596796961319,1.0552500109466625,0.9904935904652705,1.1364934679007512,0.9361279231434767,0.13783755517640428,0.5,0.0012876544132459234,0.0010895091536253408,0.0008726206962965641,-0.03988767505303118,0.0403012765601704,-0.0006989770439637954,2243.631407086245,False
2,moderate,57,scenario_nmpc,5.5,0.15328559688259177,0.04074355886790527,0.30215125845528207,0.1558473461255738,0.04237097216768327,0.30199882001894374,0.12265828617969822,-0.0003236035156249928,0.07909944213867187,0.05265828617969821,0.1926582861796982,-0.08,0.08,0.030627310702893554,0.04106716238353026,0.2230518163166102,not_applicable,0.0,,False,2022.4665090923738,-0.08400174863176602,0.40259084988176863,0.3500000060844976,0.3500000060844976,0.35000000608432463,0.35,0.0,False,False,81864.91632080078,6179.952766846162,20.944163314397265,5.385767378211364e-06,102.8461189035127,1.0552500109466625,0.9904935904652705,1.1364934679007512,0.9361279231434767,0.13783755517640428,0.5,0.0012876544132459234,0.0010895091536253408,0.0008726206962965641,-0.03988767505303118,0.0403012765601704,-0.0006989770439637954,2243.631407086245,False
2,moderate,57,scenario_nmpc,6.0,0.15661952152010494,0.04078397493794951,0.32253314463406707,0.15378129325694884,0.04214508476676228,0.32212575942508614,0.12314814814814815,-0.0003518823242187469,0.07893054687500001,0.05314814814814814,0.19314814814814815,-0.08,0.08,0.0334713733719568,0.04113585726216826,0.24360259775906706,Solve_Succeeded,0.06306554202456027,136.8563231749861,False,2018.5260590221496,-0.08525184328746158,0.4027633234553852,0.34999999744701915,0.3500000060844976,0.350000006084493,0.35,0.0,False,False,81839.58203125,6176.532643486048,20.932572348428415,5.407326374469127e-06,103.14354880402901,1.0552500109466625,0.9904935904652705,1.1364934679007512,0.9361279231434767,0.13783755517640428,0.5,0.0012876544132459234,0.0010895091536253408,0.0008726206962965641,-0.03988767505303118,0.0403012765601704,-0.0006989770439637954,2243.631407086245,False
2,moderate,57,scenario_nmpc,6.5,0.15962528320176872,0.040824315394743176,0.34293521968275736,0.1603123019885475,0.039830310705691326,0.34324483896384844,0.12367659036351165,-0.0003799707031250099,0.07874755981445312,0.05367659036351165,0.19367659036351165,-0.08,0.08,0.035948692838257065,0.041204286097868185,0.2641876598683042,not_applicable,0.0,,False,2014.8291618662433,-0.0863798579465217,0.40294758617496185,0.34999999744701915,0.34999999744701915,0.34999999767663487,0.34999999767663487,-4.646730222823692e-09,False,False,81812.13397216797,6172.878743248417,20.920189101145034,5.430781559803772e-06,103.46842326876283,1.0552500109466625,0.9904935904652705,1.1364934679007512,0.9361279231434767,0.13783755517640428,0.5,0.0012876544132459234,0.0010895091536253408,0.0008726206962965641,-0.03988767505303118,0.0403012765601704,-0.0006989770439637954,2243.631407086245,False
2,moderate,57,scenario_nmpc,7.0,0.16233703058111446,0.040864584777395775,0.36335744695670025,0.16123303199779201,0.04133767893398322,0.3627183380828364,0.12424296982167352,-0.00040786865234375413,0.078550576171875,0.05424296982167351,0.19424296982167352,-0.08,0.08,0.03809406075944094,0.04127245342973953,0.28480687078482525,not_applicable,0.0,,False,2011.342264235434,-0.0873985223452507,0.4031433865961587,0.34999999744701915,0.34999999744701915,0.34999999745312316,0.34999999745312316,-4.4702341828184444e-10,False,False,81782.58642578125,6168.996052234287,20.907030470688255,5.456144543811681e-06,103.82091595056453,1.0552500109466625,0.9904935904652705,1.1364934679007512,0.9361279231434767,0.13783755517640428,0.5,0.0012876544132459234,0.0010895091536253408,0.0008726206962965641,-0.03988767505303118,0.0403012765601704,-0.0006989770439637954,2243.631407086245,False
2,moderate,57,scenario_nmpc,7.5,0.16478535718525808,0.040904786988923886,0.3837997919189093,0.1642570458223526,0.04003644870835948,0.38415348561724894,0.12484664351851851,-0.0004355761718749934,0.07833969116210937,0.054846643518518506,0.19484664351851852,-0.08,0.08,0.03993871366673957,0.04134036316079888,0.3054601007567999,not_applicable,0.0,,False,2008.0353257156605,-0.08831924207775793,0.40335048914940924,0.34999999744701915,0.34999999744701915,0.3499999974471814,0.3499999974471814,-1.1883494188680288e-11,False,False,81750.9536743164,6164.88924175046,20.893112288346153,5.483428722507314e-06,104.2012104274625,1.0552500109466625,0.9904935904652705,1.1364934679007512,0.9361279231434767,0.13783755517640428,0.5,0.0012876544132459234,0.0010895091536253408,0.0008726206962965641,-0.03988767505303118,0.0403012765601704,-0.0006989770439637954,2243.631407086245,False
2,moderate,57,scenario_nmpc,8.0,0.16699767145239702,0.04094492536275907,0.4042622218389521,0.16731203657938498,0.04122044409432529,0.4034626783185104,0.1254869684499314,-0.00046309326171874166,0.078115,0.055486968449931395,0.1954869684499314,-0.08,0.08,0.04151070300246562,0.041408018624477815,0.3261472218389521,Solve_Succeeded,0.0701380840037018,133.98658062125514,False,2004.8814277547726,-0.08915223682659845,0.4035686718725181,0.35000000312250523,0.34999999744701915,0.3499999974470235,0.3499999974470235,-3.1585845050585704e-13,False,False,81717.25,6160.562713271744,20.878449470932924,5.512649278447765e-06,104.60950167492808,1.0552500109466625,0.9904935904652705,1.1364934679007512,0.9361279231434767,0.13783755517640428,0.5,0.0012876544132459234,0.0010895091536253408,0.0008726206962965641,-0.03988767505303118,0.0403012765601704,-0.0006989770439637954,2243.631407086245,False
2,moderate,57,scenario_nmpc,8.5,0.168998528253751,0.04098500272184159,0.42474470552320526,0.16880116260836478,0.03979181194449548,0.4243963922084785,0.12616330161179698,-0.0004904199218749988,0.07787659790039063,0.05616330161179697,0.196163301611797,-0.08,0.08,0.04283522664195402,0.04147542264371659,0.3468681076228146,not_applicable,0.0,,False,2001.856427752059,-0.08990666353306834,0.4037977245977856,0.35000000312250523,0.35000000312250523,0.35000000297163014,0.35,5.105952993744722e-09,False,False,81681.4896850586,6156.020634389981,20.86305614262193,5.543823183480446e-06,105.04599724989176,1.0552500109466625,0.9904935904652705,1.1364934679007512,0.9361279231434767,0.13783755517640428,0.5,0.0012876544132459234,0.0010895091536253408,0.0008726206962965641,-0.03988767505303118,0.0403012765601704,-0.0006989770439637954,2243.631407086245,False
2,moderate,57,scenario_nmpc,9.0,0.17080992590864794,0.04102502143115917,0.4452472130729874,0.1710520534594814,0.041144132625271376,0.4465514314728396,0.126875,-0.0005175561523437511,0.077624580078125,0.05687499999999998,0.196875,-0.08,0.08,0.04393492590864795,0.041542577583502924,0.3676226329948624,not_applicable,0.0,,False,1998.9386552294359,-0.09059072536614837,0.4040374474800409,0.35000000312250523,0.35000000312250523,0.35000000311849444,0.35,0.0,False,False,81643.68701171875,6151.266968002932,20.84694573386822,5.576969204071802e-06,105.51091826204005,1.0552500109466625,0.9904935904652705,1.1364934679007512,0.9361279231434767,0.13783755517640428,0.5,0.0012876544132459234,0.0010895091536253408,0.0008726206962965641,-0.03988767505303118,0.0403012765601704,-0.0006989770439637954,2243.631407086245,False
2,moderate,57,scenario_nmpc,9.5,0.17245157228427987,0.04106498344453262,0.46576971566749725,0.1726552378881777,0.04077518055313293,0.46507956466523687,0.12762142061042525,-0.0005445019531249984,0.07735904174804688,0.057621420610425245,0.19762142061042526,-0.08,0.08,0.044830151673854624,0.04160948539765762,0.3884106739194504,not_applicable,0.0,,False,1996.108632978895,-0.09121177258146823,0.40428764978530923,0.35000000312250523,0.35000000312250523,0.3500000031223986,0.35,0.0,False,False,81603.85626220703,6146.305496334782,20.830131062815237,5.612107909180596e-06,106.00450018589827,1.0552500109466625,0.9904935904652705,1.1364934679007512,0.9361279231434767,0.13783755517640428,0.5,0.0012876544132459234,0.0010895091536253408,0.0008726206962965641,-0.03988767505303118,0.0403012765601704,-0.0006989770439637954,2243.631407086245,False
2,moderate,57,scenario_nmpc,10.0,0.17394112319783725,0.04110489034611226,0.486312185368798,0.17457330015927497,0.040567800600654215,0.4874235517242425,0.12840192043895748,-0.0005712573242187546,0.077080078125,0.05840192043895748,0.1984019204389575,-0.08,0.08,0.045539202758879765,0.04167614767033102,0.409232107243798,Solve_Succeeded,0.06844537501456216,128.37476643959684,False,1993.348837072739,-0.09177638986252615,0.40454814888211915,0.35000000138462845,0.35000000312250523,0.3500000031225024,0.35,0.0,False,False,81562.01171875,6141.139840938384,20.81262440308339,5.649261680644412e-06,106.52699355245134,1.0552500109466625,0.9904935904652705,1.1364934679007512,0.9361279231434767,0.13783755517640428,0.5,0.0012876544132459234,0.0010895091536253408,0.0008726206962965641,-0.03988767505303118,0.0403012765601704,-0.0006989770439637954,2243.631407086245,False
2,moderate,57,scenario_nmpc,10.5,0.17529439600384258,0.04114474338733091,0.5068745949463936,0.17248199035365366,0.04035597365836227,0.5057370088831926,0.12921585648148148,-0.000597822265625006,0.07678778442382812,0.05921585648148148,0.1992158564814815,-0.08,0.08,0.0460785395223611,0.041742565652955914,0.43008681052256553,not_applicable,0.0,,False,1990.643479193384,-0.09229047611813194,0.40481876939269756,0.35000000138462845,0.35000000138462845,0.3500000014308275,0.35,0.0,False,False,81518.16766357422,6135.773479526905,20.794437540813334,5.688454726053271e-06,107.07866454893421,1.0552500109466625,0.9904935904652705,1.1364934679007512,0.9361279231434767,0.13783755517640428,0.5,0.0012876544132459234,0.0010895091536253408,0.0008726206962965641,-0.03988767505303118,0.0403012765601704,-0.0006989770439637954,2243.631407086245,False
2,moderate,57,scenario_nmpc,11.0,0.1765255609494873,0.041184543519731616,0.5274569177192314,0.17483395800968896,0.04104985828626148,0.5269593594800449,0.13006258573388202,-0.0006241967773437523,0.076482255859375,0.06006258573388201,0.20006258573388203,-0.08,0.08,0.04646297521560527,0.04180874029707537,0.4509746618598564,not_applicable,0.0,,False,1987.9783135759703,-0.09275931571655821,0.4050993424719997,0.35000000138462845,0.35000000138462845,0.3500000013858566,0.35,0.0,False,False,81472.33837890625,6130.2097602705635,20.7755818231183,5.729713094088948e-06,107.65979554830253,1.0552500109466625,0.9904935904652705,1.1364934679007512,0.9361279231434767,0.13783755517640428,0.5,0.0012876544132459234,0.0010895091536253408,0.0008726206962965641,-0.03988767505303118,0.0403012765601704,-0.0006989770439637954,2243.631407086245,False
2,moderate,57,scenario_nmpc,11.5,0.17764731261194514,0.04122429142413753,0.5480591274131872,0.1771777314448338,0.04192201653185365,0.5492169241381287,0.1309414651920439,-0.0006503808593749938,0.07616358764648437,0.06094146519204388,0.2009414651920439,-0.08,0.08,0.04670584741990125,0.04187467228351252,0.47189553976670284,not_applicable,0.0,,False,1985.3404650411674,-0.09318764233494509,0.40538970519014955,0.35000000138462845,0.35000000138462845,0.3500000013846611,0.35,0.0,False,False,81424.53814697266,6124.451914042717,20.75606819958672,5.773064692313355e-06,108.27068558480218,1.0552500109466625,0.9904935904652705,1.1364934679007512,0.9361279231434767,0.13783755517640428,0.5,0.0012876544132459234,0.0010895091536253408,0.0008726206962965641,-0.03988767505303118,0.0403012765601704,-0.0006989770439637954,2243.631407086245,False
2,moderate,57,scenario_nmpc,12.0,0.17867102349080413,0.04126398753656333,0.5686811980323063,0.17678097272564794,0.0412422347795226,0.5683144345670106,0.13185185185185186,-0.0006763745117187442,0.075831875,0.06185185185185185,0.20185185185185187,-0.08,0.08,0.04681917163895227,0.041940362048282075,0.49284932303230633,Solve_Succeeded,0.06715808302396908,131.3710079267044,False,1982.7182757703117,-0.09357969618728591,0.40568969999943083,0.3500000013750694,0.35000000138462845,0.35000000138462933,0.35,0.0,False,False,81374.78125,6118.5030649893715,20.735907258102767,5.818539307394078e-06,108.91165078834005,1.0552500109466625,0.9904935904652705,1.1364934679007512,0.9361279231434767,0.13783755517640428,0.5,0.0012876544132459234,0.0010895091536253408,0.0008726206962965641,-0.03988767505303118,0.0403012765601704,-0.0006989770439637954,2243.631407086245,False
2,moderate,57,scenario_nmpc,12.5,0.17960688161298624,0.04130363207122346,0.589323103742261,0.17866464260260817,0.041761757322120806,0.5883660408542764,0.13279310270919067,-0.0007021777343750035,0.07548721313476563,0.06279310270919067,0.20279310270919068,-0.08,0.08,0.046813778903795566,0.04200580980559846,0.5138358906074955,not_applicable,0.0,,False,1980.1011687384168,-0.09393927531581724,0.4059991742710676,0.3500000013750694,0.3500000013750694,0.35000000137532356,0.35,0.0,False,False,81323.08197021484,6112.36623971472,20.715109255976643,5.866168627758998e-06,109.58302478759634,1.0552500109466625,0.9904935904652705,1.1364934679007512,0.9361279231434767,0.13783755517640428,0.5,0.0012876544132459234,0.0010895091536253408,0.0008726206962965641,-0.03988767505303118,0.0403012765601704,-0.0006989770439637954,2243.631407086245,False
2,moderate,57,scenario_nmpc,13.0,0.18046401381420862,0.04134322504095252,0.6099848187646534,0.17935811143949712,0.04024423083128568,0.6105058767432923,0.13376457475994513,-0.000727790527343744,0.075129697265625,0.06376457475994513,0.20376457475994514,-0.08,0.08,0.04669943905426349,0.04207101556829627,0.5348551214990284,not_applicable,0.0,,False,1977.4795259543416,-0.09426978156012074,0.40631797989012214,0.3500000013750694,0.3500000013750694,0.3500000013750762,0.35,0.0,False,False,81269.45458984375,6106.044375314271,20.693684147169208,5.91598626867688e-06,110.28515908976138,1.0552500109466625,0.9904935904652705,1.1364934679007512,0.9361279231434767,0.13783755517640428,0.5,0.0012876544132459234,0.0010895091536253408,0.0008726206962965641,-0.03988767505303118,0.0403012765601704,-0.0006989770439637954,2243.631407086245,False
2,moderate,57,scenario_nmpc,13.5,0.18125059618784373,0.041382766275318575,0.6306663172809412,0.18156936000091314,0.04078994616111104,0.6311597665208394,0.134765625,-0.0007532128906250074,0.07475942260742188,0.064765625,0.204765625,-0.08,0.08,0.04648497118784373,0.04213597916594358,0.5559068946735194,not_applicable,0.0,,False,1974.844579864852,-0.09457426175492688,0.4066459728991729,0.3500000013750694,0.3500000013750694,0.3500000013750696,0.35,0.0,False,False,81213.91339111328,6099.540326440656,20.671641606238378,5.968027799764233e-06,111.01842344319104,1.0552500109466625,0.9904935904652705,1.1364934679007512,0.9361279231434767,0.13783755517640428,0.5,0.0012876544132459234,0.0010895091536253408,0.0008726206962965641,-0.03988767505303118,0.0403012765601704,-0.0006989770439637954,2243.631407086245,False
2,moderate,57,scenario_nmpc,14.0,0.181973953036864,0.04142225543667846,0.6513675733448967,0.18100574634009486,0.04046285098347542,0.6525492484533897,0.13579561042524005,-0.0007784448242187519,0.074376484375,0.06579561042524004,0.20579561042524006,-0.08,0.08,0.04617834261162396,0.042200700260897214,0.5769910889698967,Solve_Succeeded,0.06499104102840647,123.78319469032435,False,1972.1883164633202,-0.09485544465076856,0.4069830131832363,0.34999999922888697,0.3500000013750694,0.3500000013750694,0.35,0.0,False,False,81156.47265625,6092.856871551574,20.64899104951369,6.0223307749232074e-06,111.78320618807075,1.0552500109466625,0.9904935904652705,1.1364934679007512,0.9361279231434767,0.13783755517640428,0.5,0.0012876544132459234,0.0010895091536253408,0.0008726206962965641,-0.03988767505303118,0.0403012765601704,-0.0006989770439637954,2243.631407086245,False
2,moderate,57,scenario_nmpc,14.5,0.1826406455255364,0.04146169203439707,0.6720885608026254,0.1833757375592418,0.04166763079652573,0.6735717212790496,0.13685388803155007,-0.0008034863281249915,0.07398097778320313,0.06685388803155007,0.20685388803155008,-0.08,0.08,0.045786757493986335,0.04226517836252206,0.5981075830194222,not_applicable,0.0,,False,1969.5033890738473,-0.09511577390806458,0.4073289641897978,0.34999999922888697,0.34999999922888697,0.3499999992859404,0.3499999992859404,-1.4281191784704106e-09,False,False,81097.14666748047,6085.996718461531,20.625741653911437,6.078934764718849e-06,112.57991459922694,1.0552500109466625,0.9904935904652705,1.1364934679007512,0.9361279231434767,0.13783755517640428,0.5,0.0012876544132459234,0.0010895091536253408,0.0008726206962965641,-0.03988767505303118,0.0403012765601704,-0.0006989770439637954,2243.631407086245,False
2,moderate,57,scenario_nmpc,15.0,0.18325655110297948,0.041501075437432845,0.6928292532192788,0.18363110295136856,0.04120011727497398,0.6915157798574137,0.13793981481481482,-0.000828337402343754,0.073572998046875,0.06793981481481481,0.20793981481481483,-0.08,0.08,0.045316736288164655,0.0423294128397766,0.6192562551724038,not_applicable,0.0,,False,1966.7830400822802,-0.09535743811004176,0.407683692678915,0.34999999922888697,0.34999999922888697,0.34999999923040365,0.34999999923040365,-1.1107348374395087e-10,False,False,81035.94970703125,6078.962509297259,20.60190237372883,6.137881391208121e-06,113.40897522448802,1.0552500109466625,0.9904935904652705,1.1364934679007512,0.9361279231434767,0.13783755517640428,0.5,0.0012876544132459234,0.0010895091536253408,0.0008726206962965641,-0.03988767505303118,0.0403012765601704,-0.0006989770439637954,2243.631407086245,False
2,moderate,57,scenario_nmpc,15.5,0.18382693465910238,0.04154040488543884,0.7135896238116826,0.1819621511603708,0.041327185774585794,0.7141268427202465,0.13905274777091908,-0.0008529980468749976,0.07315264038085938,0.06905274777091908,0.2090527477709191,-0.08,0.08,0.0447741868881833,0.04239340293231384,0.6404369834308232,not_applicable,0.0,,False,1964.021033457113,-0.09558239680587353,0.4080470684992265,0.34999999922888697,0.34999999922888697,0.34999999922892727,0.34999999922892727,-2.9527491562930663e-12,False,False,80972.8960571289,6071.756824939426,20.577481955697145,6.199214365236346e-06,114.27083422139921,1.0552500109466625,0.9904935904652705,1.1364934679007512,0.9361279231434767,0.13783755517640428,0.5,0.0012876544132459234,0.0010895091536253408,0.0008726206962965641,-0.03988767505303118,0.0403012765601704,-0.0006989770439637954,2243.631407086245,False
2,moderate,57,scenario_nmpc,16.0,0.18435651227347596,0.04157967949858626,0.7343696453861891,0.1848575568659374,0.041659339570676586,0.7341320389694629,0.1401920438957476,-0.0008774682617187501,0.07272,0.0701920438957476,0.2101920438957476,-0.08,0.08,0.04416446837772836,0.04245714776030501,0.6616496453861891,Solve_Succeeded,0.06304787495173514,135.13293240476372,False,1961.211592147801,-0.09579240464690497,0.40841896438639796,0.3499999996754619,0.34999999922888697,0.349999999228888,0.349999999228888,-7.849276784099857e-14,False,False,80908.0,6064.382189019411,20.552488952527018,6.262979526220874e-06,115.16595769463662,1.0552500109466625,0.9904935904652705,1.1364934679007512,0.9361279231434767,0.13783755517640428,0.5,0.0012876544132459234,0.0010895091536253408,0.0008726206962965641,-0.03988767505303118,0.0403012765601704,-0.0006989770439637954,2243.631407086245,False
2,moderate,57,scenario_nmpc,16.5,0.18484950832811575,0.04161889828620027,0.7551692902811402,0.18454474462951861,0.042576744189809564,0.756040738418639,0.14135706018518518,-0.0009017480468750116,0.07227517211914063,0.07135706018518517,0.21135706018518519,-0.08,0.08,0.04349244814293057,0.042520646333075285,0.6828941181619996,not_applicable,0.0,,False,1958.3493429564828,-0.09598903271255184,0.4087992557810987,0.3499999996754619,0.3499999996754619,0.34999999966359036,0.34999999966359036,8.694046593760163e-10,False,False,80841.2758178711,6056.841071528806,20.526931735141215,6.329224884444669e-06,116.09483203607316,1.0552500109466625,0.9904935904652705,1.1364934679007512,0.9361279231434767,0.13783755517640428,0.5,0.0012876544132459234,0.0010895091536253408,0.0008726206962965641,-0.03988767505303118,0.0403012765601704,-0.0006989770439637954,2243.631407086245,False
2,moderate,57,scenario_nmpc,17.0,0.18530970667490254,0.04165806015435075,0.7759885303133818,0.18558068063878078,0.04173359336656578,0.7766087019143396,0.1425471536351166,-0.0009258374023437543,0.071818251953125,0.0725471536351166,0.21254715363511661,-0.08,0.08,0.04276255303978593,0.042583897556694505,0.7041702783602568,not_applicable,0.0,,False,1955.4292678789834,-0.09617368739557292,0.4091878206640562,0.3499999996754619,0.3499999996754619,0.34999999967514633,0.34999999967514633,2.3111956792831734e-11,False,False,80772.73779296875,6049.1358920902585,20.500818503759668,6.398000665886541e-06,117.05796426915293,1.0552500109466625,0.9904935904652705,1.1364934679007512,0.9361279231434767,0.13783755517640428,0.5,0.0012876544132459234,0.0010895091536253408,0.0008726206962965641,-0.03988767505303118,0.0403012765601704,-0.0006989770439637954,2243.631407086245,False
2,moderate,57,scenario_nmpc,17.5,0.18574049647647903,0.04169716391252102,0.7968273367283387,0.18640408612389178,0.04229485436867952,0.7971799205186084,0.1437616812414266,-0.0009497363281249921,0.07134933471679687,0.0737616812414266,0.2137616812414266,-0.08,0.08,0.041978815235052425,0.04264690024064601,0.7254780020115419,not_applicable,0.0,,False,1952.4466589387707,-0.09634762786381787,0.4095845394061104,0.3499999996754619,0.3499999996754619,0.34999999967545353,0.34999999967545353,6.143974218275616e-13,False,False,80702.40020751953,6041.269022930859,20.47415729797645,6.469359359617663e-06,118.05588239897108,1.0552500109466625,0.9904935904652705,1.1364934679007512,0.9361279231434767,0.13783755517640428,0.5,0.0012876544132459234,0.0010895091536253408,0.0008726206962965641,-0.03988767505303118,0.0403012765601704,-0.0006989770439637954,2243.631407086245,False
2,moderate,57,scenario_nmpc,18.0,0.18614491327504287,0.041736208279419054,0.8176856801532066,0.18551629298725142,0.043203524075199985,0.8164498069811442,0.145,-0.0009734448242187527,0.070868515625,0.07499999999999998,0.215,-0.08,0.08,0.04114491327504288,0.04270965310363781,0.7468171645282067,Solve_Succeeded,0.079936291964259,146.27130649289265,False,1949.3970792434752,-0.0965119811905227,0.40998929463149714,0.3500000011208893,0.3499999996754619,0.3499999996754617,0.3499999996754617,1.63202784619898e-14,False,False,80630.27734375,6033.242791593229,20.44695600594777,6.543355767797774e-06,119.0891357692576,1.0552500109466625,0.9904935904652705,1.1364934679007512,0.9361279231434767,0.13783755517640428,0.5,0.0012876544132459234,0.0010895091536253408,0.0008726206962965641,-0.03988767505303118,0.0403012765601704,-0.0006989770439637954,2243.631407086245,False
2,moderate,57,scenario_nmpc,18.5,0.1865256757857494,0.04177519188805068,0.8385635305528609,0.18649256333036626,0.04225480187339871,0.840047432407854,0.14626146690672154,-0.0009969628906250083,0.07037588989257812,0.07626146690672153,0.21626146690672154,-0.08,0.08,0.040264208879027874,0.042772154778675686,0.7681876406602828,not_applicable,0.0,,False,1946.2763272117459,-0.0966677561985477,0.41040197109284127,0.3500000011208893,0.3500000011208893,0.35000000108246454,0.35,6.490765702693579e-10,False,False,80556.38348388672,6025.059483414375,20.419222372792923,6.620047058307212e-06,120.15829542728257,1.0552500109466625,0.9904935904652705,1.1364934679007512,0.9361279231434767,0.13783755517640428,0.5,0.0012876544132459234,0.0010895091536253408,0.0008726206962965641,-0.03988767505303118,0.0403012765601704,-0.0006989770439637954,2243.631407086245,False
2,moderate,57,scenario_nmpc,19.0,0.18688521885973805,0.04181411329011379,0.8594608571881297,0.18886429163636723,0.04075341951770666,0.8602172798082988,0.147545438957476,-0.0010202905273437451,0.069871552734375,0.07754543895747598,0.217545438957476,-0.08,0.08,0.03933977990226206,0.04283440381745753,0.7895893044537547,not_applicable,0.0,,False,1943.0804052385424,-0.09681585561281492,0.41082245555655417,0.3500000011208893,0.3500000011208893,0.35000000111986784,0.35,0.0,False,False,80480.73291015625,6016.721343798232,20.39096400829609,6.699492820054738e-06,121.26395449757193,1.0552500109466625,0.9904935904652705,1.1364934679007512,0.9361279231434767,0.13783755517640428,0.5,0.0012876544132459234,0.0010895091536253408,0.0008726206962965641,-0.03988767505303118,0.0403012765601704,-0.0006989770439637954,2243.631407086245,False
2,moderate,57,scenario_nmpc,19.5,0.18722572301547571,0.041852970959798494,0.8803776285761128,0.18679847494371246,0.041171889497188606,0.8813190174131968,0.14885127314814814,-0.001043427734374991,0.06935559936523437,0.07885127314814813,0.21885127314814815,-0.08,0.08,0.038374449867327576,0.042896398694173485,0.8110220292108784,not_applicable,0.0,,False,1939.8054903091047,-0.09695708735313582,0.41125063669750794,0.3500000011208893,0.3500000011208893,0.35000000112086216,0.35,0.0,False,False,80403.33990478516,6008.230580304267,20.362188393984678,6.781755121003821e-06,122.40672856519343,1.0552500109466625,0.9904935904652705,1.1364934679007512,0.9361279231434767,0.13783755517640428,0.5,0.0012876544132459234,0.0010895091536253408,0.0008726206962965641,-0.03988767505303118,0.0403012765601704,-0.0006989770439637954,2243.631407086245,False
2,moderate,57,scenario_nmpc,20.0,0.18754914089560856,0.04189176329702868,0.9013138124522588,0.18849036861816565,0.04096025912928808,0.9008002276369097,0.1501783264746228,-0.0010663745117187456,0.068828125,0.08017832647462278,0.2201783264746228,-0.08,0.08,0.037370814420985776,0.042958137808747424,0.8324856874522588,Solve_Succeeded,0.06963091599754989,134.20801383914966,False,1936.4479087967763,-0.09709217425464697,0.4116864050020053,0.3499999932827028,0.3500000011208893,0.3500000011208886,0.35,0.0,False,False,80324.21875,5999.589364571574,20.332902889650182,6.866898568963518e-06,123.58725606928161,1.0552500109466625,0.9904935904652705,1.1364934679007512,0.9361279231434767,0.13783755517640428,0.5,0.0012876544132459234,0.0010895091536253408,0.0008726206962965641,-0.03988767505303118,0.0403012765601704,-0.0006989770439637954,2243.631407086245,False
2,moderate,57,scenario_nmpc,20.5,0.18785722096933397,0.04193048863022558,0.9222693757339414,0.18676464769228596,0.041870968658342084,0.9215465386636086,0.15152595593278462,-0.0010891308593749954,0.06828922485351563,0.08152595593278461,0.22152595593278462,-0.08,0.08,0.03633126503654935,0.04301961948960058,0.8539801508804258,not_applicable,0.0,,False,1933.004115913111,-0.09722176211695763,0.4121296526781913,0.3499999932827028,0.3499999932827028,0.3499999934910705,0.3499999934910705,-1.3017858901953616e-08,False,False,80243.38372802734,5990.799834095381,20.303114739368862,6.954990375192863e-06,124.80619870737904,1.0552500109466625,0.9904935904652705,1.1364934679007512,0.9361279231434767,0.13783755517640428,0.5,0.0012876544132459234,0.0010895091536253408,0.0008726206962965641,-0.03988767505303118,0.0403012765601704,-0.0006989770439637954,2243.631407086245,False
2,moderate,57,scenario_nmpc,21.0,0.1881515287670107,0.041969145218683654,0.9432442844853179,0.18808846062909707,0.04200925987237238,0.9431498975627783,0.1528935185185185,-0.0011116967773437542,0.06773899414062501,0.0828935185185185,0.22289351851851852,-0.08,0.08,0.03525801024849218,0.04308084199602741,0.8755052903446929,not_applicable,0.0,,False,1929.4706640565678,-0.09734643102911501,0.41258027357316207,0.3499999932827028,0.3499999932827028,0.349999993288242,0.349999993288242,-4.056570634958234e-10,False,False,80160.84912109375,5981.864093870782,20.27283107707244,7.046100420871173e-06,126.06424185111017,1.0552500109466625,0.9904935904652705,1.1364934679007512,0.9361279231434767,0.13783755517640428,0.5,0.0012876544132459234,0.0010895091536253408,0.0008726206962965641,-0.03988767505303118,0.0403012765601704,-0.0006989770439637954,2243.631407086245,False
2,moderate,57,scenario_nmpc,21.5,0.1884334659038262,0.04200773125433423,0.9642385038832224,0.18867717626282798,0.0429097554834627,0.9638520697554149,0.15428037122770918,-0.001134072265625008,0.06717752807617187,0.08428037122770918,0.2242803712277092,-0.08,0.08,0.03415309467611702,0.043141803519959235,0.8970609758070506,not_applicable,0.0,,False,1925.8441999266915,-0.09746669746787326,0.4130381630961138,0.3499999932827028,0.3499999932827028,0.3499999932828501,0.3499999932828501,-1.078381828278907e-11,False,False,80076.62921142578,5972.78421791668,20.242058931712783,7.140301326489506e-06,127.36209497363735,1.0552500109466625,0.9904935904652705,1.1364934679007512,0.9361279231434767,0.13783755517640428,0.5,0.0012876544132459234,0.0010895091536253408,0.0008726206962965641,-0.03988767505303118,0.0403012765601704,-0.0006989770439637954,2243.631407086245,False
2,moderate,57,scenario_nmpc,22.0,0.1887042871226737,0.04204624486347009,0.9852519981839276,0.18828066988182407,0.041776278693216165,0.9851725684789339,0.15568587105624143,-0.001156257324218743,0.066604921875,0.08568587105624142,0.22568587105624144,-0.08,0.08,0.03301841606643227,0.043202502187688833,0.9186470763089276,Solve_Succeeded,0.06268404197180644,143.610159301799,False,1922.1022962733948,-0.09758883347868441,0.4135553796234184,0.34999999254019365,0.3499999932827028,0.34999999328270676,0.34999999328270676,-2.866595849582154e-13,False,False,79990.73828125,5963.562250691366,20.210805232059418,7.237668524221305e-06,128.70049208929507,1.0552500109466625,0.9904935904652705,1.1364934679007512,0.9361279231434767,0.13783755517640428,0.5,0.0012876544132459234,0.0010895091536253408,0.0008726206962965641,-0.03988767505303118,0.0403012765601704,-0.0006989770439637954,2243.631407086245,False
2,moderate,57,scenario_nmpc,22.5,0.18896511547014128,0.04208468372512252,1.0062847305949323,0.18994736570781212,0.042320981215472744,1.0071200175991317,0.157109375,-0.0011782519531250008,0.06602127075195313,0.08710937499999999,0.227109375,-0.08,0.08,0.03185574047014128,0.04326293567824752,0.9402634598429791,not_applicable,0.0,,False,1918.096695042285,-0.09775661823363876,0.41452118455903586,0.34999999254019365,0.34999999254019365,0.34999999255993236,0.34999999255993236,-1.4455487917786058e-09,False,False,79903.19061279297,5954.200208409866,20.179076811164045,7.338280333333856e-06,130.08019220576358,1.0552500109466625,0.9904935904652705,1.1364934679007512,0.9361279231434767,0.13783755517640428,0.5,0.0012876544132459234,0.0010895091536253408,0.0008726206962965641,-0.03988767505303118,0.0403012765601704,-0.0006989770439637954,2243.631407086245,False
2,moderate,57,scenario_nmpc,23.0,0.18921695519624465,0.04212304255432269,1.0273366624221556,0.1900773767479005,0.04339311389155261,1.02800567881557,0.15855024005486967,-0.0012000561523437536,0.065426669921875,0.08855024005486967,0.22855024005486968,-0.08,0.08,0.03066671514137498,0.043323098706666445,0.9619099925002806,not_applicable,0.0,,False,1913.9804577224902,-0.09792240565635668,0.41550436793117296,0.34999999254019365,0.34999999254019365,0.3499999925407184,0.3499999925407184,-3.842792750674562e-11,False,False,79814.00048828125,5944.700080271976,20.146880410522424,7.442218038704562e-06,131.50197978909392,1.0552500109466625,0.9904935904652705,1.1364934679007512,0.9361279231434767,0.13783755517640428,0.5,0.0012876544132459234,0.0010895091536253408,0.0008726206962965641,-0.03988767505303118,0.0403012765601704,-0.0006989770439637954,2243.631407086245,False
2,moderate,57,scenario_nmpc,23.5,0.18946070417841976,0.04216131912838007,1.048407753094516,0.18822858079572327,0.04478868766487481,1.0482162886604205,0.16000782321673526,-0.0012216699218750016,0.06482121459960938,0.09000782321673526,0.23000782321673527,-0.08,0.08,0.029452880961684497,0.043382989050255075,0.9835865384949065,not_applicable,0.0,,False,1909.7501190850028,-0.09808652257935645,0.4165048071705042,0.34999999254019365,0.34999999254019365,0.3499999925402076,0.3499999925402076,-1.021627227260069e-12,False,False,79723.1821899414,5935.063829608949,20.11422268396056,7.5495659725094915e-06,132.96666524187108,1.0552500109466625,0.9904935904652705,1.1364934679007512,0.9361279231434767,0.13783755517640428,0.5,0.0012876544132459234,0.0010895091536253408,0.0008726206962965641,-0.03988767505303118,0.0403012765601704,-0.0006989770439637954,2243.631407086245,False
2,moderate,57,scenario_nmpc,24.0,0.18969716569708422,0.04219951115623088,1.069497960912417,0.19070565646720894,0.04289022296755661,1.0702864253782791,0.16148148148148148,-0.0012430932617187584,0.064205,0.09148148148148147,0.23148148148148148,-0.08,0.08,0.02821568421560275,0.043442604417949636,1.0052929609124168,Solve_Succeeded,0.07145995798055083,158.46917707068326,False,1905.402217362374,-0.09824926070731432,0.41752238101690514,0.34999999297837814,0.34999999254019365,0.34999999254019404,0.34999999254019404,-2.708944180085382e-14,False,False,79630.75,5925.293394955936,20.08111020126924,7.660411599154112e-06,134.47508539476596,1.0552500109466625,0.9904935904652705,1.1364934679007512,0.9361279231434767,0.13783755517640428,0.5,0.0012876544132459234,0.0010895091536253408,0.0008726206962965641,-0.03988767505303118,0.0403012765601704,-0.0006989770439637954,2243.631407086245,False
2,moderate,57,scenario_nmpc,24.5,0.1899270582570332,0.04223761627841361,1.0906072430135623,0.18919992557240536,0.04213114946588805,1.091467769828996,0.16297057184499314,-0.0012643261718749965,0.06357812133789062,0.09297057184499313,0.23297057184499315,-0.08,0.08,0.02695648641204007,0.04350194245028861,1.0270291216756717,not_applicable,0.0,,False,1900.933283430817,-0.09841088025558117,0.4185569694413684,0.34999999297837814,0.34999999297837814,0.3499999929667296,0.3499999929667296,8.530711692600335e-10,False,False,79536.7182006836,5915.390691056471,20.047549451608308,7.774845603519806e-06,136.02810401171018,1.0552500109466625,0.9904935904652705,1.1364934679007512,0.9361279231434767,0.13783755517640428,0.5,0.0012876544132459234,0.0010895091536253408,0.0008726206962965641,-0.03988767505303118,0.0403012765601704,-0.0006989770439637954,2243.631407086245,False
2,moderate,57,scenario_nmpc,25.0,0.19015102438571999,0.042275632066837904,1.111735555338706,0.19082410257004165,0.0413664467108405,1.111619604861513,0.164474451303155,-0.0012853686523437435,0.062940673828125,0.09447445130315499,0.234474451303155,-0.08,0.08,0.02567657308256499,0.04356100071918165,1.048794881510581,not_applicable,0.0,,False,1896.3398315869347,-0.09857161300674844,0.41960845357147647,0.34999999297837814,0.34999999297837814,0.3499999929780685,0.3499999929780685,2.2677748567900835e-11,False,False,79441.10107421875,5905.35760980471,20.01354684669993,7.892961982601664e-06,137.62661230889105,1.0552500109466625,0.9904935904652705,1.1364934679007512,0.9361279231434767,0.13783755517640428,0.5,0.0012876544132459234,0.0010895091536253408,0.0008726206962965641,-0.03988767505303118,0.0403012765601704,-0.0006989770439637954,2243.631407086245,False
2,moderate,57,scenario_nmpc,25.5,0.1903696385149047,0.042313556024377454,1.1328828525972425,0.19190833858544495,0.04099768611058801,1.1304655569855693,0.16599247685185187,-0.0013062207031249995,0.062292752685546876,0.09599247685185186,0.23599247685185187,-0.08,0.08,0.024377161663052843,0.04361977672750245,1.0705900999116957,not_applicable,0.0,,False,1891.618349163096,-0.09873166558662616,0.42067671562017306,0.34999999297837814,0.34999999297837814,0.3499999929783699,0.3499999929783699,6.0285110237146e-13,False,False,79343.91290283203,5895.1960211304795,19.97910872382809,8.014858140616902e-06,139.27152948775537,1.0552500109466625,0.9904935904652705,1.1364934679007512,0.9361279231434767,0.13783755517640428,0.5,0.0012876544132459234,0.0010895091536253408,0.0008726206962965641,-0.03988767505303118,0.0403012765601704,-0.0006989770439637954,2243.631407086245,False
2,moderate,57,scenario_nmpc,26.0,0.19058341404106402,0.042351385584263,1.1540490882325423,0.1895483326404188,0.042530786019009316,1.1540132227374713,0.16752400548696844,-0.0013268823242187505,0.061634453125,0.09752400548696843,0.23752400548696845,-0.08,0.08,0.02305940855409558,0.04367826790848175,1.0924146351075423,Solve_Succeeded,0.06279337499290705,168.6173958004989,False,1886.7652887491981,-0.09889122188080386,0.4217616388175952,0.2942469522211053,0.34999999297837814,0.3499999929783779,0.3499999929783779,1.5987211554602254e-14,False,False,79245.16796875,5884.907773831726,19.944241348659794,8.140634987665764e-06,140.96380328218854,1.0552500109466625,0.9904935904652705,1.1364934679007512,0.9361279231434767,0.13783755517640428,0.5,0.0012876544132459234,0.0010895091536253408,0.0008726206962965641,-0.03988767505303118,0.0403012765601704,-0.0006989770439637954,2243.631407086245,False
2,moderate,57,scenario_nmpc,26.5,0.19079280965002404,0.042389118109326614,1.175234214386946,0.18879219789213406,0.04231667750805298,1.1758593066487684,0.16906839420438957,-0.0013473535156250036,0.060965870361328126,0.09906839420438956,0.23906839420438958,-0.08,0.08,0.02172441544563447,0.04373647162495162,1.114268344025618,not_applicable,0.0,,False,1908.456046326039,-0.09174760248814882,0.42286310734575583,0.2942469522211053,0.2942469522211053,0.29572907227620493,0.29572907227620493,-0.10854184140434597,False,False,79144.88055419922,5874.494696358492,19.908950917901986,8.27039704202938e-06,142.70441052001064,1.0552500109466625,0.9904935904652705,1.1364934679007512,0.9361279231434767,0.13783755517640428,0.5,0.0012876544132459234,0.0010895091536253408,0.0008726206962965641,-0.03988767505303118,0.0403012765601704,-0.0006989770439637954,2243.631407086245,False
2,moderate,57,scenario_nmpc,27.0,0.19099836362052286,0.04242728446962055,1.196438315261119,0.1923645575186674,0.04082633638080484,1.19580714951057,0.170625,-0.0013676342773437516,0.060287099609375,0.10062499999999999,0.240625,-0.08,0.08,0.02037336362052286,0.043794918746964305,1.1361512156517442,not_applicable,0.0,,False,1904.4549005094102,-0.09169273111524595,0.4239810062758817,0.2942469522211053,0.2942469522211053,0.29428635240139844,0.29428635240139844,-0.0028854397496129724,False,False,79043.06494140625,5863.958597552136,19.87324356180684,8.404252536192368e-06,144.49435769892403,1.0552500109466625,0.9904935904652705,1.1364934679007512,0.9361279231434767,0.13783755517640428,0.5,0.0012876544132459234,0.0010895091536253408,0.0008726206962965641,-0.03988767505303118,0.0403012765601704,-0.0006989770439637954,2243.631407086245,False
2,moderate,57,scenario_nmpc,27.5,0.19120055765219449,0.04246537082024006,1.217661479311968,0.18938571606168242,0.04271754743383865,1.218075153914467,0.1721931798696845,-0.0013877246093749948,0.059598236083984374,0.10219317986968449,0.2421931798696845,-0.08,0.08,0.019007377782509993,0.043853095429615054,1.1580632432279836,not_applicable,0.0,,False,1899.633739500236,-0.09182654955930633,0.4251152215082343,0.2942469522211053,0.2942469522211053,0.2942479996222263,0.2942479996222263,-7.670555834426995e-05,False,False,78939.73541259766,5853.301267343199,19.837125346536833,8.542313526680775e-06,146.33468157703018,1.0552500109466625,0.9904935904652705,1.1364934679007512,0.9361279231434767,0.13783755517640428,0.5,0.0012876544132459234,0.0010895091536253408,0.0008726206962965641,-0.03988767505303118,0.0403012765601704,-0.0006989770439637954,2243.631407086245,False
2,moderate,57,scenario_nmpc,28.0,0.19139969989795472,0.04250336075677187,1.2389036624338883,0.1917770574067707,0.043035334853253955,1.2378530806813712,0.17377229080932782,-0.001407624511718747,0.058899375000000004,0.10377229080932782,0.24377229080932783,-0.08,0.08,0.017627409088626894,0.04391098526849062,1.1800042874338883,Solve_Succeeded,0.06553629197878763,186.67348843594243,False,1894.6603141800015,-0.09196525543899656,0.42626563971425235,0.1701866506858193,0.2942469522211053,0.2942469800648639,0.2942469800648639,-2.0391147248499664e-06,False,False,78834.90625,5842.524477410941,19.800602276399946,8.684696007808208e-06,148.22644977800843,1.0552500109466625,0.9904935904652705,1.1364934679007512,0.9361279231434767,0.13783755517640428,0.5,0.0012876544132459234,0.0010895091536253408,0.0008726206962965641,-0.03988767505303118,0.0403012765601704,-0.0006989770439637954,2243.631407086245,False
2,moderate,57,scenario_nmpc,28.5,0.1915960618643399,0.04254125123022079,1.2601648156578917,0.1917523942356836,0.04188473588553295,1.2601875171866148,0.17536168981481481,-0.001427333984375001,0.05819061157226563,0.10536168981481481,0.24536168981481482,-0.08,0.08,0.016234372049525075,0.04396858521459579,1.201974204085626,not_applicable,0.0,,False,1936.6101133837662,-0.07986254562847535,0.42743214828087306,0.1701866506858193,0.1701866506858193,0.1734846286923545,0.2042469800648639,-0.18,False,True,78728.59173583984,5831.629981807371,19.763680295964555,8.831520029426771e-06,150.17076141105258,1.0552500109466625,0.9904935904652705,1.1364934679007512,0.9361279231434767,0.13783755517640428,0.5,0.0012876544132459234,0.0010895091536253408,0.0008726206962965641,-0.03988767505303118,0.0403012765601704,-0.0006989770439637954,2243.631407086245,False
2,moderate,57,scenario_nmpc,29.0,0.19179011231660884,0.0425799806994606,1.281445123867701,0.19047565707381384,0.04138919292181681,1.2817924282679478,0.17696073388203018,-0.0014468530273437502,0.057472041015625,0.10696073388203017,0.2469607338820302,-0.08,0.08,0.014829378434578655,0.04402683372680435,1.2239730828520758,not_applicable,0.0,,False,1950.1664783103615,-0.07533395623708539,0.428614635256898,0.1701866506858193,0.1701866506858193,0.17027432302222234,0.17027432302222234,-0.06794531408528309,False,False,78620.80615234375,5820.619517548277,19.726365292062432,8.982909818781298e-06,152.168747705629,1.0552500109466625,0.9904935904652705,1.1364934679007512,0.9361279231434767,0.13783755517640428,0.5,0.0012876544132459234,0.0010895091536253408,0.0008726206962965641,-0.03988767505303118,0.0403012765601704,-0.0006989770439637954,2243.631407086245,False
2,moderate,57,scenario_nmpc,29.5,0.19198235237735675,0.04261898128785064,1.3027448645926543,0.19141276850901742,0.04228159239259552,1.3023704674089096,0.17856878000685872,-0.0014661816406250014,0.05674375854492188,0.10856878000685871,0.24856878000685872,-0.08,0.08,0.013413572370498034,0.04408516292847564,1.2460011060477323,not_applicable,0.0,,False,1945.8906508478517,-0.07541421144834662,0.429812989301285,0.1701866506858193,0.1701866506858193,0.17018898133767785,0.17018898133767785,-0.0001706833690889864,False,False,78511.56378173828,5809.494805173575,19.68866309568782,9.138993906568753e-06,154.22157266111972,1.0552500109466625,0.9904935904652705,1.1364934679007512,0.9361279231434767,0.13783755517640428,0.5,0.0012876544132459234,0.0010895091536253408,0.0008726206962965641,-0.03988767505303118,0.0403012765601704,-0.0006989770439637954,2243.631407086245,False
2,moderate,57,scenario_nmpc,30.0,0.19217301301468406,0.04265789634750073,1.3240640842306541,0.19255357901319387,0.04460452106456006,1.3233266107436796,0.1801851851851852,-0.0014853198242187476,0.056005859375,0.11018518518518519,0.2501851851851852,-0.08,0.08,0.011987827829498865,0.04414321617171948,1.2680582248556542,Solved_To_Acceptable_Level,0.07633870799327269,208.04891938087604,False,1941.4537397731258,-0.07550554840275173,0.4310270996332512,0.09355424263755367,0.1701866506858193,0.17018671264308324,0.17018671264308324,-4.537389189207541e-06,False,False,78400.87890625,5798.257549279098,19.65057948379968,9.299905257307153e-06,156.33043371139252,1.0552500109466625,0.9904935904652705,1.1364934679007512,0.9361279231434767,0.13783755517640428,0.5,0.0012876544132459234,0.0010895091536253408,0.0008726206962965641,-0.03988767505303118,0.0403012765601704,-0.0006989770439637954,2243.631407086245,False
2,moderate,57,scenario_nmpc,30.5,0.19236221747713614,0.04269672265456,1.345402739211547,0.19023014123309553,0.04140321689525142,1.3454433405984132,0.18180930641289436,-0.0015042675781250028,0.05525843872070313,0.11180930641289435,0.25180930641289434,-0.08,0.08,0.010552911064241777,0.044200990232685006,1.290144300490844,not_applicable,0.0,,False,1978.5287383060204,-0.0653362624535044,0.43225685598409136,0.09355424263755367,0.09355424263755367,0.09559141440656072,0.09559141440656072,-0.14919059647304506,False,False,78288.76580810547,5786.909439021749,19.61212018103368,9.465781404121221e-06,158.49656240432972,1.0552500109466625,0.9904935904652705,1.1364934679007512,0.9361279231434767,0.13783755517640428,0.5,0.0012876544132459234,0.0010895091536253408,0.0008726206962965641,-0.03988767505303118,0.0403012765601704,-0.0006989770439637954,2243.631407086245,False
2,moderate,57,scenario_nmpc,31.0,0.19255027558332782,0.04273629044312651,1.3667609927179776,0.19187251985973225,0.040873789597479206,1.3661677882717218,0.1834405006858711,-0.001523024902343753,0.054501591796875,0.11344050068587108,0.2534405006858711,-0.08,0.08,0.009109774897456735,0.044259315345470264,1.3122594009211026,not_applicable,0.0,,False,1975.6790087405266,-0.06512450707183354,0.43350214855061187,0.09355424263755367,0.09355424263755367,0.09360839812564038,0.09360839812564038,-0.0039660325618406655,False,False,78175.23876953125,5775.452148599784,19.573290861329905,9.636764588054374e-06,160.72122509632888,1.0552500109466625,0.9904935904652705,1.1364934679007512,0.9361279231434767,0.13783755517640428,0.5,0.0012876544132459234,0.0010895091536253408,0.0008726206962965641,-0.03988767505303118,0.0403012765601704,-0.0006989770439637954,2243.631407086245,False
2,moderate,57,scenario_nmpc,31.5,0.19273746531502764,0.042775801212977235,1.3881390158660334,0.19218228586165317,0.04427670291472166,1.3879211431995493,0.185078125,-0.0015415917968750054,0.053735413818359376,0.115078125,0.25507812500000004,-0.08,0.08,0.00765934031502763,0.04431739300985224,1.334403602047674,not_applicable,0.0,,False,1971.6476694430658,-0.06517786316344981,0.43476286795009866,0.09355424263755367,0.09355424263755367,0.09355568228880672,0.09355568228880672,-0.0001054316736673333,False,False,78060.3120727539,5763.887337709867,19.534097149481823,9.813001902019872e-06,163.00572366178113,1.0552500109466625,0.9904935904652705,1.1364934679007512,0.9361279231434767,0.13783755517640428,0.5,0.0012876544132459234,0.0010895091536253408,0.0008726206962965641,-0.03988767505303118,0.0403012765601704,-0.0006989770439637954,2243.631407086245,False
2,moderate,57,scenario_nmpc,32.0,0.19292384443221375,0.04281523133037005,1.409536774238047,0.1933446769181636,0.043577263452485415,1.4091806104743023,0.186721536351166,-0.0015599682617187527,0.05295999999999999,0.116721536351166,0.256721536351166,-0.08,0.08,0.0062023080810477416,0.044375199592088806,1.356576774238047,Solve_Succeeded,0.06667295901570469,232.42455320634338,False,1967.4794127276755,-0.06523795701998097,0.4360389051767378,-0.19365791814423006,0.09355424263755367,0.09355428090875764,0.09355428090875764,-2.8027600981472833e-06,False,False,77944.0,5752.216651982374,19.494544622611564,9.994645439505768e-06,165.35139621750784,1.0552500109466625,0.9904935904652705,1.1364934679007512,0.9361279231434767,0.13783755517640428,0.5,0.0012876544132459234,0.0010895091536253408,0.0008726206962965641,-0.03988767505303118,0.0403012765601704,-0.0006989770439637954,2243.631407086245,False
2,moderate,57,scenario_nmpc,32.5,0.1931094585253667,0.042854578055580184,1.4309542268229716,0.1940763080544918,0.04222611750774485,1.430366367518085,0.18837009173525376,-0.0015781542968749881,0.05217544555664062,0.11837009173525376,0.25837009173525377,-0.08,0.08,0.004739366790112942,0.04443273235245517,1.378778781266331,not_applicable,0.0,,False,2016.990265854382,-0.0527729479370013,0.43733015155941524,-0.19365791814423006,-0.19365791814423006,-0.1860227657919313,0.0035542809087576455,-0.18,False,True,77826.3168334961,5740.441723396339,19.45463881157619,1.0181852448151856e-05,167.75961786213426,1.0552500109466625,0.9904935904652705,1.1364934679007512,0.9361279231434767,0.13783755517640428,0.5,0.0012876544132459234,0.0010895091536253408,0.0008726206962965641,-0.03988767505303118,0.0403012765601704,-0.0006989770439637954,2243.631407086245,False
2,moderate,57,scenario_nmpc,33.0,0.19329460662362657,0.042894914966672325,1.4523916003196795,0.19455754629562297,0.04383987692074408,1.451425057985495,0.19002314814814816,-0.0015961499023437464,0.051381845703125005,0.12002314814814816,0.2600231481481482,-0.08,0.08,0.0032714584754784115,0.04449106486901607,1.4010097546165545,not_applicable,0.0,,False,2068.2990588828343,-0.04023290474605101,0.4386364987208295,-0.19365791814423006,-0.19365791814423006,-0.19345494782599487,-0.08644571909124235,-0.18,False,True,77707.27685546875,5728.564170675286,19.414385202309198,1.0374785488318177e-05,170.23180143034494,1.0552500109466625,0.9904935904652705,1.1364934679007512,0.9361279231434767,0.13783755517640428,0.5,0.0012876544132459234,0.0010895091536253408,0.0008726206962965641,-0.03988767505303118,0.0403012765601704,-0.0006989770439637954,2243.631407086245,False
2,moderate,57,scenario_nmpc,33.5,0.19347981476914403,0.042936278013215846,1.4738493988092678,0.19352640291134038,0.043438266342340964,1.4743044515679284,0.1916800625857339,-0.0016139550781249998,0.05057929565429688,0.12168006258573388,0.2616800625857339,-0.08,0.08,0.001799752183410136,0.044550233091340846,1.4232701031549708,not_applicable,0.0,,False,2121.485454405258,-0.0276167326193168,0.43995783853785236,-0.19365791814423006,-0.19365791814423006,-0.19365252244966058,-0.17644571909124235,-0.18,False,True,77586.89434814453,5716.5855996651535,19.373789237101303,1.057361259676826e-05,172.76939826196835,1.0552500109466625,0.9904935904652705,1.1364934679007512,0.9361279231434767,0.13783755517640428,0.5,0.0012876544132459234,0.0010895091536253408,0.0008726206962965641,-0.03988767505303118,0.0403012765601704,-0.0006989770439637954,2243.631407086245,False
2,moderate,57,scenario_nmpc,34.0,0.19366557161407683,0.042978704738272186,1.4953281447459723,0.19359568143380285,0.04294140431472436,1.495774865618285,0.19334019204389574,-0.001631569824218762,0.049767890625000005,0.12334019204389574,0.26334019204389575,-0.08,0.08,0.00032537957018108354,0.04461027456249095,1.4455602541209722,Solve_Succeeded,0.08377758401911706,264.30283135437406,False,2130.7420884350604,-0.02514478514370494,0.4412940631030815,-0.3499999953859775,-0.19365791814423006,-0.19365777470690315,-0.19365777470690315,-0.03442411123132161,False,False,77465.18359375,5704.507603695355,19.33285631582411,1.0778507455591871e-05,175.37389898580597,1.0552500109466625,0.9904935904652705,1.1364934679007512,0.9361279231434767,0.13783755517640428,0.5,0.0012876544132459234,0.0010895091536253408,0.0008726206962965641,-0.03988767505303118,0.0403012765601704,-0.0006989770439637954,2243.631407086245,False
2,moderate,57,scenario_nmpc,34.5,0.1938521118162896,0.04302131654030638,1.516828150319095,0.195636168773274,0.04286069570566255,1.517196650958067,0.19500289351851852,-0.0016489941406250055,0.048947725830078115,0.1250028935185185,0.2650028935185185,-0.08,0.08,-0.0011507817022289035,0.044670310680931385,1.467880424489017,not_applicable,0.0,,False,2187.0927303160033,-0.012404275929959338,0.4426450646875293,-0.3499999953859775,-0.3499999953859775,-0.3458438464552658,-0.2836577747069031,-0.17999999999999994,False,True,77342.15887451172,5692.331763924001,19.291591797100075,1.0989649566494637e-05,178.04683431810818,1.0552500109466625,0.9904935904652705,1.1364934679007512,0.9361279231434767,0.13783755517640428,0.5,0.0012876544132459234,0.0010895091536253408,0.0008726206962965641,-0.03988767505303118,0.0403012765601704,-0.0006989770439637954,2243.631407086245,False
2,moderate,57,scenario_nmpc,35.0,0.19403966848013313,0.043065055295292316,1.538349743536563,0.1930504740946817,0.04282979121508824,1.5382428100048073,0.19666752400548698,-0.0016662280273437372,0.048118896484375,0.12666752400548698,0.266667524005487,-0.08,0.08,-0.002627855525353856,0.04473128332263605,1.490230847052188,not_applicable,0.0,,False,2230.0114339737247,-0.0029428113239874307,0.44401073570439814,-0.3499999953859775,-0.3499999953859775,-0.3498895097228007,-0.3498895097228007,-0.13246347003179515,False,False,77217.83447265625,5680.059649668205,19.25000099942194,1.1207224430584368e-05,180.78977587558333,1.0552500109466625,0.9904935904652705,1.1364934679007512,0.9361279231434767,0.13783755517640428,0.5,0.0012876544132459234,0.0010895091536253408,0.0008726206962965641,-0.03988767505303118,0.0403012765601704,-0.0006989770439637954,2243.631407086245,False
2,moderate,57,scenario_nmpc,35.5,0.1942286045492621,0.04310965235632432,1.5598934207137691,0.19436339772407074,0.043066245605930815,1.5601894780120984,0.19833344050068585,-0.0016832714843749985,0.04728149780273438,0.12833344050068585,0.26833344050068586,-0.08,0.08,-0.0041048359514237465,0.04479292384069932,1.5126119229110349,not_applicable,0.0,,False,2230.499938488832,-0.0027937683851042977,0.44539096867389644,-0.3499999953859775,-0.3499999953859775,-0.34999705827232463,-0.34999705827232463,-0.00021509709904787844,False,False,77092.22467041016,5667.692818720325,19.20808920222448,1.1431423733785616e-05,183.60433700279788,1.0552500109466625,0.9904935904652705,1.1364934679007512,0.9361279231434767,0.13783755517640428,0.5,0.0012876544132459234,0.0010895091536253408,0.0008726206962965641,-0.03988767505303118,0.0403012765601704,-0.0006989770439637954,2243.631407086245,False
2,moderate,57,scenario_nmpc,36.0,0.19441897814140968,0.043154259115456776,1.5814593988519863,0.19459885257802725,0.041805328763305914,1.5804361355988756,0.2,-0.001700124511718755,0.046435625,0.13,0.27,-0.08,0.08,-0.005581021858590329,0.04485438362717553,1.5350237738519863,Solve_Succeeded,0.06382829195354134,305.3672754027491,False,2230.9417554554702,-0.002657964177379374,0.44678565618904953,-0.35000000640540285,-0.3499999953859775,-0.3499999173067375,-0.3499999173067375,-5.718068825766309e-06,False,False,76965.34375,5655.232817650954,19.165861646911356,1.1662445538016741e-05,186.49217361381582,1.0552500109466625,0.9904935904652705,1.1364934679007512,0.9361279231434767,0.13783755517640428,0.5,0.0012876544132459234,0.0010895091536253408,0.0008726206962965641,-0.03988767505303118,0.0403012765601704,-0.0006989770439637954,2243.631407086245,False
2,moderate,57,scenario_nmpc,36.5,0.194610643882787,0.0431988746395495,1.6030476825669315,0.19533483398240303,0.04459925333672442,1.6028428517614581,0.2016665594993141,-0.0017167871093750064,0.04558137329101562,0.1316665594993141,0.2716665594993141,-0.08,0.08,-0.007055915616527103,0.04491566174892451,1.557466309275916,not_applicable,0.0,,False,2231.404601336872,-0.002520966125352332,0.4481946908824673,-0.35000000640540285,-0.35000000640540285,-0.35000000403683396,-0.35,-1.6538652491959738e-07,False,False,76837.20599365234,5642.681182099389,19.123323537839543,1.1900494478265144e-05,189.4549850478938,1.0552500109466625,0.9904935904652705,1.1364934679007512,0.9361279231434767,0.13783755517640428,0.5,0.0012876544132459234,0.0010895091536253408,0.0008726206962965641,-0.03988767505303118,0.0403012765601704,-0.0006989770439637954,2243.631407086245,False
2,moderate,57,scenario_nmpc,37.0,0.19480347142722448,0.043243499349586476,1.6246582763462996,0.19613225783154814,0.04305527641190218,1.623865299567459,0.20333247599451304,-0.001733259277343746,0.044718837890624995,0.13333247599451303,0.27333247599451305,-0.08,0.08,-0.008529004567288556,0.04497675862693022,1.5799394384556746,not_applicable,0.0,,False,2231.891464519879,-0.0023823614228381806,0.44961796539402865,-0.35000000640540285,-0.35000000640540285,-0.3500000063424376,-0.35,0.0,False,False,76707.82568359375,5630.039437052273,19.080480043263627,1.214578196569839e-05,192.4945149390272,1.0552500109466625,0.9904935904652705,1.1364934679007512,0.9361279231434767,0.13783755517640428,0.5,0.0012876544132459234,0.0010895091536253408,0.0008726206962965641,-0.03988767505303118,0.0403012765601704,-0.0006989770439637954,2243.631407086245,False
2,moderate,57,scenario_nmpc,37.5,0.19499734421986162,0.04328813372612296,1.6462911849031863,0.1938559491116928,0.04156419959392521,1.646722495075816,0.2049971064814815,-0.0017495410156249946,0.04384811401367188,0.1349971064814815,0.2749971064814815,-0.08,0.08,-0.009999762261619888,0.045037674741747954,1.6024430708895143,not_applicable,0.0,,False,2232.403623391981,-0.0022421122563490922,0.45105537233944787,-0.35000000640540285,-0.35000000640540285,-0.350000006403729,-0.35,0.0,False,False,76577.21710205078,5617.309097111061,19.037336296242305,1.2398526396951197e-05,195.6125520991286,1.0552500109466625,0.9904935904652705,1.1364934679007512,0.9361279231434767,0.13783755517640428,0.5,0.0012876544132459234,0.0010895091536253408,0.0008726206962965641,-0.03988767505303118,0.0403012765601704,-0.0006989770439637954,2243.631407086245,False
2,moderate,57,scenario_nmpc,38.0,0.1951921580805283,0.0433327782751,1.6679464131973265,0.19534066752157164,0.04465103394309105,1.6681616301260795,0.20665980795610428,-0.0017656323242187522,0.042969296875,0.13665980795610427,0.2766598079561043,-0.08,0.08,-0.01146764987557597,0.04509841059931875,1.6249771163223266,Solve_Succeeded,0.06321062502684072,327.8000383373152,False,2232.942328097327,-0.0021001971321884735,0.45250680427969014,-0.35000000580385954,-0.35000000640540285,-0.35000000640535833,-0.35,0.0,False,False,76445.39453125,5604.4916667489015,18.99389739550893,1.2658953369728792e-05,198.81093141457336,1.0552500109466625,0.9904935904652705,1.1364934679007512,0.9361279231434767,0.13783755517640428,0.5,0.0012876544132459234,0.0010895091536253408,0.0008726206962965641,-0.03988767505303118,0.0403012765601704,-0.0006989770439637954,2243.631407086245,False
2,moderate,57,scenario_nmpc,38.5,0.19538781992661183,0.04337743352729273,1.6896239664476478,0.19502058429691846,0.04304978580972436,1.686277606861839,0.20831993741426613,-0.0017815332031249978,0.042082481689453125,0.13831993741426613,0.27831993741426614,-0.08,0.08,-0.012932117487654299,0.04515896673041773,1.6475414847581946,not_applicable,0.0,,False,2233.508859272987,-0.001956598649384758,0.4539721536912043,-0.35000000580385954,-0.35000000580385954,-0.3500000058198496,-0.35,0.0,False,False,76312.37225341797,5591.588640557487,18.950168406308123,1.2927295904870143e-05,202.09153475584787,1.0552500109466625,0.9904935904652705,1.1364934679007512,0.9361279231434767,0.13783755517640428,0.5,0.0012876544132459234,0.0010895091536253408,0.0008726206962965641,-0.03988767505303118,0.0403012765601704,-0.0006989770439637954,2243.631407086245,False
2,moderate,57,scenario_nmpc,39.0,0.195584246628979,0.043422100038932,1.7113238501448425,0.19658507072643563,0.04171564803722447,1.712153670876613,0.20997685185185183,-0.0017972436523437524,0.041187763671875,0.13997685185185182,0.27997685185185184,-0.08,0.08,-0.014392605222872834,0.045219343691275754,1.6701360864729675,not_applicable,0.0,,False,2234.1045305647726,-0.001811303079008078,0.4554513129369436,-0.35000000580385954,-0.35000000580385954,-0.3500000058042846,-0.35,0.0,False,False,76178.16455078125,5578.601503484431,18.90615436120024,1.3203794675014343e-05,205.45629189998286,1.0552500109466625,0.9904935904652705,1.1364934679007512,0.9361279231434767,0.13783755517640428,0.5,0.0012876544132459234,0.0010895091536253408,0.0008726206962965641,-0.03988767505303118,0.0403012765601704,-0.0006989770439637954,2243.631407086245,False
2,moderate,57,scenario_nmpc,39.5,0.19578136398737836,0.04346677839237507,1.7330460700642616,0.1958343083843706,0.043411031095474596,1.7326788285388073,0.21162990826474626,-0.001812763671875002,0.04028523803710937,0.14162990826474625,0.28162990826474626,-0.08,0.08,-0.0158485442773679,0.04527954206425007,1.6927608320271523,not_applicable,0.0,,False,2234.730691065097,-0.001664299987856624,0.4569441742381477,-0.35000000580385954,-0.35000000580385954,-0.35000000580387086,-0.35,0.0,False,False,76042.7857055664,5565.531731061606,18.861860260835236,1.3488698240015872e-05,208.9071814654419,1.0552500109466625,0.9904935904652705,1.1364934679007512,0.9361279231434767,0.13783755517640428,0.5,0.0012876544132459234,0.0010895091536253408,0.0008726206962965641,-0.03988767505303118,0.0403012765601704,-0.0006989770439637954,2243.631407086245,False
2,moderate,57,scenario_nmpc,40.0,0.1959791058128995,0.0435114691968239,1.7547906322791578,0.19408258662030273,0.04363212599517927,1.7552397043823234,0.21327846364883404,-0.0018280932617187468,0.039375,0.14327846364883404,0.283278463648834,-0.08,0.08,-0.01729935783593453,0.04533956245854265,1.7154156322791578,Solve_Succeeded,0.061874958977568895,377.2405813259465,False,2235.3887276845753,-0.0015155819018774636,0.45845062964685884,-0.3500000074676189,-0.35000000580385954,-0.3500000058038598,-0.35,0.0,False,False,75906.25,5552.380789624953,18.817291074697604,1.378226328925481e-05,212.44623185910032,1.0552500109466625,0.9904935904652705,1.1364934679007512,0.9361279231434767,0.13783755517640428,0.5,0.0012876544132459234,0.0010895091536253408,0.0008726206962965641,-0.03988767505303118,0.0403012765601704,-0.0006989770439637954,2243.631407086245,False
2,moderate,57,scenario_nmpc,40.5,0.19617741310636003,0.043556173089089906,1.776557543174297,0.19631306207421212,0.043207977168265896,1.776557051253382,0.214921875,-0.0018432324218749935,0.038457144775390625,0.144921875,0.284921875,-0.08,0.08,-0.018744461893639985,0.0453994055109649,1.7381003983989065,not_applicable,0.0,,False,2236.0800674678626,-0.0013651440051704045,0.4599705710191495,-0.3500000074676189,-0.3500000074676189,-0.3500000074233901,-0.35,0.0,False,False,75768.5717163086,5539.150136526166,18.77245174182378,1.408475489098879e-05,216.07552223491163,1.0552500109466625,0.9904935904652705,1.1364934679007512,0.9361279231434767,0.13783755517640428,0.5,0.0012876544132459234,0.0010895091536253408,0.0008726206962965641,-0.03988767505303118,0.0403012765601704,-0.0006989770439637954,2243.631407086245,False
2,moderate,57,scenario_nmpc,41.0,0.1963762333226494,0.04360089073440399,1.7983468094599664,0.19674051614589746,0.044223491554206074,1.7976659057130038,0.21655949931412896,-0.001858181152343763,0.03753176757812501,0.14655949931412895,0.28655949931412894,-0.08,0.08,-0.02018326599147957,0.045459071886747755,1.7608150418818413,not_applicable,0.0,,False,2236.8061798631716,-0.0012129838708563878,0.46150388998903746,-0.3500000074676189,-0.3500000074676189,-0.3500000074664431,-0.35,0.0,False,False,75629.76513671875,5525.841220336646,18.727347171493353,1.4396446748894926e-05,219.7971834638404,1.0552500109466625,0.9904935904652705,1.1364934679007512,0.9361279231434767,0.13783755517640428,0.5,0.0012876544132459234,0.0010895091536253408,0.0008726206962965641,-0.03988767505303118,0.0403012765601704,-0.0006989770439637954,2243.631407086245,False
2,moderate,57,scenario_nmpc,41.5,0.19657551971209755,0.04364562282727125,1.820158438186396,0.19859047522230508,0.04318723773010641,1.8205583013854736,0.21819069358710566,-0.0018729394531250138,0.03659896362304686,0.14819069358710565,0.2881906935871057,-0.08,0.08,-0.02161517387500811,0.04551856228039626,1.7835594745633492,not_applicable,0.0,,False,2237.568578953939,-0.0010591012204811817,0.4630504779430665,-0.3500000074676189,-0.3500000074676189,-0.35000000746758764,-0.35,0.0,False,False,75489.84454345703,5512.455481044132,18.68198224389546,1.4717621465948986e-05,223.61339911458703,1.0552500109466625,0.9904935904652705,1.1364934679007512,0.9361279231434767,0.13783755517640428,0.5,0.0012876544132459234,0.0010895091536253408,0.0008726206962965641,-0.03988767505303118,0.0403012765601704,-0.0006989770439637954,2243.631407086245,False
2,moderate,57,scenario_nmpc,42.0,0.1967752307308655,0.04369037009236938,1.841992436758621,0.19901002568250611,0.04244219528410211,1.8429541538462297,0.21981481481481485,-0.0018875073242187387,0.03565882812499999,0.14981481481481485,0.28981481481481486,-0.08,0.08,-0.02303958408394935,0.04557787741658812,1.8063336086336208,Solve_Succeeded,0.06402808299753815,429.9817058821647,False,2238.3688256602422,-0.0009034977089715165,0.46461022599553314,-0.35000000823108135,-0.3500000074676189,-0.35000000746761806,-0.35,0.0,False,False,75348.82421875,5498.99435024233,18.63636181077146,1.5048570815790642e-05,227.52640644461187,1.0552500109466625,0.9904935904652705,1.1364934679007512,0.9361279231434767,0.13783755517640428,0.5,0.0012876544132459234,0.0010895091536253408,0.0008726206962965641,-0.03988767505303118,0.0403012765601704,-0.0006989770439637954,2243.631407086245,False
2,moderate,57,scenario_nmpc,42.5,0.19697532951318888,0.0437351332854906,1.8638488129518023,0.19554981637316884,0.04385149720257776,1.8641399896454431,0.2214312199931413,-0.0019018847656249865,0.034711456298828124,0.1514312199931413,0.2914312199931413,-0.08,0.08,-0.02445589047995242,0.045637018051115585,1.829137356652974,not_applicable,0.0,,False,2239.2085299167766,-0.0007461767324731319,0.46618302496434094,-0.35000000823108135,-0.35000000823108135,-0.3500000082107857,-0.35,0.0,False,False,75206.71844482422,5485.459251313897,18.590490696035044,1.5389596021722395e-05,231.5384974009154,1.0552500109466625,0.9904935904652705,1.1364934679007512,0.9361279231434767,0.13783755517640428,0.5,0.0012876544132459234,0.0010895091536253408,0.0008726206962965641,-0.03988767505303118,0.0403012765601704,-0.0006989770439637954,2243.631407086245,False
2,moderate,57,scenario_nmpc,43.0,0.19717578339905212,0.043779913194526315,1.8857275749270304,0.19652555100359348,0.044723821238556935,1.8863682377859567,0.22303926611796981,-0.0019160717773437363,0.033756943359375007,0.1530392661179698,0.2930392661179698,-0.08,0.08,-0.025863482718917696,0.04569598497187005,1.8519706315676554,not_applicable,0.0,,False,2240.0893528334796,-0.0005871432566794121,0.46776876534746137,-0.35000000823108135,-0.35000000823108135,-0.35000000823054184,-0.35,0.0,False,False,75063.54150390625,5471.851599607084,18.544373696370922,1.5741008043490367e-05,235.65201963000467,1.0552500109466625,0.9904935904652705,1.1364934679007512,0.9361279231434767,0.13783755517640428,0.5,0.0012876544132459234,0.0010895091536253408,0.0008726206962965641,-0.03988767505303118,0.0403012765601704,-0.0006989770439637954,2243.631407086245,False
2,moderate,57,scenario_nmpc,43.5,0.19737656351153923,0.04382471064049457,1.9076287312476305,0.19865480337420652,0.042698669398535255,1.907016156112423,0.2246383101851852,-0.001930068359375016,0.03279538452148439,0.1546383101851852,0.2946383101851852,-0.08,0.08,-0.027261746673645976,0.045754778999869586,1.8748333467261462,not_applicable,0.0,,False,2241.013008844252,-0.0004264036635079835,0.469367337299987,-0.35000000823108135,-0.35000000823108135,-0.35000000823106703,-0.35,0.0,False,False,74919.30767822266,5458.172802606335,18.49801558181297,1.6103127871993296e-05,239.86937749641862,1.0552500109466625,0.9904935904652705,1.1364934679007512,0.9361279231434767,0.13783755517640428,0.5,0.0012876544132459234,0.0010895091536253408,0.0008726206962965641,-0.03988767505303118,0.0403012765601704,-0.0006989770439637954,2243.631407086245,False
2,moderate,57,scenario_nmpc,44.0,0.19757764437870695,0.04386952647860982,1.929552290895994,0.1984822019074969,0.043557047472100575,1.9302197823079192,0.22622770919067217,-0.0019438745117187697,0.03182687499999999,0.15622770919067216,0.2962277091906722,-0.08,0.08,-0.02865006481196522,0.04581340099032859,1.897725415895994,Solve_Succeeded,0.06219891703221947,468.96320519337695,False,2241.981267848616,-0.0002639656142076549,0.47097863061175976,-0.3500000082474222,-0.35000000823108135,-0.35000000823108096,-0.35,0.0,False,False,74774.03125,5444.424260097118,18.451421096302866,1.6476286832066412e-05,244.19303310916325,1.0552500109466625,0.9904935904652705,1.1364934679007512,0.9361279231434767,0.13783755517640428,0.5,0.0012876544132459234,0.0010895091536253408,0.0008726206962965641,-0.03988767505303118,0.0403012765601704,-0.0006989770439637954,2243.631407086245,False
2,moderate,57,scenario_nmpc,44.5,0.19777900359536252,0.04391436159939513,1.9514982632909534,0.19525974548519717,0.04592885443605438,1.9505939847633524,0.2278068201303155,-0.001957490234374991,0.030851510009765618,0.1578068201303155,0.2978068201303155,-0.08,0.08,-0.030027816534952984,0.04587185183377012,1.9206467532811877,not_applicable,0.0,,False,2242.995957350617,-9.98379271780897e-05,0.472602534685558,-0.3500000082474222,-0.3500000082474222,-0.3500000082469878,-0.35,0.0,False,False,74627.72650146484,5430.607364325257,18.40459495823004,1.686082689348461e-05,248.62550735534882,1.0552500109466625,0.9904935904652705,1.1364934679007512,0.9361279231434767,0.13783755517640428,0.5,0.0012876544132459234,0.0010895091536253408,0.0008726206962965641,-0.03988767505303118,0.0403012765601704,-0.0006989770439637954,2243.631407086245,False
2,moderate,57,scenario_nmpc,45.0,0.19798062152060947,0.04395921692983669,1.9734666583057268,0.19816074595033578,0.04280340931728131,1.9717313398953893,0.22937500000000002,-0.001970915527343728,0.029869384765625,0.15937500000000002,0.29937500000000006,-0.08,0.08,-0.031394378479390556,0.04593013245718042,1.9435972735401017,not_applicable,0.0,,False,2244.0589645987775,6.596953103600589e-05,0.47423893851582877,-0.3500000082474222,-0.3500000082474222,-0.3500000082474107,-0.35,0.0,False,False,74480.40771484375,5416.723500150996,18.35754186095386,1.725710099032806e-05,253.16938094028322,1.0552500109466625,0.9904935904652705,1.1364934679007512,0.9361279231434767,0.13783755517640428,0.5,0.0012876544132459234,0.0010895091536253408,0.0008726206962965641,-0.03988767505303118,0.0403012765601704,-0.0006989770439637954,2243.631407086245,False
2,moderate,57,scenario_nmpc,45.5,0.1981824810074556,0.04400409343458071,1.9954574862864465,0.1990969390656573,0.042064283964707,1.9969065534903836,0.23093160579561045,-0.0019841503906249877,0.02888059448242189,0.16093160579561044,0.30093160579561046,-0.08,0.08,-0.03274912478815484,0.0459882438252057,1.9665768918040245,not_applicable,0.0,,False,2245.1722387304444,0.00023344594295345716,0.47588773066795076,-0.3500000082474222,-0.3500000082474222,-0.3500000082474219,-0.35,0.0,False,False,74332.08917236328,5402.774045198055,18.310266473308733,1.766547334885116e-05,257.82729543322455,1.0552500109466625,0.9904935904652705,1.1364934679007512,0.9361279231434767,0.13783755517640428,0.5,0.0012876544132459234,0.0010895091536253408,0.0008726206962965641,-0.03988767505303118,0.0403012765601704,-0.0006989770439637954,2243.631407086245,False
2,moderate,57,scenario_nmpc,46.0,0.19838456716116373,0.04404899211717286,2.0174707580713003,0.1970538480926865,0.04486520175413745,2.016436968964886,0.23247599451303155,-0.0019971948242187704,0.027885234375000012,0.16247599451303155,0.30247599451303153,-0.08,0.08,-0.03409142735186782,0.04604618694139163,1.9895855236963003,Solve_Succeeded,0.05886354198446497,507.9284419189951,False,2246.3377929234694,0.0004025796268011944,0.4775487992580159,-0.35000000795879793,-0.3500000082474222,-0.3500000082474222,-0.35,0.0,False,False,74182.78515625,5388.760369997873,18.26277344009299,1.8086319823993606e-05,262.6019543179529,1.0552500109466625,0.9904935904652705,1.1364934679007512,0.9361279231434767,0.13783755517640428,0.5,0.0012876544132459234,0.0010895091536253408,0.0008726206962965641,-0.03988767505303118,0.0403012765601704,-0.0006989770439637954,2243.631407086245,False
2,moderate,57,scenario_nmpc,46.5,0.1985868671233708,0.04409391402134032,2.0395064850103,0.198661293884188,0.04386600543599006,2.0391881327603976,0.23400752314814816,-0.0020100488281250273,0.02688339965820312,0.16400752314814815,0.30400752314814816,-0.08,0.08,-0.03542065602477734,0.04610396284946535,2.012623085352097,not_applicable,0.0,,False,2247.5577065577468,0.0005733581136990115,0.4792220319331153,-0.35000000795879793,-0.35000000795879793,-0.3500000079664706,-0.35,0.0,False,False,74032.50994873047,5374.683838129254,18.215067382542145,1.852002824466905e-05,267.49612404726486,1.0552500109466625,0.9904935904652705,1.1364934679007512,0.9361279231434767,0.13783755517640428,0.5,0.0012876544132459234,0.0010895091536253408,0.0008726206962965641,-0.03988767505303118,0.0403012765601704,-0.0006989770439637954,2243.631407086245,False
2,moderate,57,scenario_nmpc,47.0,0.19878936987931226,0.04413886023231689,2.061564678985706,0.19773542372724628,0.04322926589012776,2.0622311739215027,0.235525548696845,-0.0020227124023437446,0.025875185546874985,0.165525548696845,0.305525548696845,-0.08,0.08,-0.036736178817532744,0.046161572634660634,2.035689493438831,not_applicable,0.0,,False,2248.8341273887886,0.000745768216373531,0.48090731585211915,-0.35000000795879793,-0.35000000795879793,-0.3500000079590019,-0.35,0.0,False,False,73881.27783203125,5360.54580635363,18.16715289878729,1.8966998767964113e-05,272.5126351004502,1.0552500109466625,0.9904935904652705,1.1364934679007512,0.9361279231434767,0.13783755517640428,0.5,0.0012876544132459234,0.0010895091536253408,0.0008726206962965641,-0.03988767505303118,0.0403012765601704,-0.0006989770439637954,2243.631407086245,False
2,moderate,57,scenario_nmpc,47.5,0.19899206608576445,0.044183831878211094,2.0836453524331193,0.19951760359629775,0.046072103832670006,2.0823928787833985,0.23702942815500688,-0.0020351855468749847,0.024860687255859375,0.16702942815500688,0.3070294281550069,-0.08,0.08,-0.038037362069242436,0.04621901742508608,2.05878466517726,not_applicable,0.0,,False,2250.1692737351677,0.0009197960902862026,0.48260453766693817,-0.35000000795879793,-0.35000000795879793,-0.35000000795880337,-0.35,0.0,False,False,73729.1030883789,5346.3476247460985,18.119034564299216,1.9427644242375812e-05,277.65438304274466,1.0552500109466625,0.9904935904652705,1.1364934679007512,0.9361279231434767,0.13783755517640428,0.5,0.0012876544132459234,0.0010895091536253408,0.0008726206962965641,-0.03988767505303118,0.0403012765601704,-0.0006989770439637954,2243.631407086245,False
2,moderate,57,scenario_nmpc,48.0,0.19919494791756814,0.044228830131417936,2.1057485183632747,0.19915070315427913,0.04552334900248349,2.104263926562168,0.23851851851851852,-0.0020474682617187406,0.02384,0.1685185185185185,0.3085185185185185,-0.08,0.08,-0.039323570600950375,0.046276298393136676,2.081908518363275,Solve_Succeeded,0.06121670798165724,550.0266952752293,False,2251.56543668134,0.0010954272879685895,0.48431358350425724,-0.35000000800569286,-0.35000000795879793,-0.3500000079587981,-0.35,0.0,False,False,73576.0,5332.090636822434,18.070716932318835,1.9902390580212236e-05,282.9243295857109,1.0552500109466625,0.9904935904652705,1.1364934679007512,0.9361279231434767,0.13783755517640428,0.5,0.0012876544132459234,0.0010895091536253408,0.0008726206962965641,-0.03988767505303118,0.0403012765601704,-0.0006989770439637954,2243.631407086245,False
2,moderate,57,scenario_nmpc,48.5,0.1993980089308178,0.04427385621007432,2.1278741903845457,0.1986191144240103,0.043093706769265744,2.127532755625156,0.23999217678326476,-0.0020595605468750125,0.022813218994140634,0.16999217678326475,0.30999217678326474,-0.08,0.08,-0.04059416785244696,0.04633341675694933,2.105060971390405,not_applicable,0.0,,False,2253.024982297064,0.0012726468072741179,0.48603433894772885,-0.35000000800569286,-0.35000000800569286,-0.35000000800444625,-0.35,0.0,False,False,73421.9828491211,5317.776179662232,18.022204534274533,2.0391677139275917e-05,288.32550364743827,1.0552500109466625,0.9904935904652705,1.1364934679007512,0.9361279231434767,0.13783755517640428,0.5,0.0012876544132459234,0.0010895091536253408,0.0008726206962965641,-0.03988767505303118,0.0403012765601704,-0.0006989770439637954,2243.631407086245,False
2,moderate,57,scenario_nmpc,49.0,0.19960124394100176,0.044318911379558706,2.150022382726192,0.19933202263875394,0.045766764958944474,2.1507178774099653,0.24144975994513035,-0.0020714624023437656,0.021780439453124988,0.17144975994513034,0.31144975994513036,-0.08,0.08,-0.04184851600412859,0.04639037378190247,2.128241943273067,not_applicable,0.0,,False,2254.6104638016086,0.0014594294561872667,0.4878384306542634,-0.35000000800569286,-0.35000000800569286,-0.3500000080056597,-0.35,0.0,False,False,73267.06591796875,5303.405584028344,17.973501880186948,2.0895957113943523e-05,293.86100241138126,1.0552500109466625,0.9904935904652705,1.1364934679007512,0.9361279231434767,0.13783755517640428,0.5,0.0012876544132459234,0.0010895091536253408,0.0008726206962965641,-0.03988767505303118,0.0403012765601704,-0.0006989770439637954,2243.631407086245,False
2,moderate,57,scenario_nmpc,49.5,0.19980464920438867,0.0443639981562284,2.1721931105629135,0.20151728493834398,0.04526372504644242,2.1729522410324438,0.24289062500000003,-0.002083173828124986,0.02074175659179687,0.17289062500000002,0.31289062500000003,-0.08,0.08,-0.04308597579561135,0.046447171984353386,2.1514513539711166,not_applicable,0.0,,False,2256.3187249383523,0.0016545646444189668,0.4897150181989939,-0.35000000800569286,-0.35000000800569286,-0.350000008005692,-0.35,0.0,False,False,73111.26348876953,5288.980174482759,17.92461345906169,2.141569793575069e-05,299.53399238261835,1.0552500109466625,0.9904935904652705,1.1364934679007512,0.9361279231434767,0.13783755517640428,0.5,0.0012876544132459234,0.0010895091536253408,0.0008726206962965641,-0.03988767505303118,0.0403012765601704,-0.0006989770439637954,2243.631407086245,False
2,moderate,57,scenario_nmpc,50.0,0.20000822254342807,0.04440911899322021,2.194386390311793,0.19972784028316348,0.0461736454106549,2.194227660915166,0.2443141289437586,-0.002094694824218736,0.019697265625,0.17431412894375858,0.3143141289437586,-0.08,0.08,-0.044305906400330525,0.04650381381743895,2.1746891246867928,Solve_Succeeded,0.06299820798449218,595.3767042724118,False,2258.1032464892664,0.0018513524331507311,0.4916039796605237,-0.3500000080106183,-0.35000000800569286,-0.35000000800569286,-0.35,0.0,False,False,72954.58984375,5274.501269499071,17.875543739270487,2.1951381683583018e-05,305.34771044023057,1.0552500109466625,0.9904935904652705,1.1364934679007512,0.9361279231434767,0.13783755517640428,0.5,0.0012876544132459234,0.0010895091536253408,0.0008726206962965641,-0.03988767505303118,0.0403012765601704,-0.0006989770439637954,2243.631407086245,False
2,moderate,57,scenario_nmpc,50.5,0.20021196294459137,0.0444542754131965,2.2166022393838687,0.2009358075786831,0.04572248347736282,2.216843002821262,0.2457196287722908,-0.002106025390624995,0.018647061767578132,0.1757196287722908,0.3157196287722908,-0.08,0.08,-0.04550766582769944,0.046560300803821494,2.1979551776162904,not_applicable,0.0,,False,2259.9669253698094,0.002049775076028895,0.49350519329425013,-0.3500000080106183,-0.3500000080106183,-0.35000000801048736,-0.35,0.0,False,False,72797.05926513672,5259.970181571663,17.82629716892124,2.2503505503568022e-05,311.3054648844495,1.0552500109466625,0.9904935904652705,1.1364934679007512,0.9361279231434767,0.13783755517640428,0.5,0.0012876544132459234,0.0010895091536253408,0.0008726206962965641,-0.03988767505303118,0.0403012765601704,-0.0006989770439637954,2243.631407086245,False
2,moderate,57,scenario_nmpc,51.0,0.20041587023483087,0.04449946899667557,2.2388406759659825,0.2021177694612119,0.044601680941275694,2.238372140984741,0.24710648148148148,-0.00211716552734377,0.017591240234375007,0.17710648148148148,0.31710648148148146,-0.08,0.08,-0.04669061124665061,0.04661663452401934,2.2212494357316075,not_applicable,0.0,,False,2261.912752023219,0.0022498144502223275,0.495418536625849,-0.3500000080106183,-0.3500000080106183,-0.3500000080106148,-0.35,0.0,False,False,72638.68603515625,5245.388217321746,17.776878176217384,2.3072582038753933e-05,317.4106364771468,1.0552500109466625,0.9904935904652705,1.1364934679007512,0.9361279231434767,0.13783755517640428,0.5,0.0012876544132459234,0.0010895091536253408,0.0008726206962965641,-0.03988767505303118,0.0403012765601704,-0.0006989770439637954,2243.631407086245,False
2,moderate,57,scenario_nmpc,51.5,0.20061994502187466,0.04454470138390098,2.2611017190501728,0.19852121865094083,0.04599193554272532,2.2612405565599265,0.2484740440672154,-0.0021281152343750123,0.016529896240234362,0.1784740440672154,0.3184740440672154,-0.08,0.08,-0.04785409904534074,0.04667281661827599,2.2445718228099385,not_applicable,0.0,,False,2263.943812934969,0.002451452076422611,0.4973438864335049,-0.3500000080106183,-0.3500000080106183,-0.3500000080106182,-0.35,0.0,False,False,72479.48443603516,5230.756677600381,17.72729116980702,2.3659139868653347e-05,323.6666794741809,1.0552500109466625,0.9904935904652705,1.1364934679007512,0.9361279231434767,0.13783755517640428,0.5,0.0012876544132459234,0.0010895091536253408,0.0008726206962965641,-0.03988767505303118,0.0403012765601704,-0.0006989770439637954,2243.631407086245,False
2,moderate,57,scenario_nmpc,52.0,0.2008241886416383,0.04458997427676094,2.2833853884640183,0.20007195305402753,0.04484170647055947,2.2830335059635543,0.24982167352537724,-0.0021388745117187358,0.015463124999999994,0.17982167352537723,0.31982167352537727,-0.08,0.08,-0.04899748488373892,0.046728848788479674,2.267922263464018,Solve_Succeeded,0.06454450002638623,666.9016354376719,False,2266.06329316862,0.002654669136300941,0.4992811187306089,-0.3500000090464971,-0.3500000080106183,-0.3500000080106183,-0.35,0.0,False,False,72319.46875,5216.076857588573,17.677540539122155,2.4263723958719973e-05,330.07712264804024,1.0552500109466625,0.9904935904652705,1.1364934679007512,0.9361279231434767,0.13783755517640428,0.5,0.0012876544132459234,0.0010895091536253408,0.0008726206962965641,-0.03988767505303118,0.0403012765601704,-0.0006989770439637954,2243.631407086245,False
2,moderate,57,scenario_nmpc,52.5,0.2010286031120352,0.04463528944075827,2.3056917049019523,0.2007285488423689,0.04451741701936597,2.306080044149719,0.25114872685185186,-0.002149443359375003,0.014391021728515627,0.18114872685185185,0.32114872685185186,-0.08,0.08,-0.05012012373981667,0.046784732800133275,2.2913006831734366,not_applicable,0.0,,False,2268.274478922073,0.002859446487686143,0.5012301087489158,-0.3500000090464971,-0.3500000090464971,-0.3500000090189596,-0.35,0.0,False,False,72158.65325927734,5201.350046894582,17.627630654708497,2.488689611981668e-05,336.6455702991574,1.0552500109466625,0.9904935904652705,1.1364934679007512,0.9361279231434767,0.13783755517640428,0.5,0.0012876544132459234,0.0010895091536253408,0.0008726206962965641,-0.03988767505303118,0.0403012765601704,-0.0006989770439637954,2243.631407086245,False
2,moderate,57,scenario_nmpc,53.0,0.20123319109254334,0.04468064870703135,2.3280206899575764,0.19999081847970765,0.04472453174735795,2.3285252040209357,0.252454561042524,-0.0021598217773437373,0.013313681640624991,0.182454561042524,0.322454561042524,-0.08,0.08,-0.051221369949980666,0.046840470484375084,2.3147070083169514,not_applicable,0.0,,False,2270.58076010301,0.003065764677700887,0.5031907309221533,-0.3500000090464971,-0.3500000090464971,-0.35000000904576506,-0.35,0.0,False,False,71997.05224609375,5186.577529648537,17.577565868546092,2.55292354777215e-05,343.3757032541877,1.0552500109466625,0.9904935904652705,1.1364934679007512,0.9361279231434767,0.13783755517640428,0.5,0.0012876544132459234,0.0010895091536253408,0.0008726206962965641,-0.03988767505303118,0.0403012765601704,-0.0006989770439637954,2243.631407086245,False
2,moderate,57,scenario_nmpc,53.5,0.20143795584895338,0.04472605397442637,2.3503723661569955,0.20174526663184653,0.043476837686862745,2.3501948605220346,0.25373853309327843,-0.0021700097656250084,0.01223119995117189,0.18373853309327842,0.32373853309327844,-0.08,0.08,-0.05230057724432505,0.046896063740051376,2.3381411662058236,not_applicable,0.0,,False,2272.9856329220606,0.003273603954067457,0.5051628588700733,-0.3500000090464971,-0.3500000090464971,-0.3500000090464776,-0.35,0.0,False,False,71834.67999267578,5171.76058459446,17.527350514361206,2.6191338952707255e-05,350.27127984948635,1.0552500109466625,0.9904935904652705,1.1364934679007512,0.9361279231434767,0.13783755517640428,0.5,0.0012876544132459234,0.0010895091536253408,0.0008726206962965641,-0.03988767505303118,0.0403012765601704,-0.0006989770439637954,2243.631407086245,False
2,moderate,57,scenario_nmpc,54.0,0.20164290122278197,0.04477150721162134,2.372746756993203,0.20259471665679732,0.04546821924465558,2.3739578740894998,0.255,-0.0021800073242187745,0.011143671874999983,0.185,0.325,-0.08,0.08,-0.05335709877721803,0.046951514535840115,2.361603085118203,Solve_Succeeded,0.06686566601274535,709.9497473644782,False,2275.492702502009,0.0034829442747734,0.507146365382941,-0.3500000097149249,-0.3500000090464971,-0.3500000090464966,-0.35,0.0,False,False,71671.55078125,5156.900485179787,17.47698890792972,2.687382174921675e-05,357.3361368979264,1.0552500109466625,0.9904935904652705,1.1364934679007512,0.9361279231434767,0.13783755517640428,0.5,0.0012876544132459234,0.0010895091536253408,0.0008726206962965641,-0.03988767505303118,0.0403012765601704,-0.0006989770439637954,2243.631407086245,False
2,moderate,57,scenario_nmpc,54.5,0.20184803160488982,0.0448170104593021,2.3951438869615416,0.20199298008711328,0.04447900231835228,2.3947854788543057,0.2562383187585734,-0.0021898144531249802,0.010051192626953115,0.18623831875857338,0.3262383187585734,-0.08,0.08,-0.054390287153683575,0.04700682491242708,2.3850926943345883,not_applicable,0.0,,False,2278.105685501126,0.0036937653162662162,0.5091411224064528,-0.3500000097149249,-0.3500000097149249,-0.3500000096971556,-0.35,0.0,False,False,71507.67889404297,5141.998499642501,17.426485347372413,2.7577317855642157e-05,364.57419063713763,1.0552500109466625,0.9904935904652705,1.1364934679007512,0.9361279231434767,0.13783755517640428,0.5,0.0012876544132459234,0.0010895091536253408,0.0008726206962965641,-0.03988767505303118,0.0403012765601704,-0.0006989770439637954,2243.631407086245,False
2,moderate,57,scenario_nmpc,55.0,0.20205335191289042,0.044862565832390656,2.417563781596264,0.20251225939241912,0.04406159626027977,2.4169345508185214,0.2574528463648834,-0.0021994311523437365,0.008953857421875003,0.1874528463648834,0.3274528463648834,-0.08,0.08,-0.05539949445199299,0.04706199698473439,2.4086099241743892,not_applicable,0.0,,False,2280.8284127484635,0.0039060464803292866,0.5111470010270767,-0.3500000097149249,-0.3500000097149249,-0.3500000097144525,-0.35,0.0,False,False,71343.07861328125,5127.055891095932,17.375844113442373,2.8302480554202233e-05,371.98943765715563,1.0552500109466625,0.9904935904652705,1.1364934679007512,0.9361279231434767,0.13783755517640428,0.5,0.0012876544132459234,0.0010895091536253408,0.0008726206962965641,-0.03988767505303118,0.0403012765601704,-0.0006989770439637954,2243.631407086245,False
2,moderate,57,scenario_nmpc,55.5,0.20225886757198008,0.04490817552232605,2.4400064675082214,0.2038220265284142,0.04525527471172163,2.4407618606692907,0.25864293981481484,-0.002208857421874988,0.007851761474609378,0.18864293981481484,0.32864293981481485,-0.08,0.08,-0.05638407224283476,0.04711703294420104,2.432154706033612,not_applicable,0.0,,False,2283.6648318887155,0.004119766899774821,0.5131638714578081,-0.3500000097149249,-0.3500000097149249,-0.35000000971491235,-0.35,0.0,False,False,71177.7642211914,5112.073917611333,17.325069469804838,2.904998294089586e-05,379.5859558054073,1.0552500109466625,0.9904935904652705,1.1364934679007512,0.9361279231434767,0.13783755517640428,0.5,0.0012876544132459234,0.0010895091536253408,0.0008726206962965641,-0.03988767505303118,0.0403012765601704,-0.0006989770439637954,2243.631407086245,False
2,moderate,57,scenario_nmpc,56.0,0.20246458449885724,0.044953841799398014,2.4624719724237054,0.19987567316043034,0.045837303873637124,2.4623222807228378,0.2598079561042524,-0.002218093261718762,0.006745000000000015,0.18980795610425238,0.3298079561042524,-0.08,0.08,-0.057343371605395155,0.047171935061116776,2.4557269724237054,Solve_Succeeded,0.06488166702911258,787.6564085054847,False,2286.6190100340086,0.004334905443075375,0.5151916030243355,-0.3500000098940468,-0.3500000097149249,-0.35000000971492456,-0.35,0.0,False,False,71011.75,5097.053832298304,17.27416566330976,2.9820518455492184e-05,387.36790506685725,1.0552500109466625,0.9904935904652705,1.1364934679007512,0.9361279231434767,0.13783755517640428,0.5,0.0012876544132459234,0.0010895091536253408,0.0008726206962965641,-0.03988767505303118,0.0403012765601704,-0.0006989770439637954,2243.631407086245,False
2,moderate,57,scenario_nmpc,56.5,0.20267050908843467,0.04499956701513346,2.484960325224471,0.20591057684395261,0.04294536976385663,2.4858198547983497,0.260947252229081,-0.0022271386718750175,0.005633668212890616,0.190947252229081,0.330947252229081,-0.08,0.08,-0.05827674314064632,0.04722670568700848,2.47932665701158,not_applicable,0.0,,False,2289.6951364197357,0.004551440718043177,0.5172300641516114,-0.3500000098940468,-0.3500000098940468,-0.35000000988928504,-0.35,0.0,False,False,70845.0502319336,5081.996883383135,17.223136924257314,3.0614801421501125e-05,395.3395284170775,1.0552500109466625,0.9904935904652705,1.1364934679007512,0.9361279231434767,0.13783755517640428,0.5,0.0012876544132459234,0.0010895091536253408,0.0008726206962965641,-0.03988767505303118,0.0403012765601704,-0.0006989770439637954,2243.631407086245,False
2,moderate,57,scenario_nmpc,57.0,0.20287664820307857,0.04504535360473597,2.5074715559889644,0.20562939140115521,0.046464782350422125,2.5072030260475526,0.2620601851851852,-0.00223599365234374,0.004517861328124997,0.1920601851851852,0.3320601851851852,-0.08,0.08,-0.05918353698210663,0.04728134725707971,2.5029536946608393,not_applicable,0.0,,False,2292.8975250612907,0.004769351074654156,0.5192791223508177,-0.3500000098940468,-0.3500000098940468,-0.3500000098939202,-0.35,0.0,False,False,70677.67919921875,5066.904314285146,17.171987466656617,3.143356759604757e-05,403.50515264590285,1.0552500109466625,0.9904935904652705,1.1364934679007512,0.9361279231434767,0.13783755517640428,0.5,0.0012876544132459234,0.0010895091536253408,0.0008726206962965641,-0.03988767505303118,0.0403012765601704,-0.0006989770439637954,2243.631407086245,False
2,moderate,57,scenario_nmpc,57.5,0.20308300916413624,0.045091204089578237,2.5300056960347854,0.20295195642678118,0.044773514726090965,2.5297511184441106,0.26314611196844995,-0.0022446582031249857,0.003397674560546876,0.19314611196844994,0.33314611196844995,-0.08,0.08,-0.060063102804313706,0.04733586229270322,2.5266080214742384,not_applicable,0.0,,False,2296.2306174083255,0.004988614607104279,0.5213386442067272,-0.3500000098940468,-0.3500000098940468,-0.3500000098940434,-0.35,0.0,False,False,70509.65118408203,5051.777363691093,17.120721488477898,3.2277574729553814e-05,411.86918914927475,1.0552500109466625,0.9904935904652705,1.1364934679007512,0.9361279231434767,0.13783755517640428,0.5,0.0012876544132459234,0.0010895091536253408,0.0008726206962965641,-0.03988767505303118,0.0403012765601704,-0.0006989770439637954,2243.631407086245,False
2,moderate,57,scenario_nmpc,58.0,0.20328959974553942,0.04513712107974744,2.5525627779624087,0.205351765095693,0.04437492377457418,2.553815450551493,0.26420438957475995,-0.00225313232421874,0.0022732031250000118,0.19420438957475994,0.33420438957475995,-0.08,0.08,-0.06091478982922052,0.04739025340396618,2.5502895748374086,Solve_Succeeded,0.0658632920240052,2954.709356322709,False,2299.6989849928577,0.005209209155176066,0.5234084953654483,-0.35000000999419334,-0.3500000098940468,-0.35000000989404667,-0.35,0.0,False,False,70340.98046875,5036.617265627709,17.06934317189833,3.314760313511073e-05,420.43613468675255,1.0552500109466625,0.9904935904652705,1.1364934679007512,0.9361279231434767,0.13783755517640428,0.5,0.0012876544132459234,0.0010895091536253408,0.0008726206962965641,-0.03988767505303118,0.0403012765601704,-0.0006989770439637954,2243.631407086245,False
2,moderate,57,scenario_nmpc,58.5,0.20349642816929167,0.04518310727664343,2.57514283570019,0.20487769711648154,0.046419551003638274,2.57603167281171,0.265234375,-0.0022614160156250174,0.001144542236328136,0.19523437500000002,0.33523437500000003,-0.08,0.08,-0.06173794683070835,0.04744452329226845,2.5739982934638617,not_applicable,0.0,,False,2303.3073320673298,0.005431112304985261,0.5254885405225552,-0.35000000999419334,-0.35000000999419334,-0.3500000099915311,-0.35,0.0,False,False,70171.68133544922,5021.425249532426,17.01785668354173,3.40444562673979e-05,429.21057210212734,1.0552500109466625,0.9904935904652705,1.1364934679007512,0.9361279231434767,0.13783755517640428,0.5,0.0012876544132459234,0.0010895091536253408,0.0008726206962965641,-0.03988767505303118,0.0403012765601704,-0.0006989770439637954,2243.631407086245,False
2,moderate,57,scenario_nmpc,59.0,0.2037035031026688,0.04522916547562949,2.597745904550686,0.2030697506741974,0.046711682415942736,2.59684256038194,0.26623542524005483,-0.002269509277343776,1.1787109374994387e-05,0.19623542524005483,0.33623542524005484,-0.08,0.08,-0.06253192213738604,0.047498674752973265,2.597734117441311,not_applicable,0.0,,False,2307.060498228412,0.005654301389170016,0.5275786434115908,-0.35000000999419334,-0.35000000999419334,-0.35000000999412256,-0.35,0.0,False,False,70001.76806640625,5006.2025403223815,16.966266174712413,3.4968961310986896e-05,438.1971710044626,1.0552500109466625,0.9904935904652705,1.1364934679007512,0.9361279231434767,0.13783755517640428,0.5,0.0012876544132459234,0.0010895091536253408,0.0008726206962965641,-0.03988767505303118,0.0403012765601704,-0.0006989770439637954,2243.631407086245,False
2,moderate,57,scenario_nmpc,59.5,0.20391083365697857,0.045275298568735405,2.6203720212383126,0.20487675118894716,0.04529612021355459,2.6211167561105735,0.2672068972908094,-0.0022774121093750016,-0.0011249670410156398,0.19720689729080937,0.3372068972908094,-0.08,0.08,-0.0632960636338308,0.047552710678110406,2.621496988279328,not_applicable,0.0,,False,2310.9634610221,0.0058787534865791385,0.5296786667929451,-0.35000000999419334,-0.35000000999419334,-0.35000000999419145,-0.35,0.0,False,False,69831.25494384766,4990.950358461709,16.914575781623235,3.592196977783634e-05,447.4006884067939,1.0552500109466625,0.9904935904652705,1.1364934679007512,0.9361279231434767,0.13783755517640428,0.5,0.0012876544132459234,0.0010895091536253408,0.0008726206962965641,-0.03988767505303118,0.0403012765601704,-0.0006989770439637954,2243.631407086245,False
2,moderate,57,scenario_nmpc,60.0,0.20411842938774208,0.045321509547412486,2.643021223958366,0.2057943775756005,0.043916726605074445,2.642856727861215,0.26814814814814814,-0.0022851245117187363,-0.002265625000000007,0.19814814814814813,0.33814814814814814,-0.08,0.08,-0.06402971876040606,0.04760663405913122,2.6452868489583663,Solve_Succeeded,0.06316087499726564,6607.056049327193,False,2315.0213385253414,0.006104445421508661,0.5317884724430973,-0.35000000999684727,-0.35000000999419334,-0.3500000099941933,-0.35,0.0,False,False,69660.15625,4975.6699200272205,16.86278962561822,3.6904358113762024e-05,456.8259693196673,1.0552500109466625,0.9904935904652705,1.1364934679007512,0.9361279231434767,0.13783755517640428,0.5,0.0012876544132459234,0.0010895091536253408,0.0008726206962965641,-0.03988767505303118,0.0403012765601704,-0.0006989770439637954,2243.631407086245,False
2,moderate,57,scenario_nmpc,60.5,0.2043263002961729,0.04536780150533999,2.665693552427437,0.20447940036636283,0.045004802248288525,2.6652883816047046,0.2690585348079561,-0.00229264648437498,-0.003410091552734376,0.1990585348079561,0.3390585348079561,-0.08,0.08,-0.0647322345117832,0.04766044798971497,2.6691036439801716,not_applicable,0.0,,False,2319.2393918991684,0.006331353762533291,0.533907921144225,-0.35000000999684727,-0.35000000999684727,-0.3500000099967767,-0.35,0.0,False,False,69488.48626708984,4960.362436772506,16.81091181338977,3.7917028313633335e-05,466.4779472965497,1.0552500109466625,0.9904935904652705,1.1364934679007512,0.9361279231434767,0.13783755517640428,0.5,0.0012876544132459234,0.0010895091536253408,0.0008726206962965641,-0.03988767505303118,0.0403012765601704,-0.0006989770439637954,2243.631407086245,False
2,moderate,57,scenario_nmpc,61.0,0.20453445683184351,0.04541417764128249,2.688389047935239,0.2031938143314542,0.04421991541208959,2.688885025571945,0.26993741426611795,-0.0022999780273437603,-0.004558271484374987,0.19993741426611794,0.33993741426611795,-0.08,0.08,-0.06540295743427443,0.04771415566862625,2.6929473194196136,not_applicable,0.0,,False,2323.623027907994,0.006559454820971193,0.5360368726741661,-0.35000000999684727,-0.35000000999684727,-0.3500000099968454,-0.35,0.0,False,False,69316.25927734375,4945.029116190508,16.758946437190744,3.896090854502156e-05,476.36164492812725,1.0552500109466625,0.9904935904652705,1.1364934679007512,0.9361279231434767,0.13783755517640428,0.5,0.0012876544132459234,0.0010895091536253408,0.0008726206962965641,-0.03988767505303118,0.0403012765601704,-0.0006989770439637954,2243.631407086245,False
2,moderate,57,scenario_nmpc,61.5,0.20474290989643876,0.04546064126199738,2.7111077533978762,0.20599887035888734,0.043178392084345596,2.712810694636893,0.27078414351851854,-0.002307119140625022,-0.0057100695800781365,0.20078414351851853,0.34078414351851855,-0.08,0.08,-0.06604123362207978,0.0477677604026224,2.7168178229779545,not_applicable,0.0,,False,2328.177801399448,0.006788724649020111,0.5381751857967413,-0.35000000999684727,-0.35000000999684727,-0.3500000099968472,-0.35,0.0,False,False,69143.48956298828,4929.67116157462,16.706897575041523,4.003695377998923e-05,486.4821742823508,1.0552500109466625,0.9904935904652705,1.1364934679007512,0.9361279231434767,0.13783755517640428,0.5,0.0012876544132459234,0.0010895091536253408,0.0008726206962965641,-0.03988767505303118,0.0403012765601704,-0.0006989770439637954,2243.631407086245,False
2,moderate,57,scenario_nmpc,62.0,0.20495167084850696,0.045507195785191794,2.7338497134125834,0.2060886853552977,0.047421875516838456,2.733494020786837,0.27159807956104254,-0.002314069824218737,-0.006865390625000009,0.20159807956104253,0.34159807956104254,-0.08,0.08,-0.06664640871253558,0.04782126560941053,2.7407151040375832,Solve_Succeeded,0.0613877089926973,879.6751876235627,False,2332.9094177388083,0.007019139037596073,0.5403227182524204,-0.35000000859876224,-0.35000000999684727,-0.35000000999684727,-0.35,0.0,False,False,68970.19140625,4914.289772078365,16.654769290932272,4.1146146434680715e-05,496.8447372870582,1.0552500109466625,0.9904935904652705,1.1364934679007512,0.9361279231434767,0.13783755517640428,0.5,0.0012876544132459234,0.0010895091536253408,0.0008726206962965641,-0.03988767505303118,0.0403012765601704,-0.0006989770439637954,2243.631407086245,False
2,moderate,57,scenario_nmpc,62.5,0.20516075150912796,0.04555384474252805,2.756614974313949,0.2051948957559347,0.04706707138417322,2.755722166507604,0.27237857938957477,-0.0023208300781249885,-0.008024139404296873,0.20237857938957476,0.3423785793895748,-0.08,0.08,-0.0672178278804468,0.04787467482065304,2.7646391137182458,not_applicable,0.0,,False,2337.8237351917846,0.0072506735139046055,0.5424793267493396,-0.35000000859876224,-0.35000000859876224,-0.35000000863592845,-0.35,0.0,False,False,68796.37908935547,4898.886142773685,16.602565635020465,4.2289497016335316e-05,507.45462605186856,1.0552500109466625,0.9904935904652705,1.1364934679007512,0.9361279231434767,0.13783755517640428,0.5,0.0012876544132459234,0.0010895091536253408,0.0008726206962965641,-0.03988767505303118,0.0403012765601704,-0.0006989770439637954,2243.631407086245,False
2,moderate,57,scenario_nmpc,63.0,0.20537016416842518,0.04560059178267649,2.7794035842316585,0.20513522160156603,0.04424729927290626,2.779735080286674,0.27312500000000006,-0.002327399902343749,-0.009186220703124998,0.20312500000000006,0.34312500000000007,-0.08,0.08,-0.06775483583157488,0.04792799168502024,2.7885898049347833,not_applicable,0.0,,False,2342.9267672490923,0.007483303338770855,0.54464486695466,-0.35000000859876224,-0.35000000859876224,-0.3500000085997502,-0.35,0.0,False,False,68622.06689453125,4883.461464707889,16.550290643823907,4.346804477731119e-05,518.317223125998,1.0552500109466625,0.9904935904652705,1.1364934679007512,0.9361279231434767,0.13783755517640428,0.5,0.0012876544132459234,0.0010895091536253408,0.0008726206962965641,-0.03988767505303118,0.0403012765601704,-0.0006989770439637954,2243.631407086245,False
2,moderate,57,scenario_nmpc,63.5,0.20557992159285587,0.04564744067441461,2.8022155931497723,0.20736336235455202,0.04735556533503728,2.8034345456017706,0.273836698388203,-0.0023337792968750326,-0.010351539306640622,0.203836698388203,0.343836698388203,-0.08,0.08,-0.06825677679534714,0.047981219971289644,2.812567132456413,not_applicable,0.0,,False,2348.2246848859118,0.007717003503751506,0.5468191934862616,-0.35000000859876224,-0.35000000859876224,-0.3500000085987885,-0.35,0.0,False,False,68447.2691040039,4868.0169249593155,16.497948340409362,4.468285837566564e-05,529.4380016885164,1.0552500109466625,0.9904935904652705,1.1364934679007512,0.9361279231434767,0.13783755517640428,0.5,0.0012876544132459234,0.0010895091536253408,0.0008726206962965641,-0.03988767505303118,0.0403012765601704,-0.0006989770439637954,2243.631407086245,False
2,moderate,57,scenario_nmpc,64.0,0.2057900370332204,0.04569439530977118,2.8250510529675665,0.20617473627390615,0.04673493651454866,2.8241746082784105,0.2745130315500686,-0.0023399682617187556,-0.01152000000000003,0.2045130315500686,0.3445130315500686,-0.08,0.08,-0.06872299451684821,0.048034363571489935,2.8365710529675665,Solve_Succeeded,0.06238941696938127,935.9759524609753,False,2353.7238187490484,0.007951748728051197,0.5490021599047784,-0.35000000886508803,-0.35000000859876224,-0.35000000859876296,-0.35,0.0,False,False,68272.0,4852.553706691728,16.445542734576904,4.5935036541802455e-05,540.8225256675357,1.0552500109466625,0.9904935904652705,1.1364934679007512,0.9361279231434767,0.13783755517640428,0.5,0.0012876544132459234,0.0010895091536253408,0.0008726206962965641,-0.03988767505303118,0.0403012765601704,-0.0006989770439637954,2243.631407086245,False
2,moderate,57,scenario_nmpc,64.5,0.2060005242333363,0.04574145970721382,2.8479100175619565,0.20715529528579008,0.045284480495073026,2.8477970395671677,0.27515335648148154,-0.0023459667968749737,-0.012691507568359378,0.20515335648148153,0.34515335648148154,-0.08,0.08,-0.06915283224814522,0.048087426504088794,2.860601525130316,not_applicable,0.0,,False,2359.4306612642195,0.008187513455261586,0.5511936187059596,-0.35000000886508803,-0.35000000886508803,-0.35000000885800814,-0.35,0.0,False,False,68096.2738647461,4837.072989207493,16.39307782304016,4.722570875064872e-05,552.4764497846692,1.0552500109466625,0.9904935904652705,1.1364934679007512,0.9361279231434767,0.13783755517640428,0.5,0.0012876544132459234,0.0010895091536253408,0.0008726206962965641,-0.03988767505303118,0.0403012765601704,-0.0006989770439637954,2243.631407086245,False
2,moderate,57,scenario_nmpc,65.0,0.20621139743932815,0.045788638014878556,2.870792542851523,0.20858111320623177,0.04432510971883721,2.8711374951445663,0.2757570301783265,-0.0023517749023437423,-0.013865966796875004,0.20575703017832647,0.3457570301783265,-0.08,0.08,-0.06954563273899833,0.0481404129172223,2.884658509648398,not_applicable,0.0,,False,2365.3518686556026,0.008424271849941468,0.5533934213133627,-0.35000000886508803,-0.35000000886508803,-0.35000000886489985,-0.35,0.0,False,False,67920.10498046875,4821.575947999591,16.340557589602536,4.855603589878482e-05,564.4055195210815,1.0552500109466625,0.9904935904652705,1.1364934679007512,0.9361279231434767,0.13783755517640428,0.5,0.0012876544132459234,0.0010895091536253408,0.0008726206962965641,-0.03988767505303118,0.0403012765601704,-0.0006989770439637954,2243.631407086245,False
2,moderate,57,scenario_nmpc,65.5,0.2064226714094886,0.04583593451383944,2.893698686862165,0.20441723117568858,0.04840427193107888,2.893321376212198,0.2763234096364884,-0.0023573925781249783,-0.01504328247070312,0.20632340963648838,0.3463234096364884,-0.08,0.08,-0.06990073822699977,0.048193327091964416,2.908741969332868,not_applicable,0.0,,False,2371.494262869425,0.008661997794053675,0.5556014180713704,-0.35000000886508803,-0.35000000886508803,-0.35000000886508303,-0.35,0.0,False,False,67743.50762939453,4806.063754802459,16.287986005329568,4.9927210985902053e-05,576.615571001323,1.0552500109466625,0.9904935904652705,1.1364934679007512,0.9361279231434767,0.13783755517640428,0.5,0.0012876544132459234,0.0010895091536253408,0.0008726206962965641,-0.03988767505303118,0.0403012765601704,-0.0006989770439637954,2243.631407086245,False
2,moderate,57,scenario_nmpc,66.0,0.20663436142466976,0.045883353621416455,2.916628509794396,0.20606998474683255,0.04659332924157375,2.915946672211196,0.2768518518518519,-0.0023628198242187787,-0.016223359374999982,0.2068518518518519,0.3468518518518519,-0.08,0.08,-0.07021749042718214,0.04824617344563523,2.932851869169396,Solve_Succeeded,0.06436904199654236,1020.4176025117837,False,2377.864833393018,0.008900664883273027,0.55781745823853,-0.3500000099279527,-0.35000000886508803,-0.3500000088650879,-0.35,0.0,False,False,67566.49609375,4790.537577641742,16.23536702871751,5.134045979991574e-05,589.1125307910878,1.0552500109466625,0.9904935904652705,1.1364934679007512,0.9361279231434767,0.13783755517640428,0.5,0.0012876544132459234,0.0010895091536253408,0.0008726206962965641,-0.03988767505303118,0.0403012765601704,-0.0006989770439637954,2243.631407086245,False
2,moderate,57,scenario_nmpc,66.5,0.20684648329916677,0.04593089989451948,2.9395820740923035,0.20779782096295396,0.04596579093829445,2.9387648627550735,0.2773417138203018,-0.0023680566406250325,-0.0174061022949219,0.2073417138203018,0.3473417138203018,-0.08,0.08,-0.07049523052113504,0.04829895653514451,2.9569881763872257,not_applicable,0.0,,False,2384.4707389604505,0.009140246423179212,0.5600413899812113,-0.3500000099279527,-0.3500000099279527,-0.3500000098996979,-0.35,0.0,False,False,67389.08465576172,4774.998580882961,16.182704605858262,5.279704160501269e-05,601.9024156049584,1.0552500109466625,0.9904935904652705,1.1364934679007512,0.9361279231434767,0.13783755517640428,0.5,0.0012876544132459234,0.0010895091536253408,0.0008726206962965641,-0.03988767505303118,0.0403012765601704,-0.0006989770439637954,2243.631407086245,False
2,moderate,57,scenario_nmpc,67.0,0.2070590533920594,0.045978578033026116,2.9625594445141905,0.2055227798002192,0.045661275263074154,2.962483836232793,0.27779235253772294,-0.002373103027343726,-0.018591416015625015,0.20779235253772294,0.34779235253772295,-0.08,0.08,-0.07073329914566354,0.04835168106036984,2.9811508605298154,not_applicable,0.0,,False,2391.319309135453,0.00938071542534634,0.562273060367581,-0.3500000099279527,-0.3500000099279527,-0.3500000099272016,-0.35,0.0,False,False,67211.28759765625,4759.44792527913,16.13000267060079,5.429824983185724e-05,614.9913319201014,1.0552500109466625,0.9904935904652705,1.1364934679007512,0.9361279231434767,0.13783755517640428,0.5,0.0012876544132459234,0.0010895091536253408,0.0008726206962965641,-0.03988767505303118,0.0403012765601704,-0.0006989770439637954,2243.631407086245,False
2,moderate,57,scenario_nmpc,67.5,0.2072720886189791,0.046026392883190895,2.985560688204909,0.20725695452585868,0.044984030151013654,2.9860667884522627,0.278203125,-0.00237795898437497,-0.019779205322265625,0.208203125,0.348203125,-0.08,0.08,-0.07093103638102088,0.048404351867565865,3.0053398935271747,not_applicable,0.0,,False,2398.4180457620614,0.009622044603341068,0.5645123153618897,-0.3500000099279527,-0.3500000099279527,-0.35000000992793273,-0.35,0.0,False,False,67033.11920166016,4743.886768017366,16.077265144709028,5.5845412769128513e-05,628.38547549183,1.0552500109466625,0.9904935904652705,1.1364934679007512,0.9361279231434767,0.13783755517640428,0.5,0.0012876544132459234,0.0010895091536253408,0.0008726206962965641,-0.03988767505303118,0.0403012765601704,-0.0006989770439637954,2243.631407086245,False
2,moderate,57,scenario_nmpc,68.0,0.20748560646427147,0.04607434944108318,3.0085858747699117,0.208934152677223,0.04735405199608667,3.008378087098738,0.27857338820301786,-0.002382624511718723,-0.020969374999999985,0.20857338820301785,0.34857338820301786,-0.08,0.08,-0.07108778173874639,0.0484569739528019,3.0295552497699116,Solve_Succeeded,0.06159587495494634,1011.936537983099,False,2405.7746242729963,0.009864206368639127,0.5667589998190704,-0.3500000088682695,-0.3500000099279527,-0.35000000992795216,-0.35,0.0,False,False,66854.59375,4728.316262764509,16.02449593801654,5.7439894255506556e-05,642.0911307668929,1.0552500109466625,0.9904935904652705,1.1364934679007512,0.9361279231434767,0.13783755517640428,0.5,0.0012876544132459234,0.0010895091536253408,0.0008726206962965641,-0.03988767505303118,0.0403012765601704,-0.0006989770439637954,2243.631407086245,True
2,moderate,57,scenario_nmpc,68.5,0.2076996249935258,0.04612245285605093,3.0316350763510247,0.2084590018992597,0.043588493446349956,3.0309000983567738,0.2789024991426612,-0.00238709960937504,-0.022161829833984348,0.20890249914266118,0.3489024991426612,-0.08,0.08,-0.0712028741491354,0.04850955246542597,3.053796906185009,not_applicable,0.0,,False,2413.3968948454876,0.010107172826470563,0.5690129574796432,-0.3500000088682695,-0.3500000088682695,-0.35000000889643973,-0.35,0.0,False,False,66675.72552490234,4712.737559711781,15.97169894857784,5.9083094371162486e-05,656.1146701902336,1.0552500109466625,0.9904935904652705,1.1364934679007512,0.9361279231434767,0.13783755517640428,0.5,0.0012876544132459234,0.0010895091536253408,0.0008726206962965641,-0.03988767505303118,0.0403012765601704,-0.0006989770439637954,2243.631407086245,True
2,moderate,57,scenario_nmpc,69.0,0.2079141628664451,0.046170708434207314,3.054708367703959,0.2059777569225712,0.04428453943394562,3.0547911886063517,0.27918981481481486,-0.0023913842773437832,-0.023356474609375025,0.20918981481481486,0.34918981481481487,-0.08,0.08,-0.07127565194836977,0.0485620927115511,3.078064842313334,not_applicable,0.0,,False,2421.2928833938836,0.010350915771602825,0.5712740309649265,-0.3500000088682695,-0.3500000088682695,-0.35000000886901833,-0.35,0.0,False,False,66496.52880859375,4697.151805618527,15.918878062816649,6.077645012775259e-05,670.4625534009634,1.0552500109466625,0.9904935904652705,1.1364934679007512,0.9361279231434767,0.13783755517640428,0.5,0.0012876544132459234,0.0010895091536253408,0.0008726206962965641,-0.03988767505303118,0.0403012765601704,-0.0006989770439637954,2243.631407086245,True
2,moderate,57,scenario_nmpc,69.5,0.20812923935003105,0.046219121641936756,3.0778058262775714,0.20707930639994435,0.04549587567076353,3.0760995420360637,0.27943469221536354,-0.0023954785156249797,-0.02455321411132813,0.20943469221536354,0.34943469221536355,-0.08,0.08,-0.07130545286533249,0.048614600157561735,3.1023590403888996,not_applicable,0.0,,False,2429.47079238804,0.010595406684070163,0.5735420617725491,-0.3500000088682695,-0.3500000088682695,-0.3500000088682894,-0.35,0.0,False,False,66317.01788330078,4681.560143855039,15.866037155671014,6.252143615585038e-05,685.1413263131807,1.0552500109466625,0.9904935904652705,1.1364934679007512,0.9361279231434767,0.13783755517640428,0.5,0.0012876544132459234,0.0010895091536253408,0.0008726206962965641,-0.03988767505303118,0.0403012765601704,-0.0006989770439637954,2243.631407086245,True
2,moderate,57,scenario_nmpc,70.0,0.2083448743320595,0.0462676981094171,3.1009275322948793,0.20944486202739843,0.04499322374221184,3.1003282766279474,0.27963648834019206,-0.0023993823242187406,-0.025751953125000004,0.20963648834019205,0.34963648834019206,-0.08,0.08,-0.07129161400813255,0.048667080433635844,3.126679485419879,Solve_Succeeded,0.06405137502588332,2433.908533187671,False,2437.939001486149,0.010840616724857803,0.5758168902722643,-0.35000000999539904,-0.3500000088682695,-0.35000000886827004,-0.35,0.0,False,False,66137.20703125,4665.963714444511,15.813180090735505,6.431956538868897e-05,700.1576200772674,1.0552500109466625,0.9904935904652705,1.1364934679007512,0.9361279231434767,0.13783755517640428,0.5,0.0012876544132459234,0.0010895091536253408,0.0008726206962965641,-0.03988767505303118,0.0403012765601704,-0.0006989770439637954,2243.631407086245,True
2,moderate,57,scenario_nmpc,70.5,0.20856108833482284,0.04631644363415404,3.1240735688358443,0.20727555100557743,0.0463451784410181,3.125046767330295,0.2797945601851852,-0.0024030957031249828,-0.02695259643554687,0.20979456018518522,0.34979456018518523,-0.08,0.08,-0.07123347185036238,0.04871953933727902,3.151026165271391,not_applicable,0.0,,False,2446.7060679703104,0.01108651673154882,0.5780983557020595,-0.35000000999539904,-0.35000000999539904,-0.35000000996543584,-0.35,0.0,False,False,65957.11053466797,4650.3636541041415,15.760310720400511,6.617238974101685e-05,715.5181499171915,1.0552500109466625,0.9904935904652705,1.1364934679007512,0.9361279231434767,0.13783755517640428,0.5,0.0012876544132459234,0.0010895091536253408,0.0008726206962965641,-0.03988767505303118,0.0403012765601704,-0.0006989770439637954,2243.631407086245,True
2,moderate,57,scenario_nmpc,71.0,0.20877790252911652,0.046365364184523875,3.1472440219219213,0.20772955029221507,0.04519789568516604,3.146635702609995,0.27990826474622776,-0.0024066186523437755,-0.028155048828124987,0.20990826474622776,0.34990826474622777,-0.08,0.08,-0.07113036221711125,0.04877198283686765,3.1753990707500463,not_applicable,0.0,,False,2455.7807269728282,0.01133307721394141,0.5803862961645628,-0.35000000999539904,-0.35000000999539904,-0.3500000099946025,-0.35,0.0,False,False,65776.74267578125,4634.761096285395,15.707432885988693,6.808150078180411e-05,731.2297138393518,1.0552500109466625,0.9904935904652705,1.1364934679007512,0.9361279231434767,0.13783755517640428,0.5,0.0012876544132459234,0.0010895091536253408,0.0008726206962965641,-0.03988767505303118,0.0403012765601704,-0.0006989770439637954,2243.631407086245,True
2,moderate,57,scenario_nmpc,71.5,0.2089953387484471,0.04641446590332049,3.1704389806023814,0.20932423287034946,0.046826854956810916,3.1703102848514058,0.2799769590192044,-0.0024099511718750355,-0.029359215087890647,0.20997695901920438,0.3499769590192044,-0.08,0.08,-0.07098162027075727,0.048824417075195525,3.199798195690272,not_applicable,0.0,,False,2465.1718914808703,0.011580268349643666,0.5826805486237413,-0.35000000999539904,-0.35000000999539904,-0.3500000099953779,-0.35,0.0,False,False,65596.1177368164,4619.157171213474,15.654550417888743,7.004853039946211e-05,747.299191208409,1.0552500109466625,0.9904935904652705,1.1364934679007512,0.9361279231434767,0.13783755517640428,0.5,0.0012876544132459234,0.0010895091536253408,0.0008726206962965641,-0.03988767505303118,0.0403012765601704,-0.0006989770439637954,2243.631407086245,False
2,moderate,57,scenario_nmpc,72.0,0.20921341950343975,0.04646375511130196,3.1936585370424084,0.210157824905787,0.04724864926683506,3.1941151552017355,0.28,-0.002413093261718735,-0.030565000000000023,0.21000000000000002,0.35000000000000003,-0.08,0.08,-0.07078658049656028,0.0488768483730207,3.2242235370424086,Solve_Succeeded,0.06155241699889302,1096.5325259478311,False,2474.888652106826,0.011828059979653666,0.5849809489018909,-0.3500000090224258,-0.35000000999539904,-0.3500000099953985,-0.35,0.0,False,False,65415.25,4603.553005925993,15.60166713568647,7.207515145817202e-05,763.7335411855897,1.0552500109466625,0.9904935904652705,1.1364934679007512,0.9361279231434767,0.13783755517640428,0.5,0.0012876544132459234,0.0010895091536253408,0.0008726206962965641,-0.03988767505303118,0.0403012765601704,-0.0006989770439637954,2243.631407086245,False
2,moderate,57,scenario_nmpc,72.5,0.2094321679964228,0.046513238310732244,3.2169027866129674,0.2084785543365604,0.04702571858881932,3.2164749938237644,0.2799884221215252,-0.0024160449218749713,-0.03177230834960938,0.2099884221215252,0.3499884221215252,-0.08,0.08,-0.07055625412510239,0.048929283232607215,3.248675094962577,not_applicable,0.0,,False,2484.940276611351,0.01207642160393143,0.5872873316769143,-0.3500000090224258,-0.3500000090224258,-0.350000009048291,-0.35,0.0,False,False,65234.153747558594,4587.949724310893,15.548786848293275,7.416307844383437e-05,780.5398010248181,1.0552500109466625,0.9904935904652705,1.1364934679007512,0.9361279231434767,0.13783755517640428,0.5,0.0012876544132459234,0.0010895091536253408,0.0008726206962965641,-0.03988767505303118,0.0403012765601704,-0.0006989770439637954,2243.631407086245,False
2,moderate,57,scenario_nmpc,73.0,0.20965160813616804,0.04656292218891285,3.2401718279824405,0.20866072826740398,0.046053004930619576,3.239707469481325,0.27995386457550714,-0.0024188061523437304,-0.032981044921874994,0.20995386457550713,0.34995386457550715,-0.08,0.08,-0.0703022564393391,0.04898172834125658,3.2731528729043156,not_applicable,0.0,,False,2495.3362091658264,0.012325322376970371,0.5895995304798856,-0.3500000090224258,-0.3500000090224258,-0.3500000090231134,-0.35,0.0,False,False,65052.84326171875,4572.348447143617,15.49591335407216,7.631406809808513e-05,797.7250842221347,1.0552500109466625,0.9904935904652705,1.1364934679007512,0.9361279231434767,0.13783755517640428,0.5,0.0012876544132459234,0.0010895091536253408,0.0008726206962965641,-0.03988767505303118,0.0403012765601704,-0.0006989770439637954,2243.631407086245,False
2,moderate,57,scenario_nmpc,73.5,0.20987176455276374,0.046612813621699396,3.263465763210028,0.2088233073130911,0.04628746206804747,3.2625728687792295,0.2798965914960556,-0.002421376953125026,-0.03419111450195311,0.2098965914960556,0.3498965914960556,-0.08,0.08,-0.07002482694329187,0.04903419057482442,3.2976568777119812,not_applicable,0.0,,False,2506.0860693406285,0.01257473110337494,0.5919173776928992,-0.3500000090224258,-0.3500000090224258,-0.35000000902244405,-0.35,0.0,False,False,64871.33282470703,4556.750292123559,15.44305044096124,7.852992003873479e-05,815.2965785137362,1.0552500109466625,0.9904935904652705,1.1364934679007512,0.9361279231434767,0.13783755517640428,0.5,0.0012876544132459234,0.0010895091536253408,0.0008726206962965641,-0.03988767505303118,0.0403012765601704,-0.0006989770439637954,2243.631407086245,False
2,moderate,57,scenario_nmpc,74.0,0.2100926626125988,0.04666291967699748,3.2867846978408988,0.20902223963878544,0.04657949464343072,3.2872008975454365,0.27981686701728026,-0.0024237573242187754,-0.03540242187500002,0.20981686701728025,0.34981686701728026,-0.08,0.08,-0.06972420440468147,0.04908667700121626,3.322187119715899,Solve_Succeeded,0.059049999981652945,1167.8086219032843,False,2517.199650805348,0.012824616233451762,0.5942407045472012,-0.3500000075822615,-0.3500000090224258,-0.3500000090224263,-0.35,0.0,False,False,64689.63671875,4541.156373909807,15.390201886594888,8.081247736491332e-05,833.2615437180402,1.0552500109466625,0.9904935904652705,1.1364934679007512,0.9361279231434767,0.13783755517640428,0.5,0.0012876544132459234,0.0010895091536253408,0.0008726206962965641,-0.03988767505303118,0.0403012765601704,-0.0006989770439637954,2243.631407086245,False
2,moderate,57,scenario_nmpc,74.5,0.21031432843343473,0.04671324761823209,3.3101287410030826,0.21020826766817638,0.04611008909629867,3.311002670421009,0.27971495527329077,-0.002425947265624978,-0.03661487182617189,0.20971495527329076,0.3497149552732908,-0.08,0.08,-0.06940062683985604,0.04913919488385707,3.3467436128292545,not_applicable,0.0,,False,2528.6869197268247,0.013074945858821123,0.5965693411216009,-0.3500000075822615,-0.3500000075822615,-0.3500000076205464,-0.35,0.0,False,False,64507.76922607422,4525.567804156212,15.337371458422572,8.316362724511627e-05,851.627309417143,1.0552500109466625,0.9904935904652705,1.1364934679007512,0.9361279231434767,0.13783755517640428,0.5,0.0012876544132459234,0.0010895091536253408,0.0008726206962965641,-0.03988767505303118,0.0403012765601704,-0.0006989770439637954,2243.631407086245,False
2,moderate,57,scenario_nmpc,75.0,0.21053678889954267,0.04676380490778453,3.333498005506093,0.20748876840694103,0.04733933593942362,3.3344292989832316,0.2795911203981969,-0.0024279467773437313,-0.037828369140625,0.20959112039819688,0.3495911203981969,-0.08,0.08,-0.06905433149865423,0.04919175168512826,3.371326374646718,not_applicable,0.0,,False,2540.5580128506244,0.013325687708056505,0.598903116341161,-0.3500000075822615,-0.3500000075822615,-0.35000000758327926,-0.35,0.0,False,False,64325.74462890625,4509.985691545775,15.284562913825413,8.558530148626576e-05,870.4012724730654,1.0552500109466625,0.9904935904652705,1.1364934679007512,0.9361279231434767,0.13783755517640428,0.5,0.0012876544132459234,0.0010895091536253408,0.0008726206962965641,-0.03988767505303118,0.0403012765601704,-0.0006989770439637954,2243.631407086245,False
2,moderate,57,scenario_nmpc,75.5,0.21076007167688163,0.046814599210390516,3.356892607941254,0.21051104378204144,0.048190287485751895,3.3575031278664347,0.2794456265261082,-0.0024297558593749935,-0.03904281860351562,0.2094456265261082,0.3494456265261082,-0.08,0.08,-0.06868555484922659,0.04924435506976551,3.3959354265447694,not_applicable,0.0,,False,2552.823235251333,0.013576809142358884,0.6012418579761649,-0.3500000075822615,-0.3500000075822615,-0.35000000758228855,-0.35,0.0,False,False,64143.577209472656,4494.411141824394,15.231780000230545,8.807947708181104e-05,889.5908943741914,1.0552500109466625,0.9904935904652705,1.1364934679007512,0.9361279231434767,0.13783755517640428,0.5,0.0012876544132459234,0.0010895091536253408,0.0008726206962965641,-0.03988767505303118,0.0403012765601704,-0.0006989770439637954,2243.631407086245,False
2,moderate,57,scenario_nmpc,76.0,0.21098420522829364,0.0468656383964928,3.3803126687837173,0.2105162831898941,0.046812719385931886,3.3799883662284453,0.2792787377911345,-0.0024313745117187785,-0.04025812499999999,0.20927873779113448,0.3492787377911345,-0.08,0.08,-0.06829453256284085,0.04929701290821158,3.420570793783717,Solve_Succeeded,0.058222958992701024,1184.3627977653903,False,2565.4930577368646,0.013828277151273806,0.6035853926413581,-0.3500000091719109,-0.3500000075822615,-0.35000000758226224,-0.35,0.0,False,False,63961.28125,4478.845257833978,15.179026455223338,9.064817673680675e-05,909.2036984073379,1.0552500109466625,0.9904935904652705,1.1364934679007512,0.9361279231434767,0.13783755517640428,0.5,0.0012876544132459234,0.0010895091536253408,0.0008726206962965641,-0.03988767505303118,0.0403012765601704,-0.0006989770439637954,2243.631407086245,False
2,moderate,57,scenario_nmpc,76.5,0.2112092188286909,0.04691693054554134,3.403758312496142,0.21031173118090285,0.04742770358658736,3.403279545953012,0.27909071832738547,-0.002432802734375031,-0.0414741931152344,0.20909071832738546,0.3490907183273855,-0.08,0.08,-0.06788149949869457,0.04934973327991637,3.4452325056113766,not_applicable,0.0,,False,2578.5781138917655,0.014080058348458435,0.6059335457954627,-0.3500000091719109,-0.3500000091719109,-0.3500000091296522,-0.35,0.0,False,False,63778.871032714844,4463.289139544943,15.126306006657531,9.32934693678171e-05,929.247266650933,1.0552500109466625,0.9904935904652705,1.1364934679007512,0.9361279231434767,0.13783755517640428,0.5,0.0012876544132459234,0.0010895091536253408,0.0008726206962965641,-0.03988767505303118,0.0403012765601704,-0.0006989770439637954,2243.631407086245,False
2,moderate,57,scenario_nmpc,77.0,0.21143514258020918,0.04696848394923388,3.4272296676340095,0.21088533357492048,0.04680712520174547,3.4262623291424004,0.27888183226897073,-0.0024340405273437365,-0.04269092773437502,0.20888183226897072,0.34888183226897074,-0.08,0.08,-0.06744668968876155,0.049402524476577614,3.4699205953683845,not_applicable,0.0,,False,2592.089196744338,0.014332118967506711,0.6082861417409636,-0.3500000091719109,-0.3500000091719109,-0.3500000091707875,-0.35,0.0,False,False,63596.36083984375,4447.743884088104,15.073622372763316,9.601747057540109e-05,949.7292367848115,1.0552500109466625,0.9904935904652705,1.1364934679007512,0.9361279231434767,0.13783755517640428,0.5,0.0012876544132459234,0.0010895091536253408,0.0008726206962965641,-0.03988767505303118,0.0403012765601704,-0.0006989770439637954,2243.631407086245,False
2,moderate,57,scenario_nmpc,77.5,0.21166200742730104,0.04702030711468934,3.450726866952542,0.20996126137566323,0.04705285033276429,3.4511169921626257,0.27865234375000003,-0.002435087890624979,-0.043908233642578134,0.20865234375000002,0.34865234375000004,-0.08,0.08,-0.06699033632269899,0.04945539500531432,3.4946351005951204,not_applicable,0.0,,False,2606.0372550422767,0.014584424857840339,0.610643003624165,-0.3500000091719109,-0.3500000091719109,-0.350000009171881,-0.35,0.0,False,False,63413.76495361328,4432.210585785984,15.020979262253448,9.882234308684356e-05,970.6572987122089,1.0552500109466625,0.9904935904652705,1.1364934679007512,0.9361279231434767,0.13783755517640428,0.5,0.0012876544132459234,0.0010895091536253408,0.0008726206962965641,-0.03988767505303118,0.0403012765601704,-0.0006989770439637954,2243.631407086245,False
2,moderate,57,scenario_nmpc,78.0,0.2118898451717412,0.047072408767546196,3.474250047515189,0.2115331716646837,0.04667087484079054,3.47537727766025,0.27840251690458306,-0.0024359448242187165,-0.045126015625,0.20840251690458306,0.34840251690458307,-0.08,0.08,-0.06651267173284187,0.04950835359176491,3.5193760631401894,Solve_Succeeded,0.061921624990645796,1226.6294754167484,False,2620.433389121396,0.01483694148067407,0.6130039534355131,-0.3500000092360174,-0.3500000091719109,-0.3500000091719101,-0.35,0.0,False,False,63231.09765625,4416.690336183554,14.968380374427417,0.00010171029716670255,992.0391909896098,1.0552500109466625,0.9904935904652705,1.1364934679007512,0.9361279231434767,0.13783755517640428,0.5,0.0012876544132459234,0.0010895091536253408,0.0008726206962965641,-0.03988767505303118,0.0403012765601704,-0.0006989770439637954,2243.631407086245,False
2,moderate,57,scenario_nmpc,78.5,0.21211868848751597,0.04712479785497768,3.497799350803643,0.21088831155578272,0.0469747923479003,3.4979345230108976,0.27813261586682947,-0.0024366113281250323,-0.04634417846679685,0.20813261586682946,0.3481326158668295,-0.08,0.08,-0.0660139273793135,0.049561409183102714,3.54414352927044,not_applicable,0.0,,False,2635.288846351941,0.015089633905063474,0.6153688120101857,-0.3500000092360174,-0.3500000092360174,-0.3500000092343132,-0.35,0.0,False,False,63048.37322998047,4401.184224078418,14.91582939927376,0.0001046835909926473,1013.8826970601644,1.0552500109466625,0.9904935904652705,1.1364934679007512,0.9361279231434767,0.13783755517640428,0.5,0.0012876544132459234,0.0010895091536253408,0.0008726206962965641,-0.03988767505303118,0.0403012765601704,-0.0006989770439637954,2243.631407086245,False
2,moderate,57,scenario_nmpc,79.0,0.21234857093556733,0.04717748354861536,3.521374922829338,0.21401085168519465,0.046143754825612275,3.5217805093359815,0.277842904770849,-0.002437087402343774,-0.047562626953125034,0.207842904770849,0.347842904770849,-0.08,0.08,-0.06549433383528167,0.049614570950959135,3.568937549782463,not_applicable,0.0,,False,2650.6150161469272,0.015342466804044365,0.6177373990289489,-0.3500000092360174,-0.3500000092360174,-0.3500000092359721,-0.35,0.0,False,False,62865.60595703125,4385.6933355504425,14.863330017570455,0.00010774453099396347,1036.1956412864554,1.0552500109466625,0.9904935904652705,1.1364934679007512,0.9361279231434767,0.13783755517640428,0.5,0.0012876544132459234,0.0010895091536253408,0.0008726206962965641,-0.03988767505303118,0.0403012765601704,-0.0006989770439637954,2243.631407086245,False
2,moderate,57,scenario_nmpc,79.5,0.21257952697836122,0.04723047524737235,3.5449769142463867,0.2139338939903435,0.048669528781209836,3.544388573073427,0.27753364775075134,-0.002437373046874969,-0.048781265869140625,0.20753364775075134,0.34753364775075135,-0.08,0.08,-0.06495412077239013,0.04966784829424732,3.593758180115527,not_applicable,0.0,,False,2666.423424516948,0.015595404450872076,0.6201095330192727,-0.3500000092360174,-0.3500000092360174,-0.35000000923601615,-0.35,0.0,False,False,62682.810119628906,4370.218753990877,14.810885900983639,0.00011089547215001383,1058.9858847785974,1.0552500109466625,0.9904935904652705,1.1364934679007512,0.9361279231434767,0.13783755517640428,0.5,0.0012876544132459234,0.0010895091536253408,0.0008726206962965641,-0.03988767505303118,0.0403012765601704,-0.0006989770439637954,2243.631407086245,False
2,moderate,57,scenario_nmpc,80.0,0.21281159199424865,0.04728378258015703,3.568605480465901,0.21272651379332416,0.04661497477765,3.569574617893009,0.27720510894064615,-0.002437468261718756,-0.05,0.20720510894064614,0.34720510894064616,-0.08,0.08,-0.0643935169463975,0.049721250841875786,3.618605480465901,Solve_Succeeded,0.06436970800859854,1267.262281194876,False,2682.7257281559105,0.01584841071537088,0.6224850313567132,-0.35000000928781955,-0.3500000092360174,-0.3500000092360173,-0.35,0.0,False,False,62500.0,4354.761560130941,14.758500712164466,0.0001141388182458335,1082.2613210136271,1.0552500109466625,0.9904935904652705,1.1364934679007512,0.9361279231434767,0.13783755517640428,0.5,0.0012876544132459234,0.0010895091536253408,0.0008726206962965641,-0.03988767505303118,0.0403012765601704,-0.0006989770439637954,2243.631407086245,False
2,moderate,57,scenario_nmpc,80.5,0.21304480229158737,0.04733741540846789,3.59226078177164,0.21384927803196116,0.04676491077574907,3.5925684694636333,0.27685755247464316,-0.0024373730468749966,-0.05121873413085938,0.20685755247464316,0.34685755247464317,-0.08,0.08,-0.0638127501830558,0.04977478845534289,3.643479515902499,not_applicable,0.0,,False,2699.533708042199,0.01610144906040209,0.6248637102665509,-0.35000000928781955,-0.35000000928781955,-0.3500000092864424,-0.35,0.0,False,False,62317.189880371094,4339.322832069908,14.706178104844305,0.00011747702208194955,1106.0298712423607,1.0552500109466625,0.9904935904652705,1.1364934679007512,0.9361279231434767,0.13783755517640428,0.5,0.0012876544132459234,0.0010895091536253408,0.0008726206962965641,-0.03988767505303118,0.0403012765601704,-0.0006989770439637954,2243.631407086245,False
2,moderate,57,scenario_nmpc,81.0,0.21327919512258997,0.047391383828859886,3.615942983436923,0.21403117147453005,0.045722501160319784,3.6158878336054974,0.27649124248685203,-0.002437087402343746,-0.052437373046875,0.20649124248685202,0.34649124248685204,-0.08,0.08,-0.06321204736426206,0.04982847123120363,3.668380356483798,not_applicable,0.0,,False,2716.859262539909,0.01635448253846101,0.6272453848256894,-0.35000000928781955,-0.35000000928781955,-0.35000000928778296,-0.35,0.0,False,False,62134.39404296875,4323.90364530272,14.653921723928308,0.00012091258563541649,1130.2994796800385,1.0552500109466625,0.9904935904652705,1.1364934679007512,0.9361279231434767,0.13783755517640428,0.5,0.0012876544132459234,0.0010895091536253408,0.0008726206962965641,-0.03988767505303118,0.0403012765601704,-0.0006989770439637954,2243.631407086245,False
2,moderate,57,scenario_nmpc,81.5,0.21351480869686398,0.04744569817527211,3.6396522558427424,0.21529869875250232,0.04726309594499313,3.6398528199651157,0.27610644311138244,-0.0024366113281250046,-0.05365582153320313,0.20610644311138243,0.34610644311138244,-0.08,0.08,-0.06259163441451845,0.049882309503397115,3.6933080773759457,not_applicable,0.0,,False,2734.714399984918,0.016607473788413478,0.6296298689648132,-0.35000000928781955,-0.35000000928781955,-0.35000000928781855,-0.35,0.0,False,False,61951.62677001953,4308.505072747086,14.601735205587266,0.00012444806016895642,1155.0781084771463,1.0552500109466625,0.9904935904652705,1.1364934679007512,0.9361279231434767,0.13783755517640428,0.5,0.0012876544132459234,0.0010895091536253408,0.0008726206962965641,-0.03988767505303118,0.0403012765601704,-0.0006989770439637954,2243.631407086245,False
2,moderate,57,scenario_nmpc,82.0,0.21375168219460794,0.04750036902120671,3.6633887745970006,0.212802853674796,0.04799500316095443,3.6629148990849245,0.27570341848234414,-0.0024359448242187443,-0.054873984375000004,0.20570341848234414,0.34570341848234415,-0.08,0.08,-0.0619517362877362,0.049936313845425455,3.7182627589720005,Solve_Succeeded,0.059758833958767354,1298.1002134581584,False,2753.1112307407357,0.016860385032381173,0.6320169754707983,-0.35000000920203217,-0.35000000928781955,-0.35000000928781955,-0.35,0.0,False,False,61768.90234375,4293.128184770147,14.549622177347963,0.00012808604628500027,1180.373732467061,1.0552500109466625,0.9904935904652705,1.1364934679007512,0.9361279231434767,0.13783755517640428,0.5,0.0012876544132459234,0.0010895091536253408,0.0008726206962965641,-0.03988767505303118,0.0403012765601704,-0.0006989770439637954,2243.631407086245,False
2,moderate,57,scenario_nmpc,82.5,0.21398985577942592,0.04755540718174825,3.687152720654799,0.21240326168915055,0.04567953996585746,3.6867374780857283,0.2752824327338468,-0.0024350878906250206,-0.05609176635742187,0.20528243273384678,0.3452824327338468,-0.08,0.08,-0.06129257695442086,0.04999049507237327,3.743244487012221,not_applicable,0.0,,False,2772.0619587093597,0.017113178072787644,0.6344065159893799,-0.35000000920203217,-0.35000000920203217,-0.35000000920431273,-0.35,0.0,False,False,61586.23504638672,4277.774049214653,14.497586258181908,0.000131829193921327,1206.194333687283,1.0552500109466625,0.9904935904652705,1.1364934679007512,0.9361279231434767,0.13783755517640428,0.5,0.0012876544132459234,0.0010895091536253408,0.0008726206962965641,-0.03988767505303118,0.0403012765601704,-0.0006989770439637954,2243.631407086245,False
2,moderate,57,scenario_nmpc,83.0,0.21422937061072256,0.04761082371541272,3.7109442804396937,0.2124835824975551,0.04611123271620193,3.7114638080421556,0.27484375,-0.0024340405273437504,-0.057309072265625025,0.20484375,0.34484375,-0.08,0.08,-0.06061437938927744,0.05004486424275647,3.768253352705319,not_applicable,0.0,,False,2791.578872282633,0.01736581428957515,0.6367983010280722,-0.35000000920203217,-0.35000000920203217,-0.3500000092020928,-0.35,0.0,False,False,61403.63916015625,4262.443731424724,14.445631058592618,0.00013568020228490576,1232.5478956712686,1.0552500109466625,0.9904935904652705,1.1364934679007512,0.9361279231434767,0.13783755517640428,0.5,0.0012876544132459234,0.0010895091536253408,0.0008726206962965641,-0.03988767505303118,0.0403012765601704,-0.0006989770439637954,2243.631407086245,False
2,moderate,57,scenario_nmpc,83.5,0.2144702688556385,0.04766662992581495,3.734763645965829,0.21315725534336885,0.04846928300538637,3.7331131812029197,0.27438763441491365,-0.002432802734374989,-0.05852580688476562,0.20438763441491364,0.34438763441491366,-0.08,0.08,-0.059917365559275154,0.05009943266018994,3.7932894528505945,not_applicable,0.0,,False,2811.6743347199344,0.017618254637604434,0.6391921399593407,-0.35000000920203217,-0.35000000920203217,-0.3500000092020338,-0.35,0.0,False,False,61221.128967285156,4247.138294271152,14.393760180701383,0.00013964181972044308,1259.442397508002,1.0552500109466625,0.9904935904652705,1.1364934679007512,0.9361279231434767,0.13783755517640428,0.5,0.0012876544132459234,0.0010895091536253408,0.0008726206962965641,-0.03988767505303118,0.0403012765601704,-0.0006989770439637954,2243.631407086245,False
2,moderate,57,scenario_nmpc,84.0,0.21471259370048568,0.04772283736314298,3.758611014960857,0.21529282736858996,0.046921610146994495,3.756999471073523,0.27391435011269727,-0.002431374511718737,-0.059741875000000014,0.20391435011269726,0.3439143501126973,-0.08,0.08,-0.05920175641221159,0.050154211874861715,3.818352889960857,Solve_Succeeded,0.06411037500947714,1346.2764932883683,False,2832.360773938465,0.01787045964424854,0.6415878410240256,-0.3500000093374032,-0.35000000920203217,-0.3500000092020322,-0.35,0.0,False,False,61038.71875,4231.858798176278,14.341977218331582,0.00014371684351005418,1286.8858076667498,1.0552500109466625,0.9904935904652705,1.1364934679007512,0.9361279231434767,0.13783755517640428,0.5,0.0012876544132459234,0.0010895091536253408,0.0008726206962965641,-0.03988767505303118,0.0403012765601704,-0.0006989770439637954,2243.631407086245,False
2,moderate,57,scenario_nmpc,84.5,0.21495638936164022,0.04777945782542765,3.782486590989546,0.21434142443080126,0.048776529963288455,3.78236217256319,0.2734241612274606,-0.0024297558593749935,-0.06095718139648436,0.2034241612274606,0.3434241612274606,-0.08,0.08,-0.05846777186582039,0.05020921368480264,3.8434437723860304,not_applicable,0.0,,False,2853.650671702827,0.018122389407192713,0.6439852113350127,-0.3500000093374032,-0.3500000093374032,-0.35000000933380454,-0.35,0.0,False,False,60856.422790527344,4216.606301138476,14.290285757091644,0.00014790811960037966,1314.8860775846501,1.0552500109466625,0.9904935904652705,1.1364934679007512,0.9361279231434767,0.13783755517640428,0.5,0.0012876544132459234,0.0010895091536253408,0.0008726206962965641,-0.03988767505303118,0.0403012765601704,-0.0006989770439637954,2243.631407086245,False
2,moderate,57,scenario_nmpc,85.0,0.21520170109584946,0.047836503359595335,3.8063905835779646,0.21538672749831303,0.04857510479268886,3.8058452145634396,0.27291733189331335,-0.002427946777343787,-0.06217163085937501,0.20291733189331335,0.34291733189331336,-0.08,0.08,-0.05771563079746389,0.05026445013693912,3.8685622144373397,not_applicable,0.0,,False,2875.556552201145,0.018374003592453232,0.6463840568811571,-0.3500000093374032,-0.3500000093374032,-0.35000000933730757,-0.35,0.0,False,False,60674.25537109375,4201.381858756196,14.238689374456536,0.00015221854225337992,1343.4511350149899,1.0552500109466625,0.9904935904652705,1.1364934679007512,0.9361279231434767,0.13783755517640428,0.5,0.0012876544132459234,0.0010895091536253408,0.0008726206962965641,-0.03988767505303118,0.0403012765601704,-0.0006989770439637954,2243.631407086245,False
2,moderate,57,scenario_nmpc,85.5,0.21544857520990873,0.047893986262291674,3.8303232083381378,0.21503720393612819,0.047911391088651833,3.828633168150686,0.27239412624436515,-0.002425947265624978,-0.06338512817382815,0.20239412624436515,0.34239412624436516,-0.08,0.08,-0.05694555103445642,0.05031993352791665,3.893708336511966,not_applicable,0.0,,False,2898.0909699955237,0.01862526143262675,0.6487841825314473,-0.3500000093374032,-0.3500000093374032,-0.35000000933740066,-0.35,0.0,False,False,60492.23077392578,4186.186524251644,14.187191639848015,0.0001566510536169579,1372.5888771343948,1.0552500109466625,0.9904935904652705,1.1364934679007512,0.9361279231434767,0.13783755517640428,0.5,0.0012876544132459234,0.0010895091536253408,0.0008726206962965641,-0.03988767505303118,0.0403012765601704,-0.0006989770439637954,2243.631407086245,False
2,moderate,57,scenario_nmpc,86.0,0.21569705906966183,0.04795191908046365,3.8542846870930556,0.2133181883186614,0.048924799125930424,3.855125665309183,0.2718548084147258,-0.002423757324218734,-0.06459757812499999,0.2018548084147258,0.3418548084147258,-0.08,0.08,-0.056157749345063984,0.050375676404682386,3.9188822652180555,Solve_Succeeded,0.061969875008799136,1385.097945589281,False,2921.2664973353294,0.018876121725384144,0.651185392039422,-0.3500000090838124,-0.3500000093374032,-0.35000000933740316,-0.35,0.0,False,False,60310.36328125,4171.021348494046,14.13579611471348,0.00016120864321147137,1402.3071634073267,1.0552500109466625,0.9904935904652705,1.1364934679007512,0.9361279231434767,0.13783755517640428,0.5,0.0012876544132459234,0.0010895091536253408,0.0008726206962965641,-0.03988767505303118,0.0403012765601704,-0.0006989770439637954,2243.631407086245,False
2,moderate,57,scenario_nmpc,86.5,0.21594720110827845,0.048010314611687414,3.8782752480019065,0.21563323571200624,0.0488426268343776,3.8779281951406546,0.2712996425385049,-0.0024213769531249985,-0.06580888549804688,0.2012996425385049,0.3412996425385049,-0.08,0.08,-0.05535244143022647,0.05043169156481241,3.9440841334999535,not_applicable,0.0,,False,2945.095710822471,0.01912654283222122,0.6535874880478271,-0.3500000090838124,-0.3500000090838124,-0.3500000090905538,-0.35,0.0,False,False,60128.66717529297,4155.887380022547,14.084506352603574,0.00016589434732812062,1432.6138082066645,1.0552500109466625,0.9904935904652705,1.1364934679007512,0.9361279231434767,0.13783755517640428,0.5,0.0012876544132459234,0.0010895091536253408,0.0008726206962965641,-0.03988767505303118,0.0403012765601704,-0.0006989770439637954,2243.631407086245,False
2,moderate,57,scenario_nmpc,87.0,0.21619905083376012,0.048069185904228796,3.9022951256854097,0.21707510058091145,0.04815861355723748,3.9030484737836812,0.2707288927498122,-0.0024188061523437443,-0.06701895507812498,0.2007288927498122,0.3407288927498122,-0.08,0.08,-0.05452984191605209,0.05048799205657254,3.9693140807635348,not_applicable,0.0,,False,2969.591177418657,0.019376482677480066,0.6559902720935179,-0.3500000090838124,-0.3500000090838124,-0.3500000090839916,-0.35,0.0,False,False,59947.15673828125,4140.785665068743,14.033325899248526,0.00017071124833511933,1463.5165731894233,1.0552500109466625,0.9904935904652705,1.1364934679007512,0.9361279231434767,0.13783755517640428,0.5,0.0012876544132459234,0.0010895091536253408,0.0008726206962965641,-0.03988767505303118,0.0403012765601704,-0.0006989770439637954,2243.631407086245,False
2,moderate,57,scenario_nmpc,87.5,0.21645265883562534,0.04812854625682345,3.9263445613511085,0.21766884085488644,0.0479975986796656,3.92497902219175,0.27014282318275734,-0.0024160449218750546,-0.06822769165039062,0.20014282318275733,0.34014282318275735,-0.08,0.08,-0.053690164347132,0.05054459117869851,3.994572253001499,not_applicable,0.0,,False,2994.765439785454,0.019625898747654857,0.6583935446126042,-0.3500000090838124,-0.3500000090838124,-0.3500000090838172,-0.35,0.0,False,False,59765.846252441406,4125.717247578832,13.982258292633263,0.00017566247388748311,1495.0231594269737,1.0552500109466625,0.9904935904652705,1.1364934679007512,0.9361279231434767,0.13783755517640428,0.5,0.0012876544132459234,0.0010895091536253408,0.0008726206962965641,-0.03988767505303118,0.0403012765601704,-0.0006989770439637954,2243.631407086245,False
2,moderate,57,scenario_nmpc,88.0,0.21670807679072365,0.048188409218163246,3.950423802918477,0.2158427813686397,0.04806640040242509,3.949485820400397,0.26954169797145006,-0.002413093261718763,-0.06943500000000004,0.19954169797145005,0.33954169797145006,-0.08,0.08,-0.0528336211807264,0.05060150247988201,4.019858802918477,Solve_Succeeded,0.061403000028803945,1433.2112375112724,False,3020.631000948926,0.019874748090996007,0.6607971049458362,-0.35000000920781055,-0.3500000090838124,-0.3500000090838125,-0.35,0.0,False,False,59584.75,4110.6831692354335,13.931307063071314,0.00018075119603620763,1527.1411992895323,1.0552500109466625,0.9904935904652705,1.1364934679007512,0.9361279231434767,0.13783755517640428,0.5,0.0012876544132459234,0.0010895091536253408,0.0008726206962965641,-0.03988767505303118,0.0403012765601704,-0.0006989770439637954,2243.631407086245,False
2,moderate,57,scenario_nmpc,88.5,0.21696535746812662,0.04824878858607539,3.974533105143696,0.21629681290226976,0.0490239168584449,3.975534091243106,0.26892578125000005,-0.00240995117187498,-0.07064078491210939,0.19892578125000004,0.33892578125000006,-0.08,0.08,-0.05196042378187343,0.05065873975795037,4.045173890055805,not_applicable,0.0,,False,3047.2003082816186,0.020122987317426948,0.6632007513442304,-0.35000000920781055,-0.35000000920781055,-0.35000000920451424,-0.35,0.0,False,False,59403.882263183594,4095.6844694790416,13.880475733277544,0.00018598063023254262,1559.8782480849832,1.0552500109466625,0.9904935904652705,1.1364934679007512,0.9361279231434767,0.13783755517640428,0.5,0.0012876544132459234,0.0010895091536253408,0.0008726206962965641,-0.03988767505303118,0.0403012765601704,-0.0006989770439637954,2243.631407086245,False
2,moderate,57,scenario_nmpc,89.0,0.2172245547330436,0.04830969840638079,3.99867272974394,0.21680190963036522,0.04686203401129245,3.9994192405779736,0.2682953371525169,-0.0024066186523437616,-0.07184495117187502,0.1982953371525169,0.3382953371525169,-0.08,0.08,-0.0510707824194733,0.05071631705872455,4.070517680915815,not_applicable,0.0,,False,3074.4857367957425,0.020370572598788002,0.6656042809749362,-0.35000000920781055,-0.35000000920781055,-0.3500000092077229,-0.35,0.0,False,False,59223.25732421875,4080.722185529149,13.829767818439732,0.00019135403422301266,1593.2417754525102,1.0552500109466625,0.9904935904652705,1.1364934679007512,0.9361279231434767,0.13783755517640428,0.5,0.0012876544132459234,0.0010895091536253408,0.0008726206962965641,-0.03988767505303118,0.0403012765601704,-0.0006989770439637954,2243.631407086245,False
2,moderate,57,scenario_nmpc,89.5,0.21748572354970833,0.04837115297141769,4.0228429455210035,0.21932757639334596,0.04794662032610522,4.022368105824342,0.2676506298131105,-0.0024030957031249967,-0.07304740356445315,0.1976506298131105,0.3376506298131105,-0.08,0.08,-0.05016490626340217,0.05077424867454269,4.095890349085456,not_applicable,0.0,,False,3102.4995717425904,0.020617459669422168,0.6680074899273395,-0.35000000920781055,-0.35000000920781055,-0.3500000092078082,-0.35,0.0,False,False,59042.88946533203,4065.797352405041,13.779186826289047,0.00019687470683078876,1627.2391565118926,1.0552500109466625,0.9904935904652705,1.1364934679007512,0.9361279231434767,0.13783755517640428,0.5,0.0012876544132459234,0.0010895091536253408,0.0008726206962965641,-0.03988767505303118,0.0403012765601704,-0.0006989770439637954,2243.631407086245,False
2,moderate,57,scenario_nmpc,90.0,0.21774891998318172,0.04843316681821696,4.047044028484108,0.2162216844378606,0.048033247492415075,4.0462737117993575,0.26699192336589034,-0.0023993823242187684,-0.07424804687500001,0.19699192336589033,0.33699192336589034,-0.08,0.08,-0.04924300338270862,0.05083254914243573,4.121292075359108,Solve_Succeeded,0.06523016601568088,1483.437291382875,False,3131.2539905144395,0.020863603827117556,0.6704101732194035,-0.35000000915909757,-0.35000000920781055,-0.3500000092078105,-0.35,0.0,False,False,58862.79296875,4050.911002946254,13.728736257169384,0.00020254598661897062,1661.877662769736,1.0552500109466625,0.9904935904652705,1.1364934679007512,0.9361279231434767,0.13783755517640428,0.5,0.0012876544132459234,0.0010895091536253408,0.0008726206962965641,-0.03988767505303118,0.0403012765601704,-0.0006989770439637954,2243.631407086245,False
2,moderate,57,scenario_nmpc,90.5,0.21801420120001583,0.048495754726314906,4.071276261971706,0.21800835882874617,0.048413101630561305,4.071544522762018,0.2663194819449662,-0.002395478515624966,-0.07544678588867192,0.19631948194496618,0.3363194819449662,-0.08,0.08,-0.04830528074495036,0.05089123324193987,4.146723047860378,not_applicable,0.0,,False,3160.7610438465426,0.021108959934422016,0.6728121248042477,-0.35000000915909757,-0.35000000915909757,-0.35000000916039253,-0.35,0.0,False,False,58682.98211669921,4036.0641678327297,13.678419604105663,0.00020837125043130276,1697.1644527843034,1.0552500109466625,0.9904935904652705,1.1364934679007512,0.9361279231434767,0.13783755517640428,0.5,0.0012876544132459234,0.0010895091536253408,0.0008726206962965641,-0.03988767505303118,0.0403012765601704,-0.0006989770439637954,2243.631407086245,False
2,moderate,57,scenario_nmpc,91.0,0.21828162546772215,0.04855893171518985,4.09553993677209,0.21920496945599963,0.04779412438031405,4.095189551950444,0.26563356968444785,-0.0023913842773437277,-0.07664352539062498,0.19563356968444784,0.33563356968444785,-0.08,0.08,-0.0473519442167257,0.05095031599253358,4.172183462162715,not_applicable,0.0,,False,3191.0326363181757,0.021353482420344384,0.6752131375769588,-0.35000000915909757,-0.35000000915909757,-0.350000009159132,-0.35,0.0,False,False,58503.47119140625,4021.257875604648,13.628240352871046,0.0002143539118058247,1733.1065625910883,1.0552500109466625,0.9904935904652705,1.1364934679007512,0.9361279231434767,0.13783755517640428,0.5,0.0012876544132459234,0.0010895091536253408,0.0008726206962965641,-0.03988767505303118,0.0403012765601704,-0.0006989770439637954,2243.631407086245,False
2,moderate,57,scenario_nmpc,91.5,0.2185512521529876,0.04862271304130829,4.119835351242633,0.21729352055603296,0.04757196865019883,4.120579715302644,0.2649344507184448,-0.0023870996093749985,-0.07783817016601564,0.19493445071844479,0.3349344507184448,-0.08,0.08,-0.046383198565457195,0.05100981265068329,4.197673521408649,not_applicable,0.0,,False,3222.0805061532656,0.021597125282458884,0.6776130033816398,-0.35000000915909757,-0.35000000915909757,-0.35000000915909846,-0.35,0.0,False,False,58324.274475097656,4006.4931526819596,13.57820198205314,0.00022049741925693676,1769.7108958916947,1.0552500109466625,0.9904935904652705,1.1364934679007512,0.9361279231434767,0.13783755517640428,0.5,0.0012876544132459234,0.0010895091536253408,0.0008726206962965641,-0.03988767505303118,0.0403012765601704,-0.0006989770439637954,2243.631407086245,False
2,moderate,57,scenario_nmpc,92.0,0.21882314171858025,0.04868711419476685,4.144162811427444,0.21967915053519255,0.04980757914341336,4.143747390888653,0.2642223891810669,-0.002382624511718723,-0.07903062499999998,0.19422238918106688,0.3342223891810669,-0.08,0.08,-0.045399247462486636,0.051069738706485575,4.223193436427444,Solve_Succeeded,0.06470316700870171,1528.431714507767,False,3253.9162043225992,0.021839842089427346,0.6800115130186897,-0.35000000761951816,-0.35000000915909757,-0.35000000915909757,-0.35,0.0,False,False,58145.40625,3991.771023383624,13.528307963119177,0.0002268052544213463,1806.984214009025,1.0552500109466625,0.9904935904652705,1.1364934679007512,0.9361279231434767,0.13783755517640428,0.5,0.0012876544132459234,0.0010895091536253408,0.0008726206962965641,-0.03988767505303118,0.0403012765601704,-0.0006989770439637954,2243.631407086245,False
2,moderate,57,scenario_nmpc,92.5,0.21909735571888664,0.04875215089551601,4.16852263117324,0.21966225861806804,0.05019271718500055,4.168500014080153,0.26349764920642377,-0.0023779589843750393,-0.08022079467773437,0.19349764920642376,0.3334976492064238,-0.08,0.08,-0.04440029348753713,0.05113010987989105,4.248743425850974,not_applicable,0.0,,False,3286.55107295135,0.022081585983955043,0.6824084562523166,-0.35000000761951816,-0.35000000761951816,-0.3500000076604458,-0.35,0.0,False,False,57966.880798339844,3977.092509946549,13.478561760480225,0.00023328093006337553,1844.9331256123328,1.0552500109466625,0.9904935904652705,1.1364934679007512,0.9361279231434767,0.13783755517640428,0.5,0.0012876544132459234,0.0010895091536253408,0.0008726206962965641,-0.03988767505303118,0.0403012765601704,-0.0006989770439637954,2243.631407086245,False
2,moderate,57,scenario_nmpc,93.0,0.2193739567940218,0.04881783908915175,4.1929151322432245,0.2201623087865026,0.04911076443545798,4.193340423991664,0.26276049492862513,-0.0023731030273437537,-0.08140858398437502,0.19276049492862513,0.33276049492862514,-0.08,0.08,-0.04338653813460333,0.051190942116495504,4.2743237162276,not_applicable,0.0,,False,3319.9962230373544,0.022322309686196258,0.6848036218182828,-0.35000000761951816,-0.35000000761951816,-0.3500000076206062,-0.35,0.0,False,False,57788.71240234375,3962.4586325442483,13.428966831554407,0.00023992798793510972,1883.5640762161113,1.0552500109466625,0.9904935904652705,1.1364934679007512,0.9361279231434767,0.13783755517640428,0.5,0.0012876544132459234,0.0010895091536253408,0.0008726206962965641,-0.03988767505303118,0.0403012765601704,-0.0006989770439637954,2243.631407086245,False
2,moderate,57,scenario_nmpc,93.5,0.21965300866245277,0.048884194942261476,4.2173406444287505,0.21978018701677812,0.04839980102982671,4.219315897548507,0.2620111904817807,-0.0023680566406250325,-0.08259389770507812,0.19201119048178067,0.3320111904817807,-0.08,0.08,-0.042358181819327906,0.05125225158288651,4.299934542133829,not_applicable,0.0,,False,3354.2625114874036,0.02256196549762498,0.6871967974318803,-0.35000000761951816,-0.35000000761951816,-0.3500000076195471,-0.35,0.0,False,False,57610.91534423828,3947.870409305223,13.379526626829191,0.00024674999648689603,1922.8833374573298,1.0552500109466625,0.9904935904652705,1.1364934679007512,0.9361279231434767,0.13783755517640428,0.5,0.0012876544132459234,0.0010895091536253408,0.0008726206962965641,-0.03988767505303118,0.0403012765601704,-0.0006989770439637954,2243.631407086245,False
2,moderate,57,scenario_nmpc,94.0,0.21993457611207612,0.048951234837310564,4.2417995056585385,0.21832294849323755,0.04725421671705075,4.242884933205558,0.26125000000000004,-0.002362819824218737,-0.08377664062500005,0.19125000000000003,0.33125000000000004,-0.08,0.08,-0.04131542388792392,0.0513140546615293,4.325576146283539,Solve_Succeeded,0.0652275420143269,1591.3011402525904,False,3389.360517480676,0.02280050530538627,0.6895877697961353,-0.3500000090971127,-0.35000000761951816,-0.35000000761951894,-0.35,0.0,False,False,57433.50390625,3933.3288563310607,13.330244589922744,0.00025375054842373634,1962.8969961560363,1.0552500109466625,0.9904935904652705,1.1364934679007512,0.9361279231434767,0.13783755517640428,0.5,0.0012876544132459234,0.0010895091536253408,0.0008726206962965641,-0.03988767505303118,0.0403012765601704,-0.0006989770439637954,2243.631407086245,False
2,moderate,57,scenario_nmpc,94.5,0.22021872498968986,0.04901897536705614,4.266292062105223,0.22118731355841637,0.0481854761973985,4.266074934732364,0.26047718761739297,-0.0023573925781249505,-0.08495671752929686,0.19047718761739296,0.330477187617393,-0.08,0.08,-0.04025846262770311,0.05137636794518109,4.35124877963452,not_applicable,0.0,,False,3425.300518170481,0.02303788058714449,0.691976324610243,-0.3500000090971127,-0.3500000090971127,-0.35000000905783285,-0.35,0.0,False,False,57256.49237060547,3918.834987714277,13.281124157644383,0.00026093325810316203,2003.6109431648595,1.0552500109466625,0.9904935904652705,1.1364934679007512,0.9361279231434767,0.13783755517640428,0.5,0.0012876544132459234,0.0010895091536253408,0.0008726206962965641,-0.03988767505303118,0.0403012765601704,-0.0006989770439637954,2243.631407086245,False
2,moderate,57,scenario_nmpc,95.0,0.22050552218879987,0.049087433328475004,4.290818668288982,0.21954527983373473,0.05159645389773061,4.290394455653277,0.25969301746806916,-0.0023517749023438117,-0.086134033203125,0.18969301746806916,0.32969301746806917,-0.08,0.08,-0.03918749527926929,0.051439208230818816,4.376952701492107,not_applicable,0.0,,False,3462.0924637374937,0.023274042416443784,0.6943622465782294,-0.3500000090971127,-0.3500000090971127,-0.3500000090960685,-0.35,0.0,False,False,57079.89501953125,3904.3898155558845,13.232168760054128,0.0002683017587702504,2045.030862013526,1.0552500109466625,0.9904935904652705,1.1364934679007512,0.9361279231434767,0.13783755517640428,0.5,0.0012876544132459234,0.0010895091536253408,0.0008726206962965641,-0.03988767505303118,0.0403012765601704,-0.0006989770439637954,2243.631407086245,False
2,moderate,57,scenario_nmpc,95.5,0.22079503563570113,0.04915662571619267,4.315379687178009,0.22133391370832178,0.04717078155409583,4.315195678627714,0.25889775368613827,-0.0023459667968750153,-0.08730849243164067,0.18889775368613826,0.32889775368613827,-0.08,0.08,-0.038102718050437134,0.051502592513067685,4.402688179609649,not_applicable,0.0,,False,3499.7459518097958,0.02350894146859634,0.6967453194178412,-0.3500000090971127,-0.3500000090971127,-0.35000000909708495,-0.35,0.0,False,False,56903.726135253906,3889.99434998271,13.183381820521381,0.0002758596996255017,2087.162217354968,1.0552500109466625,0.9904935904652705,1.1364934679007512,0.9361279231434767,0.13783755517640428,0.5,0.0012876544132459234,0.0010895091536253408,0.0008726206962965641,-0.03988767505303118,0.0403012765601704,-0.0006989770439637954,2243.631407086245,False
2,moderate,57,scenario_nmpc,96.0,0.22108733427377442,0.049226569715401104,4.339975490285564,0.2209211520577689,0.049026977693542854,4.340147100811287,0.25809166040571,-0.0023399682617187,-0.08848000000000002,0.18809166040571001,0.32809166040571003,-0.08,0.08,-0.037004326131935605,0.051566537977119804,4.428455490285564,Solve_Succeeded,0.06303349998779595,1643.842745793763,False,3538.270201267279,0.023742528027113824,0.6991253258696613,-0.34999999027194406,-0.3500000090971127,-0.350000009097112,-0.35,0.0,False,False,56728.0,3875.649599164461,13.134766755782778,0.0002836107427214033,2130.0102432202634,1.0552500109466625,0.9904935904652705,1.1364934679007512,0.9361279231434767,0.13783755517640428,0.5,0.0012876544132459234,0.0010895091536253408,0.0008726206962965641,-0.03988767505303118,0.0403012765601704,-0.0006989770439637954,2243.631407086245,False
2,moderate,57,scenario_nmpc,96.5,0.22138248804593902,0.04929728269425279,4.364606457763366,0.22357104644707587,0.04907644916521005,4.363677452565202,0.2572750017608941,-0.002333779296874977,-0.08964846069335937,0.18727500176089407,0.3272750017608941,-0.08,0.08,-0.035892513714955054,0.05163106199112777,4.4542549184567255,not_applicable,0.0,,False,3577.673910830612,0.02397474993081084,0.7015020477064505,-0.34999999027194406,-0.34999999027194406,-0.34999999077238597,-0.34999999077238597,1.845522801247057e-08,False,False,56552.730895996094,3861.356569330537,13.086326975999148,0.00029155855968360087,2173.5799310901057,1.0552500109466625,0.9904935904652705,1.1364934679007512,0.9361279231434767,0.13783755517640428,0.5,0.0012876544132459234,0.0010895091536253408,0.0008726206962965641,-0.03988767505303118,0.0403012765601704,-0.0006989770439637954,2243.631407086245,False
2,moderate,57,scenario_nmpc,97.0,0.2216805678746504,0.04936878219342705,4.389272978490459,0.2220569023117808,0.05000962657545228,4.389581370459069,0.25644804188580017,-0.002327399902343763,-0.090813779296875,0.18644804188580016,0.3264480418858002,-0.08,0.08,-0.03476747401114977,0.051696182095770815,4.480086757787334,not_applicable,0.0,,False,3617.965681258506,0.02420556070502068,0.703875265742714,-0.34999999027194406,-0.34999999027194406,-0.34999999028524764,-0.34999999028524764,9.74276659349016e-10,False,False,56377.93310546875,3847.116264786609,13.038065884811717,0.000299706828252726,2217.87601779118,1.0552500109466625,0.9904935904652705,1.1364934679007512,0.9361279231434767,0.13783755517640428,0.5,0.0012876544132459234,0.0010895091536253408,0.0008726206962965641,-0.03988767505303118,0.0403012765601704,-0.0006989770439637954,2243.631407086245,False
2,moderate,57,scenario_nmpc,97.5,0.221981645641077,0.04944108592414073,4.413975450158987,0.2227977608357877,0.046993268875491004,4.412394708309888,0.25561104491453795,-0.00232083007812503,-0.09197586059570313,0.18561104491453795,0.32561104491453796,-0.08,0.08,-0.03362939927346095,0.05176191600226576,4.50595131075469,not_applicable,0.0,,False,3659.153332310246,0.02443490766430379,0.7062447598444915,-0.34999999027194406,-0.34999999027194406,-0.3499999902722977,-0.3499999902722977,2.5899837829967964e-11,False,False,56203.62091064453,3832.929687930953,12.989986879397451,0.0003080592286430631,2262.9029732262748,1.0552500109466625,0.9904935904652705,1.1364934679007512,0.9361279231434767,0.13783755517640428,0.5,0.0012876544132459234,0.0010895091536253408,0.0008726206962965641,-0.03988767505303118,0.0403012765601704,-0.0006989770439637954,2243.631407086245,False
2,moderate,57,scenario_nmpc,98.0,0.22228579416221078,0.04951421175249851,4.4387142793555485,0.22173536053560478,0.051238558797532,4.438835187751861,0.2547642749812171,-0.0023140698242187507,-0.09313460937500002,0.1847642749812171,0.3247642749812171,-0.08,0.08,-0.03247848081900634,0.05182828157671726,4.531848888730549,Solve_Succeeded,0.07880575000308454,1706.5499895605524,False,3701.2442886247604,0.024662739497649515,0.708610308939371,0.010000017007574772,-0.34999999027194406,-0.34999999027195344,-0.34999999027195344,6.885603198725221e-13,False,False,56029.80859375,3818.7978392705595,12.942093350523658,0.00031661943971440315,2308.664987947699,1.0552500109466625,0.9904935904652705,1.1364934679007512,0.9361279231434767,0.13783755517640428,0.5,0.0012876544132459234,0.0010895091536253408,0.0008726206962965641,-0.03988767505303118,0.0403012765601704,-0.0006989770439637954,2243.631407086245,False
2,moderate,57,scenario_nmpc,98.5,0.22259308716481305,0.04958817769156183,4.463489881636662,0.2197863276727328,0.05045745931685953,4.462823614258221,0.2539079962199474,-0.0023071191406249802,-0.09428993041992188,0.1839079962199474,0.3239079962199474,-0.08,0.08,-0.03131490905513437,0.05189529683218681,4.557779812056585,not_applicable,0.0,,False,2516.5765049169486,0.004527034638938221,0.7109716910267249,0.010000017007574772,0.010000017007574772,0.00042989807992871443,-0.2599999902719534,0.18000000000000005,False,True,55856.51043701172,3804.721717437004,12.89438868260177,0.0003253911349535968,2355.165960583975,1.0552500109466625,0.9904935904652705,1.1364934679007512,0.9361279231434767,0.13783755517640428,0.5,0.0012876544132459234,0.0010895091536253408,0.0008726206962965641,-0.03988767505303118,0.0403012765601704,-0.0006989770439637954,2243.631407086245,False
2,moderate,57,scenario_nmpc,99.0,0.22289767990316198,0.04963844933337216,4.488296543362143,0.22324163882769626,0.04869372501976028,4.489287555015344,0.2530424727648385,-0.0022999780273437465,-0.095441728515625,0.18304247276483848,0.3230424727648385,-0.08,0.08,-0.03014479286167651,0.051938427360715904,4.583738271877768,not_applicable,0.0,,False,1275.3916034317053,-0.015743305862031286,0.7133286831881679,0.010000017007574772,0.010000017007574772,0.009745608189693347,-0.16999999027195342,0.18,False,True,55683.74072265625,3790.7023192021034,12.846876253740414,0.000334377978262524,2402.4094851305567,1.0552500109466625,0.9904935904652705,1.1364934679007512,0.9361279231434767,0.13783755517640428,0.5,0.0012876544132459234,0.0010895091536253408,0.0008726206962965641,-0.03988767505303118,0.0403012765601704,-0.0006989770439637954,2243.631407086245,False
2,moderate,57,scenario_nmpc,99.5,0.223188362717879,0.049663898583247545,4.513122135173003,0.22345163052149566,0.049975954962203716,4.513096429397619,0.25216796875,-0.002292646484374994,-0.09658990844726563,0.18216796875000002,0.32216796875000003,-0.08,0.08,-0.02897960603212102,0.05195654506762254,4.609712043620268,not_applicable,0.0,,False,-23.707327250871458,-0.03614428717985653,0.7156810615982359,0.010000017007574772,0.010000017007574772,0.00999325388925773,-0.07999999027195343,0.18,False,True,55511.513732910156,3776.7406394933505,12.7995594357977,0.0003435836195494051,2450.3988381157824,1.0552500109466625,0.9904935904652705,1.1364934679007512,0.9361279231434767,0.13783755517640428,0.5,0.0012876544132459234,0.0010895091536253408,0.0008726206962965641,-0.03988767505303118,0.0403012765601704,-0.0006989770439637954,2243.631407086245,False
2,moderate,57,scenario_nmpc,100.0,0.22345455274529233,0.04966336940766352,4.53795395667811,0.22380081635518057,0.050057686937596095,4.536921556135382,0.25128474830954173,-0.00228512451171875,-0.097734375,0.18128474830954172,0.32128474830954173,-0.08,0.08,-0.0278301955642494,0.05194849391938227,4.63568833167811,Solve_Succeeded,0.0634015419636853,1766.3031760889955,False,-1382.1286325509282,-0.056672064594615094,0.7180286015352851,0.280000018585852,0.010000017007574772,0.009999837219115586,0.009999837219115584,0.17999965498213802,False,False,55339.84375,3762.837671409129,12.752441594432808,0.0003530116901206111,2499.1369656538805,1.0552500109466625,0.9904935904652705,1.1364934679007512,0.9361279231434767,0.13783755517640428,0.5,0.0012876544132459234,0.0010895091536253408,0.0008726206962965641,-0.03988767505303118,0.0403012765601704,-0.0006989770439637954,2243.631407086245,False
2,moderate,57,scenario_nmpc,100.5,0.22368621534487665,0.04963567761604492,4.562778722429349,0.22448736290081373,0.050058104667320524,4.562964033363531,0.2503930755775733,-0.0022774121093749877,-0.09887503295898438,0.18039307557757328,0.3203930755775733,-0.08,0.08,-0.02670686023269664,0.05191308972541991,4.6616537553883335,not_applicable,0.0,,False,-2801.3000347365955,-0.07732307450116999,0.7203710773926116,0.280000018585852,0.280000018585852,0.27282242471386264,0.09999983721911558,0.18,False,True,55168.745056152344,3748.9944062337245,12.705526089156843,0.0003626657978703996,2548.6264703975635,1.0552500109466625,0.9904935904652705,1.1364934679007512,0.9361279231434767,0.13783755517640428,0.5,0.0012876544132459234,0.0010895091536253408,0.0008726206962965641,-0.03988767505303118,0.0403012765601704,-0.0006989770439637954,2243.631407086245,False
2,moderate,57,scenario_nmpc,101.0,0.22387379356956252,0.04957961048319211,4.587582547747881,0.2213478492429997,0.0488318642018883,4.588957868909105,0.2494932146882044,-0.002269509277343762,-0.10001178710937499,0.1794932146882044,0.3194932146882044,-0.08,0.08,-0.025619421118641877,0.05184911976053587,4.687594334857256,not_applicable,0.0,,False,-4282.651558712394,-0.09809377450417403,0.7227082626897876,0.280000018585852,0.280000018585852,0.27980921184812896,0.18999983721911556,0.17999999999999997,False,True,54998.23193359375,3735.2118334521238,12.658816273383003,0.00037254952226625776,2598.8695984031237,1.0552500109466625,0.9904935904652705,1.1364934679007512,0.9361279231434767,0.13783755517640428,0.5,0.0012876544132459234,0.0010895091536253408,0.0008726206962965641,-0.03988767505303118,0.0403012765601704,-0.0006989770439637954,2243.631407086245,False
2,moderate,57,scenario_nmpc,101.5,0.2240081448863006,0.04949392671273017,4.612350934446912,0.22481013432522637,0.049914134706581424,4.6112689595224525,0.24858542977554474,-0.0022614160156250174,-0.10114454223632814,0.17858542977554473,0.3185854297755447,-0.08,0.08,-0.024577284889244128,0.051755342728355185,4.71349547668324,not_applicable,0.0,,False,-5827.546743466206,-0.11897965092067546,0.7250399300842185,0.280000018585852,0.280000018585852,0.27999494624380955,0.27999494624380955,0.17999021804938797,False,False,54828.31866455078,3721.4909407646123,12.612315494476045,0.00038266640912785365,2649.868225921714,1.0552500109466625,0.9904935904652705,1.1364934679007512,0.9361279231434767,0.13783755517640428,0.5,0.0012876544132459234,0.0010895091536253408,0.0008726206962965641,-0.03988767505303118,0.0403012765601704,-0.0006989770439637954,2243.631407086245,False
2,moderate,57,scenario_nmpc,102.0,0.22408048480246828,0.04937735777583865,4.6370687568800415,0.22364227206687645,0.048582058661141514,4.637766647751764,0.24766998497370402,-0.0022531323242187262,-0.102273203125,0.177669984973704,0.317669984973704,-0.08,0.08,-0.023589500171235733,0.05163049010005737,4.739341960005041,Solve_Succeeded,0.06085837498540059,1830.9952180434648,False,-5996.922735127235,-0.11914932074692798,0.7273658513829152,0.35000000854353047,0.280000018585852,0.27999988374441975,0.27999988374441975,9.875001220405188e-06,False,False,54659.01953125,3707.8327141011764,12.566027093801093,0.0003930199651979119,2701.6238461310195,1.0552500109466625,0.9904935904652705,1.1364934679007512,0.9361279231434767,0.13783755517640428,0.5,0.0012876544132459234,0.0010895091536253408,0.0008726206962965641,-0.03988767505303118,0.0403012765601704,-0.0006989770439637954,2243.631407086245,False
2,moderate,57,scenario_nmpc,102.5,0.22408928185010824,0.04925741534686364,4.661727450314646,0.2219296122769402,0.05007271819782847,4.661392388084591,0.2467471444167919,-0.0022446582031250273,-0.10339767456054687,0.1767471444167919,0.3167471444167919,-0.08,0.08,-0.022657862566683673,0.05150207354998867,4.765125124875193,not_applicable,0.0,,False,-7283.057638783588,-0.1351189921751077,0.7296857975544854,0.35000000854353047,0.35000000854353047,0.34813914880538777,0.34813914880538777,0.13627853012193603,False,False,54490.34881591797,3694.2381376357025,12.519954406771761,0.00040361365250367136,2754.137555822054,1.0552500109466625,0.9904935904652705,1.1364934679007512,0.9361279231434767,0.13783755517640428,0.5,0.0012876544132459234,0.0010895091536253408,0.0008726206962965641,-0.03988767505303118,0.0403012765601704,-0.0006989770439637954,2243.631407086245,False
2,moderate,57,scenario_nmpc,103.0,0.22403417305984183,0.04911176448518631,4.686319744217284,0.22382600306858838,0.050990486720947935,4.686974631400174,0.24581717223891814,-0.0022359936523437263,-0.10451786132812503,0.17581717223891813,0.31581717223891814,-0.08,0.08,-0.021782999179076307,0.051347758137530036,4.790837605545409,not_applicable,0.0,,False,-7510.379142378482,-0.13571798610842364,0.7319995387413384,0.35000000854353047,0.35000000854353047,0.34995054007508164,0.34995054007508164,0.0036227825393877477,False,False,54322.32080078125,3680.708193799991,12.474100762897656,0.0004144508825079561,2807.410042056447,1.0552500109466625,0.9904935904652705,1.1364934679007512,0.9361279231434767,0.13783755517640428,0.5,0.0012876544132459234,0.0010895091536253408,0.0008726206962965641,-0.03988767505303118,0.0403012765601704,-0.0006989770439637954,2243.631407086245,False
2,moderate,57,scenario_nmpc,103.5,0.22391474826298155,0.04896158244650912,4.71083807863463,0.2240634959185252,0.05082345332304985,4.711051901156316,0.24488033257419237,-0.0022271386718749897,-0.1056336682128906,0.17488033257419236,0.31488033257419235,-0.08,0.08,-0.020965584311210816,0.05118872111838411,4.816471746847521,not_applicable,0.0,,False,-7710.453586082271,-0.1358865577700164,0.7343068442721085,0.35000000854353047,0.35000000854353047,0.34999869349042867,0.34999869349042867,9.630683069405954e-05,False,False,54154.949768066406,3667.243863297581,12.428469485831211,0.0004255350100492874,2861.4415688101376,1.0552500109466625,0.9904935904652705,1.1364934679007512,0.9361279231434767,0.13783755517640428,0.5,0.0012876544132459234,0.0010895091536253408,0.0008726206962965641,-0.03988767505303118,0.0403012765601704,-0.0006989770439637954,2243.631407086245,False
2,moderate,57,scenario_nmpc,104.0,0.2237356928458735,0.0488074136146608,4.735280324120326,0.2214964584878116,0.04776535187048917,4.736405985545594,0.2439368895567243,-0.00221809326171879,-0.10674500000000002,0.1739368895567243,0.3139368895567243,-0.08,0.08,-0.0202011967108508,0.05102550687637959,4.842025324120326,Solve_Succeeded,0.0632654579821974,1897.8255479807174,False,-7911.364223064,-0.13602467902119503,0.7366074826742901,0.3500000088720885,0.35000000854353047,0.3499999735846018,0.3499999735846018,2.5601883462123e-06,False,False,53988.25,3653.846125117388,12.383063893413926,0.00043686932707087217,2916.231963619883,1.0552500109466625,0.9904935904652705,1.1364934679007512,0.9361279231434767,0.13783755517640428,0.5,0.0012876544132459234,0.0010895091536253408,0.0008726206962965641,-0.03988767505303118,0.0403012765601704,-0.0006989770439637954,2243.631407086245,False
2,moderate,57,scenario_nmpc,104.5,0.2235013264881223,0.04864924073754044,4.759644483007733,0.22196080404555116,0.04925066735361109,4.762114872701252,0.24298710732062362,-0.002208857421874988,-0.10785176147460938,0.1729871073206236,0.3129871073206236,-0.08,0.08,-0.019485780832501326,0.05085809815941543,4.867496244482343,not_applicable,0.0,,False,-8113.904451842458,-0.13614438559523556,0.7389012216870896,0.3500000088720885,0.3500000088720885,0.3500000079340178,0.35,5.283079640427957e-08,False,False,53822.235778808594,3640.5159565471645,12.337887297721966,0.00044845705613876067,2971.7806042496204,1.0552500109466625,0.9904935904652705,1.1364934679007512,0.9361279231434767,0.13783755517640428,0.5,0.0012876544132459234,0.0010895091536253408,0.0008726206962965641,-0.03988767505303118,0.0403012765601704,-0.0006989770439637954,2243.631407086245,False
2,moderate,57,scenario_nmpc,105.0,0.22321550692359504,0.04848703076213648,4.783928545048414,0.22304419524551955,0.04879630699019541,4.786066361277524,0.24203125000000003,-0.002199431152343778,-0.10895385742187501,0.17203125000000002,0.31203125000000004,-0.08,0.08,-0.01881574307640499,0.05068646191448026,4.892882402470289,not_applicable,0.0,,False,-8318.118695993484,-0.13624722288855812,0.7411878282744888,0.3500000088720885,0.3500000088720885,0.35000000884715116,0.35,0.0,False,False,53656.92138671875,3627.2543331867764,12.292943005111177,0.0004603013437499244,3028.0864053941673,1.0552500109466625,0.9904935904652705,1.1364934679007512,0.9361279231434767,0.13783755517640428,0.5,0.0012876544132459234,0.0010895091536253408,0.0008726206962965641,-0.03988767505303118,0.0403012765601704,-0.0006989770439637954,2243.631407086245,False
2,moderate,57,scenario_nmpc,105.5,0.22288167418859414,0.048320749809880985,4.808130483255872,0.22417969908350122,0.04808923394159295,4.808254391398496,0.2410695817289632,-0.002189814453124994,-0.11005119262695316,0.1710695817289632,0.3110695817289632,-0.08,0.08,-0.018187907540369058,0.05051056426300598,4.918181675882825,not_applicable,0.0,,False,-8524.023498973185,-0.1363343172818269,0.7434670686385235,0.3500000088720885,0.3500000088720885,0.35000000887142557,0.35,0.0,False,False,53492.32110595703,3614.062228961312,12.248234316261492,0.00047240525343149065,3085.1478054382214,1.0552500109466625,0.9904935904652705,1.1364934679007512,0.9361279231434767,0.13783755517640428,0.5,0.0012876544132459234,0.0010895091536253408,0.0008726206962965641,-0.03988767505303118,0.0403012765601704,-0.0006989770439637954,2243.631407086245,False
2,moderate,57,scenario_nmpc,106.0,0.22250289387437838,0.04815036372936938,4.832248253631356,0.22372072494436793,0.04848508397596783,4.831634385756994,0.24010236664162288,-0.0021800073242187468,-0.111143671875,0.17010236664162287,0.3101023666416229,-0.08,0.08,-0.017599472767244495,0.050330371053588126,4.943391925506356,Solve_Succeeded,0.06868554203538224,1964.3073912962839,False,-8731.627911636675,-0.13640666491797712,0.7457387082327718,0.3500000096559741,0.3500000088720885,0.3500000088720709,0.35,0.0,False,False,53328.44921875,3600.9406161340166,12.20376452622078,0.000484771758632919,3142.962753289283,1.0552500109466625,0.9904935904652705,1.1364934679007512,0.9361279231434767,0.13783755517640428,0.5,0.0012876544132459234,0.0010895091536253408,0.0008726206962965641,-0.03988767505303118,0.0403012765601704,-0.0006989770439637954,2243.631407086245,False
2,moderate,57,scenario_nmpc,106.5,0.22208189603771247,0.04797583824169804,4.856279795064146,0.22090070446477295,0.04765139306605653,4.857140309902094,0.23912986887208867,-0.0021700097656249806,-0.11223119995117191,0.16912986887208867,0.3091298688720887,-0.08,0.08,-0.0170479728343762,0.050145848007323024,4.9685109950153175,not_applicable,0.0,,False,-8940.934261530876,-0.13646515087348293,0.7480025117760563,0.3500000096559741,0.3500000096559741,0.3500000096351351,0.35,0.0,False,False,53165.32000732422,3587.890465319055,12.159536924448094,0.0004974037354134121,3201.528695303347,1.0552500109466625,0.9904935904652705,1.1364934679007512,0.9361279231434767,0.13783755517640428,0.5,0.0012876544132459234,0.0010895091536253408,0.0008726206962965641,-0.03988767505303118,0.0403012765601704,-0.0006989770439637954,2243.631407086245,False
2,moderate,57,scenario_nmpc,107.0,0.22162111012343563,0.0477971390707815,4.880223029300724,0.22001690905473326,0.048331546982855404,4.88018463940291,0.23815235255447037,-0.0021598217773437234,-0.11331368164062498,0.16815235255447036,0.3081523525544704,-0.08,0.08,-0.016531242431034737,0.049956960848125224,4.993536710941348,not_applicable,0.0,,False,-9151.938432218534,-0.13651056079528884,0.7502582432663564,0.3500000096559741,0.3500000096559741,0.3500000096554201,0.35,0.0,False,False,53002.94775390625,3574.912745494116,12.115554794856395,0.0005103039549274482,3260.8425623228795,1.0552500109466625,0.9904935904652705,1.1364934679007512,0.9361279231434767,0.13783755517640428,0.5,0.0012876544132459234,0.0010895091536253408,0.0008726206962965641,-0.03988767505303118,0.0403012765601704,-0.0006989770439637954,2243.631407086245,False
2,moderate,57,scenario_nmpc,107.5,0.22112269630970552,0.04761423206841709,4.90407586097776,0.21909961150631319,0.047239704398922125,4.904734840170377,0.23717008182287758,-0.0021494433593750306,-0.11439102172851563,0.16717008182287757,0.3071700818228776,-0.08,0.08,-0.016047385513172058,0.04976367542779212,5.018466882706275,not_applicable,0.0,,False,-9364.630117540168,-0.1365435913346179,0.7525056659949317,0.3500000096559741,0.3500000096559741,0.3500000096559594,0.35,0.0,False,False,52841.346740722656,3562.008424012848,12.071821415854684,0.0005234750757119073,3320.9007568468473,1.0552500109466625,0.9904935904652705,1.1364934679007512,0.9361279231434767,0.13783755517640428,0.5,0.0012876544132459234,0.0010895091536253408,0.0008726206962965641,-0.03988767505303118,0.0403012765601704,-0.0006989770439637954,2243.631407086245,False
2,moderate,57,scenario_nmpc,108.0,0.22058857364618148,0.0474270833345688,4.927836177716415,0.22420359281000676,0.04617129477633403,4.926582676674529,0.23618332081142,-0.0021388745117187358,-0.11546312500000001,0.16618332081141998,0.30618332081141997,-0.08,0.08,-0.01559474716523851,0.049565957846287534,5.043299302716415,Solve_Succeeded,0.06373429100494832,2026.392057673103,False,-9578.993053311095,-0.13656485950315644,0.7547445425606546,0.35000000941472265,0.3500000096559741,0.3500000096559737,0.35,0.0,False,False,52680.53125,3549.1784666171407,12.028340060389635,0.000536919635778888,3381.699140353137,1.0552500109466625,0.9904935904652705,1.1364934679007512,0.9361279231434767,0.13783755517640428,0.5,0.0012876544132459234,0.0010895091536253408,0.0008726206962965641,-0.03988767505303118,0.0403012765601704,-0.0006989770439637954,2243.631407086245,False
2,moderate,57,scenario_nmpc,108.5,0.22002044531705328,0.04723565933329449,4.951501850275669,0.22157072368089203,0.04929104492834561,4.952490315473693,0.2351923336542074,-0.0021281152343750054,-0.11652989624023437,0.16519233365420738,0.3051923336542074,-0.08,0.08,-0.015171888337154105,0.049363774567669494,5.068031746515904,not_applicable,0.0,,False,-9795.005228756005,-0.13657491106400857,0.7569746348845532,0.35000000941472265,0.35000000941472265,0.35000000942113596,0.35,0.0,False,False,52520.515563964844,3536.423837449245,11.98511399598667,0.0005506400445189529,3443.2330207939244,1.0552500109466625,0.9904935904652705,1.1364934679007512,0.9361279231434767,0.13783755517640428,0.5,0.0012876544132459234,0.0010895091536253408,0.0008726206962965641,-0.03988767505303118,0.0403012765601704,-0.0006989770439637954,2243.631407086245,False
2,moderate,57,scenario_nmpc,109.0,0.21941982132643922,0.0470399270046969,4.9750707327626005,0.22062171329052252,0.04722877372091015,4.97382026098082,0.23419738448534938,-0.002117165527343756,-0.11759124023437502,0.16419738448534937,0.3041973844853494,-0.08,0.08,-0.014777563158910156,0.049157092532040654,5.092661972996975,not_applicable,0.0,,False,-10012.63907980589,-0.13657422805807717,0.7591957042245618,0.35000000941472265,0.35000000941472265,0.3500000094148931,0.35,0.0,False,False,52361.31396484375,3523.7454990637425,11.942146484790516,0.0005646385744202115,3505.497140285022,1.0552500109466625,0.9904935904652705,1.1364934679007512,0.9361279231434767,0.13783755517640428,0.5,0.0012876544132459234,0.0010895091536253408,0.0008726206962965641,-0.03988767505303118,0.0403012765601704,-0.0006989770439637954,2243.631407086245,False
2,moderate,57,scenario_nmpc,109.5,0.2187880388728551,0.04683985387323841,4.998540662897715,0.21756635408547334,0.047061412862857865,4.997969802365238,0.23319873743895572,-0.002106025390624988,-0.11864706176757812,0.16319873743895572,0.30319873743895576,-0.08,0.08,-0.01441069856610061,0.0489458792638634,5.117187724665293,not_applicable,0.0,,False,-10231.86166621859,-0.13656323555601665,0.7614075111904817,0.35000000941472265,0.35000000941472265,0.3500000094147272,0.35,0.0,False,False,52202.94073486328,3511.1444124393643,11.899440783605273,0.0005789173526093441,3568.4856630104923,1.0552500109466625,0.9904935904652705,1.1364934679007512,0.9361279231434767,0.13783755517640428,0.5,0.0012876544132459234,0.0010895091536253408,0.0008726206962965641,-0.03988767505303118,0.0403012765601704,-0.0006989770439637954,2243.631407086245,False
2,moderate,57,scenario_nmpc,110.0,0.21812628065182693,0.04663540815272218,5.021909462333575,0.21679823100266524,0.04687645794946381,5.021845803772537,0.23219665664913602,-0.0020946948242187846,-0.11969726562500001,0.16219665664913602,0.30219665664913603,-0.08,0.08,-0.014070375997309092,0.04873010297694096,5.141606727958575,Solve_Succeeded,0.06413920799968764,2100.65070075188,False,-10452.634834333998,-0.13654230771648831,0.7636098157591469,0.3500000097020723,0.35000000941472265,0.35000000941472276,0.35,0.0,False,False,52045.41015625,3498.6215369906577,11.857000143933941,0.0005934783522213788,3632.1921633640986,1.0552500109466625,0.9904935904652705,1.1364934679007512,0.9361279231434767,0.13783755517640428,0.5,0.0012876544132459234,0.0010895091536253408,0.0008726206962965641,-0.03988767505303118,0.0403012765601704,-0.0006989770439637954,2243.631407086245,False
2,moderate,57,scenario_nmpc,110.5,0.21743559130095105,0.0464265588482078,5.0451749370251475,0.21397273237281403,0.04479790192574259,5.0436757612052245,0.23119140625,-0.002083173828124979,-0.12074175659179691,0.16119140625,0.30119140625,-0.08,0.08,-0.013755814949048956,0.04850973267633278,5.1659166936169445,not_applicable,0.0,,False,-10674.915367137535,-0.13651177322301947,0.7658023772898002,0.3500000097020723,0.3500000097020723,0.3500000096944335,0.35,0.0,False,False,51888.73651123047,3486.17783057951,11.81482781201748,0.0006083233836057907,3696.6096143495292,1.0552500109466625,0.9904935904652705,1.1364934679007512,0.9361279231434767,0.13783755517640428,0.5,0.0012876544132459234,0.0010895091536253408,0.0008726206962965641,-0.03988767505303118,0.0403012765601704,-0.0006989770439637954,2243.631407086245,False
2,moderate,57,scenario_nmpc,111.0,0.21671689217950244,0.04621327585509778,5.068334877650378,0.21631597581266562,0.04663312044841287,5.067920196711416,0.23018325037565746,-0.002071462402343738,-0.12178043945312499,0.16018325037565745,0.30018325037565746,-0.08,0.08,-0.01346635819615502,0.04828473825744152,5.190115317103503,not_applicable,0.0,,False,-10898.655123178114,-0.1364719201642158,0.7679849545396729,0.3500000097020723,0.3500000097020723,0.35000000970186923,0.35,0.0,False,False,51732.93408203125,3473.81424952653,11.772927028873381,0.0006234540853772258,3761.7303762614015,1.0552500109466625,0.9904935904652705,1.1364934679007512,0.9361279231434767,0.13783755517640428,0.5,0.0012876544132459234,0.0010895091536253408,0.0008726206962965641,-0.03988767505303118,0.0403012765601704,-0.0006989770439637954,2243.631407086245,False
2,moderate,57,scenario_nmpc,111.5,0.21597099465478525,0.04599553005560156,5.091387060079648,0.2159883059100144,0.04784157552486178,5.091115767125616,0.2291724531602179,-0.0020595605468750056,-0.12281321899414065,0.15917245316021789,0.2991724531602179,-0.08,0.08,-0.01320145850543264,0.04805509060247656,5.214200279073789,not_applicable,0.0,,False,-11123.801165770345,-0.1364230004153149,0.7701573056797725,0.3500000097020723,0.3500000097020723,0.3500000097020669,0.35,0.0,False,False,51578.017150878906,3461.5317486222852,11.731301030333748,0.0006388719153199574,3827.546185669378,1.0552500109466625,0.9904935904652705,1.1364934679007512,0.9361279231434767,0.13783755517640428,0.5,0.0012876544132459234,0.0010895091536253408,0.0008726206962965641,-0.03988767505303118,0.0403012765601704,-0.0006989770439637954,2243.631407086245,False
2,moderate,57,scenario_nmpc,112.0,0.21519861204957505,0.04577329341275669,5.1143292458928356,0.21637255448836312,0.045525546088211834,5.1153550763606646,0.22815927873779118,-0.0020474682617187268,-0.12383999999999999,0.15815927873779118,0.2981592787377912,-0.08,0.08,-0.012960666688216133,0.047820761674475416,5.238169245892836,Solve_Succeeded,0.06619658297859132,2166.576223950648,False,-11350.295883802988,-0.13636523357301097,0.7723191883108756,0.35000000907488305,0.3500000097020723,0.3500000097020721,0.35,0.0,False,False,51424.0,3449.3312811384008,11.68995304708292,0.0006545781411559691,3894.0481447278307,1.0552500109466625,0.9904935904652705,1.1364934679007512,0.9361279231434767,0.13783755517640428,0.5,0.0012876544132459234,0.0010895091536253408,0.0008726206962965641,-0.03988767505303118,0.0403012765601704,-0.0006989770439637954,2243.631407086245,False
2,moderate,57,scenario_nmpc,112.5,0.21440037038900245,0.045546539062161474,5.137159182942808,0.2137709132766409,0.04612707751199149,5.137422850443285,0.22714399124248688,-0.0020351855468749985,-0.12486068725585937,0.15714399124248687,0.2971439912424869,-0.08,0.08,-0.012743620853484433,0.04758172460903647,5.262019870198667,not_applicable,0.0,,False,-11578.077105376224,-0.13629881049005718,0.7744703594797258,0.35000000907488305,0.35000000907488305,0.35000000909155604,0.35,0.0,False,False,51270.896911621094,3437.213798838527,11.64888630469463,0.0006705738311873814,3961.2267108336273,1.0552500109466625,0.9904935904652705,1.1364934679007512,0.9361279231434767,0.13783755517640428,0.5,0.0012876544132459234,0.0010895091536253408,0.0008726206962965641,-0.03988767505303118,0.0403012765601704,-0.0006989770439637954,2243.631407086245,False
2,moderate,57,scenario_nmpc,113.0,0.21357681807088422,0.045315241401550084,5.159874605964231,0.2137400088601094,0.046579987871213126,5.160318279872134,0.22612685480841474,-0.0020227124023437376,-0.125875185546875,0.15612685480841473,0.2961268548084147,-0.08,0.08,-0.012550036737530523,0.04733795380389382,5.2857497915111065,not_applicable,0.0,,False,-11807.078205398277,-0.1362238964512918,0.776610575695435,0.35000000907488305,0.35000000907488305,0.3500000090753263,0.35,0.0,False,False,51118.72216796875,3425.180251989168,11.60810402366871,0.0006868598448247685,4029.0716866546645,1.0552500109466625,0.9904935904652705,1.1364934679007512,0.9361279231434767,0.13783755517640428,0.5,0.0012876544132459234,0.0010895091536253408,0.0008726206962965641,-0.03988767505303118,0.0403012765601704,-0.0006989770439637954,2243.631407086245,False
2,moderate,57,scenario_nmpc,113.5,0.2127284345706476,0.04507937617831959,5.182473237226646,0.21291760635071155,0.04575364558117249,5.183364359538679,0.22510813356968448,-0.0020100488281249995,-0.1268833996582031,0.15510813356968448,0.29510813356968446,-0.08,0.08,-0.012379698999036876,0.04708942500644459,5.309356636884849,not_applicable,0.0,,False,-12037.228208187282,-0.13614063402838344,0.7787395929460911,0.35000000907488305,0.35000000907488305,0.3500000090748948,0.35,0.0,False,False,50967.49005126953,3413.231589370381,11.567609419467352,0.0007034368230137765,4097.572210551913,1.0552500109466625,0.9904935904652705,1.1364934679007512,0.9361279231434767,0.13783755517640428,0.5,0.0012876544132459234,0.0010895091536253408,0.0008726206962965641,-0.03988767505303118,0.0403012765601704,-0.0006989770439637954,2243.631407086245,False
2,moderate,57,scenario_nmpc,114.0,0.21185563828046278,0.04483892057509844,5.204952787230809,0.21123125503497267,0.04508861435667556,5.2051238278643455,0.22408809166040572,-0.0019971948242187842,-0.127885234375,0.1540880916604057,0.2940880916604057,-0.08,0.08,-0.012232453379942942,0.04683611539931722,5.332838021605809,Solve_Succeeded,0.06598304200451821,2235.2072710482726,False,-12268.451886044671,-0.13604914564669185,0.7808571667155672,0.35000000971908507,0.35000000907488305,0.3500000090748834,0.35,0.0,False,False,50817.21484375,3401.3687582863445,11.527405702550928,0.0007203051785732931,4166.716747417594,1.0552500109466625,0.9904935904652705,1.1364934679007512,0.9361279231434767,0.13783755517640428,0.5,0.0012876544132459234,0.0010895091536253408,0.0008726206962965641,-0.03988767505303118,0.0403012765601704,-0.0006989770439637954,2243.631407086245,False
2,moderate,57,scenario_nmpc,114.5,0.21095879357185962,0.04459385329342734,5.227310955447341,0.20961206792936216,0.04374863675757431,5.226448389536734,0.22306699321468826,-0.0019841503906249947,-0.1288805944824219,0.15306699321468825,0.29306699321468827,-0.08,0.08,-0.012108199642828638,0.046578003684052335,5.356191549929763,not_applicable,0.0,,False,-12500.66985469385,-0.13594953589414852,0.7829630520005345,0.35000000971908507,0.35000000971908507,0.3500000097019598,0.35,0.0,False,False,50667.91082763672,3389.5927045758044,11.487496078413374,0.0007374650864593235,4236.4930799522845,1.0552500109466625,0.9904935904652705,1.1364934679007512,0.9361279231434767,0.13783755517640428,0.5,0.0012876544132459234,0.0010895091536253408,0.0008726206962965641,-0.03988767505303118,0.0403012765601704,-0.0006989770439637954,2243.631407086245,False
2,moderate,57,scenario_nmpc,115.0,0.21003821716183546,0.044344154635606654,5.249545431096752,0.21071622345705185,0.044362874568907286,5.24970978331612,0.22204510236664166,-0.0019709155273437418,-0.12986938476562498,0.15204510236664165,0.29204510236664166,-0.08,0.08,-0.012006885204806195,0.046315070162950396,5.379414815862377,not_applicable,0.0,,False,-12733.798666408706,-0.13584189359893453,0.7850570033276781,0.35000000971908507,0.35000000971908507,0.3500000097186298,0.35,0.0,False,False,50519.59228515625,3377.9043726223863,11.447883747617162,0.0007549164739695801,4306.888300403413,1.0552500109466625,0.9904935904652705,1.1364934679007512,0.9361279231434767,0.13783755517640428,0.5,0.0012876544132459234,0.0010895091536253408,0.0008726206962965641,-0.03988767505303118,0.0403012765601704,-0.0006989770439637954,2243.631407086245,False
2,moderate,57,scenario_nmpc,115.5,0.20909418385414744,0.04408980658474843,5.271653893969933,0.2093087230973879,0.04466933665164413,5.271641188582005,0.22102268325037566,-0.0019574902343750256,-0.13085151000976564,0.15102268325037566,0.29102268325037567,-0.08,0.08,-0.011928499396228226,0.04604729681912346,5.402505403979699,not_applicable,0.0,,False,-12967.75090159367,-0.13572629369993078,0.7871387747711145,0.35000000971908507,0.35000000971908507,0.35000000971907297,0.35,0.0,False,False,50372.273498535156,3366.304705364795,11.408571905827854,0.0007726590109047127,4377.888802787755,1.0552500109466625,0.9904935904652705,1.1364934679007512,0.9361279231434767,0.13783755517640428,0.5,0.0012876544132459234,0.0010895091536253408,0.0008726206962965641,-0.03988767505303118,0.0403012765601704,-0.0006989770439637954,2243.631407086245,False
2,moderate,57,scenario_nmpc,116.0,0.2081269317200304,0.04383079288305685,5.293634015288227,0.20832056867598825,0.04276906066241588,5.292902657448456,0.22000000000000003,-0.001943874511718735,-0.131826875,0.15000000000000002,0.29000000000000004,-0.08,0.08,-0.011873068279969617,0.045774667394775585,5.425460890288226,Solve_Succeeded,0.06238824996398762,2297.8500158010916,False,-13202.435259516771,-0.1356027989314048,0.7892081199700104,0.35000000957742333,0.35000000971908507,0.35000000971908474,0.35,0.0,False,False,50225.96875,3354.794644306886,11.369563743848234,0.0007906920997029948,4449.480275620219,1.0552500109466625,0.9904935904652705,1.1364934679007512,0.9361279231434767,0.13783755517640428,0.5,0.0012876544132459234,0.0010895091536253408,0.0008726206962965641,-0.03988767505303118,0.0403012765601704,-0.0006989770439637954,2243.631407086245,False
2,moderate,57,scenario_nmpc,116.5,0.20713666677589712,0.04356709910834737,5.315483458602195,0.2083468491245853,0.045645030582913165,5.314117850684159,0.21897731674962437,-0.0019300683593749812,-0.13279538452148437,0.14897731674962436,0.28897731674962435,-0.08,0.08,-0.011840649973727246,0.04549716746772235,5.4482788431236795,not_applicable,0.0,,False,-13437.756648841307,-0.13547146134115226,0.7912647921464034,0.35000000957742333,0.35000000957742333,0.3500000095811892,0.35,0.0,False,False,50080.692321777344,3343.3751295276165,11.330862447652041,0.0008090148655661633,4521.647695171012,1.0552500109466625,0.9904935904652705,1.1364934679007512,0.9361279231434767,0.13783755517640428,0.5,0.0012876544132459234,0.0010895091536253408,0.0008726206962965641,-0.03988767505303118,0.0403012765601704,-0.0006989770439637954,2243.631407086245,False
2,moderate,57,scenario_nmpc,117.0,0.20612356720958372,0.04329871274880259,5.337199880728202,0.20727238199370457,0.043714623717771496,5.337517765527899,0.2179548976333584,-0.001916071777343764,-0.133756943359375,0.1479548976333584,0.2879548976333584,-0.08,0.08,-0.011831330423774683,0.04521478452614636,5.470956824087577,not_applicable,0.0,,False,-13673.616278549534,-0.13533232365929462,0.7933085441232226,0.35000000957742333,0.35000000957742333,0.3500000095775234,0.35,0.0,False,False,49936.45849609375,3332.047099690892,11.292471198417331,0.0008276261465950356,4594.375319273139,1.0552500109466625,0.9904935904652705,1.1364934679007512,0.9361279231434767,0.13783755517640428,0.5,0.0012876544132459234,0.0010895091536253408,0.0008726206962965641,-0.03988767505303118,0.0403012765601704,-0.0006989770439637954,2243.631407086245,False
2,moderate,57,scenario_nmpc,117.5,0.2050877872013294,0.043025623275951476,5.358780932721926,0.2058406217119022,0.04275033770614479,5.358340096997146,0.2169330067853118,-0.0019018847656250282,-0.13471145629882814,0.1469330067853118,0.2869330067853118,-0.08,0.08,-0.011845219583982408,0.044927508041576504,5.493492389020754,not_applicable,0.0,,False,-13909.91174980164,-0.13518542053313207,0.7953391283425101,0.35000000957742333,0.35000000957742333,0.350000009577426,0.35,0.0,False,False,49793.28155517578,3320.8114920552794,11.2543931725594,0.0008465244839544102,4667.646681701775,1.0552500109466625,0.9904935904652705,1.1364934679007512,0.9361279231434767,0.13783755517640428,0.5,0.0012876544132459234,0.0010895091536253408,0.0008726206962965641,-0.03988767505303118,0.0403012765601704,-0.0006989770439637954,2243.631407086245,False
2,moderate,57,scenario_nmpc,118.0,0.20402946038085812,0.04274782221584829,5.380224260887905,0.2053829824185667,0.04366336593828774,5.381020701463022,0.2159119083395943,-0.001887507324218718,-0.13565882812500002,0.1459119083395943,0.28591190833959435,-0.08,0.08,-0.011882447958736192,0.044635329540067006,5.515883089012905,Solve_Succeeded,0.06111654202686623,2369.5306395885655,False,-14146.537149226993,-0.13503077964183224,0.797356296883841,0.35000000977225304,0.35000000957742333,0.3500000095774234,0.35,0.0,False,False,49651.17578125,3309.669242483622,11.216631541763368,0.0008657081120876497,4741.444587146859,1.0552500109466625,0.9904935904652705,1.1364934679007512,0.9361279231434767,0.13783755517640428,0.5,0.0012876544132459234,0.0010895091536253408,0.0008726206962965641,-0.03988767505303118,0.0403012765601704,-0.0006989770439637954,2243.631407086245,False
2,moderate,57,scenario_nmpc,118.5,0.2029487029576083,0.04246530321841811,5.401527507824218,0.20415679565966594,0.04280876920005096,5.402468679874604,0.2148918664303156,-0.0018729394531249999,-0.13659896362304685,0.1448918664303156,0.2848918664303156,-0.08,0.08,-0.011943163472707297,0.04433824267154311,5.538126471447264,not_applicable,0.0,,False,-14383.383144099518,-0.13486842270328925,0.7993598014829447,0.35000000977225304,0.35000000977225304,0.35000000976707374,0.35,0.0,False,False,49510.15545654297,3298.6212854525365,11.179189473016363,0.0008851749490022218,4815.751106799691,1.0552500109466625,0.9904935904652705,1.1364934679007512,0.9361279231434767,0.13783755517640428,0.5,0.0012876544132459234,0.0010895091536253408,0.0008726206962965641,-0.03988767505303118,0.0403012765601704,-0.0006989770439637954,2243.631407086245,False
2,moderate,57,scenario_nmpc,119.0,0.20184561655727934,0.042178062124927175,5.422688313501361,0.2001594704438451,0.04248122189176488,5.423188742717868,0.2138731451915853,-0.001858181152343763,-0.13753176757812502,0.14387314519158528,0.2838731451915853,-0.08,0.08,-0.01202752863430595,0.04403624327727094,5.5602200810794855,not_applicable,0.0,,False,-14620.337079807583,-0.1346983663841879,0.8013493935505227,0.35000000977225304,0.35000000977225304,0.3500000097721154,0.35,0.0,False,False,49370.23486328125,3287.6685540618005,11.14207012863934,0.0009049225866483619,4890.547574574149,1.0552500109466625,0.9904935904652705,1.1364934679007512,0.9361279231434767,0.13783755517640428,0.5,0.0012876544132459234,0.0010895091536253408,0.0008726206962965641,-0.03988767505303118,0.0403012765601704,-0.0006989770439637954,2243.631407086245,False
2,moderate,57,scenario_nmpc,119.5,0.20072029079438702,0.041886097033528455,5.443704316374379,0.19949223994488877,0.04211642381039411,5.444609973714757,0.21285600875751315,-0.0018432324218750074,-0.13845714477539062,0.14285600875751314,0.28285600875751316,-0.08,0.08,-0.012135717963126125,0.04372932945540346,5.582161461149769,not_applicable,0.0,,False,-14857.283079987692,-0.1345206231231471,0.8033248241912663,0.35000000977225304,0.35000000977225304,0.3500000097722494,0.35,0.0,False,False,49231.42828369141,3276.811980043634,11.105276666318533,0.0009249482814138488,4965.814583982412,1.0552500109466625,0.9904935904652705,1.1364934679007512,0.9361279231434767,0.13783755517640428,0.5,0.0012876544132459234,0.0010895091536253408,0.0008726206962965641,-0.03988767505303118,0.0403012765601704,-0.0006989770439637954,2243.631407086245,False
2,moderate,57,scenario_nmpc,120.0,0.19957280560740231,0.04158940836282602,5.464573154527272,0.20070636604631023,0.039788195340802864,5.46551128209634,0.21184072126220888,-0.0018280932617187884,-0.13937500000000003,0.14184072126220887,0.2818407212622089,-0.08,0.08,-0.01226791565480656,0.04341750162454481,5.603948154527273,Solve_Succeeded,0.06347287504468113,2429.325342154926,False,-15094.10214965364,-0.13433520187577502,0.8052858442230727,0.3500000085019879,0.35000000977225304,0.35000000977225293,0.35,0.0,False,False,49093.75,3266.0524937718724,11.068812239136545,0.000945248944758753,5041.531985684854,1.0552500109466625,0.9904935904652705,1.1364934679007512,0.9361279231434767,0.13783755517640428,0.5,0.0012876544132459234,0.0010895091536253408,0.0008726206962965641,-0.03988767505303118,0.0403012765601704,-0.0006989770439637954,2243.631407086245,False
2,moderate,57,scenario_nmpc,120.5,0.19840323338025073,0.04128799891339534,5.485292466848674,0.19822471548047446,0.04290701625038447,5.483825908134947,0.21082754683978214,-0.001812763671874995,-0.1402852380371094,0.14082754683978213,0.28082754683978217,-0.08,0.08,-0.012424313459531405,0.04310076258527033,5.625577704885783,not_applicable,0.0,,False,-15330.672281614769,-0.13414210878953325,0.807232204196456,0.3500000085019879,0.3500000085019879,0.35000000853575625,0.35,0.0,False,False,48957.214294433594,3255.391024271041,11.032679995603099,0.0009658211340147875,5117.678885732925,1.0552500109466625,0.9904935904652705,1.1364934679007512,0.9361279231434767,0.13783755517640428,0.5,0.0012876544132459234,0.0010895091536253408,0.0008726206962965641,-0.03988767505303118,0.0403012765601704,-0.0006989770439637954,2243.631407086245,False
2,moderate,57,scenario_nmpc,121.0,0.19721164087144252,0.04098187392719109,5.505859894237753,0.19773846801403563,0.042293652103216735,5.50534436715675,0.20981674962434263,-0.0017972436523437385,-0.14118776367187502,0.13981674962434262,0.27981674962434266,-0.08,0.08,-0.012605108752900107,0.04277911757953483,5.647047657909628,not_applicable,0.0,,False,-15566.868566442781,-0.13394134781547556,0.8091636544141589,0.3500000085019879,0.3500000085019879,0.3500000085028856,0.35,0.0,False,False,48821.83544921875,3244.8284992253148,10.996883079685405,0.000986661043374733,5194.233644523576,1.0552500109466625,0.9904935904652705,1.1364934679007512,0.9361279231434767,0.13783755517640428,0.5,0.0012876544132459234,0.0010895091536253408,0.0008726206962965641,-0.03988767505303118,0.0403012765601704,-0.0006989770439637954,2243.631407086245,False
2,moderate,57,scenario_nmpc,121.5,0.19599809096985402,0.040671041144769396,5.5262730808392835,0.19459769898273743,0.04194587247008623,5.526626877539622,0.20880859375,-0.001781533203124963,-0.14208248168945314,0.13880859375,0.27880859375,-0.08,0.08,-0.012810502780145977,0.04245257434789436,5.6683555625287365,not_applicable,0.0,,False,-15802.56330621142,-0.13373292126317388,0.8110799449509581,0.3500000085019879,0.3500000085019879,0.3500000085020118,0.35,0.0,False,False,48687.62774658203,3234.365844987393,10.961424630838241,0.0010077644950981166,5271.173876482925,1.0552500109466625,0.9904935904652705,1.1364934679007512,0.9361279231434767,0.13783755517640428,0.5,0.0012876544132459234,0.0010895091536253408,0.0008726206962965641,-0.03988767505303118,0.0403012765601704,-0.0006989770439637954,2243.631407086245,False
2,moderate,57,scenario_nmpc,122.0,0.19476264429416373,0.04035551086024689,5.546529675306746,0.1957593574446983,0.04153299145368554,5.545663921308519,0.20780334335086403,-0.0017656323242187244,-0.14296929687499998,0.13780334335086403,0.27780334335086404,-0.08,0.08,-0.0130406990567003,0.042121143184465616,5.689498972181746,Solve_Succeeded,0.06323154200799763,2498.18458048545,False,-16037.626132200332,-0.13351683030447514,0.8129808256736674,0.3500000097558646,0.3500000085019879,0.35000000850198854,0.35,0.0,False,False,48554.60546875,3224.003986587259,10.926307784033632,0.0010291269309600525,5348.476450496193,1.0552500109466625,0.9904935904652705,1.1364934679007512,0.9361279231434767,0.13783755517640428,0.5,0.0012876544132459234,0.0010895091536253408,0.0008726206962965641,-0.03988767505303118,0.0403012765601704,-0.0006989770439637954,2243.631407086245,False
2,moderate,57,scenario_nmpc,122.5,0.19350536065113844,0.04003529597391575,5.566627332092334,0.1924563932859054,0.03880888936281772,5.5665884842827555,0.20680126256104436,-0.0017495410156250224,-0.14384811401367187,0.13680126256104436,0.27680126256104437,-0.08,0.08,-0.013295901909905927,0.041784836989540775,5.710475446106005,not_applicable,0.0,,False,-16271.92412672374,-0.13329307543113267,0.8148660462613366,0.3500000097558646,0.3500000097558646,0.350000009722532,0.35,0.0,False,False,48422.78289794922,3213.743847740855,10.89153566979025,0.0010507434039708885,5426.117491100539,1.0552500109466625,0.9904935904652705,1.1364934679007512,0.9361279231434767,0.13783755517640428,0.5,0.0012876544132459234,0.0010895091536253408,0.0008726206962965641,-0.03988767505303118,0.0403012765601704,-0.0006989770439637954,2243.631407086245,False
2,moderate,57,scenario_nmpc,123.0,0.19222630036634172,0.03971041204243075,5.586563712762649,0.19165686328348586,0.04018578429331157,5.587449119590207,0.20580261551465062,-0.001733259277343746,-0.144718837890625,0.13580261551465062,0.27580261551465063,-0.08,0.08,-0.013576315148308898,0.04144367131977449,5.731282550653274,not_applicable,0.0,,False,-16505.321949211862,-0.13306165687081473,0.8167353562256445,0.3500000097558646,0.3500000097558646,0.35000000975497847,0.35,0.0,False,False,48292.17431640625,3203.5863508586476,10.857111414202452,0.0010726085703948584,5504.072380456226,1.0552500109466625,0.9904935904652705,1.1364934679007512,0.9361279231434767,0.13783755517640428,0.5,0.0012876544132459234,0.0010895091536253408,0.0008726206962965641,-0.03988767505303118,0.0403012765601704,-0.0006989770439637954,2243.631407086245,False
2,moderate,57,scenario_nmpc,123.5,0.19092552549938438,0.039380877326482024,5.6063364873388695,0.18946196385402433,0.041705863610586966,5.606453394299868,0.20480766634579267,-0.0017167871093750064,-0.14558137329101561,0.13480766634579266,0.2748076663457927,-0.08,0.08,-0.013882140846408292,0.04109766443585703,5.751917860629885,not_applicable,0.0,,False,-16737.68196664452,-0.13282257496551358,0.8185885049314899,0.3500000097558646,0.3500000097558646,0.35000000975584106,0.35,0.0,False,False,48162.79400634766,3193.5324170541107,10.82303813896902,0.0010947166820966065,5582.315761111182,1.0552500109466625,0.9904935904652705,1.1364934679007512,0.9361279231434767,0.13783755517640428,0.5,0.0012876544132459234,0.0010895091536253408,0.0008726206962965641,-0.03988767505303118,0.0403012765601704,-0.0006989770439637954,2243.631407086245,False
2,moderate,57,scenario_nmpc,124.0,0.18960310095453156,0.039046712835865666,5.625943335660098,0.18885808848685148,0.03737529312806064,5.625647966430955,0.20381667918858004,-0.001700124511718748,-0.146435625,0.13381667918858003,0.27381667918858005,-0.08,0.08,-0.01421357823404848,0.040746837347584414,5.772378960660098,Solve_Succeeded,0.06556600000476465,2558.147573886243,False,-16968.86438840686,-0.132575830515945,0.8204252416177731,0.3500000091885266,0.3500000097558646,0.350000009755864,0.35,0.0,False,False,48034.65624999999,3183.5829661521066,10.789318961421568,0.0011170615792449688,5660.821539573064,1.0552500109466625,0.9904935904652705,1.1364934679007512,0.9361279231434767,0.13783755517640428,0.5,0.0012876544132459234,0.0010895091536253408,0.0008726206962965641,-0.03988767505303118,0.0403012765601704,-0.0006989770439637954,2243.631407086245,False
2,moderate,57,scenario_nmpc,124.5,0.1882590954963135,0.03870794237186279,5.645381948768576,0.1863972988245651,0.03759919633500995,5.647530920013107,0.2028299181771225,-0.0016832714843749708,-0.14728149780273436,0.1328299181771225,0.27282991817712254,-0.08,0.08,-0.014570822680809004,0.04039121385623776,5.792663446571311,not_applicable,0.0,,False,-17198.727405607675,-0.13232142509514117,0.8222453154183749,0.3500000091885266,0.3500000091885266,0.35000000920360846,0.35,0.0,False,False,47907.77532958985,3173.738916697176,10.755956994552639,0.0011396366834038414,5739.562890701846,1.0552500109466625,0.9904935904652705,1.1364934679007512,0.9361279231434767,0.13783755517640428,0.5,0.0012876544132459234,0.0010895091536253408,0.0008726206962965641,-0.03988767505303118,0.0403012765601704,-0.0006989770439637954,2243.631407086245,False
2,moderate,57,scenario_nmpc,125.0,0.18689358267873912,0.03836459256683744,5.664650030315385,0.18636090971853278,0.03951745803815907,5.6646126761498605,0.2018476474455297,-0.0016662280273437857,-0.14811889648437498,0.13184764744552968,0.2718476474455297,-0.08,0.08,-0.014954064766790565,0.04003082059418123,5.81276892679976,not_applicable,0.0,,False,-17427.12733487631,-0.13205936133409613,0.8240484753833285,0.3500000091885266,0.3500000091885266,0.35000000918892754,0.35,0.0,False,False,47782.16552734375,3164.0011859617425,10.722955347043506,0.001162434991040516,5818.512262935832,1.0552500109466625,0.9904935904652705,1.1364934679007512,0.9361279231434767,0.13783755517640428,0.5,0.0012876544132459234,0.0010895091536253408,0.0008726206962965641,-0.03988767505303118,0.0403012765601704,-0.0006989770439637954,2243.631407086245,False
2,moderate,57,scenario_nmpc,125.5,0.18550664169577377,0.038016692920963296,5.6837452979852365,0.18426048170602985,0.03579785807210669,5.682517781960321,0.20087013112791136,-0.0016489941406250264,-0.14894772583007815,0.13087013112791135,0.27087013112791136,-0.08,0.08,-0.015363489432137584,0.03966568706158832,5.832693023815315,not_applicable,0.0,,False,-17653.918766622806,-0.1317896431820091,0.8258344705001837,0.3500000091885266,0.3500000091885266,0.35000000918853724,0.35,0.0,False,False,47657.84112548828,3154.3706899542217,10.69031712329166,0.001185449067482032,5897.6413843619375,1.0552500109466625,0.9904935904652705,1.1364934679007512,0.9361279231434767,0.13783755517640428,0.5,0.0012876544132459234,0.0010895091536253408,0.0008726206962965641,-0.03988767505303118,0.0403012765601704,-0.0006989770439637954,2243.631407086245,False
2,moderate,57,scenario_nmpc,126.0,0.18409835815990147,0.03766427583598984,5.702665484938882,0.18408201522987888,0.039619895273154404,5.701570487558706,0.19989763335837718,-0.0016315698242187482,-0.149767890625,0.12989763335837717,0.2698976333583772,-0.08,0.08,-0.01579927519847571,0.039295845660208585,5.852433375563882,Solve_Succeeded,0.06334012502338737,2625.018929055454,False,-17878.95471772475,-0.13151227614339814,0.8276030497155658,0.35000000972923223,0.3500000091885266,0.35000000918852686,0.35,0.0,False,False,47534.81640625,3144.848343427045,10.658045423437997,0.0012086710413505965,5976.9212696414,1.0552500109466625,0.9904935904652705,1.1364934679007512,0.9361279231434767,0.13783755517640428,0.5,0.0012876544132459234,0.0010895091536253408,0.0008726206962965641,-0.03988767505303118,0.0403012765601704,-0.0006989770439637954,2243.631407086245,False
2,moderate,57,scenario_nmpc,126.5,0.18266882481483998,0.037307376645959366,5.7214083412716406,0.18518646864176705,0.0377519231448304,5.722276423682235,0.19893041827103683,-0.0016139550781250067,-0.1505792956542969,0.12893041827103682,0.2689304182710368,-0.08,0.08,-0.01626159345619685,0.03892133172408437,5.871987636925938,not_applicable,0.0,,False,-18102.086788575405,-0.13122726749410485,0.8293539619569262,0.35000000972923223,0.35000000972923223,0.3500000097148583,0.35,0.0,False,False,47413.10565185547,3135.4350598845976,10.626143343393725,0.0012320925995091968,6056.322227800226,1.0552500109466625,0.9904935904652705,1.1364934679007512,0.9361279231434767,0.13783755517640428,0.5,0.0012876544132459234,0.0010895091536253408,0.0008726206962965641,-0.03988767505303118,0.0403012765601704,-0.0006989770439637954,2243.631407086245,False
2,moderate,57,scenario_nmpc,127.0,0.18121814218780272,0.03694603364478785,5.739971635486504,0.18096702679832055,0.03730896238956565,5.738831177945519,0.19796875000000003,-0.0015961499023437464,-0.15138184570312502,0.12796875000000002,0.26796875000000003,-0.08,0.08,-0.01675060781219731,0.0385421835471316,5.891353481189629,not_applicable,0.0,,False,-18323.165324404814,-0.13093462647799098,0.8310869561544854,0.35000000972923223,0.35000000972923223,0.3500000097288501,0.35,0.0,False,False,47292.72314453125,3126.131751591069,10.594613974866968,0.0012557049825487312,6135.813870893142,1.0552500109466625,0.9904935904652705,1.1364934679007512,0.9361279231434767,0.13783755517640428,0.5,0.0012876544132459234,0.0010895091536253408,0.0008726206962965641,-0.03988767505303118,0.0403012765601704,-0.0006989770439637954,2243.631407086245,False
2,moderate,57,scenario_nmpc,127.5,0.17974641918609938,0.03658028811062447,5.758353155980226,0.1807719890480902,0.03761588374572768,5.757893063369359,0.19701289267937644,-0.0015781542968750228,-0.15217544555664064,0.12701289267937643,0.26701289267937645,-0.08,0.08,-0.017266473493277062,0.03815844240749949,5.910528601536866,not_applicable,0.0,,False,-18542.0395807612,-0.13063436448592908,0.832801781263368,0.35000000972923223,0.35000000972923223,0.3500000097292221,0.35,0.0,False,False,47173.683166503906,3116.9393295782206,10.563460405389087,0.0012794989808480384,6215.365123548688,1.0552500109466625,0.9904935904652705,1.1364934679007512,0.9361279231434767,0.13783755517640428,0.5,0.0012876544132459234,0.0010895091536253408,0.0008726206962965641,-0.03988767505303118,0.0403012765601704,-0.0006989770439637954,2243.631407086245,False
2,moderate,57,scenario_nmpc,128.0,0.17825377364232792,0.03621018432690704,5.77655071254076,0.17662211340053788,0.03625989828183513,5.775585591198842,0.19606311044327573,-0.0015599682617187804,-0.15296000000000004,0.12606311044327573,0.26606311044327574,-0.08,0.08,-0.017809336800947817,0.03777015258862582,5.92951071254076,Solve_Succeeded,0.06350558303529397,2684.159829762921,False,-18758.55789301718,-0.13032649521851136,0.8344981862859295,0.3500000079470888,0.35000000972923223,0.35000000972923195,0.35,0.0,False,False,47055.99999999999,3107.8587036530726,10.532685718340742,0.0013034649312381834,6294.944233402219,1.0552500109466625,0.9904935904652705,1.1364934679007512,0.9361279231434767,0.13783755517640428,0.5,0.0012876544132459234,0.0010895091536253408,0.0008726206962965641,-0.03988767505303118,0.0403012765601704,-0.0006989770439637954,2243.631407086245,False
2,moderate,57,scenario_nmpc,128.5,0.17674033281192936,0.03583576960003355,5.794562137854389,0.17577925838468483,0.03716764572861644,5.793506966800825,0.1951196674258077,-0.0015415917968749637,-0.15373541381835942,0.12511966742580768,0.2651196674258077,-0.08,0.08,-0.018379334613878334,0.03737736139690851,5.9482975516727485,not_applicable,0.0,,False,-18972.56784974217,-0.13001103483374377,0.8361759202942732,0.3500000079470888,0.3500000079470888,0.3500000079944647,0.35,0.0,False,False,46939.687927246094,3098.8907824055045,10.502292992977637,0.0013275927143022196,6374.518782422303,1.0552500109466625,0.9904935904652705,1.1364934679007512,0.9361279231434767,0.13783755517640428,0.5,0.0012876544132459234,0.0010895091536253408,0.0008726206962965641,-0.03988767505303118,0.0403012765601704,-0.0006989770439637954,2243.631407086245,False
2,moderate,57,scenario_nmpc,129.0,0.1752062338264466,0.03545709427357301,5.812385289020813,0.17640327903798975,0.034738745058687126,5.812299103648699,0.19418282776108192,-0.0015230249023436837,-0.154501591796875,0.12418282776108192,0.26418282776108193,-0.08,0.08,-0.018976593934635327,0.0369801191759167,5.966886880817689,not_applicable,0.0,,False,-19183.916469761953,-0.12968800208084985,0.8378347324529601,0.3500000079470888,0.3500000079470888,0.35000000794834824,0.35,0.0,False,False,46824.76123046875,3090.036473215777,10.472285304456019,0.0013518717523414796,6454.055699135323,1.0552500109466625,0.9904935904652705,1.1364934679007512,0.9361279231434767,0.13783755517640428,0.5,0.0012876544132459234,0.0010895091536253408,0.0008726206962965641,-0.03988767505303118,0.0403012765601704,-0.0006989770439637954,2243.631407086245,False
2,moderate,57,scenario_nmpc,129.5,0.17365162410544527,0.035074211738942956,5.830018049074467,0.1747625390165822,0.03636079423249647,5.8295858237566,0.19325285558320815,-0.001504267578124996,-0.1552584387207031,0.12325285558320814,0.26325285558320816,-0.08,0.08,-0.01960123147776288,0.03657847931706795,5.98527648779517,not_applicable,0.0,,False,-19392.450382704228,-0.12935741842118434,0.8394743720419061,0.3500000079470888,0.3500000079470888,0.35000000794712227,0.35,0.0,False,False,46711.23419189453,3081.2966822619824,10.442665723857933,0.0013762910080390624,6533.521271751679,1.0552500109466625,0.9904935904652705,1.1364934679007512,0.9361279231434767,0.13783755517640428,0.5,0.0012876544132459234,0.0010895091536253408,0.0008726206962965641,-0.03988767505303118,0.0403012765601704,-0.0006989770439637954,2243.631407086245,False
2,moderate,57,scenario_nmpc,130.0,0.17207666172971312,0.03468717844248454,5.847458328510268,0.17167025781956288,0.035161439587401894,5.8473579692817745,0.19233001502629604,-0.0014853198242187893,-0.156005859375,0.12233001502629604,0.26233001502629605,-0.08,0.08,-0.020253353296582927,0.03617249826670333,6.003464187885268,Solve_Succeeded,0.06100350001361221,2744.5338152327477,False,-19598.01601280968,-0.12901930813714263,0.8410945884794722,0.35000000914573987,0.3500000079470888,0.3500000079470897,0.35,0.0,False,False,46599.12109375,3072.6723145274013,10.413437318216143,0.0014008389838508553,6612.8811621961,1.0552500109466625,0.9904935904652705,1.1364934679007512,0.9361279231434767,0.13783755517640428,0.5,0.0012876544132459234,0.0010895091536253408,0.0008726206962965641,-0.03988767505303118,0.0403012765601704,-0.0006989770439637954,2243.631407086245,False
2,moderate,57,scenario_nmpc,130.5,0.17048151577804996,0.03429605388887123,5.864704066811995,0.16929832317537472,0.03582803715751217,5.866066298649356,0.1914145702244553,-0.0014661816406250083,-0.1567437585449219,0.12141457022445529,0.2614145702244553,-0.08,0.08,-0.020933054446405336,0.035762235529496235,6.021447825356916,not_applicable,0.0,,False,-19800.4597657698,-0.12867369842985424,0.8426951313457428,0.35000000914573987,0.35000000914573987,0.35000000911387535,0.35,0.0,False,False,46488.43621826172,3064.164273807798,10.384603150538863,0.0014255037221538808,6692.10042104379,1.0552500109466625,0.9904935904652705,1.1364934679007512,0.9361279231434767,0.13783755517640428,0.5,0.0012876544132459234,0.0010895091536253408,0.0008726206962965641,-0.03988767505303118,0.0403012765601704,-0.0006989770439637954,2243.631407086245,False
2,moderate,57,scenario_nmpc,131.0,0.16886636662969035,0.03390090064079148,5.881753233981424,0.1692204809300103,0.033276513638210846,5.8810790784442215,0.19050678531179568,-0.001446853027343764,-0.157472041015625,0.12050678531179568,0.2605067853117957,-0.08,0.08,-0.02164041868210534,0.035347753668135244,6.039225274997049,not_applicable,0.0,,False,-19999.62821833202,-0.12832061950635756,0.844275750405994,0.35000000914573987,0.35000000914573987,0.35000000914489277,0.35,0.0,False,False,46379.19384765625,3055.7734627186314,10.356166279834195,0.0014502728061810638,6771.143503362319,1.0552500109466625,0.9904935904652705,1.1364934679007512,0.9361279231434767,0.13783755517640428,0.5,0.0012876544132459234,0.0010895091536253408,0.0008726206962965641,-0.03988767505303118,0.0403012765601704,-0.0006989770439637954,2243.631407086245,False
2,moderate,57,scenario_nmpc,131.5,0.1672314062341619,0.033501784314851485,5.898603832066376,0.16667927455587137,0.03368872318867085,5.897912894308708,0.18960692442242677,-0.001427333984375001,-0.15819061157226566,0.11960692442242676,0.2596069244224268,-0.08,0.08,-0.02237551818826486,0.034929118299226486,6.056794443638642,not_applicable,0.0,,False,-20195.368310398455,-0.12796010465687657,0.8458361956343506,0.35000000914573987,0.35000000914573987,0.35000000914571733,0.35,0.0,False,False,46271.408264160156,3047.5007827021896,10.328129761134306,0.001475133361770905,6849.974285458993,1.0552500109466625,0.9904935904652705,1.1364934679007512,0.9361279231434767,0.13783755517640428,0.5,0.0012876544132459234,0.0010895091536253408,0.0008726206962965641,-0.03988767505303118,0.0403012765601704,-0.0006989770439637954,2243.631407086245,False
2,moderate,57,scenario_nmpc,132.0,0.1655768383501694,0.03309877357364919,5.915253896685743,0.1643631970771632,0.0324198918038059,5.9159090558474485,0.18871525169045833,-0.0014076245117187192,-0.158899375,0.11871525169045832,0.25871525169045834,-0.08,0.08,-0.023138413340288932,0.03450639808536791,6.074153271685743,Solve_Succeeded,0.062027250009123236,2804.165923791803,False,-20387.52753932585,-0.12759219032274827,0.8473762172376315,0.1522641764103443,0.35000000914573987,0.35000000914573925,0.35,0.0,False,False,46165.09375,3039.3471340346637,10.300496645519406,0.0015000720599595582,6928.556082531721,1.0552500109466625,0.9904935904652705,1.1364934679007512,0.9361279231434767,0.13783755517640428,0.5,0.0012876544132459234,0.0010895091536253408,0.0008726206962965641,-0.03988767505303118,0.0403012765601704,-0.0006989770439637954,2243.631407086245,False
2,moderate,57,scenario_nmpc,132.5,0.163902878754908,0.03269194011397713,5.931701498549591,0.16625244255807925,0.03294036400958668,5.9309677049939395,0.18783203125000003,-0.001387724609374974,-0.15959823608398438,0.11783203125000002,0.25783203125000004,-0.08,0.08,-0.023929152495092032,0.0340796647233521,6.0912997346335755,not_applicable,0.0,,False,-16214.968695786343,-0.1029048566693116,0.8488955656793845,0.1522641764103443,0.1522641764103443,0.15752071918053792,0.26,-0.17999999999999994,False,True,46060.264587402344,3031.31341583313,10.273269980141405,0.0015250751204419293,7006.851667220577,1.0552500109466625,0.9904935904652705,1.1364934679007512,0.9361279231434767,0.13783755517640428,0.5,0.0012876544132459234,0.0010895091536253408,0.0008726206962965641,-0.03988767505303118,0.0403012765601704,-0.0006989770439637954,2243.631407086245,False
2,moderate,57,scenario_nmpc,133.0,0.16223078172578764,0.03236856995998852,5.947966548797837,0.16275398066773186,0.03273955358432952,5.947644428661427,0.1869575272351615,-0.0013676342773437655,-0.16028709960937498,0.11695752723516151,0.2569575272351615,-0.08,0.08,-0.02472674550937387,0.033736204237332285,6.108253648407212,not_applicable,0.0,,False,-11927.136530230007,-0.07813118266569369,0.850393991704108,0.1522641764103443,0.1522641764103443,0.15240391457268257,0.17,-0.18,False,True,45956.93505859375,3023.4005260624763,10.246452808247394,0.0015501283159272752,7084.823289056269,1.0552500109466625,0.9904935904652705,1.1364934679007512,0.9361279231434767,0.13783755517640428,0.5,0.0012876544132459234,0.0010895091536253408,0.0008726206962965641,-0.03988767505303118,0.0403012765601704,-0.0006989770439637954,2243.631407086245,False
2,moderate,57,scenario_nmpc,133.5,0.16060042363729393,0.032130945964173284,5.96409135166352,0.16003977448121431,0.0317617783352895,5.964838992168979,0.1860920037800526,-0.0013473535156250382,-0.16096587036132814,0.1160920037800526,0.2560920037800526,-0.08,0.08,-0.02549158014275868,0.03347829947979832,6.125057222024848,not_applicable,0.0,,False,-11118.729797081289,-0.07287569137183236,0.8518712463616613,0.1522641764103443,0.1522641764103443,0.15226789116258113,0.15226789116258113,-0.03546421767483776,False,False,45855.11944580078,3015.6093615422524,10.22004816920285,0.0015752169774135422,7162.432694800383,1.0552500109466625,0.9904935904652705,1.1364934679007512,0.9361279231434767,0.13783755517640428,0.5,0.0012876544132459234,0.0010895091536253408,0.0008726206962965641,-0.03988767505303118,0.0403012765601704,-0.0006989770439637954,2243.631407086245,False
2,moderate,57,scenario_nmpc,134.0,0.15903127650770751,0.03190946513224903,5.98010138041758,0.15832989397704272,0.032646218985907104,5.9797059616622095,0.18523572501878288,-0.0013268823242187366,-0.16163445312500002,0.11523572501878288,0.2552357250187829,-0.08,0.08,-0.026204448511075368,0.033236347456467766,6.1417358335425805,Solve_Succeeded,0.059956040990073234,2861.1299747102207,False,-11181.372889099099,-0.07243649505245536,0.8533270810318607,0.2629367132136197,0.1522641764103443,0.15226427516206645,0.15226427516206645,-7.232001029366941e-06,False,False,45754.83203125,3007.9408179534475,10.194059098514616,0.0016003260004034316,7239.641149671612,1.0552500109466625,0.9904935904652705,1.1364934679007512,0.9361279231434767,0.13783755517640428,0.5,0.0012876544132459234,0.0010895091536253408,0.0008726206962965641,-0.03988767505303118,0.0403012765601704,-0.0006989770439637954,2243.631407086245,False
2,moderate,57,scenario_nmpc,134.5,0.15752040776193876,0.03168670669814959,5.996000351368918,0.15962107658521066,0.03408166589435858,5.995794820975634,0.1843889550854621,-0.0013062207031249717,-0.16229275268554688,0.1143889550854621,0.2543889550854621,-0.08,0.08,-0.02686854732352334,0.03299292740127456,6.158293104054465,not_applicable,0.0,,False,-15830.09397219238,-0.09649608890001454,0.8547612474492646,0.2629367132136197,0.2629367132136197,0.25999463440042814,0.24226427516206644,0.18,False,True,45656.087097167976,3000.3957898452063,10.168488627853662,0.0016254398520835994,7316.409459450795,1.0552500109466625,0.9904935904652705,1.1364934679007512,0.9361279231434767,0.13783755517640428,0.5,0.0012876544132459234,0.0010895091536253408,0.0008726206962965641,-0.03988767505303118,0.0403012765601704,-0.0006989770439637954,2243.631407086245,False
2,moderate,57,scenario_nmpc,135.0,0.15603903086367732,0.03137096149166451,6.011764697069101,0.15874498902852133,0.03174549546547585,6.012102961537296,0.1835519581141999,-0.0012853686523437435,-0.162940673828125,0.11355195811419988,0.2535519581141999,-0.08,0.08,-0.027512927250522567,0.032656330144008254,6.174705370897226,not_applicable,0.0,,False,-17010.121741889077,-0.10173548723991244,0.856173497728144,0.2629367132136197,0.2629367132136197,0.262858501981488,0.262858501981488,0.04118845363884316,False,False,45558.89892578125,2992.97517064147,10.143339785077583,0.0016505425794869025,7392.69799345678,1.0552500109466625,0.9904935904652705,1.1364934679007512,0.9361279231434767,0.13783755517640428,0.5,0.0012876544132459234,0.0010895091536253408,0.0008726206962965641,-0.03988767505303118,0.0403012765601704,-0.0006989770439637954,2243.631407086245,False
2,moderate,57,scenario_nmpc,135.5,0.15455677492308967,0.031031623787552177,6.02736527128168,0.15644319652936797,0.03126715567601522,6.027477093241001,0.18272499823910593,-0.0012643261718749965,-0.16357812133789063,0.11272499823910592,0.25272499823910594,-0.08,0.08,-0.02816822331601626,0.032295949959427174,6.190943392619571,not_applicable,0.0,,False,-17141.90579825284,-0.10139263876392417,0.8575635843876396,0.2629367132136197,0.2629367132136197,0.2629346340725702,0.2629346340725702,0.0001522641821642967,False,False,45463.281799316406,2985.6798526475577,10.118615594252912,0.0016756178186557856,7468.466708383855,1.0552500109466625,0.9904935904652705,1.1364934679007512,0.9361279231434767,0.13783755517640428,0.5,0.0012876544132459234,0.0010895091536253408,0.0008726206962965641,-0.03988767505303118,0.0403012765601704,-0.0006989770439637954,2243.631407086245,False
2,moderate,57,scenario_nmpc,136.0,0.15306761603082952,0.03068966287372851,6.042795519795858,0.15322452482015586,0.03052841008292117,6.043351818894345,0.18190833959429,-0.0012430932617187862,-0.164205,0.11190833959429,0.25190833959429004,-0.08,0.08,-0.028840723563460485,0.0319327561354473,6.207000519795858,Solve_Succeeded,0.062324499944224954,2917.3700679323388,False,-17266.396832680224,-0.10102641758018599,0.8589312603771045,0.034217390939277635,0.2629367132136197,0.2629366579424344,0.2629366579424344,4.047739728507693e-06,False,False,45369.25,2978.5107270566778,10.094319075677182,0.0017006488048232245,7543.675172991071,1.0552500109466625,0.9904935904652705,1.1364934679007512,0.9361279231434767,0.13783755517640428,0.5,0.0012876544132459234,0.0010895091536253408,0.0008726206962965641,-0.03988767505303118,0.0403012765601704,-0.0006989770439637954,2243.631407086245,False
2,moderate,57,scenario_nmpc,136.5,0.15157106641513532,0.030345224922287698,6.0580541675247375,0.15089453087981367,0.02978743292591913,6.056900593906746,0.1811022463138618,-0.0012216699218750016,-0.1648212145996094,0.11110224631386179,0.2511022463138618,-0.08,0.08,-0.029531179898726473,0.031566894844162696,6.2228753821243465,not_applicable,0.0,,False,-12582.06543982627,-0.07601828574416718,0.8602762791016343,0.034217390939277635,0.034217390939277635,0.04029758688928675,0.17293665794243443,-0.18,False,True,45276.817810058594,2971.468683956373,10.07045324590077,0.0017256183836254354,7618.282593631838,1.0552500109466625,0.9904935904652705,1.1364934679007512,0.9361279231434767,0.13783755517640428,0.5,0.0012876544132459234,0.0010895091536253408,0.0008726206962965641,-0.03988767505303118,0.0403012765601704,-0.0006989770439637954,2243.631407086245,False
2,moderate,57,scenario_nmpc,137.0,0.1500899085725602,0.030094476590278273,6.0731640187861355,0.1498557875418697,0.030070710078618338,6.0729010826839085,0.18030698253193092,-0.0012000561523436981,-0.165426669921875,0.11030698253193091,0.25030698253193095,-0.08,0.08,-0.030217073959370733,0.03129453274262197,6.238590688708011,not_applicable,0.0,,False,-7787.236640683803,-0.050938398142515835,0.86159839444778,0.034217390939277635,0.034217390939277635,0.03437902482030086,0.08293665794243443,-0.18,False,True,45185.99951171875,2964.5546123349086,10.047021117748553,0.0017505090233587229,7692.247840612309,1.0552500109466625,0.9904935904652705,1.1364934679007512,0.9361279231434767,0.13783755517640428,0.5,0.0012876544132459234,0.0010895091536253408,0.0008726206962965641,-0.03988767505303118,0.0403012765601704,-0.0006989770439637954,2243.631407086245,False
2,moderate,57,scenario_nmpc,137.5,0.14866742785786263,0.029939601086986005,6.088172466397764,0.1475206558380259,0.029416159063704282,6.088480871537301,0.1795228123826071,-0.0011782519531250424,-0.1660212707519531,0.10952281238260708,0.2495228123826071,-0.08,0.08,-0.030855384524744456,0.031117853040111047,6.254193737149717,not_applicable,0.0,,False,-5139.400439899757,-0.037138443996354936,0.862897360809448,0.034217390939277635,0.034217390939277635,0.03422168775992444,0.03422168775992444,-0.09742994036501998,False,False,45096.80938720703,2957.7694000875917,10.024025700341314,0.0017753028282903995,7765.52947536511,1.0552500109466625,0.9904935904652705,1.1364934679007512,0.9361279231434767,0.13783755517640428,0.5,0.0012876544132459234,0.0010895091536253408,0.0008726206962965641,-0.03988767505303118,0.0403012765601704,-0.0006989770439637954,2243.631407086245,False
2,moderate,57,scenario_nmpc,138.0,0.14733255038731602,0.029837638060444205,6.10311670820368,0.14843549934456843,0.029433280296361823,6.103003405900692,0.17875000000000002,-0.0011562573242187568,-0.16660492187500003,0.10875000000000001,0.24875000000000003,-0.08,0.08,-0.031417449612684,0.03099389538466296,6.2697216300786796,Solve_Succeeded,0.06257154099876061,2971.040594972851,False,-5124.705783738003,-0.03672142403810444,0.8641729331139841,-0.08984498268122687,0.034217390939277635,0.034217505164510324,0.034217505164510324,-8.365190828238389e-06,False,False,45009.26171875,2951.1139340230284,10.001469999116953,0.0017999815530315465,7838.085778424777,1.0552500109466625,0.9904935904652705,1.1364934679007512,0.9361279231434767,0.13783755517640428,0.5,0.0012876544132459234,0.0010895091536253408,0.0008726206962965641,-0.03988767505303118,0.0403012765601704,-0.0006989770439637954,2243.631407086245,False
2,moderate,57,scenario_nmpc,138.5,0.14608850664362982,0.029735919340648054,6.118010033632478,0.14533760350221403,0.028708448035187517,6.117137109508469,0.1779888095182194,-0.0011340722656249524,-0.16717752807617187,0.1079888095182194,0.24798880951821942,-0.08,0.08,-0.03190030287458959,0.030869991606273007,6.28518756170865,not_applicable,0.0,,False,-94.84459647903122,-0.011548440582288379,0.8654248668484424,-0.08984498268122687,-0.08984498268122687,-0.08654694729474019,-0.05578249483548967,-0.18,False,True,44923.37078857422,2944.589099869325,9.979357015851507,0.0018245266179768348,7909.874778189992,1.0552500109466625,0.9904935904652705,1.1364934679007512,0.9361279231434767,0.13783755517640428,0.5,0.0012876544132459234,0.0010895091536253408,0.0008726206962965641,-0.03988767505303118,0.0403012765601704,-0.0006989770439637954,2243.631407086245,False
2,moderate,57,scenario_nmpc,139.0,0.14495013157653552,0.029734742224054502,6.132877640056328,0.14850803797646878,0.03109386709976838,6.131747358098116,0.17723950507137493,-0.0011116967773437958,-0.167738994140625,0.10723950507137492,0.24723950507137493,-0.08,0.08,-0.0322893734948394,0.030846439001398298,6.3006166341969525,not_applicable,0.0,,False,1878.0741004368526,-0.001789229797862512,0.8666529180860374,-0.08984498268122687,-0.08984498268122687,-0.08975730881945454,-0.08975730881945454,-0.06794962796792973,False,False,44839.15087890625,2938.19578228022,9.957689748679924,0.0018489191258140867,7980.854280456803,1.0552500109466625,0.9904935904652705,1.1364934679007512,0.9361279231434767,0.13783755517640428,0.5,0.0012876544132459234,0.0010895091536253408,0.0008726206962965641,-0.03988767505303118,0.0403012765601704,-0.0006989770439637954,2243.631407086245,False
2,moderate,57,scenario_nmpc,139.5,0.14393927982635107,0.029772950056600717,6.147754510332519,0.1449672413621661,0.0298180536783581,6.146085427420086,0.1765023507935763,-0.0010891308593750093,-0.16828922485351566,0.10650235079357628,0.2465023507935763,-0.08,0.08,-0.032563070967225216,0.030862080915975726,6.316043735186035,not_applicable,0.0,,False,1954.3633356254381,-0.001403497633407108,0.867856843512781,-0.08984498268122687,-0.08984498268122687,-0.08984265198881843,-0.08984265198881843,-0.00017068633872777128,False,False,44756.616271972656,2931.934864841167,9.93647119211668,0.001873139879103594,8050.981898706304,1.0552500109466625,0.9904935904652705,1.1364934679007512,0.9361279231434767,0.13783755517640428,0.5,0.0012876544132459234,0.0010895091536253408,0.0008726206962965641,-0.03988767505303118,0.0403012765601704,-0.0006989770439637954,2243.631407086245,False
2,moderate,57,scenario_nmpc,140.0,0.1430521706049737,0.029812609571764546,6.162650853523144,0.14129572162085857,0.030182293289002814,6.163897260004391,0.17577761081893314,-0.0010663745117187595,-0.168828125,0.10577761081893314,0.24577761081893315,-0.08,0.08,-0.032725440213959456,0.030878984083483305,6.331478978523144,Solve_Succeeded,0.06300283299060538,3029.3750586091223,False,2019.1412643725316,-0.0010799155081265763,0.8690364004543025,0.0896000750770252,-0.08984498268122687,-0.08984492072288498,-0.08984492072288498,-4.537468133114508e-06,False,False,44675.78125,2925.80723007535,9.91570433707618,0.00189716939892441,8120.215085129237,1.0552500109466625,0.9904935904652705,1.1364934679007512,0.9361279231434767,0.13783755517640428,0.5,0.0012876544132459234,0.0010895091536253408,0.0008726206962965641,-0.03988767505303118,0.0403012765601704,-0.0006989770439637954,2243.631407086245,False
2,moderate,57,scenario_nmpc,140.5,0.14227654709176252,0.02985349710627043,6.177567339015233,0.14337405869194042,0.02917445962733532,6.175828628416898,0.1750655492815552,-0.001043427734374991,-0.16935559936523442,0.1050655492815552,0.24506554928155522,-0.08,0.08,-0.03278900218979269,0.03089692484064542,6.346922938380467,not_applicable,0.0,,False,-3146.7654909299486,-0.025714366708860254,0.8701913469028518,0.0896000750770252,0.0896000750770252,0.08482976975466268,0.0001550792771150139,0.18,False,True,44596.660095214844,2919.813759449646,9.895392170892935,0.0019209879445819726,8188.5111623692155,1.0552500109466625,0.9904935904652705,1.1364934679007512,0.9361279231434767,0.13783755517640428,0.5,0.0012876544132459234,0.0010895091536253408,0.0008726206962965641,-0.03988767505303118,0.0403012765601704,-0.0006989770439637954,2243.631407086245,False
2,moderate,57,scenario_nmpc,141.0,0.14157615941691212,0.02979101667833075,6.192478429940652,0.14210744053971014,0.030367606451311188,6.193055353520869,0.17436643031555224,-0.0010202905273437035,-0.169871552734375,0.10436643031555223,0.24436643031555225,-0.08,0.08,-0.03279027089864012,0.030811307205674453,6.362349982675028,not_applicable,0.0,,False,-8376.329098035034,-0.05024841113368798,0.8713214415444862,0.0896000750770252,0.0896000750770252,0.08947326288721115,0.08947326288721115,0.17863636722019227,False,False,44519.26708984375,2913.9553333805284,9.875537677341596,0.0019445755343684321,8255.827355965446,1.0552500109466625,0.9904935904652705,1.1364934679007512,0.9361279231434767,0.13783755517640428,0.5,0.0012876544132459234,0.0010895091536253408,0.0008726206962965641,-0.03988767505303118,0.0403012765601704,-0.0006989770439637954,2243.631407086245,False
2,moderate,57,scenario_nmpc,141.5,0.14089392689809468,0.029623931791105187,6.207332130180634,0.13989642396834437,0.030541270646659863,6.206594760193636,0.17368051805503382,-0.0009969628906250083,-0.17037588989257813,0.10368051805503381,0.24368051805503382,-0.08,0.08,-0.03278659115693913,0.030620894681730196,6.377708020073213,not_applicable,0.0,,False,-8427.548705448307,-0.05008855095803291,0.8724264437864387,0.0896000750770252,0.0896000750770252,0.08959670394448783,0.08959670394448783,0.0002468821145533706,False,False,44443.61651611328,2908.2328312399127,9.856143836656756,0.0019679119673639677,8322.120827474848,1.0552500109466625,0.9904935904652705,1.1364934679007512,0.9361279231434767,0.13783755517640428,0.5,0.0012876544132459234,0.0010895091536253408,0.0008726206962965641,-0.03988767505303118,0.0403012765601704,-0.0006989770439637954,2243.631407086245,False
2,moderate,57,scenario_nmpc,142.0,0.14020340264518527,0.029455831348632264,6.222102033354738,0.13983850108921753,0.02914618359346551,6.221517230454847,0.17300807663410972,-0.0009734448242187388,-0.170868515625,0.10300807663410971,0.24300807663410973,-0.08,0.08,-0.03280467398892445,0.030429276172851003,6.392970548979738,Solve_Succeeded,0.06124466599430889,3079.660001875469,False,-8469.126548116932,-0.0498926564497502,0.87350611378467,0.028519806913398442,0.0896000750770252,0.0895999854599734,0.0895999854599734,6.563030971129535e-06,False,False,44369.72265625,2902.64713136095,9.837213625552586,0.00199097684626431,8387.348708253021,1.0552500109466625,0.9904935904652705,1.1364934679007512,0.9361279231434767,0.13783755517640428,0.5,0.0012876544132459234,0.0010895091536253408,0.0008726206962965641,-0.03988767505303118,0.0403012765601704,-0.0006989770439637954,2243.631407086245,False
2,moderate,57,scenario_nmpc,142.5,0.13950501597634887,0.02928690793398207,6.236787679852607,0.1369882216632578,0.02918056064195999,6.2370514151463174,0.17234937018688956,-0.000949736328125006,-0.17134933471679686,0.10234937018688955,0.24234937018688957,-0.08,0.08,-0.03284435421054069,0.030236644262107076,6.408137014569403,not_applicable,0.0,,False,-4927.858942189761,-0.03314647080616072,0.8745602124716015,0.028519806913398442,0.028519806913398442,0.030143541805044423,0.030143541805044423,-0.11891288730985795,False,False,44297.59979248047,2897.199111043762,9.818750017242264,0.0020137496012163597,8451.468133872244,1.0552500109466625,0.9904935904652705,1.1364934679007512,0.9361279231434767,0.13783755517640428,0.5,0.0012876544132459234,0.0010895091536253408,0.0008726206962965641,-0.03988767505303118,0.0403012765601704,-0.0006989770439637954,2243.631407086245,False
2,moderate,57,scenario_nmpc,143.0,0.13881647053123064,0.029188809902199585,6.2514065712822875,0.13980229725136414,0.02913181556477415,6.250794835665771,0.1717046628474831,-0.0009258374023437543,-0.171818251953125,0.10170466284748308,0.2417046628474831,-0.08,0.08,-0.03288819231625245,0.03011464730454334,6.4232248232354126,not_applicable,0.0,,False,-4838.267115990358,-0.032490308458230824,0.8755885015840311,0.028519806913398442,0.028519806913398442,0.028562971734803443,0.028562971734803443,-0.003161140140481959,False,False,44227.26220703125,2891.8896465611238,9.800755981457243,0.0020362095146406528,8514.436279154468,1.0552500109466625,0.9904935904652705,1.1364934679007512,0.9361279231434767,0.13783755517640428,0.5,0.0012876544132459234,0.0010895091536253408,0.0008726206962965641,-0.03988767505303118,0.0403012765601704,-0.0006989770439637954,2243.631407086245,False
2,moderate,57,scenario_nmpc,143.5,0.13815363009979714,0.029092489614822654,6.265976859291241,0.13747426410077995,0.028732541120809058,6.265446939258875,0.17107421875,-0.0009017480468749839,-0.17227517211914062,0.10107421875,0.24107421875,-0.08,0.08,-0.032920588650202864,0.029994237661697638,6.438252031410381,not_applicable,0.0,,False,-4841.379041328233,-0.03227045605613825,0.8765907436912289,0.028519806913398442,0.028519806913398442,0.02852095439247062,0.02852095439247062,-8.403468466564729e-05,False,False,44158.724182128906,2886.719613164095,9.783234484466332,0.0020583357470159557,8576.210393796018,1.0552500109466625,0.9904935904652705,1.1364934679007512,0.9361279231434767,0.13783755517640428,0.5,0.0012876544132459234,0.0010895091536253408,0.0008726206962965641,-0.03988767505303118,0.0403012765601704,-0.0006989770439637954,2243.631407086245,False
2,moderate,57,scenario_nmpc,144.0,0.13751421202144865,0.028996094165215005,6.280498969421471,0.13914132289341027,0.029452581318028533,6.2807950886292145,0.17045830202855,-0.0008774682617187501,-0.17271999999999998,0.10045830202855,0.24045830202855,-0.08,0.08,-0.032944090007101356,0.029873562426933755,6.453218969421471,Solve_Succeeded,0.06276208302006125,3131.8738363690313,False,-4846.945211671689,-0.03206943798146204,0.8775667022232162,0.12313514171249812,0.028519806913398442,0.02851983741759557,0.02851983741759557,-2.233949750102271e-06,False,False,44092.0,2881.6898850875914,9.766188489094581,0.002080107363597975,8636.747838560173,1.0552500109466625,0.9904935904652705,1.1364934679007512,0.9361279231434767,0.13783755517640428,0.5,0.0012876544132459234,0.0010895091536253408,0.0008726206962965641,-0.03988767505303118,0.0403012765601704,-0.0006989770439637954,2243.631407086245,False
2,moderate,57,scenario_nmpc,144.5,0.13689572930151672,0.028899575898439105,6.294972852060833,0.13552646113029987,0.03128888182273462,6.295219210019715,0.1698571768172427,-0.0008529980468749976,-0.17315264038085937,0.09985717681724268,0.2398571768172427,-0.08,0.08,-0.03296144751572597,0.029752573945314102,6.468125492441692,not_applicable,0.0,,False,-10453.546149215726,-0.05703578071748443,0.8785161414992242,0.12313514171249812,0.12313514171249812,0.12061992033425364,0.11851983741759556,0.18,False,True,44027.103942871094,2876.8013355559106,9.749620954742001,0.0021015033620407353,8696.006122013177,1.0552500109466625,0.9904935904652705,1.1364934679007512,0.9361279231434767,0.13783755517640428,0.5,0.0012876544132459234,0.0010895091536253408,0.0008726206962965641,-0.03988767505303118,0.0403012765601704,-0.0006989770439637954,2243.631407086245,False
2,moderate,57,scenario_nmpc,145.0,0.13626893844147916,0.02869092873048728,6.309370442593542,0.13583069669607928,0.02858137511553696,6.306874051767856,0.16927110725018785,-0.0008283374023437817,-0.17357299804687498,0.09927110725018784,0.23927110725018785,-0.08,0.08,-0.03300216880870868,0.02951926613283106,6.482943440640417,not_applicable,0.0,,False,-10785.229018740956,-0.0581383570810719,0.8794388267563331,0.12313514171249812,0.12313514171249812,0.12306827791463029,0.12306827791463029,0.009096880994069467,False,False,43964.05029296875,2872.054836788207,9.733534837402127,0.002122502700885715,8753.942937778173,1.0552500109466625,0.9904935904652705,1.1364934679007512,0.9361279231434767,0.13783755517640428,0.5,0.0012876544132459234,0.0010895091536253408,0.0008726206962965641,-0.03988767505303118,0.0403012765601704,-0.0006989770439637954,2243.631407086245,False
2,moderate,57,scenario_nmpc,145.5,0.1356070523945625,0.028475674719771964,6.323662055600174,0.134170172376854,0.02981631347780185,6.3246442076355605,0.16870035746149514,-0.0008034863281249915,-0.17398097778320315,0.09870035746149514,0.23870035746149515,-0.08,0.08,-0.03309330506693264,0.029279161047896955,6.497643033383377,not_applicable,0.0,,False,-10832.882853204794,-0.057976323584804874,0.8803345241782927,0.12313514171249812,0.12313514171249812,0.12313336422781865,0.12313336422781865,0.00013017262637671223,False,False,43902.85333251953,2867.45126000391,9.717933089680376,0.0021430843288804276,8810.51620228116,1.0552500109466625,0.9904935904652705,1.1364934679007512,0.9361279231434767,0.13783755517640428,0.5,0.0012876544132459234,0.0010895091536253408,0.0008726206962965641,-0.03988767505303118,0.0403012765601704,-0.0006989770439637954,2243.631407086245,False
2,moderate,57,scenario_nmpc,146.0,0.13491196805780994,0.028259493626596514,6.337845807691536,0.1354750248139605,0.02859222258081165,6.337101501706519,0.16814519158527425,-0.0007784448242186826,-0.17437648437499997,0.09814519158527424,0.23814519158527425,-0.08,0.08,-0.0332332235274643,0.029037938450815197,6.512222292066536,Solve_Succeeded,0.060388582991436124,3185.04644766139,False,-10871.538478210467,-0.05778587622483665,0.8812030009245224,0.047582407188044316,0.12313514171249812,0.12313509446044414,0.12313509446044414,3.46046525098731e-06,False,False,43843.52734375,2862.991475428098,9.702818660812255,0.0021632272150845996,8865.684092961956,1.0552500109466625,0.9904935904652705,1.1364934679007512,0.9361279231434767,0.13783755517640428,0.5,0.0012876544132459234,0.0010895091536253408,0.0008726206962965641,-0.03988767505303118,0.0403012765601704,-0.0006989770439637954,2243.631407086245,False
2,moderate,57,scenario_nmpc,146.5,0.13418674767006733,0.028042563472401572,6.351921279991793,0.1345105269787302,0.026061937000587686,6.351858852419326,0.16760587375563488,-0.0007532128906250213,-0.17475942260742183,0.09760587375563487,0.23760587375563488,-0.08,0.08,-0.033419126085567546,0.028795776363026594,6.526680702599215,not_applicable,0.0,,False,-6191.727002031366,-0.03694261945107333,0.8820440251592905,0.047582407188044316,0.047582407188044316,0.04959087437659826,0.04959087437659826,-0.14708844016769176,False,False,43786.08660888672,2858.67635229682,9.68819449668141,0.0021829103797187514,8919.405086922801,1.0552500109466625,0.9904935904652705,1.1364934679007512,0.9361279231434767,0.13783755517640428,0.5,0.0012876544132459234,0.0010895091536253408,0.0008726206962965641,-0.03988767505303118,0.0403012765601704,-0.0006989770439637954,2243.631407086245,False
2,moderate,57,scenario_nmpc,147.0,0.1334569249808145,0.02791924029916817,6.36591168849286,0.13523061728472074,0.027795170744632922,6.36662161766968,0.16708266810668673,-0.0007277905273437857,-0.175129697265625,0.09708266810668673,0.23708266810668674,-0.08,0.08,-0.03362574312587224,0.028647030826511957,6.541041385758485,not_applicable,0.0,,False,-6064.1416809790335,-0.03617203305049223,0.8828573660810748,0.047582407188044316,0.047582407188044316,0.047635799603233386,0.047635799603233386,-0.0039101495467297465,False,False,43730.54541015625,2854.506758862366,9.674063539837478,0.002202112925706482,8971.63799998612,1.0552500109466625,0.9904935904652705,1.1364934679007512,0.9361279231434767,0.13783755517640428,0.5,0.0012876544132459234,0.0010895091536253408,0.0008726206962965641,-0.03988767505303118,0.0403012765601704,-0.0006989770439637954,2243.631407086245,False
2,moderate,57,scenario_nmpc,147.5,0.132745347224978,0.027798458804097627,6.379841071656714,0.13339699403267208,0.027255778537155592,6.37803891436065,0.16657583877253945,-0.0007021777343750313,-0.17548721313476562,0.09657583877253945,0.23657583877253946,-0.08,0.08,-0.03383049154756146,0.028500636538472658,6.5553282847914796,not_applicable,0.0,,False,-6057.788572975867,-0.035941246411623766,0.8836427939521009,0.047582407188044316,0.047582407188044316,0.04758382655402449,0.04758382655402449,-0.00010394609841779534,False,False,43676.918029785156,2850.4835623984977,9.660428729513812,0.0022208140708584213,9022.342026132479,1.0552500109466625,0.9904935904652705,1.1364934679007512,0.9361279231434767,0.13783755517640428,0.5,0.0012876544132459234,0.0010895091536253408,0.0008726206962965641,-0.03988767505303118,0.0403012765601704,-0.0006989770439637954,2243.631407086245,False
2,moderate,57,scenario_nmpc,148.0,0.13205073287913544,0.027677794918217865,6.3937100942473135,0.1293830206578973,0.026620584422500856,6.393426322815863,0.1660856498873028,-0.0006763745117187581,-0.17583187500000003,0.09608564988730278,0.2360856498873028,-0.08,0.08,-0.034034917008167354,0.028354169429936623,6.569541969247314,Solve_Succeeded,0.058626791986171156,3242.0673082583526,False,-6053.920924255157,-0.03572991982457525,0.8844000801280599,-0.31241617694890095,0.047582407188044316,0.04758244491999142,0.04758244491999142,-2.7632680661415776e-06,False,False,43625.21875,2846.6076292056214,9.647293001645018,0.002238993180642456,9071.476777288755,1.0552500109466625,0.9904935904652705,1.1364934679007512,0.9361279231434767,0.13783755517640428,0.5,0.0012876544132459234,0.0010895091536253408,0.0008726206962965641,-0.03988767505303118,0.0403012765601704,-0.0006989770439637954,2243.631407086245,False
2,moderate,57,scenario_nmpc,148.5,0.1313713588066822,0.027557199961118363,6.40751880281475,0.13116287990530684,0.027513751537225385,6.407540760959148,0.16561236558508644,-0.000650380859374966,-0.17616358764648438,0.09561236558508643,0.23561236558508644,-0.08,0.08,-0.03424100677840425,0.02820758082049333,6.5836823904612345,not_applicable,0.0,,False,-131.4344544339283,-0.010173921107268056,0.8851289970880061,-0.31241617694890095,-0.31241617694890095,-0.3028460948505446,-0.04241755508000858,-0.18,False,True,43575.461853027344,2842.879824615921,9.634659288884347,0.002256629801481576,9119.00232343598,1.0552500109466625,0.9904935904652705,1.1364934679007512,0.9361279231434767,0.13783755517640428,0.5,0.0012876544132459234,0.0010895091536253408,0.0008726206962965641,-0.03988767505303118,0.0403012765601704,-0.0006989770439637954,2243.631407086245,False
2,moderate,57,scenario_nmpc,149.0,0.13073420620539553,0.027555032507683597,6.421296823138849,0.13016868772434928,0.027170235848658863,6.421092314699715,0.16515625,-0.0006241967773437107,-0.176482255859375,0.09515625,0.23515625,-0.08,0.08,-0.03442204379460448,0.028179229285027307,6.597779078998224,not_applicable,0.0,,False,5858.859701422487,0.015408806996488961,0.8858293184644305,-0.31241617694890095,-0.31241617694890095,-0.312161769110077,-0.13241755508000858,-0.18,False,True,43527.66162109375,2839.3010129984405,9.622530520620925,0.00227370369451751,9164.879233005366,1.0552500109466625,0.9904935904652705,1.1364934679007512,0.9361279231434767,0.13783755517640428,0.5,0.0012876544132459234,0.0010895091536253408,0.0008726206962965641,-0.03988767505303118,0.0403012765601704,-0.0006989770439637954,2243.631407086245,False
2,moderate,57,scenario_nmpc,149.5,0.13019127090897523,0.02767261062521706,6.435103701619546,0.128832046276777,0.026330923604115954,6.434336405288971,0.16471756726615328,-0.0005978222656249921,-0.1767877844238281,0.09471756726615327,0.23471756726615328,-0.08,0.08,-0.03452629635717805,0.02827043289084205,6.611891486043374,not_applicable,0.0,,False,11909.462325235869,0.04099996819281859,0.8865008190735161,-0.31241617694890095,-0.31241617694890095,-0.31240941385661086,-0.22241755508000857,-0.18,False,True,43481.83233642579,2835.872057764125,9.61090962299683,0.002290194869775143,9209.068613530138,1.0552500109466625,0.9904935904652705,1.1364934679007512,0.9361279231434767,0.13783755517640428,0.5,0.0012876544132459234,0.0010895091536253408,0.0008726206962965641,-0.03988767505303118,0.0403012765601704,-0.0006989770439637954,2243.631407086245,False
2,moderate,57,scenario_nmpc,150.0,0.12978972097846528,0.027911105408887128,6.448999606699758,0.13089257686132685,0.0264676370649877,6.44937340105528,0.16429658151765592,-0.0005712573242187546,-0.17708007812499998,0.09429658151765591,0.23429658151765592,-0.08,0.08,-0.03450686053919064,0.028482362733105882,6.626079684824758,Solve_Succeeded,0.06355554197216406,3291.511411606467,False,18012.927810851565,0.06658228395220812,0.8871432749455687,-0.2943410778934561,-0.31241617694890095,-0.31241599716113366,-0.31241599716113366,-0.17999688416225018,False,False,43437.98828125,2832.59382137081,9.599799518924007,0.0023060836206598477,9251.532152520194,1.0552500109466625,0.9904935904652705,1.1364934679007512,0.9361279231434767,0.13783755517640428,0.5,0.0012876544132459234,0.0010895091536253408,0.0008726206962965641,-0.03988767505303118,0.0403012765601704,-0.0006989770439637954,2243.631407086245,False
2,moderate,57,scenario_nmpc,150.5,0.1295723302256281,0.02827154183888591,6.463045255611199,0.12844340246842004,0.029026753241630985,6.462600334052944,0.1638935568886176,-0.0005445019531249984,-0.17735904174804684,0.09389355688861759,0.2338935568886176,-0.08,0.08,-0.03432122666298948,0.028816043792010908,6.640404297359246,not_applicable,0.0,,False,16931.761456757722,0.06174566780909438,0.8877564633556255,-0.2943410778934561,-0.2943410778934561,-0.294821575458738,-0.294821575458738,0.03518884340479134,False,False,43396.14373779297,2829.467165328174,9.589203128101051,0.00232135055871681,9292.232158525378,1.0552500109466625,0.9904935904652705,1.1364934679007512,0.9361279231434767,0.13783755517640428,0.5,0.0012876544132459234,0.0010895091536253408,0.0008726206962965641,-0.03988767505303118,0.0403012765601704,-0.0006989770439637954,2243.631407086245,False
2,moderate,57,scenario_nmpc,151.0,0.12954300794296136,0.028610215936223444,6.477265693447156,0.12866196118494402,0.028384810350794282,6.477528414049086,0.16350875751314803,-0.0005175561523437788,-0.17762458007812498,0.09350875751314802,0.23350875751314804,-0.08,0.08,-0.033965749570186665,0.029127772088567223,6.654890273525281,not_applicable,0.0,,False,16978.399719773664,0.061683503324423,0.8883401628542431,-0.2943410778934561,-0.2943410778934561,-0.2943538512788761,-0.2943538512788761,0.0009354483597238117,False,False,43356.31298828125,2826.4929502026407,9.579123367029817,0.002335976648578902,9331.131602352714,1.0552500109466625,0.9904935904652705,1.1364934679007512,0.9361279231434767,0.13783755517640428,0.5,0.0012876544132459234,0.0010895091536253408,0.0008726206962965641,-0.03988767505303118,0.0403012765601704,-0.0006989770439637954,2243.631407086245,False
2,moderate,57,scenario_nmpc,151.5,0.1296773007919486,0.028949701898916703,6.491655681211987,0.1311633733958751,0.028621117121236897,6.492610923671307,0.1631424475253569,-0.0004904199218750405,-0.17787659790039062,0.09314244752535689,0.2331424475253569,-0.08,0.08,-0.03346514673340828,0.029440121820791743,6.669532279112378,not_applicable,0.0,,False,17040.1606539641,0.06169699452565523,0.8888941532984604,-0.2943410778934561,-0.2943410778934561,-0.2943414174568314,-0.2943414174568314,2.4867644089376917e-05,False,False,43318.510314941406,2823.6720356222395,9.569563149031898,0.002349943243026835,9368.194158401395,1.0552500109466625,0.9904935904652705,1.1364934679007512,0.9361279231434767,0.13783755517640428,0.5,0.0012876544132459234,0.0010895091536253408,0.0008726206962965641,-0.03988767505303118,0.0403012765601704,-0.0006989770439637954,2243.631407086245,False
2,moderate,57,scenario_nmpc,152.0,0.12995862486729692,0.029290313593774358,6.506215702371317,0.12972267919510283,0.02962641005176126,6.507722170178296,0.1627948910593539,-0.0004630932617187278,-0.17811500000000002,0.0927948910593539,0.23279489105935391,-0.08,0.08,-0.032836266192056984,0.029753406855493086,6.684330702371317,Solve_Succeeded,0.06524441699730232,3347.631945416594,False,17088.27887440305,0.06166599455231813,0.8894182158829406,0.06565859129832542,-0.2943410778934561,-0.2943410869202945,-0.2943410869202945,6.610730738376702e-07,False,False,43282.75,2821.0052802814257,9.56052538426496,0.0023632321180831017,9403.384246079015,1.0552500109466625,0.9904935904652705,1.1364934679007512,0.9361279231434767,0.13783755517640428,0.5,0.0012876544132459234,0.0010895091536253408,0.0008726206962965641,-0.03988767505303118,0.0403012765601704,-0.0006989770439637954,2243.631407086245,False
2,moderate,57,scenario_nmpc,152.5,0.13037213346411508,0.02963178845691281,6.52094625330579,0.13055017037015326,0.029932637041539558,6.5222028147218065,0.16246635224924869,-0.0004355761718750073,-0.17833969116210935,0.09246635224924868,0.2324663522492487,-0.08,0.08,-0.032094218785133605,0.030067364628787816,6.699285944467899,not_applicable,0.0,,False,10965.812896632238,0.03610493110147024,0.8899121331712881,0.06565859129832542,0.06565859129832542,0.05608848111832371,-0.20434108692029448,0.18,False,True,43249.046325683594,2818.4935419458525,9.55201297973891,0.0023758255080588435,9436.667071260972,1.0552500109466625,0.9904935904652705,1.1364934679007512,0.9361279231434767,0.13783755517640428,0.5,0.0012876544132459234,0.0010895091536253408,0.0008726206962965641,-0.03988767505303118,0.0403012765601704,-0.0006989770439637954,2243.631407086245,False
2,moderate,57,scenario_nmpc,153.0,0.1308747170320571,0.029850740053718548,6.535816916339517,0.1322286381643202,0.02785885914107318,6.535046923300018,0.162157095229151,-0.000407868652343768,-0.17855057617187503,0.092157095229151,0.232157095229151,-0.08,0.08,-0.031282378197093896,0.030258608706062316,6.714367492511392,not_applicable,0.0,,False,4785.604926395242,0.010487510529662222,0.8903756891275432,0.06565859129832542,0.06565859129832542,0.06540418271298842,-0.11434108692029449,0.18,False,True,43217.41357421875,2816.1376774571086,9.544028839331956,0.002387706140470799,9468.008667754422,1.0552500109466625,0.9904935904652705,1.1364934679007512,0.9361279231434767,0.13783755517640428,0.5,0.0012876544132459234,0.0010895091536253408,0.0008726206962965641,-0.03988767505303118,0.0403012765601704,-0.0006989770439637954,2243.631407086245,False
2,moderate,57,scenario_nmpc,153.5,0.1313988144041436,0.02994606378606863,6.550766149564924,0.13237608736674789,0.031155075144422346,6.551808630056311,0.16186738413317056,-0.0003799707031249544,-0.17874755981445312,0.09186738413317055,0.23186738413317057,-0.08,0.08,-0.03046856972902695,0.030326034489193583,6.729513709379377,not_applicable,0.0,,False,-1443.0185667231722,-0.015163110898318339,0.8908086691478525,0.06565859129832542,0.06565859129832542,0.06565182818619027,-0.02434108692029449,0.18,False,True,43187.86602783203,2813.938542737408,9.536575863806503,0.0023988572707435703,9497.375938726513,1.0552500109466625,0.9904935904652705,1.1364934679007512,0.9361279231434767,0.13783755517640428,0.5,0.0012876544132459234,0.0010895091536253408,0.0008726206962965641,-0.03988767505303118,0.0403012765601704,-0.0006989770439637954,2243.631407086245,False
2,moderate,57,scenario_nmpc,154.0,0.13188342321245541,0.029916837151464336,6.565731904663649,0.13193797250694125,0.029882412028207236,6.565398233504842,0.161597483095417,-0.000351882324218733,-0.17893054687499999,0.09159748309541699,0.231597483095417,-0.08,0.08,-0.02971405988296158,0.03026871947568307,6.744662451538649,Solve_Succeeded,0.060934333014301956,3400.3018746004445,False,-7711.01197050876,-0.04082561746999924,0.8912108600923155,0.25080810342862264,0.06565859129832542,0.06565841151003057,0.06565841151003057,0.17999899686065013,False,False,43160.41796875,2811.8969927942394,9.529656950824899,0.002409262716610928,9524.73669805617,1.0552500109466625,0.9904935904652705,1.1364934679007512,0.9361279231434767,0.13783755517640428,0.5,0.0012876544132459234,0.0010895091536253408,0.0008726206962965641,-0.03988767505303118,0.0403012765601704,-0.0006989770439637954,2243.631407086245,False
2,moderate,57,scenario_nmpc,154.5,0.13227350160553597,0.029762314462514945,6.580651716606644,0.1357873522776635,0.03008492337631507,6.580916615386595,0.16134765625,-0.0003236035156249928,-0.17909944213867185,0.09134765624999999,0.23134765625,-0.08,0.08,-0.02907415464446403,0.030085917978139937,6.759751158745316,not_applicable,0.0,,False,-14009.725025871097,-0.0664809179039387,0.8915820503170069,0.25080810342862264,0.25080810342862264,0.2458861463862659,0.15565841151003057,0.18,False,True,43135.08367919922,2810.013881724981,9.523274994965092,0.00241890689212833,9550.059711566968,1.0552500109466625,0.9904935904652705,1.1364934679007512,0.9361279231434767,0.13783755517640428,0.5,0.0012876544132459234,0.0010895091536253408,0.0008726206962965641,-0.03988767505303118,0.0403012765601704,-0.0006989770439637954,2243.631407086245,False
2,moderate,57,scenario_nmpc,155.0,0.13251942922901822,0.02948191924575776,6.59546279013636,0.1325414457385369,0.029919425943069105,6.593317720609671,0.1611181677310293,-0.00029513427734373376,-0.17925415039062498,0.09111816773102929,0.2311181677310293,-0.08,0.08,-0.028598738502011084,0.029777053523101494,6.774716940526985,not_applicable,0.0,,False,-20330.67373923273,-0.09211112544632513,0.8919220297061744,0.25080810342862264,0.25080810342862264,0.2506772597805681,0.24565841151003057,0.18,False,True,43111.87744140625,2808.2900627214676,9.517432887736097,0.0024277748412078626,9573.314738097857,1.0552500109466625,0.9904935904652705,1.1364934679007512,0.9361279231434767,0.13783755517640428,0.5,0.0012876544132459234,0.0010895091536253408,0.0008726206962965641,-0.03988767505303118,0.0403012765601704,-0.0006989770439637954,2243.631407086245,False
2,moderate,57,scenario_nmpc,155.5,0.13257652185465893,0.029075241194433686,6.610102083589133,0.13305904895784348,0.029884328076652165,6.609921988506229,0.1609092816726146,-0.00026647460937501144,-0.17939457641601558,0.09090928167261458,0.2309092816726146,-0.08,0.08,-0.02833275981795566,0.029341715803808698,6.789496660005149,not_applicable,0.0,,False,-20748.213011078213,-0.09360795145305142,0.8922305897046117,0.25080810342862264,0.25080810342862264,0.2508046251251574,0.2508046251251574,0.010292427230253642,False,False,43090.81353759766,2806.7263880745245,9.512133517593359,0.002435852270585745,9594.472570367016,1.0552500109466625,0.9904935904652705,1.1364934679007512,0.9361279231434767,0.13783755517640428,0.5,0.0012876544132459234,0.0010895091536253408,0.0008726206962965641,-0.03988767505303118,0.0403012765601704,-0.0006989770439637954,2243.631407086245,False
2,moderate,57,scenario_nmpc,156.0,0.132433124719451,0.028660364164063003,6.62453597579251,0.13101776024389877,0.02957659353014551,6.627187937270714,0.1607212622088655,-0.0002376245117187703,-0.179520625,0.0907212622088655,0.23072126220886552,-0.08,0.08,-0.0282881374894145,0.028897988675781774,6.80405660079251,Solve_Succeeded,0.07210070797009394,3460.696903189988,False,-20787.451003591796,-0.09358206497982721,0.892507523350207,0.2205366034042067,0.25080810342862264,0.250808010962575,0.250808010962575,6.771674835204244e-06,False,False,43071.90625,2805.323709178458,9.50737976995398,0.002443125582132065,9613.505075583043,1.0552500109466625,0.9904935904652705,1.1364934679007512,0.9361279231434767,0.13783755517640428,0.5,0.0012876544132459234,0.0010895091536253408,0.0008726206962965641,-0.03988767505303118,0.0403012765601704,-0.0006989770439637954,2243.631407086245,False
2,moderate,57,scenario_nmpc,156.5,0.13210806183909282,0.028244840831577675,6.638762256556255,0.13282153115319065,0.02856412667075576,6.639529794968652,0.16055437347389181,-0.00020858398437501036,-0.17963220092773435,0.09055437347389181,0.23055437347389182,-0.08,0.08,-0.028446311634798993,0.028453424815952685,6.81839445748399,not_applicable,0.0,,False,-18743.33030267893,-0.08512672875680058,0.8927526253066658,0.2205366034042067,0.2205366034042067,0.22134132830582562,0.22134132830582562,-0.05893336531349874,False,False,43055.169860839844,2804.0828765355113,9.503174527211813,0.0024495819044119188,9630.385235756048,1.0552500109466625,0.9904935904652705,1.1364934679007512,0.9361279231434767,0.13783755517640428,0.5,0.0012876544132459234,0.0010895091536253408,0.0008726206962965641,-0.03988767505303118,0.0403012765601704,-0.0006989770439637954,2243.631407086245,False
2,moderate,57,scenario_nmpc,157.0,0.13162999293244737,0.02787031914663522,6.652791016492482,0.13201626962780505,0.027491191806547542,6.652564568460082,0.16040887960180317,-0.0001793530273437871,-0.179729208984375,0.09040887960180316,0.23040887960180317,-0.08,0.08,-0.028778886669355797,0.028049672173979006,6.8325202254768564,not_applicable,0.0,,False,-18687.182296428215,-0.08476957174006108,0.8929656918964083,0.2205366034042067,0.2205366034042067,0.22055799593992004,0.22055799593992004,-0.0015666647318111626,False,False,43040.61865234375,2803.004739760278,9.499520668752426,0.002455209123407264,9645.087187660534,1.0552500109466625,0.9904935904652705,1.1364934679007512,0.9361279231434767,0.13783755517640428,0.5,0.0012876544132459234,0.0010895091536253408,0.0008726206962965641,-0.03988767505303118,0.0403012765601704,-0.0006989770439637954,2243.631407086245,False
2,moderate,57,scenario_nmpc,157.5,0.13102468036906775,0.027497018178852542,6.666632812760828,0.12913317460418608,0.025702327933162124,6.666665664822433,0.16028504472670924,-0.00014993164062498954,-0.17981155395507814,0.09028504472670923,0.23028504472670924,-0.08,0.08,-0.029260364357641483,0.02764694981947753,6.8464443667159065,not_applicable,0.0,,False,-18669.558040538668,-0.08458857530254661,0.8931465211336418,0.2205366034042067,0.2205366034042067,0.22053717209617002,0.22053717209617002,-4.164768750003489e-05,False,False,43028.26690673828,2802.0901475840824,9.496421070967946,0.0024599959123088387,9657.586262399836,1.0552500109466625,0.9904935904652705,1.1364934679007512,0.9361279231434767,0.13783755517640428,0.5,0.0012876544132459234,0.0010895091536253408,0.0008726206962965641,-0.03988767505303118,0.0403012765601704,-0.0006989770439637954,2243.631407086245,False
2,moderate,57,scenario_nmpc,158.0,0.1303057691261967,0.02712415714177324,6.680288061364583,0.1316326402928602,0.02856413953927525,6.680616618880369,0.16018313298271974,-0.00012031982421872867,-0.179879140625,0.09018313298271974,0.23018313298271975,-0.08,0.08,-0.029877363856523037,0.027244476965991967,6.860167201989583,Solve_Succeeded,0.06375854095676914,3511.992119038074,False,-18639.44199699493,-0.0843770117849171,0.8932949127576065,0.11762664898177105,0.2205366034042067,0.22053661852212228,0.22053661852212228,-1.1071480954805146e-06,False,False,43018.12890625,2801.339947859319,9.493878607271759,0.0024639317602881575,9667.859024520943,1.0552500109466625,0.9904935904652705,1.1364934679007512,0.9361279231434767,0.13783755517640428,0.5,0.0012876544132459234,0.0010895091536253408,0.0008726206962965641,-0.03988767505303118,0.0403012765601704,-0.0006989770439637954,2243.631407086245,False
2,moderate,57,scenario_nmpc,158.5,0.12948535932731056,0.02675197669944016,6.693757043187991,0.12820952223138732,0.026862342712729824,6.695332467227967,0.16010340850394442,-9.05175781250045e-05,-0.17993187377929687,0.09010340850394441,0.23010340850394442,-0.08,0.08,-0.030618049176633855,0.026842494277565163,6.8736889169672875,not_applicable,0.0,,False,-12258.3621299452,-0.058545985348760335,0.8934106682659959,0.11762664898177105,0.11762664898177105,0.12036237294684553,0.13053661852212228,-0.18,False,True,43010.21893310547,2800.754987563758,9.491896148113106,0.002467007000160448,9675.883310627134,1.0552500109466625,0.9904935904652705,1.1364934679007512,0.9361279231434767,0.13783755517640428,0.5,0.0012876544132459234,0.0010895091536253408,0.0008726206962965641,-0.03988767505303118,0.0403012765601704,-0.0006989770439637954,2243.631407086245,False
2,moderate,57,scenario_nmpc,159.0,0.1286049648300808,0.026507471036773134,6.70707184974475,0.12959336959268286,0.028838672752565072,6.706888179358584,0.16004613542449286,-6.052490234376151e-05,-0.179969658203125,0.09004613542449286,0.23004613542449287,-0.08,0.08,-0.031441170594412066,0.026567995939116896,6.887041507947875,not_applicable,0.0,,False,-11296.414784959523,-0.054630016095092326,0.8934935909485493,0.11762664898177105,0.11762664898177105,0.11769937454613096,0.11769937454613096,-0.025674487951982655,False,False,43004.55126953125,2800.3361128048127,9.490476560991553,0.0024692128348504858,9681.63826743412,1.0552500109466625,0.9904935904652705,1.1364934679007512,0.9361279231434767,0.13783755517640428,0.5,0.0012876544132459234,0.0010895091536253408,0.0008726206962965641,-0.03988767505303118,0.0403012765601704,-0.0006989770439637954,2243.631407086245,False
2,moderate,57,scenario_nmpc,159.5,0.12770514955202855,0.026282220601295484,6.720269216035863,0.13012828400684823,0.02687567066108807,6.719750415259578,0.16001157787847484,-3.0341796874999716e-05,-0.17999239868164063,0.09001157787847483,0.23001157787847484,-0.08,0.08,-0.032306428326446285,0.026312562398170484,6.900261614717504,not_applicable,0.0,,False,-11228.593342536893,-0.05433692380933054,0.8935434859208204,0.11762664898177105,0.11762664898177105,0.11762858229367641,0.11762858229367641,-0.00014158450490908692,False,False,43001.140197753906,2800.0841688237724,9.48962271047132,0.002470541362574906,9685.104389214366,1.0552500109466625,0.9904935904652705,1.1364934679007512,0.9361279231434767,0.13783755517640428,0.5,0.0012876544132459234,0.0010895091536253408,0.0008726206962965641,-0.03988767505303118,0.0403012765601704,-0.0006989770439637954,2243.631407086245,False
2,moderate,57,scenario_nmpc,160.0,0.12679274112717964,0.026058336555122574,6.733354297896877,0.12607483131642055,0.025497025345342858,6.732699917198992,0.16,-1.5202636718725238e-05,-0.18,0.09,0.23,-0.08,0.08,-0.03320725887282036,0.0260735391918413,6.913354297896877,Solve_Succeeded,0.11588966700946912,3569.2893591487914,False,-11161.239192545912,-0.05405879726976384,0.8935601601581166,-0.24237142669982378,0.11762664898177105,0.1176267003762835,0.1176267003762835,-3.763834785813769e-06,False,False,43000.0,2800.0,9.489337458195521,0.002470985600656223,9686.263554572393,1.0552500109466625,0.9904935904652705,1.1364934679007512,0.9361279231434767,0.13783755517640428,0.5,0.0012876544132459234,0.0010895091536253408,0.0008726206962965641,-0.03988767505303118,0.0403012765601704,-0.0006989770439637954,2243.631407086245,False
