scenario_id,tier,seed,controller,time_s,alpha_rad,q_radps,theta_rad,measured_alpha_rad,measured_q_radps,measured_theta_rad,alpha_ref_rad,q_ref_radps,theta_ref_rad,alpha_min_rad,alpha_max_rad,q_min_radps,q_max_radps,alpha_error_rad,q_error_rad,theta_error_rad,solver_status,solve_time_s,solver_failure,objective_value,max_predicted_alpha_violation_rad,max_predicted_q_violation_radps,predicted_alpha_constraint_active,predicted_q_constraint_active,control_dt_s,horizon_steps,planning_alpha_buffer_rad,pitching_moment_nm,cm,flap_effectiveness,delta_flap_raw_rad,delta_flap_delayed_rad,delta_flap_lagged_rad,delta_flap_rad,delta_flap_rate_radps,flap_saturated,flap_rate_saturated,altitude_m,velocity_mps,mach,density_kgm3,dynamic_pressure_pa,density_scale,cm_alpha_scale,cm_delta_scale,cm_q_scale,actuator_lag_s,actuator_delay_s,sensor_noise_alpha_rad,sensor_noise_q_radps,sensor_noise_theta_rad,initial_alpha_error_rad,initial_q_error_radps,initial_theta_error_rad,external_disturbance_moment_nm,corridor_violation
1,stress,10056,fast_nmpc_0p5s,0.0,0.05922336186556003,0.043676581488976164,0.09142326199386355,0.05904377643782215,0.04506305165243535,0.0926363314773592,0.12,-1.5202636718752993e-05,0.08,0.04999999999999999,0.19,-0.08,0.08,-0.06077663813443997,0.04369178412569492,0.011423261993863551,Solve_Succeeded,0.027694416989106685,False,116.4679040603679,0.0,0.0,False,False,0.5,10,0.0,-71.2782834677715,-0.0012144466074101177,0.4015798869488264,0.08999932796481414,0.0,0.0,0.0,0.0,False,False,82000.0,6200.0,21.012104371718653,4.648283533972384e-06,89.34000952294922,0.9303608946512464,0.8454174308359381,1.2293875720674339,0.6485713174581409,0.6573352173100183,1.0,0.003974919790454923,0.001090421166685319,0.006246505115645126,-0.06077663813443997,0.04369178412569492,0.011423261993863554,-68.50071747811049,False
1,stress,10056,fast_nmpc_0p5s,0.5,0.07373396962185239,0.04367504658616719,0.11326117796983277,0.07161774844105963,0.042850467582662415,0.11713432585228604,0.12002304098079561,-3.0341796874999716e-05,0.07999239868164063,0.0500230409807956,0.19002304098079562,-0.08,0.08,-0.04628907135894322,0.04370538838304219,0.03326877928819215,Solve_Succeeded,0.02717237500473857,False,92.29487152425374,0.0,0.0,False,False,0.5,10,0.0,-82.01533353777688,-0.005908465054711785,0.40159248685423254,0.08999938548080053,0.0,0.0,0.0,0.0,False,False,81998.8598022461,6199.7501458924335,21.01125760388222,4.649119360722666e-06,89.34887232847827,0.9303608946512464,0.8454174308359381,1.2293875720674339,0.6485713174581409,0.6573352173100183,1.0,0.003974919790454923,0.001090421166685319,0.006246505115645126,-0.06077663813443997,0.04369178412569492,0.011423261993863554,-68.50071747811049,False
1,stress,10056,fast_nmpc_0p5s,1.0,0.08673229262821393,0.04367330832900047,0.13509827472296732,0.0886016467028329,0.044116095039768606,0.12255292009714061,0.12009173525377229,-6.052490234374763e-05,0.079969658203125,0.05009173525377228,0.1900917352537723,-0.08,0.08,-0.03335944262555836,0.043733833231344214,0.05512861651984231,Solve_Succeeded,0.026998499990440905,False,96.70651967184212,0.0,0.0,False,False,0.5,10,0.0,-106.80268135246878,-0.016739726087534552,0.40162486243193063,0.08999991741642967,0.08999932796481414,0.04793688312127367,0.04793688312127367,0.09587376624254734,False,False,81995.44873046875,6199.108143368448,21.00908182581111,4.651620758689541e-06,89.37843164329091,0.9303608946512464,0.8454174308359381,1.2293875720674339,0.6485713174581409,0.6573352173100183,1.0,0.003974919790454923,0.001090421166685319,0.006246505115645126,-0.06077663813443997,0.04369178412569492,0.011423261993863554,-68.50071747811049,False
1,stress,10056,fast_nmpc_0p5s,1.5,0.0983756949068343,0.04367108450917486,0.15693438012249972,0.09259347320371833,0.04244341411431324,0.1421191091656171,0.12020543981481481,-9.05175781250045e-05,0.07993187377929688,0.0502054398148148,0.1902054398148148,-0.08,0.08,-0.02182974490798051,0.043761602087299865,0.07700250634320284,Solve_Succeeded,0.026883334037847817,False,84.43075902149135,0.0,0.0,False,False,0.5,10,0.0,-122.53744433202127,-0.023602934380899422,0.4016744554206741,0.13793670663722607,0.08999938548080053,0.07034088662878031,0.07034088662878031,0.04480800701501328,False,False,81989.78106689453,6198.124722339112,21.005748963664374,4.655779930687736e-06,89.42996699762271,0.9303608946512464,0.8454174308359381,1.2293875720674339,0.6485713174581409,0.6573352173100183,1.0,0.003974919790454923,0.001090421166685319,0.006246505115645126,-0.06077663813443997,0.04369178412569492,0.011423261993863554,-68.50071747811049,False
1,stress,10056,fast_nmpc_0p5s,2.0,0.10880512633732523,0.04366855510403402,0.1787692964694595,0.11470732563648346,0.04296024883183095,0.17486458197658036,0.12036351165980795,-0.00012031982421875642,0.079879140625,0.050363511659807944,0.19036351165980797,-0.08,0.08,-0.011558385322482725,0.04378887492825278,0.0988901558444595,Solve_Succeeded,0.02682891598669812,False,110.20894665420595,0.0,0.0,False,False,0.5,10,0.0,-133.62730794395674,-0.028423382588563847,0.4017399997587981,0.16034085251226565,0.08999991741642967,0.08081199438542382,0.08081199438542382,0.02094221551328701,False,False,81981.87109375,6196.824988604601,21.00134410223131,4.661590822170289e-06,89.5040353534734,0.9303608946512464,0.8454174308359381,1.2293875720674339,0.6485713174581409,0.6573352173100183,1.0,0.003974919790454923,0.001090421166685319,0.006246505115645126,-0.06077663813443997,0.04369178412569492,0.011423261993863554,-68.50071747811049,False
1,stress,10056,fast_nmpc_0p5s,2.5,0.11814691863364767,0.04366581205146082,0.20060289403431897,0.11829758949474896,0.042778318071946646,0.19656305112921163,0.12056530778463648,-0.00014993164062498954,0.07981155395507812,0.05056530778463647,0.19056530778463648,-0.08,0.08,-0.0024183891509888117,0.04381574369208581,0.12079134007924085,Solve_Succeeded,0.026739666995126754,False,113.56328983151145,0.0,0.0,False,False,0.5,10,0.0,-150.27865010235251,-0.035651958722673176,0.4018206300465545,0.17081195963039034,0.13793670663722607,0.1112386733004222,0.1112386733004222,0.06085335782999676,False,False,81971.73309326172,6195.226102903411,20.995925400097143,4.6690490918064524e-06,89.60098147715279,0.9303608946512464,0.8454174308359381,1.2293875720674339,0.6485713174581409,0.6573352173100183,1.0,0.003974919790454923,0.001090421166685319,0.006246505115645126,-0.06077663813443997,0.04369178412569492,0.011423261993863554,-68.50071747811049,False
1,stress,10056,fast_nmpc_0p5s,3.0,0.1265142384095638,0.04366274326438726,0.22243503804183853,0.12977981741974354,0.043711846687129664,0.21456010856722646,0.12081018518518519,-0.00017935302734374547,0.07972920898437501,0.05081018518518518,0.1908101851851852,-0.08,0.08,0.0057040532243786135,0.043842096291731004,0.14270582905746354,Solve_Succeeded,0.026892624970059842,False,147.3860302696554,0.0,0.0,False,False,0.5,10,0.0,-164.91199242157626,-0.04197527075090368,0.40191568368588926,0.20123864953242512,0.16034085251226565,0.13739226221164397,0.13739226221164397,0.05230717782244354,False,False,81959.38134765625,6193.341204448907,20.98953738670099,4.678152085176944e-06,89.72105146928808,0.9303608946512464,0.8454174308359381,1.2293875720674339,0.6485713174581409,0.6573352173100183,1.0,0.003974919790454923,0.001090421166685319,0.006246505115645126,-0.06077663813443997,0.04369178412569492,0.011423261993863554,-68.50071747811049,False
1,stress,10056,fast_nmpc_0p5s,3.5,0.13400844768556658,0.04365938833719943,0.2442655755860877,0.13775676846535792,0.04279294424384085,0.24300482066545667,0.12109750085733882,-0.00020858398437501036,0.07963220092773438,0.051097500857338815,0.19109750085733884,-0.08,0.08,0.012910946828227757,0.04386797232157444,0.16463337465835332,Solve_Succeeded,0.02676554099889472,False,155.43827310673237,0.0,0.0,False,False,0.5,10,0.0,-176.3067769243108,-0.046861408734084,0.40202462079258067,0.22739223187034188,0.17081195963039034,0.15519279656382384,0.15519279656382384,0.03560106870435975,False,False,81944.83013916016,6191.180999058791,20.98221634458463,4.688898811477232e-06,89.86443879682729,0.9303608946512464,0.8454174308359381,1.2293875720674339,0.6485713174581409,0.6573352173100183,1.0,0.003974919790454923,0.001090421166685319,0.006246505115645126,-0.06077663813443997,0.04369178412569492,0.011423261993863554,-68.50071747811049,False
1,stress,10056,fast_nmpc_0p5s,4.0,0.14072037467867296,0.0436558113570547,0.26609437967483707,0.13812806625222837,0.043174683740123336,0.26682296155305046,0.12142661179698216,-0.00023762451171874255,0.079520625,0.05142661179698216,0.19142661179698217,-0.08,0.08,0.019293762881690796,0.043893435868773444,0.18657375467483706,Solve_Succeeded,0.026738208951428533,False,160.07085660678933,0.0,0.0,False,False,0.5,10,0.0,-189.332984072454,-0.05242632301434377,0.40214698367832524,0.2451927628380256,0.20123864953242512,0.17971847605376567,0.17971847605376567,0.049051358979883664,False,False,81928.09375,6188.754562618874,20.973993032370615,4.7012899231277836e-06,90.03130760381869,0.9303608946512464,0.8454174308359381,1.2293875720674339,0.6485713174581409,0.6573352173100183,1.0,0.003974919790454923,0.001090421166685319,0.006246505115645126,-0.06077663813443997,0.04369178412569492,0.011423261993863554,-68.50071747811049,False
1,stress,10056,fast_nmpc_0p5s,4.5,0.14673139329240206,0.0436519790843667,0.287921331021776,0.1412027418984206,0.04438654541359709,0.2903086311875937,0.121796875,-0.00026647460937499756,0.07939457641601563,0.05179687499999999,0.191796875,-0.08,0.08,0.024934518292402064,0.0439184536937417,0.20852675460576034,Solve_Succeeded,0.027750875044148415,False,183.90284567870273,0.0,0.0,False,False,0.5,10,0.0,-202.19944391505715,-0.05788629960890356,0.40228237351219553,0.26971843465179685,0.22739223187034188,0.20511123522442104,0.20511123522442104,0.05078551834131073,False,False,81909.18646240234,6186.0698038826085,20.964894253212666,4.7153276981987e-06,90.22180613942601,0.9303608946512464,0.8454174308359381,1.2293875720674339,0.6485713174581409,0.6573352173100183,1.0,0.003974919790454923,0.001090421166685319,0.006246505115645126,-0.06077663813443997,0.04369178412569492,0.011423261993863554,-68.50071747811049,False
1,stress,10056,fast_nmpc_0p5s,5.0,0.15211439396681836,0.043647894168122967,0.30974630268760645,0.15461724561102722,0.041470170041520364,0.307000656208985,0.1222076474622771,-0.0002951342773437615,0.079254150390625,0.05220764746227709,0.1922076474622771,-0.08,0.08,0.029906746504541268,0.04394302844546673,0.23049215229698145,Solve_Succeeded,0.02919916604878381,False,184.34270053272428,0.0,0.0,False,False,0.5,10,0.0,-213.39537353874695,-0.06258506343549414,0.4024304356602051,0.2951111178809169,0.2451927628380256,0.22646010024357588,0.22646010024357588,0.04269773003830968,False,False,81888.12255859375,6183.133755185188,20.95494384003998,4.731016025563043e-06,90.43607518593103,0.9303608946512464,0.8454174308359381,1.2293875720674339,0.6485713174581409,0.6573352173100183,1.0,0.003974919790454923,0.001090421166685319,0.006246505115645126,-0.06077663813443997,0.04369178412569492,0.011423261993863554,-68.50071747811049,False
1,stress,10056,fast_nmpc_0p5s,5.5,0.15693468300415042,0.04364358953098861,0.33156917662119195,0.15482042221567524,0.04463420224232672,0.3248359809569375,0.12265828617969822,-0.0003236035156249928,0.07909944213867187,0.05265828617969821,0.1926582861796982,-0.08,0.08,0.0342763968244522,0.043967193046613604,0.2524697344825201,Solve_Succeeded,0.028744707989972085,False,228.64312379151573,0.0,0.0,False,False,0.5,10,0.0,-224.81050318479979,-0.06733831000504094,0.40259084988176863,0.3164599813718461,0.26971843465179685,0.24950104696440667,0.24950104696440667,0.04608189344166158,False,False,81864.91632080078,6179.952766846162,20.944163314397265,4.748360392700804e-06,90.67425368576176,0.9303608946512464,0.8454174308359381,1.2293875720674339,0.6485713174581409,0.6573352173100183,1.0,0.003974919790454923,0.001090421166685319,0.006246505115645126,-0.06077663813443997,0.04369178412569492,0.011423261993863554,-68.50071747811049,False
1,stress,10056,fast_nmpc_0p5s,6.0,0.1612507705127547,0.043639060352760835,0.3533898417927713,0.1589618456318236,0.043447026201767616,0.3513256426009453,0.12314814814814815,-0.0003518823242187469,0.07893054687500001,0.05314814814814814,0.19314814814814815,-0.08,0.08,0.03810262236460654,0.04399094267697958,0.27445929491777127,Solve_Succeeded,0.02922079199925065,False,223.62684176909144,0.0,0.0,False,False,0.5,10,0.0,-236.3583828963711,-0.07210461480594225,0.4027633234553852,0.33950077055800937,0.2951111178809169,0.2737946132400631,0.2737946132400631,0.04858713255131286,False,False,81839.58203125,6176.532643486048,20.932572348428415,4.767367876082075e-06,90.93648267933659,0.9303608946512464,0.8454174308359381,1.2293875720674339,0.6485713174581409,0.6573352173100183,1.0,0.003974919790454923,0.001090421166685319,0.006246505115645126,-0.06077663813443997,0.04369178412569492,0.011423261993863554,-68.50071747811049,False
1,stress,10056,fast_nmpc_0p5s,6.5,0.1651150699947847,0.04363430358848204,0.37520818520250454,0.17504138441810616,0.04387290261762278,0.37887774417288633,0.12367659036351165,-0.0003799707031250099,0.07874755981445312,0.05367659036351165,0.19367659036351165,-0.08,0.08,0.04143847963127305,0.04401427429160705,0.2964606253880514,Solve_Succeeded,0.028383291966747493,False,295.79671468062196,0.0,0.0,False,False,0.5,10,0.0,-247.17539539178895,-0.07651016336074841,0.40294758617496185,0.3499997836541142,0.3164599813718461,0.2965197247682181,0.2965197247682181,0.04545022305630997,False,False,81812.13397216797,6172.878743248417,20.920189101145034,4.788047134064338e-06,91.2229081657367,0.9303608946512464,0.8454174308359381,1.2293875720674339,0.6485713174581409,0.6573352173100183,1.0,0.003974919790454923,0.001090421166685319,0.006246505115645126,-0.06077663813443997,0.04369178412569492,0.011423261993863554,-68.50071747811049,False
1,stress,10056,fast_nmpc_0p5s,7.0,0.1685745379906465,0.04362933350678385,0.3970240966530924,0.1665598747002936,0.041655680145133406,0.4032719691179804,0.12424296982167352,-0.00040786865234375413,0.078550576171875,0.05424296982167351,0.19424296982167352,-0.08,0.08,0.04433156816897299,0.044037202159127604,0.3184735204812174,Solve_Succeeded,0.02981233299942687,False,221.12488725076753,0.0,0.0,False,False,0.5,10,0.0,-257.86237703034624,-0.08081112399228554,0.4031433865961587,0.34999978273577376,0.33950077055800937,0.31941297758518195,0.31941297758518195,0.04578650563392772,False,False,81782.58642578125,6168.996052234287,20.907030470688255,4.8104084022451884e-06,91.53368324595189,0.9303608946512464,0.8454174308359381,1.2293875720674339,0.6485713174581409,0.6573352173100183,1.0,0.003974919790454923,0.001090421166685319,0.006246505115645126,-0.06077663813443997,0.04369178412569492,0.011423261993863554,-68.50071747811049,False
1,stress,10056,fast_nmpc_0p5s,7.5,0.17167124364316977,0.043624152396356856,0.4188374700835518,0.17005879180383526,0.04332360750327715,0.42356014144842,0.12484664351851851,-0.0004355761718749934,0.07833969116210937,0.054846643518518506,0.19484664351851852,-0.08,0.08,0.046824600124651256,0.04405972856823185,0.34049777892144245,Solve_Succeeded,0.028763666981831193,False,257.28100190703515,0.0,0.0,False,False,0.5,10,0.0,-266.24736428660486,-0.08408147397504515,0.40335048914940924,0.34999987540851046,0.3499997836541142,0.33570461198663776,0.33570461198663776,0.032583268802911625,False,False,81750.9536743164,6164.88924175046,20.893112288346153,4.834463491217252e-06,91.86896977150266,0.9303608946512464,0.8454174308359381,1.2293875720674339,0.6485713174581409,0.6573352173100183,1.0,0.003974919790454923,0.001090421166685319,0.006246505115645126,-0.06077663813443997,0.04369178412569492,0.011423261993863554,-68.50071747811049,False
1,stress,10056,fast_nmpc_0p5s,8.0,0.17444288549367418,0.04361880601797427,0.4406482114425798,0.1718414009228675,0.04410095810867014,0.4442179212912389,0.1254869684499314,-0.00046309326171874166,0.078115,0.055486968449931395,0.1954869684499314,-0.08,0.08,0.048955917043742775,0.04408189927969301,0.36253321144257983,Solve_Succeeded,0.02757466700859368,False,273.62913539411255,0.0,0.0,False,False,0.5,10,0.0,-271.6553946649782,-0.08604381236926226,0.4035686718725181,0.34999970849685,0.34999978273577376,0.343318734723953,0.343318734723953,0.01522824547463053,False,False,81717.25,6160.562713271744,20.878449470932924,4.860225786678e-06,92.22893964246205,0.9303608946512464,0.8454174308359381,1.2293875720674339,0.6485713174581409,0.6573352173100183,1.0,0.003974919790454923,0.001090421166685319,0.006246505115645126,-0.06077663813443997,0.04369178412569492,0.011423261993863554,-68.50071747811049,False
1,stress,10056,fast_nmpc_0p5s,8.5,0.17692326011336978,0.04361335366083677,0.46245625293897713,0.1782436546401282,0.042309546418976905,0.4633915364582094,0.12616330161179698,-0.0004904199218749988,0.07787659790039063,0.05616330161179697,0.196163301611797,-0.08,0.08,0.050759958501572805,0.04410377358271177,0.3845796550385865,Solve_Succeeded,0.028637291979976,False,268.70540033925465,0.0,0.0,False,False,0.5,10,0.0,-275.5991470110877,-0.08734966617295731,0.4037977245977856,0.34999988760124007,0.34999987540851046,0.34687735085314936,0.34687735085314936,0.0071172322583926695,False,False,81681.4896850586,6156.020634389981,20.86305614262193,4.887710251852238e-06,92.61377585134319,0.9303608946512464,0.8454174308359381,1.2293875720674339,0.6485713174581409,0.6573352173100183,1.0,0.003974919790454923,0.001090421166685319,0.006246505115645126,-0.06077663813443997,0.04369178412569492,0.011423261993863554,-68.50071747811049,False
1,stress,10056,fast_nmpc_0p5s,9.0,0.17914266441170199,0.043607824386629315,0.4842615488671295,0.17619169040107333,0.044048814323478826,0.47675577093343496,0.126875,-0.0005175561523437511,0.077624580078125,0.05687499999999998,0.196875,-0.08,0.08,0.052267664411702,0.044125380538973066,0.4066369687890045,Solve_Succeeded,0.028298582998104393,False,282.6033895515032,0.0,0.0,False,False,0.5,10,0.0,-278.79872567450434,-0.08830833754753992,0.4040374474800409,0.3499999060736509,0.34999970849685,0.34854043097622994,0.34854043097622994,0.0033261602461611695,False,False,81643.68701171875,6151.266968002932,20.84694573386822,4.916933432190173e-06,93.02367333944314,0.9303608946512464,0.8454174308359381,1.2293875720674339,0.6485713174581409,0.6573352173100183,1.0,0.003974919790454923,0.001090421166685319,0.006246505115645126,-0.06077663813443997,0.04369178412569492,0.011423261993863554,-68.50071747811049,False
1,stress,10056,fast_nmpc_0p5s,9.5,0.18112824969016536,0.043602232878316154,0.5060640644556701,0.18258790909856318,0.044314254413871136,0.5050989140127746,0.12762142061042525,-0.0005445019531249984,0.07735904174804688,0.057621420610425245,0.19762142061042526,-0.08,0.08,0.05350682907974011,0.04414673483144115,0.42870502270762323,Solve_Succeeded,0.028227207949385047,False,312.770558640473,0.0,0.0,False,False,0.5,10,0.0,-281.60170847747804,-0.0890687011147579,0.40428764978530923,0.3499999042671882,0.34999988760124007,0.3493177901325231,0.3493177901325231,0.0015547183125863562,False,False,81603.85626220703,6146.305496334782,20.830131062815237,4.9479134623088905e-06,93.4588397128151,0.9303608946512464,0.8454174308359381,1.2293875720674339,0.6485713174581409,0.6573352173100183,1.0,0.003974919790454923,0.001090421166685319,0.006246505115645126,-0.06077663813443997,0.04369178412569492,0.011423261993863554,-68.50071747811049,False
1,stress,10056,fast_nmpc_0p5s,10.0,0.18290434429463073,0.04359658688822337,0.5278637705403404,0.18567463096837764,0.043708246725747704,0.5190605058525763,0.12840192043895748,-0.0005712573242187546,0.077080078125,0.05840192043895748,0.1984019204389575,-0.08,0.08,0.05450242385567325,0.044167844212442124,0.4507836924153404,Solve_Succeeded,0.028154666011687368,False,311.4370503586452,0.0,0.0,False,False,0.5,10,0.0,-284.17979178786857,-0.08970409991869938,0.40454814888211915,0.3499998986121884,0.3499999060736509,0.34968110964706195,0.34968110964706195,0.0007266390290776581,False,False,81562.01171875,6141.139840938384,20.81262440308339,4.9806700751496085e-06,93.91949585203616,0.9303608946512464,0.8454174308359381,1.2293875720674339,0.6485713174581409,0.6573352173100183,1.0,0.003974919790454923,0.001090421166685319,0.006246505115645126,-0.06077663813443997,0.04369178412569492,0.011423261993863554,-68.50071747811049,False
1,stress,10056,fast_nmpc_0p5s,10.5,0.18449274523675316,0.04359089075346371,0.5496606409777086,0.18735684499598934,0.04254828083677375,0.5478933828163499,0.12921585648148148,-0.000597822265625006,0.07678778442382812,0.05921585648148148,0.1992158564814815,-0.08,0.08,0.055276888755271675,0.044188713019088714,0.4728728565538805,Solve_Succeeded,0.02827875001821667,False,296.3240853172646,0.0,0.0,False,False,0.5,10,0.0,-286.62140798801033,-0.09025221516127507,0.40481876939269756,0.3499998890776957,0.3499999042671882,0.3498509111421426,0.3498509111421426,0.0003396029901613362,False,False,81518.16766357422,6135.773479526905,20.794437540813334,5.015224613327705e-06,94.40587644101197,0.9303608946512464,0.8454174308359381,1.2293875720674339,0.6485713174581409,0.6573352173100183,1.0,0.003974919790454923,0.001090421166685319,0.006246505115645126,-0.06077663813443997,0.04369178412569492,0.011423261993863554,-68.50071747811049,False
1,stress,10056,fast_nmpc_0p5s,11.0,0.1859129806563705,0.04358514705924011,0.5714546513535504,0.18906595571367052,0.04410802147301463,0.5747018429916727,0.13006258573388202,-0.0006241967773437523,0.076482255859375,0.06006258573388201,0.20006258573388203,-0.08,0.08,0.05585039492248847,0.04420934383658386,0.49497239549417543,Solve_Succeeded,0.02829858398763463,False,326.07690240882937,0.0,0.0,False,False,0.5,10,0.0,-288.9751232673125,-0.09073369190282862,0.4050993424719997,0.34999989967491557,0.3499998986121884,0.34993026723401155,0.34993026723401155,0.00015871218373786355,False,False,81472.33837890625,6130.2097602705635,20.7755818231183,5.051600042656616e-06,94.91823043378459,0.9303608946512464,0.8454174308359381,1.2293875720674339,0.6485713174581409,0.6573352173100183,1.0,0.003974919790454923,0.001090421166685319,0.006246505115645126,-0.06077663813443997,0.04369178412569492,0.011423261993863554,-68.50071747811049,False
1,stress,10056,fast_nmpc_0p5s,11.5,0.18718254552263824,0.043579357434401854,0.5932457783059282,0.18490264730584738,0.043748460527478675,0.5891111898510277,0.1309414651920439,-0.0006503808593749938,0.07616358764648437,0.06094146519204388,0.2009414651920439,-0.08,0.08,0.056241080330594356,0.04422973829377685,0.5170821906594438,Solve_Succeeded,0.02838654100196436,False,294.6424217999778,0.0,0.0,False,False,0.5,10,0.0,-291.2701013741822,-0.09116089268515029,0.40538970519014955,0.3499998999487534,0.3499998890776957,0.3499673503351729,0.3499673503351729,7.416620232270077e-05,False,False,81424.53814697266,6124.451914042717,20.75606819958672,5.0898209678309625e-06,95.4568214738183,0.9303608946512464,0.8454174308359381,1.2293875720674339,0.6485713174581409,0.6573352173100183,1.0,0.003974919790454923,0.001090421166685319,0.006246505115645126,-0.06077663813443997,0.04369178412569492,0.011423261993863554,-68.50071747811049,False
1,stress,10056,fast_nmpc_0p5s,12.0,0.1883171130612239,0.04357352293791373,0.6150339991437606,0.19226411186044176,0.042468164622024004,0.6183711663279482,0.13185185185185186,-0.0006763745117187442,0.075831875,0.06185185185185185,0.20185185185185187,-0.08,0.08,0.056465261209372036,0.04424989744963247,0.5392021241437606,Solve_Succeeded,0.028283833002205938,False,304.1973787131693,0.0,0.0,False,False,0.5,10,0.0,-293.5257901338578,-0.09154202647609236,0.40568969999943083,0.34999988544034927,0.34999989967491557,0.34998468728568355,0.34998468728568355,3.467390102129819e-05,False,False,81374.78125,6118.5030649893715,20.735907258102767,5.129913650258388e-06,96.02192827696236,0.9303608946512464,0.8454174308359381,1.2293875720674339,0.6485713174581409,0.6573352173100183,1.0,0.003974919790454923,0.001090421166685319,0.006246505115645126,-0.06077663813443997,0.04369178412569492,0.011423261993863554,-68.50071747811049,False
1,stress,10056,fast_nmpc_0p5s,12.5,0.1893307242943402,0.043567644251763606,0.6368192916102231,0.1887057316812002,0.0440940877961689,0.6402937180058604,0.13279310270919067,-0.0007021777343750035,0.07548721313476563,0.06279310270919067,0.20279310270919068,-0.08,0.08,0.05653762158514952,0.04426982198613861,0.5613320784754575,Solve_Succeeded,0.028323000005912036,False,308.8748507270875,0.0,0.0,False,False,0.5,10,0.0,-295.7565219658162,-0.09188310292390094,0.4059991742710676,0.34999990012755944,0.3499998999487534,0.34999279009787154,0.34999279009787154,1.6205624375986716e-05,False,False,81323.08197021484,6112.36623971472,20.715109255976643,5.171906028033003e-06,96.61384498685496,0.9303608946512464,0.8454174308359381,1.2293875720674339,0.6485713174581409,0.6573352173100183,1.0,0.003974919790454923,0.001090421166685319,0.006246505115645126,-0.06077663813443997,0.04369178412569492,0.011423261993863554,-68.50071747811049,False
1,stress,10056,fast_nmpc_0p5s,13.0,0.19023595790638223,0.04356172178201048,0.6586016337196249,0.19488634221905438,0.04132725872882578,0.6573774926546337,0.13376457475994513,-0.000727790527343744,0.075129697265625,0.06376457475994513,0.20376457475994514,-0.08,0.08,0.0564713831464371,0.044289512309354226,0.5834719364539999,Solve_Succeeded,0.02837404201272875,False,288.31039344108086,0.0,0.0,False,False,0.5,10,0.0,-297.9737491318417,-0.09218887849248802,0.40631797989012214,0.3499998729101827,0.34999988544034927,0.349996569332792,0.349996569332792,7.558469840907023e-06,False,False,81269.45458984375,6106.044375314271,20.693684147169208,5.215827738047671e-06,97.23288150971798,0.9303608946512464,0.8454174308359381,1.2293875720674339,0.6485713174581409,0.6573352173100183,1.0,0.003974919790454923,0.001090421166685319,0.006246505115645126,-0.06077663813443997,0.04369178412569492,0.011423261993863554,-68.50071747811049,False
1,stress,10056,fast_nmpc_0p5s,13.5,0.19104408245247448,0.043555755715262275,0.6803810036336557,0.18599340563085995,0.04389306698457151,0.6765067939188254,0.134765625,-0.0007532128906250074,0.07475942260742188,0.064765625,0.204765625,-0.08,0.08,0.05627845745247448,0.04430896860588728,0.6056215810262339,Solve_Succeeded,0.028219625004567206,False,283.0736701587169,0.0,0.0,False,False,0.5,10,0.0,-300.18715195064794,-0.0924633241581329,0.4066459728991729,0.3499999005155019,0.34999990012755944,0.3499983434340334,0.3499983434340334,3.5482024828281666e-06,False,False,81213.91339111328,6099.540326440656,20.671641606238378,5.261710140245436e-06,97.87936383409217,0.9303608946512464,0.8454174308359381,1.2293875720674339,0.6485713174581409,0.6573352173100183,1.0,0.003974919790454923,0.001090421166685319,0.006246505115645126,-0.06077663813443997,0.04369178412569492,0.011423261993863554,-68.50071747811049,False
1,stress,10056,fast_nmpc_0p5s,14.0,0.19176519273352027,0.04354974605310949,0.7021573795603513,0.18919357779972032,0.043145614986327685,0.688828411575986,0.13579561042524005,-0.0007784448242187519,0.074376484375,0.06579561042524004,0.20579561042524006,-0.08,0.08,0.055969582308280225,0.04432819087732824,0.6277808951853513,Solve_Succeeded,0.028369334002491087,False,279.3423169457166,0.0,0.0,False,False,0.5,10,0.0,-302.40517721171926,-0.09270985306155989,0.4069830131832363,0.34999989213889976,0.3499998729101827,0.3499991580881099,0.3499991580881099,1.6293081529505926e-06,False,False,81156.47265625,6092.856871551574,20.64899104951369,5.309586344014252e-06,98.55363433999987,0.9303608946512464,0.8454174308359381,1.2293875720674339,0.6485713174581409,0.6573352173100183,1.0,0.003974919790454923,0.001090421166685319,0.006246505115645126,-0.06077663813443997,0.04369178412569492,0.011423261993863554,-68.50071747811049,False
1,stress,10056,fast_nmpc_0p5s,14.5,0.19240833197936946,0.04354369263589778,0.7239307396676012,0.1897070960311389,0.042757263631842755,0.7203691054101793,0.13685388803155007,-0.0008034863281249915,0.07398097778320313,0.06685388803155007,0.20685388803155008,-0.08,0.08,0.05555444394781939,0.04434717896402277,0.6499497618843981,Solve_Succeeded,0.028154833998996764,False,272.98341724730255,0.0,0.0,False,False,0.5,10,0.0,-304.635387030287,-0.09293146698982796,0.4073289641897978,0.3499998881389252,0.3499999005155019,0.3499995535316751,0.3499995535316751,7.908871304529441e-07,False,False,81097.14666748047,6085.996718461531,20.625741653911437,5.359491236732386e-06,99.25605210118474,0.9303608946512464,0.8454174308359381,1.2293875720674339,0.6485713174581409,0.6573352173100183,1.0,0.003974919790454923,0.001090421166685319,0.006246505115645126,-0.06077663813443997,0.04369178412569492,0.011423261993863554,-68.50071747811049,False
1,stress,10056,fast_nmpc_0p5s,15.0,0.19298160131427614,0.04353759515961899,0.7457010620068154,0.19143675890196932,0.042090796435892315,0.748893005120167,0.13793981481481482,-0.000828337402343754,0.073572998046875,0.06793981481481481,0.20793981481481483,-0.08,0.08,0.055041786499461315,0.044365932561962744,0.6721280639599404,Solve_Succeeded,0.02841220801929012,False,267.58315501962056,0.0,0.0,False,False,0.5,10,0.0,-306.8845945456063,-0.09313081533381351,0.407683692678915,0.3499998801349404,0.34999989213889976,0.34999973388607686,0.34999973388607686,3.607088034929262e-07,False,False,81035.94970703125,6078.962509297259,20.60190237372883,5.411461514475415e-06,99.98699318342747,0.9303608946512464,0.8454174308359381,1.2293875720674339,0.6485713174581409,0.6573352173100183,1.0,0.003974919790454923,0.001090421166685319,0.006246505115645126,-0.06077663813443997,0.04369178412569492,0.011423261993863554,-68.50071747811049,False
1,stress,10056,fast_nmpc_0p5s,15.5,0.19349225782716398,0.0435314531901735,0.767468324444371,0.19778797356750835,0.04430397869845134,0.7612041772703294,0.13905274777091908,-0.0008529980468749976,0.07315264038085938,0.06905274777091908,0.2090527477709191,-0.08,0.08,0.054439510056244894,0.0443844512370485,0.6943156840635116,Solve_Succeeded,0.028265165979973972,False,321.1844312767522,0.0,0.0,False,False,0.5,10,0.0,-309.15902200834705,-0.0933102616396354,0.4080470684992265,0.34999989683664834,0.3499998881389252,0.34999981604669883,0.34999981604669883,1.6432124394505365e-07,False,False,80972.8960571289,6071.756824939426,20.577481955697145,5.465535714898622e-06,100.74685094141053,0.9303608946512464,0.8454174308359381,1.2293875720674339,0.6485713174581409,0.6573352173100183,1.0,0.003974919790454923,0.001090421166685319,0.006246505115645126,-0.06077663813443997,0.04369178412569492,0.011423261993863554,-68.50071747811049,False
1,stress,10056,fast_nmpc_0p5s,16.0,0.19394680243233367,0.04352526617454689,0.7892325045994135,0.19812688041622745,0.04162265755374493,0.7819126125101692,0.1401920438957476,-0.0008774682617187501,0.07272,0.0701920438957476,0.2101920438957476,-0.08,0.08,0.05375475853658607,0.04440273443626564,0.7165125045994135,Solve_Succeeded,0.02838654100196436,False,278.21560946463177,0.0,0.0,False,False,0.5,10,0.0,-311.4643718349878,-0.09347191492446871,0.40841896438639796,0.34999987117675724,0.3499998801349404,0.3499998501824042,0.3499998501824042,6.82714107469451e-08,False,False,80908.0,6064.382189019411,20.552488952527018,5.5217542523122586e-06,101.536036316199,0.9303608946512464,0.8454174308359381,1.2293875720674339,0.6485713174581409,0.6573352173100183,1.0,0.003974919790454923,0.001090421166685319,0.006246505115645126,-0.06077663813443997,0.04369178412569492,0.011423261993863554,-68.50071747811049,False
1,stress,10056,fast_nmpc_0p5s,16.5,0.19435105858305574,0.043519033450633356,0.8109935797869027,0.19597963444033745,0.043666516405677716,0.8111176064727126,0.14135706018518518,-0.0009017480468750116,0.07227517211914063,0.07135706018518517,0.21135706018518519,-0.08,0.08,0.052993998397870556,0.04442078149750837,0.7387184076677621,Solve_Succeeded,0.02823820902267471,False,295.03538153362103,0.0,0.0,False,False,0.5,10,0.0,-313.80590386912576,-0.0936176629411718,0.4087992557810987,0.3499998925516707,0.34999989683664834,0.34999987503213476,0.34999987503213476,4.9699461102115094e-08,False,False,80841.2758178711,6056.841071528806,20.526931735141215,5.580159454969677e-06,102.35497813505975,0.9303608946512464,0.8454174308359381,1.2293875720674339,0.6485713174581409,0.6573352173100183,1.0,0.003974919790454923,0.001090421166685319,0.006246505115645126,-0.06077663813443997,0.04369178412569492,0.011423261993863554,-68.50071747811049,False
1,stress,10056,fast_nmpc_0p5s,17.0,0.19471024279019283,0.043512754255574486,0.8327515269651926,0.19308435643326993,0.04195223048406771,0.8190375599463969,0.1425471536351166,-0.0009258374023437543,0.071818251953125,0.0725471536351166,0.21254715363511661,-0.08,0.08,0.052163089155076225,0.04443859165791824,0.7609332750120676,Solve_Succeeded,0.028372792003210634,False,253.80501840433703,0.0,0.0,False,False,0.5,10,0.0,-316.18847023735987,-0.09374918871453289,0.4091878206640562,0.34999987473452127,0.34999987117675724,0.34999987297862184,0.34999987297862184,-4.107025830535349e-09,False,False,80772.73779296875,6049.1358920902585,20.500818503759668,5.6407956045918854e-06,103.20412341507893,0.9303608946512464,0.8454174308359381,1.2293875720674339,0.6485713174581409,0.6573352173100183,1.0,0.003974919790454923,0.001090421166685319,0.006246505115645126,-0.06077663813443997,0.04369178412569492,0.011423261993863554,-68.50071747811049,False
1,stress,10056,fast_nmpc_0p5s,17.5,0.19502902779898706,0.04350642773345495,0.8545063226876177,0.1889805323679386,0.042941139343727404,0.8476057990375584,0.1437616812414266,-0.0009497363281249921,0.07134933471679687,0.0737616812414266,0.2137616812414266,-0.08,0.08,0.05126734655756046,0.04445616406157994,0.7831569879708209,Solve_Succeeded,0.028177125030197203,False,249.53406190617804,0.0,0.0,False,False,0.5,10,0.0,-318.6166032444843,-0.09386800697870916,0.4095845394061104,0.3499998879249151,0.3499998925516707,0.3499998834039325,0.3499998834039325,2.085062134060678e-08,False,False,80702.40020751953,6041.269022930859,20.47415729797645,5.70370897815468e-06,104.08393767180984,0.9303608946512464,0.8454174308359381,1.2293875720674339,0.6485713174581409,0.6573352173100183,1.0,0.003974919790454923,0.001090421166685319,0.006246505115645126,-0.06077663813443997,0.04369178412569492,0.011423261993863554,-68.50071747811049,False
1,stress,10056,fast_nmpc_0p5s,18.0,0.1953115991882188,0.04350005294128858,0.8762579430574942,0.19628002809702233,0.0430030896444481,0.893703941877131,0.145,-0.0009734448242187527,0.070868515625,0.07499999999999998,0.215,-0.08,0.08,0.050311599188218814,0.04447349776550733,0.8053894274324942,Solve_Succeeded,0.028389332990627736,False,278.30330049705276,0.0,0.0,False,False,0.5,10,0.0,-321.09451079977003,-0.09397546509172382,0.40998929463149714,0.3499998850197162,0.34999987473452127,0.3499998787862919,0.3499998787862919,-9.235281206443346e-09,False,False,80630.27734375,6033.242791593229,20.44695600594777,5.768947891967784e-06,104.99490523400753,0.9303608946512464,0.8454174308359381,1.2293875720674339,0.6485713174581409,0.6573352173100183,1.0,0.003974919790454923,0.001090421166685319,0.006246505115645126,-0.06077663813443997,0.04369178412569492,0.011423261993863554,-68.50071747811049,False
1,stress,10056,fast_nmpc_0p5s,18.5,0.19556170607653608,0.043493628855139,0.8980063636861445,0.1971242084776089,0.04449204121502192,0.8953514326089381,0.14626146690672154,-0.0009969628906250083,0.07037588989257812,0.07626146690672153,0.21626146690672154,-0.08,0.08,0.04930023916981455,0.04449059174576401,0.8276304737935664,Solve_Succeeded,0.028436833003070205,False,293.6006234249004,0.0,0.0,False,False,0.5,10,0.0,-323.62615785792644,-0.09407277624582641,0.41040197109284127,0.34999989899803324,0.3499998879249151,0.3499998836538517,0.3499998836538517,9.735119599341147e-09,False,False,80556.38348388672,6025.059483414375,20.419222372792923,5.836562748077865e-06,105.93752956534755,0.9303608946512464,0.8454174308359381,1.2293875720674339,0.6485713174581409,0.6573352173100183,1.0,0.003974919790454923,0.001090421166685319,0.006246505115645126,-0.06077663813443997,0.04369178412569492,0.011423261993863554,-68.50071747811049,False
1,stress,10056,fast_nmpc_0p5s,19.0,0.1957827065494335,0.04348715437464997,0.9197515596535824,0.19398057880816605,0.044173046141474506,0.9255987246543168,0.147545438957476,-0.0010202905273437451,0.069871552734375,0.07754543895747598,0.217545438957476,-0.08,0.08,0.04823726759195751,0.044507444901993716,0.8498800069192074,Solve_Succeeded,0.028259625018108636,False,275.7538175268637,0.0,0.0,False,False,0.5,10,0.0,-326.2152657260481,-0.09416102148862174,0.41082245555655417,0.34999989764348605,0.3499998850197162,0.3499998843813603,0.3499998843813603,1.455017217821819e-09,False,False,80480.73291015625,6016.721343798232,20.39096400829609,5.9066060830306605e-06,106.91233359391218,0.9303608946512464,0.8454174308359381,1.2293875720674339,0.6485713174581409,0.6573352173100183,1.0,0.003974919790454923,0.001090421166685319,0.006246505115645126,-0.06077663813443997,0.04369178412569492,0.011423261993863554,-68.50071747811049,False
1,stress,10056,fast_nmpc_0p5s,19.5,0.1959776083564507,0.04348062832762395,0.9414935054714711,0.19614098272946373,0.042369036847893365,0.9496169705513685,0.14885127314814814,-0.001043427734374991,0.06935559936523437,0.07885127314814813,0.21885127314814815,-0.08,0.08,0.04712633520830256,0.04452405606199894,0.8721379061062368,Solve_Succeeded,0.028129999991506338,False,258.69497981108526,0.0,0.0,False,False,0.5,10,0.0,-328.86536575997525,-0.09424117181756433,0.41125063669750794,0.34999987410400957,0.34999989899803324,0.34999989216672667,0.34999989216672667,1.55707327031962e-08,False,False,80403.33990478516,6008.230580304267,20.362188393984678,5.979132619029841e-06,107.91986005011454,0.9303608946512464,0.8454174308359381,1.2293875720674339,0.6485713174581409,0.6573352173100183,1.0,0.003974919790454923,0.001090421166685319,0.006246505115645126,-0.06077663813443997,0.04369178412569492,0.011423261993863554,-68.50071747811049,False
1,stress,10056,fast_nmpc_0p5s,20.0,0.19614910537103122,0.04347404947355749,0.9632321750481088,0.1905439176978364,0.04241638439534444,0.9639455053191858,0.1501783264746228,-0.0010663745117187456,0.068828125,0.08017832647462278,0.2201783264746228,-0.08,0.08,0.04597077889640844,0.04454042398527624,0.8944040500481087,Solve_Succeeded,0.02826191601343453,False,237.86800360874278,0.0,0.0,False,False,0.5,10,0.0,-331.57980766594426,-0.09431409323574766,0.4116864050020053,0.3499998740268526,0.34999989764348605,0.34999989508384594,0.34999989508384594,5.8342385367282645e-09,False,False,80324.21875,5999.589364571574,20.332902889650182,6.054199317533272e-06,108.96067181364967,0.9303608946512464,0.8454174308359381,1.2293875720674339,0.6485713174581409,0.6573352173100183,1.0,0.003974919790454923,0.001090421166685319,0.006246505115645126,-0.06077663813443997,0.04369178412569492,0.011423261993863554,-68.50071747811049,False
1,stress,10056,fast_nmpc_0p5s,20.5,0.1962996102541519,0.04346741650703811,0.9849675416551433,0.2029408929908364,0.04438646697083206,0.9934162164216684,0.15152595593278462,-0.0010891308593749954,0.06828922485351563,0.08152595593278461,0.22152595593278462,-0.08,0.08,0.04477365432136729,0.0445565473664131,0.9166783168016277,Solve_Succeeded,0.02854437497444451,False,301.69773155437565,0.0,0.0,False,False,0.5,10,0.0,-334.3617933689794,-0.09438056099921424,0.4121296526781913,0.34999989473006754,0.34999987410400957,0.34999988390922954,0.34999988390922954,-2.2349232797758134e-08,False,False,80243.38372802734,5990.799834095381,20.303114739368862,6.1318654353298064e-06,110.03535226998203,0.9303608946512464,0.8454174308359381,1.2293875720674339,0.6485713174581409,0.6573352173100183,1.0,0.003974919790454923,0.001090421166685319,0.006246505115645126,-0.06077663813443997,0.04369178412569492,0.011423261993863554,-68.50071747811049,False
1,stress,10056,fast_nmpc_0p5s,21.0,0.19643128371697036,0.04346072806048827,1.006699577895822,0.19702447980713675,0.04163829363517018,1.0106082111366501,0.1528935185185185,-0.0011116967773437542,0.06773899414062501,0.0828935185185185,0.22289351851851852,-0.08,0.08,0.043537765198451844,0.044572424837832025,0.9389605837551971,Solve_Succeeded,0.028501791995950043,False,246.35453934679128,0.0,0.0,False,False,0.5,10,0.0,-337.21440938332273,-0.0944412728827865,0.41258027357316207,0.3499998545209282,0.3499998740268526,0.34999987864551974,0.34999987864551974,-1.0527419602723853e-08,False,False,80160.84912109375,5981.864093870782,20.27283107707244,6.212192583142812e-06,111.14450567682402,0.9303608946512464,0.8454174308359381,1.2293875720674339,0.6485713174581409,0.6573352173100183,1.0,0.003974919790454923,0.001090421166685319,0.006246505115645126,-0.06077663813443997,0.04369178412569492,0.011423261993863554,-68.50071747811049,False
1,stress,10056,fast_nmpc_0p5s,21.5,0.19654606073645414,0.043453982706284054,1.028428255674454,0.19378771020600888,0.04444259748937293,1.0269205290459487,0.15428037122770918,-0.001134072265625008,0.06717752807617187,0.08428037122770918,0.2242803712277092,-0.08,0.08,0.04226568950874496,0.04458805497190906,0.9612507275982821,Solve_Succeeded,0.02768791699782014,False,263.81868731355684,0.0,0.0,False,False,0.5,10,0.0,-340.14063003885565,-0.09449685183781181,0.4130381630961138,0.34999970338126146,0.34999989473006754,0.3499998872127291,0.3499998872127291,1.7134418772712934e-08,False,False,80076.62921142578,5972.78421791668,20.242058931712783,6.295244786809134e-06,112.28875754100274,0.9303608946512464,0.8454174308359381,1.2293875720674339,0.6485713174581409,0.6573352173100183,1.0,0.003974919790454923,0.001090421166685319,0.006246505115645126,-0.06077663813443997,0.04369178412569492,0.011423261993863554,-68.50071747811049,False
1,stress,10056,fast_nmpc_0p5s,22.0,0.1966456740412305,0.04344717895882884,1.0501535461669185,0.19279188700919178,0.04397641431057168,1.0589392806235254,0.15568587105624143,-0.001156257324218743,0.066604921875,0.08568587105624142,0.22568587105624144,-0.08,0.08,0.04095980298498908,0.04460343628304758,0.9835486242919185,Solve_Succeeded,0.027736624993849546,False,256.86499077055527,0.0,0.0,False,False,0.5,10,0.0,-343.1615749666063,-0.09455413294233357,0.4135553796234184,0.34999989223510736,0.3499998545209282,0.34999986979989867,0.34999986979989867,-3.4825660910620115e-08,False,False,79990.73828125,5963.562250691366,20.210805232059418,6.38108855108465e-06,113.46875500606308,0.9303608946512464,0.8454174308359381,1.2293875720674339,0.6485713174581409,0.6573352173100183,1.0,0.003974919790454923,0.001090421166685319,0.006246505115645126,-0.06077663813443997,0.04369178412569492,0.011423261993863554,-68.50071747811049,False
1,stress,10056,fast_nmpc_0p5s,22.5,0.1967316750639678,0.04344031491149549,1.0718754197009277,0.19330401388906518,0.04500036651460775,1.0697916052201832,0.157109375,-0.0011782519531250008,0.06602127075195313,0.08710937499999999,0.227109375,-0.08,0.08,0.0396223000639678,0.04461856686462049,1.0058541489489745,Solve_Succeeded,0.027690583025105298,False,265.2846288056563,0.0,0.0,False,False,0.5,10,0.0,-346.4183447345895,-0.09466051778913444,0.41452118455903586,0.34999990507801154,0.34999970338126146,0.34999978115933944,0.34999978115933944,-1.7728111845194405e-07,False,False,79903.19061279297,5954.200208409866,20.179076811164045,6.469792926130768e-06,114.68516725092677,0.9303608946512464,0.8454174308359381,1.2293875720674339,0.6485713174581409,0.6573352173100183,1.0,0.003974919790454923,0.001090421166685319,0.006246505115645126,-0.06077663813443997,0.04369178412569492,0.011423261993863554,-68.50071747811049,False
1,stress,10056,fast_nmpc_0p5s,23.0,0.19680545204831754,0.043433385836876295,1.093593844945584,0.2013752760549243,0.04376504926400697,1.0916205086304662,0.15855024005486967,-0.0012000561523437536,0.065426669921875,0.08855024005486967,0.22855024005486968,-0.08,0.08,0.03825521199344786,0.04463344198922005,1.028167175023709,Solve_Succeeded,0.028201666951645166,False,274.00305498557213,0.0,0.0,False,False,0.5,10,0.0,-349.7647562158148,-0.09476454237785017,0.41550436793117296,0.34999988423361195,0.34999989223510736,0.3499998403222935,0.3499998403222935,1.1832590807170362e-07,False,False,79814.00048828125,5944.700080271976,20.146880410522424,6.561429576738276e-06,115.93868589988143,0.9303608946512464,0.8454174308359381,1.2293875720674339,0.6485713174581409,0.6573352173100183,1.0,0.003974919790454923,0.001090421166685319,0.006246505115645126,-0.06077663813443997,0.04369178412569492,0.011423261993863554,-68.50071747811049,False
1,stress,10056,fast_nmpc_0p5s,23.5,0.19686824709721198,0.043426389932337314,1.1153087889373887,0.187355490476923,0.04430849009644907,1.1181323116438884,0.16000782321673526,-0.0012216699218750016,0.06482121459960938,0.09000782321673526,0.23000782321673527,-0.08,0.08,0.03686042388047672,0.044648059854212316,1.0504875743377793,Solve_Succeeded,0.02775241603376344,False,244.26186297147436,0.0,0.0,False,False,0.5,10,0.0,-353.2037245818126,-0.09486657682494813,0.4165048071705042,0.3499998966447199,0.34999990507801154,0.3499998748135209,0.3499998748135209,6.898245485942311e-08,False,False,79723.1821899414,5935.063829608949,20.11422268396056,6.656072854348026e-06,117.23002544415299,0.9303608946512464,0.8454174308359381,1.2293875720674339,0.6485713174581409,0.6573352173100183,1.0,0.003974919790454923,0.001090421166685319,0.006246505115645126,-0.06077663813443997,0.04369178412569492,0.011423261993863554,-68.50071747811049,False
1,stress,10056,fast_nmpc_0p5s,24.0,0.19692117206161477,0.0434193253379332,1.1370202177971165,0.2024845854014736,0.044283892253803275,1.1436101436717898,0.16148148148148148,-0.0012430932617187584,0.064205,0.09148148148148147,0.23148148148148148,-0.08,0.08,0.0354396905801333,0.044662418599651955,1.0728152177971164,Solve_Succeeded,0.027615166967734694,False,282.38968262184255,0.0,0.0,False,False,0.5,10,0.0,-356.738210434317,-0.09496697298354598,0.41752238101690514,0.3499998895056991,0.34999988423361195,0.3499998798310006,0.3499998798310006,1.0034959418980804e-08,False,False,79630.75,5925.293394955936,20.08111020126924,6.7537998719300994e-06,118.55992367528239,0.9303608946512464,0.8454174308359381,1.2293875720674339,0.6485713174581409,0.6573352173100183,1.0,0.003974919790454923,0.001090421166685319,0.006246505115645126,-0.06077663813443997,0.04369178412569492,0.011423261993863554,-68.50071747811049,False
1,stress,10056,fast_nmpc_0p5s,24.5,0.19696522208094178,0.04341219013540007,1.158728096700917,0.20358950458958802,0.04367856815436333,1.1610456181804334,0.16297057184499314,-0.0012643261718749965,0.06357812133789062,0.09297057184499313,0.23297057184499315,-0.08,0.08,0.03399465023594864,0.044676516307275066,1.0951499753630265,Solve_Succeeded,0.027558500005397946,False,277.4976847924956,0.0,0.0,False,False,0.5,10,0.0,-360.3711783670866,-0.09506605046893685,0.4185569694413684,0.349999877779269,0.3499998966447199,0.349999888786593,0.349999888786593,1.791118475757969e-08,False,False,79536.7182006836,5915.390691056471,20.047549451608308,6.854690581786318e-06,119.9291421305128,0.9303608946512464,0.8454174308359381,1.2293875720674339,0.6485713174581409,0.6573352173100183,1.0,0.003974919790454923,0.001090421166685319,0.006246505115645126,-0.06077663813443997,0.04369178412569492,0.011423261993863554,-68.50071747811049,False
1,stress,10056,fast_nmpc_0p5s,25.0,0.19700128771275857,0.0434049823479873,1.1804323898511202,0.1956529856646721,0.04310772731655928,1.1767039995453952,0.164474451303155,-0.0012853686523437435,0.062940673828125,0.09447445130315499,0.234474451303155,-0.08,0.08,0.03252683640960358,0.044690351000331044,1.1174917160229951,Solve_Succeeded,0.02697912498842925,False,252.17154827088035,0.0,0.0,False,False,0.5,10,0.0,-364.10557047003306,-0.09516408850613238,0.41960845357147647,0.34999985616041157,0.3499998895056991,0.34999988916961483,0.34999988916961483,7.660436729395315e-10,False,False,79441.10107421875,5905.35760980471,20.01354684669993,6.958827856342686e-06,121.3384665503614,0.9303608946512464,0.8454174308359381,1.2293875720674339,0.6485713174581409,0.6573352173100183,1.0,0.003974919790454923,0.001090421166685319,0.006246505115645126,-0.06077663813443997,0.04369178412569492,0.011423261993863554,-68.50071747811049,False
1,stress,10056,fast_nmpc_0p5s,25.5,0.19703016579902874,0.043397699940828226,1.2021330604470921,0.20288917149819907,0.04293163612717789,1.2035926504972676,0.16599247685185187,-0.0013062207031249995,0.062292752685546876,0.09599247685185186,0.23599247685185187,-0.08,0.08,0.031037688947176872,0.044703920643953225,1.1398403077615453,Solve_Succeeded,0.027564458025153726,False,268.86981876556143,0.0,0.0,False,False,0.5,10,0.0,-367.9443416752539,-0.09526133813754006,0.42067671562017306,0.3499998528809027,0.349999877779269,0.34999988310270647,0.34999988310270647,-1.2133816729154034e-08,False,False,79343.91290283203,5895.1960211304795,19.97910872382809,7.066297572001698e-06,122.78870734854205,0.9303608946512464,0.8454174308359381,1.2293875720674339,0.6485713174581409,0.6573352173100183,1.0,0.003974919790454923,0.001090421166685319,0.006246505115645126,-0.06077663813443997,0.04369178412569492,0.011423261993863554,-68.50071747811049,False
1,stress,10056,fast_nmpc_0p5s,26.0,0.19705256920047792,0.04339034082061214,1.2238300706561007,0.20008900622758474,0.042026620106066094,1.2285580522921205,0.16752400548696844,-0.0013268823242187505,0.061634453125,0.09752400548696843,0.23752400548696845,-0.08,0.08,0.02952856371350948,0.04471722314483089,1.1621956175311008,Solve_Succeeded,0.02773570903809741,False,258.1009086918029,0.0,0.0,False,False,0.5,10,0.0,-371.89046010350046,-0.09535802270428051,0.4217616388175952,0.3499997712200635,0.34999985616041157,0.34999986875226996,0.34999986875226996,-2.870087301154456e-08,False,False,79245.16796875,5884.907773831726,19.944241348659794,7.177188696126696e-06,124.28070009438557,0.9303608946512464,0.8454174308359381,1.2293875720674339,0.6485713174581409,0.6573352173100183,1.0,0.003974919790454923,0.001090421166685319,0.006246505115645126,-0.06077663813443997,0.04369178412569492,0.011423261993863554,-68.50071747811049,False
1,stress,10056,fast_nmpc_0p5s,26.5,0.1970691355168148,0.04338290283525658,1.2455233815840177,0.20140780597897653,0.043082407583728666,1.2407478868961164,0.16906839420438957,-0.0013473535156250036,0.060965870361328126,0.09906839420438956,0.23906839420438958,-0.08,0.08,0.02800074131242522,0.044730256350881584,1.1845575112226896,Solve_Succeeded,0.02756016602506861,False,267.3935621936356,0.0,0.0,False,False,0.5,10,0.0,-375.94692409669835,-0.09545434356997992,0.42286310734575583,0.3499998409448409,0.3499998528809027,0.3499998602986082,0.3499998602986082,-1.6907323541204278e-08,False,False,79144.88055419922,5874.494696358492,19.908950917901986,7.291593377232754e-06,125.81530600788263,0.9303608946512464,0.8454174308359381,1.2293875720674339,0.6485713174581409,0.6573352173100183,1.0,0.003974919790454923,0.001090421166685319,0.006246505115645126,-0.06077663813443997,0.04369178412569492,0.011423261993863554,-68.50071747811049,False
1,stress,10056,fast_nmpc_0p5s,27.0,0.19708043489836774,0.04337538377324554,1.2672129532457708,0.19444756050299236,0.042382215685256096,1.2709095238882389,0.170625,-0.0013676342773437516,0.060287099609375,0.10062499999999999,0.240625,-0.08,0.08,0.02645543489836774,0.04474301805058929,1.2069258536363958,Solve_Succeeded,0.027656374964863062,False,255.87935387252944,0.0,0.0,False,False,0.5,10,0.0,-380.1167342617855,-0.09555047172255285,0.4239810062758817,0.3491056036071088,0.3499997712200635,0.3499998128521674,0.3499998128521674,-9.489288155251074e-08,False,False,79043.06494140625,5863.958597552136,19.87324356180684,7.409607038461474e-06,127.39341246746788,0.9303608946512464,0.8454174308359381,1.2293875720674339,0.6485713174581409,0.6573352173100183,1.0,0.003974919790454923,0.001090421166685319,0.006246505115645126,-0.06077663813443997,0.04369178412569492,0.011423261993863554,-68.50071747811049,False
1,stress,10056,fast_nmpc_0p5s,27.5,0.19708697704383898,0.043367781363532656,1.2888987445356082,0.19801093965042593,0.04407823966197006,1.2743810873588195,0.1721931798696845,-0.0013877246093749948,0.059598236083984374,0.10219317986968449,0.2421931798696845,-0.08,0.08,0.02489379717415449,0.04475550597290765,1.2293005084516238,Solve_Succeeded,0.0293602499878034,False,269.69345014846937,0.0,0.0,False,False,0.5,10,0.0,-384.4029972786494,-0.0956465799767057,0.4251152215082343,0.3499998556231856,0.3499998409448409,0.34999982781533695,0.34999982781533695,2.992633907350495e-08,False,False,78939.73541259766,5853.301267343199,19.837125346536833,7.531328474419577e-06,129.01593353064885,0.9303608946512464,0.8454174308359381,1.2293875720674339,0.6485713174581409,0.6573352173100183,1.0,0.003974919790454923,0.001090421166685319,0.006246505115645126,-0.06077663813443997,0.04369178412569492,0.011423261993863554,-68.50071747811049,False
1,stress,10056,fast_nmpc_0p5s,28.0,0.19708921746858712,0.043360093273373514,1.3105807131967944,0.1973618627968076,0.04498821983721563,1.307486037368089,0.17377229080932782,-0.001407624511718747,0.058899375000000004,0.10377229080932782,0.24377229080932783,-0.08,0.08,0.0233169266592593,0.04476771778509226,1.2516813381967944,Solve_Succeeded,0.026825791981536895,False,281.0016037336641,0.0,0.0,False,False,0.5,10,0.0,-388.57496649169354,-0.09567290934783818,0.42626563971425235,0.3499998815244266,0.3491056036071088,0.3495235317993177,0.3495235317993177,-0.0009525920320384573,False,False,78834.90625,5842.524477410941,19.800602276399946,7.65685995146315e-06,130.6838104675616,0.9303608946512464,0.8454174308359381,1.2293875720674339,0.6485713174581409,0.6573352173100183,1.0,0.003974919790454923,0.001090421166685319,0.006246505115645126,-0.06077663813443997,0.04369178412569492,0.011423261993863554,-68.50071747811049,False
1,stress,10056,fast_nmpc_0p5s,28.5,0.19708756424702661,0.043352321785342596,1.3322588169600202,0.2008421806885475,0.04444181676257816,1.3336380613387506,0.17536168981481481,-0.001427333984375001,0.05819061157226563,0.10536168981481481,0.24536168981481482,-0.08,0.08,0.0217258744322118,0.0447796557697176,1.2740682053877546,Solve_Succeeded,0.02703287499025464,False,287.0300890010828,0.0,0.0,False,False,0.5,10,0.0,-393.22623091759226,-0.09580650153014099,0.42743214828087306,0.3499998556462846,0.3499998556231856,0.34977723902123786,0.34977723902123786,0.0005074144438402817,False,False,78728.59173583984,5831.629981807371,19.763680295964555,7.786307311512736e-06,132.39801230753793,0.9303608946512464,0.8454174308359381,1.2293875720674339,0.6485713174581409,0.6573352173100183,1.0,0.003974919790454923,0.001090421166685319,0.006246505115645126,-0.06077663813443997,0.04369178412569492,0.011423261993863554,-68.50071747811049,False
1,stress,10056,fast_nmpc_0p5s,29.0,0.19708238116490032,0.04334445731058865,1.3539330117293775,0.19623099327244733,0.04183349858037868,1.3549332989568896,0.17696073388203018,-0.0014468530273437502,0.057472041015625,0.10696073388203017,0.2469607338820302,-0.08,0.08,0.020121647282870136,0.0447913103379324,1.2964609707137524,Solve_Succeeded,0.027050833974499255,False,271.1874515152158,0.0,0.0,False,False,0.5,10,0.0,-397.9388724745153,-0.09592070958936312,0.428614635256898,0.31295539225675995,0.3499998815244266,0.3498958264362168,0.3498958264362168,0.00023717482995788686,False,False,78620.80615234375,5820.619517548277,19.726365292062432,7.91978007948607e-06,134.15953639873928,0.9303608946512464,0.8454174308359381,1.2293875720674339,0.6485713174581409,0.6573352173100183,1.0,0.003974919790454923,0.001090421166685319,0.006246505115645126,-0.06077663813443997,0.04369178412569492,0.011423261993863554,-68.50071747811049,False
1,stress,10056,fast_nmpc_0p5s,29.5,0.19707399158894348,0.04333649861896749,1.3756032507041815,0.20045725104358578,0.04421338611248586,1.37667568236502,0.17856878000685872,-0.0014661816406250014,0.05674375854492188,0.10856878000685871,0.24856878000685872,-0.08,0.08,0.018505211582084763,0.04480268025959249,1.3188594921592596,Solve_Succeeded,0.027135040960274637,False,292.02070017399325,0.0,0.0,False,False,0.5,10,0.0,-402.750029921231,-0.09602611252904741,0.429812989301285,0.34999956937254945,0.3499998556462846,0.3499512361397889,0.3499512361397889,0.00011081940714419147,False,False,78511.56378173828,5809.494805173575,19.68866309568782,8.05739157443833e-06,135.96940898091478,0.9303608946512464,0.8454174308359381,1.2293875720674339,0.6485713174581409,0.6573352173100183,1.0,0.003974919790454923,0.001090421166685319,0.006246505115645126,-0.06077663813443997,0.04369178412569492,0.011423261993863554,-68.50071747811049,False
1,stress,10056,fast_nmpc_0p5s,30.0,0.19706268444068348,0.043328443737846695,1.3972694862830295,0.19153776559973226,0.04578306742436475,1.3961543439528172,0.1801851851851852,-0.0014853198242187476,0.056005859375,0.11018518518518519,0.2501851851851852,-0.08,0.08,0.01687749925549828,0.04481376356206544,1.3412636269080296,Solve_Succeeded,0.026961792027577758,False,295.1335859361769,0.0,0.0,False,False,0.5,10,0.0,-397.3494944497627,-0.09320015843268117,0.4310270996332512,0.3499975092224672,0.31295539225675995,0.3302459173968868,0.3302459173968868,-0.0394106374858042,False,False,78400.87890625,5798.257549279098,19.65057948379968,8.199259024501864e-06,137.82868577131904,0.9303608946512464,0.8454174308359381,1.2293875720674339,0.6485713174581409,0.6573352173100183,1.0,0.003974919790454923,0.001090421166685319,0.006246505115645126,-0.06077663813443997,0.04369178412569492,0.011423261993863554,-68.50071747811049,False
1,stress,10056,fast_nmpc_0p5s,30.5,0.19704876732473509,0.0433204968986509,1.4189317214292414,0.19289061286242587,0.04352651477507105,1.4023408788504725,0.18180930641289436,-0.0015042675781250028,0.05525843872070313,0.11180930641289435,0.25180930641289434,-0.08,0.08,0.015239460911840724,0.0448247644767759,1.3636732827085383,Solve_Succeeded,0.026423333038110286,False,286.853603754957,0.0,0.0,False,False,0.5,10,0.0,-407.8286105416039,-0.09485575072286667,0.43225685598409136,0.2939311886865343,0.34999956937254945,0.34076742380575537,0.34076742380575537,0.021043012817737128,False,False,78288.76580810547,5786.909439021749,19.61212018103368,8.345503685719913e-06,139.73845256381864,0.9303608946512464,0.8454174308359381,1.2293875720674339,0.6485713174581409,0.6573352173100183,1.0,0.003974919790454923,0.001090421166685319,0.006246505115645126,-0.06077663813443997,0.04369178412569492,0.011423261993863554,-68.50071747811049,False
1,stress,10056,fast_nmpc_0p5s,31.0,0.19703248669860832,0.04331234050605545,1.4405899307651135,0.19365812365815926,0.045326287199178666,1.443868798705354,0.1834405006858711,-0.001523024902343753,0.054501591796875,0.11344050068587108,0.2534405006858711,-0.08,0.08,0.013591986012737228,0.044835365408399205,1.3860883389682386,Solve_Succeeded,0.027041208057198673,False,307.0258288551807,0.0,0.0,False,False,0.5,10,0.0,-415.59780720872334,-0.09568452174949679,0.43350214855061187,0.32661711994021014,0.3499975092224672,0.34568369969165164,0.34568369969165164,0.009832551771792541,False,False,78175.23876953125,5775.452148599784,19.573290861329905,8.496250964871004e-06,141.6998258411985,0.9303608946512464,0.8454174308359381,1.2293875720674339,0.6485713174581409,0.6573352173100183,1.0,0.003974919790454923,0.001090421166685319,0.006246505115645126,-0.06077663813443997,0.04369178412569492,0.011423261993863554,-68.50071747811049,False
1,stress,10056,fast_nmpc_0p5s,31.5,0.19701400260587637,0.04330402875740451,1.4622440230633709,0.1976982119884162,0.04483344846277959,1.4644301706216805,0.185078125,-0.0015415917968750054,0.053735413818359376,0.115078125,0.25507812500000004,-0.08,0.08,0.01193587760587636,0.044845620554279514,1.4085086092450114,Solve_Succeeded,0.027163833030499518,False,313.17865632161,0.0,0.0,False,False,0.5,10,0.0,-405.71441620343273,-0.09165714111094936,0.43476286795009866,0.32399379682206986,0.2939311886865343,0.3181184486238365,0.3181184486238365,-0.05513050213563031,False,False,78060.3120727539,5763.887337709867,19.534097149481823,8.651630546383426e-06,143.71395340067318,0.9303608946512464,0.8454174308359381,1.2293875720674339,0.6485713174581409,0.6573352173100183,1.0,0.003974919790454923,0.001090421166685319,0.006246505115645126,-0.06077663813443997,0.04369178412569492,0.011423261993863554,-68.50071747811049,False
1,stress,10056,fast_nmpc_0p5s,32.0,0.19699355612953676,0.04329591470268172,1.4838940089086525,0.20020401995064674,0.04066506135270768,1.4787339871618013,0.186721536351166,-0.0015599682617187527,0.05295999999999999,0.116721536351166,0.256721536351166,-0.08,0.08,0.01027201977837075,0.044855882964400476,1.4309340089086526,Solve_Succeeded,0.026580957986880094,False,307.1063242757435,0.0,0.0,False,False,0.5,10,0.0,-413.42606957285795,-0.0924232427908632,0.4360389051767378,0.2281200843987228,0.32661711994021014,0.32264514702027786,0.32264514702027786,0.00905339679288275,False,False,77944.0,5752.216651982374,19.494544622611564,8.81177652344093e-06,145.7820149925864,0.9303608946512464,0.8454174308359381,1.2293875720674339,0.6485713174581409,0.6573352173100183,1.0,0.003974919790454923,0.001090421166685319,0.006246505115645126,-0.06077663813443997,0.04369178412569492,0.011423261993863554,-68.50071747811049,False
1,stress,10056,fast_nmpc_0p5s,32.5,0.19697136044840785,0.0432876464388339,1.5055398991723101,0.19237104014153622,0.044179087866172244,1.5014854185499027,0.18837009173525376,-0.0015781542968749881,0.05217544555664062,0.11837009173525376,0.25837009173525377,-0.08,0.08,0.008601268713154087,0.04486580073570889,1.4533644536156696,Solve_Succeeded,0.026479541964363307,False,321.4441075797669,0.0,0.0,False,False,0.5,10,0.0,-419.19753501516266,-0.09262076186186202,0.43733015155941524,0.26063405419574565,0.32399379682206986,0.3233634864721603,0.3233634864721603,0.0014366789037648653,False,False,77826.3168334961,5740.441723396339,19.45463881157619,8.976827533383788e-06,147.90522297227946,0.9303608946512464,0.8454174308359381,1.2293875720674339,0.6485713174581409,0.6573352173100183,1.0,0.003974919790454923,0.001090421166685319,0.006246505115645126,-0.06077663813443997,0.04369178412569492,0.011423261993863554,-68.50071747811049,False
1,stress,10056,fast_nmpc_0p5s,33.0,0.19694753410955976,0.043279262768875504,1.5271816264505984,0.19890071033895382,0.044097696655931634,1.528594830544099,0.19002314814814816,-0.0015961499023437464,0.051381845703125005,0.12002314814814816,0.2600231481481482,-0.08,0.08,0.006924385961411594,0.04487541267121925,1.4757997807474734,Solve_Succeeded,0.02633391704875976,False,331.72562863750136,0.0,0.0,False,False,0.5,10,0.0,-395.2829224701974,-0.08505143711615232,0.4386364987208295,0.2705821357922131,0.2281200843987228,0.2726334206315373,0.2726334206315373,-0.10146013168124601,False,False,77707.27685546875,5728.564170675286,19.414385202309198,9.146926897510681e-06,150.08482296508046,0.9303608946512464,0.8454174308359381,1.2293875720674339,0.6485713174581409,0.6573352173100183,1.0,0.003974919790454923,0.001090421166685319,0.006246505115645126,-0.06077663813443997,0.04369178412569492,0.011423261993863554,-68.50071747811049,False
1,stress,10056,fast_nmpc_0p5s,33.5,0.1969223354664224,0.0432713574123998,1.5488192814705668,0.19879415227656025,0.04323105702417962,1.5557959180309868,0.1916800625857339,-0.0016139550781249998,0.05057929565429688,0.12168006258573388,0.2616800625857339,-0.08,0.08,0.005242272880688514,0.0448853124905248,1.4982399858162698,Solve_Succeeded,0.026413624989800155,False,339.99276188295136,0.0,0.0,False,False,0.5,10,0.0,-396.64586161085947,-0.08415174260193686,0.43995783853785236,0.21133836749623092,0.26063405419574565,0.26624212594779517,0.26624212594779517,-0.01278258936748422,False,False,77586.89434814453,5716.5855996651535,19.373789237101303,9.322222765389983e-06,152.3220945443675,0.9303608946512464,0.8454174308359381,1.2293875720674339,0.6485713174581409,0.6573352173100183,1.0,0.003974919790454923,0.001090421166685319,0.006246505115645126,-0.06077663813443997,0.04369178412569492,0.011423261993863554,-68.50071747811049,False
1,stress,10056,fast_nmpc_0p5s,34.0,0.19689601205673174,0.04326342481539039,1.5704529770006581,0.19968492955897654,0.04216909387081233,1.569023792092206,0.19334019204389574,-0.001631569824218762,0.049767890625000005,0.12334019204389574,0.26334019204389575,-0.08,0.08,0.0035558200128359974,0.04489499463960915,1.520685086375658,Solve_Succeeded,0.026279832993168384,False,344.60533663821786,0.0,0.0,False,False,0.5,10,0.0,-403.24368979712847,-0.08456885740674953,0.4412940631030815,0.1773139454784194,0.2705821357922131,0.2685537714829527,0.2685537714829527,0.004623291070315005,False,False,77465.18359375,5704.507603695355,19.33285631582411,9.502868263790467e-06,154.61835192263146,0.9303608946512464,0.8454174308359381,1.2293875720674339,0.6485713174581409,0.6573352173100183,1.0,0.003974919790454923,0.001090421166685319,0.006246505115645126,-0.06077663813443997,0.04369178412569492,0.011423261993863554,-68.50071747811049,False
1,stress,10056,fast_nmpc_0p5s,34.5,0.19686864290354333,0.043255360279474214,1.5920826732460522,0.20141322207808826,0.043945149000092276,1.5904039041885076,0.19500289351851852,-0.0016489941406250055,0.048947725830078115,0.1250028935185185,0.2650028935185185,-0.08,0.08,0.0018657493850248175,0.04490435442009922,1.5431349474159741,Solve_Succeeded,0.026373166998382658,False,355.4290401920013,0.0,0.0,False,False,0.5,10,0.0,-389.95742762893804,-0.07999303817451983,0.4426450646875293,0.20952231410572794,0.21133836749623092,0.23807878688395406,0.23807878688395406,-0.06094996919799722,False,False,77342.15887451172,5692.331763924001,19.291591797100075,9.689021650343693e-06,156.9749446554519,0.9303608946512464,0.8454174308359381,1.2293875720674339,0.6485713174581409,0.6573352173100183,1.0,0.003974919790454923,0.001090421166685319,0.006246505115645126,-0.06077663813443997,0.04369178412569492,0.011423261993863554,-68.50071747811049,False
1,stress,10056,fast_nmpc_0p5s,35.0,0.19684037034214125,0.043247561485524694,1.6137084036576221,0.19275361356874748,0.043270791243738595,1.617327687704643,0.19666752400548698,-0.0016662280273437372,0.048118896484375,0.12666752400548698,0.266667524005487,-0.08,0.08,0.0001728463366542643,0.04491378951286843,1.565589507173247,Solve_Succeeded,0.026196499995421618,False,370.53687676639333,0.0,0.0,False,False,0.5,10,0.0,-374.9451036920218,-0.0751003145288208,0.44401073570439814,0.1480789716978553,0.1773139454784194,0.20571324409369393,0.20571324409369393,-0.06473108558052026,False,False,77217.83447265625,5680.059649668205,19.25000099942194,9.88084647205258e-06,159.3932583582865,0.9303608946512464,0.8454174308359381,1.2293875720674339,0.6485713174581409,0.6573352173100183,1.0,0.003974919790454923,0.001090421166685319,0.006246505115645126,-0.06077663813443997,0.04369178412569492,0.011423261993863554,-68.50071747811049,False
1,stress,10056,fast_nmpc_0p5s,35.5,0.19681142262253803,0.04324006295231397,1.635330309736249,0.19340648627574403,0.04203589182649731,1.6242656176497376,0.19833344050068585,-0.0016832714843749985,0.04728149780273438,0.12833344050068585,0.26833344050068586,-0.08,0.08,-0.0015220178781478189,0.04492333443668897,1.5880488119335148,Solve_Succeeded,0.02626408403739333,False,376.8032787577195,0.0,0.0,False,False,0.5,10,0.0,-381.167765904515,-0.0754506752105408,0.44539096867389644,0.11571330243974524,0.20952231410572794,0.20774209195396917,0.20774209195396917,0.0040576957205504804,False,False,77092.22467041016,5667.692818720325,19.20808920222448,1.0078511728762105e-05,161.874715435948,0.9303608946512464,0.8454174308359381,1.2293875720674339,0.6485713174581409,0.6573352173100183,1.0,0.003974919790454923,0.001090421166685319,0.006246505115645126,-0.06077663813443997,0.04369178412569492,0.011423261993863554,-68.50071747811049,False
1,stress,10056,fast_nmpc_0p5s,36.0,0.19678190985153515,0.04323243997863057,1.6569484354370867,0.20339058228215182,0.043479068508008555,1.6649809812059797,0.2,-0.001700124511718755,0.046435625,0.13,0.27,-0.08,0.08,-0.0032180901484648583,0.044932564490349325,1.6105128104370867,Solve_Succeeded,0.026300375000573695,False,386.9470545548671,0.0,0.0,False,False,0.5,10,0.0,-365.68505390279495,-0.07060399200384919,0.44678565618904953,0.13305760843033218,0.1480789716978553,0.1759633655229675,0.1759633655229675,-0.06355745286200332,False,False,76965.34375,5655.232817650954,19.165861646911356,1.02821920417105e-05,164.4207758246354,0.9303608946512464,0.8454174308359381,1.2293875720674339,0.6485713174581409,0.6573352173100183,1.0,0.003974919790454923,0.001090421166685319,0.006246505115645126,-0.06077663813443997,0.04369178412569492,0.011423261993863554,-68.50071747811049,False
1,stress,10056,fast_nmpc_0p5s,36.5,0.19675193662489418,0.043225126671365424,1.6785628270667063,0.19924396687136464,0.04580061665537529,1.6803086035702954,0.2016665594993141,-0.0017167871093750064,0.04558137329101562,0.1316665594993141,0.2716665594993141,-0.08,0.08,-0.004914622874419933,0.04494191378074043,1.6329814537756908,Solve_Succeeded,0.02628266700776294,False,398.4351629763459,0.0,0.0,False,False,0.5,10,0.0,-349.3460249881225,-0.06567878151834206,0.4481946908824673,0.1367468263300169,0.11571330243974524,0.1438720122053188,0.1438720122053188,-0.0641827066352974,False,False,76837.20599365234,5642.681182099389,19.123323537839543,1.0492067827280598e-05,167.03293774635753,0.9303608946512464,0.8454174308359381,1.2293875720674339,0.6485713174581409,0.6573352173100183,1.0,0.003974919790454923,0.001090421166685319,0.006246505115645126,-0.06077663813443997,0.04369178412569492,0.011423261993863554,-68.50071747811049,False
1,stress,10056,fast_nmpc_0p5s,37.0,0.1967217016558862,0.04321814015451239,1.7001736437395094,0.19775850668324763,0.04681968147493601,1.7001051605520696,0.20333247599451304,-0.001733259277343746,0.044718837890624995,0.13333247599451303,0.27333247599451305,-0.08,0.08,-0.006610774338626835,0.04495139943185614,1.6554548058488845,Solve_Succeeded,0.026120792026631534,False,410.1385384360179,0.0,0.0,False,False,0.5,10,0.0,-350.0245755502002,-0.06479788025766937,0.44961796539402865,0.12178216240351991,0.13305760843033218,0.13811187130748376,0.13811187130748376,-0.011520281795670106,False,False,76707.82568359375,5630.039437052273,19.080480043263627,1.0708325476072688e-05,169.71273847556785,0.9303608946512464,0.8454174308359381,1.2293875720674339,0.6485713174581409,0.6573352173100183,1.0,0.003974919790454923,0.001090421166685319,0.006246505115645126,-0.06077663813443997,0.04369178412569492,0.011423261993863554,-68.50071747811049,False
1,stress,10056,fast_nmpc_0p5s,37.5,0.19669130488394718,0.0432111400750061,1.7217809637625276,0.19447763808645893,0.04288277545398724,1.7212404428234753,0.2049971064814815,-0.0017495410156249946,0.04384811401367188,0.1349971064814815,0.2749971064814815,-0.08,0.08,-0.008305801597534329,0.044960681090631095,1.6779328497488557,Solve_Succeeded,0.02639050001744181,False,427.7668147748428,0.0,0.0,False,False,0.5,10,0.0,-354.1219140109939,-0.06469305604563579,0.45105537233944787,0.048111918665444134,0.1367468263300169,0.13738479919461538,0.13738479919461538,-0.0014541442257367532,False,False,76577.21710205078,5617.309097111061,19.037336296242305,1.0931157537422334e-05,172.4617551178187,0.9303608946512464,0.8454174308359381,1.2293875720674339,0.6485713174581409,0.6573352173100183,1.0,0.003974919790454923,0.001090421166685319,0.006246505115645126,-0.06077663813443997,0.04369178412569492,0.011423261993863554,-68.50071747811049,False
1,stress,10056,fast_nmpc_0p5s,38.0,0.1966607402573791,0.04320405805732118,1.7433847632605277,0.20343917623866573,0.04255475151888931,1.7331078594080722,0.20665980795610428,-0.0017656323242187522,0.042969296875,0.13665980795610427,0.2766598079561043,-0.08,0.08,-0.00999906769872519,0.04496969038153993,1.7004154663855278,Solve_Succeeded,0.02628783299587667,False,426.18809205807787,0.0,0.0,False,False,0.5,10,0.0,-353.0191487829203,-0.06340654626861048,0.45250680427969014,0.04738486688649852,0.12178216240351991,0.12907427295901014,0.12907427295901014,-0.016621052471210485,False,False,76445.39453125,5604.4916667489015,18.99389739550893,1.1160762909487027e-05,175.28160540020042,0.9303608946512464,0.8454174308359381,1.2293875720674339,0.6485713174581409,0.6573352173100183,1.0,0.003974919790454923,0.001090421166685319,0.006246505115645126,-0.06077663813443997,0.04369178412569492,0.011423261993863554,-68.50071747811049,False
1,stress,10056,fast_nmpc_0p5s,38.5,0.1966300115381825,0.043196998103821056,1.7649850272649963,0.2016155324764415,0.04255371411355922,1.7656166256951262,0.20831993741426613,-0.0017815332031249978,0.042082481689453125,0.13831993741426613,0.27831993741426614,-0.08,0.08,-0.01168992587608364,0.044978531306946054,1.7229025455755431,Solve_Succeeded,0.0262644580216147,False,445.66125144350355,0.0,0.0,False,False,0.5,10,0.0,-326.9947350202988,-0.05667171125049759,0.4539721536912043,0.039074310863084355,0.048111918665444134,0.08595080745367703,0.08595080745367703,-0.08624693101066622,False,False,76312.37225341797,5591.588640557487,18.950168406308123,1.1397347035028162e-05,178.1739484733324,0.9303608946512464,0.8454174308359381,1.2293875720674339,0.6485713174581409,0.6573352173100183,1.0,0.003974919790454923,0.001090421166685319,0.006246505115645126,-0.06077663813443997,0.04369178412569492,0.011423261993863554,-68.50071747811049,False
1,stress,10056,fast_nmpc_0p5s,39.0,0.19659926643089118,0.043190458646136666,1.7865818914160885,0.19772837140359606,0.04517511722044961,1.7756410048398763,0.20997685185185183,-0.0017972436523437524,0.041187763671875,0.13997685185185182,0.27997685185185184,-0.08,0.08,-0.013377585420960653,0.04498770229848042,1.7453941277442135,Solve_Succeeded,0.026274833013303578,False,454.14440112661197,0.0,0.0,False,False,0.5,10,0.0,-316.28291417800426,-0.053433620981362576,0.4554513129369436,-0.004048670739046358,0.04738486688649852,0.06540919867462484,0.06540919867462484,-0.041083217558104373,False,False,76178.16455078125,5578.601503484431,18.90615436120024,1.164112210301471e-05,181.14048572462633,0.9303608946512464,0.8454174308359381,1.2293875720674339,0.6485713174581409,0.6573352173100183,1.0,0.003974919790454923,0.001090421166685319,0.006246505115645126,-0.06077663813443997,0.04369178412569492,0.011423261993863554,-68.50071747811049,False
1,stress,10056,fast_nmpc_0p5s,39.5,0.1965686792539323,0.04318413342969483,1.8081755393982644,0.18980977512234193,0.040901302448447356,1.8061232426981793,0.21162990826474626,-0.001812763671875002,0.04028523803710937,0.14162990826474625,0.28162990826474626,-0.08,0.08,-0.01506122901081397,0.04499689710156983,1.767890301361155,Solve_Succeeded,0.027383667009416968,False,503.34880367380293,0.0,0.0,False,False,0.5,10,0.0,-309.90960854473684,-0.0511992788325353,0.4569441742381477,-0.024590792570634297,0.039074310863084355,0.05138228905673059,0.05138228905673059,-0.028053819235788507,False,False,76042.7857055664,5565.531731061606,18.861860260835236,1.1892307256177006e-05,184.1829616025303,0.9303608946512464,0.8454174308359381,1.2293875720674339,0.6485713174581409,0.6573352173100183,1.0,0.003974919790454923,0.001090421166685319,0.006246505115645126,-0.06077663813443997,0.04369178412569492,0.011423261993863554,-68.50071747811049,False
1,stress,10056,fast_nmpc_0p5s,40.0,0.19653831407623287,0.043177935683240534,1.8297660566394014,0.19786582549604648,0.04153195141315675,1.8252931644585138,0.21327846364883404,-0.0018280932617187468,0.039375,0.14327846364883404,0.283278463648834,-0.08,0.08,-0.01674014957260117,0.04500602894495928,1.7903910566394015,Solve_Succeeded,0.027366249996703118,False,496.7676641385444,0.0,0.0,False,False,0.5,10,0.0,-291.4891859590757,-0.046504751137273606,0.45845062964685884,-0.038617668071509494,-0.004048670739046358,0.021857763695063166,0.021857763695063166,-0.05904905072333485,False,False,75906.25,5552.380789624953,18.817291074697604,1.2151128804639497e-05,187.30316445143254,0.9303608946512464,0.8454174308359381,1.2293875720674339,0.6485713174581409,0.6573352173100183,1.0,0.003974919790454923,0.001090421166685319,0.006246505115645126,-0.06077663813443997,0.04369178412569492,0.011423261993863554,-68.50071747811049,False
1,stress,10056,fast_nmpc_0p5s,40.5,0.1965082662151708,0.04317210634802382,1.8513535671099182,0.19315403262388864,0.044158866421883096,1.8535223620548031,0.214921875,-0.0018432324218749935,0.038457144775390625,0.144921875,0.284921875,-0.08,0.08,-0.0184136087848292,0.04501533876989881,1.8128964223345276,Solve_Succeeded,0.02615454199258238,False,513.6531895940153,0.0,0.0,False,False,0.5,10,0.0,-275.94783711871094,-0.042536895487074795,0.4599705710191495,-0.0681422019113461,-0.024590792570634297,-0.002882410073024831,-0.002882410073024831,-0.04948034753617599,False,False,75768.5717163086,5539.150136526166,18.77245174182378,1.241782044576182e-05,190.50292735686938,0.9303608946512464,0.8454174308359381,1.2293875720674339,0.6485713174581409,0.6573352173100183,1.0,0.003974919790454923,0.001090421166685319,0.006246505115645126,-0.06077663813443997,0.04369178412569492,0.011423261993863554,-68.50071747811049,False
1,stress,10056,fast_nmpc_0p5s,41.0,0.19647866317041718,0.04316658784057253,1.8729382406197246,0.19473321202180235,0.04583761797237289,1.8690165980681899,0.21655949931412896,-0.001858181152343763,0.03753176757812501,0.14655949931412895,0.28655949931412894,-0.08,0.08,-0.020080836143711783,0.04502476899291629,1.8354064730415995,Solve_Succeeded,0.026021749945357442,False,517.2042997616933,0.0,0.0,False,False,0.5,10,0.0,-264.2041310212267,-0.0394493843791598,0.46150388998903746,-0.09288230947514113,-0.038617668071509494,-0.021916295377720028,-0.021916295377720028,-0.03806777060939039,False,False,75629.76513671875,5525.841220336646,18.727347171493353,1.2692623490318925e-05,193.7841290006664,0.9303608946512464,0.8454174308359381,1.2293875720674339,0.6485713174581409,0.6573352173100183,1.0,0.003974919790454923,0.001090421166685319,0.006246505115645126,-0.06077663813443997,0.04369178412569492,0.011423261993863554,-68.50071747811049,False
1,stress,10056,fast_nmpc_0p5s,41.5,0.19644958746691044,0.04316130420661534,1.8945202135942447,0.19989728575109536,0.04430638137382051,1.8944820630631074,0.21819069358710566,-0.0018729394531250138,0.03659896362304686,0.14819069358710565,0.2881906935871057,-0.08,0.08,-0.021741106120195225,0.045034243659740354,1.857921249971198,Solve_Succeeded,0.02612470800522715,False,529.1525477387779,0.0,0.0,False,False,0.5,10,0.0,-247.42121814649627,-0.03545081581278991,0.4630504779430665,-0.11191616867468779,-0.0681422019113461,-0.046537877880465886,-0.046537877880465886,-0.04924316500549172,False,False,75489.84454345703,5512.455481044132,18.68198224389546,1.2975787095150084e-05,197.14869452559412,0.9303608946512464,0.8454174308359381,1.2293875720674339,0.6485713174581409,0.6573352173100183,1.0,0.003974919790454923,0.001090421166685319,0.006246505115645126,-0.06077663813443997,0.04369178412569492,0.011423261993863554,-68.50071747811049,False
1,stress,10056,fast_nmpc_0p5s,42.0,0.19642111967919917,0.04315635622904801,1.9160996286660616,0.19766560046745071,0.04278881264019976,1.9141309805343274,0.21981481481481485,-0.0018875073242187387,0.03565882812499999,0.14981481481481485,0.28981481481481486,-0.08,0.08,-0.023393695135615677,0.04504386355326675,1.8804408005410616,Solve_Succeeded,0.025995499978307635,False,556.4351805994072,0.0,0.0,False,False,0.5,10,0.0,-229.82957756869348,-0.031415516908384455,0.46461022599553314,-0.13653786224540418,-0.09288230947514113,-0.07122259109903972,-0.07122259109903972,-0.04936942643714767,False,False,75348.82421875,5498.99435024233,18.63636181077146,1.3267568502407983e-05,200.59859640910406,0.9303608946512464,0.8454174308359381,1.2293875720674339,0.6485713174581409,0.6573352173100183,1.0,0.003974919790454923,0.001090421166685319,0.006246505115645126,-0.06077663813443997,0.04369178412569492,0.011423261993863554,-68.50071747811049,False
1,stress,10056,fast_nmpc_0p5s,42.5,0.1963933593092505,0.0431517600807094,1.9376766577067233,0.19086499347110183,0.04252623916496527,1.9278235851489787,0.2214312199931413,-0.0019018847656249865,0.034711456298828124,0.1514312199931413,0.2914312199931413,-0.08,0.08,-0.0250378606838908,0.04505364484633439,1.902965201407895,Solve_Succeeded,0.02667724998900667,False,590.5413164006317,0.0,0.0,False,False,0.5,10,0.0,-213.96941416994557,-0.027836221887148425,0.46618302496434094,-0.16122257661858022,-0.11191616867468779,-0.09289745596906379,-0.09289745596906379,-0.04334972974004814,False,False,75206.71844482422,5485.459251313897,18.590490696035044,1.3568233285538061e-05,204.13585534566653,0.9303608946512464,0.8454174308359381,1.2293875720674339,0.6485713174581409,0.6573352173100183,1.0,0.003974919790454923,0.001090421166685319,0.006246505115645126,-0.06077663813443997,0.04369178412569492,0.011423261993863554,-68.50071747811049,False
1,stress,10056,fast_nmpc_0p5s,43.0,0.1963663909037455,0.043147481130435,1.959251467973183,0.19204092992694097,0.04453956316555468,1.9593410581887096,0.22303926611796981,-0.0019160717773437363,0.033756943359375007,0.1530392661179698,0.2930392661179698,-0.08,0.08,-0.026672875214224318,0.045063552907778734,1.925494524613808,Solve_Succeeded,0.026258209021762013,False,596.7472004937443,0.0,0.0,False,False,0.5,10,0.0,-196.04463218610158,-0.023980184979498536,0.46776876534746137,-0.18289742969960987,-0.13653786224540418,-0.11614190792599066,-0.11614190792599066,-0.04648890391385374,False,False,75063.54150390625,5471.851599607084,18.544373696370922,1.3878055602118714e-05,207.76254113720714,0.9303608946512464,0.8454174308359381,1.2293875720674339,0.6485713174581409,0.6573352173100183,1.0,0.003974919790454923,0.001090421166685319,0.006246505115645126,-0.06077663813443997,0.04369178412569492,0.011423261993863554,-68.50071747811049,False
1,stress,10056,fast_nmpc_0p5s,43.5,0.19634029210900858,0.04314356066910729,1.9808242283873208,0.18642701880458168,0.04299393951457526,1.9812358320061838,0.2246383101851852,-0.001930068359375016,0.03279538452148439,0.1546383101851852,0.2946383101851852,-0.08,0.08,-0.02829801807617663,0.045073629028482304,1.9480288438658364,Solve_Succeeded,0.026659875002224,False,643.3881264115138,0.0,0.0,False,False,0.5,10,0.0,-176.63925661495608,-0.019974211429738296,0.469367337299987,-0.20614188881454806,-0.16122257661858022,-0.14015349551240458,-0.14015349551240458,-0.04802317517282784,False,False,74919.30767822266,5458.172802606335,18.49801558181297,1.41973184536914e-05,211.48077359108925,0.9303608946512464,0.8454174308359381,1.2293875720674339,0.6485713174581409,0.6573352173100183,1.0,0.003974919790454923,0.001090421166685319,0.006246505115645126,-0.06077663813443997,0.04369178412569492,0.011423261993863554,-68.50071747811049,False
1,stress,10056,fast_nmpc_0p5s,44.0,0.196315149217672,0.04314002830687147,2.002395125596292,0.19001137769551613,0.043248029078530766,2.005581056560096,0.22622770919067217,-0.0019438745117187697,0.03182687499999999,0.15622770919067216,0.2962277091906722,-0.08,0.08,-0.029912559973000158,0.04508390281859024,1.970568250596292,Solve_Succeeded,0.02668333298061043,False,649.711270422296,0.0,0.0,False,False,0.5,10,0.0,-157.4722667951014,-0.01614291040544404,0.47097863061175976,-0.23015347445906348,-0.18289742969960987,-0.16292045415099074,-0.16292045415099074,-0.04553391727717232,False,False,74774.03125,5444.424260097118,18.451421096302866,1.4526313952709974e-05,215.29272342507062,0.9303608946512464,0.8454174308359381,1.2293875720674339,0.6485713174581409,0.6573352173100183,1.0,0.003974919790454923,0.001090421166685319,0.006246505115645126,-0.06077663813443997,0.04369178412569492,0.011423261993863554,-68.50071747811049,False
1,stress,10056,fast_nmpc_0p5s,44.5,0.19629104526502963,0.04313687927420956,2.0239643524574116,0.19874025373045415,0.04281500585432228,2.0271973823001277,0.2278068201303155,-0.001957490234374991,0.030851510009765618,0.1578068201303155,0.2978068201303155,-0.08,0.08,-0.03151577486528587,0.04509436950858455,1.9931128424476459,Solve_Succeeded,0.0266839160467498,False,643.851897516518,0.0,0.0,False,False,0.5,10,0.0,-137.20967974491458,-0.01224423508505473,0.472602534685558,-0.2529204347387547,-0.20614188881454806,-0.1859417467389836,-0.1859417467389836,-0.046042585175985695,False,False,74627.72650146484,5430.607364325257,18.40459495823004,1.4865343596736543e-05,219.20061317860907,0.9303608946512464,0.8454174308359381,1.2293875720674339,0.6485713174581409,0.6573352173100183,1.0,0.003974919790454923,0.001090421166685319,0.006246505115645126,-0.06077663813443997,0.04369178412569492,0.011423261993863554,-68.50071747811049,False
1,stress,10056,fast_nmpc_0p5s,45.0,0.19626805881075232,0.04313413548128811,2.0455321061131575,0.19588144504875477,0.042838792235961716,2.047406824755545,0.22937500000000002,-0.001970915527343728,0.029869384765625,0.15937500000000002,0.29937500000000006,-0.08,0.08,-0.0331069411892477,0.04510505100863184,2.0156627213475327,Solve_Succeeded,0.026751583034638315,False,670.9626374595973,0.0,0.0,False,False,0.5,10,0.0,-115.54431262566087,-0.008232908269284508,0.47423893851582877,-0.275941714239739,-0.23015347445906348,-0.20949050507121944,-0.20949050507121944,-0.047097516664471706,False,False,74480.40771484375,5416.723500150996,18.35754186095386,1.5214718550010078e-05,223.2067181298607,0.9303608946512464,0.8454174308359381,1.2293875720674339,0.6485713174581409,0.6573352173100183,1.0,0.003974919790454923,0.001090421166685319,0.006246505115645126,-0.06077663813443997,0.04369178412569492,0.011423261993863554,-68.50071747811049,False
1,stress,10056,fast_nmpc_0p5s,45.5,0.19624627208644718,0.0431318249817849,2.0670985961969817,0.19942725189910707,0.04145228075700934,2.06415074300313,0.23093160579561045,-0.0019841503906249877,0.02888059448242189,0.16093160579561044,0.30093160579561046,-0.08,0.08,-0.03468533370916327,0.04511597537240989,2.0382180017145597,Solve_Succeeded,0.026711874990724027,False,687.4988900535799,0.0,0.0,False,False,0.5,10,0.0,-93.30453730851427,-0.004262394350075173,0.47588773066795076,-0.2994904767236083,-0.2529204347387547,-0.23262284960663313,-0.23262284960663313,-0.04626468907082737,False,False,74332.08917236328,5402.774045198055,18.310266473308733,1.557475993251199e-05,227.31336721766715,0.9303608946512464,0.8454174308359381,1.2293875720674339,0.6485713174581409,0.6573352173100183,1.0,0.003974919790454923,0.001090421166685319,0.006246505115645126,-0.06077663813443997,0.04369178412569492,0.011423261993863554,-68.50071747811049,False
1,stress,10056,fast_nmpc_0p5s,46.0,0.19622576804668748,0.04312995926180852,2.0886640422272915,0.1947028158160138,0.04590540280480076,2.0886609662863624,0.23247599451303155,-0.0019971948242187704,0.027885234375000012,0.16247599451303155,0.30247599451303153,-0.08,0.08,-0.03625022646634407,0.04512715408602729,2.0607788078522917,Solve_Succeeded,0.02611891698325053,False,689.7750916848981,0.0,0.0,False,False,0.5,10,0.0,-70.12719142084858,-0.0002744183245918172,0.4775487992580159,-0.32262277707281706,-0.275941714239739,-0.25569603690504633,-0.25569603690504633,-0.04614637459682641,False,False,74182.78515625,5388.760369997873,18.26277344009299,1.5945799116651016e-05,231.52294396779234,0.9303608946512464,0.8454174308359381,1.2293875720674339,0.6485713174581409,0.6573352173100183,1.0,0.003974919790454923,0.001090421166685319,0.006246505115645126,-0.06077663813443997,0.04369178412569492,0.011423261993863554,-68.50071747811049,False
1,stress,10056,fast_nmpc_0p5s,46.5,0.19620662819452558,0.04312855707065084,2.1102286712813507,0.19260248607344743,0.0412146229193374,2.111283488113644,0.23400752314814816,-0.0020100488281250273,0.02688339965820312,0.16400752314814815,0.30400752314814816,-0.08,0.08,-0.03780089495362257,0.045138605898775865,2.0833452716231475,Solve_Succeeded,0.026740333007182926,False,757.792227272556,0.0,0.0,False,False,0.5,10,0.0,-45.6627618335514,0.003782715542931192,0.4792220319331153,-0.34569600140640033,-0.2994904767236083,-0.27902253267360166,-0.27902253267360166,-0.046652991537110666,False,False,74032.50994873047,5374.683838129254,18.215067382542145,1.6328178031686897e-05,235.83788742261677,0.9303608946512464,0.8454174308359381,1.2293875720674339,0.6485713174581409,0.6573352173100183,1.0,0.003974919790454923,0.001090421166685319,0.006246505115645126,-0.06077663813443997,0.04369178412569492,0.011423261993863554,-68.50071747811049,False
1,stress,10056,fast_nmpc_0p5s,47.0,0.19618893610584426,0.043127644147733395,2.1317927215586137,0.19894595736503815,0.04422066704306522,2.1290307258938252,0.235525548696845,-0.0020227124023437446,0.025875185546874985,0.165525548696845,0.305525548696845,-0.08,0.08,-0.03933661259100074,0.04515035655007714,2.105917536011739,Solve_Succeeded,0.026165374962147325,False,724.9630033669249,0.0,0.0,False,False,0.5,10,0.0,-20.213991340422382,0.00785064013436737,0.48090731585211915,-0.3499999526419909,-0.32262277707281706,-0.3022455929684661,-0.3022455929684661,-0.046446120589728856,False,False,73881.27783203125,5360.54580635363,18.16715289878729,1.6722249476009817e-05,240.26069307346202,0.9303608946512464,0.8454174308359381,1.2293875720674339,0.6485713174581409,0.6573352173100183,1.0,0.003974919790454923,0.001090421166685319,0.006246505115645126,-0.06077663813443997,0.04369178412569492,0.011423261993863554,-68.50071747811049,False
1,stress,10056,fast_nmpc_0p5s,47.5,0.1961727773781364,0.043127240177463944,2.153356442614504,0.19903364017087233,0.043328874103145294,2.1483727836842235,0.23702942815500688,-0.0020351855468749847,0.024860687255859375,0.16702942815500688,0.3070294281550069,-0.08,0.08,-0.04085665077687048,0.04516242572433893,2.128495755358645,Solve_Succeeded,0.026221584004815668,False,750.8700313586831,0.0,0.0,False,False,0.5,10,0.0,6.282273400607949,0.011933346446065536,0.48260453766693817,-0.34999996728894983,-0.34569600140640033,-0.3253888452344738,-0.3253888452344738,-0.04628650453201544,False,False,73729.1030883789,5346.3476247460985,18.119034564299216,1.712837743738861e-05,244.79391379465662,0.9303608946512464,0.8454174308359381,1.2293875720674339,0.6485713174581409,0.6573352173100183,1.0,0.003974919790454923,0.001090421166685319,0.006246505115645126,-0.06077663813443997,0.04369178412569492,0.011423261993863554,-68.50071747811049,False
1,stress,10056,fast_nmpc_0p5s,48.0,0.19615823831724075,0.04312736610718762,2.1749200941623954,0.19926673740155512,0.043957604611420925,2.180652182474285,0.23851851851851852,-0.0020474682617187406,0.02384,0.1685185185185185,0.3085185185185185,-0.08,0.08,-0.04236028020127777,0.04517483436890636,2.1510800941623955,Solve_Succeeded,0.028547207999508828,False,769.9542671175365,0.0,0.0,False,False,0.5,10,0.0,23.26992456418992,0.014371345390374997,0.48431358350425724,-0.3499999702784727,-0.3499999526419909,-0.3384976073325697,-0.3384976073325697,-0.026217524196191833,False,False,73576.0,5332.090636822434,18.070716932318835,1.7546937421297695e-05,249.44016077842107,0.9303608946512464,0.8454174308359381,1.2293875720674339,0.6485713174581409,0.6573352173100183,1.0,0.003974919790454923,0.001090421166685319,0.006246505115645126,-0.06077663813443997,0.04369178412569492,0.011423261993863554,-68.50071747811049,False
1,stress,10056,fast_nmpc_0p5s,48.5,0.19614535525863977,0.043127831762639374,2.1964838936088595,0.19030159942563346,0.04316778585445558,2.195936982784936,0.23999217678326476,-0.0020595605468750125,0.022813218994140634,0.16999217678326475,0.30999217678326474,-0.08,0.08,-0.04384682152462499,0.045187392309514386,2.1736706746147187,Solve_Succeeded,0.027420459024142474,False,831.9390372774122,0.0,0.0,False,False,0.5,10,0.0,33.39311387062537,0.015657729487979555,0.48603433894772885,-0.34999997389222187,-0.34999996728894983,-0.3446241784672273,-0.3446241784672273,-0.012253142269315176,False,False,73421.9828491211,5317.776179662232,18.022204534274533,1.797831678742814e-05,254.20210446959226,0.9303608946512464,0.8454174308359381,1.2293875720674339,0.6485713174581409,0.6573352173100183,1.0,0.003974919790454923,0.001090421166685319,0.006246505115645126,-0.06077663813443997,0.04369178412569492,0.011423261993863554,-68.50071747811049,False
1,stress,10056,fast_nmpc_0p5s,49.0,0.19613408345867778,0.04312849985422116,2.2180479764943746,0.19827849644496326,0.04343983574204537,2.222565352598445,0.24144975994513035,-0.0020714624023437656,0.021780439453124988,0.17144975994513034,0.31144975994513036,-0.08,0.08,-0.04531567648645257,0.045199962256564925,2.1962675370412494,Solve_Succeeded,0.027604792034253478,False,819.1500215515288,0.0,0.0,False,False,0.5,10,0.0,40.35980945861705,0.016413168529725186,0.4878384306542634,-0.3499999769091883,-0.3499999702784727,-0.3474875187783985,-0.3474875187783985,-0.005726680622342384,False,False,73267.06591796875,5303.405584028344,17.973501880186948,1.8422915094482955e-05,259.0824754991484,0.9303608946512464,0.8454174308359381,1.2293875720674339,0.6485713174581409,0.6573352173100183,1.0,0.003974919790454923,0.001090421166685319,0.006246505115645126,-0.06077663813443997,0.04369178412569492,0.011423261993863554,-68.50071747811049,False
1,stress,10056,fast_nmpc_0p5s,49.5,0.19612433570940355,0.04312930725268986,2.239612428254636,0.19404626202534556,0.04467054733128824,2.2452983376962194,0.24289062500000003,-0.002083173828124986,0.02074175659179687,0.17289062500000002,0.31289062500000003,-0.08,0.08,-0.04676628929059648,0.04521248108081485,2.218870671662839,Solve_Succeeded,0.02738525002496317,False,846.379800653613,0.0,0.0,False,False,0.5,10,0.0,45.911875355880696,0.016923557645032547,0.4897150181989939,-0.349999974002435,-0.34999997389222187,-0.3488257428503147,-0.3488257428503147,-0.0026764481438323884,False,False,73111.26348876953,5288.980174482759,17.92461345906169,1.8881144453352614e-05,264.08406561545917,0.9303608946512464,0.8454174308359381,1.2293875720674339,0.6485713174581409,0.6573352173100183,1.0,0.003974919790454923,0.001090421166685319,0.006246505115645126,-0.06077663813443997,0.04369178412569492,0.011423261993863554,-68.50071747811049,False
1,stress,10056,fast_nmpc_0p5s,50.0,0.19611601239529838,0.04313022566645357,2.261177311470104,0.19456154763408284,0.044419588828780526,2.2714146232698287,0.2443141289437586,-0.002094694824218736,0.019697265625,0.17431412894375858,0.3143141289437586,-0.08,0.08,-0.04819811654846021,0.0452249204906723,2.241480045845104,Solve_Succeeded,0.027327250048983842,False,870.4279491244071,0.0,0.0,False,False,0.5,10,0.0,50.839351565985254,0.017316318660057513,0.4916039796605237,-0.3499999761902709,-0.3499999769091883,-0.3494511821964757,-0.3494511821964757,-0.0012508786923219883,False,False,72954.58984375,5274.501269499071,17.875543739270487,1.9353429888759836e-05,269.2097286121152,0.9303608946512464,0.8454174308359381,1.2293875720674339,0.6485713174581409,0.6573352173100183,1.0,0.003974919790454923,0.001090421166685319,0.006246505115645126,-0.06077663813443997,0.04369178412569492,0.011423261993863554,-68.50071747811049,False
1,stress,10056,fast_nmpc_0p5s,50.5,0.19610901469120484,0.04313124260480402,2.2827426785256586,0.20248350106367521,0.044494752451264975,2.2839652247068893,0.2457196287722908,-0.002106025390624995,0.018647061767578132,0.1757196287722908,0.3157196287722908,-0.08,0.08,-0.04961061408108597,0.045237267995429015,2.2640956167580804,Solve_Succeeded,0.027409500034991652,False,852.7786148389966,0.0,0.0,False,False,0.5,10,0.0,55.5445117709406,0.01765457526620811,0.49350519329425013,-0.3499999789967655,-0.349999974002435,-0.3497434884753678,-0.3497434884753678,-0.0005846125577841921,False,False,72797.05926513672,5259.970181571663,17.82629716892124,1.9840209709457204e-05,274.46238125114576,0.9303608946512464,0.8454174308359381,1.2293875720674339,0.6485713174581409,0.6573352173100183,1.0,0.003974919790454923,0.001090421166685319,0.006246505115645126,-0.06077663813443997,0.04369178412569492,0.011423261993863554,-68.50071747811049,False
1,stress,10056,fast_nmpc_0p5s,51.0,0.19610325009169233,0.043132353622461594,2.3043085775721885,0.19227224774248952,0.042087663695017166,2.309209646879846,0.24710648148148148,-0.00211716552734377,0.017591240234375007,0.17710648148148148,0.31710648148148146,-0.08,0.08,-0.051003231389789155,0.045249519149805364,2.2867173373378136,Solve_Succeeded,0.02751966699725017,False,949.3825496140995,0.0,0.0,False,False,0.5,10,0.0,60.222230230063445,0.017967946791037734,0.495418536625849,-0.3499999824811268,-0.3499999761902709,-0.3498801030689363,-0.3498801030689363,-0.00027322918713701405,False,False,72638.68603515625,5245.388217321746,17.776878176217384,2.0341935887053382e-05,279.8450041803658,0.9303608946512464,0.8454174308359381,1.2293875720674339,0.6485713174581409,0.6573352173100183,1.0,0.003974919790454923,0.001090421166685319,0.006246505115645126,-0.06077663813443997,0.04369178412569492,0.011423261993863554,-68.50071747811049,False
1,stress,10056,fast_nmpc_0p5s,51.5,0.19609863456208274,0.04313355817152719,2.3258750555122965,0.20042441209197048,0.04365046433612162,2.323123626250849,0.2484740440672154,-0.0021281152343750123,0.016529896240234362,0.1784740440672154,0.3184740440672154,-0.08,0.08,-0.05237540950513267,0.0452616734059022,2.309345159272062,Solve_Succeeded,0.02746149996528402,False,910.4353464566765,0.0,0.0,False,False,0.5,10,0.0,64.96829791157478,0.01827033105093638,0.4973438864335049,-0.34999998229893065,-0.3499999789967655,-0.3499439533050586,-0.3499439533050586,-0.00012770047224464065,False,False,72479.48443603516,5230.756677600381,17.72729116980702,2.085907444353665e-05,285.36064284354467,0.9303608946512464,0.8454174308359381,1.2293875720674339,0.6485713174581409,0.6573352173100183,1.0,0.003974919790454923,0.001090421166685319,0.006246505115645126,-0.06077663813443997,0.04369178412569492,0.011423261993863554,-68.50071747811049,False
1,stress,10056,fast_nmpc_0p5s,52.0,0.19609509302366757,0.04313485761979266,2.3474421594535686,0.1942762343013597,0.0438033642914016,2.3343028247473367,0.24982167352537724,-0.0021388745117187358,0.015463124999999994,0.17982167352537723,0.31982167352537727,-0.08,0.08,-0.05372658050170967,0.045273732131511396,2.3319790344535685,Solve_Succeeded,0.02769645903026685,False,953.8312326792907,0.0,0.0,False,False,0.5,10,0.0,69.83120814497215,0.018568248944073364,0.4992811187306089,-0.34999998164936913,-0.3499999824811268,-0.34997379646194987,-0.34997379646194987,-5.968631378250322e-05,False,False,72319.46875,5216.076857588573,17.677540539122155,2.1392105847555965e-05,291.01240838201875,0.9303608946512464,0.8454174308359381,1.2293875720674339,0.6485713174581409,0.6573352173100183,1.0,0.003974919790454923,0.001090421166685319,0.006246505115645126,-0.06077663813443997,0.04369178412569492,0.011423261993863554,-68.50071747811049,False
1,stress,10056,fast_nmpc_0p5s,52.5,0.19609255909978868,0.04313625430478118,2.3690099374299316,0.19516890535339118,0.043625488737916426,2.3662698795502193,0.25114872685185186,-0.002149443359375003,0.014391021728515627,0.18114872685185185,0.32114872685185186,-0.08,0.08,-0.05505616775206318,0.04528569766415618,2.354618915701416,Solve_Succeeded,0.02743745903717354,False,979.4698937512524,0.0,0.0,False,False,0.5,10,0.0,74.83690751162715,0.01886475860715079,0.5012301087489158,-0.3499999829373748,-0.34999998229893065,-0.3499877439817277,-0.3499877439817277,-2.7895039555692058e-05,False,False,72158.65325927734,5201.350046894582,17.627630654708497,2.1941525419510833e-05,296.8034785263166,0.9303608946512464,0.8454174308359381,1.2293875720674339,0.6485713174581409,0.6573352173100183,1.0,0.003974919790454923,0.001090421166685319,0.006246505115645126,-0.06077663813443997,0.04369178412569492,0.011423261993863554,-68.50071747811049,False
1,stress,10056,fast_nmpc_0p5s,53.0,0.19609097455981805,0.043137751082813064,2.390578438773784,0.19635948243624413,0.04327225680118877,2.374640038700001,0.252454561042524,-0.0021598217773437373,0.013313681640624991,0.182454561042524,0.322454561042524,-0.08,0.08,-0.05636358648270595,0.0452975728601568,2.377264757133159,Solve_Succeeded,0.027525791025254875,False,993.0557920057208,0.0,0.0,False,False,0.5,10,0.0,80.00063901072593,0.01916129297347899,0.5031907309221533,-0.3499999844873133,-0.34999998164936913,-0.34999426220421526,-0.34999426220421526,-1.303644497507861e-05,False,False,71997.05224609375,5186.577529648537,17.577565868546092,2.2507843745491155e-05,302.73709847629107,0.9303608946512464,0.8454174308359381,1.2293875720674339,0.6485713174581409,0.6573352173100183,1.0,0.003974919790454923,0.001090421166685319,0.006246505115645126,-0.06077663813443997,0.04369178412569492,0.011423261993863554,-68.50071747811049,False
1,stress,10056,fast_nmpc_0p5s,53.5,0.19609028866465208,0.04313935111493813,2.412147714321878,0.19160277064641867,0.04277098583349388,2.4125066809977254,0.25373853309327843,-0.0021700097656250084,0.01223119995117189,0.18373853309327842,0.32373853309327844,-0.08,0.08,-0.057648244428626344,0.045309360880563136,2.399916514370706,Solve_Succeeded,0.03116029198281467,False,1094.1840794185266,0.0017568535398405638,0.0,True,False,0.5,10,0.0,85.33260130577978,0.019458521238040823,0.5051628588700733,-0.35000000824745264,-0.3499999829373748,-0.3499973092727105,-0.3499973092727105,-6.094136990486554e-06,False,False,71834.67999267578,5171.76058459446,17.527350514361206,2.309158710009851e-05,308.81658176820116,0.9303608946512464,0.8454174308359381,1.2293875720674339,0.6485713174581409,0.6573352173100183,1.0,0.003974919790454923,0.001090421166685319,0.006246505115645126,-0.06077663813443997,0.04369178412569492,0.011423261993863554,-68.50071747811049,False
1,stress,10056,fast_nmpc_0p5s,54.0,0.19609045750631338,0.04314105776605403,2.4337178165424627,0.19945602444777666,0.04375522139047861,2.4508262949496675,0.255,-0.0021800073242187745,0.011143671874999983,0.185,0.325,-0.08,0.08,-0.05890954249368663,0.045321065090272804,2.422574144667463,Solve_Succeeded,0.02727708301972598,False,1034.3863302070372,0.0,0.0,False,False,0.5,10,0.0,90.84065445536945,0.01975675282670792,0.507146365382941,-0.3499999856922163,-0.3499999844873133,-0.34999873418834754,-0.34999873418834754,-2.849831274076564e-06,False,False,71671.55078125,5156.900485179787,17.47698890792972,2.3693297878168097e-05,315.04531112710765,0.9303608946512464,0.8454174308359381,1.2293875720674339,0.6485713174581409,0.6573352173100183,1.0,0.003974919790454923,0.001090421166685319,0.006246505115645126,-0.06077663813443997,0.04369178412569492,0.011423261993863554,-68.50071747811049,False
1,stress,10056,fast_nmpc_0p5s,54.5,0.19609144338162432,0.043142874558139366,2.455288799625516,0.19572124654348338,0.040920653384892355,2.449499321546558,0.2562383187585734,-0.0021898144531249802,0.010051192626953115,0.18623831875857338,0.3262383187585734,-0.08,0.08,-0.06014687537694907,0.045332689011264346,2.4452376069985626,Solve_Succeeded,0.03420449997065589,False,2630.5603489956134,0.007967907908424748,0.0,False,False,0.5,10,0.0,96.531636856202,0.02005612960255103,0.5091411224064528,-0.3500000098113465,-0.35000000824745264,-0.3499994127981082,-0.3499994127981082,-1.3572195213251703e-06,False,False,71507.67889404297,5141.998499642501,17.426485347372413,2.4313535035399163e-05,321.42673930288686,0.9303608946512464,0.8454174308359381,1.2293875720674339,0.6485713174581409,0.6573352173100183,1.0,0.003974919790454923,0.001090421166685319,0.006246505115645126,-0.06077663813443997,0.04369178412569492,0.011423261993863554,-68.50071747811049,False
1,stress,10056,fast_nmpc_0p5s,55.0,0.19609321421532894,0.04314480514982522,2.476860719556178,0.20130409695646576,0.04473882050484761,2.4625764772433736,0.2574528463648834,-0.0021994311523437365,0.008953857421875003,0.1874528463648834,0.3274528463648834,-0.08,0.08,-0.06135963214955448,0.04534423630216896,2.467906862134303,Solve_Succeeded,0.02738612500252202,False,1039.5214315166018,0.0,0.0,False,False,0.5,10,0.0,102.41190955896505,0.020356705482305032,0.5111470010270767,-0.34999998598266646,-0.3499999856922163,-0.3499997179421412,-0.3499997179421412,-6.102880659719645e-07,False,False,71343.07861328125,5127.055891095932,17.375844113442373,2.4952874537888082e-05,327.96438988809274,0.9303608946512464,0.8454174308359381,1.2293875720674339,0.6485713174581409,0.6573352173100183,1.0,0.003974919790454923,0.001090421166685319,0.006246505115645126,-0.06077663813443997,0.04369178412569492,0.011423261993863554,-68.50071747811049,False
1,stress,10056,fast_nmpc_0p5s,55.5,0.19609574303625774,0.04314685332685254,2.498433634180691,0.19862508951228602,0.04104017742871347,2.502366233040354,0.25864293981481484,-0.002208857421874988,0.007851761474609378,0.18864293981481484,0.32864293981481485,-0.08,0.08,-0.06254719677855711,0.045355710748727525,2.490581872706082,Solve_Succeeded,0.03489424998406321,False,2915.3305162922643,0.00849131118687721,0.0,False,False,0.5,10,0.0,108.48781311324433,0.020658507411477352,0.5131638714578081,-0.3500000098360511,-0.3500000098113465,-0.3499998734021907,-0.3499998734021907,-3.109200990003558e-07,False,False,71177.7642211914,5112.073917611333,17.325069469804838,2.5611909820545257e-05,334.6618581158368,0.9303608946512464,0.8454174308359381,1.2293875720674339,0.6485713174581409,0.6573352173100183,1.0,0.003974919790454923,0.001090421166685319,0.006246505115645126,-0.06077663813443997,0.04369178412569492,0.011423261993863554,-68.50071747811049,False
1,stress,10056,fast_nmpc_0p5s,56.0,0.19609900750574252,0.04314902300166569,2.5200076032698524,0.19969239035852868,0.04368437683944711,2.518041485785718,0.2598079561042524,-0.002218093261718762,0.006745000000000015,0.18980795610425238,0.3298079561042524,-0.08,0.08,-0.06370894859850987,0.04536711626338445,2.5132626032698524,Solve_Succeeded,0.030592708964832127,False,1122.4084364823323,0.0010014069216853216,0.0,True,False,0.5,10,0.0,114.76561538902615,0.020961531363993806,0.5151916030243355,-0.35000000675205223,-0.34999998598266646,-0.34999993336660634,-0.34999993336660634,-1.1992883131028975e-07,False,False,71011.75,5097.053832298304,17.27416566330976,2.629125225436081e-05,341.5228116357692,0.9303608946512464,0.8454174308359381,1.2293875720674339,0.6485713174581409,0.6573352173100183,1.0,0.003974919790454923,0.001090421166685319,0.006246505115645126,-0.06077663813443997,0.04369178412569492,0.011423261993863554,-68.50071747811049,False
1,stress,10056,fast_nmpc_0p5s,56.5,0.19610298949471022,0.043151318211961935,2.541582688582004,0.19268855517031389,0.04408691027521345,2.545750430401497,0.260947252229081,-0.0022271386718750175,0.005633668212890616,0.190947252229081,0.330947252229081,-0.08,0.08,-0.06484426273437077,0.04537845688383695,2.535949020369113,Solve_Succeeded,0.033163457992486656,False,1376.067527105999,0.0029525296182740524,0.0,False,False,0.5,10,0.0,121.25178964131962,0.021265776012933675,0.5172300641516114,-0.35000000857227276,-0.3500000098360511,-0.34999997409698647,-0.34999997409698647,-8.146076024839743e-08,False,False,70845.0502319336,5081.996883383135,17.223136924257314,2.6991531622469414e-05,348.55099126618717,0.9303608946512464,0.8454174308359381,1.2293875720674339,0.6485713174581409,0.6573352173100183,1.0,0.003974919790454923,0.001090421166685319,0.006246505115645126,-0.06077663813443997,0.04369178412569492,0.011423261993863554,-68.50071747811049,False
1,stress,10056,fast_nmpc_0p5s,57.0,0.19610767470548288,0.04315374312480151,2.563158953926685,0.18682759278336974,0.04203903010281137,2.5558219454349187,0.2620601851851852,-0.00223599365234374,0.004517861328124997,0.1920601851851852,0.3320601851851852,-0.08,0.08,-0.06595251047970233,0.04538973677714525,2.5586410925985597,Solve_Succeeded,0.035626208991743624,False,9839.836119396088,0.0119172290534805,0.0,False,False,0.5,10,0.0,127.95285627464293,0.021571224617435582,0.5192791223508177,-0.35000000991834107,-0.35000000675205223,-0.34999999149025046,-0.34999999149025046,-3.478652799149273e-08,False,False,70677.67919921875,5066.904314285146,17.171987466656617,2.7713396604946737e-05,355.75021172021076,0.9303608946512464,0.8454174308359381,1.2293875720674339,0.6485713174581409,0.6573352173100183,1.0,0.003974919790454923,0.001090421166685319,0.006246505115645126,-0.06077663813443997,0.04369178412569492,0.011423261993863554,-68.50071747811049,False
1,stress,10056,fast_nmpc_0p5s,57.5,0.196113052334156,0.04315630203755243,2.5847364652295504,0.19206976018891933,0.044073104194866625,2.5901479103927727,0.26314611196844995,-0.0022446582031249857,0.003397674560546876,0.19314611196844994,0.33314611196844995,-0.08,0.08,-0.06703305963429396,0.04540096024067741,2.5813387906690033,Solve_Succeeded,0.03436099999817088,False,2196.956194827601,0.004792115018121518,0.0,False,False,0.5,10,0.0,134.87553607738903,0.021877862598111114,0.5213386442067272,-0.35000000978509144,-0.35000000857227276,-0.3500000005887507,-0.35,-1.701949903232247e-08,False,False,70509.65118408203,5051.777363691093,17.120721488477898,2.8457515272253338e-05,363.1243623039117,0.9303608946512464,0.8454174308359381,1.2293875720674339,0.6485713174581409,0.6573352173100183,1.0,0.003974919790454923,0.001090421166685319,0.006246505115645126,-0.06077663813443997,0.04369178412569492,0.011423261993863554,-68.50071747811049,False
1,stress,10056,fast_nmpc_0p5s,58.0,0.19611911476933166,0.04315899938189941,2.606315290598526,0.1972416492230433,0.04227331649758754,2.600174946781477,0.26420438957475995,-0.00225313232421874,0.0022732031250000118,0.19420438957475994,0.33420438957475995,-0.08,0.08,-0.06808527480542828,0.04541213170611815,2.604042087473526,Solve_Succeeded,0.03494416602188721,False,4236.439453641806,0.009274847952537774,0.0,True,False,0.5,10,0.0,142.02670177189952,0.02218567181650012,0.5234084953654483,-0.3500000096863047,-0.35000000991834107,-0.3500000055580265,-0.35,0.0,False,False,70340.98046875,5036.617265627709,17.06934317189833,2.9224575587220576e-05,370.677407584173,0.9303608946512464,0.8454174308359381,1.2293875720674339,0.6485713174581409,0.6573352173100183,1.0,0.003974919790454923,0.001090421166685319,0.006246505115645126,-0.06077663813443997,0.04369178412569492,0.011423261993863554,-68.50071747811049,False
1,stress,10056,fast_nmpc_0p5s,58.5,0.19612585732389795,0.04316183972688331,2.627895500391728,0.2009767360379074,0.04389873040269706,2.631592728805759,0.265234375,-0.0022614160156250174,0.001144542236328136,0.19523437500000002,0.33523437500000003,-0.08,0.08,-0.06910851767610207,0.04542325574250833,2.6267509581554,Solve_Succeeded,0.03428708401042968,False,1527.618514768443,0.0038200112221915272,0.0,False,False,0.5,10,0.0,149.4134176026991,0.022494634627075752,0.5254885405225552,-0.35000000962208927,-0.35000000978509144,-0.3500000078095135,-0.35,0.0,False,False,70171.68133544922,5021.425249532426,17.01785668354173,3.0015285915455428e-05,378.4133880240179,0.9303608946512464,0.8454174308359381,1.2293875720674339,0.6485713174581409,0.6573352173100183,1.0,0.003974919790454923,0.001090421166685319,0.006246505115645126,-0.06077663813443997,0.04369178412569492,0.011423261993863554,-68.50071747811049,False
1,stress,10056,fast_nmpc_0p5s,59.0,0.19613327799637736,0.043164827782731764,2.649477167287097,0.19899077091684456,0.04255925920101486,2.6494030377258633,0.26623542524005483,-0.002269509277343776,1.1787109374994387e-05,0.19623542524005483,0.33623542524005484,-0.08,0.08,-0.07010214724367747,0.04543433706007554,2.6494653801777224,Solve_Succeeded,0.034496375010348856,False,4319.796662586533,0.009213485317037778,0.0,False,False,0.5,10,0.0,157.04291466309766,0.022804730957593035,0.5275786434115908,-0.3500000097039331,-0.3500000096863047,-0.3500000088091601,-0.35,0.0,False,False,70001.76806640625,5006.2025403223815,16.966266174712413,3.083037554401789e-05,386.3364205830491,0.9303608946512464,0.8454174308359381,1.2293875720674339,0.6485713174581409,0.6573352173100183,1.0,0.003974919790454923,0.001090421166685319,0.006246505115645126,-0.06077663813443997,0.04369178412569492,0.011423261993863554,-68.50071747811049,False
1,stress,10056,fast_nmpc_0p5s,59.5,0.19614137725882946,0.04316796840419593,2.671060366353827,0.19835433821492846,0.043653893956029664,2.67278146793446,0.2672068972908094,-0.0022774121093750016,-0.0011249670410156398,0.19720689729080937,0.3372068972908094,-0.08,0.08,-0.07106552003197991,0.04544538051357093,2.6721853333948427,Solve_Succeeded,0.03450958296889439,False,2974.7825820837074,0.006746715774538697,0.0,False,False,0.5,10,0.0,164.92260812809835,0.023115939895969488,0.5296786667929451,-0.3500000096068882,-0.35000000962208927,-0.35000000924215546,-0.35,0.0,False,False,69831.25494384766,4990.950358461709,16.914575781623235,3.167059520820235e-05,394.45069928055875,0.9303608946512464,0.8454174308359381,1.2293875720674339,0.6485713174581409,0.6573352173100183,1.0,0.003974919790454923,0.001090421166685319,0.006246505115645126,-0.06077663813443997,0.04369178412569492,0.011423261993863554,-68.50071747811049,True
1,stress,10056,fast_nmpc_0p5s,60.0,0.19615015786850967,0.04317126659423139,2.692645175125547,0.19878915557818957,0.043793496556238064,2.704837896390317,0.26814814814814814,-0.0022851245117187363,-0.002265625000000007,0.19814814814814813,0.33814814814814814,-0.08,0.08,-0.07199799027963846,0.04545639110595013,2.6949108001255473,Solve_Succeeded,0.03631733398651704,False,3113.870629817135,0.006781824676019121,0.0,False,False,0.5,10,0.0,173.0601005693025,0.023428239748628697,0.5317884724430973,-0.35000000962786487,-0.3500000097039331,-0.3500000094881148,-0.35,0.0,False,False,69660.15625,4975.6699200272205,16.86278962561822,3.2536717626231844e-05,402.7604957188205,0.9303608946512464,0.8454174308359381,1.2293875720674339,0.6485713174581409,0.6573352173100183,1.0,0.003974919790454923,0.001090421166685319,0.006246505115645126,-0.06077663813443997,0.04369178412569492,0.011423261993863554,-68.50071747811049,True
1,stress,10056,fast_nmpc_0p5s,60.5,0.1961596247009054,0.04317472750774498,2.71423167367536,0.19991363091788658,0.04390233437404225,2.708193813765638,0.2690585348079561,-0.00229264648437498,-0.003410091552734376,0.1990585348079561,0.3390585348079561,-0.08,0.08,-0.07289891010705071,0.04546737399211996,2.717641765228094,Solve_Succeeded,0.037025417026598006,False,3026.9793444942125,0.006643988436484116,0.0,True,False,0.5,10,0.0,181.46318520038758,0.023741608092187713,0.533907921144225,-0.35000000962854805,-0.3500000096068882,-0.35000000955137783,-0.35,0.0,False,False,69488.48626708984,4960.362436772506,16.81091181338977,3.342953804164575e-05,411.270159563951,0.9303608946512464,0.8454174308359381,1.2293875720674339,0.6485713174581409,0.6573352173100183,1.0,0.003974919790454923,0.001090421166685319,0.006246505115645126,-0.06077663813443997,0.04369178412569492,0.011423261993863554,-68.50071747811049,True
1,stress,10056,fast_nmpc_0p5s,61.0,0.19616978460195386,0.04317835645540599,2.73581994469277,0.19899347624425548,0.042745707753721975,2.746988315149075,0.26993741426611795,-0.0022999780273437603,-0.004558271484374987,0.19993741426611794,0.33993741426611795,-0.08,0.08,-0.07376762966416409,0.04547833448274975,2.740378216177145,Solve_Succeeded,0.03757412498816848,False,7092.216360608339,0.010981243164505855,0.0,False,False,0.5,10,0.0,190.1398490482085,0.024056021819183038,0.5360368726741661,-0.350000009925848,-0.35000000962786487,-0.3500000095921176,-0.35,0.0,False,False,69316.25927734375,4945.029116190508,16.758946437190744,3.434987477313922e-05,419.9841189817081,0.9303608946512464,0.8454174308359381,1.2293875720674339,0.6485713174581409,0.6573352173100183,1.0,0.003974919790454923,0.001090421166685319,0.006246505115645126,-0.06077663813443997,0.04369178412569492,0.011423261993863554,-68.50071747811049,True
1,stress,10056,fast_nmpc_0p5s,61.5,0.19618064625747342,0.04318215890752049,2.7574100735625358,0.20427760491568495,0.04210471525875323,2.7561896253736045,0.27078414351851854,-0.002307119140625022,-0.0057100695800781365,0.20078414351851853,0.34078414351851855,-0.08,0.08,-0.07460349726104512,0.04548927804814551,2.763120143142614,Solve_Succeeded,0.03646274999482557,False,6538.482883486808,0.01165875714818651,0.0,False,False,0.5,10,0.0,199.0982760440326,0.024371457178459933,0.5381751857967413,-0.35000000992832586,-0.35000000962854805,-0.3500000096115218,-0.35,0.0,False,False,69143.48956298828,4929.67116157462,16.706897575041523,3.529856977158005e-05,428.90688102545613,0.9303608946512464,0.8454174308359381,1.2293875720674339,0.6485713174581409,0.6573352173100183,1.0,0.003974919790454923,0.001090421166685319,0.006246505115645126,-0.06077663813443997,0.04369178412569492,0.011423261993863554,-68.50071747811049,True
1,stress,10056,fast_nmpc_0p5s,62.0,0.19619222007804493,0.043186140497967006,2.77900214844547,0.1991302737295641,0.04527346637538704,2.7763762034621546,0.27159807956104254,-0.002314069824218737,-0.006865390625000009,0.20159807956104253,0.34159807956104254,-0.08,0.08,-0.0754058594829976,0.04550021032218574,2.7858675390704697,Solve_Succeeded,0.03399770904798061,False,2556.7794907078796,0.004214070895146804,0.0,False,False,0.5,10,0.0,208.34685002890208,0.024687889810781807,0.5403227182524204,-0.35000000983300084,-0.350000009925848,-0.35000000977894324,-0.35,0.0,False,False,68970.19140625,4914.289772078365,16.654769290932272,3.6276489183903586e-05,438.04303197350555,0.9303608946512464,0.8454174308359381,1.2293875720674339,0.6485713174581409,0.6573352173100183,1.0,0.003974919790454923,0.001090421166685319,0.006246505115645126,-0.06077663813443997,0.04369178412569492,0.011423261993863554,-68.50071747811049,True
1,stress,10056,fast_nmpc_0p5s,62.5,0.1962045180977625,0.04319030702819195,2.8005962603612256,0.1878009064347974,0.04246783118197911,2.8086987938685364,0.27237857938957477,-0.0023208300781249885,-0.008024139404296873,0.20237857938957476,0.3423785793895748,-0.08,0.08,-0.07617406129181228,0.04551113710631694,2.8086203997655224,Solve_Succeeded,0.03256454097572714,False,28784.530460745384,0.016883070108981824,0.0,False,False,0.5,10,0.0,217.8941576666036,0.025005294780160635,0.5424793267493396,-0.35000000995746017,-0.35000000992832586,-0.3500000098585098,-0.35,0.0,False,False,68796.37908935547,4898.886142773685,16.602565635020465,3.7284523923551615e-05,447.39723761291026,0.9303608946512464,0.8454174308359381,1.2293875720674339,0.6485713174581409,0.6573352173100183,1.0,0.003974919790454923,0.001090421166685319,0.006246505115645126,-0.06077663813443997,0.04369178412569492,0.011423261993863554,-68.50071747811049,True
1,stress,10056,fast_nmpc_0p5s,63.0,0.19621755388543652,0.043194664471262904,2.8221925032730937,0.19904209328293998,0.04134127124599838,2.825191526372747,0.27312500000000006,-0.002327399902343749,-0.009186220703124998,0.20312500000000006,0.34312500000000007,-0.08,0.08,-0.07690744611456354,0.045522064373606654,2.8313787239762185,Solve_Succeeded,0.035696875012945384,False,17570.52566570726,0.01693597969856553,0.0,False,False,0.5,10,0.0,227.7489912572353,0.02532364660135581,0.54464486695466,-0.35000000988281876,-0.35000000983300084,-0.3500000098449228,-0.35,0.0,False,False,68622.06689453125,4883.461464707889,16.550290643823907,3.832359024709241e-05,456.9742434667712,0.9303608946512464,0.8454174308359381,1.2293875720674339,0.6485713174581409,0.6573352173100183,1.0,0.003974919790454923,0.001090421166685319,0.006246505115645126,-0.06077663813443997,0.04369178412569492,0.011423261993863554,-68.50071747811049,True
1,stress,10056,fast_nmpc_0p5s,63.5,0.19623134246697915,0.04319921897597778,2.843790974174841,0.1856742214309802,0.04344792577077933,2.8341600301974696,0.273836698388203,-0.0023337792968750326,-0.010351539306640622,0.203836698388203,0.343836698388203,-0.08,0.08,-0.07760535592122386,0.045532998272852815,2.8541425134814817,Solve_Succeeded,0.03230274998350069,False,31180.744506889827,0.018162476957222812,0.0,False,False,0.5,10,0.0,237.9203514438341,0.025642919263941626,0.5468191934862616,-0.35000000995703107,-0.35000000995746017,-0.35000000990486424,-0.35,0.0,False,False,68447.2691040039,4868.0169249593155,16.497948340409362,3.939463033662118e-05,466.7788749619762,0.9303608946512464,0.8454174308359381,1.2293875720674339,0.6485713174581409,0.6573352173100183,1.0,0.003974919790454923,0.001090421166685319,0.006246505115645126,-0.06077663813443997,0.04369178412569492,0.011423261993863554,-68.50071747811049,True
1,stress,10056,fast_nmpc_0p5s,64.0,0.19624590025783312,0.043203976871027776,2.8653917731796166,0.19053277591878337,0.04389136950589475,2.86805759812743,0.2745130315500686,-0.0023399682617187556,-0.01152000000000003,0.2045130315500686,0.3445130315500686,-0.08,0.08,-0.0782671312922355,0.04554394513274653,2.8769117731796165,Solve_Succeeded,0.03204008296597749,False,20486.320713953097,0.013980255631285243,0.0,False,False,0.5,10,0.0,248.41744980409723,0.025963086253304082,0.5490021599047784,-0.3500000098645772,-0.35000000988281876,-0.350000009893122,-0.35,0.0,False,False,68272.0,4852.553706691728,16.445542734576904,4.049861288750948e-05,476.81603753428186,0.9303608946512464,0.8454174308359381,1.2293875720674339,0.6485713174581409,0.6573352173100183,1.0,0.003974919790454923,0.001090421166685319,0.006246505115645126,-0.06077663813443997,0.04369178412569492,0.011423261993863554,-68.50071747811049,True
1,stress,10056,fast_nmpc_0p5s,64.5,0.19626124500442246,0.04320894466921175,2.886995003610953,0.19351760350055525,0.04144802858155144,2.8835885990114214,0.27515335648148154,-0.0023459667968749737,-0.012691507568359378,0.20515335648148153,0.34515335648148154,-0.08,0.08,-0.07889211147705907,0.04555491146608672,2.8996865111793126,Solve_Succeeded,0.03471445897594094,False,30534.990579712456,0.019300494673314794,0.0,False,False,0.5,10,0.0,259.2497113186789,0.026284120568887286,0.5511936187059596,-0.35000000996568426,-0.35000000995703107,-0.3500000099271623,-0.35,0.0,False,False,68096.2738647461,4837.072989207493,16.39307782304016,4.163653370102976e-05,487.09071666751146,0.9303608946512464,0.8454174308359381,1.2293875720674339,0.6485713174581409,0.6573352173100183,1.0,0.003974919790454923,0.001090421166685319,0.006246505115645126,-0.06077663813443997,0.04369178412569492,0.011423261993863554,-68.50071747811049,True
1,stress,10056,fast_nmpc_0p5s,65.0,0.19627739573370961,0.0432141290716996,2.908600772095885,0.193940391219929,0.04424545438130778,2.91973431484343,0.2757570301783265,-0.0023517749023437423,-0.013865966796875004,0.20575703017832647,0.3457570301783265,-0.08,0.08,-0.07947963444461686,0.045565903974043344,2.92246673889276,Solve_Succeeded,0.031973374949302524,False,15513.618883729845,0.011816638958397463,0.0,False,False,0.5,10,0.0,270.4267767071336,0.026605994739978905,0.5533934213133627,-0.35000000985455426,-0.3500000098645772,-0.35000000989382724,-0.35,0.0,False,False,67920.10498046875,4821.575947999591,16.340557589602536,4.280941628134684e-05,497.60797786362315,0.9303608946512464,0.8454174308359381,1.2293875720674339,0.6485713174581409,0.6573352173100183,1.0,0.003974919790454923,0.001090421166685319,0.006246505115645126,-0.06077663813443997,0.04369178412569492,0.011423261993863554,-68.50071747811049,True
1,stress,10056,fast_nmpc_0p5s,65.5,0.19629437271003664,0.04321953697234202,2.9302091886602137,0.20315080614825531,0.0443451799792612,2.9309169750512813,0.2763234096364884,-0.0023573925781249783,-0.01504328247070312,0.20632340963648838,0.3463234096364884,-0.08,0.08,-0.08002903692645175,0.045576929550467,2.945252471130917,Solve_Succeeded,0.03461524995509535,False,5444.418610621336,0.0076840754276092105,0.0,False,False,0.5,10,0.0,281.9585046220594,0.026928680839292583,0.5556014180713704,-0.35000000992368824,-0.35000000996568426,-0.3500000099321009,-0.35,0.0,False,False,67743.50762939453,4806.063754802459,16.287986005329568,4.4018312436324816e-05,508.37296654029177,0.9303608946512464,0.8454174308359381,1.2293875720674339,0.6485713174581409,0.6573352173100183,1.0,0.003974919790454923,0.001090421166685319,0.006246505115645126,-0.06077663813443997,0.04369178412569492,0.011423261993863554,-68.50071747811049,True
1,stress,10056,fast_nmpc_0p5s,66.0,0.19631219739851313,0.04322517546202369,2.9518203668259364,0.19848697193186543,0.04439714770099634,2.961838569231498,0.2768518518518519,-0.0023628198242187787,-0.016223359374999982,0.2068518518518519,0.3468518518518519,-0.08,0.08,-0.08053965445333877,0.045587995286242466,2.9680437262009365,Solve_Succeeded,0.03258333302801475,False,10283.916794453924,0.009203866978705066,0.0,False,False,0.5,10,0.0,293.8549736915587,0.02725215049457909,0.55781745823853,-0.35000000994127145,-0.35000000985455426,-0.35000000989079677,-0.35,0.0,False,False,67566.49609375,4790.537577641742,16.23536702871751,4.526430288155689e-05,519.3909078526032,0.9303608946512464,0.8454174308359381,1.2293875720674339,0.6485713174581409,0.6573352173100183,1.0,0.003974919790454923,0.001090421166685319,0.006246505115645126,-0.06077663813443997,0.04369178412569492,0.011423261993863554,-68.50071747811049,True
1,stress,10056,fast_nmpc_0p5s,66.5,0.19633089243428897,0.04323105183305696,2.9734344237108608,0.19335737596595975,0.04200086660376726,2.967099921846964,0.2773417138203018,-0.0023680566406250325,-0.0174061022949219,0.2073417138203018,0.3473417138203018,-0.08,0.08,-0.08101082138601284,0.045599108473681996,2.9908405260057824,Solve_Succeeded,0.03317687503295019,False,31967.053716868806,0.018211980343777606,0.0,False,False,0.5,10,0.0,306.12648439966495,0.027576374898473956,0.5600413899812113,-0.3500000099678556,-0.35000000992368824,-0.3500000099083159,-0.35,0.0,False,False,67389.08465576172,4774.998580882961,16.182704605858262,4.654849784698222e-05,530.6671064353866,0.9303608946512464,0.8454174308359381,1.2293875720674339,0.6485713174581409,0.6573352173100183,1.0,0.003974919790454923,0.001090421166685319,0.006246505115645126,-0.06077663813443997,0.04369178412569492,0.011423261993863554,-68.50071747811049,True
1,stress,10056,fast_nmpc_0p5s,67.0,0.196350481597117,0.04323717358361282,2.995051480130429,0.1997268304190147,0.04351371681844935,2.9984639057652505,0.27779235253772294,-0.002373103027343726,-0.018591416015625015,0.20779235253772294,0.34779235253772295,-0.08,0.08,-0.08144187094060595,0.04561027661095655,3.0136428961460537,Solve_Succeeded,0.03315249999286607,False,13234.115168107062,0.011537718891733162,0.0,False,False,0.5,10,0.0,318.7835607939204,0.02790132481676791,0.562273060367581,-0.3500000098722502,-0.35000000994127145,-0.3500000099258692,-0.35,0.0,False,False,67211.28759765625,4759.44792527913,16.13000267060079,4.787203768540588e-05,542.2069460626303,0.9303608946512464,0.8454174308359381,1.2293875720674339,0.6485713174581409,0.6573352173100183,1.0,0.003974919790454923,0.001090421166685319,0.006246505115645126,-0.06077663813443997,0.04369178412569492,0.011423261993863554,-68.50071747811049,True
1,stress,10056,fast_nmpc_0p5s,67.5,0.19637098979067152,0.04324354842218552,3.016671660701762,0.1931336319980605,0.04302191526451639,3.029551070774644,0.278203125,-0.00237795898437497,-0.019779205322265625,0.208203125,0.348203125,-0.08,0.08,-0.08183213520932847,0.04562150740656049,3.0364508660240275,Solve_Succeeded,0.032529457996133715,False,27515.43994088084,0.015476208719036377,0.0,False,False,0.5,10,0.0,331.83695200885074,0.028226970595267256,0.5645123153618897,-0.3500000099650603,-0.3500000099678556,-0.35000000994823266,-0.35,0.0,False,False,67033.11920166016,4743.886768017366,16.077265144709028,4.923609348219251e-05,554.015889220377,0.9303608946512464,0.8454174308359381,1.2293875720674339,0.6485713174581409,0.6573352173100183,1.0,0.003974919790454923,0.001090421166685319,0.006246505115645126,-0.06077663813443997,0.04369178412569492,0.011423261993863554,-68.50071747811049,True
1,stress,10056,fast_nmpc_0p5s,68.0,0.1963924430261425,0.04325018427208734,3.038295093949946,0.20190702850031508,0.0433906019262276,3.0437525213327086,0.27857338820301786,-0.002382624511718723,-0.020969374999999985,0.20857338820301785,0.34857338820301786,-0.08,0.08,-0.08218094517687535,0.045632808783806066,3.0592644689499457,Solve_Succeeded,0.03445525001734495,False,11698.580812165797,0.011137280618973455,0.0,False,False,0.5,10,0.0,345.29763359365074,0.028553282165394454,0.5667589998190704,-0.35000000995434283,-0.3500000098722502,-0.3500000099077617,-0.35,0.0,False,False,66854.59375,4728.316262764509,16.02449593801654,5.0641867665355734e-05,566.0994765894499,0.9303608946512464,0.8454174308359381,1.2293875720674339,0.6485713174581409,0.6573352173100183,1.0,0.003974919790454923,0.001090421166685319,0.006246505115645126,-0.06077663813443997,0.04369178412569492,0.011423261993863554,-68.50071747811049,True
1,stress,10056,fast_nmpc_0p5s,68.5,0.19641486840967295,0.043257089275969496,3.059921912416573,0.19373588188619079,0.04431553325251788,3.042236257682092,0.2789024991426612,-0.00238709960937504,-0.022161829833984348,0.20890249914266118,0.3489024991426612,-0.08,0.08,-0.08248763073298823,0.045644188885344536,3.0820837422505574,Solve_Succeeded,0.03309404099127278,False,20317.959618659712,0.015166617256470394,0.0,False,False,0.5,10,0.0,359.1768086319205,0.02888022904866336,0.5690129574796432,-0.3500000099581021,-0.3500000099650603,-0.350000009938281,-0.35,0.0,False,False,66675.72552490234,4712.737559711781,15.97169894857784,5.2090594615210224e-05,578.4633264342576,0.9303608946512464,0.8454174308359381,1.2293875720674339,0.6485713174581409,0.6573352173100183,1.0,0.003974919790454923,0.001090421166685319,0.006246505115645126,-0.06077663813443997,0.04369178412569492,0.011423261993863554,-68.50071747811049,True
1,stress,10056,fast_nmpc_0p5s,69.0,0.19643829413325092,0.043264271800364996,3.081552252770546,0.19460307803963556,0.044334181499184395,3.08610381424923,0.27918981481481486,-0.0023913842773437832,-0.023356474609375025,0.20918981481481486,0.34918981481481487,-0.08,0.08,-0.08275152068156394,0.04565565607770878,3.104908727379921,Solve_Succeeded,0.03317441599210724,False,18984.943148526636,0.014586736775179299,0.0,False,False,0.5,10,0.0,373.485908640905,0.02920778036015062,0.5712740309649265,-0.3500000099578672,-0.35000000995434283,-0.3500000099468361,-0.35,0.0,False,False,66496.52880859375,4697.151805618527,15.918878062816649,5.358354127270487e-05,591.1131338939241,0.9303608946512464,0.8454174308359381,1.2293875720674339,0.6485713174581409,0.6573352173100183,1.0,0.003974919790454923,0.001090421166685319,0.006246505115645126,-0.06077663813443997,0.04369178412569492,0.011423261993863554,-68.50071747811049,True
1,stress,10056,fast_nmpc_0p5s,69.5,0.1964627494687055,0.0432717404402491,3.103186255921161,0.19650407886857252,0.042886909314677854,3.096671330974275,0.27943469221536354,-0.0023954785156249797,-0.02455321411132813,0.20943469221536354,0.34943469221536355,-0.08,0.08,-0.08297194274665803,0.04566721895587408,3.1277394700324894,Solve_Succeeded,0.03191020799567923,False,23005.22567665078,0.014277242627719178,0.0,False,False,0.5,10,0.0,388.2365942372296,0.029535904811071927,0.5735420617725491,-0.35000000990798324,-0.3500000099581021,-0.35000000995283675,-0.35,0.0,False,False,66317.01788330078,4681.560143855039,15.866037155671014,5.512200774549701e-05,604.0546701718927,0.9303608946512464,0.8454174308359381,1.2293875720674339,0.6485713174581409,0.6573352173100183,1.0,0.003974919790454923,0.001090421166685319,0.006246505115645126,-0.06077663813443997,0.04369178412569492,0.011423261993863554,-68.50071747811049,True
1,stress,10056,fast_nmpc_0p5s,70.0,0.19648826476449058,0.043279504023612615,3.1248240671334715,0.19866268794761632,0.04241129373116598,3.1227335724519127,0.27963648834019206,-0.0023993823242187406,-0.025751953125000004,0.20963648834019205,0.34963648834019206,-0.08,0.08,-0.08314822357570148,0.045678886347831356,3.1505760202584714,Solve_Succeeded,0.033316084009129554,False,21746.496885417906,0.014805839357023703,0.0,False,False,0.5,10,0.0,403.4407555557424,0.02986457071056131,0.5758168902722643,-0.35000000991248104,-0.3500000099578672,-0.3500000099555161,-0.35,0.0,False,False,66137.20703125,4665.963714444511,15.813180090735505,5.670732791077378e-05,617.2937816201538,0.9303608946512464,0.8454174308359381,1.2293875720674339,0.6485713174581409,0.6573352173100183,1.0,0.003974919790454923,0.001090421166685319,0.006246505115645126,-0.06077663813443997,0.04369178412569492,0.011423261993863554,-68.50071747811049,True
1,stress,10056,fast_nmpc_0p5s,70.5,0.19651487144497096,0.043287571616043206,3.1464658361459428,0.1951845211340122,0.04353944432561168,3.1494177209051215,0.2797945601851852,-0.0024030957031249828,-0.02695259643554687,0.20979456018518522,0.34979456018518523,-0.08,0.08,-0.08327968874021427,0.04569066731916819,3.1734184325814896,Solve_Succeeded,0.03253216698067263,False,22028.914714524057,0.01461003905117303,0.0,False,False,0.5,10,0.0,419.11051240763015,0.03019374596674152,0.5780983557020595,-0.3500000099040359,-0.35000000990798324,-0.3500000099301984,-0.35,0.0,False,False,65957.11053466797,4650.3636541041415,15.760310720400511,5.834087001376505e-05,630.836388714153,0.9303608946512464,0.8454174308359381,1.2293875720674339,0.6485713174581409,0.6573352173100183,1.0,0.003974919790454923,0.001090421166685319,0.006246505115645126,-0.06077663813443997,0.04369178412569492,0.011423261993863554,-68.50071747811049,True
1,stress,10056,fast_nmpc_0p5s,71.0,0.19654260201195273,0.04329595252530933,3.1681117172903974,0.19275571191677365,0.04103745644787473,3.1639120591658143,0.27990826474622776,-0.0024066186523437755,-0.028155048828124987,0.20990826474622776,0.34990826474622777,-0.08,0.08,-0.08336566273427504,0.045702571177653105,3.1962667661185225,Solve_Succeeded,0.0332271249499172,False,43376.692902139075,0.020605640886940196,0.0,False,False,0.5,10,0.0,435.2582141636283,0.030523398087165893,0.5803862961645628,-0.3500000099770652,-0.35000000991248104,-0.3500000099207615,-0.35,0.0,False,False,65776.74267578125,4634.761096285395,15.707432885988693,6.0024037260834805e-05,644.688484914444,0.9303608946512464,0.8454174308359381,1.2293875720674339,0.6485713174581409,0.6573352173100183,1.0,0.003974919790454923,0.001090421166685319,0.006246505115645126,-0.06077663813443997,0.04369178412569492,0.011423261993863554,-68.50071747811049,True
1,stress,10056,fast_nmpc_0p5s,71.5,0.19657149004822397,0.04330465630594143,3.1897618696142516,0.19480824763763208,0.0435296917020537,3.182003383416741,0.2799769590192044,-0.0024099511718750355,-0.029359215087890647,0.20997695901920438,0.3499769590192044,-0.08,0.08,-0.08340546897098042,0.045714607477816464,3.219121084702142,Solve_Succeeded,0.03321274998597801,False,22468.846039833985,0.015168711381572303,0.0,False,False,0.5,10,0.0,451.89643934769276,0.030853494178702562,0.5826805486237413,-0.35000000990813,-0.3500000099040359,-0.35000000991185287,-0.35,0.0,False,False,65596.1177368164,4619.157171213474,15.654550417888743,6.175826840597174e-05,658.8561354110708,0.9303608946512464,0.8454174308359381,1.2293875720674339,0.6485713174581409,0.6573352173100183,1.0,0.003974919790454923,0.001090421166685319,0.006246505115645126,-0.06077663813443997,0.04369178412569492,0.011423261993863554,-68.50071747811049,True
1,stress,10056,fast_nmpc_0p5s,72.0,0.19660157022289365,0.0433136927638045,3.2114164570050403,0.19213007638294782,0.04394654378070704,3.2141694483116243,0.28,-0.002413093261718735,-0.030565000000000023,0.21000000000000002,0.35000000000000003,-0.08,0.08,-0.08339842977710638,0.045726786025523235,3.2419814570050405,Solve_Succeeded,0.03448116598883644,False,25325.59474400336,0.017869923617052197,0.0,False,False,0.5,10,0.0,469.0379949262201,0.031184000946927137,0.5849809489018909,-0.35000000996695785,-0.3500000099770652,-0.3500000099465873,-0.35,0.0,False,False,65415.25,4603.553005925993,15.60166713568647,6.354503832944128e-05,673.345475746699,0.9303608946512464,0.8454174308359381,1.2293875720674339,0.6485713174581409,0.6573352173100183,1.0,0.003974919790454923,0.001090421166685319,0.006246505115645126,-0.06077663813443997,0.04369178412569492,0.011423261993863554,-68.50071747811049,True
1,stress,10056,fast_nmpc_0p5s,72.5,0.196632878298336,0.04332307196065598,3.2330756483172247,0.2007503684387226,0.04359375028816012,3.243384049440015,0.2799884221215252,-0.0024160449218749713,-0.03177230834960938,0.2099884221215252,0.3499884221215252,-0.08,0.08,-0.08335554382318919,0.045739116882530954,3.2648479566668342,Solve_Succeeded,0.03121841698884964,False,12149.725134703864,0.009929352070025155,0.0,False,False,0.5,10,0.0,486.6959152774331,0.031514884695081985,0.5872873316769143,-0.3500000098911348,-0.35000000990813,-0.3500000099261036,-0.35,0.0,False,False,65234.153747558594,4587.949724310893,15.548786848293275,6.538585860728679e-05,688.1627103144,0.9303608946512464,0.8454174308359381,1.2293875720674339,0.6485713174581409,0.6573352173100183,1.0,0.003974919790454923,0.001090421166685319,0.006246505115645126,-0.06077663813443997,0.04369178412569492,0.011423261993863554,-68.50071747811049,True
1,stress,10056,fast_nmpc_0p5s,73.0,0.1966654511385645,0.04333280421868253,3.254739617501273,0.19667643972508084,0.043136839201652975,3.2572942030744487,0.27995386457550714,-0.0024188061523437304,-0.032981044921874994,0.20995386457550713,0.34995386457550715,-0.08,0.08,-0.08328841343694263,0.04575161037102626,3.287720662423148,Solve_Succeeded,0.033167082990985364,False,20037.950071336018,0.013281873577277031,0.0,False,False,0.5,10,0.0,504.8834608253188,0.03184611132265588,0.5895995304798856,-0.3500000099686649,-0.35000000996695785,-0.350000009947864,-0.35,0.0,False,False,65052.84326171875,4572.348447143617,15.49591335407216,6.728227807030963e-05,703.3141107260875,0.9303608946512464,0.8454174308359381,1.2293875720674339,0.6485713174581409,0.6573352173100183,1.0,0.003974919790454923,0.001090421166685319,0.006246505115645126,-0.06077663813443997,0.04369178412569492,0.011423261993863554,-68.50071747811049,True
1,stress,10056,fast_nmpc_0p5s,73.5,0.196699326718875,0.043342900125008944,3.276408543735005,0.1995665249739279,0.04294901585976799,3.2750492834215628,0.2798965914960556,-0.002421376953125026,-0.03419111450195311,0.2098965914960556,0.3498965914960556,-0.08,0.08,-0.08319726477718062,0.04576427707813397,3.310599658236958,Solve_Succeeded,0.03188691596733406,False,15773.696757509868,0.011614186692616574,0.0,False,False,0.5,10,0.0,523.614116322092,0.032177646323632896,0.5919173776928992,-0.35000000991050073,-0.3500000098911348,-0.35000000991764796,-0.35,0.0,False,False,64871.33282470703,4556.750292123559,15.44305044096124,6.923588335107917e-05,718.8060140474892,0.9303608946512464,0.8454174308359381,1.2293875720674339,0.6485713174581409,0.6573352173100183,1.0,0.003974919790454923,0.001090421166685319,0.006246505115645126,-0.06077663813443997,0.04369178412569492,0.011423261993863554,-68.50071747811049,True
1,stress,10056,fast_nmpc_0p5s,74.0,0.19673454413661076,0.04335337053617225,3.298082611557178,0.19052739496798743,0.04430994663668046,3.291221644357607,0.27981686701728026,-0.0024237573242187754,-0.03540242187500002,0.20981686701728025,0.34981686701728026,-0.08,0.08,-0.0830823228806695,0.04577712786039102,3.3334850334321784,Solve_Succeeded,0.03510337503394112,False,25004.670145715187,0.019289472049292822,0.0,False,False,0.5,10,0.0,542.9015887628939,0.03250945478445441,0.5942407045472012,-0.35000000996763375,-0.3500000099686649,-0.35000000994482144,-0.35,0.0,False,False,64689.63671875,4541.156373909807,15.390201886594888,7.124829941745867e-05,734.6448208956035,0.9303608946512464,0.8454174308359381,1.2293875720674339,0.6485713174581409,0.6573352173100183,1.0,0.003974919790454923,0.001090421166685319,0.006246505115645126,-0.06077663813443997,0.04369178412569492,0.011423261993863554,-68.50071747811049,True
1,stress,10056,fast_nmpc_0p5s,74.5,0.19677114362291473,0.043364226582553525,3.3197620110033057,0.200297710629314,0.04274440844674513,3.325276824759513,0.27971495527329077,-0.002425947265624978,-0.03661487182617189,0.20971495527329076,0.3497149552732908,-0.08,0.08,-0.08294381165037604,0.0457901738481785,3.3563768828294775,Solve_Succeeded,0.03245570801664144,False,14656.224684280653,0.011300890051969215,0.0,False,False,0.5,10,0.0,562.7598049161273,0.032841501381734695,0.5965693411216009,-0.35000000991326957,-0.35000000991050073,-0.350000009926541,-0.35,0.0,False,False,64507.76922607422,4525.567804156212,15.337371458422572,7.332119009105597e-05,750.8369933945585,0.9303608946512464,0.8454174308359381,1.2293875720674339,0.6485713174581409,0.6573352173100183,1.0,0.003974919790454923,0.001090421166685319,0.006246505115645126,-0.06077663813443997,0.04369178412569492,0.011423261993863554,-68.50071747811049,True
1,stress,10056,fast_nmpc_0p5s,75.0,0.1968091665553436,0.04337547967275981,3.341446937743673,0.19914025102916252,0.04373069158036591,3.3386670444142688,0.2795911203981969,-0.0024279467773437313,-0.037828369140625,0.20959112039819688,0.3495911203981969,-0.08,0.08,-0.08278195384285328,0.04580342645010354,3.379275306884298,Solve_Succeeded,0.03321587498066947,False,11862.910263934362,0.01045086936903436,0.0,False,False,0.5,10,0.0,583.2029084525828,0.03317375037976788,0.598903116341161,-0.3500000098956257,-0.35000000996763375,-0.3500000099484285,-0.35,0.0,False,False,64325.74462890625,4509.985691545775,15.284562913825413,7.545625854893595e-05,767.3890529858095,0.9303608946512464,0.8454174308359381,1.2293875720674339,0.6485713174581409,0.6573352173100183,1.0,0.003974919790454923,0.001090421166685319,0.006246505115645126,-0.06077663813443997,0.04369178412569492,0.011423261993863554,-68.50071747811049,True
1,stress,10056,fast_nmpc_0p5s,75.5,0.19684865547122907,0.043387141497947986,3.3631375932235335,0.19525819900937405,0.042599998767955484,3.355324900103769,0.2794456265261082,-0.0024297558593749935,-0.03904281860351562,0.2094456265261082,0.3494456265261082,-0.08,0.08,-0.08259697105487915,0.04581689735732298,3.402180411827049,Solve_Succeeded,0.032399874995462596,False,22378.384522559987,0.01418842092494288,0.0,False,False,0.5,10,0.0,604.245256656235,0.033506165627859436,0.6012418579761649,-0.35000000997359526,-0.35000000991326957,-0.3500000099297016,-0.35,0.0,False,False,64143.577209472656,4494.411141824394,15.231780000230545,7.765524780685324e-05,784.307578088628,0.9303608946512464,0.8454174308359381,1.2293875720674339,0.6485713174581409,0.6573352173100183,1.0,0.003974919790454923,0.001090421166685319,0.006246505115645126,-0.06077663813443997,0.04369178412569492,0.011423261993863554,-68.50071747811049,True
1,stress,10056,fast_nmpc_0p5s,76.0,0.19688965408167836,0.04339922403608238,3.3848341848054493,0.19613544492055904,0.04384898527656032,3.390954063154776,0.2792787377911345,-0.0024313745117187785,-0.04025812499999999,0.20927873779113448,0.3492787377911345,-0.08,0.08,-0.08238908370945613,0.04583059854780116,3.425092309805449,Solve_Succeeded,0.03449195803841576,False,14594.28027974681,0.013143292870575446,0.0,False,False,0.5,10,0.0,625.9014166994034,0.03383871055751444,0.6035853926413581,-0.35000000990372754,-0.3500000098956257,-0.35000000991155156,-0.35,0.0,False,False,63961.28125,4478.845257833978,15.179026455223338,7.991994118218737e-05,801.5992016068581,0.9303608946512464,0.8454174308359381,1.2293875720674339,0.6485713174581409,0.6573352173100183,1.0,0.003974919790454923,0.001090421166685319,0.006246505115645126,-0.06077663813443997,0.04369178412569492,0.011423261993863554,-68.50071747811049,True
1,stress,10056,fast_nmpc_0p5s,76.5,0.19693220728611446,0.04341173955611722,3.4065369259137417,0.19803719727786576,0.04338036832300988,3.3991458714246194,0.27909071832738547,-0.002432802734375031,-0.0414741931152344,0.20909071832738546,0.3490907183273855,-0.08,0.08,-0.082158511041271,0.04584454229049225,3.448011119028976,Solve_Succeeded,0.03382062498712912,False,12965.77059704274,0.011053521049519704,0.0,False,False,0.5,10,0.0,648.1861614647592,0.03417134817951123,0.6059335457954627,-0.35000000996625674,-0.35000000997359526,-0.3500000099445983,-0.35,0.0,False,False,63778.871032714844,4463.289139544943,15.126306006657531,8.225216273468307e-05,819.2706082779516,0.9303608946512464,0.8454174308359381,1.2293875720674339,0.6485713174581409,0.6573352173100183,1.0,0.003974919790454923,0.001090421166685319,0.006246505115645126,-0.06077663813443997,0.04369178412569492,0.011423261993863554,-68.50071747811049,True
1,stress,10056,fast_nmpc_0p5s,77.0,0.1969763611872617,0.04342470062209497,3.428246036181012,0.2022742513376451,0.04337316950010227,3.440725126504296,0.27888183226897073,-0.0024340405273437365,-0.04269092773437502,0.20888183226897072,0.34888183226897074,-0.08,0.08,-0.08190547108170904,0.045858741149438706,3.470936963915387,Solve_Succeeded,0.03271416702773422,False,7464.015995237518,0.007403738470173976,0.0,False,False,0.5,10,0.0,671.1144648964982,0.03450404108088776,0.6082861417409636,-0.3500000099585776,-0.35000000990372754,-0.35000000992282904,-0.35,0.0,False,False,63596.36083984375,4447.743884088104,15.073622372763316,8.465377768301686e-05,837.3285318603268,0.9303608946512464,0.8454174308359381,1.2293875720674339,0.6485713174581409,0.6573352173100183,1.0,0.003974919790454923,0.001090421166685319,0.006246505115645126,-0.06077663813443997,0.04369178412569492,0.011423261993863554,-68.50071747811049,True
1,stress,10056,fast_nmpc_0p5s,77.5,0.19702216310648824,0.043438120097151055,3.449961741596689,0.1984040694784622,0.041253835655613226,3.4480018975907396,0.27865234375000003,-0.002435087890624979,-0.043908233642578134,0.20865234375000002,0.34865234375000004,-0.08,0.08,-0.0816301806435118,0.045873207987776034,3.4938699752392672,Solve_Succeeded,0.03328158403746784,False,20380.952758607058,0.014049968732206236,0.0,False,False,0.5,10,0.0,694.7014968628866,0.03483675142186622,0.610643003624165,-0.3500000099385664,-0.35000000996625674,-0.3500000099459602,-0.35,0.0,False,False,63413.76495361328,4432.210585785984,15.020979262253448,8.71266927951307e-05,855.7797521551487,0.9303608946512464,0.8454174308359381,1.2293875720674339,0.6485713174581409,0.6573352173100183,1.0,0.003974919790454923,0.001090421166685319,0.006246505115645126,-0.06077663813443997,0.04369178412569492,0.011423261993863554,-68.50071747811049,True
1,stress,10056,fast_nmpc_0p5s,78.0,0.19706966159942188,0.04345201114741525,3.4716842746575503,0.2006358662206404,0.04482316649644594,3.4631425812402963,0.27840251690458306,-0.0024359448242187165,-0.045126015625,0.20840251690458306,0.34840251690458307,-0.08,0.08,-0.08133285530516118,0.04588795597163397,3.5168102902825504,Solve_Succeeded,0.03781954199075699,False,4874.9389307535575,0.007766650683942666,0.0,False,False,0.5,10,0.0,718.9626175122661,0.03516944093273873,0.6130039534355131,-0.3500000099255639,-0.3500000099585776,-0.3500000099526807,-0.35,0.0,False,False,63231.09765625,4416.690336183554,14.968380374427417,8.967285675019098e-05,874.6310918587071,0.9303608946512464,0.8454174308359381,1.2293875720674339,0.6485713174581409,0.6573352173100183,1.0,0.003974919790454923,0.001090421166685319,0.006246505115645126,-0.06077663813443997,0.04369178412569492,0.011423261993863554,-68.50071747811049,True
1,stress,10056,fast_nmpc_0p5s,78.5,0.19711890647175906,0.04346638724579953,3.49341387452017,0.19917264142578192,0.04548979939531361,3.508545710377192,0.27813261586682947,-0.0024366113281250323,-0.04634417846679685,0.20813261586682946,0.3481326158668295,-0.08,0.08,-0.08101370939507041,0.04590299857392456,3.5397580529869668,Solve_Succeeded,0.03747058298904449,False,4766.332475142625,0.008959974441047541,0.0,True,False,0.5,10,0.0,743.913371104572,0.03550207091073739,0.6153688120101857,-0.35000000970030437,-0.3500000099385664,-0.3500000099451629,-0.35,0.0,False,False,63048.37322998047,4401.184224078418,14.91582939927376,9.229426046994587e-05,893.8894132416086,0.9303608946512464,0.8454174308359381,1.2293875720674339,0.6485713174581409,0.6573352173100183,1.0,0.003974919790454923,0.001090421166685319,0.006246505115645126,-0.06077663813443997,0.04369178412569492,0.011423261993863554,-68.50071747811049,True
1,stress,10056,fast_nmpc_0p5s,79.0,0.1971699487951906,0.0434812621756619,3.515150787155226,0.1900993820678316,0.042651756724649444,3.514355790939913,0.277842904770849,-0.002437087402343774,-0.047562626953125034,0.207842904770849,0.347842904770849,-0.08,0.08,-0.0806729559756584,0.045918349578005675,3.562713414108351,Solve_Succeeded,0.03452833299525082,False,25318.21930445677,0.017743522703017378,0.0,False,False,0.5,10,0.0,769.5694793003526,0.0358346022169097,0.6177373990289489,-0.3500000099357887,-0.3500000099255639,-0.35000000993472374,-0.35,0.0,False,False,62865.60595703125,4385.6933355504425,14.863330017570455,9.49929374171686e-05,913.5616146510665,0.9303608946512464,0.8454174308359381,1.2293875720674339,0.6485713174581409,0.6573352173100183,1.0,0.003974919790454923,0.001090421166685319,0.006246505115645126,-0.06077663813443997,0.04369178412569492,0.011423261993863554,-68.50071747811049,True
1,stress,10056,fast_nmpc_0p5s,79.5,0.19722284092337108,0.043496650034335387,3.536895265503608,0.1949140740506763,0.042558587704585274,3.5440853995396266,0.27753364775075134,-0.002437373046874969,-0.048781265869140625,0.20753364775075134,0.34753364775075135,-0.08,0.08,-0.08031080682738026,0.045934023081210355,3.5856765313727483,Solve_Succeeded,0.03461462497944012,False,15980.10568609472,0.012619573700075049,0.0,False,False,0.5,10,0.0,795.9468338893605,0.036166995273018546,0.6201095330192727,-0.35000000997347525,-0.35000000970030437,-0.35000000980986357,-0.35,0.0,False,False,62682.810119628906,4370.218753990877,14.810885900983639,9.777096385879507e-05,933.6546268327463,0.9303608946512464,0.8454174308359381,1.2293875720674339,0.6485713174581409,0.6573352173100183,1.0,0.003974919790454923,0.001090421166685319,0.006246505115645126,-0.06077663813443997,0.04369178412569492,0.011423261993863554,-68.50071747811049,True
1,stress,10056,fast_nmpc_0p5s,80.0,0.19727763650786026,0.04351256523651089,3.55864756963425,0.19366699416271638,0.04265695514510624,3.5584213255864543,0.27720510894064615,-0.002437468261718756,-0.05,0.20720510894064614,0.34720510894064616,-0.08,0.08,-0.07992747243278589,0.045950033498229646,3.60864756963425,Solve_Succeeded,0.03512720903381705,False,16523.26079267608,0.013538114777929766,0.0,False,False,0.5,10,0.0,823.0614889407801,0.036499210058487275,0.6224850313567132,-0.35000000997366076,-0.3500000099357887,-0.35000000987693586,-0.35,0.0,False,False,62500.0,4354.761560130941,14.758500712164466,0.00010063045909126936,954.1754090686015,0.9303608946512464,0.8454174308359381,1.2293875720674339,0.6485713174581409,0.6573352173100183,1.0,0.003974919790454923,0.001090421166685319,0.006246505115645126,-0.06077663813443997,0.04369178412569492,0.011423261993863554,-68.50071747811049,True
1,stress,10056,fast_nmpc_0p5s,80.5,0.1973343905139678,0.0435290225174624,3.580407966903621,0.19932509688943595,0.04316812602648871,3.5813048923515267,0.27685755247464316,-0.0024373730468749966,-0.05121873413085938,0.20685755247464316,0.34685755247464317,-0.08,0.08,-0.07952316196067535,0.045966395564337396,3.63162670103448,Solve_Succeeded,0.0339533329824917,False,6848.096111533048,0.0075324555852072095,0.0,False,False,0.5,10,0.0,850.9296523572986,0.03683120610740735,0.6248637102665509,-0.35000000995908465,-0.35000000997347525,-0.3500000099283562,-0.35,0.0,False,False,62317.189880371094,4339.322832069908,14.706178104844305,0.00010357358562553113,975.1309451273312,0.9303608946512464,0.8454174308359381,1.2293875720674339,0.6485713174581409,0.6573352173100183,1.0,0.003974919790454923,0.001090421166685319,0.006246505115645126,-0.06077663813443997,0.04369178412569492,0.011423261993863554,-68.50071747811049,True
1,stress,10056,fast_nmpc_0p5s,81.0,0.19739315923643383,0.04354603693610261,3.602176732116779,0.19958385917479887,0.045670703730953485,3.606900098689693,0.27649124248685203,-0.002437087402343746,-0.052437373046875,0.20649124248685202,0.34649124248685204,-0.08,0.08,-0.0790980832504182,0.045983124338446354,3.654614105163654,Solve_Succeeded,0.03625691600609571,False,3181.726928384241,0.00690738331205315,0.0,False,False,0.5,10,0.0,879.5676768153987,0.037162942505626656,0.6272453848256894,-0.3500000097204963,-0.35000000997366076,-0.35000000995248703,-0.35,0.0,False,False,62134.39404296875,4323.90364530272,14.653921723928308,0.00010660254932899255,996.5282390242129,0.9303608946512464,0.8454174308359381,1.2293875720674339,0.6485713174581409,0.6573352173100183,1.0,0.003974919790454923,0.001090421166685319,0.006246505115645126,-0.06077663813443997,0.04369178412569492,0.011423261993863554,-68.50071747811049,True
1,stress,10056,fast_nmpc_0p5s,81.5,0.1974540003148789,0.04356362387785661,3.6239541476899113,0.20563561643075892,0.04240623344149852,3.628695491090895,0.27610644311138244,-0.0024366113281250046,-0.05365582153320313,0.20610644311138243,0.34610644311138244,-0.08,0.08,-0.07865244279650355,0.046000235205981614,3.6776099692231146,Solve_Succeeded,0.035138499981258065,False,3249.8385944819797,0.004209743001846816,0.0,False,False,0.5,10,0.0,908.9920500744071,0.037494377887936116,0.6296298689648132,-0.3500000099437138,-0.35000000995908465,-0.35000000995600117,-0.35,0.0,False,False,61951.62677001953,4308.505072747086,14.601735205587266,0.00010971959952176167,1018.3743105871284,0.9303608946512464,0.8454174308359381,1.2293875720674339,0.6485713174581409,0.6573352173100183,1.0,0.003974919790454923,0.001090421166685319,0.006246505115645126,-0.06077663813443997,0.04369178412569492,0.011423261993863554,-68.50071747811049,True
1,stress,10056,fast_nmpc_0p5s,82.0,0.19751697274895857,0.043581799057341115,3.6457405038142636,0.19635782021891046,0.04382088635625124,3.6482487183330767,0.27570341848234414,-0.0024359448242187443,-0.054873984375000004,0.20570341848234414,0.34570341848234415,-0.08,0.08,-0.07818644573338557,0.04601774388155986,3.7006144881892635,Solve_Succeeded,0.045493457990232855,False,6329.941919266858,0.009345598263433674,0.0,False,False,0.5,10,0.0,939.2193846371308,0.03782547043537076,0.6320169754707983,-0.35000000994758673,-0.3500000097204963,-0.3500000098305628,-0.35,0.0,False,False,61768.90234375,4293.128184770147,14.549622177347963,0.00011292702902428781,1040.676190825828,0.9303608946512464,0.8454174308359381,1.2293875720674339,0.6485713174581409,0.6573352173100183,1.0,0.003974919790454923,0.001090421166685319,0.006246505115645126,-0.06077663813443997,0.04369178412569492,0.011423261993863554,-68.50071747811049,True
1,stress,10056,fast_nmpc_0p5s,82.5,0.19758213691315804,0.043600578520836146,3.6675360986213548,0.1986217989956763,0.04345774756730114,3.6723692285663687,0.2752824327338468,-0.0024350878906250206,-0.05609176635742187,0.20528243273384678,0.3452824327338468,-0.08,0.08,-0.07770029582068874,0.04603566641146117,3.7236278649787766,Solve_Succeeded,0.03876545903040096,False,4597.097497595851,0.006660633738170468,0.0,False,False,0.5,10,0.0,970.2664067452073,0.03815617787264215,0.6344065159893799,-0.35000000994019753,-0.3500000099437138,-0.3500000098908311,-0.35,0.0,False,False,61586.23504638672,4277.774049214653,14.497586258181908,0.00011622717415351698,1063.4409171015739,0.9303608946512464,0.8454174308359381,1.2293875720674339,0.6485713174581409,0.6573352173100183,1.0,0.003974919790454923,0.001090421166685319,0.006246505115645126,-0.06077663813443997,0.04369178412569492,0.011423261993863554,-68.50071747811049,True
1,stress,10056,fast_nmpc_0p5s,83.0,0.19764955457116254,0.04361997864853596,3.689341238349373,0.198996915931675,0.043238998874697177,3.687914080076381,0.27484375,-0.0024340405273437504,-0.057309072265625025,0.20484375,0.34484375,-0.08,0.08,-0.07719419542883746,0.04605401917587971,3.746650310614998,Solve_Succeeded,0.035532958048861474,False,4183.647370351908,0.00584683406832498,0.0,False,False,0.5,10,0.0,1002.1499446927033,0.038486457465718264,0.6367983010280722,-0.3500000099385715,-0.35000000994758673,-0.3500000099210612,-0.35,0.0,False,False,61403.63916015625,4262.443731424724,14.445631058592618,0.00011962241466456366,1086.6755280945392,0.9303608946512464,0.8454174308359381,1.2293875720674339,0.6485713174581409,0.6573352173100183,1.0,0.003974919790454923,0.001090421166685319,0.006246505115645126,-0.06077663813443997,0.04369178412569492,0.011423261993863554,-68.50071747811049,True
1,stress,10056,fast_nmpc_0p5s,83.5,0.19771928888974039,0.0436400161565655,3.7111562375106395,0.19857263699546937,0.0446978039994231,3.707722417141825,0.27438763441491365,-0.002432802734374989,-0.05852580688476562,0.20438763441491364,0.34438763441491366,-0.08,0.08,-0.07666834552517326,0.04607281889094049,3.769682044395405,Solve_Succeeded,0.03457137499935925,False,2950.5211307491586,0.005814997419444273,0.0,False,False,0.5,10,0.0,1034.886916441843,0.038816266019566274,0.6391921399593407,-0.3500000092611281,-0.35000000994019753,-0.3500000099312539,-0.35,0.0,False,False,61221.128967285156,4247.138294271152,14.393760180701383,0.00012311517363481565,1110.3870585664279,0.9303608946512464,0.8454174308359381,1.2293875720674339,0.6485713174581409,0.6573352173100183,1.0,0.003974919790454923,0.001090421166685319,0.006246505115645126,-0.06077663813443997,0.04369178412569492,0.011423261993863554,-68.50071747811049,True
1,stress,10056,fast_nmpc_0p5s,84.0,0.19779140445207474,0.04366070809874849,3.732981419060018,0.19890003843273865,0.04269063023701374,3.733122016715319,0.27391435011269727,-0.002431374511718737,-0.059741875000000014,0.20391435011269726,0.3439143501126973,-0.08,0.08,-0.07612294566062253,0.046092082610467225,3.7927232940600177,Solve_Succeeded,0.03321274998597801,False,4069.4361256277107,0.005027402419657684,0.0,False,False,0.5,10,0.0,1068.494316525355,0.03914555987607483,0.6415878410240256,-0.3500000099448109,-0.3500000099385715,-0.3500000099351515,-0.35,0.0,False,False,61038.71875,4231.858798176278,14.341977218331582,0.00012670791728731427,1134.582533916074,0.9303608946512464,0.8454174308359381,1.2293875720674339,0.6485713174581409,0.6573352173100183,1.0,0.003974919790454923,0.001090421166685319,0.006246505115645126,-0.06077663813443997,0.04369178412569492,0.011423261993863554,-68.50071747811049,True
1,stress,10056,fast_nmpc_0p5s,84.5,0.19786596727048045,0.04368207186811281,3.7548171145641422,0.19568847883948176,0.04356070756309727,3.763983699452197,0.2734241612274606,-0.0024297558593749935,-0.06095718139648436,0.2034241612274606,0.3434241612274606,-0.08,0.08,-0.07555819395698016,0.0461118277274878,3.8157742959606264,Solve_Succeeded,0.03551429201615974,False,4510.537683170844,0.007735682387978837,0.0,False,False,0.5,10,0.0,1102.9892022203987,0.03947429491217014,0.6439852113350127,-0.35000000978382373,-0.3500000092611281,-0.35000000957614236,-0.35,0.0,False,False,60856.422790527344,4216.606301138476,14.290285757091644,0.00013040315475016675,1159.268964525939,0.9303608946512464,0.8454174308359381,1.2293875720674339,0.6485713174581409,0.6573352173100183,1.0,0.003974919790454923,0.001090421166685319,0.006246505115645126,-0.06077663813443997,0.04369178412569492,0.011423261993863554,-68.50071747811049,True
1,stress,10056,fast_nmpc_0p5s,85.0,0.19794304479844238,0.043704125198118664,3.776663664371328,0.20058557359631538,0.042808471711810334,3.7741187088326495,0.27291733189331335,-0.002427946777343787,-0.06217163085937501,0.20291733189331335,0.34291733189331336,-0.08,0.08,-0.07497428709487097,0.04613207197546245,3.838835295230703,Solve_Succeeded,0.033094167010858655,False,2513.1068753175637,0.002445801098612227,0.0,False,False,0.5,10,0.0,1138.388678979695,0.039802426538142775,0.6463840568811571,-0.35000000986478536,-0.3500000099448109,-0.3500000097725085,-0.35,0.0,False,False,60674.25537109375,4201.381858756196,14.238689374456536,0.00013420343774866937,1184.453339897624,0.9303608946512464,0.8454174308359381,1.2293875720674339,0.6485713174581409,0.6573352173100183,1.0,0.003974919790454923,0.001090421166685319,0.006246505115645126,-0.06077663813443997,0.04369178412569492,0.011423261993863554,-68.50071747811049,True
1,stress,10056,fast_nmpc_0p5s,85.5,0.1980227059419108,0.043726886163594686,3.7985214177820246,0.20787378522663122,0.04401166675069031,3.7919394959093826,0.27239412624436515,-0.002425947265624978,-0.06338512817382815,0.20239412624436515,0.34239412624436516,-0.08,0.08,-0.07437142030245436,0.046152833429219664,3.861906545955853,Solve_Succeeded,0.02815129200462252,False,2075.125570885678,0.0,0.0,False,False,0.5,10,0.0,1174.7098851061874,0.040129909696199034,0.6487841825314473,-0.3500000045040741,-0.35000000978382373,-0.3500000097785354,-0.35,0.0,False,False,60492.23077392578,4186.186524251644,14.187191639848015,0.0001381113602267471,1210.1426225748235,0.9303608946512464,0.8454174308359381,1.2293875720674339,0.6485713174581409,0.6573352173100183,1.0,0.003974919790454923,0.001090421166685319,0.006246505115645126,-0.06077663813443997,0.04369178412569492,0.011423261993863554,-68.50071747811049,True
1,stress,10056,fast_nmpc_0p5s,86.0,0.1981050210697894,0.04375037318136679,3.8203907332196603,0.19237466537086997,0.04389769918814785,3.823132279389609,0.2718548084147258,-0.002423757324218734,-0.06459757812499999,0.2018548084147258,0.3418548084147258,-0.08,0.08,-0.07374978734493642,0.046174130505585526,3.88498831134466,Solve_Succeeded,0.03546395798912272,False,4967.626884243587,0.009480143043855832,0.0,False,False,0.5,10,0.0,1211.9699756583275,0.04045669885925382,0.651185392039422,-0.3500000097248893,-0.35000000986478536,-0.3500000098244752,-0.35,0.0,False,False,60310.36328125,4171.021348494046,14.13579611471348,0.00014212955789423716,1236.343741852314,0.9303608946512464,0.8454174308359381,1.2293875720674339,0.6485713174581409,0.6573352173100183,1.0,0.003974919790454923,0.001090421166685319,0.006246505115645126,-0.06077663813443997,0.04369178412569492,0.011423261993863554,-68.50071747811049,True
1,stress,10056,fast_nmpc_0p5s,86.5,0.19819006202355088,0.04377460501056446,3.8422719784017176,0.2008142037644244,0.04522629531814137,3.8486569079050867,0.2712996425385049,-0.0024213769531249985,-0.06580888549804688,0.2012996425385049,0.3412996425385049,-0.08,0.08,-0.07310958051495403,0.04619598196368946,3.9080808638997646,Solve_Succeeded,0.028827000001911074,False,2142.5919854442195,0.00048543877408049885,0.0,False,False,0.5,10,0.0,1250.1861055738982,0.040782748029978846,0.6535874880478271,-0.35000000413970417,-0.3500000045040741,-0.350000006990638,-0.35,0.0,False,False,60128.66717529297,4155.887380022547,14.084506352603574,0.0001462607076964779,1263.0635872698892,0.9303608946512464,0.8454174308359381,1.2293875720674339,0.6485713174581409,0.6573352173100183,1.0,0.003974919790454923,0.001090421166685319,0.006246505115645126,-0.06077663813443997,0.04369178412569492,0.011423261993863554,-68.50071747811049,True
1,stress,10056,fast_nmpc_0p5s,87.0,0.1982779021259146,0.043799600752588805,3.864165530510882,0.20741654199485066,0.04177214189405634,3.8707307607360297,0.2707288927498122,-0.0024188061523437443,-0.06701895507812498,0.2007288927498122,0.3407288927498122,-0.08,0.08,-0.07245099062389762,0.04621840690493255,3.9311844855890072,Solve_Succeeded,0.027601458015851676,False,2160.1552127321465,0.0,0.0,False,False,0.5,10,0.0,1289.3754120012736,0.04110801074012288,0.6559902720935179,-0.3499999972986574,-0.3500000097248893,-0.3500000084469987,-0.35,0.0,False,False,59947.15673828125,4140.785665068743,14.033325899248526,0.00015050752720259427,1290.3090018904156,0.9303608946512464,0.8454174308359381,1.2293875720674339,0.6485713174581409,0.6573352173100183,1.0,0.003974919790454923,0.001090421166685319,0.006246505115645126,-0.06077663813443997,0.04369178412569492,0.011423261993863554,-68.50071747811049,True
1,stress,10056,fast_nmpc_0p5s,87.5,0.1983686161885195,0.0438253798507266,3.886071776366082,0.19434931359516114,0.044019311145663216,3.8865664107030615,0.27014282318275734,-0.0024160449218750546,-0.06822769165039062,0.20014282318275733,0.34014282318275735,-0.08,0.08,-0.07177420699423784,0.04624142477260165,3.9542994680164725,Solve_Succeeded,0.03297804202884436,False,2947.6057179408785,0.005793509587596196,0.0,False,False,0.5,10,0.0,1329.5549958279191,0.04143244005011838,0.6583935446126042,-0.35000000900681144,-0.35000000413970417,-0.3500000061527785,-0.35,0.0,False,False,59765.846252441406,4125.717247578832,13.982258292633263,0.00015487277390880837,1318.0867753614416,0.9303608946512464,0.8454174308359381,1.2293875720674339,0.6485713174581409,0.6573352173100183,1.0,0.003974919790454923,0.001090421166685319,0.006246505115645126,-0.06077663813443997,0.04369178412569492,0.011423261993863554,-68.50071747811049,True
1,stress,10056,fast_nmpc_0p5s,88.0,0.1984622805185263,0.043851962089394195,3.907991112593246,0.19567917810353097,0.04403314982866254,3.900771425472441,0.26954169797145006,-0.002413093261718763,-0.06943500000000004,0.19954169797145005,0.33954169797145006,-0.08,0.08,-0.07107941745292376,0.04626505535111296,3.9774261125932457,Solve_Succeeded,0.03349224996054545,False,2475.3668047737674,0.0038625198679190786,0.0,False,False,0.5,10,0.0,1370.7419023971304,0.041755988548990604,0.6607971049458362,-0.35000000907066836,-0.3499999972986574,-0.35000000143675475,-0.35,0.0,False,False,59584.75,4110.6831692354335,13.931307063071314,0.00015935924445304627,1346.4036367601614,0.9303608946512464,0.8454174308359381,1.2293875720674339,0.6485713174581409,0.6573352173100183,1.0,0.003974919790454923,0.001090421166685319,0.006246505115645126,-0.06077663813443997,0.04369178412569492,0.011423261993863554,-68.50071747811049,True
1,stress,10056,fast_nmpc_0p5s,88.5,0.19855897292408056,0.043879367592995155,3.929923945795584,0.1956819946672882,0.04430893543198186,3.9385778469164836,0.26892578125000005,-0.00240995117187498,-0.07064078491210939,0.19892578125000004,0.33892578125000006,-0.08,0.08,-0.07036680832591949,0.046289318764870135,4.000564730707693,Solve_Succeeded,0.03320362500380725,False,2392.7144869898975,0.0032437865827118495,0.0,False,False,0.5,10,0.0,1412.953101405071,0.04207860835458423,0.6632007513442304,-0.35000000821551214,-0.35000000900681144,-0.3500000054688396,-0.35,0.0,False,False,59403.882263183594,4095.6844694790416,13.880475733277544,0.00016396977373705682,1375.2662472217846,0.9303608946512464,0.8454174308359381,1.2293875720674339,0.6485713174581409,0.6573352173100183,1.0,0.003974919790454923,0.001090421166685319,0.006246505115645126,-0.06077663813443997,0.04369178412569492,0.011423261993863554,-68.50071747811049,False
1,stress,10056,fast_nmpc_0p5s,89.0,0.19865877271856905,0.0439076168243752,3.9518706927231997,0.19927808106157552,0.044967553972978774,3.9530689366000202,0.2682953371525169,-0.0024066186523437616,-0.07184495117187502,0.1982953371525169,0.3382953371525169,-0.08,0.08,-0.06963656443394786,0.04631423547671896,4.023715643895074,Solve_Succeeded,0.02960012503899634,False,2220.7961097516354,0.0,0.0,False,False,0.5,10,0.0,1456.2054659714804,0.04240025111412331,0.6656042809749362,-0.3500000046656429,-0.35000000907066836,-0.3500000073873033,-0.35,0.0,False,False,59223.25732421875,4080.722185529149,13.829767818439732,0.0001687072339522067,1404.6811923517334,0.9303608946512464,0.8454174308359381,1.2293875720674339,0.6485713174581409,0.6573352173100183,1.0,0.003974919790454923,0.001090421166685319,0.006246505115645126,-0.06077663813443997,0.04369178412569492,0.011423261993863554,-68.50071747811049,False
1,stress,10056,fast_nmpc_0p5s,89.5,0.19876176072359983,0.04393673058285793,3.973831780441819,0.20262227539259564,0.04236696307707892,3.97985445877277,0.2676506298131105,-0.0024030957031249967,-0.07304740356445315,0.1976506298131105,0.3376506298131105,-0.08,0.08,-0.06888886908951067,0.046339826285982925,4.046879184006272,Solve_Succeeded,0.027644666959531605,False,2251.4742995306815,0.0,0.0,False,False,0.5,10,0.0,1500.515750878729,0.04272086800511998,0.6680074899273395,-0.349999997743423,-0.35000000821551214,-0.35000000782843715,-0.35,0.0,False,False,59042.88946533203,4065.797352405041,13.779186826289047,0.00017357453350507713,1434.6549744224212,0.9303608946512464,0.8454174308359381,1.2293875720674339,0.6485713174581409,0.6573352173100183,1.0,0.003974919790454923,0.001090421166685319,0.006246505115645126,-0.06077663813443997,0.04369178412569492,0.011423261993863554,-68.50071747811049,False
1,stress,10056,fast_nmpc_0p5s,90.0,0.19886801927063724,0.04396673000184483,3.9958076465004355,0.19319514714162603,0.0429906169192396,4.007213938112583,0.26699192336589034,-0.0023993823242187684,-0.07424804687500001,0.19699192336589033,0.33699192336589034,-0.08,0.08,-0.0681239040952531,0.0463661123260636,4.070055693375435,Solve_Succeeded,0.0327245409716852,False,2595.4183260608897,0.0037967762242643033,0.0,False,False,0.5,10,0.0,1545.9005699753284,0.04304040973664739,0.6704101732194035,-0.3500000093477412,-0.3500000046656429,-0.35000000614381904,-0.35,0.0,False,False,58862.79296875,4050.911002946254,13.728736257169384,0.00017857461583894703,1465.1940043557352,0.9303608946512464,0.8454174308359381,1.2293875720674339,0.6485713174581409,0.6573352173100183,1.0,0.003974919790454923,0.001090421166685319,0.006246505115645126,-0.06077663813443997,0.04369178412569492,0.011423261993863554,-68.50071747811049,False
1,stress,10056,fast_nmpc_0p5s,90.5,0.19897763220122083,0.04399763654596275,4.017798739097637,0.19923311605689037,0.043737247938280314,4.009053173037112,0.2663194819449662,-0.002395478515624966,-0.07544678588867192,0.19631948194496618,0.3363194819449662,-0.08,0.08,-0.06734184974374535,0.04639311506158771,4.093245524986309,Solve_Succeeded,0.02792262495495379,False,2270.0028726017226,0.0,0.0,False,False,0.5,10,0.0,1592.3763727414928,0.04335882655099288,0.6728121248042477,-0.3500000052815932,-0.349999997743423,-0.3500000016694656,-0.35,0.0,False,False,58682.98211669921,4036.0641678327297,13.678419604105663,0.00018371045814721568,1496.3045934926854,0.9303608946512464,0.8454174308359381,1.2293875720674339,0.6485713174581409,0.6573352173100183,1.0,0.003974919790454923,0.001090421166685319,0.006246505115645126,-0.06077663813443997,0.04369178412569492,0.011423261993863554,-68.50071747811049,False
1,stress,10056,fast_nmpc_0p5s,91.0,0.1990906848656981,0.04402947200774217,4.039805517246393,0.20061038523480756,0.04306683605998979,4.027654246445926,0.26563356968444785,-0.0023913842773437277,-0.07664352539062498,0.19563356968444784,0.33563356968444785,-0.08,0.08,-0.06654288481874976,0.046420856285085896,4.116449042637018,Solve_Succeeded,0.027313541970215738,False,2281.8594911395144,0.0,0.0,False,False,0.5,10,0.0,1639.9594200159565,0.04367606822570654,0.6752131375769588,-0.34999999777738006,-0.3500000093477412,-0.3500000057591917,-0.35,0.0,False,False,58503.47119140625,4021.257875604648,13.628240352871046,0.00018898506997479806,1527.9929451521139,0.9303608946512464,0.8454174308359381,1.2293875720674339,0.6485713174581409,0.6573352173100183,1.0,0.003974919790454923,0.001090421166685319,0.006246505115645126,-0.06077663813443997,0.04369178412569492,0.011423261993863554,-68.50071747811049,False
1,stress,10056,fast_nmpc_0p5s,91.5,0.19920726412039905,0.0440622585038096,4.061828450937053,0.19299449920607342,0.045753204217877305,4.074208240658039,0.2649344507184448,-0.0023870996093749985,-0.07783817016601564,0.19493445071844479,0.3349344507184448,-0.08,0.08,-0.06572718659804574,0.0464493581131846,4.139666621103069,Solve_Succeeded,0.029023291019257158,False,2369.3538344611716,0.0019399515123713629,0.0,False,False,0.5,10,0.0,1688.665758884961,0.04399208407606154,0.6776130033816398,-0.3500000047009528,-0.3500000052815932,-0.35000000550480553,-0.35,0.0,False,False,58324.274475097656,4006.4931526819596,13.57820198205314,0.0001944014917035083,1560.2651459807248,0.9303608946512464,0.8454174308359381,1.2293875720674339,0.6485713174581409,0.6573352173100183,1.0,0.003974919790454923,0.001090421166685319,0.006246505115645126,-0.06077663813443997,0.04369178412569492,0.011423261993863554,-68.50071747811049,False
1,stress,10056,fast_nmpc_0p5s,92.0,0.19932745832318138,0.04409601847057727,4.0838680212983265,0.19924102777735034,0.04143810282492097,4.084355283880265,0.2642223891810669,-0.002382624511718723,-0.07903062499999998,0.19422238918106688,0.3342223891810669,-0.08,0.08,-0.0648949308578855,0.046478642982295995,4.162898646298326,Solve_Succeeded,0.027208874991629273,False,2349.25426358497,0.0,0.0,False,False,0.5,10,0.0,1738.5111967359928,0.04430682295794123,0.6800115130186897,-0.34999999915882307,-0.34999999777738006,-0.3500000013889005,-0.35,0.0,False,False,58145.40625,3991.771023383624,13.528307963119177,0.0001999627929174339,1593.1271570970769,0.9303608946512464,0.8454174308359381,1.2293875720674339,0.6485713174581409,0.6573352173100183,1.0,0.003974919790454923,0.001090421166685319,0.006246505115645126,-0.06077663813443997,0.04369178412569492,0.011423261993863554,-68.50071747811049,False
1,stress,10056,fast_nmpc_0p5s,92.5,0.19945135732727348,0.044130774659413535,4.105924720755964,0.20110841933236717,0.045319388199571174,4.105758806753447,0.26349764920642377,-0.0023779589843750393,-0.08022079467773437,0.19349764920642376,0.3334976492064238,-0.08,0.08,-0.06404629187915029,0.046508733643788575,4.186145515433698,Solve_Succeeded,0.027873124985489994,False,2314.294479218418,0.0,0.0,False,False,0.5,10,0.0,1789.5112744808644,0.0446202332711692,0.6824084562523166,-0.3500000050739725,-0.3500000047009528,-0.3500000031530188,-0.35,0.0,False,False,57966.880798339844,3977.092509946549,13.478561760480225,0.00020567207064431573,1626.58480503268,0.9303608946512464,0.8454174308359381,1.2293875720674339,0.6485713174581409,0.6573352173100183,1.0,0.003974919790454923,0.001090421166685319,0.006246505115645126,-0.06077663813443997,0.04369178412569492,0.011423261993863554,-68.50071747811049,False
1,stress,10056,fast_nmpc_0p5s,93.0,0.19957905247334295,0.04416655013127738,4.127999053188904,0.18993056476182832,0.04313732153687089,4.121973732316706,0.26276049492862513,-0.0023731030273437537,-0.08140858398437502,0.19276049492862513,0.33276049492862514,-0.08,0.08,-0.06318144245528218,0.04653965315862113,4.209407637173279,Solve_Succeeded,0.03147083299700171,False,2504.8105157490963,0.002829930166796807,0.0,True,False,0.5,10,0.0,1841.681238954547,0.04493226296329774,0.6848036218182828,-0.350000007552447,-0.34999999915882307,-0.35000000102556633,-0.35,0.0,False,False,57788.71240234375,3962.4586325442483,13.428966831554407,0.00021153244746894843,1660.6437724736913,0.9303608946512464,0.8454174308359381,1.2293875720674339,0.6485713174581409,0.6573352173100183,1.0,0.003974919790454923,0.001090421166685319,0.006246505115645126,-0.06077663813443997,0.04369178412569492,0.011423261993863554,-68.50071747811049,False
1,stress,10056,fast_nmpc_0p5s,93.5,0.19971063657971785,0.04420336825080064,4.150091534082585,0.19904145310961582,0.04462085461554917,4.149460807559285,0.2620111904817807,-0.0023680566406250325,-0.08259389770507812,0.19201119048178067,0.3320111904817807,-0.08,0.08,-0.06230055390206282,0.04657142489142567,4.232685431787663,Solve_Succeeded,0.02791895903646946,False,2361.7682766965245,0.0,0.0,False,False,0.5,10,0.0,1895.0360144982828,0.04524285953387057,0.6871967974318803,-0.35000000540280324,-0.3500000050739725,-0.3500000031818932,-0.35,0.0,False,False,57610.91534423828,3947.870409305223,13.379526626829191,0.00021754706951464218,1695.3095888071964,0.9303608946512464,0.8454174308359381,1.2293875720674339,0.6485713174581409,0.6573352173100183,1.0,0.003974919790454923,0.001090421166685319,0.006246505115645126,-0.06077663813443997,0.04369178412569492,0.011423261993863554,-68.50071747811049,False
1,stress,10056,fast_nmpc_0p5s,94.0,0.1998462039306873,0.044241252679801675,4.1722026906791685,0.19532960699700017,0.04545881292798916,4.1627006413445296,0.26125000000000004,-0.002362819824218737,-0.08377664062500005,0.19125000000000003,0.33125000000000004,-0.08,0.08,-0.06140379606931273,0.04660407250402041,4.255979331304169,Solve_Succeeded,0.027880208974238485,False,2379.585681965609,0.0,0.0,False,False,0.5,10,0.0,1949.5901737375611,0.04555197003917498,0.6895877697961353,-0.3500000051311466,-0.350000007552447,-0.35000000550980753,-0.35,0.0,False,False,57433.50390625,3933.3288563310607,13.330244589922744,0.00022371910428881707,1730.5876204764895,0.9303608946512464,0.8454174308359381,1.2293875720674339,0.6485713174581409,0.6573352173100183,1.0,0.003974919790454923,0.001090421166685319,0.006246505115645126,-0.06077663813443997,0.04369178412569492,0.011423261993863554,-68.50071747811049,False
1,stress,10056,fast_nmpc_0p5s,94.5,0.19998585026280888,0.04428022737021441,4.194333062124365,0.19543890633191294,0.043532542693168585,4.193857033498194,0.26047718761739297,-0.0023573925781249505,-0.08495671752929686,0.19047718761739296,0.330477187617393,-0.08,0.08,-0.06049133735458409,0.046637619948339364,4.279289779653661,Solve_Succeeded,0.027998084027785808,False,2421.493374653971,0.0,0.0,False,False,0.5,10,0.0,2005.357907567802,0.045859541097499346,0.691976324610243,-0.3500000057961619,-0.35000000540280324,-0.3500000054528132,-0.35,0.0,False,False,57256.49237060547,3918.834987714277,13.281124157644383,0.00023005173838884025,1766.4830611502416,0.9303608946512464,0.8454174308359381,1.2293875720674339,0.6485713174581409,0.6573352173100183,1.0,0.003974919790454923,0.001090421166685319,0.006246505115645126,-0.06077663813443997,0.04369178412569492,0.011423261993863554,-68.50071747811049,False
1,stress,10056,fast_nmpc_0p5s,95.0,0.20012967274914958,0.04432031655641702,4.216483199610578,0.19524679960549376,0.04380945131511988,4.225215510323232,0.25969301746806916,-0.0023517749023438117,-0.086134033203125,0.18969301746806916,0.32969301746806917,-0.08,0.08,-0.05956334471891958,0.046672091458760834,4.302617232813703,Solve_Succeeded,0.02784937497926876,False,2444.4860376030924,0.0,0.0,False,False,0.5,10,0.0,2062.352994362865,0.04616551889491082,0.6943622465782294,-0.3500000057641241,-0.3500000051311466,-0.35000000528148195,-0.35,0.0,False,False,57079.89501953125,3904.3898155558845,13.232168760054128,0.00023654817506427864,1803.0009217109416,0.9303608946512464,0.8454174308359381,1.2293875720674339,0.6485713174581409,0.6573352173100183,1.0,0.003974919790454923,0.001090421166685319,0.006246505115645126,-0.06077663813443997,0.04369178412569492,0.011423261993863554,-68.50071747811049,False
1,stress,10056,fast_nmpc_0p5s,95.5,0.20027776998138763,0.044361544746944724,4.238653666516058,0.19473022508397972,0.04352299266943152,4.2355808170454665,0.25889775368613827,-0.0023459667968750153,-0.08730849243164067,0.18889775368613826,0.32889775368613827,-0.08,0.08,-0.05861998370475063,0.04670751154381974,4.325962158947698,Solve_Succeeded,0.027907874959055334,False,2454.1227884561667,0.0,0.0,False,False,0.5,10,0.0,2120.588768423846,0.04646984919156912,0.6967453194178412,-0.35000000589290126,-0.3500000057961619,-0.35000000555561905,-0.35,0.0,False,False,56903.726135253906,3889.99434998271,13.183381820521381,0.0002432116316317936,1840.1460200684103,0.9303608946512464,0.8454174308359381,1.2293875720674339,0.6485713174581409,0.6573352173100183,1.0,0.003974919790454923,0.001090421166685319,0.006246505115645126,-0.06077663813443997,0.04369178412569492,0.011423261993863554,-68.50071747811049,False
1,stress,10056,fast_nmpc_0p5s,96.0,0.20043024194970263,0.044403936715571676,4.260845038539752,0.19580292592607895,0.04385930928273455,4.259213468599279,0.25809166040571,-0.0023399682617187,-0.08848000000000002,0.18809166040571001,0.32809166040571003,-0.08,0.08,-0.05766141845600739,0.046743904977290376,4.349325038539751,Solve_Succeeded,0.02858070796355605,False,2463.3023026182072,0.0,0.0,False,False,0.5,10,0.0,2180.07808768811,0.046772477328590516,0.6991253258696613,-0.35000000585096186,-0.3500000057641241,-0.35000000566667633,-0.35,0.0,False,False,56728.0,3875.649599164461,13.134766755782778,0.0002500453367389977,1877.9229708047706,0.9303608946512464,0.8454174308359381,1.2293875720674339,0.6485713174581409,0.6573352173100183,1.0,0.003974919790454923,0.001090421166685319,0.006246505115645126,-0.06077663813443997,0.04369178412569492,0.011423261993863554,-68.50071747811049,False
1,stress,10056,fast_nmpc_0p5s,96.5,0.2005871900203824,0.04444751749174713,4.283057903831538,0.1945762059565524,0.04316745075031158,4.278969421632153,0.2572750017608941,-0.002333779296874977,-0.08964846069335937,0.18727500176089407,0.3272750017608941,-0.08,0.08,-0.056687811740511684,0.046781296788622105,4.372706364524897,Solve_Succeeded,0.027914917038287967,False,2489.2123233280186,0.0,0.0,False,False,0.5,10,0.0,2240.8333007210144,0.04707334823547764,0.7015020477064505,-0.3500000060829812,-0.35000000589290126,-0.3500000057871719,-0.35,0.0,False,False,56552.730895996094,3861.356569330537,13.086326975999148,0.00025705252747367587,1916.3361746576638,0.9303608946512464,0.8454174308359381,1.2293875720674339,0.6485713174581409,0.6573352173100183,1.0,0.003974919790454923,0.001090421166685319,0.006246505115645126,-0.06077663813443997,0.04369178412569492,0.011423261993863554,-68.50071747811049,False
1,stress,10056,fast_nmpc_0p5s,97.0,0.20074871691107488,0.044492312350371675,4.305292863117509,0.19963679673236226,0.04319145267305236,4.304437070011707,0.25644804188580017,-0.002327399902343763,-0.090813779296875,0.18644804188580016,0.3264480418858002,-0.08,0.08,-0.055699324974725295,0.04681971225271544,4.3961066424143835,Solve_Succeeded,0.02784654195420444,False,2485.0018764915694,0.0,0.0,False,False,0.5,10,0.0,2302.8662130153807,0.047372406438128935,0.703875265742714,-0.35000000617626825,-0.35000000585096186,-0.3500000058211487,-0.35,0.0,False,False,56377.93310546875,3847.116264786609,13.038065884811717,0.0002642364463148888,1955.389807849091,0.9303608946512464,0.8454174308359381,1.2293875720674339,0.6485713174581409,0.6573352173100183,1.0,0.003974919790454923,0.001090421166685319,0.006246505115645126,-0.06077663813443997,0.04369178412569492,0.011423261993863554,-68.50071747811049,False
1,stress,10056,fast_nmpc_0p5s,97.5,0.2009149266636148,0.0445383468008998,4.327550529819974,0.2017791331230604,0.043580994491402826,4.336844560947004,0.25561104491453795,-0.00232083007812503,-0.09197586059570313,0.18561104491453795,0.32561104491453796,-0.08,0.08,-0.05469611825092316,0.04685917687902483,4.419526390415677,Solve_Succeeded,0.027907707961276174,False,2499.5739320141242,0.0,0.0,False,False,0.5,10,0.0,2366.1880526264317,0.04766959606744293,0.7062447598444915,-0.35000000610906035,-0.3500000060829812,-0.35000000596061015,-0.35,0.0,False,False,56203.62091064453,3832.929687930953,12.989986879397451,0.00027160033792259257,1995.0878112676708,0.9303608946512464,0.8454174308359381,1.2293875720674339,0.6485713174581409,0.6573352173100183,1.0,0.003974919790454923,0.001090421166685319,0.006246505115645126,-0.06077663813443997,0.04369178412569492,0.011423261993863554,-68.50071747811049,False
1,stress,10056,fast_nmpc_0p5s,98.0,0.2010859246143555,0.04458564657575554,4.349831530171848,0.19904855735106636,0.044380021631397114,4.3493560649247085,0.2547642749812171,-0.0023140698242187507,-0.09313460937500002,0.1847642749812171,0.3247642749812171,-0.08,0.08,-0.05367835036686161,0.04689971639997429,4.442966139546848,Solve_Succeeded,0.02782245900016278,False,2512.6817931825512,0.0,0.0,False,False,0.5,10,0.0,2430.809435172667,0.04796486086852999,0.708610308939371,-0.3500000058299987,-0.35000000617626825,-0.35000000607547743,-0.35,0.0,False,False,56029.80859375,3818.7978392705595,12.942093350523658,0.0002791474457625545,2035.4338795127435,0.9303608946512464,0.8454174308359381,1.2293875720674339,0.6485713174581409,0.6573352173100183,1.0,0.003974919790454923,0.001090421166685319,0.006246505115645126,-0.06077663813443997,0.04369178412569492,0.011423261993863554,-68.50071747811049,False
1,stress,10056,fast_nmpc_0p5s,98.5,0.2012618173619376,0.04463423761804874,4.372136503325063,0.2043573075181949,0.044444748254584686,4.375228882505065,0.2539079962199474,-0.0023071191406249802,-0.09428993041992188,0.1839079962199474,0.3239079962199474,-0.08,0.08,-0.05264617885800982,0.04694135675867372,4.466426433744985,Solve_Succeeded,0.027427042019553483,False,2512.015576909607,0.0,0.0,False,False,0.5,10,0.0,2496.740328235875,0.04825814421054642,0.7109716910267249,-0.34999999853708424,-0.35000000610906035,-0.3500000060933649,-0.35,0.0,False,False,55856.51043701172,3804.721717437004,12.89438868260177,0.00028688100856349036,2076.4314498091207,0.9303608946512464,0.8454174308359381,1.2293875720674339,0.6485713174581409,0.6573352173100183,1.0,0.003974919790454923,0.001090421166685319,0.006246505115645126,-0.06077663813443997,0.04369178412569492,0.011423261993863554,-68.50071747811049,False
1,stress,10056,fast_nmpc_0p5s,99.0,0.20144271273242717,0.04468414606857986,4.394466101452667,0.1958474893668184,0.04443833075610439,4.3962383593599945,0.2530424727648385,-0.0022999780273437465,-0.095441728515625,0.18304247276483848,0.3230424727648385,-0.08,0.08,-0.05159976003241132,0.046984124095923605,4.489907829968292,Solve_Succeeded,0.02735145902261138,False,2562.9137571686265,0.0,0.0,False,False,0.5,10,0.0,2563.9900151964375,0.04854938909716327,0.7133286831881679,-0.34999999850403835,-0.3500000058299987,-0.35000000595308656,-0.35,0.0,False,False,55683.74072265625,3790.7023192021034,12.846876253740414,0.0002948042566035292,2118.08369080195,0.9303608946512464,0.8454174308359381,1.2293875720674339,0.6485713174581409,0.6573352173100183,1.0,0.003974919790454923,0.001090421166685319,0.006246505115645126,-0.06077663813443997,0.04369178412569492,0.011423261993863554,-68.50071747811049,False
1,stress,10056,fast_nmpc_0p5s,99.5,0.20162871974175842,0.04473539825212233,4.416820989844244,0.20816292853588905,0.043152375296635855,4.41594967380397,0.25216796875,-0.002292646484374994,-0.09658990844726563,0.18216796875000002,0.32216796875000003,-0.08,0.08,-0.05053924900824161,0.047028044736497326,4.51341089829151,Solve_Succeeded,0.027909334050491452,False,2538.007849798219,0.0,0.0,False,False,0.5,10,0.0,2632.567058542854,0.04883853817768263,0.7156810615982359,-0.35000000641482076,-0.34999999853708424,-0.35000000200305664,-0.35,0.0,False,False,55511.513732910156,3776.7406394933505,12.7995594357977,0.00030292040782329356,2160.3934912415784,0.9303608946512464,0.8454174308359381,1.2293875720674339,0.6485713174581409,0.6573352173100183,1.0,0.003974919790454923,0.001090421166685319,0.006246505115645126,-0.06077663813443997,0.04369178412569492,0.011423261993863554,-68.50071747811049,False
1,stress,10056,fast_nmpc_0p5s,100.0,0.20181994855541652,0.04478802066297191,4.4392018469942895,0.197946801531672,0.042112861183001005,4.442953151782929,0.25128474830954173,-0.00228512451171875,-0.097734375,0.18128474830954172,0.32128474830954173,-0.08,0.08,-0.04946479975412521,0.04707314517469066,4.5369362219942895,Solve_Succeeded,0.027873249957337976,False,2608.2682703758014,0.0,0.0,False,False,0.5,10,0.0,2702.479262697392,0.04912553375881405,0.7180286015352851,-0.3500000066515756,-0.34999999850403835,-0.3500000001393535,-0.35,0.0,False,False,55339.84375,3762.837671409129,12.752441594432808,0.0003112326637630906,2203.3634485688412,0.9303608946512464,0.8454174308359381,1.2293875720674339,0.6485713174581409,0.6573352173100183,1.0,0.003974919790454923,0.001090421166685319,0.006246505115645126,-0.06077663813443997,0.04369178412569492,0.011423261993863554,-68.50071747811049,False
1,stress,10056,fast_nmpc_0p5s,100.5,0.20201651044529895,0.04484203994975359,4.461609364683175,0.2052244143938402,0.04656025320489709,4.457411834464653,0.2503930755775733,-0.0022774121093749877,-0.09887503295898438,0.18039307557757328,0.3203930755775733,-0.08,0.08,-0.04837656513227434,0.047119452059128576,4.56048439764216,Solve_Succeeded,0.02768958400702104,False,2565.363925636918,0.0,0.0,False,False,0.5,10,0.0,2773.7336364028542,0.04941031781712232,0.7203710773926116,-0.3500000042861877,-0.35000000641482076,-0.35000000348189336,-0.35,0.0,False,False,55168.745056152344,3748.9944062337245,12.705526089156843,0.00031974420532194375,2246.9958574118173,0.9303608946512464,0.8454174308359381,1.2293875720674339,0.6485713174581409,0.6573352173100183,1.0,0.003974919790454923,0.001090421166685319,0.006246505115645126,-0.06077663813443997,0.04369178412569492,0.011423261993863554,-68.50071747811049,False
1,stress,10056,fast_nmpc_0p5s,101.0,0.20221851774369573,0.04489748289947735,4.484044248050332,0.2092123591280181,0.04619908494820478,4.476399214833725,0.2494932146882044,-0.002269509277343762,-0.10001178710937499,0.1794932146882044,0.3194932146882044,-0.08,0.08,-0.04727469694450867,0.04716699217682111,4.5840560351597075,Solve_Succeeded,0.027884375012945384,False,2570.2602216073583,0.0,0.0,False,False,0.5,10,0.0,2846.3363547182075,0.04969283201215788,0.7227082626897876,-0.35000000427913985,-0.3500000066515756,-0.35000000517018026,-0.35,0.0,False,False,54998.23193359375,3735.2118334521238,12.658816273383003,0.00032845818833642177,2291.2926980054467,0.9303608946512464,0.8454174308359381,1.2293875720674339,0.6485713174581409,0.6573352173100183,1.0,0.003974919790454923,0.001090421166685319,0.006246505115645126,-0.06077663813443997,0.04369178412569492,0.011423261993863554,-68.50071747811049,False
1,stress,10056,fast_nmpc_0p5s,101.5,0.20242608379433086,0.044954376420835135,4.506507215659267,0.20775144798921916,0.042956160897088015,4.500952578530056,0.24858542977554474,-0.0022614160156250174,-0.10114454223632814,0.17858542977554473,0.3185854297755447,-0.08,0.08,-0.04615934598121388,0.04721579243646015,4.607651757895596,Solve_Succeeded,0.027784999983850867,False,2610.575683140571,0.0,0.0,False,False,0.5,10,0.0,2920.292720674088,0.04997301770028043,0.7250399300842185,-0.3500000064913915,-0.3500000042861877,-0.350000004699334,-0.35,0.0,False,False,54828.31866455078,3721.4909407646123,12.612315494476045,0.00033737773897750254,2336.255624546065,0.9303608946512464,0.8454174308359381,1.2293875720674339,0.6485713174581409,0.6573352173100183,1.0,0.003974919790454923,0.001090421166685319,0.006246505115645126,-0.06077663813443997,0.04369178412569492,0.011423261993863554,-68.50071747811049,False
1,stress,10056,fast_nmpc_0p5s,102.0,0.20263932290041037,0.04501274752673234,4.528998999554041,0.2090421223578502,0.04533929214432123,4.523324061181149,0.24766998497370402,-0.0022531323242187262,-0.102273203125,0.177669984973704,0.317669984973704,-0.08,0.08,-0.04503066207329365,0.04726587985095106,4.631272202679041,Solve_Succeeded,0.027942208980675787,False,2615.567537707215,0.0,0.0,False,False,0.5,10,0.0,2995.607126642103,0.0502508159491853,0.7273658513829152,-0.35000000486178573,-0.35000000427913985,-0.3500000044755235,-0.35,0.0,False,False,54659.01953125,3707.8327141011764,12.566027093801093,0.0003465059489639871,2381.8859534933854,0.9303608946512464,0.8454174308359381,1.2293875720674339,0.6485713174581409,0.6573352173100183,1.0,0.003974919790454923,0.001090421166685319,0.006246505115645126,-0.06077663813443997,0.04369178412569492,0.011423261993863554,-68.50071747811049,False
1,stress,10056,fast_nmpc_0p5s,102.5,0.20285835026962504,0.04507262331604822,4.551520345306818,0.20352599272706562,0.04487268666912933,4.550073856687123,0.2467471444167919,-0.0022446582031250273,-0.10339767456054687,0.1767471444167919,0.3167471444167919,-0.08,0.08,-0.04388879414716687,0.04731728151917325,4.654918019867365,Solve_Succeeded,0.02778066595783457,False,2658.697142285432,0.0,0.0,False,False,0.5,10,0.0,3072.2830154749136,0.05052616755314191,0.7296857975544854,-0.3500000053522286,-0.3500000064913915,-0.3500000055492474,-0.35,0.0,False,False,54490.34881591797,3694.2381376357025,12.519954406771761,0.0003558458705912801,2428.1846518329166,0.9303608946512464,0.8454174308359381,1.2293875720674339,0.6485713174581409,0.6573352173100183,1.0,0.003974919790454923,0.001090421166685319,0.006246505115645126,-0.06077663813443997,0.04369178412569492,0.011423261993863554,-68.50071747811049,False
1,stress,10056,fast_nmpc_0p5s,103.0,0.20308328195605874,0.04513403095462092,4.574072012056098,0.2107794857645689,0.04531395044791176,4.583876636593165,0.24581717223891814,-0.0022359936523437263,-0.10451786132812503,0.17581717223891813,0.31581717223891814,-0.08,0.08,-0.0427338902828594,0.04737002460696465,4.678589873384222,Solve_Succeeded,0.02786970796296373,False,2667.8357606327468,0.0,0.0,False,False,0.5,10,0.0,3150.3228414770792,0.05079901304895217,0.7319995387413384,-0.350000004358671,-0.35000000486178573,-0.35000000518308055,-0.35,0.0,False,False,54322.32080078125,3680.708193799991,12.474100762897656,0.0003654005115746833,2475.1523253123637,0.9303608946512464,0.8454174308359381,1.2293875720674339,0.6485713174581409,0.6573352173100183,1.0,0.003974919790454923,0.001090421166685319,0.006246505115645126,-0.06077663813443997,0.04369178412569492,0.011423261993863554,-68.50071747811049,False
1,stress,10056,fast_nmpc_0p5s,103.5,0.20331423479895677,0.0451969976554537,4.596654772535253,0.1968372356397019,0.04622631461273742,4.6009228779675215,0.24488033257419237,-0.0022271386718749897,-0.1056336682128906,0.17488033257419236,0.31488033257419235,-0.08,0.08,-0.041566097775235594,0.04742413632732869,4.702288440748143,Solve_Succeeded,0.028009707981254905,False,2721.2396580109785,0.0,0.0,False,False,0.5,10,0.0,3229.7280312697976,0.05106929273263694,0.7343068442721085,-0.3500000042066087,-0.3500000053522286,-0.3500000052731749,-0.35,0.0,False,False,54154.949768066406,3667.243863297581,12.428469485831211,0.0003751728297066968,2522.7892066660447,0.9303608946512464,0.8454174308359381,1.2293875720674339,0.6485713174581409,0.6573352173100183,1.0,0.003974919790454923,0.001090421166685319,0.006246505115645126,-0.06077663813443997,0.04369178412569492,0.011423261993863554,-68.50071747811049,False
1,stress,10056,fast_nmpc_0p5s,104.0,0.20355132635831216,0.045261550658140574,4.619269413090966,0.19404059609512894,0.04486833447262884,4.615631294419299,0.2439368895567243,-0.00221809326171879,-0.10674500000000002,0.1739368895567243,0.3139368895567243,-0.08,0.08,-0.04038556319841213,0.047479643919859364,4.726014413090966,Solve_Succeeded,0.02800783299608156,False,2747.7224890388857,0.0,0.0,False,False,0.5,10,0.0,3310.498944615455,0.051336946676856274,0.7366074826742901,-0.35000000538579906,-0.350000004358671,-0.3500000047860772,-0.35,0.0,False,False,53988.25,3653.846125117388,12.383063893413926,0.0003851657273281833,2571.095143841786,0.9303608946512464,0.8454174308359381,1.2293875720674339,0.6485713174581409,0.6573352173100183,1.0,0.003974919790454923,0.001090421166685319,0.006246505115645126,-0.06077663813443997,0.04369178412569492,0.011423261993863554,-68.50071747811049,False
1,stress,10056,fast_nmpc_0p5s,104.5,0.20379467484723163,0.04532771720751064,4.64191673369119,0.2041575000757034,0.044859328690343606,4.641462098900562,0.24298710732062362,-0.002208857421874988,-0.10785176147460938,0.1729871073206236,0.3129871073206236,-0.08,0.08,-0.03919243247339199,0.047536574629385625,4.7497684951657995,Solve_Succeeded,0.028018957993481308,False,2739.0957643871493,0.0,0.0,False,False,0.5,10,0.0,3392.634835271089,0.051601914749069736,0.7389012216870896,-0.35000000475473825,-0.3500000042066087,-0.3500000044774314,-0.35,0.0,False,False,53822.235778808594,3640.5159565471645,12.337887297721966,0.0003953820456136535,2620.0695882453265,0.9303608946512464,0.8454174308359381,1.2293875720674339,0.6485713174581409,0.6573352173100183,1.0,0.003974919790454923,0.001090421166685319,0.006246505115645126,-0.06077663813443997,0.04369178412569492,0.011423261993863554,-68.50071747811049,False
1,stress,10056,fast_nmpc_0p5s,105.0,0.20404439906104666,0.04539552453149189,4.66459754792223,0.19850309246368364,0.04655817887841015,4.655345689464737,0.24203125000000003,-0.002199431152343778,-0.10895385742187501,0.17203125000000002,0.31203125000000004,-0.08,0.08,-0.037986850938953376,0.04759495568383567,4.773551405344105,Solve_Succeeded,0.02776949998224154,False,2762.4142557484365,0.0,0.0,False,False,0.5,10,0.0,3476.133811942651,0.05186413663044129,0.7411878282744888,-0.35000000257042785,-0.35000000538579906,-0.3500000049612607,-0.35,0.0,False,False,53656.92138671875,3627.2543331867764,12.292943005111177,0.00040582455867133483,2669.711583017638,0.9303608946512464,0.8454174308359381,1.2293875720674339,0.6485713174581409,0.6573352173100183,1.0,0.003974919790454923,0.001090421166685319,0.006246505115645126,-0.06077663813443997,0.04369178412569492,0.011423261993863554,-68.50071747811049,False
1,stress,10056,fast_nmpc_0p5s,105.5,0.20430061830314009,0.04546499981819669,4.687312682974568,0.21084472069678153,0.04548435303039841,4.688682074669956,0.2410695817289632,-0.002189814453124994,-0.11005119262695316,0.1710695817289632,0.3110695817289632,-0.08,0.08,-0.036768963425823115,0.047654814271321684,4.797363875601521,Solve_Succeeded,0.027763708028942347,False,2765.4425347345978,0.0,0.0,False,False,0.5,10,0.0,3560.9927994147474,0.052123551835492034,0.7434670686385235,-0.350000000933302,-0.35000000475473825,-0.3500000048512594,-0.35,0.0,False,False,53492.32110595703,3614.062228961312,12.248234316261492,0.0004164959674591136,2720.019751361,0.9303608946512464,0.8454174308359381,1.2293875720674339,0.6485713174581409,0.6573352173100183,1.0,0.003974919790454923,0.001090421166685319,0.006246505115645126,-0.06077663813443997,0.04369178412569492,0.011423261993863554,-68.50071747811049,False
1,stress,10056,fast_nmpc_0p5s,106.0,0.20456345230746223,0.04553617019223256,4.7100629796170335,0.21100155516802635,0.04519338595058507,4.716198905077278,0.24010236664162288,-0.0021800073242187468,-0.111143671875,0.17010236664162287,0.3101023666416229,-0.08,0.08,-0.03553891433416065,0.047716177516451304,4.821206651492034,Solve_Succeeded,0.027798333030659705,False,2792.8471974807026,0.0,0.0,False,False,0.5,10,0.0,3647.207499933606,0.05238009973250387,0.7457387082327718,-0.3500000007594949,-0.35000000257042785,-0.3500000036364064,-0.35,0.0,False,False,53328.44921875,3600.9406161340166,12.20376452622078,0.0004273988935179239,2770.992284930248,0.9303608946512464,0.8454174308359381,1.2293875720674339,0.6485713174581409,0.6573352173100183,1.0,0.003974919790454923,0.001090421166685319,0.006246505115645126,-0.06077663813443997,0.04369178412569492,0.011423261993863554,-68.50071747811049,False
1,stress,10056,fast_nmpc_0p5s,106.5,0.20483302115771626,0.045609062690243646,4.732849292158935,0.20333306436692583,0.04661024575949826,4.741908960729096,0.23912986887208867,-0.0021700097656249806,-0.11223119995117191,0.16912986887208867,0.3091298688720887,-0.08,0.08,-0.034296847714372414,0.047779072455868626,4.845080492110107,Solve_Succeeded,0.02718504099175334,False,2834.4867937283934,0.0,0.0,False,False,0.5,10,0.0,3734.772354923369,0.0526337195646748,0.7480025117760563,-0.34999997365933316,-0.350000000933302,-0.35000000219663563,-0.35,0.0,False,False,53165.32000732422,3587.890465319055,12.159536924448094,0.00043853587252460534,2822.6269323058186,0.9303608946512464,0.8454174308359381,1.2293875720674339,0.6485713174581409,0.6573352173100183,1.0,0.003974919790454923,0.001090421166685319,0.006246505115645126,-0.06077663813443997,0.04369178412569492,0.011423261993863554,-68.50071747811049,False
1,stress,10056,fast_nmpc_0p5s,107.0,0.2051094452031969,0.04568370423568961,4.755672488399776,0.20380385954782865,0.04599591175127177,4.748142494079063,0.23815235255447037,-0.0021598217773437234,-0.11331368164062498,0.16815235255447036,0.3081523525544704,-0.08,0.08,-0.033042907351273465,0.047843526013033336,4.868986170040401,Solve_Succeeded,0.027276207983959466,False,2838.2526420845074,0.0,0.0,False,False,0.5,10,0.0,3823.680507118735,0.052884350472026886,0.7502582432663564,-0.3499999981552255,-0.3500000007594949,-0.3500000014311627,-0.35,0.0,False,False,53002.94775390625,3574.912745494116,12.115554794856395,0.000449909347666775,2874.920987565778,0.9303608946512464,0.8454174308359381,1.2293875720674339,0.6485713174581409,0.6573352173100183,1.0,0.003974919790454923,0.001090421166685319,0.006246505115645126,-0.06077663813443997,0.04369178412569492,0.011423261993863554,-68.50071747811049,False
1,stress,10056,fast_nmpc_0p5s,107.5,0.20539284497127208,0.0457601216128705,4.778533449566167,0.20343441568507628,0.045462003003826426,4.7797361842987875,0.23717008182287758,-0.0021494433593750306,-0.11439102172851563,0.16717008182287757,0.3071700818228776,-0.08,0.08,-0.031777236851605495,0.04790956497224553,4.892924471294682,Solve_Succeeded,0.027941833017393947,False,2871.8626768704944,0.0,0.0,False,False,0.5,10,0.0,3913.923503786555,0.05313192805308337,0.7525056659949317,-0.34999999974082974,-0.34999997365933316,-0.3499999866388862,-0.3499999866388862,2.6722227541853272e-08,False,False,52841.346740722656,3562.008424012848,12.071821415854684,0.00046152166284277383,2927.8712789742863,0.9303608946512464,0.8454174308359381,1.2293875720674339,0.6485713174581409,0.6573352173100183,1.0,0.003974919790454923,0.001090421166685319,0.006246505115645126,-0.06077663813443997,0.04369178412569492,0.011423261993863554,-68.50071747811049,False
1,stress,10056,fast_nmpc_0p5s,108.0,0.20568334107525185,0.04583834143501976,4.8014330702342685,0.2018302221636201,0.04705923143964236,4.797755144370564,0.23618332081142,-0.0021388745117187358,-0.11546312500000001,0.16618332081141998,0.30618332081141997,-0.08,0.08,-0.030499979736168137,0.0479772159467385,4.916896195234268,Solve_Succeeded,0.027903458976652473,False,2891.745371422922,0.0,0.0,False,False,0.5,10,0.0,4005.492413728081,0.05337639981589998,0.7547445425606546,-0.25999999487328934,-0.3499999981552255,-0.3499999927729032,-0.3499999927729032,-1.2268034033091624e-08,False,False,52680.53125,3549.1784666171407,12.028340060389635,0.0004733750556903015,2981.47415780441,0.9303608946512464,0.8454174308359381,1.2293875720674339,0.6485713174581409,0.6573352173100183,1.0,0.003974919790454923,0.001090421166685319,0.006246505115645126,-0.06077663813443997,0.04369178412569492,0.011423261993863554,-68.50071747811049,False
1,stress,10056,fast_nmpc_0p5s,108.5,0.20598105412213344,0.04591839013474078,4.824372258241869,0.2026647572536639,0.046058876896041934,4.821405685614763,0.2351923336542074,-0.0021281152343750054,-0.11652989624023437,0.16519233365420738,0.3051923336542074,-0.08,0.08,-0.029211279532073947,0.04804650536911578,4.940902154482104,Solve_Succeeded,0.027891375008039176,False,2914.293299388882,0.0,0.0,False,False,0.5,10,0.0,4098.375842377289,0.053617699063889905,0.7569746348845532,-0.33596059297725317,-0.34999999974082974,-0.3499999964842718,-0.3499999964842718,-7.422737202666951e-09,False,False,52520.515563964844,3536.423837449245,11.98511399598667,0.0004854716504479136,3035.7254873134207,0.9303608946512464,0.8454174308359381,1.2293875720674339,0.6485713174581409,0.6573352173100183,1.0,0.003974919790454923,0.001090421166685319,0.006246505115645126,-0.06077663813443997,0.04369178412569492,0.011423261993863554,-68.50071747811049,False
1,stress,10056,fast_nmpc_0p5s,109.0,0.20628610461585775,0.04600029391474881,4.847351934585752,0.1967967354446054,0.04597590263678931,4.850845707543212,0.23419738448534938,-0.002117165527343756,-0.11759124023437502,0.16419738448534937,0.3041973844853494,-0.08,0.08,-0.02791127986949163,0.048117459442092565,4.964943174820126,Solve_Succeeded,0.027215249952860177,False,2958.2659780992108,0.0,0.0,False,False,0.5,10,0.0,3201.365890363743,0.04132799834794006,0.7591957042245618,-0.34999997090798024,-0.25999999487328934,-0.3020627545547896,-0.3020627545547896,0.09587448385896447,False,False,52361.31396484375,3523.7454990637425,11.942146484790516,0.0004978134506541545,3090.6206318891045,0.9303608946512464,0.8454174308359381,1.2293875720674339,0.6485713174581409,0.6573352173100183,1.0,0.003974919790454923,0.001090421166685319,0.006246505115645126,-0.06077663813443997,0.04369178412569492,0.011423261993863554,-68.50071747811049,False
1,stress,10056,fast_nmpc_0p5s,109.5,0.20659383369229728,0.04606425553652925,4.870368077417935,0.20672816219780596,0.046744384432400546,4.874520578052969,0.23319873743895572,-0.002106025390624988,-0.11864706176757812,0.16319873743895572,0.30319873743895576,-0.08,0.08,-0.026604903746658443,0.04817028092715424,4.989015139185513,Solve_Succeeded,0.027855916996486485,False,2961.7722208806035,0.0,0.0,False,False,0.5,10,0.0,3657.3385334272753,0.046259838230662945,0.7614075111904817,-0.21206274630001648,-0.33596059297725317,-0.32011796402431747,-0.32011796402431747,-0.036110418939055755,False,False,52202.94073486328,3511.1444124393643,11.899440783605273,0.0005104023316897024,3146.1544463858772,0.9303608946512464,0.8454174308359381,1.2293875720674339,0.6485713174581409,0.6573352173100183,1.0,0.003974919790454923,0.001090421166685319,0.006246505115645126,-0.06077663813443997,0.04369178412569492,0.011423261993863554,-68.50071747811049,False
1,stress,10056,fast_nmpc_0p5s,110.0,0.20690199093716727,0.046137335547897104,4.8934184807596735,0.21280233767479856,0.04684540257260055,4.896361391950221,0.23219665664913602,-0.0020946948242187846,-0.11969726562500001,0.16219665664913602,0.30219665664913603,-0.08,0.08,-0.025294665711968756,0.04823203037211589,5.013115746384673,Solve_Succeeded,0.027655790967401117,False,2976.0766258367466,0.0,0.0,False,False,0.5,10,0.0,4084.2091506249817,0.05065551384921825,0.7636098157591469,-0.230117954687475,-0.34999997090798024,-0.3360341969985377,-0.3360341969985377,-0.03183246594844047,False,False,52045.41015625,3498.6215369906577,11.857000143933941,0.0005232400331685359,3202.3212656696887,0.9303608946512464,0.8454174308359381,1.2293875720674339,0.6485713174581409,0.6573352173100183,1.0,0.003974919790454923,0.001090421166685319,0.006246505115645126,-0.06077663813443997,0.04369178412569492,0.011423261993863554,-68.50071747811049,False
1,stress,10056,fast_nmpc_0p5s,110.5,0.20721470865425612,0.04621895096219693,4.916507558136225,0.20843513012286066,0.04547121203654378,4.918823687702887,0.23119140625,-0.002083173828124979,-0.12074175659179691,0.16119140625,0.30119140625,-0.08,0.08,-0.02397669759574389,0.04830212479032191,5.037249314728022,Solve_Succeeded,0.02771204197779298,False,3004.905527371612,0.0,0.0,False,False,0.5,10,0.0,2724.0426639612015,0.03347035295540067,0.7658023772898002,-0.24603418861479812,-0.21206274630001648,-0.27000253790844836,-0.27000253790844836,0.1320633181801787,False,False,51888.73651123047,3486.17783057951,11.81482781201748,0.0005363281511847937,3259.114894391089,0.9303608946512464,0.8454174308359381,1.2293875720674339,0.6485713174581409,0.6573352173100183,1.0,0.003974919790454923,0.001090421166685319,0.006246505115645126,-0.06077663813443997,0.04369178412569492,0.011423261993863554,-68.50071747811049,False
1,stress,10056,fast_nmpc_0p5s,111.0,0.20752693661301783,0.046273361546619735,4.9396306420981775,0.2159238836840616,0.0444496052148955,4.946648809800472,0.23018325037565746,-0.002071462402343738,-0.12178043945312499,0.16018325037565745,0.30018325037565746,-0.08,0.08,-0.02265631376263963,0.04834482394896347,5.061411081551302,Solve_Succeeded,0.02787891699699685,False,3023.3865658025097,0.0,0.0,False,False,0.5,10,0.0,2310.9101487150274,0.028025006943881298,0.7679849545396729,-0.18000252895883037,-0.230117954687475,-0.24875857256515158,-0.24875857256515158,0.04248793068659357,False,False,51732.93408203125,3473.81424952653,11.772927028873381,0.0005496681304226475,3316.5285970058358,0.9303608946512464,0.8454174308359381,1.2293875720674339,0.6485713174581409,0.6573352173100183,1.0,0.003974919790454923,0.001090421166685319,0.006246505115645126,-0.06077663813443997,0.04369178412569492,0.011423261993863554,-68.50071747811049,False
1,stress,10056,fast_nmpc_0p5s,111.5,0.20783041157702414,0.04631951019704159,4.962778865799387,0.21012918049988324,0.04688502754186797,4.963141244352743,0.2291724531602179,-0.0020595605468750056,-0.12281321899414065,0.15917245316021789,0.2991724531602179,-0.08,0.08,-0.02134204158319375,0.0483790707439166,5.085592084793528,Solve_Succeeded,0.027850166021380574,False,3052.630431424405,0.0,0.0,False,False,0.5,10,0.0,2332.7918368400024,0.027796402179020283,0.7701573056797725,-0.15875856312363107,-0.24603418861479812,-0.2473074675629384,-0.2473074675629384,0.0029022100044263643,False,False,51578.017150878906,3461.5317486222852,11.731301030333748,0.0005632612561372187,3374.5550880627457,0.9303608946512464,0.8454174308359381,1.2293875720674339,0.6485713174581409,0.6573352173100183,1.0,0.003974919790454923,0.001090421166685319,0.006246505115645126,-0.06077663813443997,0.04369178412569492,0.011423261993863554,-68.50071747811049,False
1,stress,10056,fast_nmpc_0p5s,112.0,0.20812423103330632,0.04636609761251276,4.98595027342616,0.2015396890415221,0.04851359647377883,4.994108676852646,0.22815927873779118,-0.0020474682617187268,-0.12383999999999999,0.15815927873779118,0.2981592787377912,-0.08,0.08,-0.02003504770448486,0.048413565874231484,5.10979027342616,Solve_Succeeded,0.027884625014849007,False,3102.478842593648,0.0,0.0,False,False,0.5,10,0.0,1550.626551453034,0.01842229034833661,0.7723191883108756,-0.1573074582069259,-0.18000252895883037,-0.21145843348336166,-0.21145843348336166,0.07169806815915347,False,False,51424.0,3449.3312811384008,11.68995304708292,0.0005771086460152606,3433.1865227785615,0.9303608946512464,0.8454174308359381,1.2293875720674339,0.6485713174581409,0.6573352173100183,1.0,0.003974919790454923,0.001090421166685319,0.006246505115645126,-0.06077663813443997,0.04369178412569492,0.011423261993863554,-68.50071747811049,False
1,stress,10056,fast_nmpc_0p5s,112.5,0.20840573166864804,0.04639704327195662,5.009141064172223,0.21862803890888052,0.04599973776282938,4.993807127543167,0.22714399124248688,-0.0020351855468749985,-0.12486068725585937,0.15714399124248687,0.2971439912424869,-0.08,0.08,-0.018738259573838845,0.04843222881883162,5.134001751428082,Solve_Succeeded,0.027898334024939686,False,3076.4011084706544,0.0,0.0,False,False,0.5,10,0.0,921.3277163371474,0.011071186804902836,0.7744703594797258,-0.12145842454202971,-0.15875856312363107,-0.18338858470706476,-0.18338858470706476,0.05613969755259379,False,False,51270.896911621094,3437.213798838527,11.64888630469463,0.0005912112419250567,3492.4144879197393,0.9303608946512464,0.8454174308359381,1.2293875720674339,0.6485713174581409,0.6573352173100183,1.0,0.003974919790454923,0.001090421166685319,0.006246505115645126,-0.06077663813443997,0.04369178412569492,0.011423261993863554,-68.50071747811049,False
1,stress,10056,fast_nmpc_0p5s,113.0,0.20866952793052165,0.04641540594723671,5.032344181738262,0.21140072880250527,0.046740769660106506,5.03532352865904,0.22612685480841474,-0.0020227124023437376,-0.125875185546875,0.15612685480841473,0.2961268548084147,-0.08,0.08,-0.017457326877893087,0.04843811834958045,5.158219367285137,Solve_Succeeded,0.02891254099085927,False,3132.182630612276,0.0,0.0,False,False,0.5,10,0.0,611.0465859712402,0.007472718994326451,0.776610575695435,-0.09338857513497292,-0.1573074582069259,-0.16949683750205116,-0.16949683750205116,0.0277834944100272,False,False,51118.72216796875,3425.180251989168,11.60810402366871,0.0006055698015657139,3552.229993011113,0.9303608946512464,0.8454174308359381,1.2293875720674339,0.6485713174581409,0.6573352173100183,1.0,0.003974919790454923,0.001090421166685319,0.006246505115645126,-0.06077663813443997,0.04369178412569492,0.011423261993863554,-68.50071747811049,False
1,stress,10056,fast_nmpc_0p5s,113.5,0.20891304457060764,0.046427566868296445,5.055554929877265,0.20775055833097428,0.045617380418518295,5.066783836340331,0.22510813356968448,-0.0020100488281249995,-0.1268833996582031,0.15510813356968448,0.29510813356968446,-0.08,0.08,-0.016195088999076845,0.048437615696421445,5.182438329535468,Solve_Succeeded,0.02896179200615734,False,3169.089677571559,0.0,0.0,False,False,0.5,10,0.0,-1.6077534209796767,0.0007232988536019641,0.7787395929460911,-0.0794968280821206,-0.12145842454202971,-0.1439098488047986,-0.1439098488047986,0.05117397739450513,False,False,50967.49005126953,3413.231589370381,11.567609419467352,0.0006201848900267926,3612.623461891488,0.9303608946512464,0.8454174308359381,1.2293875720674339,0.6485713174581409,0.6573352173100183,1.0,0.003974919790454923,0.001090421166685319,0.006246505115645126,-0.06077663813443997,0.04369178412569492,0.011423261993863554,-68.50071747811049,False
1,stress,10056,fast_nmpc_0p5s,114.0,0.20913399975582633,0.04642747918146345,5.078768695938799,0.2143073709262886,0.04572829472646713,5.091666497841665,0.22408809166040572,-0.0019971948242187842,-0.127885234375,0.1540880916604057,0.2940880916604057,-0.08,0.08,-0.014954091904579386,0.04842467400568223,5.2066539303137995,Solve_Succeeded,0.02827199996681884,False,3191.795750548554,0.0,0.0,False,False,0.5,10,0.0,-671.6752208713026,-0.006413763613722118,0.7808571667155672,-0.0539098391991561,-0.09338857513497292,-0.11700039908096126,-0.11700039908096126,0.05381889944767468,False,False,50817.21484375,3401.3687582863445,11.527405702550928,0.0006350568712699564,3673.584724636126,0.9303608946512464,0.8454174308359381,1.2293875720674339,0.6485713174581409,0.6573352173100183,1.0,0.003974919790454923,0.001090421166685319,0.006246505115645126,-0.06077663813443997,0.04369178412569492,0.011423261993863554,-68.50071747811049,False
1,stress,10056,fast_nmpc_0p5s,114.5,0.2093286674858158,0.04641399571982082,5.101979068734969,0.21466519317626226,0.04347551824782835,5.102457090140751,0.22306699321468826,-0.0019841503906249947,-0.1288805944824219,0.15306699321468825,0.29306699321468827,-0.08,0.08,-0.013738325728872458,0.048398146110445815,5.230859663217391,Solve_Succeeded,0.028257666970603168,False,3197.7484035186153,0.0,0.0,False,False,0.5,10,0.0,-1188.6626143541316,-0.011714890856058879,0.7829630520005345,-0.027000389698367638,-0.0794968280821206,-0.09702464659195736,-0.09702464659195736,0.039951504978007785,False,False,50667.91082763672,3389.5927045758044,11.487496078413374,0.0006501858995451215,3735.1030098662022,0.9303608946512464,0.8454174308359381,1.2293875720674339,0.6485713174581409,0.6573352173100183,1.0,0.003974919790454923,0.001090421166685319,0.006246505115645126,-0.06077663813443997,0.04369178412569492,0.011423261993863554,-68.50071747811049,False
1,stress,10056,fast_nmpc_0p5s,115.0,0.20949418164755926,0.04639017908418802,5.125180115951032,0.21087015793577799,0.04568183107190035,5.125842174813706,0.22204510236664166,-0.0019709155273437418,-0.12986938476562498,0.15204510236664165,0.29204510236664166,-0.08,0.08,-0.012550920719082398,0.04836109461153176,5.255049500716657,Solve_Succeeded,0.02887362497858703,False,3233.9402629273236,0.0,0.0,False,False,0.5,10,0.0,-1803.213700981554,-0.01784546927592826,0.7850570033276781,-0.007024637786046671,-0.0539098391991561,-0.0740601475282203,-0.0740601475282203,0.04592899812747414,False,False,50519.59228515625,3377.9043726223863,11.447883747617162,0.0006655719107543348,3797.166937465056,0.9303608946512464,0.8454174308359381,1.2293875720674339,0.6485713174581409,0.6573352173100183,1.0,0.003974919790454923,0.001090421166685319,0.006246505115645126,-0.06077663813443997,0.04369178412569492,0.011423261993863554,-68.50071747811049,False
1,stress,10056,fast_nmpc_0p5s,115.5,0.2096282161901309,0.04635407880110809,5.1483661833122865,0.21155789130081312,0.04619352464087991,5.155880365236661,0.22102268325037566,-0.0019574902343750256,-0.13085151000976564,0.15102268325037566,0.29102268325037567,-0.08,0.08,-0.011394467060244773,0.048311569035483115,5.279217693322052,Solve_Succeeded,0.029182500031311065,False,3270.8211864648183,0.0,0.0,False,False,0.5,10,0.0,-2496.321554989949,-0.024570605584177556,0.7871387747711145,0.01593986211315467,-0.027000389698367638,-0.04899442579653082,-0.04899442579653082,0.050131443463378944,False,False,50372.273498535156,3366.304705364795,11.408571905827854,0.0006812146137774263,3859.764511721156,0.9303608946512464,0.8454174308359381,1.2293875720674339,0.6485713174581409,0.6573352173100183,1.0,0.003974919790454923,0.001090421166685319,0.006246505115645126,-0.06077663813443997,0.04369178412569492,0.011423261993863554,-68.50071747811049,False
1,stress,10056,fast_nmpc_0p5s,116.0,0.20972785552417472,0.046304124730603725,5.171530736375182,0.2042033119932355,0.04703018125033258,5.1724231463264,0.22000000000000003,-0.001943874511718735,-0.131826875,0.15000000000000002,0.29000000000000004,-0.08,0.08,-0.010272144475825307,0.04824799924232246,5.303357611375182,Solve_Succeeded,0.02891095803352073,False,3298.6983126358814,0.0,0.0,False,False,0.5,10,0.0,-3140.1644352486287,-0.030586397927366293,0.7892081199700104,0.04100558384238416,-0.007024637786046671,-0.026639805290144616,-0.026639805290144616,0.04470924101277241,False,False,50225.96875,3354.794644306886,11.369563743848234,0.0006971134817742571,3922.8831149174353,0.9303608946512464,0.8454174308359381,1.2293875720674339,0.6485713174581409,0.6573352173100183,1.0,0.003974919790454923,0.001090421166685319,0.006246505115645126,-0.06077663813443997,0.04369178412569492,0.011423261993863554,-68.50071747811049,False
1,stress,10056,fast_nmpc_0p5s,116.5,0.20979036066355086,0.04624130320820646,5.1946670947459745,0.21241965081120398,0.046167994341823636,5.187939420843762,0.21897731674962437,-0.0019300683593749812,-0.13279538452148437,0.14897731674962436,0.28897731674962435,-0.08,0.08,-0.009186956086073506,0.048171371567581445,5.327462479267459,Solve_Succeeded,0.028958708979189396,False,3308.877483698477,0.0,0.0,False,False,0.5,10,0.0,-3815.231643868052,-0.036712988332576545,0.7912647921464034,0.06336020440393778,0.01593986211315467,-0.00396034105622655,-0.00396034105622655,0.04535892846783613,False,False,50080.692321777344,3343.3751295276165,11.330862447652041,0.0007132677434791682,3986.509501386472,0.9303608946512464,0.8454174308359381,1.2293875720674339,0.6485713174581409,0.6573352173100183,1.0,0.003974919790454923,0.001090421166685319,0.006246505115645126,-0.06077663813443997,0.04369178412569492,0.011423261993863554,-68.50071747811049,False
1,stress,10056,fast_nmpc_0p5s,117.0,0.2098133568275295,0.04616499068855709,5.217768668733504,0.2086642418264373,0.04582697715443061,5.216393018938596,0.2179548976333584,-0.001916071777343764,-0.133756943359375,0.1479548976333584,0.2879548976333584,-0.08,0.08,-0.008141540805828906,0.04808106246590085,5.351525612092878,Solve_Succeeded,0.02955091599142179,False,3343.47552879883,0.0,0.0,False,False,0.5,10,0.0,-4549.059253426021,-0.04320854454631608,0.7933085441232226,0.08603966853806952,0.04100558384238416,0.019990129853371678,0.019990129853371678,0.047900941819196456,False,False,49936.45849609375,3332.047099690892,11.292471198417331,0.0007296763745040511,4050.629792050875,0.9303608946512464,0.8454174308359381,1.2293875720674339,0.6485713174581409,0.6573352173100183,1.0,0.003974919790454923,0.001090421166685319,0.006246505115645126,-0.06077663813443997,0.04369178412569492,0.011423261993863554,-68.50071747811049,False
1,stress,10056,fast_nmpc_0p5s,117.5,0.20979428860943375,0.046074012976643514,5.240828419204606,0.20382060406223745,0.04593974126862509,5.238322821112953,0.2169330067853118,-0.0019018847656250282,-0.13471145629882814,0.1469330067853118,0.2869330067853118,-0.08,0.08,-0.0071387181758780505,0.04797589774226854,5.375539875503434,Solve_Succeeded,0.02992879197699949,False,3373.361858835703,0.0,0.0,False,False,0.5,10,0.0,-5282.696780370817,-0.04949408902174396,0.7953391283425101,0.10999013942715795,0.06336020440393778,0.04309059339799084,0.04309059339799084,0.04620092708923832,False,False,49793.28155517578,3320.8114920552794,11.2543931725594,0.000746338088667234,4115.229469467858,0.9303608946512464,0.8454174308359381,1.2293875720674339,0.6485713174581409,0.6573352173100183,1.0,0.003974919790454923,0.001090421166685319,0.006246505115645126,-0.06077663813443997,0.04369178412569492,0.011423261993863554,-68.50071747811049,False
1,stress,10056,fast_nmpc_0p5s,118.0,0.20973059508355063,0.04596837494779457,5.263839014693239,0.21182045350301945,0.046679554600452235,5.273264726311292,0.2159119083395943,-0.001887507324218718,-0.13565882812500002,0.1459119083395943,0.28591190833959435,-0.08,0.08,-0.00618131325604368,0.04785588227201329,5.3994978428182385,Solve_Succeeded,0.031056999985594302,False,3416.0750648363937,0.0,0.0,False,False,0.5,10,0.0,-6033.398677417745,-0.05573863022221513,0.797356296883841,0.13309060310161275,0.08603966853806952,0.06596681749559379,0.06596681749559379,0.045752448195205894,False,False,49651.17578125,3309.669242483622,11.216631541763368,0.0007632513293661717,4180.293373396826,0.9303608946512464,0.8454174308359381,1.2293875720674339,0.6485713174581409,0.6573352173100183,1.0,0.003974919790454923,0.001090421166685319,0.006246505115645126,-0.06077663813443997,0.04369178412569492,0.011423261993863554,-68.50071747811049,False
1,stress,10056,fast_nmpc_0p5s,118.5,0.20961990119266705,0.045847736363297815,5.286793039893928,0.20821592843763095,0.04455124063121386,5.285347627156943,0.2148918664303156,-0.0018729394531249999,-0.13659896362304685,0.1448918664303156,0.2848918664303156,-0.08,0.08,-0.005271965237648557,0.047720675816422815,5.423392003516974,Solve_Succeeded,0.02986887498991564,False,3422.3803324988985,0.0,0.0,False,False,0.5,10,0.0,-6824.826344440233,-0.06215992644114342,0.7993598014829447,0.15596682709670462,0.10999013942715795,0.08941522412001489,0.08941522412001489,0.046896813248842206,False,False,49510.15545654297,3298.6212854525365,11.179189473016363,0.0007804142610126955,4245.8056969083045,0.9303608946512464,0.8454174308359381,1.2293875720674339,0.6485713174581409,0.6573352173100183,1.0,0.003974919790454923,0.001090421166685319,0.006246505115645126,-0.06077663813443997,0.04369178412569492,0.011423261993863554,-68.50071747811049,False
1,stress,10056,fast_nmpc_0p5s,119.0,0.20945980409868292,0.04571128378789075,5.30968279107922,0.2094900423757256,0.04591258673440978,5.309375206790022,0.2138731451915853,-0.001858181152343763,-0.13753176757812502,0.14387314519158528,0.2838731451915853,-0.08,0.08,-0.0044133410929023675,0.047569464940234514,5.447214558657345,Solve_Succeeded,0.029825542005710304,False,3457.778914340816,0.0,0.0,False,False,0.5,10,0.0,-7635.0230226876265,-0.06854926160120463,0.8013493935505227,0.17941523370342144,0.13309060310161275,0.1126783037991956,0.1126783037991956,0.046526159358361435,False,False,49370.23486328125,3287.6685540618005,11.14207012863934,0.000797824760550364,4311.749983052373,0.9303608946512464,0.8454174308359381,1.2293875720674339,0.6485713174581409,0.6573352173100183,1.0,0.003974919790454923,0.001090421166685319,0.006246505115645126,-0.06077663813443997,0.04369178412569492,0.011423261993863554,-68.50071747811049,False
1,stress,10056,fast_nmpc_0p5s,119.5,0.20924787198925776,0.0455586429731637,5.332500267597264,0.20654156900536666,0.045658628255537057,5.333495069343058,0.21285600875751315,-0.0018432324218750074,-0.13845714477539062,0.14285600875751314,0.28285600875751316,-0.08,0.08,-0.0036081367682553878,0.047401875395038706,5.4709574123726545,Solve_Succeeded,0.0281466250307858,False,3487.343056287305,0.0,0.0,False,False,0.5,10,0.0,-8463.214102311853,-0.07489957021388,0.8033248241912663,0.20267831336754608,0.15596682709670462,0.1357353302096206,0.1357353302096206,0.046114052820850016,False,False,49231.42828369141,3276.811980043634,11.105276666318533,0.0008154804090741836,4378.109122104147,0.9303608946512464,0.8454174308359381,1.2293875720674339,0.6485713174581409,0.6573352173100183,1.0,0.003974919790454923,0.001090421166685319,0.006246505115645126,-0.06077663813443997,0.04369178412569492,0.011423261993863554,-68.50071747811049,False
1,stress,10056,fast_nmpc_0p5s,120.0,0.2089817529008865,0.04538945517360151,5.35523728554684,0.20454747174551297,0.04348472205973017,5.33700199644656,0.21184072126220888,-0.0018280932617187884,-0.13937500000000003,0.14184072126220887,0.2818407212622089,-0.08,0.08,-0.002858968361322378,0.0472175484353203,5.4946122855468404,Solve_Succeeded,0.028879333985969424,False,3483.719071206883,0.0,0.0,False,False,0.5,10,0.0,-9322.286653404677,-0.08132440123762799,0.8052858442230727,0.22573533962621514,0.17941523370342144,0.15900081980693695,0.15900081980693695,0.04653097919463267,False,False,49093.75,3266.0524937718724,11.068812239136545,0.000833378483573738,4444.865349403643,0.9303608946512464,0.8454174308359381,1.2293875720674339,0.6485713174581409,0.6573352173100183,1.0,0.003974919790454923,0.001090421166685319,0.006246505115645126,-0.06077663813443997,0.04369178412569492,0.011423261993863554,-68.50071747811049,False
1,stress,10056,fast_nmpc_0p5s,120.5,0.2086591078707413,0.04520310392604068,5.377885417222084,0.2122224909397528,0.04524974887600355,5.374014080739527,0.21082754683978214,-0.001812763671874995,-0.1402852380371094,0.14082754683978213,0.28082754683978217,-0.08,0.08,-0.0021684389690408423,0.04701586759791568,5.518170655259193,Solve_Succeeded,0.027889000019058585,False,3536.2353605796643,0.0,0.0,False,False,0.5,10,0.0,-10205.985067668855,-0.08776495146978056,0.807232204196456,0.24900082945458016,0.20267831336754608,0.1822650257870491,0.1822650257870491,0.04652841196022428,False,False,48957.214294433594,3255.391024271041,11.032679995603099,0.000851515948821437,4512.0002438066185,0.9303608946512464,0.8454174308359381,1.2293875720674339,0.6485713174581409,0.6573352173100183,1.0,0.003974919790454923,0.001090421166685319,0.006246505115645126,-0.06077663813443997,0.04369178412569492,0.011423261993863554,-68.50071747811049,False
1,stress,10056,fast_nmpc_0p5s,121.0,0.2082775798620921,0.04499909792103866,5.400435957970762,0.20703520408293172,0.04562405097625907,5.405959445045064,0.20981674962434263,-0.0017972436523437385,-0.14118776367187502,0.13981674962434262,0.27981674962434266,-0.08,0.08,-0.0015391697622505196,0.046796341573382395,5.541623721642637,Solve_Succeeded,0.03101149998838082,False,3578.735063472008,0.0,0.0,False,False,0.5,10,0.0,-11110.858038344824,-0.09418988525646227,0.8091636544141589,0.27226503512611194,0.22573533962621514,0.2054188803865843,0.2054188803865843,0.0463077091990704,False,False,48821.83544921875,3244.8284992253148,10.996883079685405,0.0008698894494283465,4579.494726762734,0.9303608946512464,0.8454174308359381,1.2293875720674339,0.6485713174581409,0.6573352173100183,1.0,0.003974919790454923,0.001090421166685319,0.006246505115645126,-0.06077663813443997,0.04369178412569492,0.011423261993863554,-68.50071747811049,False
1,stress,10056,fast_nmpc_0p5s,121.5,0.20783484138065814,0.044777014901049135,5.422879974746876,0.20844863111142561,0.04576252957793858,5.418157114946036,0.20880859375,-0.001781533203124963,-0.14208248168945314,0.13880859375,0.27880859375,-0.08,0.08,-0.000973752369341857,0.0465585481041741,5.564962456436329,Solve_Succeeded,0.030267416965216398,False,3595.8350004742165,0.0,0.0,False,False,0.5,10,0.0,-12042.452499941588,-0.10064544284658392,0.8110799449509581,0.2954188897862849,0.24900082945458016,0.22863219592919146,0.22863219592919146,0.04642663108521433,False,False,48687.62774658203,3234.365844987393,10.961424630838241,0.0008884953020906771,4647.329062036664,0.9303608946512464,0.8454174308359381,1.2293875720674339,0.6485713174581409,0.6573352173100183,1.0,0.003974919790454923,0.001090421166685319,0.006246505115645126,-0.06077663813443997,0.04369178412569492,0.011423261993863554,-68.50071747811049,False
1,stress,10056,fast_nmpc_0p5s,122.0,0.20732858070478005,0.04453632169532761,5.445208295645004,0.20848595494425542,0.04494090716023556,5.442852069296908,0.20780334335086403,-0.0017656323242187244,-0.14296929687499998,0.13780334335086403,0.27780334335086404,-0.08,0.08,-0.00047476264608398155,0.046301954019546336,5.588177592520004,Solve_Succeeded,0.030002707964740694,False,3622.9701656863413,0.0,0.0,False,False,0.5,10,0.0,-12999.84649028839,-0.10712173274012346,0.8129808256736674,0.31863220531721287,0.27226503512611194,0.25187261738711436,0.25187261738711436,0.04648084291584581,False,False,48554.60546875,3224.003986587259,10.926307784033632,0.0009073294880506574,4715.482856087147,0.9303608946512464,0.8454174308359381,1.2293875720674339,0.6485713174581409,0.6573352173100183,1.0,0.003974919790454923,0.001090421166685319,0.006246505115645126,-0.06077663813443997,0.04369178412569492,0.011423261993863554,-68.50071747811049,False
1,stress,10056,fast_nmpc_0p5s,122.5,0.20675647892018906,0.04427650360783977,5.46741148679011,0.20731068051428142,0.0435369480144848,5.4538879815990535,0.20680126256104436,-0.0017495410156250224,-0.14384811401367187,0.13680126256104436,0.27680126256104437,-0.08,0.08,-4.478364085530595e-05,0.046026044623464796,5.611259600803781,Solve_Succeeded,0.029818167036864907,False,3630.123871980337,0.0,0.0,False,False,0.5,10,0.0,-13980.619579055547,-0.11359730772149902,0.8148660462613366,0.341872626701177,0.2954188897862849,0.27506693025112033,0.27506693025112033,0.046388625728011945,False,False,48422.78289794922,3213.743847740855,10.89153566979025,0.000926387645796161,4783.935059118647,0.9303608946512464,0.8454174308359381,1.2293875720674339,0.6485713174581409,0.6573352173100183,1.0,0.003974919790454923,0.001090421166685319,0.006246505115645126,-0.06077663813443997,0.04369178412569492,0.011423261993863554,-68.50071747811049,False
1,stress,10056,fast_nmpc_0p5s,123.0,0.20611622664110582,0.0439970943818829,5.489479869066514,0.20621216043714183,0.04307751348111241,5.489162614804681,0.20580261551465062,-0.001733259277343746,-0.144718837890625,0.13580261551465062,0.27580261551465063,-0.08,0.08,0.00031361112645519884,0.04573035365922665,5.6341987069571395,Solve_Succeeded,0.030801874992903322,False,3673.1353209919466,0.0,0.0,False,False,0.5,10,0.0,-14986.682268105793,-0.12008691943352559,0.8167353562256445,0.3500000093066608,0.31863220531721287,0.2982713646198512,0.2982713646198512,0.04640886873746175,False,False,48292.17431640625,3203.5863508586476,10.857111414202452,0.0009456650640239551,4852.663966819232,0.9303608946512464,0.8454174308359381,1.2293875720674339,0.6485713174581409,0.6573352173100183,1.0,0.003974919790454923,0.001090421166685319,0.006246505115645126,-0.06077663813443997,0.04369178412569492,0.011423261993863554,-68.50071747811049,False
1,stress,10056,fast_nmpc_0p5s,123.5,0.20540552506969065,0.043697589578715,5.511403520682258,0.212733573249126,0.043486489098121694,5.516756915923048,0.20480766634579267,-0.0017167871093750064,-0.14558137329101561,0.13480766634579266,0.2748076663457927,-0.08,0.08,0.000597858723897976,0.04541437668809001,5.656984893973274,Solve_Succeeded,0.029031375015620142,False,3712.533957434351,0.0,0.0,False,False,0.5,10,0.0,-16018.375301063727,-0.12659216471982604,0.8185885049314899,0.35000000851899143,0.341872626701177,0.3214949669688563,0.3214949669688563,0.046447204698010225,False,False,48162.79400634766,3193.5324170541107,10.82303813896902,0.0009651566748920147,4921.647222797955,0.9303608946512464,0.8454174308359381,1.2293875720674339,0.6485713174581409,0.6573352173100183,1.0,0.003974919790454923,0.001090421166685319,0.006246505115645126,-0.06077663813443997,0.04369178412569492,0.011423261993863554,-68.50071747811049,False
1,stress,10056,fast_nmpc_0p5s,124.0,0.20462207438435004,0.043377477976946306,5.533172265927651,0.19422688259087076,0.04370248517462853,5.527460520126797,0.20381667918858004,-0.001700124511718748,-0.146435625,0.13381667918858003,0.27381667918858005,-0.08,0.08,0.0008053951957699979,0.045077602488665054,5.679607890927651,Solve_Succeeded,0.031005707976873964,False,3728.9506213960094,0.0,0.0,False,False,0.5,10,0.0,-16784.883090345757,-0.13083585756602922,0.8204252416177731,0.35000000923672525,0.3500000093066608,0.33667777903883656,0.33667777903883656,0.030365624139960468,False,False,48034.65624999999,3183.5829661521066,10.789318961421568,0.000984857047586814,4990.86182173415,0.9303608946512464,0.8454174308359381,1.2293875720674339,0.6485713174581409,0.6573352173100183,1.0,0.003974919790454923,0.001090421166685319,0.006246505115645126,-0.06077663813443997,0.04369178412569492,0.011423261993863554,-68.50071747811049,False
1,stress,10056,fast_nmpc_0p5s,124.5,0.20376497446237923,0.04304206436562398,5.55477712752207,0.1953964052046273,0.04329780915575111,5.555751199657909,0.2028299181771225,-0.0016832714843749708,-0.14728149780273436,0.1328299181771225,0.27282991817712254,-0.08,0.08,0.0009350562852567246,0.04472533584999895,5.7020586253248045,Solve_Succeeded,0.030851749994326383,False,3763.0078840024703,0.0,0.0,False,False,0.5,10,0.0,-17270.451518784434,-0.1327892245055072,0.8222453154183749,0.3500000092780567,0.35000000851899143,0.34377367821882426,0.34377367821882426,0.014191798359975416,False,False,47907.77532958985,3173.738916697176,10.755956994552639,0.0010047603822318921,5060.28411325017,0.9303608946512464,0.8454174308359381,1.2293875720674339,0.6485713174581409,0.6573352173100183,1.0,0.003974919790454923,0.001090421166685319,0.006246505115645126,-0.06077663813443997,0.04369178412569492,0.011423261993863554,-68.50071747811049,False
1,stress,10056,fast_nmpc_0p5s,125.0,0.20283600647339778,0.042696967715515594,5.576211859199758,0.20212025495177266,0.04282738882458497,5.568680514864008,0.2018476474455297,-0.0016662280273437857,-0.14811889648437498,0.13184764744552968,0.2718476474455297,-0.08,0.08,0.000988359027868091,0.04436319574285938,5.724330755684133,Solve_Succeeded,0.029545624973252416,False,3776.4322029041477,0.0,0.0,False,False,0.5,10,0.0,-17621.328589140634,-0.13365927234255745,0.8240484753833285,0.35000000939968084,0.35000000923672525,0.347090046340997,0.347090046340997,0.006632736244345461,False,False,47782.16552734375,3164.0011859617425,10.722955347043506,0.0010248605041644787,5129.889806518888,0.9303608946512464,0.8454174308359381,1.2293875720674339,0.6485713174581409,0.6573352173100183,1.0,0.003974919790454923,0.001090421166685319,0.006246505115645126,-0.06077663813443997,0.04369178412569492,0.011423261993863554,-68.50071747811049,False
1,stress,10056,fast_nmpc_0p5s,125.5,0.20183872123708177,0.04234488132525342,5.597472292814661,0.19947343864264422,0.044087297856979485,5.605167416629638,0.20087013112791136,-0.0016489941406250264,-0.14894772583007815,0.13087013112791135,0.27087013112791136,-0.08,0.08,0.0009685901091704141,0.04399387546587845,5.74642001864474,Solve_Succeeded,0.03758654202101752,False,3831.080841349574,0.0,0.0,False,False,0.5,10,0.0,-17907.00842553021,-0.13401213054053107,0.8258344705001837,0.35000000947189486,0.3500000092780567,0.3486399973945827,0.3486399973945827,0.0030999021071713706,False,False,47657.84112548828,3154.3706899542217,10.69031712329166,0.0010451508586071124,5199.65397561557,0.9303608946512464,0.8454174308359381,1.2293875720674339,0.6485713174581409,0.6573352173100183,1.0,0.003974919790454923,0.001090421166685319,0.006246505115645126,-0.06077663813443997,0.04369178412569492,0.011423261993863554,-68.50071747811049,False
1,stress,10056,fast_nmpc_0p5s,126.0,0.20077723979484208,0.04198710832771813,5.6185552593489305,0.2046405953406637,0.04193532942311021,5.6193293538665365,0.19989763335837718,-0.0016315698242187482,-0.149767890625,0.12989763335837717,0.2698976333583772,-0.08,0.08,0.000879606436464897,0.04361867815193688,5.768323149973931,Solve_Succeeded,0.02925537497503683,False,3839.016458059537,0.0,0.0,False,False,0.5,10,0.0,-18160.498370631067,-0.1341136369161671,0.8276030497155658,0.35000000945129717,0.35000000939968084,0.34936438876512055,0.34936438876512055,0.0014487827410757381,False,False,47534.81640625,3144.848343427045,10.658045423437997,0.0010656245057616325,5269.551065623918,0.9303608946512464,0.8454174308359381,1.2293875720674339,0.6485713174581409,0.6573352173100183,1.0,0.003974919790454923,0.001090421166685319,0.006246505115645126,-0.06077663813443997,0.04369178412569492,0.011423261993863554,-68.50071747811049,False
1,stress,10056,fast_nmpc_0p5s,126.5,0.19965571175849076,0.04162429162659427,5.639458076299223,0.20290809626028322,0.0419016675113292,5.633102596600998,0.19893041827103683,-0.0016139550781250067,-0.1505792956542969,0.12893041827103682,0.2689304182710368,-0.08,0.08,0.0007252934874539263,0.04323824670471928,5.79003737195352,Solve_Succeeded,0.0328515840228647,False,3857.4141171420983,0.0,0.0,False,False,0.5,10,0.0,-18397.461138651688,-0.13408889503477744,0.8293539619569262,0.35000000946014065,0.35000000947189486,0.3497029432434608,0.3497029432434608,0.0006771089566804944,False,False,47413.10565185547,3135.4350598845976,10.626143343393725,0.001086274116352978,5339.554899504518,0.9303608946512464,0.8454174308359381,1.2293875720674339,0.6485713174581409,0.6573352173100183,1.0,0.003974919790454923,0.001090421166685319,0.006246505115645126,-0.06077663813443997,0.04369178412569492,0.011423261993863554,-68.50071747811049,False
1,stress,10056,fast_nmpc_0p5s,127.0,0.19847808337479717,0.041256760880519064,5.660178304301359,0.19696951790447179,0.039940285926226435,5.669185107198992,0.19796875000000003,-0.0015961499023437464,-0.15138184570312502,0.12796875000000002,0.26796875000000003,-0.08,0.08,0.0005093333747971385,0.04285291078286281,5.8115601500044844,Solve_Succeeded,0.0330357079510577,False,3896.847947287327,0.0,0.0,False,False,0.5,10,0.0,-18625.31333485008,-0.1339970254904035,0.8310869561544854,0.3500000092347101,0.35000000945129717,0.3498611714036744,0.3498611714036744,0.0003164563204272053,False,False,47292.72314453125,3126.131751591069,10.594613974866968,0.0011070919676504176,5409.638685733411,0.9303608946512464,0.8454174308359381,1.2293875720674339,0.6485713174581409,0.6573352173100183,1.0,0.003974919790454923,0.001090421166685319,0.006246505115645126,-0.06077663813443997,0.04369178412569492,0.011423261993863554,-68.50071747811049,False
1,stress,10056,fast_nmpc_0p5s,127.5,0.19724801016076413,0.040884697464590836,5.680713631745302,0.19900602757823832,0.03927736613476693,5.6799575784435765,0.19701289267937644,-0.0015781542968750228,-0.15217544555664064,0.12701289267937643,0.26701289267937645,-0.08,0.08,0.00023511748138768662,0.04246285176146586,5.832889077301942,Solve_Succeeded,0.03012454102281481,False,3908.1967088482143,0.0,0.0,False,False,0.5,10,0.0,-18847.549566920214,-0.13386618832064448,0.832801781263368,0.35000000926502356,0.35000000946014065,0.34993512155237116,0.34993512155237116,0.00014790029739353283,False,False,47173.683166503906,3116.9393295782206,10.563460405389087,0.0011280699399938763,5479.775026717521,0.9303608946512464,0.8454174308359381,1.2293875720674339,0.6485713174581409,0.6573352173100183,1.0,0.003974919790454923,0.001090421166685319,0.006246505115645126,-0.06077663813443997,0.04369178412569492,0.011423261993863554,-68.50071747811049,False
1,stress,10056,fast_nmpc_0p5s,128.0,0.19596883589158104,0.040508212924877024,5.70106182024599,0.19892131915905295,0.04018489852034374,5.705607128449351,0.19606311044327573,-0.0015599682617187804,-0.15296000000000004,0.12606311044327573,0.26606311044327574,-0.08,0.08,-9.427455169469523e-05,0.042068181186595804,5.854021820245991,Solve_Succeeded,0.02863874996546656,False,3945.8926167814657,0.0,0.0,False,False,0.5,10,0.0,-19065.797330430494,-0.13370999387587895,0.8344981862859295,0.3500000093997533,0.3500000092347101,0.3499696830687139,0.3499696830687139,6.912303268546971e-05,False,False,47055.99999999999,3107.8587036530726,10.532685718340742,0.001149199513853004,5549.935927992909,0.9303608946512464,0.8454174308359381,1.2293875720674339,0.6485713174581409,0.6573352173100183,1.0,0.003974919790454923,0.001090421166685319,0.006246505115645126,-0.06077663813443997,0.04369178412569492,0.011423261993863554,-68.50071747811049,False
1,stress,10056,fast_nmpc_0p5s,128.5,0.1946436010139761,0.040127386323644085,5.721220679064966,0.19387356227715757,0.04007502801321363,5.723016600329958,0.1951196674258077,-0.0015415917968749637,-0.15373541381835942,0.12511966742580768,0.2651196674258077,-0.08,0.08,-0.0004760664118315938,0.04166897812051905,5.874956092883325,Solve_Succeeded,0.02849608298856765,False,3969.6750686672503,0.0,0.0,False,False,0.5,10,0.0,-19280.793570494738,-0.1335351950904701,0.8361759202942732,0.35000000934085146,0.35000000926502356,0.3499858358929725,0.3499858358929725,3.230564851719464e-05,False,False,46939.687927246094,3098.8907824055045,10.502292992977637,0.0011704717674465106,5620.0928082106875,0.9303608946512464,0.8454174308359381,1.2293875720674339,0.6485713174581409,0.6573352173100183,1.0,0.003974919790454923,0.001090421166685319,0.006246505115645126,-0.06077663813443997,0.04369178412569492,0.011423261993863554,-68.50071747811049,False
1,stress,10056,fast_nmpc_0p5s,129.0,0.1932750631558392,0.03974228204811275,5.741188053320888,0.1996537005204018,0.03938876607423746,5.7326376370342365,0.19418282776108192,-0.0015230249023436837,-0.154501591796875,0.12418282776108192,0.26418282776108193,-0.08,0.08,-0.0009077646052427224,0.04126530695045643,5.895689645117764,Solve_Succeeded,0.02933241700520739,False,3979.2341137069425,0.0,0.0,False,False,0.5,10,0.0,-19492.848835105928,-0.133345294862285,0.8378347324529601,0.3500000094288303,0.3500000093997533,0.3499933852130989,0.3499933852130989,1.509864025284191e-05,False,False,46824.76123046875,3090.036473215777,10.472285304456019,0.0011918773749491475,5690.216509914841,0.9303608946512464,0.8454174308359381,1.2293875720674339,0.6485713174581409,0.6573352173100183,1.0,0.003974919790454923,0.001090421166685319,0.006246505115645126,-0.06077663813443997,0.04369178412569492,0.011423261993863554,-68.50071747811049,False
1,stress,10056,fast_nmpc_0p5s,129.5,0.19186572169315244,0.03935295833392411,5.760961818783263,0.1941163630072445,0.036586087841109664,5.763760001378518,0.19325285558320815,-0.001504267578124996,-0.1552584387207031,0.12325285558320814,0.26325285558320816,-0.08,0.08,-0.0013871338900557084,0.04085722591204911,5.916220257503967,Solve_Succeeded,0.03311695798765868,False,4012.736996645758,0.0,0.0,False,False,0.5,10,0.0,-19702.06803517344,-0.133142239848003,0.8394743720419061,0.3500000088902787,0.35000000934085146,0.3499969134620874,0.3499969134620874,7.056497976942744e-06,False,False,46711.23419189453,3081.2966822619824,10.442665723857933,0.0012134066053133715,5760.27731111493,0.9303608946512464,0.8454174308359381,1.2293875720674339,0.6485713174581409,0.6573352173100183,1.0,0.003974919790454923,0.001090421166685319,0.006246505115645126,-0.06077663813443997,0.04369178412569492,0.011423261993863554,-68.50071747811049,False
1,stress,10056,fast_nmpc_0p5s,130.0,0.19041784272900547,0.03895947137261022,5.780539879823962,0.19194122982657325,0.03982133891247895,5.7824666955388695,0.19233001502629604,-0.0014853198242187893,-0.156005859375,0.12233001502629604,0.26233001502629605,-0.08,0.08,-0.0019121722972905708,0.04044479119682901,5.936545739198962,Solve_Succeeded,0.02954591700108722,False,4048.8709825232463,0.0,0.0,False,False,0.5,10,0.0,-19908.4555919991,-0.1329272175651625,0.8410945884794722,0.35000000941248555,0.3500000094288303,0.34999856248546635,0.34999856248546635,3.2980467579157846e-06,False,False,46599.12109375,3072.6723145274013,10.413437318216143,0.0012350493217324393,5830.244937655924,0.9303608946512464,0.8454174308359381,1.2293875720674339,0.6485713174581409,0.6573352173100183,1.0,0.003974919790454923,0.001090421166685319,0.006246505115645126,-0.06077663813443997,0.04369178412569492,0.011423261993863554,-68.50071747811049,False
1,stress,10056,fast_nmpc_0p5s,130.5,0.1889334829084449,0.038561877315984136,5.799920168896712,0.18765198493187732,0.03848256013545115,5.814156346021213,0.1914145702244553,-0.0014661816406250083,-0.1567437585449219,0.12141457022445529,0.2614145702244553,-0.08,0.08,-0.0024810873160104052,0.040028058956609144,5.9566639274416335,Solve_Succeeded,0.02923729200847447,False,4088.009180092147,0.0,0.0,False,False,0.5,10,0.0,-20111.96560774131,-0.1327010327284616,0.8426951313457428,0.3500000092170959,0.3500000088902787,0.3499993328927572,0.3499993328927572,1.5408145817019658e-06,False,False,46488.43621826172,3064.164273807798,10.384603150538863,0.0012567949817711972,5900.088576386643,0.9303608946512464,0.8454174308359381,1.2293875720674339,0.6485713174581409,0.6573352173100183,1.0,0.003974919790454923,0.001090421166685319,0.006246505115645126,-0.06077663813443997,0.04369178412569492,0.011423261993863554,-68.50071747811049,False
1,stress,10056,fast_nmpc_0p5s,131.0,0.18741451145979046,0.038160233277288,5.8191006467679545,0.18602834830463347,0.038089532184919755,5.819495979252029,0.19050678531179568,-0.001446853027343764,-0.157472041015625,0.12050678531179568,0.2605067853117957,-0.08,0.08,-0.003092273852005223,0.039607086304631764,5.976572687783579,Solve_Succeeded,0.02883804199518636,False,4094.82616664509,0.0,0.0,False,False,0.5,10,0.0,-20312.52603931402,-0.1324642869944657,0.844275750405994,0.3500000091654928,0.35000000941248555,0.3499996932315273,0.3499996932315273,7.206775402002208e-07,False,False,46379.19384765625,3055.7734627186314,10.356166279834195,0.0012786326381902188,5969.776889126756,0.9303608946512464,0.8454174308359381,1.2293875720674339,0.6485713174581409,0.6573352173100183,1.0,0.003974919790454923,0.001090421166685319,0.006246505115645126,-0.06077663813443997,0.04369178412569492,0.011423261993863554,-68.50071747811049,False
1,stress,10056,fast_nmpc_0p5s,131.5,0.18586263029751265,0.03775459784915476,5.83807930312746,0.17982510856910663,0.037216531542033165,5.843897157806299,0.18960692442242677,-0.001427333984375001,-0.15819061157226566,0.11960692442242676,0.2596069244224268,-0.08,0.08,-0.003744294124914116,0.03918193183352976,5.996269914699726,Solve_Succeeded,0.028836167010013014,False,4130.032615929328,0.0,0.0,False,False,0.5,10,0.0,-20510.050295048368,-0.13221746486034183,0.8458361956343506,0.35000000864047415,0.3500000092170959,0.3499998615368204,0.3499998615368204,3.3661058618239537e-07,False,False,46271.408264160156,3047.5007827021896,10.328129761134306,0.0013005509404884034,6039.278027432099,0.9303608946512464,0.8454174308359381,1.2293875720674339,0.6485713174581409,0.6573352173100183,1.0,0.003974919790454923,0.001090421166685319,0.006246505115645126,-0.06077663813443997,0.04369178412569492,0.011423261993863554,-68.50071747811049,False
1,stress,10056,fast_nmpc_0p5s,132.0,0.18427939222046244,0.03734503138997049,5.8568541573999875,0.18851239250289897,0.0384228599209173,5.8571418123783845,0.18871525169045833,-0.0014076245117187192,-0.158899375,0.11871525169045832,0.25871525169045834,-0.08,0.08,-0.00443585946999589,0.038752655901689206,6.015753532399987,Solve_Succeeded,0.028931458946317434,False,4145.412766087321,0.0,0.0,False,False,0.5,10,0.0,-20704.4431287784,-0.13196097719773928,0.8473762172376315,0.3500000093912584,0.3500000091654928,0.3499999401691677,0.3499999401691677,1.5726469460020098e-07,False,False,46165.09375,3039.3471340346637,10.300496645519406,0.0013225381371882814,6108.559648156556,0.9303608946512464,0.8454174308359381,1.2293875720674339,0.6485713174581409,0.6573352173100183,1.0,0.003974919790454923,0.001090421166685319,0.006246505115645126,-0.06077663813443997,0.04369178412569492,0.011423261993863554,-68.50071747811049,False
1,stress,10056,fast_nmpc_0p5s,132.5,0.18266621732169158,0.03693159619269316,5.875423259670722,0.18344096690430164,0.036524575437360055,5.8820828347485685,0.18783203125000003,-0.001387724609374974,-0.15959823608398438,0.11783203125000002,0.25783203125000004,-0.08,0.08,-0.005165813928308449,0.03831932080206813,6.035021495754706,Solve_Succeeded,0.029474582988768816,False,4175.9936048303025,0.0,0.0,False,False,0.5,10,0.0,-20895.603574652512,-0.13169518312116885,0.8488955656793845,0.350000008955091,0.35000000864047415,0.3499999766394513,0.3499999766394513,7.294056725282161e-08,False,False,46060.264587402344,3031.31341583313,10.273269980141405,0.0013445820788874907,6177.588929808037,0.9303608946512464,0.8454174308359381,1.2293875720674339,0.6485713174581409,0.6573352173100183,1.0,0.003974919790454923,0.001090421166685319,0.006246505115645126,-0.06077663813443997,0.04369178412569492,0.011423261993863554,-68.50071747811049,False
1,stress,10056,fast_nmpc_0p5s,133.0,0.18102440775476666,0.03651435659530107,5.8937846916804935,0.17867949346167408,0.03840446203774221,5.9070975650119415,0.1869575272351615,-0.0013676342773437655,-0.16028709960937498,0.11695752723516151,0.2569575272351615,-0.08,0.08,-0.0059331194803948495,0.037881990872644836,6.054071791289869,Solve_Succeeded,0.03194991697091609,False,4217.751961164313,0.0,0.0,False,False,0.5,10,0.0,-21083.42665666049,-0.13142040272616445,0.850393991704108,0.3500000092470912,0.3500000093912584,0.3499999940842432,0.3499999940842432,3.488958377761975e-08,False,False,45956.93505859375,3023.4005260624763,10.246452808247394,0.0013666702220988885,6246.33258969522,0.9303608946512464,0.8454174308359381,1.2293875720674339,0.6485713174581409,0.6573352173100183,1.0,0.003974919790454923,0.001090421166685319,0.006246505115645126,-0.06077663813443997,0.04369178412569492,0.011423261993863554,-68.50071747811049,False
1,stress,10056,fast_nmpc_0p5s,133.5,0.17935516100604165,0.036093379057357496,5.911936567867728,0.18547892283959436,0.03379034703173829,5.915059530234645,0.1860920037800526,-0.0013473535156250382,-0.16096587036132814,0.1160920037800526,0.2560920037800526,-0.08,0.08,-0.006736842774010959,0.037440732572982534,6.072902438229056,Solve_Succeeded,0.03034320898586884,False,4213.792976147061,0.0,0.0,False,False,0.5,10,0.0,-21267.804154893784,-0.13113692314585657,0.8518712463616613,0.3500000077624725,0.350000008955091,0.35000000200499226,0.35,1.1831513546667338e-08,False,False,45855.11944580078,3015.6093615422524,10.22004816920285,0.0013887896339006718,6314.756901860515,0.9303608946512464,0.8454174308359381,1.2293875720674339,0.6485713174581409,0.6573352173100183,1.0,0.003974919790454923,0.001090421166685319,0.006246505115645126,-0.06077663813443997,0.04369178412569492,0.011423261993863554,-68.50071747811049,False
1,stress,10056,fast_nmpc_0p5s,134.0,0.17765958181701802,0.035668732221535444,5.929877036444895,0.17437638641066217,0.0352620247898492,5.934185582665099,0.18523572501878288,-0.0013268823242187366,-0.16163445312500002,0.11523572501878288,0.2552357250187829,-0.08,0.08,-0.007576143201764862,0.03699561454575418,6.091511489569895,Solve_Succeeded,0.030176458007190377,False,4251.531596380482,0.0,0.0,False,False,0.5,10,0.0,-21448.62562375047,-0.1308450057463835,0.8533270810318607,0.3500000071250661,0.3500000092470912,0.35000000586239494,0.35,0.0,False,False,45754.83203125,3007.9408179534475,10.194059098514616,0.0014109269974167695,6382.82771579417,0.9303608946512464,0.8454174308359381,1.2293875720674339,0.6485713174581409,0.6573352173100183,1.0,0.003974919790454923,0.001090421166685319,0.006246505115645126,-0.06077663813443997,0.04369178412569492,0.011423261993863554,-68.50071747811049,False
1,stress,10056,fast_nmpc_0p5s,134.5,0.17593869288906813,0.03524048695504256,5.947604280500675,0.1761360933752571,0.03398114428913129,5.950756119061492,0.1843889550854621,-0.0013062207031249717,-0.16229275268554688,0.1143889550854621,0.2543889550854621,-0.08,0.08,-0.00845026219639397,0.03654670765816753,6.109897033186222,Solve_Succeeded,0.03036162501666695,False,4270.270792459643,0.0,0.0,False,False,0.5,10,0.0,-21625.778877928617,-0.1305448896309378,0.8547612474492646,0.35000000511808727,0.3500000077624725,0.35000000687444466,0.35,0.0,False,False,45656.087097167976,3000.3957898452063,10.168488627853662,0.001433068618146381,6450.510475923167,0.9303608946512464,0.8454174308359381,1.2293875720674339,0.6485713174581409,0.6573352173100183,1.0,0.003974919790454923,0.001090421166685319,0.006246505115645126,-0.06077663813443997,0.04369178412569492,0.011423261993863554,-68.50071747811049,False
1,stress,10056,fast_nmpc_0p5s,135.0,0.17419344449040364,0.034808716381571146,5.9651165191204445,0.17263269451699864,0.03644195882959674,5.97851911229929,0.1835519581141999,-0.0012853686523437435,-0.162940673828125,0.11355195811419988,0.2535519581141999,-0.08,0.08,-0.00935851362379625,0.03609408503391489,6.128057192948569,Solve_Succeeded,0.02991649997420609,False,4314.033413730918,0.0,0.0,False,False,0.5,10,0.0,-21799.15005515264,-0.13023679237727212,0.856173497728144,0.35000000880416127,0.3500000071250661,0.35000000700793465,0.35,0.0,False,False,45558.89892578125,2992.97517064147,10.143339785077583,0.0014552004311602204,6517.770241867892,0.9303608946512464,0.8454174308359381,1.2293875720674339,0.6485713174581409,0.6573352173100183,1.0,0.003974919790454923,0.001090421166685319,0.006246505115645126,-0.06077663813443997,0.04369178412569492,0.011423261993863554,-68.50071747811049,False
1,stress,10056,fast_nmpc_0p5s,135.5,0.17242472307718917,0.034373495912219346,5.9824120085224655,0.17506777318271666,0.03362479026687079,5.97513461949246,0.18272499823910593,-0.0012643261718749965,-0.16357812133789063,0.11272499823910592,0.25272499823910594,-0.08,0.08,-0.010300275161916755,0.03563782208409434,6.1459901298603565,Solve_Succeeded,0.02915575000224635,False,4302.876277811459,0.0,0.0,False,False,0.5,10,0.0,-21968.624244522074,-0.12992091407347145,0.8575635843876396,0.35000000556361316,0.35000000511808727,0.35000000600133385,0.35,0.0,False,False,45463.281799316406,2985.6798526475577,10.118615594252912,0.0014773080091794119,6584.571709458392,0.9303608946512464,0.8454174308359381,1.2293875720674339,0.6485713174581409,0.6573352173100183,1.0,0.003974919790454923,0.001090421166685319,0.006246505115645126,-0.06077663813443997,0.04369178412569492,0.011423261993863554,-68.50071747811049,False
1,stress,10056,fast_nmpc_0p5s,136.0,0.1706333590282762,0.03393490326405334,5.999489043206427,0.17491854595370412,0.03389151985707264,5.998788278412751,0.18190833959429,-0.0012430932617187862,-0.164205,0.11190833959429,0.25190833959429004,-0.08,0.08,-0.01127498056601381,0.03517799652577212,6.163694043206427,Solve_Succeeded,0.0295263750012964,False,4334.8778864639025,0.0,0.0,False,False,0.5,10,0.0,-22134.0858228889,-0.12959743938334792,0.8589312603771045,0.350000007031388,0.35000000880416127,0.35000000749422067,0.35,0.0,False,False,45369.25,2978.5107270566778,10.094319075677182,0.0014993765715515174,6650.879232501718,0.9303608946512464,0.8454174308359381,1.2293875720674339,0.6485713174581409,0.6573352173100183,1.0,0.003974919790454923,0.001090421166685319,0.006246505115645126,-0.06077663813443997,0.04369178412569492,0.011423261993863554,-68.50071747811049,False
1,stress,10056,fast_nmpc_0p5s,136.5,0.16882013358144102,0.03349301847213495,6.016345957109619,0.17058702703670187,0.032714191990695696,6.013769853185104,0.1811022463138618,-0.0012216699218750016,-0.1648212145996094,0.11110224631386179,0.2511022463138618,-0.08,0.08,-0.012282112732420775,0.03471468839400995,6.1811671717092285,Solve_Succeeded,0.031035459018312395,False,4359.174766625468,0.0,0.0,False,False,0.5,10,0.0,-22295.418777226227,-0.1292665393971624,0.8602762791016343,0.261759604058056,0.35000000556361316,0.35000000646590956,0.35,0.0,False,False,45276.817810058594,2971.468683956373,10.07045324590077,0.001521390994136218,6716.656845290081,0.9303608946512464,0.8454174308359381,1.2293875720674339,0.6485713174581409,0.6573352173100183,1.0,0.003974919790454923,0.001090421166685319,0.006246505115645126,-0.06077663813443997,0.04369178412569492,0.011423261993863554,-68.50071747811049,False
1,stress,10056,fast_nmpc_0p5s,137.0,0.16698578505127415,0.033047923895280565,6.032981124767534,0.1636347402613323,0.03310348481167695,6.033905327014974,0.18030698253193092,-0.0012000561523436981,-0.165426669921875,0.11030698253193091,0.25030698253193095,-0.08,0.08,-0.013321197480656771,0.03424798004762426,6.198407794689409,Solve_Succeeded,0.030791166005656123,False,4395.897127588122,0.0,0.0,False,False,0.5,10,0.0,-22452.507013975828,-0.12892837328949666,0.86159839444778,0.25999999235977345,0.350000007031388,0.35000000676710374,0.35,0.0,False,False,45185.99951171875,2964.5546123349086,10.047021117748553,0.001543335820111561,6781.868285839718,0.9303608946512464,0.8454174308359381,1.2293875720674339,0.6485713174581409,0.6573352173100183,1.0,0.003974919790454923,0.001090421166685319,0.006246505115645126,-0.06077663813443997,0.04369178412569492,0.011423261993863554,-68.50071747811049,False
1,stress,10056,fast_nmpc_0p5s,137.5,0.16513101440064082,0.03259970421579875,6.049392962475833,0.16208308901702967,0.03323430372080415,6.058729942954271,0.1795228123826071,-0.0011782519531250424,-0.1660212707519531,0.10952281238260708,0.2495228123826071,-0.08,0.08,-0.01439179798196627,0.03377795616892379,6.215414233227786,Solve_Succeeded,0.02981762500712648,False,4431.497901036324,0.0,0.0,False,False,0.5,10,0.0,-20158.363758526568,-0.1146224945714211,0.862897360809448,0.2599999934093476,0.261759604058056,0.30299999057929977,0.30299999057929977,-0.09400001884140041,False,False,45096.80938720703,2957.7694000875917,10.024025700341314,0.0015651952717095283,6846.477019848599,0.9303608946512464,0.8454174308359381,1.2293875720674339,0.6485713174581409,0.6573352173100183,1.0,0.003974919790454923,0.001090421166685319,0.006246505115645126,-0.06077663813443997,0.04369178412569492,0.011423261993863554,-68.50071747811049,False
1,stress,10056,fast_nmpc_0p5s,138.0,0.16326828783118322,0.03219738004467645,6.065592163307311,0.16322257304774507,0.033025830884621056,6.0685677016110615,0.17875000000000002,-0.0011562573242187568,-0.16660492187500003,0.10875000000000001,0.24875000000000003,-0.08,0.08,-0.015481712168816802,0.033353637368895205,6.232197085182311,Solve_Succeeded,0.0293844579719007,False,4442.2108521306645,0.0,0.0,False,False,0.5,10,0.0,-19075.369950818946,-0.1074396357220779,0.8641729331139841,0.21300003021528374,0.25999999235977345,0.28009664301574594,0.28009664301574594,-0.045806695127107666,False,False,45009.26171875,2951.1139340230284,10.001469999116953,0.001586953262887778,6910.446265360971,0.9303608946512464,0.8454174308359381,1.2293875720674339,0.6485713174581409,0.6573352173100183,1.0,0.003974919790454923,0.001090421166685319,0.006246505115645126,-0.06077663813443997,0.04369178412569492,0.011423261993863554,-68.50071747811049,False
1,stress,10056,fast_nmpc_0p5s,138.5,0.161414323444059,0.03181671984333928,6.081595617763452,0.15343154368633405,0.03233925567342404,6.0863820045082235,0.1779888095182194,-0.0011340722656249524,-0.16717752807617187,0.1079888095182194,0.24798880951821942,-0.08,0.08,-0.0165744860741604,0.03295079210896423,6.248773145839624,Solve_Succeeded,0.02899187500588596,False,4482.978432552301,0.0,0.0,False,False,0.5,10,0.0,-18612.52875199423,-0.10387198219141087,0.8654248668484424,0.19009663382721884,0.2599999934093476,0.2693924437167496,0.2693924437167496,-0.021408398597992706,False,False,44923.37078857422,2944.589099869325,9.979357015851507,0.0016085934129421574,6973.739018125565,0.9303608946512464,0.8454174308359381,1.2293875720674339,0.6485713174581409,0.6573352173100183,1.0,0.003974919790454923,0.001090421166685319,0.006246505115645126,-0.06077663813443997,0.04369178412569492,0.011423261993863554,-68.50071747811049,False
1,stress,10056,fast_nmpc_0p5s,139.0,0.15957547518687332,0.03144531702928838,6.097411056437319,0.15983728488955357,0.031771995806213746,6.090888320777157,0.17723950507137493,-0.0011116967773437958,-0.167738994140625,0.10723950507137492,0.24723950507137493,-0.08,0.08,-0.01766402988450161,0.032557013806632173,6.265150050577944,Solve_Succeeded,0.029078082996420562,False,4476.340339175865,0.0,0.0,False,False,0.5,10,0.0,-17096.240981886756,-0.09453042013446934,0.8666529180860374,0.17939243480166786,0.21300003021528374,0.2393558134876531,0.2393558134876531,-0.060073260458192945,False,False,44839.15087890625,2938.19578228022,9.957689748679924,0.0016300990610623547,7036.318077633567,0.9303608946512464,0.8454174308359381,1.2293875720674339,0.6485713174581409,0.6573352173100183,1.0,0.003974919790454923,0.001090421166685319,0.006246505115645126,-0.06077663813443997,0.04369178412569492,0.011423261993863554,-68.50071747811049,False
1,stress,10056,fast_nmpc_0p5s,139.5,0.15775963061391995,0.031104237325311757,6.113048374779377,0.15808650893892667,0.03080263229484394,6.119796682375643,0.1765023507935763,-0.0010891308593750093,-0.16828922485351566,0.10650235079357628,0.2465023507935763,-0.08,0.08,-0.018742720179656336,0.032193368184686766,6.281337599632893,Solve_Succeeded,0.02898533397819847,False,4518.98007309313,0.0,0.0,False,False,0.5,10,0.0,-15750.957277556316,-0.08630365633603054,0.867856843512781,0.14935580404899684,0.19009663382721884,0.2131186004836267,0.2131186004836267,-0.0524744260080528,False,False,44756.616271972656,2931.934864841167,9.93647119211668,0.0016514532818306994,7098.146073821727,0.9303608946512464,0.8454174308359381,1.2293875720674339,0.6485713174581409,0.6573352173100183,1.0,0.003974919790454923,0.001090421166685319,0.006246505115645126,-0.06077663813443997,0.04369178412569492,0.011423261993863554,-68.50071747811049,False
1,stress,10056,fast_nmpc_0p5s,140.0,0.15597792546902164,0.030790054982524104,6.12852187836306,0.1527452897448416,0.031583592160462026,6.136174922596041,0.17577761081893314,-0.0010663745117187595,-0.168828125,0.10577761081893314,0.24577761081893315,-0.08,0.08,-0.0197996853499115,0.03185642949424286,6.29735000336306,Solve_Succeeded,0.028951624990440905,False,4549.813249192191,0.0,0.0,False,False,0.5,10,0.0,-14829.165226847665,-0.08053827601564906,0.8690364004543025,0.12311859134975477,0.17939243480166786,0.195154830097954,0.195154830097954,-0.03592754077134541,False,False,44675.78125,2925.80723007535,9.91570433707618,0.001672638901661661,7159.1854944252045,0.9303608946512464,0.8454174308359381,1.2293875720674339,0.6485713174581409,0.6573352173100183,1.0,0.003974919790454923,0.001090421166685319,0.006246505115645126,-0.06077663813443997,0.04369178412569492,0.011423261993863554,-68.50071747811049,False
1,stress,10056,fast_nmpc_0p5s,140.5,0.1542374963354627,0.03049429611186499,6.143842897704744,0.15791578024392297,0.030290541023156547,6.1410229480755,0.1750655492815552,-0.001043427734374991,-0.16935559936523442,0.1050655492815552,0.24506554928155522,-0.08,0.08,-0.020828052946092523,0.031537723846239984,6.313198497069978,Solve_Succeeded,0.028882250015158206,False,4546.633807055833,0.0,0.0,False,False,0.5,10,0.0,-13530.932350717596,-0.07284211006785025,0.8701913469028518,0.10515482065458338,0.14935580404899684,0.1707606195141221,0.1707606195141221,-0.0487884211676638,False,False,44596.660095214844,2919.813759449646,9.895392170892935,0.0016936385161770706,7219.398712963961,0.9303608946512464,0.8454174308359381,1.2293875720674339,0.6485713174581409,0.6573352173100183,1.0,0.003974919790454923,0.001090421166685319,0.006246505115645126,-0.06077663813443997,0.04369178412569492,0.011423261993863554,-68.50071747811049,False
1,stress,10056,fast_nmpc_0p5s,141.0,0.15254458141777805,0.03022448637585716,6.159022526238436,0.15246517000927237,0.028684683744179554,6.155532168835097,0.17436643031555224,-0.0010202905273437035,-0.169871552734375,0.10436643031555223,0.24436643031555225,-0.08,0.08,-0.021821848897774193,0.031244776903200863,6.328894078972811,Solve_Succeeded,0.029672875010874122,False,4578.524137876331,0.0,0.0,False,False,0.5,10,0.0,-12151.263118528675,-0.06484396838113662,0.8713214415444862,0.08076060981970863,0.12311859134975477,0.14538475963360636,0.14538475963360636,-0.05075171976103149,False,False,44519.26708984375,2913.9553333805284,9.875537677341596,0.0017144345085094567,7278.748017345888,0.9303608946512464,0.8454174308359381,1.2293875720674339,0.6485713174581409,0.6573352173100183,1.0,0.003974919790454923,0.001090421166685319,0.006246505115645126,-0.06077663813443997,0.04369178412569492,0.011423261993863554,-68.50071747811049,False
1,stress,10056,fast_nmpc_0p5s,141.5,0.1509069097652583,0.029982250353759614,6.174074145022393,0.15559171449871995,0.030343615977557525,6.177741024783138,0.17368051805503382,-0.0009969628906250083,-0.17037588989257813,0.10368051805503381,0.24368051805503382,-0.08,0.08,-0.02277360828977551,0.030979213244384622,6.3444500349149715,Solve_Succeeded,0.028983832977246493,False,4599.764259613693,0.0,0.0,False,False,0.5,10,0.0,-10967.60230285557,-0.05802573307597318,0.8724264437864387,0.055384750407791096,0.10515482065458338,0.12395684537665373,0.12395684537665373,-0.042855828513905264,False,False,44443.61651611328,2908.2328312399127,9.856143836656756,0.0017350090685231715,7337.195639068908,0.9303608946512464,0.8454174308359381,1.2293875720674339,0.6485713174581409,0.6573352173100183,1.0,0.003974919790454923,0.001090421166685319,0.006246505115645126,-0.06077663813443997,0.04369178412569492,0.011423261993863554,-68.50071747811049,False
1,stress,10056,fast_nmpc_0p5s,142.0,0.14933083682419945,0.029763664128148393,6.189010560230569,0.1473057187647248,0.02894677512280002,6.183941841980875,0.17300807663410972,-0.0009734448242187388,-0.170868515625,0.10300807663410971,0.24300807663410973,-0.08,0.08,-0.023677239809910267,0.030737108952367132,6.359879075855569,Solve_Succeeded,0.029788165993522853,False,4625.815559090911,0.0,0.0,False,False,0.5,10,0.0,-9672.270470306825,-0.0507318841942138,0.87350611378467,0.033956836371537215,0.08076060981970863,0.10094897474031037,0.10094897474031037,-0.04601574127268673,False,False,44369.72265625,2902.64713136095,9.837213625552586,0.0017553442129402703,7394.703783003961,0.9303608946512464,0.8454174308359381,1.2293875720674339,0.6485713174581409,0.6573352173100183,1.0,0.003974919790454923,0.001090421166685319,0.006246505115645126,-0.06077663813443997,0.04369178412569492,0.011423261993863554,-68.50071747811049,False
1,stress,10056,fast_nmpc_0p5s,142.5,0.14782168178798047,0.0295709580344605,6.203844154605912,0.14148294158458763,0.030625975707960034,6.199914047499724,0.17234937018688956,-0.000949736328125006,-0.17134933471679686,0.10234937018688955,0.24234937018688957,-0.08,0.08,-0.024527688398909092,0.030520694362585504,6.375193489322709,Solve_Succeeded,0.02971125004114583,False,4656.963808066554,0.0,0.0,False,False,0.5,10,0.0,-8281.984988389402,-0.043058532453976034,0.8745602124716015,0.01094896535714179,0.055384750407791096,0.07667982800631029,0.07667982800631029,-0.04853829346800015,False,False,44297.59979248047,2897.199111043762,9.818750017242264,0.001775421806355176,7451.2346577396165,0.9303608946512464,0.8454174308359381,1.2293875720674339,0.6485713174581409,0.6573352173100183,1.0,0.003974919790454923,0.001090421166685319,0.006246505115645126,-0.06077663813443997,0.04369178412569492,0.011423261993863554,-68.50071747811049,False
1,stress,10056,fast_nmpc_0p5s,143.0,0.14638518514180407,0.0294060277914792,6.2185883424260595,0.1505351869062298,0.028620751895074657,6.227773437151263,0.1717046628474831,-0.0009258374023437543,-0.171818251953125,0.10170466284748308,0.2417046628474831,-0.08,0.08,-0.025319477705679022,0.030331865193822954,6.390406594379185,Solve_Succeeded,0.030279665952548385,False,4678.093422687825,0.0,0.0,False,False,0.5,10,0.0,-6956.486075239834,-0.035842662921287224,0.8755885015840311,-0.013320181563604526,0.033956836371537215,0.05392402412533073,0.05392402412533073,-0.045511607761959116,False,False,44227.26220703125,2891.8896465611238,9.800755981457243,0.0017952235831194042,7506.750506468909,0.9303608946512464,0.8454174308359381,1.2293875720674339,0.6485713174581409,0.6573352173100183,1.0,0.003974919790454923,0.001090421166685319,0.006246505115645126,-0.06077663813443997,0.04369178412569492,0.011423261993863554,-68.50071747811049,False
1,stress,10056,fast_nmpc_0p5s,143.5,0.14502661677724757,0.029267574385244223,6.233256687128976,0.13918863093717143,0.02973776551737116,6.229531962744391,0.17107421875,-0.0009017480468749839,-0.17227517211914062,0.10107421875,0.24107421875,-0.08,0.08,-0.026047601972752438,0.030169322432119207,6.405531859248116,Solve_Succeeded,0.029659542022272944,False,4702.704409573112,0.0,0.0,False,False,0.5,10,0.0,-5602.707105680975,-0.02859063999215091,0.8765907436912289,-0.03607598532232583,0.01094896535714179,0.03103396021167632,0.03103396021167632,-0.04578012782730882,False,False,44158.724182128906,2886.719613164095,9.783234484466332,0.0018147311700745384,7561.213638397847,0.9303608946512464,0.8454174308359381,1.2293875720674339,0.6485713174581409,0.6573352173100183,1.0,0.003974919790454923,0.001090421166685319,0.006246505115645126,-0.06077663813443997,0.04369178412569492,0.011423261993863554,-68.50071747811049,False
1,stress,10056,fast_nmpc_0p5s,144.0,0.14375053139384572,0.029156160518520085,6.247862568049166,0.14276650978001776,0.03069015825910973,6.24318148312099,0.17045830202855,-0.0008774682617187501,-0.17271999999999998,0.10045830202855,0.24045830202855,-0.08,0.08,-0.02670777063470428,0.030033628780238835,6.420582568049166,Solve_Succeeded,0.028929708001669496,False,4710.724468349235,0.0,0.0,False,False,0.5,10,0.0,-4186.027898935908,-0.021122736783773875,0.8775667022232162,-0.05896604874581962,-0.013320181563604526,0.007409347025039061,0.007409347025039061,-0.04724922637327452,False,False,44092.0,2881.6898850875914,9.766188489094581,0.0018339261101087772,7614.586460654588,0.9303608946512464,0.8454174308359381,1.2293875720674339,0.6485713174581409,0.6573352173100183,1.0,0.003974919790454923,0.001090421166685319,0.006246505115645126,-0.06077663813443997,0.04369178412569492,0.011423261993863554,-68.50071747811049,False
1,stress,10056,fast_nmpc_0p5s,144.5,0.1425614426089045,0.02907304131098126,6.262419818977878,0.15093693981215386,0.027847076644317265,6.263156508611996,0.1698571768172427,-0.0008529980468749976,-0.17315264038085937,0.09985717681724268,0.2398571768172427,-0.08,0.08,-0.027295734208338196,0.029926039357856257,6.435572459358737,Solve_Succeeded,0.029533584020100534,False,4724.6512985134505,0.0,0.0,False,False,0.5,10,0.0,-2777.44312997171,-0.013802059278419841,0.8785161414992242,-0.08259066249152337,-0.03607598532232583,-0.015752506972807917,-0.015752506972807917,-0.046323707995693957,False,False,44027.103942871094,2876.8013355559106,9.749620954742001,0.0018527898865093155,7666.8315106777345,0.9303608946512464,0.8454174308359381,1.2293875720674339,0.6485713174581409,0.6573352173100183,1.0,0.003974919790454923,0.001090421166685319,0.006246505115645126,-0.06077663813443997,0.04369178412569492,0.011423261993863554,-68.50071747811049,False
1,stress,10056,fast_nmpc_0p5s,145.0,0.14146364583565574,0.029018052019226102,6.276942546293395,0.1451087516577653,0.028752179088242215,6.2755198350804156,0.16927110725018785,-0.0008283374023437817,-0.17357299804687498,0.09927110725018784,0.23927110725018785,-0.08,0.08,-0.02780746141453211,0.029846389421569884,6.45051554434027,Solve_Succeeded,0.028959459043107927,False,4751.600049302825,0.0,0.0,False,False,0.5,10,0.0,-1359.577296949712,-0.006534498219769513,0.8794388267563331,-0.10575251631787451,-0.05896604874581962,-0.038769595523058156,-0.038769595523058156,-0.04603417710050048,False,False,43964.05029296875,2872.054836788207,9.733534837402127,0.0018713039480797798,7717.911489061254,0.9303608946512464,0.8454174308359381,1.2293875720674339,0.6485713174581409,0.6573352173100183,1.0,0.003974919790454923,0.001090421166685319,0.006246505115645126,-0.06077663813443997,0.04369178412569492,0.011423261993863554,-68.50071747811049,False
1,stress,10056,fast_nmpc_0p5s,145.5,0.14046099486529234,0.028991375624678302,6.291444860916994,0.1379827636883894,0.027084692281263843,6.294926686023508,0.16870035746149514,-0.0008034863281249915,-0.17398097778320315,0.09870035746149514,0.23870035746149515,-0.08,0.08,-0.0282393625962028,0.029794861952803293,6.465425838700197,Solve_Succeeded,0.029625458002556115,False,4798.992427417336,0.0,0.0,False,False,0.5,10,0.0,94.58919178464694,0.00082014320167699,0.8803345241782927,-0.1287696044090281,-0.08259066249152337,-0.06211027387054632,-0.06211027387054632,-0.046681356694976334,False,False,43902.85333251953,2867.45126000391,9.717933089680376,0.0018894497349889524,7767.789292833199,0.9303608946512464,0.8454174308359381,1.2293875720674339,0.6485713174581409,0.6573352173100183,1.0,0.003974919790454923,0.001090421166685319,0.006246505115645126,-0.06077663813443997,0.04369178412569492,0.011423261993863554,-68.50071747811049,False
1,stress,10056,fast_nmpc_0p5s,146.0,0.13955715899219864,0.02899373559795617,6.30594110037672,0.14480346436504268,0.028689041813144908,6.300834330163992,0.16814519158527425,-0.0007784448242186826,-0.17437648437499997,0.09814519158527424,0.23814519158527425,-0.08,0.08,-0.028588032593075602,0.029772180422174853,6.48031758475172,Solve_Succeeded,0.029126958979759365,False,4786.071546907137,0.0,0.0,False,False,0.5,10,0.0,1559.0274114131994,0.008133551173899183,0.8812030009245224,-0.1521102831310358,-0.10575251631787451,-0.08535570383826531,-0.08535570383826531,-0.04649085993543797,False,False,43843.52734375,2862.991475428098,9.702818660812255,0.001907208705313871,7816.428049144382,0.9303608946512464,0.8454174308359381,1.2293875720674339,0.6485713174581409,0.6573352173100183,1.0,0.003974919790454923,0.001090421166685319,0.006246505115645126,-0.06077663813443997,0.04369178412569492,0.011423261993863554,-68.50071747811049,False
1,stress,10056,fast_nmpc_0p5s,146.5,0.13875564234861273,0.029025334884302006,6.320445833798525,0.1369111889419231,0.029798193566295917,6.319539340771246,0.16760587375563488,-0.0007532128906250213,-0.17475942260742183,0.09760587375563487,0.23760587375563488,-0.08,0.08,-0.028850231407022142,0.029778547774927028,6.495205256405947,Solve_Succeeded,0.02927779097808525,False,4827.659225803389,0.0,0.0,False,False,0.5,10,0.0,3030.9364122347847,0.015396106099476784,0.8820440251592905,-0.1753557125519379,-0.1287696044090281,-0.10847951069949968,-0.10847951069949968,-0.046247613722468744,False,False,43786.08660888672,2858.67635229682,9.68819449668141,0.0019245623622374745,7863.791149342912,0.9303608946512464,0.8454174308359381,1.2293875720674339,0.6485713174581409,0.6573352173100183,1.0,0.003974919790454923,0.001090421166685319,0.006246505115645126,-0.06077663813443997,0.04369178412569492,0.011423261993863554,-68.50071747811049,False
1,stress,10056,fast_nmpc_0p5s,147.0,0.13805966666357974,0.02908632054605789,6.334973717798887,0.13110626233092992,0.02903500020827243,6.336827127429375,0.16708266810668673,-0.0007277905273437857,-0.175129697265625,0.09708266810668673,0.23708266810668674,-0.08,0.08,-0.029023001443106988,0.029814111073401674,6.510103415064512,Solve_Succeeded,0.029038458014838398,False,4867.256215416104,0.0,0.0,False,False,0.5,10,0.0,4523.675006937574,0.022678311122743003,0.8828573660810748,-0.19847951980506415,-0.1521102831310358,-0.1317188313237507,-0.1317188313237507,-0.04647864124850204,False,False,43730.54541015625,2854.506758862366,9.674063539837478,0.0019414922818578495,7909.84228340946,0.9303608946512464,0.8454174308359381,1.2293875720674339,0.6485713174581409,0.6573352173100183,1.0,0.003974919790454923,0.001090421166685319,0.006246505115645126,-0.06077663813443997,0.04369178412569492,0.011423261993863554,-68.50071747811049,False
1,stress,10056,fast_nmpc_0p5s,147.5,0.1374722521347998,0.029177106933308113,6.34953954933911,0.13326215993456506,0.029760663421497753,6.343434602872673,0.16657583877253945,-0.0007021777343750313,-0.17548721313476562,0.09657583877253945,0.23657583877253946,-0.08,0.08,-0.029103586637739653,0.029879284667683144,6.525026762473876,Solve_Succeeded,0.028983374999370426,False,4868.380925238765,0.0,0.0,False,False,0.5,10,0.0,6029.328662049373,0.029944697769918226,0.8836427939521009,-0.22171884007027753,-0.1753557125519379,-0.15496140571308747,-0.15496140571308747,-0.046485148778673546,False,False,43676.918029785156,2850.4835623984977,9.660428729513812,0.001957980141563203,7954.545474727721,0.9303608946512464,0.8454174308359381,1.2293875720674339,0.6485713174581409,0.6573352173100183,1.0,0.003974919790454923,0.001090421166685319,0.006246505115645126,-0.06077663813443997,0.04369178412569492,0.011423261993863554,-68.50071747811049,False
1,stress,10056,fast_nmpc_0p5s,148.0,0.13699626239604212,0.029297950182049035,6.36415829299519,0.13698060631380077,0.02971881422008965,6.366881176037818,0.1660856498873028,-0.0006763745117187581,-0.17583187500000003,0.09608564988730278,0.2360856498873028,-0.08,0.08,-0.029089387491260665,0.029974324693767793,6.53999016799519,Solve_Succeeded,0.030218625033739954,False,4892.614191361509,0.0,0.0,False,False,0.5,10,0.0,7542.62766475128,0.03717363298202511,0.8844000801280599,-0.24496141408818245,-0.19847951980506415,-0.17814072044864776,-0.17814072044864776,-0.04635862947112057,False,False,43625.21875,2846.6076292056214,9.647293001645018,0.001974007748923723,7997.86511516365,0.9303608946512464,0.8454174308359381,1.2293875720674339,0.6485713174581409,0.6573352173100183,1.0,0.003974919790454923,0.001090421166685319,0.006246505115645126,-0.06077663813443997,0.04369178412569492,0.011423261993863554,-68.50071747811049,False
1,stress,10056,fast_nmpc_0p5s,148.5,0.13663435867211693,0.029449001141088164,6.37884501508016,0.13627196109561412,0.026320222331062446,6.381310375496764,0.16561236558508644,-0.000650380859374966,-0.17616358764648438,0.09561236558508643,0.23561236558508644,-0.08,0.08,-0.028978006912969506,0.03009938200046313,6.5550086027266445,Solve_Succeeded,0.02953449997585267,False,4921.064463460417,0.0,0.0,False,False,0.5,10,0.0,9068.324400786305,0.04439273868956749,0.8851289970880061,-0.26814072944776474,-0.22171884007027753,-0.2013519962902147,-0.2013519962902147,-0.04642255168313386,False,False,43575.461853027344,2842.879824615921,9.634659288884347,0.001989557071048618,8039.766000426523,0.9303608946512464,0.8454174308359381,1.2293875720674339,0.6485713174581409,0.6573352173100183,1.0,0.003974919790454923,0.001090421166685319,0.006246505115645126,-0.06077663813443997,0.04369178412569492,0.011423261993863554,-68.50071747811049,False
1,stress,10056,fast_nmpc_0p5s,149.0,0.13638901933601233,0.02963050581571739,6.393614881111947,0.13347167014651226,0.030214966613342734,6.399003218832056,0.16515625,-0.0006241967773437107,-0.176482255859375,0.09515625,0.23515625,-0.08,0.08,-0.028767230663987675,0.0302547025930611,6.570097136971322,Solve_Succeeded,0.02901070797815919,False,4944.78504910895,0.0,0.0,False,False,0.5,10,0.0,10604.32549930134,0.05159607243337331,0.8858293184644305,-0.29135200287435264,-0.24496141408818245,-0.22457994266760617,-0.22457994266760617,-0.04645589275478296,False,False,43527.66162109375,2839.3010129984405,9.622530520620925,0.002004610264353815,8080.213365684087,0.9303608946512464,0.8454174308359381,1.2293875720674339,0.6485713174581409,0.6573352173100183,1.0,0.003974919790454923,0.001090421166685319,0.006246505115645126,-0.06077663813443997,0.04369178412569492,0.011423261993863554,-68.50071747811049,False
1,stress,10056,fast_nmpc_0p5s,149.5,0.136262570999009,0.02984266843493285,6.408483169159399,0.1272246714849818,0.031132386091024245,6.41529222542917,0.16471756726615328,-0.0005978222656249921,-0.1767877844238281,0.09471756726615327,0.23471756726615328,-0.08,0.08,-0.02845499626714429,0.03044049070055784,6.585270953583227,Solve_Succeeded,0.02849079098086804,False,4981.597221833719,0.0,0.0,False,False,0.5,10,0.0,12146.76362113356,0.05876938055712095,0.8865008190735161,-0.31457994891792995,-0.26814072944776474,-0.2477819864136169,-0.2477819864136169,-0.04640408749202146,False,False,43481.83233642579,2835.872057764125,9.61090962299683,0.0020191497046830103,8119.172921403238,0.9303608946512464,0.8454174308359381,1.2293875720674339,0.6485713174581409,0.6573352173100183,1.0,0.003974919790454923,0.001090421166685319,0.006246505115645126,-0.06077663813443997,0.04369178412569492,0.011423261993863554,-68.50071747811049,False
1,stress,10056,fast_nmpc_0p5s,150.0,0.13625717598661483,0.03008561598124925,6.423465240085716,0.14084401000659966,0.029681893244835965,6.428544496890146,0.16429658151765592,-0.0005712573242187546,-0.17708007812499998,0.09429658151765591,0.23429658151765592,-0.08,0.08,-0.02803940553104109,0.030656873305468006,6.600545318210716,Solve_Succeeded,0.027862749993801117,False,4971.366000209167,0.0,0.0,False,False,0.5,10,0.0,13696.374838110953,0.06592081670707198,0.8871432749455687,-0.33778197679434846,-0.29135200287435264,-0.2709889462198814,-0.2709889462198814,-0.046413919612529,False,False,43437.98828125,2832.59382137081,9.599799518924007,0.0020331580177222336,8156.610889387152,0.9303608946512464,0.8454174308359381,1.2293875720674339,0.6485713174581409,0.6573352173100183,1.0,0.003974919790454923,0.001090421166685319,0.006246505115645126,-0.06077663813443997,0.04369178412569492,0.011423261993863554,-68.50071747811049,False
1,stress,10056,fast_nmpc_0p5s,150.5,0.13637483507433382,0.030359490264768973,6.4385765219435545,0.14035436761145328,0.030030731963926284,6.433058107936282,0.1638935568886176,-0.0005445019531249984,-0.17735904174804684,0.09389355688861759,0.2338935568886176,-0.08,0.08,-0.027518721814283775,0.030903992217893972,6.615935563691601,Solve_Succeeded,0.027976666984613985,False,4978.151099143349,0.0,0.0,False,False,0.5,10,0.0,15252.347202919453,0.07305109030816409,0.8877564633556255,-0.3499999793523655,-0.31457994891792995,-0.2942070840518931,-0.2942070840518931,-0.04643627566402342,False,False,43396.14373779297,2829.467165328174,9.589203128101051,0.002046618109645396,8192.494038978712,0.9303608946512464,0.8454174308359381,1.2293875720674339,0.6485713174581409,0.6573352173100183,1.0,0.003974919790454923,0.001090421166685319,0.006246505115645126,-0.06077663813443997,0.04369178412569492,0.011423261993863554,-68.50071747811049,False
1,stress,10056,fast_nmpc_0p5s,151.0,0.13661740387097104,0.03066441695634948,6.453832509647535,0.13700449120442915,0.03034200180883755,6.453076752040967,0.16350875751314803,-0.0005175561523437788,-0.17762458007812498,0.09350875751314802,0.23350875751314804,-0.08,0.08,-0.026891353642176985,0.031181973108693258,6.63145708972566,Solve_Succeeded,0.02771933301119134,False,5013.344968654068,0.0,0.0,False,False,0.5,10,0.0,16812.184573171366,0.0801529869288432,0.8883401628542431,-0.3499999877129179,-0.33778197679434846,-0.31741664114140566,-0.31741664114140566,-0.04641911417902511,False,False,43356.31298828125,2826.4929502026407,9.579123367029817,0.002059513197926076,8226.789723399666,0.9303608946512464,0.8454174308359381,1.2293875720674339,0.6485713174581409,0.6573352173100183,1.0,0.003974919790454923,0.001090421166685319,0.006246505115645126,-0.06077663813443997,0.04369178412569492,0.011423261993863554,-68.50071747811049,False
1,stress,10056,fast_nmpc_0p5s,151.5,0.13698659217800072,0.031000471906115247,6.469248748483929,0.1377164480674129,0.03019403727591529,6.458055510018323,0.1631424475253569,-0.0004904199218750405,-0.17787659790039062,0.09314244752535689,0.2331424475253569,-0.08,0.08,-0.026155855347356177,0.03149089182799029,6.64712534638432,Solve_Succeeded,0.028440875001251698,False,5018.717247306331,0.0,0.0,False,False,0.5,10,0.0,17996.413082020903,0.0854366011619955,0.8888941532984604,-0.3499999861128334,-0.3499999793523655,-0.33477170046063043,-0.33477170046063043,-0.03471011863844953,False,False,43318.510314941406,2823.6720356222395,9.569563149031898,0.0020718268422482903,8259.46591619362,0.9303608946512464,0.8454174308359381,1.2293875720674339,0.6485713174581409,0.6573352173100183,1.0,0.003974919790454923,0.001090421166685319,0.006246505115645126,-0.06077663813443997,0.04369178412569492,0.011423261993863554,-68.50071747811049,False
1,stress,10056,fast_nmpc_0p5s,152.0,0.13748213800495063,0.031360142299279074,6.484838924404955,0.14161881025555417,0.031677210061410895,6.497330592972779,0.1627948910593539,-0.0004630932617187278,-0.17811500000000002,0.0927948910593539,0.23279489105935391,-0.08,0.08,-0.02531275305440328,0.0318232355609978,6.662953924404955,Solve_Succeeded,0.029298083041794598,False,5069.493434767508,0.0,0.0,False,False,0.5,10,0.0,18578.692040994432,0.08786041084433241,0.8894182158829406,-0.24477169219994988,-0.3499999877129179,-0.34288283465082664,-0.34288283465082664,-0.016222268380392424,False,False,43282.75,2821.0052802814257,9.56052538426496,0.0020835429754470624,8290.491247740629,0.9303608946512464,0.8454174308359381,1.2293875720674339,0.6485713174581409,0.6573352173100183,1.0,0.003974919790454923,0.001090421166685319,0.006246505115645126,-0.06077663813443997,0.04369178412569492,0.011423261993863554,-68.50071747811049,False
1,stress,10056,fast_nmpc_0p5s,152.5,0.13809915850956966,0.03173139091220691,6.500611835640151,0.13761635134884045,0.033175062144121546,6.507713429252022,0.16246635224924869,-0.0004355761718750073,-0.17833969116210935,0.09246635224924868,0.2324663522492487,-0.08,0.08,-0.02436719373967902,0.03216696708408192,6.67895152680226,Solve_Succeeded,0.029405957960989326,False,5092.167804424357,0.0,0.0,False,False,0.5,10,0.0,18872.225920742487,0.08892870238260644,0.8899121331712881,-0.25288282527097156,-0.3499999861128334,-0.34667368582167096,-0.34667368582167096,-0.007581702341688645,False,False,43249.046325683594,2818.4935419458525,9.55201297973891,0.0020946459344074824,8319.835041809893,0.9303608946512464,0.8454174308359381,1.2293875720674339,0.6485713174581409,0.6573352173100183,1.0,0.003974919790454923,0.001090421166685319,0.006246505115645126,-0.06077663813443997,0.04369178412569492,0.011423261993863554,-68.50071747811049,False
1,stress,10056,fast_nmpc_0p5s,153.0,0.13882909066461183,0.03210844695360745,6.516571828244773,0.13977437943780532,0.030000881307571697,6.515374556915697,0.162157095229151,-0.000407868652343768,-0.17855057617187503,0.092157095229151,0.232157095229151,-0.08,0.08,-0.02332800456453918,0.03251631560595122,6.695122404416648,Solve_Succeeded,0.02862870803801343,False,5098.420013974175,0.0,0.0,False,False,0.5,10,0.0,15353.49441855076,0.07216819899851294,0.8903756891275432,-0.3499999888366272,-0.24477169219994988,-0.2923970143338684,-0.2923970143338684,0.10855334297560515,False,False,43217.41357421875,2816.1376774571086,9.544028839331956,0.002105120490849224,8347.46735211642,0.9303608946512464,0.8454174308359381,1.2293875720674339,0.6485713174581409,0.6573352173100183,1.0,0.003974919790454923,0.001090421166685319,0.006246505115645126,-0.06077663813443997,0.04369178412569492,0.011423261993863554,-68.50071747811049,False
1,stress,10056,fast_nmpc_0p5s,153.5,0.13964454271828416,0.03241507696151842,6.532702746330437,0.14149979068165772,0.03225666035402133,6.537242206300946,0.16186738413317056,-0.0003799707031249544,-0.17874755981445312,0.09186738413317055,0.23186738413317057,-0.08,0.08,-0.022222841414886396,0.032795047664643376,6.71145030614489,Solve_Succeeded,0.02866962499683723,False,5128.352799181508,0.0,0.0,False,False,0.5,10,0.0,13983.869126345002,0.065555614789713,0.8908086691478525,-0.20239700511315675,-0.25288282527097156,-0.2713503342577622,-0.2713503342577622,0.04209336015221232,False,False,43187.86602783203,2813.938542737408,9.536575863806503,0.0021149518819217916,8373.35899884623,0.9303608946512464,0.8454174308359381,1.2293875720674339,0.6485713174581409,0.6573352173100183,1.0,0.003974919790454923,0.001090421166685319,0.006246505115645126,-0.06077663813443997,0.04369178412569492,0.011423261993863554,-68.50071747811049,False
1,stress,10056,fast_nmpc_0p5s,154.0,0.1405136266995324,0.03269428227429415,6.548980125790116,0.13775960282738742,0.031159729427204762,6.544078179723314,0.161597483095417,-0.000351882324218733,-0.17893054687499999,0.09159748309541699,0.231597483095417,-0.08,0.08,-0.021083856395884587,0.03304616459851288,6.727910672665116,Solve_Succeeded,0.028750416007824242,False,5144.146788517824,0.0,0.0,False,False,0.5,10,0.0,16748.6867164925,0.07822838024907441,0.8912108600923155,-0.25246544730186976,-0.3499999888366272,-0.31324197261032405,-0.31324197261032405,-0.08378327670512364,False,False,43160.41796875,2811.8969927942394,9.529656950824899,0.0021241258405344196,8397.481605114142,0.9303608946512464,0.8454174308359381,1.2293875720674339,0.6485713174581409,0.6573352173100183,1.0,0.003974919790454923,0.001090421166685319,0.006246505115645126,-0.06077663813443997,0.04369178412569492,0.011423261993863554,-68.50071747811049,False
1,stress,10056,fast_nmpc_0p5s,154.5,0.14143770667022368,0.033028754193693256,6.56541092719157,0.13643078125877767,0.03314485874815179,6.559756445374043,0.16134765625,-0.0003236035156249928,-0.17909944213867185,0.09134765624999999,0.23134765625,-0.08,0.08,-0.01990994957977632,0.03335235770931825,6.744510369330242,Solve_Succeeded,0.028606582956854254,False,5170.412762460243,0.0,0.0,False,False,0.5,10,0.0,12846.582374901038,0.0599176911476931,0.8915820503170069,-0.22324196331606988,-0.20239700511315675,-0.2542019511829367,-0.2542019511829367,0.11808004285477469,False,False,43135.08367919922,2810.013881724981,9.523274994965092,0.0021326286253432014,8419.807633316726,0.9303608946512464,0.8454174308359381,1.2293875720674339,0.6485713174581409,0.6573352173100183,1.0,0.003974919790454923,0.001090421166685319,0.006246505115645126,-0.06077663813443997,0.04369178412569492,0.011423261993863554,-68.50071747811049,False
1,stress,10056,fast_nmpc_0p5s,155.0,0.14240507542694852,0.033285155467931135,6.581989448958561,0.14087210849226015,0.03626494751004108,6.579189243464346,0.1611181677310293,-0.00029513427734373376,-0.17925415039062498,0.09111816773102929,0.2311181677310293,-0.08,0.08,-0.018713092304080775,0.03358028974527487,6.761243599349186,Solve_Succeeded,0.02919425000436604,False,5199.283818694547,0.0,0.0,False,False,0.5,10,0.0,12770.80037914066,0.05942141628090851,0.8919220297061744,-0.1642019413443302,-0.25246544730186976,-0.25327702668106833,-0.25327702668106833,0.0018498490037367477,False,False,43111.87744140625,2808.2900627214676,9.517432887736097,0.0021404470503171603,8440.310421342294,0.9303608946512464,0.8454174308359381,1.2293875720674339,0.6485713174581409,0.6573352173100183,1.0,0.003974919790454923,0.001090421166685319,0.006246505115645126,-0.06077663813443997,0.04369178412569492,0.011423261993863554,-68.50071747811049,False
1,stress,10056,fast_nmpc_0p5s,155.5,0.1433927110736084,0.03354002847038631,6.598695790326184,0.14115425677186783,0.03659553867200776,6.593098811675506,0.1609092816726146,-0.00026647460937501144,-0.17939457641601558,0.09090928167261458,0.2309092816726146,-0.08,0.08,-0.017516570599006187,0.033806503079761324,6.7780903667422,Solve_Succeeded,0.02908104204107076,False,5220.940081694917,0.0,0.0,False,False,0.5,10,0.0,11687.388200349442,0.054287309768136366,0.8922305897046117,-0.16327701682633547,-0.22324196331606988,-0.23727927031303328,-0.23727927031303328,0.0319955127360701,False,False,43090.81353759766,2806.7263880745245,9.512133517593359,0.0021475685138040426,8458.964218598507,0.9303608946512464,0.8454174308359381,1.2293875720674339,0.6485713174581409,0.6573352173100183,1.0,0.003974919790454923,0.001090421166685319,0.006246505115645126,-0.06077663813443997,0.04369178412569492,0.011423261993863554,-68.50071747811049,False
1,stress,10056,fast_nmpc_0p5s,156.0,0.14439292090975067,0.03377322417212911,6.61552414953691,0.13942680548953992,0.03596509105834537,6.604900922483356,0.1607212622088655,-0.0002376245117187703,-0.179520625,0.0907212622088655,0.23072126220886552,-0.08,0.08,-0.01632834129911484,0.03401084868384788,6.79504477453691,Solve_Succeeded,0.028917333984281868,False,5238.307920280718,0.0,0.0,False,False,0.5,10,0.0,9066.40801467011,0.04210041773453069,0.892507523350207,-0.14727926084257986,-0.1642019413443302,-0.19835565325050203,-0.19835565325050203,0.0778472341250625,False,False,43071.90625,2805.323709178458,9.50737976995398,0.0021539810270161876,8475.744221817225,0.9303608946512464,0.8454174308359381,1.2293875720674339,0.6485713174581409,0.6573352173100183,1.0,0.003974919790454923,0.001090421166685319,0.006246505115645126,-0.06077663813443997,0.04369178412569492,0.011423261993863554,-68.50071747811049,False
1,stress,10056,fast_nmpc_0p5s,156.5,0.14538671910984124,0.0339540007424333,6.63245600159251,0.14633919054098526,0.03531156657075115,6.634758315877061,0.16055437347389181,-0.00020858398437501036,-0.17963220092773435,0.09055437347389181,0.23055437347389182,-0.08,0.08,-0.01516765436405057,0.03416258472680831,6.812088202520244,Solve_Succeeded,0.029617083026096225,False,5273.935487614518,0.0,0.0,False,False,0.5,10,0.0,7783.7456873108995,0.03612552868646103,0.8927526253066658,-0.10835564337216494,-0.16327701682633547,-0.17967150824248215,-0.17967150824248215,0.03736829001603975,False,False,43055.169860839844,2804.0828765355113,9.503174527211813,0.002159673241856397,8490.626610594767,0.9303608946512464,0.8454174308359381,1.2293875720674339,0.6485713174581409,0.6573352173100183,1.0,0.003974919790454923,0.001090421166685319,0.006246505115645126,-0.06077663813443997,0.04369178412569492,0.011423261993863554,-68.50071747811049,False
1,stress,10056,fast_nmpc_0p5s,157.0,0.14635640898942046,0.034109135702396376,6.649471830487381,0.14152734369754133,0.034042102214425565,6.6423674436249405,0.16040887960180317,-0.0001793530273437871,-0.179729208984375,0.09040887960180316,0.23040887960180317,-0.08,0.08,-0.014052470612382711,0.03428848872974016,6.829201039471756,Solve_Succeeded,0.028517167025711387,False,5287.316090128787,0.0,0.0,False,False,0.5,10,0.0,6590.979541326651,0.03059131390023734,0.8929656918964083,-0.08967149915409686,-0.14727926084257986,-0.16241823077077072,-0.16241823077077072,0.03450655494342286,False,False,43040.61865234375,2803.004739760278,9.499520668752426,0.0021646344780038487,8503.588582625172,0.9303608946512464,0.8454174308359381,1.2293875720674339,0.6485713174581409,0.6573352173100183,1.0,0.003974919790454923,0.001090421166685319,0.006246505115645126,-0.06077663813443997,0.04369178412569492,0.011423261993863554,-68.50071747811049,False
1,stress,10056,fast_nmpc_0p5s,157.5,0.14729279534683246,0.03424043238903783,6.66655926581317,0.15242342029353156,0.03442681300672102,6.671640886361455,0.16028504472670924,-0.00014993164062498954,-0.17981155395507814,0.09028504472670923,0.23028504472670924,-0.08,0.08,-0.01299224937987678,0.03439036402966282,6.846370819768248,Solve_Succeeded,0.02985462499782443,False,5322.068816260919,0.0,0.0,False,False,0.5,10,0.0,4620.638878595851,0.02151238284983998,0.8931465211336418,-0.07241822089053927,-0.10835564337216494,-0.1336225498255329,-0.1336225498255329,0.057591361890475645,False,False,43028.26690673828,2802.0901475840824,9.496421070967946,0.0021688547491801368,8514.608388582188,0.9303608946512464,0.8454174308359381,1.2293875720674339,0.6485713174581409,0.6573352173100183,1.0,0.003974919790454923,0.001090421166685319,0.006246505115645126,-0.06077663813443997,0.04369178412569492,0.011423261993863554,-68.50071747811049,False
1,stress,10056,fast_nmpc_0p5s,158.0,0.14818431201222018,0.034332345379267847,6.6837025015247,0.1444282313964676,0.034887165818716155,6.686376624503644,0.16018313298271974,-0.00012031982421872867,-0.179879140625,0.09018313298271974,0.23018313298271975,-0.08,0.08,-0.011998820970499563,0.034452665203486575,6.8635816421497005,Solve_Succeeded,0.028626542014535517,False,5352.363322001613,0.0,0.0,False,False,0.5,10,0.0,3007.3017525307137,0.014095876458906274,0.8932949127576065,-0.04362254001331599,-0.08967149915409686,-0.11021263747688176,-0.11021263747688176,0.04681982469730228,False,False,43018.12890625,2801.339947859319,9.493878607271759,0.0021723247885160903,8523.665366604826,0.9303608946512464,0.8454174308359381,1.2293875720674339,0.6485713174581409,0.6573352173100183,1.0,0.003974919790454923,0.001090421166685319,0.006246505115645126,-0.06077663813443997,0.04369178412569492,0.011423261993863554,-68.50071747811049,False
1,stress,10056,fast_nmpc_0p5s,158.5,0.14901870804715753,0.03439202211893054,6.700883632056179,0.14840373386698547,0.03494676966869904,6.6920487929536785,0.16010340850394442,-9.05175781250045e-05,-0.17993187377929687,0.09010340850394441,0.23010340850394442,-0.08,0.08,-0.011084700456786889,0.034482539697055545,6.880815505835476,Solve_Succeeded,0.029221667035017163,False,5357.22577668241,0.0,0.0,False,False,0.5,10,0.0,1612.7831360051646,0.007698646390446654,0.8934106682659959,-0.020212627608345878,-0.07241822089053927,-0.09008197015407084,-0.09008197015407084,0.040261334645621843,False,False,43010.21893310547,2800.754987563758,9.491896148113106,0.002175036072940797,8530.739976340197,0.9303608946512464,0.8454174308359381,1.2293875720674339,0.6485713174581409,0.6573352173100183,1.0,0.003974919790454923,0.001090421166685319,0.006246505115645126,-0.06077663813443997,0.04369178412569492,0.011423261993863554,-68.50071747811049,False
1,stress,10056,fast_nmpc_0p5s,159.0,0.14978772613487856,0.034423843984821234,6.718087634231778,0.15030938342425035,0.035353127641029033,6.715334857818558,0.16004613542449286,-6.052490234376151e-05,-0.179969658203125,0.09004613542449286,0.23004613542449287,-0.08,0.08,-0.010258409289614301,0.034484368887164996,6.898057292434903,Solve_Succeeded,0.02993220800999552,False,5392.565745920437,0.0,0.0,False,False,0.5,10,0.0,-91.28313361652476,-0.00010425931819398743,0.8934935909485493,-8.196028385938929e-05,-0.04362254001331599,-0.06533600456853833,-0.06533600456853833,0.04949193117106501,False,False,43004.55126953125,2800.3361128048127,9.490476560991553,0.002176980846515199,8535.81383249569,0.9303608946512464,0.8454174308359381,1.2293875720674339,0.6485713174581409,0.6573352173100183,1.0,0.003974919790454923,0.001090421166685319,0.006246505115645126,-0.06077663813443997,0.04369178412569492,0.011423261993863554,-68.50071747811049,False
1,stress,10056,fast_nmpc_0p5s,159.5,0.15048349581715129,0.03442162437413622,6.735299033585286,0.15142224911001814,0.03686472211801849,6.732138317822291,0.16001157787847484,-3.0341796874999716e-05,-0.17999239868164063,0.09001157787847483,0.23001157787847484,-0.08,0.08,-0.00952808206132355,0.03445196617101122,6.915291432266927,Solve_Succeeded,0.029678374994546175,False,5423.441913726342,0.0,0.0,False,False,0.5,10,0.0,-1745.5442545927526,-0.007671918553593237,0.8935434859208204,0.024664005330050764,-0.020212627608345878,-0.04130166902079305,-0.04130166902079305,0.04806867109549057,False,False,43001.140197753906,2800.0841688237724,9.48962271047132,0.0021781521426340704,8538.869737851755,0.9303608946512464,0.8454174308359381,1.2293875720674339,0.6485713174581409,0.6573352173100183,1.0,0.003974919790454923,0.001090421166685319,0.006246505115645126,-0.06077663813443997,0.04369178412569492,0.011423261993863554,-68.50071747811049,False
1,stress,10056,fast_nmpc_0p5s,160.0,0.15109777002746372,0.03438636422422522,6.752501059220196,0.15079379615434865,0.03391459794187165,6.759701893449889,0.16,-1.5202636718725238e-05,-0.18,0.09,0.23,-0.08,0.08,-0.008902229972536285,0.03440156686094394,6.932501059220196,Solve_Succeeded,0.029132665949873626,False,5455.787519804926,0.0,0.0,False,False,0.5,10,0.0,-3256.1582264689728,-0.014580731886360946,0.8935601601581166,0.04869834079684633,-8.196028385938929e-05,-0.01934656774728308,-0.01934656774728308,0.04391020254701993,False,False,43000.0,2800.0,9.489337458195521,0.002178543805021641,8539.891715684835,0.9303608946512464,0.8454174308359381,1.2293875720674339,0.6485713174581409,0.6573352173100183,1.0,0.003974919790454923,0.001090421166685319,0.006246505115645126,-0.06077663813443997,0.04369178412569492,0.011423261993863554,-68.50071747811049,False
